,well_1013__q,well_1302__q,well_1323__q,well_1486__q,well_1584__q,well_1589__q,well_1643__q,well_1683__q,well_1860__q,well_23610__q,well_23611__q,well_23618__q,well_23620__q,well_23627__q,well_23629__q,well_23630__q,well_23631__q,well_23635__q,well_23637__q,well_23638__q,well_23639__q,well_23645__q,well_23646__q,well_23648__q,well_23653__q,well_23695__q,well_23697__q,well_23698__q,well_23699__q,well_23700__q,well_23709__q,well_23710__q,well_23715__q,well_23716__q,well_23720__q,well_23721__q,well_23722__q,well_23723__q,well_23726__q,well_23727__q,well_23728__q,well_23729__q,well_23751__q,well_23752__q,well_23753__q,well_23754__q,well_23755__q,well_23756__q,well_23757__q,well_23758__q,well_23770__q,well_23776__q,well_23778__q,well_23781__q,well_23790__q,well_23791__q,well_23794__q,well_23795__q,well_23798__q,well_23800__q,well_23807__q,well_23816__q,well_23818__q,well_23820__q,well_23823__q,well_23836__q,well_23837__q,well_23846__q,well_23847__q,well_23848__q,well_23851__q,well_23864__q,well_23865__q,well_23866__q,well_23867__q,well_23868__q,well_23869__q,well_23870__q,well_23876__q,well_23881__q,well_23883__q,well_23886__q,well_23888__q,well_23889__q,well_23890__q,well_23895__q,well_23898__q,well_23908__q,well_23909__q,well_23910__q,well_23913__q,well_23915__q,well_23919__q,well_23926__q,well_23928__q,well_23929__q,well_23930__q,well_23934__q,well_23936__q,well_23937__q,well_23939__q,well_23942__q,well_23944__q,well_23948__q,well_23956__q,well_23961__q,well_23962__q,well_23963__q,well_23966__q,well_23967__q,well_23972__q,well_23977__q,well_23978__q,well_23979__q,well_23980__q,well_23981__q,well_23983__q,well_23984__q,well_23985__q,well_23987__q,well_23998__q,well_24003__q,well_24005__q,well_24010__q,well_24011__q,well_24012__q,well_24016__q,well_24024__q,well_24030__q,well_24033__q,well_24036__q,well_24037__q,well_24042__q,well_24043__q,well_24045__q,well_24047__q,well_24049__q,well_24059__q,well_24063__q,well_24066__q,well_24080__q,well_24091__q,well_24093__q,well_24110__q,well_24120__q,well_24121__q,well_24125__q,well_24130__q,well_24135__q,well_24137__q,well_24165__q,well_24166__q,well_24169__q,well_24172__q,well_24195__q,well_24197__q,well_24203__q,well_24216__q,well_24225__q,well_24226__q,well_24227__q,well_24239__q,well_24240__q,well_24247__q,well_24249__q,well_24252__q,well_24253__q,well_24256__q,well_24265__q,well_24266__q,well_24274__q,well_24279__q,well_24283__q,well_24285__q,well_24286__q,well_24291__q,well_24293__q,well_24294__q,well_24302__q,well_24305__q,well_24307__q,well_24311__q,well_24317__q,well_24323__q,well_2544__q,well_2750__q,well_2886__q,well_3473__q,well_3949__q,well_4171__q,well_418__q,well_466__q,well_467__q,well_490__q,well_509__q,well_58403__q,well_58405__q,well_58406__q,well_58407__q,well_58410__q,well_58411__q,well_58414__q,well_58416__q,well_58424__q,well_58433__q,well_58434__q,well_602__q,well_603__q,well_67673__q,well_67895__q,well_68008__q,well_68216__q,well_68218__q,well_68219__q,well_68220__q,well_68221__q,well_68294__q,well_68475__q,well_68529__q,well_68693__q,well_68695__q,well_68872__q,well_68917__q,well_68925__q,well_68926__q,well_69049__q,well_69065__q,well_69282__q,well_69288__q,well_69289__q,well_69480__q,well_69508__q,well_69576__q,well_69635__q,well_69636__q,well_69638__q,well_69669__q,well_69970__q,well_69990__q,well_70119__q,well_70120__q,well_70186__q,well_70191__q,well_70263__q,well_70517__q,well_70519__q,well_70520__q,well_70548__q,well_70881__q,well_70961__q,well_70974__q,well_70975__q,well_71044__q,well_71062__q,well_71063__q,well_71109__q,well_71110__q,well_71117__q,well_71156__q,well_71199__q,well_71495__q,well_71935__q,well_71998__q,well_72082__q,well_72094__q,well_72095__q,well_72269__q,well_72301__q,well_72304__q,well_72421__q,well_72422__q,well_72436__q,well_72437__q,well_72607__q,well_72610__q,well_72713__q,well_72756__q,well_72983__q,well_73153__q,well_73262__q,well_73280__q,well_73281__q,well_73372__q,well_73440__q,well_73481__q,well_73715__q,well_73737__q,well_73761__q,well_73762__q,well_73906__q,well_73940__q,well_73942__q,well_74131__q,well_74280__q,well_798__q,well_807__q,well_84404__q,well_84409__q,well_84411__q,well_850__q,well_862__q,well_91103__q,well_91173__q,well_91808__q,well_91996__q,well_91997__q,well_92099__q,well_92184__q,well_92299__q,well_92696__q,well_92714__q,well_92724__q,well_92743__q,well_92808__q,well_92885__q,well_92981__q,well_93142__q,well_93143__q,well_93349__q,well_93422__q,well_93423__q,well_93424__q,well_93469__q,well_93832__q,well_94302__q,well_94988__q,well_95068__q
0,125.1,88.2,76.2,256.7909656907313,150.64399619410952,264.1,114.5,260.6,195.7,235.88069246214644,431.760123237102,253.9,349.7,281.5505663793184,146.2,255.5,101.0,282.8,291.4,441.59697268905217,204.3083252267272,160.0152618074076,273.62178431805813,137.8,282.9999230503311,141.4,152.0,369.4,220.8,121.7,259.0,105.6,411.3,256.1,187.77543953873842,270.5032960028124,137.92619363015174,236.5,195.7,86.0,250.1,244.6,214.1,330.8249855779036,343.6245527442064,325.0,896.3478772765641,324.2,101.5,148.4,221.61668346029276,78.4,163.6,522.689027579525,275.8,204.9,183.86135735456375,110.6,169.3,385.3061431717493,128.5,157.4182453469436,282.6,86.9,25.8,494.9934378008285,193.97944755991003,291.7,171.12168705698244,267.8278608930434,289.5923988646241,1133.7,267.0,177.7,330.2,416.5,168.1,205.0,162.2827565305129,114.81808776429865,589.5,215.2,274.19971635401635,367.9929242913055,187.6,216.9,29.6,365.0,124.78981030158441,345.0,247.2,152.5,286.1392901638494,243.0,293.8,177.24533176815567,104.94290224180236,337.2584460850768,284.84661556307833,201.00457044467484,286.2716567577604,132.9,84.4,254.6,429.0,270.5,147.2,105.8,90.8,231.5,323.1,179.1698960828769,302.4,186.4,151.3,85.96013354742232,806.4,278.9,319.23820875211976,419.8,93.4,117.8,284.0,257.773013792477,206.02287557777814,188.1,249.1,161.7,226.0,267.2,201.4,283.8,263.1,111.4,178.59151758787146,91.5,131.89096540885888,111.8,81.0,224.2,164.4,88.9,282.7,342.3,271.1,80.0,130.2207433761563,282.3,67.6,156.3678280168063,115.2,115.3,147.6,71.9,1.6,217.61429416809398,280.6967716713873,156.2,109.4,1.9412904450397164,122.6,292.1891162737329,252.4,65.5,27.7,156.8,132.8,63.1,54.31588193888368,42.9,93.58648342112764,102.3,405.4,172.8,134.0,97.90505243267911,68.3,108.4,155.2,0.8,108.6,248.0,59.5,225.1175874146377,7.178174298401165,120.7,706.2003517300293,83.3,45.352263820453516,7.5,118.36595865537913,357.840837403713,317.248342642443,27.7,0.1,139.2,480.1866236621412,416.4,406.4,215.3,69.4,18.2,2.9,121.1,300.4,0.2,0.5,0.2,177.7,0.1,1.4273347354472448,0.1,0.1,0.2,0.6,1.0,9.2,577.5,250.3777589783723,13.0,517.8,1.4,170.5,3.6360570473107185,121.0,40.88240539883408,9.7,163.24342052868323,2.1,135.1,120.8,108.7,67.8,126.2,9.4,2.2,1.8,53.9356655646494,156.4,221.13275708981743,259.63323051723177,132.89034059084852,1.2,165.9,2.8,23.5,6.1,368.5,169.4,66.4,5.7,1.0,70.20325037153978,19.6,200.3,12.304687574563504,11.982187837827144,356.0,232.2,12.3,17.7,33.5,193.6,23.8,1.2,1.2,130.9,0.8,7.3,1.1,241.0,2.2,97.4,71.3,49.689377987243084,8.032563230480708,0.4996881035684883,2.7,58.6,90.0,0.6,128.0,7.6,72.9,85.1,60.774463061201075,9.4,0.37707240801111996,186.19805521757905,6.9,0.1,62.0,124.9,20.8,135.6,82.6,5.0,2.356070819102413,35.162924839236254,107.2,4.6,127.8,62.8,49.4,12.6,287.7,37.7,153.1,93.0,11.6,0.1,0.6,126.5,53.4,12.1,41.7,9.654745873019415,0.5130182662353412,27.2,0.1,0.1,0.2,185.8207345829841,14.6,164.75808708889153,11.1,40.3
1,125.1,88.2,76.2,260.16259519361597,142.38566270549634,264.1,114.5,260.6,195.7,184.6512157019539,396.2571654056552,253.9,349.7,290.1702976599008,146.2,255.5,101.0,282.8,291.4,397.88002460762686,239.42526319548085,158.17290218503874,350.0656617249024,137.8,241.07789068155222,141.4,152.0,369.4,220.8,121.7,259.0,105.6,411.3,256.1,170.98980071004794,215.19951280476624,168.4442657409914,236.5,195.7,86.0,250.1,244.6,214.1,333.93487137513205,339.57643600420863,325.0,675.2345672796858,324.2,101.5,148.4,203.4155959032238,78.4,163.6,378.25899432035953,275.8,204.9,214.07844749475885,110.6,169.3,365.75709316596743,128.5,164.8624142096737,282.6,86.9,25.8,561.0545043231722,275.7029591123514,291.7,192.21623446736766,264.85535182768825,216.824886007669,1133.7,267.0,177.7,330.2,416.5,168.1,205.0,226.0203443090366,147.27147832073607,589.5,215.2,271.14504877402544,474.8909643110509,187.6,216.9,29.6,365.0,133.9189344146772,345.0,247.2,152.5,266.36943394016015,243.0,293.8,241.38653431977792,105.73705365559124,315.05547179003213,233.6166331888397,165.1865204245181,321.5923068327096,132.9,84.4,254.6,429.0,270.5,147.2,105.8,90.8,231.5,323.1,137.48677395072116,302.4,186.4,151.3,103.11129747730149,806.4,278.9,314.8139840445184,419.8,93.4,117.8,284.0,234.61313791204816,217.04736799079936,188.1,249.1,161.7,226.0,267.2,201.4,283.8,263.1,111.4,237.8973471709442,91.5,109.1396107751911,111.8,81.0,224.2,164.4,88.9,282.7,342.3,271.1,80.0,127.89071486696662,282.3,67.6,200.96495661619778,115.2,115.3,147.6,71.9,1.6,261.82372900163335,292.60467005575805,156.2,109.4,1.8938617096570132,122.6,318.5663491383879,252.4,65.5,27.7,156.8,132.8,63.1,56.838304391615395,42.9,69.34987538738369,102.3,405.4,172.8,134.0,80.53963687883228,68.3,108.4,155.2,0.8,108.6,248.0,59.5,196.2990166223829,7.504440102525703,120.7,823.6488588848008,83.3,38.2118129824519,7.5,115.10870923547134,344.222337074859,341.7448196847148,27.7,0.1,139.2,420.9680859941761,416.4,406.4,215.3,69.4,18.2,2.9,121.1,300.4,0.2,0.5,0.2,177.7,0.1,1.480442595518467,0.1,0.1,0.2,0.6,1.0,9.2,577.5,263.3946784760383,13.0,517.8,1.4,170.5,3.1081603255712063,121.0,30.844716056105565,9.7,139.92887170623783,2.1,135.1,120.8,108.7,67.8,126.2,9.4,2.2,1.8,75.12879627163962,156.4,185.44152189636765,224.40379782101058,148.23662460549446,1.2,165.9,2.8,23.5,6.1,368.5,169.4,66.4,5.7,1.0,66.94356536734361,19.6,200.3,17.82782039690399,15.180973706296559,356.0,232.2,12.3,17.7,33.5,193.6,23.8,1.2,1.2,130.9,0.8,7.3,1.1,241.0,2.2,97.4,71.3,45.46807553908183,8.134183630975365,0.5729155858113971,2.7,58.6,90.0,0.6,128.0,7.6,72.9,85.1,54.258688537732226,9.4,0.32105134273146485,143.9402733789079,6.9,0.1,62.0,124.9,20.8,135.6,82.6,5.0,2.729132510163112,34.164163360744546,107.2,4.6,127.8,62.8,49.4,12.6,287.7,37.7,153.1,93.0,11.6,0.1,0.6,126.5,53.4,12.1,41.7,7.390727853067402,0.5556998562859178,27.2,0.1,0.1,0.2,148.40138127924325,14.6,144.8026210073722,11.1,40.3
2,125.1,88.2,76.2,226.45025763408688,122.82238570121218,264.1,114.5,260.6,195.7,196.36287946244704,438.35527453478335,253.9,349.7,295.69744497535834,146.2,255.5,101.0,282.8,291.4,450.0067044337035,199.50138751507887,190.25362488333838,277.97205893212083,137.8,236.71359501380073,141.4,152.0,369.4,220.8,121.7,259.0,105.6,411.3,256.1,144.78304569802972,218.75408656841145,182.56084391020943,236.5,195.7,86.0,250.1,244.6,214.1,284.54979459629595,346.4886233964278,325.0,924.0667187297925,324.2,101.5,148.4,210.18999443259227,78.4,163.6,405.8649668833869,275.8,204.9,218.37026448441551,110.6,169.3,385.1502823071203,128.5,135.425963421748,282.6,86.9,25.8,640.0192619199375,228.07280047450553,291.7,219.35324949805297,261.9820822064993,274.66204791720384,1133.7,267.0,177.7,330.2,416.5,168.1,205.0,231.163525245862,132.26560230862174,589.5,215.2,240.61364395289118,515.1499712922488,187.6,216.9,29.6,365.0,128.11479275183285,345.0,247.2,152.5,276.81084868236735,243.0,293.8,243.55017933705403,74.33305972958296,339.43347641352364,250.75460522179168,157.68554452450064,285.1695580559116,132.9,84.4,254.6,429.0,270.5,147.2,105.8,90.8,231.5,323.1,162.5997994028428,302.4,186.4,151.3,96.83016792244295,806.4,278.9,361.43451603011306,419.8,93.4,117.8,284.0,240.46867556167572,227.57402210623152,188.1,249.1,161.7,226.0,267.2,201.4,283.8,263.1,111.4,167.07939286279193,91.5,107.11006227014744,111.8,81.0,224.2,164.4,88.9,282.7,342.3,271.1,80.0,181.14854167107964,282.3,67.6,157.92473136155903,115.2,115.3,147.6,71.9,1.6,285.1264551615088,222.18384933025683,156.2,109.4,1.8004258148543861,122.6,219.53168163926628,252.4,65.5,27.7,156.8,132.8,63.1,55.87524155830608,42.9,86.68087462536513,102.3,405.4,172.8,134.0,106.28781266604378,68.3,108.4,155.2,0.8,108.6,248.0,59.5,176.6628378291173,8.904938339956134,120.7,592.8942529919514,83.3,47.20183268849183,7.5,128.48178010621282,322.02187403117773,265.40035015650153,27.7,0.1,139.2,365.08951579127245,416.4,406.4,215.3,69.4,18.2,2.9,121.1,300.4,0.2,0.5,0.2,177.7,0.1,1.8426706208401593,0.1,0.1,0.2,0.6,1.0,9.2,577.5,254.2478318039437,13.0,517.8,1.4,170.5,3.176195799573512,121.0,35.783958706805464,9.7,185.64726419678345,2.1,135.1,120.8,108.7,67.8,126.2,9.4,2.2,1.8,57.21424886227781,156.4,174.54060187993628,214.43997650368448,134.33890759455093,1.2,165.9,2.8,23.5,6.1,368.5,169.4,66.4,5.7,1.0,56.587787598277544,19.6,200.3,15.125557731529698,15.463468271778277,356.0,232.2,12.3,17.7,33.5,193.6,23.8,1.2,1.2,130.9,0.8,7.3,1.1,241.0,2.2,97.4,71.3,47.231608279879104,7.6734454625519835,0.46687511079990063,2.7,58.6,90.0,0.6,128.0,7.6,72.9,85.1,66.71969810913085,9.4,0.3610907144869038,142.95404985998593,6.9,0.1,62.0,124.9,20.8,135.6,82.6,5.0,2.572826301631746,41.74256914801564,107.2,4.6,127.8,62.8,49.4,12.6,287.7,37.7,153.1,93.0,11.6,0.1,0.6,126.5,53.4,12.1,41.7,7.109423072940754,0.57381771030739,27.2,0.1,0.1,0.2,164.93648916337264,14.6,147.65537957562256,11.1,40.3
3,125.1,88.2,76.2,201.90267635308842,137.19159937275376,264.1,114.5,260.6,195.7,201.021994980486,416.9666158823234,253.9,349.7,288.40431440830173,146.2,255.5,101.0,282.8,291.4,464.67612644655424,217.53800921082535,127.92372261778156,329.2762629220614,137.8,258.38701049611376,141.4,152.0,369.4,220.8,121.7,259.0,105.6,411.3,256.1,156.46193684943103,202.99294213632805,194.58540910468037,236.5,195.7,86.0,250.1,244.6,214.1,278.0534707069348,320.8135397224313,325.0,889.3098070689982,324.2,101.5,148.4,194.06823735730904,78.4,163.6,535.5101437642536,275.8,204.9,183.1232336945631,110.6,169.3,309.1136023656911,128.5,176.3273078173024,282.6,86.9,25.8,513.2965499211432,207.03771152583812,291.7,152.74310022380223,338.7519147816306,280.1394621073081,1133.7,267.0,177.7,330.2,416.5,168.1,205.0,176.50216907748018,128.39683424092027,589.5,215.2,265.65639108898324,452.81900124374016,187.6,216.9,29.6,365.0,135.16304493622698,345.0,247.2,152.5,213.933465835967,243.0,293.8,164.14580916058057,77.76101376371948,343.6001345442194,277.0467264079226,204.49022253717976,319.9880866789539,132.9,84.4,254.6,429.0,270.5,147.2,105.8,90.8,231.5,323.1,135.74934438408138,302.4,186.4,151.3,83.158951562113,806.4,278.9,368.5395131977038,419.8,93.4,117.8,284.0,243.14380098882773,241.6876108968831,188.1,249.1,161.7,226.0,267.2,201.4,283.8,263.1,111.4,219.20925207950364,91.5,139.22146755667018,111.8,81.0,224.2,164.4,88.9,282.7,342.3,271.1,80.0,174.31900307098203,282.3,67.6,161.44779987773177,115.2,115.3,147.6,71.9,1.6,238.84836452297222,261.7999879608672,156.2,109.4,1.9538807979491037,122.6,310.9300690702763,252.4,65.5,27.7,156.8,132.8,63.1,54.90182496059305,42.9,95.9759655047142,102.3,405.4,172.8,134.0,96.883863566686,68.3,108.4,155.2,0.8,108.6,248.0,59.5,191.50625291064236,8.053654994926191,120.7,578.5540831758291,83.3,37.395729746709286,7.5,117.12825097301398,353.46588015852666,297.05032463102214,27.7,0.1,139.2,490.4975000538575,416.4,406.4,215.3,69.4,18.2,2.9,121.1,300.4,0.2,0.5,0.2,177.7,0.1,1.8979361048170664,0.1,0.1,0.2,0.6,1.0,9.2,577.5,181.55509510583624,13.0,517.8,1.4,170.5,3.110166410504363,121.0,43.00075162512161,9.7,125.560383293805,2.1,135.1,120.8,108.7,67.8,126.2,9.4,2.2,1.8,67.43667256344098,156.4,224.1617659080755,232.60440123148692,120.15500609601794,1.2,165.9,2.8,23.5,6.1,368.5,169.4,66.4,5.7,1.0,57.61079543951338,19.6,200.3,13.457662877713105,12.519902381025897,356.0,232.2,12.3,17.7,33.5,193.6,23.8,1.2,1.2,130.9,0.8,7.3,1.1,241.0,2.2,97.4,71.3,48.630713997911286,9.60486620132716,0.521687295897455,2.7,58.6,90.0,0.6,128.0,7.6,72.9,85.1,55.01218084054357,9.4,0.3699610008597528,167.33783549471678,6.9,0.1,62.0,124.9,20.8,135.6,82.6,5.0,2.607901346800285,32.60764517556946,107.2,4.6,127.8,62.8,49.4,12.6,287.7,37.7,153.1,93.0,11.6,0.1,0.6,126.5,53.4,12.1,41.7,10.15937317941825,0.6360968307584607,27.2,0.1,0.1,0.2,160.6051612658252,14.6,163.29890432687634,11.1,40.3
4,125.1,88.2,76.2,184.41916610821443,164.59375084479976,264.1,114.5,260.6,195.7,240.32733407778733,396.61510218859144,253.9,349.7,225.04655939652335,146.2,255.5,101.0,282.8,291.4,349.30231594686387,201.79111495580784,136.49419704075981,293.3848449820345,137.8,212.71427253551812,141.4,152.0,369.4,220.8,121.7,259.0,105.6,411.3,256.1,153.36263186800915,190.66318646546227,156.98327184650424,236.5,195.7,86.0,250.1,244.6,214.1,339.56688389754436,276.9070384128889,325.0,893.3055158012414,324.2,101.5,148.4,241.12790368296032,78.4,163.6,385.57330456795796,275.8,204.9,251.9388587160301,110.6,169.3,311.3534221454897,128.5,123.31173818016816,282.6,86.9,25.8,671.1528260352218,215.85368214018217,291.7,167.6163337937881,234.72623442800437,285.1603550076005,1133.7,267.0,177.7,330.2,416.5,168.1,205.0,183.42335706084583,138.3127629467385,589.5,215.2,250.2197677001464,550.844704794961,187.6,216.9,29.6,365.0,110.83946571261632,345.0,247.2,152.5,231.1667933031823,243.0,293.8,173.3307456106241,89.60491220648107,298.3395604075702,242.39463508656326,174.33308397305723,308.5528309656696,132.9,84.4,254.6,429.0,270.5,147.2,105.8,90.8,231.5,323.1,168.635736595162,302.4,186.4,151.3,96.86597376755068,806.4,278.9,282.6747812653454,419.8,93.4,117.8,284.0,240.92415911596066,298.3438268157347,188.1,249.1,161.7,226.0,267.2,201.4,283.8,263.1,111.4,232.00833256557897,91.5,138.40074477770952,111.8,81.0,224.2,164.4,88.9,282.7,342.3,271.1,80.0,145.62340782193255,282.3,67.6,168.44159466532122,115.2,115.3,147.6,71.9,1.6,274.2457780702586,281.6398398050158,156.2,109.4,2.024014376512585,122.6,283.91637906004166,252.4,65.5,27.7,156.8,132.8,63.1,55.35592214782441,42.9,90.99563771523415,102.3,405.4,172.8,134.0,94.09999841047176,68.3,108.4,155.2,0.8,108.6,248.0,59.5,206.25993963461133,8.432170848226662,120.7,712.4588513696261,83.3,51.22487980037094,7.5,123.10143350831387,368.79968613512546,310.54810992692643,27.7,0.1,139.2,410.3946223995529,416.4,406.4,215.3,69.4,18.2,2.9,121.1,300.4,0.2,0.5,0.2,177.7,0.1,1.4929503359253802,0.1,0.1,0.2,0.6,1.0,9.2,577.5,254.41242708098372,13.0,517.8,1.4,170.5,3.7141535068266793,121.0,33.716248642924114,9.7,179.26257714289795,2.1,135.1,120.8,108.7,67.8,126.2,9.4,2.2,1.8,64.80053148369242,156.4,229.53867700569242,196.88159773999675,123.09405148259508,1.2,165.9,2.8,23.5,6.1,368.5,169.4,66.4,5.7,1.0,57.11553219058598,19.6,200.3,17.431968862697403,10.464244234906596,356.0,232.2,12.3,17.7,33.5,193.6,23.8,1.2,1.2,130.9,0.8,7.3,1.1,241.0,2.2,97.4,71.3,51.75609841191048,7.488099871043946,0.47435713218499714,2.7,58.6,90.0,0.6,128.0,7.6,72.9,85.1,71.59294220366999,9.4,0.39475096679025057,207.4995757603901,6.9,0.1,62.0,124.9,20.8,135.6,82.6,5.0,2.328418727304357,40.66057778814286,107.2,4.6,127.8,62.8,49.4,12.6,287.7,37.7,153.1,93.0,11.6,0.1,0.6,126.5,53.4,12.1,41.7,7.280935202816567,0.5057360522995048,27.2,0.1,0.1,0.2,172.98433380745473,14.6,126.1578440891199,11.1,40.3
5,125.1,88.2,76.2,220.91677389477294,145.16013974930908,264.1,114.5,260.6,195.7,171.86712599516662,345.216376530886,253.9,349.7,330.97417076763116,146.2,255.5,101.0,282.8,291.4,364.46642593062734,250.97616386258812,133.20829545987937,343.8720464378391,137.8,222.41451011926296,141.4,152.0,369.4,220.8,121.7,259.0,105.6,411.3,256.1,153.50600345809698,237.9492736893862,162.9261291856124,236.5,195.7,86.0,250.1,244.6,214.1,340.85183312904604,288.82519348859523,325.0,668.130334395794,324.2,101.5,148.4,277.6750269712111,78.4,163.6,510.32227428473266,275.8,204.9,254.31109744260345,110.6,169.3,395.04866560270193,128.5,163.10992767179832,282.6,86.9,25.8,621.0211199818505,209.9468705049154,291.7,203.34431715034526,242.82662800697182,254.98163763740422,1133.7,267.0,177.7,330.2,416.5,168.1,205.0,231.42135385518105,121.10961022487155,589.5,215.2,282.1233797308395,389.2718081943903,187.6,216.9,29.6,365.0,116.47427176030506,345.0,247.2,152.5,230.90844304099807,243.0,293.8,169.72868677393757,105.43834484264661,306.84732045233284,210.34826812371122,215.47302206986046,277.98057680582934,132.9,84.4,254.6,429.0,270.5,147.2,105.8,90.8,231.5,323.1,137.80070992244964,302.4,186.4,151.3,79.22854104473394,806.4,278.9,335.58298141000387,419.8,93.4,117.8,284.0,203.27256395888875,297.2536837943437,188.1,249.1,161.7,226.0,267.2,201.4,283.8,263.1,111.4,190.35070176714683,91.5,101.08716742035872,111.8,81.0,224.2,164.4,88.9,282.7,342.3,271.1,80.0,163.63077891785244,282.3,67.6,206.02368238414203,115.2,115.3,147.6,71.9,1.6,215.1873359547978,281.0451563400628,156.2,109.4,1.9474207389553477,122.6,255.6357465737629,252.4,65.5,27.7,156.8,132.8,63.1,60.45843677014844,42.9,80.47311099958077,102.3,405.4,172.8,134.0,86.71325140536182,68.3,108.4,155.2,0.8,108.6,248.0,59.5,173.43277442911628,9.44955062876243,120.7,788.4369072575469,83.3,50.56271545925944,7.5,127.13686132202899,368.9385266608297,285.3400837241632,27.7,0.1,139.2,351.3060761846929,416.4,406.4,215.3,69.4,18.2,2.9,121.1,300.4,0.2,0.5,0.2,177.7,0.1,1.598462565179772,0.1,0.1,0.2,0.6,1.0,9.2,577.5,184.10849988436158,13.0,517.8,1.4,170.5,3.701949089030152,121.0,30.407175402379448,9.7,139.03342428006715,2.1,135.1,120.8,108.7,67.8,126.2,9.4,2.2,1.8,50.7826856945198,156.4,193.69900226369109,285.49051972639614,136.99418749851338,1.2,165.9,2.8,23.5,6.1,368.5,169.4,66.4,5.7,1.0,53.627361234823546,19.6,200.3,12.050103584871925,13.388186542565379,356.0,232.2,12.3,17.7,33.5,193.6,23.8,1.2,1.2,130.9,0.8,7.3,1.1,241.0,2.2,97.4,71.3,56.840966278971564,8.720108728560579,0.4454648166187233,2.7,58.6,90.0,0.6,128.0,7.6,72.9,85.1,62.759717263364635,9.4,0.3607674717426157,146.5827385866586,6.9,0.1,62.0,124.9,20.8,135.6,82.6,5.0,2.814361095360675,43.28419109773886,107.2,4.6,127.8,62.8,49.4,12.6,287.7,37.7,153.1,93.0,11.6,0.1,0.6,126.5,53.4,12.1,41.7,7.934473078705251,0.5235464257457912,27.2,0.1,0.1,0.2,177.34285118008566,14.6,135.04317893477665,11.1,40.3
6,125.1,88.2,76.2,186.61962526830013,161.61723980128664,264.1,114.5,260.6,195.7,235.37574564891463,404.39391168399663,253.9,349.7,233.12047993385326,146.2,255.5,101.0,282.8,291.4,458.7928939097566,235.04048226695033,147.7004692327167,269.7969063710588,137.8,213.74398642571606,141.4,152.0,369.4,220.8,121.7,259.0,105.6,411.3,256.1,175.29782544036806,260.250414281213,156.0729294480665,236.5,195.7,86.0,250.1,244.6,214.1,346.54947931647376,305.1295438799758,325.0,810.0521332528516,324.2,101.5,148.4,213.19928102829417,78.4,163.6,405.89037298343544,275.8,204.9,200.169341855676,110.6,169.3,326.5427973315311,128.5,155.51946309408373,282.6,86.9,25.8,492.36223302672335,235.0004592958426,291.7,181.33955806625474,341.8890737748061,243.06158049824944,1133.7,267.0,177.7,330.2,416.5,168.1,205.0,175.05075578893303,122.27557928887646,589.5,215.2,227.8465694552135,473.48899143544566,187.6,216.9,29.6,365.0,92.95736362821722,345.0,247.2,152.5,298.0847755890187,243.0,293.8,187.68712651574575,101.27496389526549,433.55264073712647,251.54367066606434,159.4498330145799,289.72501194472034,132.9,84.4,254.6,429.0,270.5,147.2,105.8,90.8,231.5,323.1,129.91294636748614,302.4,186.4,151.3,82.7570785382835,806.4,278.9,393.6724867310072,419.8,93.4,117.8,284.0,284.4780133183739,239.79606622999808,188.1,249.1,161.7,226.0,267.2,201.4,283.8,263.1,111.4,234.63682076903075,91.5,104.12950814506004,111.8,81.0,224.2,164.4,88.9,282.7,342.3,271.1,80.0,152.25634176495782,282.3,67.6,187.3632086314585,115.2,115.3,147.6,71.9,1.6,293.1194241159999,290.35711063928886,156.2,109.4,2.210731732000826,122.6,300.7384816004221,252.4,65.5,27.7,156.8,132.8,63.1,48.79043686063684,42.9,71.7786546744319,102.3,405.4,172.8,134.0,110.02746353086516,68.3,108.4,155.2,0.8,108.6,248.0,59.5,213.1973165095931,7.455037642557477,120.7,607.7365020643651,83.3,47.784625121147066,7.5,98.6045444368677,291.73133589848584,302.9541018119095,27.7,0.1,139.2,339.8437673156323,416.4,406.4,215.3,69.4,18.2,2.9,121.1,300.4,0.2,0.5,0.2,177.7,0.1,1.4392112527571417,0.1,0.1,0.2,0.6,1.0,9.2,577.5,250.26645576513332,13.0,517.8,1.4,170.5,3.508996342205702,121.0,40.554711897247884,9.7,143.49530875666218,2.1,135.1,120.8,108.7,67.8,126.2,9.4,2.2,1.8,70.9916240674497,156.4,178.95860814665605,280.504941642865,100.38200622118714,1.2,165.9,2.8,23.5,6.1,368.5,169.4,66.4,5.7,1.0,57.30874047024244,19.6,200.3,12.186221586449205,13.43410731107415,356.0,232.2,12.3,17.7,33.5,193.6,23.8,1.2,1.2,130.9,0.8,7.3,1.1,241.0,2.2,97.4,71.3,47.26764189953002,8.466040223534709,0.42242996924341475,2.7,58.6,90.0,0.6,128.0,7.6,72.9,85.1,72.07284335257133,9.4,0.39603203751843125,193.1803950620575,6.9,0.1,62.0,124.9,20.8,135.6,82.6,5.0,2.472728149751534,47.45308917446238,107.2,4.6,127.8,62.8,49.4,12.6,287.7,37.7,153.1,93.0,11.6,0.1,0.6,126.5,53.4,12.1,41.7,9.027800096596128,0.5690407425881662,27.2,0.1,0.1,0.2,136.0336235115277,14.6,152.02055179869737,11.1,40.3
7,125.1,88.2,76.2,223.64138803937158,146.27510484216785,264.1,114.5,260.6,195.7,189.57158367634673,339.14815170947315,253.9,349.7,276.3522815420849,146.2,255.5,101.0,282.8,291.4,394.971671426207,183.32929501368648,189.2903770691131,349.51534454657394,137.8,237.37142280467148,141.4,152.0,369.4,220.8,121.7,259.0,105.6,411.3,256.1,191.35620167622446,252.39851522856264,140.40029147357538,236.5,195.7,86.0,250.1,244.6,214.1,339.1253858449644,282.56765454962994,325.0,810.8538438823272,324.2,101.5,148.4,233.1365952329343,78.4,163.6,431.8381558974048,275.8,204.9,225.52782782103293,110.6,169.3,370.0283340669683,128.5,133.29936170818073,282.6,86.9,25.8,460.7850650776226,214.08884747049612,291.7,195.51908023032928,283.9017328864345,222.05827987599858,1133.7,267.0,177.7,330.2,416.5,168.1,205.0,175.71283970194858,148.48941779407295,589.5,215.2,278.56732909913154,380.2748229787275,187.6,216.9,29.6,365.0,98.56288644350475,345.0,247.2,152.5,280.59543438972474,243.0,293.8,233.61127766324097,93.90339410905075,348.7371812007284,253.89699777018456,196.63016722161316,335.9447065312033,132.9,84.4,254.6,429.0,270.5,147.2,105.8,90.8,231.5,323.1,165.89574271095876,302.4,186.4,151.3,98.3265311585249,806.4,278.9,311.3806387515474,419.8,93.4,117.8,284.0,212.18371332537995,243.561213277992,188.1,249.1,161.7,226.0,267.2,201.4,283.8,263.1,111.4,197.25022791695903,91.5,102.43006495799666,111.8,81.0,224.2,164.4,88.9,282.7,342.3,271.1,80.0,170.62953105064426,282.3,67.6,154.39393237964978,115.2,115.3,147.6,71.9,1.6,232.87354100362694,305.7055325868845,156.2,109.4,2.3536748693065244,122.6,236.40239490486434,252.4,65.5,27.7,156.8,132.8,63.1,55.45265355971179,42.9,98.35501217892005,102.3,405.4,172.8,134.0,79.85227013343271,68.3,108.4,155.2,0.8,108.6,248.0,59.5,207.9017659552053,8.35787932921169,120.7,723.5332041106934,83.3,49.40402839145292,7.5,109.12944142581912,330.37578099873116,256.1346524713881,27.7,0.1,139.2,431.3152935214009,416.4,406.4,215.3,69.4,18.2,2.9,121.1,300.4,0.2,0.5,0.2,177.7,0.1,1.7358774526506213,0.1,0.1,0.2,0.6,1.0,9.2,577.5,231.83986056509056,13.0,517.8,1.4,170.5,3.2359550694062262,121.0,43.655704680536644,9.7,187.2645770987217,2.1,135.1,120.8,108.7,67.8,126.2,9.4,2.2,1.8,59.14574432752371,156.4,161.97450429606073,277.3401659510864,116.19601078732875,1.2,165.9,2.8,23.5,6.1,368.5,169.4,66.4,5.7,1.0,64.87780376284189,19.6,200.3,17.99957593269493,12.602466518043462,356.0,232.2,12.3,17.7,33.5,193.6,23.8,1.2,1.2,130.9,0.8,7.3,1.1,241.0,2.2,97.4,71.3,54.10907784195547,6.740785259189998,0.4542807935865295,2.7,58.6,90.0,0.6,128.0,7.6,72.9,85.1,68.85672588057628,9.4,0.32947562262343605,164.3190831008939,6.9,0.1,62.0,124.9,20.8,135.6,82.6,5.0,2.2039149354796144,36.93093744960734,107.2,4.6,127.8,62.8,49.4,12.6,287.7,37.7,153.1,93.0,11.6,0.1,0.6,126.5,53.4,12.1,41.7,8.52456080616645,0.5490841511378575,27.2,0.1,0.1,0.2,166.446783993717,14.6,165.38423389049774,11.1,40.3
8,125.1,88.2,76.2,210.47120534917298,137.06078115763376,264.1,114.5,260.6,195.7,172.24080658512227,358.6869580063541,253.9,349.7,248.88599281017486,146.2,255.5,101.0,282.8,291.4,354.9491985760438,175.1668346174255,178.59270510300945,343.90972351559765,137.8,289.90226534292526,141.4,152.0,369.4,220.8,121.7,259.0,105.6,411.3,256.1,137.62500927395521,262.53133662613993,192.45101762840295,236.5,195.7,86.0,250.1,244.6,214.1,279.0087351074618,369.45982395906435,325.0,645.6987487668293,324.2,101.5,148.4,222.5884116403725,78.4,163.6,502.6530218235256,275.8,204.9,189.20666471144466,110.6,169.3,426.50376415375285,128.5,132.14544455788774,282.6,86.9,25.8,631.7499961743696,274.3734586074019,291.7,190.5223674963441,249.30821063422047,257.5056275655657,1133.7,267.0,177.7,330.2,416.5,168.1,205.0,198.7270899157063,142.63765535239594,589.5,215.2,230.678447490997,426.5558275624994,187.6,216.9,29.6,365.0,109.16202110952793,345.0,247.2,152.5,217.45160370963754,243.0,293.8,197.28706530367535,107.12410923934732,298.78166294022236,283.26660615200916,204.46948481017554,335.59603888742527,132.9,84.4,254.6,429.0,270.5,147.2,105.8,90.8,231.5,323.1,149.97002198472074,302.4,186.4,151.3,83.17875374158513,806.4,278.9,381.69002550884267,419.8,93.4,117.8,284.0,229.09744949054578,244.27179302521,188.1,249.1,161.7,226.0,267.2,201.4,283.8,263.1,111.4,236.52554159671524,91.5,135.59018396554063,111.8,81.0,224.2,164.4,88.9,282.7,342.3,271.1,80.0,132.2000324108739,282.3,67.6,158.7254957741813,115.2,115.3,147.6,71.9,1.6,210.13341010504263,209.6763280373451,156.2,109.4,1.7680985814873866,122.6,254.52597661066403,252.4,65.5,27.7,156.8,132.8,63.1,59.608566187849846,42.9,93.52721152854454,102.3,405.4,172.8,134.0,113.86256616081772,68.3,108.4,155.2,0.8,108.6,248.0,59.5,233.41108276358338,9.210116609648772,120.7,729.47032433493,83.3,37.503633356764226,7.5,98.27625362420602,315.35761240869994,328.5167030192783,27.7,0.1,139.2,346.45553054251553,416.4,406.4,215.3,69.4,18.2,2.9,121.1,300.4,0.2,0.5,0.2,177.7,0.1,1.5461954824433124,0.1,0.1,0.2,0.6,1.0,9.2,577.5,238.98280998739588,13.0,517.8,1.4,170.5,2.745612940965208,121.0,36.06876432141627,9.7,140.7413455260783,2.1,135.1,120.8,108.7,67.8,126.2,9.4,2.2,1.8,63.19537749054751,156.4,165.15698900887858,277.91616532183986,132.18444140317587,1.2,165.9,2.8,23.5,6.1,368.5,169.4,66.4,5.7,1.0,56.932053481748916,19.6,200.3,16.495457426141655,11.693088600646949,356.0,232.2,12.3,17.7,33.5,193.6,23.8,1.2,1.2,130.9,0.8,7.3,1.1,241.0,2.2,97.4,71.3,42.52295882415626,6.7818362736114715,0.53944899996756,2.7,58.6,90.0,0.6,128.0,7.6,72.9,85.1,62.304577561425596,9.4,0.4704818520333492,144.99325639165312,6.9,0.1,62.0,124.9,20.8,135.6,82.6,5.0,2.2031573041295056,47.36654929611835,107.2,4.6,127.8,62.8,49.4,12.6,287.7,37.7,153.1,93.0,11.6,0.1,0.6,126.5,53.4,12.1,41.7,6.961580831878668,0.49498854660053127,27.2,0.1,0.1,0.2,161.57393933210892,14.6,169.81457119541196,11.1,40.3
9,125.1,88.2,76.2,204.34660200356518,140.00118066292643,264.1,114.5,260.6,195.7,238.41815206320217,313.00492015587525,253.9,349.7,231.30002024396552,146.2,255.5,101.0,282.8,291.4,352.3930159788252,181.73262442343608,167.8169433046929,264.87577233027673,137.8,289.81696664631517,141.4,152.0,369.4,220.8,121.7,259.0,105.6,411.3,256.1,170.13376695880373,257.18916715481663,164.5708685634607,236.5,195.7,86.0,250.1,244.6,214.1,281.2319468359258,303.44200683000076,325.0,934.6796102882488,324.2,101.5,148.4,277.24705572289264,78.4,163.6,454.460078103171,275.8,204.9,237.40499016578286,110.6,169.3,422.25230315448505,128.5,170.9946215816359,282.6,86.9,25.8,593.945365116299,275.0992182291139,291.7,199.58039195714804,247.8538604112352,208.71970778094607,1133.7,267.0,177.7,330.2,416.5,168.1,205.0,221.7439626625208,111.33571899726235,589.5,215.2,236.98063809234236,492.3916151751717,187.6,216.9,29.6,365.0,94.08636213079421,345.0,247.2,152.5,297.59835068334496,243.0,293.8,211.35427952159924,100.66807668645447,394.1434693422369,201.25731250246366,175.067128067393,266.7891928771554,132.9,84.4,254.6,429.0,270.5,147.2,105.8,90.8,231.5,323.1,123.25891116505765,302.4,186.4,151.3,80.92098096982241,806.4,278.9,330.4697762071258,419.8,93.4,117.8,284.0,289.04939461499083,260.18259061564703,188.1,249.1,161.7,226.0,267.2,201.4,283.8,263.1,111.4,203.19775548498572,91.5,113.53079377194419,111.8,81.0,224.2,164.4,88.9,282.7,342.3,271.1,80.0,125.97881021334173,282.3,67.6,180.94728337778895,115.2,115.3,147.6,71.9,1.6,250.9264315562215,263.1776197447773,156.2,109.4,1.6887658633570632,122.6,219.07532508037593,252.4,65.5,27.7,156.8,132.8,63.1,47.89953598322948,42.9,98.5377242427586,102.3,405.4,172.8,134.0,89.96835023785374,68.3,108.4,155.2,0.8,108.6,248.0,59.5,168.04482968891872,9.798783763099728,120.7,759.575993676423,83.3,50.60658628984528,7.5,108.37556808749643,360.8004388397688,308.88872177748107,27.7,0.1,139.2,433.42440423897466,416.4,406.4,215.3,69.4,18.2,2.9,121.1,300.4,0.2,0.5,0.2,177.7,0.1,1.323817686055131,0.1,0.1,0.2,0.6,1.0,9.2,577.5,247.02747090029948,13.0,517.8,1.4,170.5,3.0673438131652646,121.0,32.350917391037676,9.7,142.53796041738255,2.1,135.1,120.8,108.7,67.8,126.2,9.4,2.2,1.8,68.43044196236272,156.4,212.70635179770375,231.12566693320892,111.27247745579845,1.2,165.9,2.8,23.5,6.1,368.5,169.4,66.4,5.7,1.0,58.8706841732564,19.6,200.3,12.882189505450867,13.863199001526512,356.0,232.2,12.3,17.7,33.5,193.6,23.8,1.2,1.2,130.9,0.8,7.3,1.1,241.0,2.2,97.4,71.3,48.623955931352015,8.072167877325475,0.5288681205578263,2.7,58.6,90.0,0.6,128.0,7.6,72.9,85.1,74.44761596639347,9.4,0.35568396402793684,141.51086750357464,6.9,0.1,62.0,124.9,20.8,135.6,82.6,5.0,2.195849592642168,41.49688520051027,107.2,4.6,127.8,62.8,49.4,12.6,287.7,37.7,153.1,93.0,11.6,0.1,0.6,126.5,53.4,12.1,41.7,9.983093779306962,0.5042401082759552,27.2,0.1,0.1,0.2,130.5347567474545,14.6,145.3418220421887,11.1,40.3
10,125.1,88.2,76.2,256.02762922014955,148.15946619644353,264.1,114.5,260.6,195.7,211.3815497801234,411.3401697227489,253.9,349.7,247.09961299791698,146.2,255.5,101.0,282.8,291.4,359.5956657657551,209.7477963808035,185.1231600223515,282.3700068561252,137.8,272.9585647749308,141.4,152.0,369.4,220.8,121.7,259.0,105.6,411.3,256.1,189.1163303363248,212.97929780315,154.5045674621126,236.5,195.7,86.0,250.1,244.6,214.1,336.6686141088196,344.5011474722725,325.0,918.399897114836,324.2,101.5,148.4,287.71012548489443,78.4,163.6,394.2778751478311,275.8,204.9,238.00095400827547,110.6,169.3,416.2645803806456,128.5,155.0482945160578,282.6,86.9,25.8,527.9293418290424,210.50556269656198,291.7,154.61422515738568,291.75974919211274,297.6398476153988,1133.7,267.0,177.7,330.2,416.5,168.1,205.0,191.45858285538887,114.55440166891574,589.5,215.2,212.52868644041126,391.1638933490232,187.6,216.9,29.6,365.0,134.24419411272476,345.0,247.2,152.5,263.33729479656307,243.0,293.8,228.01223745395706,93.8166118277169,360.71232109394106,210.78001565797126,156.62334902797116,294.34157234562923,132.9,84.4,254.6,429.0,270.5,147.2,105.8,90.8,231.5,323.1,130.96937641125683,302.4,186.4,151.3,74.59537291164855,806.4,278.9,336.4413376326027,419.8,93.4,117.8,284.0,294.57804448084687,274.77961358742334,188.1,249.1,161.7,226.0,267.2,201.4,283.8,263.1,111.4,202.17234899117642,91.5,148.3268412254351,111.8,81.0,224.2,164.4,88.9,282.7,342.3,271.1,80.0,158.52567892847338,282.3,67.6,185.4222024480606,115.2,115.3,147.6,71.9,1.6,218.8170225134821,248.59880854822222,156.2,109.4,1.6800107541148892,122.6,225.06195212249315,252.4,65.5,27.7,156.8,132.8,63.1,41.13250422015276,42.9,70.82312663576963,102.3,405.4,172.8,134.0,102.48683536907738,68.3,108.4,155.2,0.8,108.6,248.0,59.5,189.92361109514542,9.003991635287413,120.7,682.9015765569486,83.3,39.73039612898174,7.5,113.0610103087715,362.603505724231,327.7986427294477,27.7,0.1,139.2,359.19025576648033,416.4,406.4,215.3,69.4,18.2,2.9,121.1,300.4,0.2,0.5,0.2,177.7,0.1,1.4345459409676458,0.1,0.1,0.2,0.6,1.0,9.2,577.5,214.79887474205202,13.0,517.8,1.4,170.5,3.5021024991604843,121.0,39.145699855458346,9.7,163.57543090478484,2.1,135.1,120.8,108.7,67.8,126.2,9.4,2.2,1.8,67.42847840749789,156.4,223.53081535665928,214.17858262754257,100.70734770130373,1.2,165.9,2.8,23.5,6.1,368.5,169.4,66.4,5.7,1.0,62.805553686483364,19.6,200.3,16.89365881794233,14.260325472354795,356.0,232.2,12.3,17.7,33.5,193.6,23.8,1.2,1.2,130.9,0.8,7.3,1.1,241.0,2.2,97.4,71.3,43.60539880022285,9.589867260834508,0.5366121913098666,2.7,58.6,90.0,0.6,128.0,7.6,72.9,85.1,55.21764018168808,9.4,0.41925548708648114,165.7063355362872,6.9,0.1,62.0,124.9,20.8,135.6,82.6,5.0,2.1444342192837413,43.911691492582655,107.2,4.6,127.8,62.8,49.4,12.6,287.7,37.7,153.1,93.0,11.6,0.1,0.6,126.5,53.4,12.1,41.7,7.761505919536619,0.5455218984457925,27.2,0.1,0.1,0.2,153.60429891141177,14.6,165.94435911810024,11.1,40.3
11,125.1,88.2,76.2,216.31653014869238,128.1177325364415,264.1,114.5,260.6,195.7,235.321675229964,428.719097227762,253.9,349.7,259.0474094156537,146.2,255.5,101.0,282.8,291.4,430.9483989510088,236.04881753215943,182.55644380375745,343.14884015533494,137.8,315.32517318949226,141.4,152.0,369.4,220.8,121.7,259.0,105.6,411.3,256.1,165.04152755459697,253.78874953053008,150.16881921144872,236.5,195.7,86.0,250.1,244.6,214.1,346.1533388978605,262.3454375306795,325.0,780.3844707965802,324.2,101.5,148.4,193.1155309162236,78.4,163.6,462.61763960445944,275.8,204.9,203.90439281546088,110.6,169.3,390.1084548129059,128.5,161.64729817433988,282.6,86.9,25.8,544.3286849547399,274.32069750907533,291.7,183.15595945648334,268.17760788779873,203.7265211868842,1133.7,267.0,177.7,330.2,416.5,168.1,205.0,199.3085355480532,111.53696285924502,589.5,215.2,203.79011060564778,445.8181289801478,187.6,216.9,29.6,365.0,108.28165345052784,345.0,247.2,152.5,235.70008571076585,243.0,293.8,237.82361715225662,86.12769135425103,428.8611876759097,264.12199013058387,173.073619281616,386.4423963762628,132.9,84.4,254.6,429.0,270.5,147.2,105.8,90.8,231.5,323.1,173.1317824898108,302.4,186.4,151.3,76.92700922601995,806.4,278.9,330.8407379904143,419.8,93.4,117.8,284.0,213.92385423617728,235.5159639917406,188.1,249.1,161.7,226.0,267.2,201.4,283.8,263.1,111.4,227.01427788472398,91.5,108.19177496254258,111.8,81.0,224.2,164.4,88.9,282.7,342.3,271.1,80.0,128.96007904474993,282.3,67.6,201.30590461522783,115.2,115.3,147.6,71.9,1.6,288.7846243619556,215.15635830077957,156.2,109.4,2.1599113221420443,122.6,299.72806487455637,252.4,65.5,27.7,156.8,132.8,63.1,43.538475806079,42.9,78.10811730666175,102.3,405.4,172.8,134.0,84.37924504647,68.3,108.4,155.2,0.8,108.6,248.0,59.5,221.5025252505618,7.034087674698682,120.7,844.7406124835172,83.3,46.871808748342815,7.5,107.79734702716163,352.25886537731674,259.57593064815796,27.7,0.1,139.2,452.6366231091265,416.4,406.4,215.3,69.4,18.2,2.9,121.1,300.4,0.2,0.5,0.2,177.7,0.1,1.7569904216685037,0.1,0.1,0.2,0.6,1.0,9.2,577.5,215.81227865112942,13.0,517.8,1.4,170.5,3.573355747762577,121.0,33.26502389451337,9.7,156.41439505461537,2.1,135.1,120.8,108.7,67.8,126.2,9.4,2.2,1.8,59.543182020879264,156.4,176.94531939853434,284.30706661051124,119.2636548413394,1.2,165.9,2.8,23.5,6.1,368.5,169.4,66.4,5.7,1.0,71.03221837934683,19.6,200.3,14.493984574640983,12.949746652290862,356.0,232.2,12.3,17.7,33.5,193.6,23.8,1.2,1.2,130.9,0.8,7.3,1.1,241.0,2.2,97.4,71.3,44.80068715522945,7.4115423986655955,0.4917319077225575,2.7,58.6,90.0,0.6,128.0,7.6,72.9,85.1,60.21582210957938,9.4,0.3665135965822233,207.90978531640036,6.9,0.1,62.0,124.9,20.8,135.6,82.6,5.0,2.0346204925981928,42.566085079024106,107.2,4.6,127.8,62.8,49.4,12.6,287.7,37.7,153.1,93.0,11.6,0.1,0.6,126.5,53.4,12.1,41.7,9.43095722738366,0.5633123236665252,27.2,0.1,0.1,0.2,141.20321760566557,14.6,176.15669277565635,11.1,40.3
12,125.1,88.2,76.2,182.97534191703804,144.67642294339677,264.1,114.5,260.6,195.7,226.306021332471,420.01539787810407,253.9,349.7,270.19510216146716,146.2,255.5,101.0,282.8,291.4,329.04240736498446,216.2945369862904,146.92869873792404,372.57297027673656,137.8,254.64134411453978,141.4,152.0,369.4,220.8,121.7,259.0,105.6,411.3,256.1,137.1580813320442,256.6709191228224,139.09007268035364,236.5,195.7,86.0,250.1,244.6,214.1,295.5345668784263,264.33233664461955,325.0,786.0864802771414,324.2,101.5,148.4,222.8055917993854,78.4,163.6,388.4338092383123,275.8,204.9,198.96308285907364,110.6,169.3,390.5865630411288,128.5,177.95646714876062,282.6,86.9,25.8,588.9015219551083,226.68185407744312,291.7,157.43741977950282,270.33046188088815,253.59184304017538,1133.7,267.0,177.7,330.2,416.5,168.1,205.0,191.08209396565675,152.74979305626502,589.5,215.2,231.49477962555008,545.9561439186604,187.6,216.9,29.6,365.0,108.36033570940074,345.0,247.2,152.5,282.0693490747733,243.0,293.8,213.80279289903058,76.4495432611384,356.5881166949481,231.09817492834162,185.11149912043828,326.5182580559305,132.9,84.4,254.6,429.0,270.5,147.2,105.8,90.8,231.5,323.1,170.75435280891577,302.4,186.4,151.3,104.03821657858117,806.4,278.9,370.80159076315624,419.8,93.4,117.8,284.0,234.76560159058178,270.36716562647337,188.1,249.1,161.7,226.0,267.2,201.4,283.8,263.1,111.4,202.67628788832448,91.5,139.52943344145308,111.8,81.0,224.2,164.4,88.9,282.7,342.3,271.1,80.0,171.74255493577925,282.3,67.6,199.9502987592213,115.2,115.3,147.6,71.9,1.6,202.29044498307837,294.56242066972726,156.2,109.4,1.7298527140415676,122.6,270.8381495895257,252.4,65.5,27.7,156.8,132.8,63.1,41.0836936662829,42.9,88.32443532642287,102.3,405.4,172.8,134.0,80.65580133660822,68.3,108.4,155.2,0.8,108.6,248.0,59.5,215.5474498103898,8.445789411354285,120.7,716.6393470677779,83.3,37.254133790289835,7.5,97.26747471067675,325.7330752427214,266.7136025604372,27.7,0.1,139.2,357.8476792007462,416.4,406.4,215.3,69.4,18.2,2.9,121.1,300.4,0.2,0.5,0.2,177.7,0.1,1.777328117641859,0.1,0.1,0.2,0.6,1.0,9.2,577.5,259.01257410685633,13.0,517.8,1.4,170.5,2.8305955049419746,121.0,31.486729382113595,9.7,162.75758619843867,2.1,135.1,120.8,108.7,67.8,126.2,9.4,2.2,1.8,72.58146166642592,156.4,179.1943727356766,229.05318822864794,113.28280052546405,1.2,165.9,2.8,23.5,6.1,368.5,169.4,66.4,5.7,1.0,74.06709103660614,19.6,200.3,17.469252889572694,13.20005563465832,356.0,232.2,12.3,17.7,33.5,193.6,23.8,1.2,1.2,130.9,0.8,7.3,1.1,241.0,2.2,97.4,71.3,52.45599957587585,6.633788877275,0.5413819586366626,2.7,58.6,90.0,0.6,128.0,7.6,72.9,85.1,65.35756960503933,9.4,0.37596426670230226,191.77260224551722,6.9,0.1,62.0,124.9,20.8,135.6,82.6,5.0,2.1676124205418117,40.567370478785726,107.2,4.6,127.8,62.8,49.4,12.6,287.7,37.7,153.1,93.0,11.6,0.1,0.6,126.5,53.4,12.1,41.7,10.050728458165922,0.6329815955399549,27.2,0.1,0.1,0.2,177.61330264844338,14.6,156.38758994379353,11.1,40.3
13,125.1,88.2,76.2,195.77396221631642,136.81951960400738,264.1,114.5,260.6,195.7,239.54433471235538,390.38065970941864,253.9,349.7,313.47118808232426,146.2,255.5,101.0,282.8,291.4,416.56242194898755,189.45440485848061,174.32148074791493,275.08615647549294,137.8,291.860625659839,141.4,152.0,369.4,220.8,121.7,259.0,105.6,411.3,256.1,144.9578905153919,203.82063517353066,170.2376803108357,236.5,195.7,86.0,250.1,244.6,214.1,277.95306941166064,300.1469691770636,325.0,871.3207663097114,324.2,101.5,148.4,255.29710493115428,78.4,163.6,484.7978421563104,275.8,204.9,246.64643944229198,110.6,169.3,423.9763474361137,128.5,135.3462297489915,282.6,86.9,25.8,594.5559903865022,229.9802621632972,291.7,174.7131536841767,261.1272927512542,223.84005891805754,1133.7,267.0,177.7,330.2,416.5,168.1,205.0,219.9252643681972,117.42886582404476,589.5,215.2,217.01190723757904,484.36824872543536,187.6,216.9,29.6,365.0,119.41861078769008,345.0,247.2,152.5,304.19298646910835,243.0,293.8,206.62389343767478,90.71165701537961,439.58978862687013,233.83280799427203,200.0329887924493,306.08269558251425,132.9,84.4,254.6,429.0,270.5,147.2,105.8,90.8,231.5,323.1,122.34559541464854,302.4,186.4,151.3,81.18024309359961,806.4,278.9,308.52265831166636,419.8,93.4,117.8,284.0,298.97216301177315,246.263346942856,188.1,249.1,161.7,226.0,267.2,201.4,283.8,263.1,111.4,197.86410134829967,91.5,112.64263859337476,111.8,81.0,224.2,164.4,88.9,282.7,342.3,271.1,80.0,131.48187613565028,282.3,67.6,202.36029963717067,115.2,115.3,147.6,71.9,1.6,271.1539613563863,280.7146348768436,156.2,109.4,1.7279055880358807,122.6,266.6397327541906,252.4,65.5,27.7,156.8,132.8,63.1,53.644842098068175,42.9,97.74860805209318,102.3,405.4,172.8,134.0,93.13925001922073,68.3,108.4,155.2,0.8,108.6,248.0,59.5,216.7474183245899,7.997832798058884,120.7,686.7148053908032,83.3,42.91554375179836,7.5,110.29473915590829,281.5031927516691,329.93795890311367,27.7,0.1,139.2,423.569032223837,416.4,406.4,215.3,69.4,18.2,2.9,121.1,300.4,0.2,0.5,0.2,177.7,0.1,1.6711628931367473,0.1,0.1,0.2,0.6,1.0,9.2,577.5,237.8926038079521,13.0,517.8,1.4,170.5,3.711427599830166,121.0,42.350814193704934,9.7,127.98376847827767,2.1,135.1,120.8,108.7,67.8,126.2,9.4,2.2,1.8,67.90915500260155,156.4,228.02094165799315,277.3825352495179,108.55395972636781,1.2,165.9,2.8,23.5,6.1,368.5,169.4,66.4,5.7,1.0,57.73415097870095,19.6,200.3,13.08239641785175,12.107113901602508,356.0,232.2,12.3,17.7,33.5,193.6,23.8,1.2,1.2,130.9,0.8,7.3,1.1,241.0,2.2,97.4,71.3,55.85012189413402,7.465059813406096,0.46781590971041076,2.7,58.6,90.0,0.6,128.0,7.6,72.9,85.1,57.92551816135368,9.4,0.41517239351251944,164.16932751404332,6.9,0.1,62.0,124.9,20.8,135.6,82.6,5.0,2.647973774134773,45.03800556132431,107.2,4.6,127.8,62.8,49.4,12.6,287.7,37.7,153.1,93.0,11.6,0.1,0.6,126.5,53.4,12.1,41.7,9.981576647435027,0.6447400352927602,27.2,0.1,0.1,0.2,137.45413983807245,14.6,174.58020360560894,11.1,40.3
14,125.1,88.2,76.2,195.50018258931408,149.21891115008162,264.1,114.5,260.6,195.7,218.4688718225725,310.18773638883437,253.9,349.7,257.41703470719784,146.2,255.5,101.0,282.8,291.4,344.14165916533574,180.57154429249772,173.91271736065565,269.0631067358829,137.8,287.78433696120095,141.4,152.0,369.4,220.8,121.7,259.0,105.6,411.3,256.1,131.0734332002906,280.5739143245824,192.15788937189163,236.5,195.7,86.0,250.1,244.6,214.1,270.3627301173069,317.8929733720496,325.0,803.7767285695215,324.2,101.5,148.4,214.0863670077151,78.4,163.6,370.1229547124524,275.8,204.9,226.1279813693056,110.6,169.3,339.53784463681717,128.5,173.05451655908578,282.6,86.9,25.8,598.7831926008303,281.0419359708027,291.7,194.34706564543524,245.10997438844862,245.794515563578,1133.7,267.0,177.7,330.2,416.5,168.1,205.0,175.27437972553776,152.3218577144614,589.5,215.2,239.32077369205302,549.0174925560513,187.6,216.9,29.6,365.0,118.42969475274428,345.0,247.2,152.5,211.3787903656032,243.0,293.8,206.75452783452158,84.70146132450446,317.20919805362666,202.37150179722792,204.20880956990192,304.58553241146495,132.9,84.4,254.6,429.0,270.5,147.2,105.8,90.8,231.5,323.1,174.24610313225327,302.4,186.4,151.3,69.9322556318163,806.4,278.9,278.7812365728473,419.8,93.4,117.8,284.0,222.33343034671822,211.79780797320015,188.1,249.1,161.7,226.0,267.2,201.4,283.8,263.1,111.4,197.83037178698638,91.5,131.5338080716619,111.8,81.0,224.2,164.4,88.9,282.7,342.3,271.1,80.0,128.01405752337544,282.3,67.6,183.2878838673107,115.2,115.3,147.6,71.9,1.6,293.1669728613461,209.25651591679653,156.2,109.4,1.9703368604919331,122.6,221.71489646281185,252.4,65.5,27.7,156.8,132.8,63.1,43.60493745851057,42.9,78.27061544882591,102.3,405.4,172.8,134.0,84.1824288286564,68.3,108.4,155.2,0.8,108.6,248.0,59.5,238.28544558261976,8.190430144338055,120.7,801.5391058607294,83.3,40.23863094952082,7.5,94.53403099225443,334.69545237493406,300.43566466044655,27.7,0.1,139.2,393.12255274522926,416.4,406.4,215.3,69.4,18.2,2.9,121.1,300.4,0.2,0.5,0.2,177.7,0.1,1.7201436586917795,0.1,0.1,0.2,0.6,1.0,9.2,577.5,201.96630878663038,13.0,517.8,1.4,170.5,3.56964760522729,121.0,39.069427338200406,9.7,137.9319000135424,2.1,135.1,120.8,108.7,67.8,126.2,9.4,2.2,1.8,53.003915112756644,156.4,171.2742211352362,261.5032550124174,147.09315038352315,1.2,165.9,2.8,23.5,6.1,368.5,169.4,66.4,5.7,1.0,55.51598532906231,19.6,200.3,12.09790687011895,11.147024081328642,356.0,232.2,12.3,17.7,33.5,193.6,23.8,1.2,1.2,130.9,0.8,7.3,1.1,241.0,2.2,97.4,71.3,41.15183827263453,6.6089943896789665,0.503084786114101,2.7,58.6,90.0,0.6,128.0,7.6,72.9,85.1,63.07611559451034,9.4,0.3642175048967472,191.95159084836095,6.9,0.1,62.0,124.9,20.8,135.6,82.6,5.0,1.9722004295213003,37.9154062424431,107.2,4.6,127.8,62.8,49.4,12.6,287.7,37.7,153.1,93.0,11.6,0.1,0.6,126.5,53.4,12.1,41.7,8.454349592456488,0.5400622355452753,27.2,0.1,0.1,0.2,166.40503822012573,14.6,160.4553777086483,11.1,40.3
15,125.1,88.2,76.2,253.1019990381138,132.0980376734244,264.1,114.5,260.6,195.7,167.45677866446707,402.8968886449423,253.9,349.7,323.88339231768697,146.2,255.5,101.0,282.8,291.4,383.1325706387431,211.54177507306593,141.13041962171187,379.47717978990835,137.8,296.5644170447267,141.4,152.0,369.4,220.8,121.7,259.0,105.6,411.3,256.1,183.91719390709966,240.7249650242757,195.38454406631956,236.5,195.7,86.0,250.1,244.6,214.1,335.152060613883,334.12519118573255,325.0,919.3982362736288,324.2,101.5,148.4,282.9444859316893,78.4,163.6,410.6599877136953,275.8,204.9,242.00091066431276,110.6,169.3,362.70759564144174,128.5,172.0892899304659,282.6,86.9,25.8,590.1540483186176,281.5686038166047,291.7,210.58767673746692,341.97435118992274,290.85285383082805,1133.7,267.0,177.7,330.2,416.5,168.1,205.0,167.85787071807908,106.01603949501553,589.5,215.2,209.01962635523157,497.26856540668797,187.6,216.9,29.6,365.0,94.93762906965583,345.0,247.2,152.5,270.5937080155389,243.0,293.8,177.69544795705454,105.08341934511293,378.3312651620079,225.72722879269858,147.594333919463,271.52167342568697,132.9,84.4,254.6,429.0,270.5,147.2,105.8,90.8,231.5,323.1,152.3611242022109,302.4,186.4,151.3,76.19928328822971,806.4,278.9,352.1176659898427,419.8,93.4,117.8,284.0,252.2053100775526,289.4151877197328,188.1,249.1,161.7,226.0,267.2,201.4,283.8,263.1,111.4,207.54729119509003,91.5,111.69455177727104,111.8,81.0,224.2,164.4,88.9,282.7,342.3,271.1,80.0,124.81262143732987,282.3,67.6,198.44224635315237,115.2,115.3,147.6,71.9,1.6,256.8265924038772,245.0664598906414,156.2,109.4,2.4297993618879605,122.6,274.93161120446547,252.4,65.5,27.7,156.8,132.8,63.1,48.87471448471875,42.9,88.24015139884932,102.3,405.4,172.8,134.0,112.81977911439482,68.3,108.4,155.2,0.8,108.6,248.0,59.5,166.06246906033758,8.14636129000516,120.7,573.3762230553649,83.3,43.42931616215683,7.5,110.0629771786227,368.96933427393856,353.69377337541084,27.7,0.1,139.2,360.60992064046366,416.4,406.4,215.3,69.4,18.2,2.9,121.1,300.4,0.2,0.5,0.2,177.7,0.1,1.8315466574766126,0.1,0.1,0.2,0.6,1.0,9.2,577.5,213.808115623388,13.0,517.8,1.4,170.5,3.0034733574026626,121.0,30.420904150987145,9.7,136.5766131223062,2.1,135.1,120.8,108.7,67.8,126.2,9.4,2.2,1.8,68.09489275105358,156.4,222.47064918604457,214.87146926970394,139.809785906565,1.2,165.9,2.8,23.5,6.1,368.5,169.4,66.4,5.7,1.0,67.64990377453135,19.6,200.3,13.688303159161316,15.105804114396072,356.0,232.2,12.3,17.7,33.5,193.6,23.8,1.2,1.2,130.9,0.8,7.3,1.1,241.0,2.2,97.4,71.3,52.46666568198421,9.735348588455356,0.43997345208784727,2.7,58.6,90.0,0.6,128.0,7.6,72.9,85.1,57.21602051316449,9.4,0.41690851879279944,173.9669454366422,6.9,0.1,62.0,124.9,20.8,135.6,82.6,5.0,2.417640121221914,46.45746773160472,107.2,4.6,127.8,62.8,49.4,12.6,287.7,37.7,153.1,93.0,11.6,0.1,0.6,126.5,53.4,12.1,41.7,7.221042205492481,0.5724921214530565,27.2,0.1,0.1,0.2,146.08097357065174,14.6,147.88159404115004,11.1,40.3
16,125.1,88.2,76.2,260.64151447814976,176.64247223599062,264.1,114.5,260.6,195.7,186.1980435649907,336.0033035665653,253.9,349.7,240.4869750950847,146.2,255.5,101.0,282.8,291.4,457.9885775261131,182.56086389996887,155.12981519157123,300.55434327324906,137.8,279.7540906734374,141.4,152.0,369.4,220.8,121.7,259.0,105.6,411.3,256.1,133.07485042043584,196.82649651589628,179.20013927313573,236.5,195.7,86.0,250.1,244.6,214.1,318.0780647536329,297.67500860964645,325.0,863.4561461811805,324.2,101.5,148.4,235.86638462971587,78.4,163.6,524.8880200449797,275.8,204.9,233.56738225083248,110.6,169.3,370.92896322560586,128.5,130.48096040425483,282.6,86.9,25.8,675.4306246904114,201.1560017273622,291.7,218.1138187874545,271.44449351856326,262.5408808897058,1133.7,267.0,177.7,330.2,416.5,168.1,205.0,201.074177809486,147.80113804620242,589.5,215.2,224.79262491533822,502.63125888981574,187.6,216.9,29.6,365.0,103.16488013378581,345.0,247.2,152.5,296.9221631992923,243.0,293.8,219.5620375268818,103.14931496265324,424.72723831350163,199.41394313259997,205.93950503133559,273.4089125653476,132.9,84.4,254.6,429.0,270.5,147.2,105.8,90.8,231.5,323.1,172.98412544141837,302.4,186.4,151.3,79.04314519538443,806.4,278.9,390.0359089706858,419.8,93.4,117.8,284.0,251.67668779016793,282.9065677487521,188.1,249.1,161.7,226.0,267.2,201.4,283.8,263.1,111.4,208.6910126761839,91.5,120.87016662643188,111.8,81.0,224.2,164.4,88.9,282.7,342.3,271.1,80.0,138.58251981622493,282.3,67.6,192.3452633904589,115.2,115.3,147.6,71.9,1.6,237.59254511645432,301.1891873081301,156.2,109.4,1.9009553067070648,122.6,268.5091778136381,252.4,65.5,27.7,156.8,132.8,63.1,47.70611471099059,42.9,66.44525736070327,102.3,405.4,172.8,134.0,84.93658628665767,68.3,108.4,155.2,0.8,108.6,248.0,59.5,176.34822460217822,8.697852624521767,120.7,813.7370671698732,83.3,49.73228811653513,7.5,129.72895324451372,277.9377360503224,265.9964654407866,27.7,0.1,139.2,457.3288716760262,416.4,406.4,215.3,69.4,18.2,2.9,121.1,300.4,0.2,0.5,0.2,177.7,0.1,1.4499542535535432,0.1,0.1,0.2,0.6,1.0,9.2,577.5,222.01206431197454,13.0,517.8,1.4,170.5,2.6922339161769346,121.0,32.80256510628244,9.7,156.94141447016784,2.1,135.1,120.8,108.7,67.8,126.2,9.4,2.2,1.8,60.53867009283999,156.4,182.44463017333263,249.15573518491212,137.06753437433827,1.2,165.9,2.8,23.5,6.1,368.5,169.4,66.4,5.7,1.0,52.77724018387373,19.6,200.3,15.599459085092366,13.306097191452974,356.0,232.2,12.3,17.7,33.5,193.6,23.8,1.2,1.2,130.9,0.8,7.3,1.1,241.0,2.2,97.4,71.3,42.189693064047496,9.283799405920586,0.5321974148115168,2.7,58.6,90.0,0.6,128.0,7.6,72.9,85.1,72.77892276962388,9.4,0.43859189782114033,198.07921284376485,6.9,0.1,62.0,124.9,20.8,135.6,82.6,5.0,2.0634395060577475,33.83085943998031,107.2,4.6,127.8,62.8,49.4,12.6,287.7,37.7,153.1,93.0,11.6,0.1,0.6,126.5,53.4,12.1,41.7,9.801649405564817,0.6917602341792753,27.2,0.1,0.1,0.2,148.36079574895976,14.6,170.3520204341779,11.1,40.3
17,125.1,88.2,76.2,255.37782228042317,159.22955397098252,264.1,114.5,260.6,195.7,184.55170988188985,308.71878229598127,253.9,349.7,268.44847532683576,146.2,255.5,101.0,282.8,291.4,463.91271835555705,250.82923617216085,146.45558875777033,265.9974964237549,137.8,213.6019408833847,141.4,152.0,369.4,220.8,121.7,259.0,105.6,411.3,256.1,151.56218466685823,207.76808329779317,167.33636593553524,236.5,195.7,86.0,250.1,244.6,214.1,248.31028577664796,341.6743501995753,325.0,948.4255148072637,324.2,101.5,148.4,228.22279043478923,78.4,163.6,386.0296741478335,275.8,204.9,217.33792044340433,110.6,169.3,356.64612478181834,128.5,123.119285004667,282.6,86.9,25.8,543.0873360821067,263.1809295949073,291.7,157.43456461070463,259.9493174091473,222.74278817548208,1133.7,267.0,177.7,330.2,416.5,168.1,205.0,230.9229919746088,114.14316736561435,589.5,215.2,206.33868636237452,505.12266522216595,187.6,216.9,29.6,365.0,108.89321473465861,345.0,247.2,152.5,279.70632629277196,243.0,293.8,181.11343942916605,74.56358835579955,400.24415783769655,193.98525919290628,216.0857174437828,304.17207808246553,132.9,84.4,254.6,429.0,270.5,147.2,105.8,90.8,231.5,323.1,174.41476905244218,302.4,186.4,151.3,93.38725397704386,806.4,278.9,315.57959893812006,419.8,93.4,117.8,284.0,242.3707992808897,234.87999139301382,188.1,249.1,161.7,226.0,267.2,201.4,283.8,263.1,111.4,222.6650179528885,91.5,111.02929852785306,111.8,81.0,224.2,164.4,88.9,282.7,342.3,271.1,80.0,179.41780830812291,282.3,67.6,179.60023433751545,115.2,115.3,147.6,71.9,1.6,277.5280299824507,278.9948179272189,156.2,109.4,2.1783630642597176,122.6,323.4219070506993,252.4,65.5,27.7,156.8,132.8,63.1,52.97968876412993,42.9,67.44197855228894,102.3,405.4,172.8,134.0,86.20680667844697,68.3,108.4,155.2,0.8,108.6,248.0,59.5,193.36565468092087,7.833818091660099,120.7,677.2643472124655,83.3,40.51191661603153,7.5,96.73082158694429,256.321881809581,328.46456703869666,27.7,0.1,139.2,343.3006092606605,416.4,406.4,215.3,69.4,18.2,2.9,121.1,300.4,0.2,0.5,0.2,177.7,0.1,1.7874468321325834,0.1,0.1,0.2,0.6,1.0,9.2,577.5,190.55379227982826,13.0,517.8,1.4,170.5,3.3195670288299195,121.0,32.5432434497666,9.7,146.56233070342745,2.1,135.1,120.8,108.7,67.8,126.2,9.4,2.2,1.8,67.20718256366999,156.4,226.81222446573094,285.58219192897366,139.02172993176544,1.2,165.9,2.8,23.5,6.1,368.5,169.4,66.4,5.7,1.0,62.37591378704602,19.6,200.3,15.211852428797545,12.866370913865056,356.0,232.2,12.3,17.7,33.5,193.6,23.8,1.2,1.2,130.9,0.8,7.3,1.1,241.0,2.2,97.4,71.3,55.952437085191164,7.275673930084488,0.5283871250049944,2.7,58.6,90.0,0.6,128.0,7.6,72.9,85.1,73.94678437405233,9.4,0.4183384804785153,203.8034586423786,6.9,0.1,62.0,124.9,20.8,135.6,82.6,5.0,2.3264999816112213,37.867195866446636,107.2,4.6,127.8,62.8,49.4,12.6,287.7,37.7,153.1,93.0,11.6,0.1,0.6,126.5,53.4,12.1,41.7,8.729950964293247,0.5789890185868181,27.2,0.1,0.1,0.2,185.18256432059366,14.6,121.06252742858565,11.1,40.3
18,125.1,88.2,76.2,266.0419408682935,167.2514957542555,264.1,114.5,260.6,195.7,205.6128768055546,382.4314164999821,253.9,349.7,298.9883821716528,146.2,255.5,101.0,282.8,291.4,425.0104189506699,180.21722131774817,174.7411414533251,331.0985665176792,137.8,230.8624319256088,141.4,152.0,369.4,220.8,121.7,259.0,105.6,411.3,256.1,156.58187285355362,203.76849649999872,131.91970367823123,236.5,195.7,86.0,250.1,244.6,214.1,259.8318458334157,262.3906138575096,325.0,775.3012180995593,324.2,101.5,148.4,239.6051268652045,78.4,163.6,464.2335209358688,275.8,204.9,223.92637649166085,110.6,169.3,381.61390864517114,128.5,166.74355472558213,282.6,86.9,25.8,659.8723532139792,195.06497831807897,291.7,170.63683060930606,287.40037781509665,273.5008392963569,1133.7,267.0,177.7,330.2,416.5,168.1,205.0,182.6754060837892,151.59233494924024,589.5,215.2,272.61618543106925,516.1906398415044,187.6,216.9,29.6,365.0,132.32522623003013,345.0,247.2,152.5,292.84850074972155,243.0,293.8,219.79930008416162,108.29586931862863,316.9478784708294,262.9337207014956,198.21115817760904,353.9891649527107,132.9,84.4,254.6,429.0,270.5,147.2,105.8,90.8,231.5,323.1,166.85512708550002,302.4,186.4,151.3,86.77954692985732,806.4,278.9,273.3898851873745,419.8,93.4,117.8,284.0,293.0829242730854,276.6596549383356,188.1,249.1,161.7,226.0,267.2,201.4,283.8,263.1,111.4,236.34019664590613,91.5,145.4366282427814,111.8,81.0,224.2,164.4,88.9,282.7,342.3,271.1,80.0,147.76042143544063,282.3,67.6,156.3961211605044,115.2,115.3,147.6,71.9,1.6,202.36592912891612,233.98203479328316,156.2,109.4,2.508750866347003,122.6,287.40484982539544,252.4,65.5,27.7,156.8,132.8,63.1,60.44601053613451,42.9,73.5444910907401,102.3,405.4,172.8,134.0,81.31181412272136,68.3,108.4,155.2,0.8,108.6,248.0,59.5,200.8051260541614,8.487077902059157,120.7,610.9167805858326,83.3,39.99100554764191,7.5,107.976166349375,268.73527014679695,334.2047128177913,27.7,0.1,139.2,447.31321182644,416.4,406.4,215.3,69.4,18.2,2.9,121.1,300.4,0.2,0.5,0.2,177.7,0.1,1.3520436819056039,0.1,0.1,0.2,0.6,1.0,9.2,577.5,194.7497850776228,13.0,517.8,1.4,170.5,2.961218439908073,121.0,38.04345484679833,9.7,163.8883217794255,2.1,135.1,120.8,108.7,67.8,126.2,9.4,2.2,1.8,72.94804117705105,156.4,194.36601462458458,199.82274078447708,126.62923421541069,1.2,165.9,2.8,23.5,6.1,368.5,169.4,66.4,5.7,1.0,52.39656353810587,19.6,200.3,12.43877901666286,11.80258777961383,356.0,232.2,12.3,17.7,33.5,193.6,23.8,1.2,1.2,130.9,0.8,7.3,1.1,241.0,2.2,97.4,71.3,55.20846137924718,7.07128308701771,0.5410634043382435,2.7,58.6,90.0,0.6,128.0,7.6,72.9,85.1,75.02209998512839,9.4,0.37912466472130524,190.79018793454773,6.9,0.1,62.0,124.9,20.8,135.6,82.6,5.0,2.3825724167986833,44.00025405717625,107.2,4.6,127.8,62.8,49.4,12.6,287.7,37.7,153.1,93.0,11.6,0.1,0.6,126.5,53.4,12.1,41.7,7.509811927637741,0.4835783148097724,27.2,0.1,0.1,0.2,135.7422927744414,14.6,122.07232872016256,11.1,40.3
19,125.1,88.2,76.2,192.21869322554434,166.2805408039681,264.1,114.5,260.6,195.7,217.2563907908805,328.3491062188071,253.9,349.7,308.47484654906157,146.2,255.5,101.0,282.8,291.4,363.6452138448944,174.112842145196,156.1491242793683,357.17367911550383,137.8,232.26838017378873,141.4,152.0,369.4,220.8,121.7,259.0,105.6,411.3,256.1,174.95398861342798,195.91420783366587,158.46947362877881,236.5,195.7,86.0,250.1,244.6,214.1,291.9054669446801,340.74560836086266,325.0,783.2255605692566,324.2,101.5,148.4,235.21092665194564,78.4,163.6,471.05400458723113,275.8,204.9,216.99687525673494,110.6,169.3,306.01018231142865,128.5,132.24178311039194,282.6,86.9,25.8,503.5116867515943,254.01836797639663,291.7,197.8019407699138,255.40699028618653,249.21670863223804,1133.7,267.0,177.7,330.2,416.5,168.1,205.0,163.4748214576062,136.74959137198135,589.5,215.2,252.43664449012857,550.2431321438744,187.6,216.9,29.6,365.0,96.0199351227517,345.0,247.2,152.5,303.0976065451943,243.0,293.8,192.89790714361902,78.50539217853333,335.0447763906459,227.61073976563307,190.26450331497037,371.43887847989464,132.9,84.4,254.6,429.0,270.5,147.2,105.8,90.8,231.5,323.1,169.96119600566846,302.4,186.4,151.3,95.46832911825936,806.4,278.9,292.6135185702275,419.8,93.4,117.8,284.0,240.75946923595393,282.70868175006746,188.1,249.1,161.7,226.0,267.2,201.4,283.8,263.1,111.4,243.1791468682294,91.5,105.51483320565525,111.8,81.0,224.2,164.4,88.9,282.7,342.3,271.1,80.0,149.12787872220136,282.3,67.6,183.60638734599632,115.2,115.3,147.6,71.9,1.6,277.3896469037524,215.20313782373617,156.2,109.4,2.361068617241081,122.6,313.91641307962914,252.4,65.5,27.7,156.8,132.8,63.1,47.507758426361065,42.9,72.40325604702525,102.3,405.4,172.8,134.0,105.59694357658267,68.3,108.4,155.2,0.8,108.6,248.0,59.5,196.00661685864088,6.997304995705593,120.7,693.753508851653,83.3,49.311018321024136,7.5,102.89504277868159,255.52870004799428,322.87530465161814,27.7,0.1,139.2,474.0513468582251,416.4,406.4,215.3,69.4,18.2,2.9,121.1,300.4,0.2,0.5,0.2,177.7,0.1,1.3412615103977463,0.1,0.1,0.2,0.6,1.0,9.2,577.5,246.89507433671764,13.0,517.8,1.4,170.5,3.2201499650274035,121.0,31.71334096111451,9.7,160.74790686846785,2.1,135.1,120.8,108.7,67.8,126.2,9.4,2.2,1.8,53.10208280248659,156.4,184.24788591758778,277.97813748584144,137.04900114202238,1.2,165.9,2.8,23.5,6.1,368.5,169.4,66.4,5.7,1.0,69.68848032422609,19.6,200.3,17.11568481234404,10.810398860574505,356.0,232.2,12.3,17.7,33.5,193.6,23.8,1.2,1.2,130.9,0.8,7.3,1.1,241.0,2.2,97.4,71.3,41.66468174057161,7.613276258806961,0.5675661907435551,2.7,58.6,90.0,0.6,128.0,7.6,72.9,85.1,53.87278629382574,9.4,0.4372848667079036,173.9590109656048,6.9,0.1,62.0,124.9,20.8,135.6,82.6,5.0,1.9637947952605384,35.63564893534919,107.2,4.6,127.8,62.8,49.4,12.6,287.7,37.7,153.1,93.0,11.6,0.1,0.6,126.5,53.4,12.1,41.7,9.881178618825757,0.5546280224516471,27.2,0.1,0.1,0.2,182.54902630487828,14.6,141.31533573816048,11.1,40.3
20,125.1,88.2,76.2,220.2140928825158,175.97328444884076,264.1,114.5,260.6,195.7,164.18206297685367,410.7083404137882,253.9,349.7,256.32414370957923,146.2,255.5,101.0,282.8,291.4,483.0986286580597,174.5486579352397,179.32009806778484,365.4676877726692,137.8,219.7170048507831,141.4,152.0,369.4,220.8,121.7,259.0,105.6,411.3,256.1,160.50911193034892,237.3305777299543,146.90955694196128,236.5,195.7,86.0,250.1,244.6,214.1,286.8072109246592,337.10267203638915,325.0,828.7539914286298,324.2,101.5,148.4,212.30219237777985,78.4,163.6,476.2315685948761,275.8,204.9,246.15895953464525,110.6,169.3,345.71188265783985,128.5,120.98536475322025,282.6,86.9,25.8,480.7997401196512,268.95737299220303,291.7,213.95092701349216,252.9559790896964,215.28918311720193,1133.7,267.0,177.7,330.2,416.5,168.1,205.0,207.60156750647775,147.26067131888877,589.5,215.2,263.94211357035294,438.07372512068815,187.6,216.9,29.6,365.0,121.20328139095793,345.0,247.2,152.5,300.77976335987915,243.0,293.8,239.88937777023853,85.87382742963216,383.0844836200361,251.9410349411489,199.90120660934508,288.5646241956157,132.9,84.4,254.6,429.0,270.5,147.2,105.8,90.8,231.5,323.1,180.63394978607863,302.4,186.4,151.3,81.59360073819596,806.4,278.9,305.5792920046474,419.8,93.4,117.8,284.0,265.9729422258354,208.0122161154617,188.1,249.1,161.7,226.0,267.2,201.4,283.8,263.1,111.4,182.19853226949857,91.5,113.01653855408469,111.8,81.0,224.2,164.4,88.9,282.7,342.3,271.1,80.0,142.10870981952493,282.3,67.6,188.72359063519144,115.2,115.3,147.6,71.9,1.6,276.27366901165,243.11658886147018,156.2,109.4,1.8255268306784744,122.6,256.10360473917217,252.4,65.5,27.7,156.8,132.8,63.1,57.40346667507221,42.9,82.60409355592843,102.3,405.4,172.8,134.0,83.91758660836061,68.3,108.4,155.2,0.8,108.6,248.0,59.5,230.414843169099,9.822778045764084,120.7,678.7106076157798,83.3,44.48730990120781,7.5,97.66537883707906,299.28922317183856,301.07396060899305,27.7,0.1,139.2,357.850377958751,416.4,406.4,215.3,69.4,18.2,2.9,121.1,300.4,0.2,0.5,0.2,177.7,0.1,1.7323049501676164,0.1,0.1,0.2,0.6,1.0,9.2,577.5,189.87637017242628,13.0,517.8,1.4,170.5,3.3302179571180845,121.0,34.49450206740991,9.7,178.85503607756158,2.1,135.1,120.8,108.7,67.8,126.2,9.4,2.2,1.8,58.127889999937736,156.4,181.33611879108992,263.92558048152404,126.31519669869716,1.2,165.9,2.8,23.5,6.1,368.5,169.4,66.4,5.7,1.0,56.14814672146261,19.6,200.3,14.89259730085153,15.20697135912217,356.0,232.2,12.3,17.7,33.5,193.6,23.8,1.2,1.2,130.9,0.8,7.3,1.1,241.0,2.2,97.4,71.3,55.18165424271135,8.502370956009983,0.5781617455221303,2.7,58.6,90.0,0.6,128.0,7.6,72.9,85.1,64.74110158162543,9.4,0.4778351470500669,191.86665536938176,6.9,0.1,62.0,124.9,20.8,135.6,82.6,5.0,2.8678713130545885,38.53925181243839,107.2,4.6,127.8,62.8,49.4,12.6,287.7,37.7,153.1,93.0,11.6,0.1,0.6,126.5,53.4,12.1,41.7,7.949346676093863,0.500139304944085,27.2,0.1,0.1,0.2,169.7467592343541,14.6,119.23432520494046,11.1,40.3
21,125.1,88.2,76.2,203.00451161206672,160.2313792308115,264.1,114.5,260.6,195.7,230.79198239148218,376.8090386523531,253.9,349.7,278.44309650960724,146.2,255.5,101.0,282.8,291.4,480.5390150379907,249.73565482664418,164.54646321897025,326.3211231439088,137.8,227.09192375217452,141.4,152.0,369.4,220.8,121.7,259.0,105.6,411.3,256.1,150.21484225266158,260.92494641183526,159.86646217146463,236.5,195.7,86.0,250.1,244.6,214.1,293.6928757323284,357.21554324082064,325.0,951.9264668272385,324.2,101.5,148.4,277.76690416973264,78.4,163.6,424.4467868461684,275.8,204.9,191.34652769656296,110.6,169.3,317.383454778607,128.5,134.8812903528522,282.6,86.9,25.8,525.6061576773062,208.80629903877215,291.7,180.87260785424365,338.63842852400546,244.28973590822096,1133.7,267.0,177.7,330.2,416.5,168.1,205.0,165.12277302494994,126.36659531978243,589.5,215.2,203.15515808596993,475.3316483189481,187.6,216.9,29.6,365.0,114.29795195359608,345.0,247.2,152.5,273.9068657903968,243.0,293.8,189.28348888931797,88.05847670331846,312.1019192651822,211.2177508284077,181.49381855035386,293.1198121837118,132.9,84.4,254.6,429.0,270.5,147.2,105.8,90.8,231.5,323.1,173.37196172633614,302.4,186.4,151.3,91.82585562175264,806.4,278.9,273.19529348934736,419.8,93.4,117.8,284.0,274.93762129152833,241.15704580355504,188.1,249.1,161.7,226.0,267.2,201.4,283.8,263.1,111.4,225.00458621847838,91.5,126.67360933734432,111.8,81.0,224.2,164.4,88.9,282.7,342.3,271.1,80.0,132.81581085973906,282.3,67.6,208.52997039631896,115.2,115.3,147.6,71.9,1.6,226.97296984311612,239.67943845460127,156.2,109.4,2.4238282092745385,122.6,302.25139799463653,252.4,65.5,27.7,156.8,132.8,63.1,55.19682175767609,42.9,74.18907487549313,102.3,405.4,172.8,134.0,83.00848849701138,68.3,108.4,155.2,0.8,108.6,248.0,59.5,194.04550437340814,8.182580932380473,120.7,673.1704328978366,83.3,48.869290529464905,7.5,98.17354956571472,256.5796374651799,282.2483149071683,27.7,0.1,139.2,374.51903900344814,416.4,406.4,215.3,69.4,18.2,2.9,121.1,300.4,0.2,0.5,0.2,177.7,0.1,1.6785553328334502,0.1,0.1,0.2,0.6,1.0,9.2,577.5,211.03774162310765,13.0,517.8,1.4,170.5,2.508965300797099,121.0,36.78729442375724,9.7,184.18184795846363,2.1,135.1,120.8,108.7,67.8,126.2,9.4,2.2,1.8,62.430870621558554,156.4,198.69322478892346,243.82319330415976,110.81390410001455,1.2,165.9,2.8,23.5,6.1,368.5,169.4,66.4,5.7,1.0,60.308658947250485,19.6,200.3,17.93543001836216,13.559596935758416,356.0,232.2,12.3,17.7,33.5,193.6,23.8,1.2,1.2,130.9,0.8,7.3,1.1,241.0,2.2,97.4,71.3,42.43087663206161,6.903302638519213,0.5464806333047397,2.7,58.6,90.0,0.6,128.0,7.6,72.9,85.1,68.81807025704128,9.4,0.43713054703636545,144.03263137728834,6.9,0.1,62.0,124.9,20.8,135.6,82.6,5.0,2.5383698451725856,34.148674681661895,107.2,4.6,127.8,62.8,49.4,12.6,287.7,37.7,153.1,93.0,11.6,0.1,0.6,126.5,53.4,12.1,41.7,7.419657369902651,0.48684663905057624,27.2,0.1,0.1,0.2,183.2345704449778,14.6,125.66418275851852,11.1,40.3
22,125.1,88.2,76.2,181.89113332390562,135.4268540378148,264.1,114.5,260.6,195.7,241.94179602431097,450.95871817312775,253.9,349.7,254.35874466402134,146.2,255.5,101.0,282.8,291.4,416.6908255075857,187.28543114767183,130.71449901569142,265.7625201705603,137.8,315.48772596820993,141.4,152.0,369.4,220.8,121.7,259.0,105.6,411.3,256.1,141.83609408134774,227.67810715727694,156.4998962287169,236.5,195.7,86.0,250.1,244.6,214.1,308.4475120974465,252.37489647627157,325.0,732.8345927974182,324.2,101.5,148.4,211.73638176946673,78.4,163.6,512.8898554129921,275.8,204.9,226.1571599954602,110.6,169.3,356.76583114356384,128.5,157.54881599794692,282.6,86.9,25.8,499.70754576081276,262.2565710121945,291.7,218.16181541108787,251.35528940570683,256.8489744497568,1133.7,267.0,177.7,330.2,416.5,168.1,205.0,228.9293588420533,124.51374907866598,589.5,215.2,279.61877993595385,548.5978299710416,187.6,216.9,29.6,365.0,122.96523255595152,345.0,247.2,152.5,305.9716388468961,243.0,293.8,218.66710520679771,93.50884220957136,356.1534669527907,228.58338629788545,209.44644609342274,291.33460159937675,132.9,84.4,254.6,429.0,270.5,147.2,105.8,90.8,231.5,323.1,165.94608308309867,302.4,186.4,151.3,90.55523812514303,806.4,278.9,353.99499636522734,419.8,93.4,117.8,284.0,241.50759869959143,232.965953003915,188.1,249.1,161.7,226.0,267.2,201.4,283.8,263.1,111.4,174.76422914389096,91.5,125.12810520169036,111.8,81.0,224.2,164.4,88.9,282.7,342.3,271.1,80.0,127.77101537541445,282.3,67.6,171.7190054372224,115.2,115.3,147.6,71.9,1.6,257.14199119591075,270.4471428672681,156.2,109.4,1.9508634724708134,122.6,256.3994772649068,252.4,65.5,27.7,156.8,132.8,63.1,47.080916504228675,42.9,90.70378818226021,102.3,405.4,172.8,134.0,92.9678362704233,68.3,108.4,155.2,0.8,108.6,248.0,59.5,172.11129929320794,6.794920345359369,120.7,615.5737431168293,83.3,44.36779966079219,7.5,128.55351555368117,264.75129963610624,352.99536958463085,27.7,0.1,139.2,422.5386219568712,416.4,406.4,215.3,69.4,18.2,2.9,121.1,300.4,0.2,0.5,0.2,177.7,0.1,1.7641904678934248,0.1,0.1,0.2,0.6,1.0,9.2,577.5,237.19332558680745,13.0,517.8,1.4,170.5,3.415262221299372,121.0,40.535275711368584,9.7,129.730876447991,2.1,135.1,120.8,108.7,67.8,126.2,9.4,2.2,1.8,55.142940032548566,156.4,195.158264881207,210.43515395095005,139.13909057850185,1.2,165.9,2.8,23.5,6.1,368.5,169.4,66.4,5.7,1.0,56.81349752257007,19.6,200.3,12.991061100460517,13.399226792933737,356.0,232.2,12.3,17.7,33.5,193.6,23.8,1.2,1.2,130.9,0.8,7.3,1.1,241.0,2.2,97.4,71.3,51.70871925060264,6.924996018435395,0.5421207106394079,2.7,58.6,90.0,0.6,128.0,7.6,72.9,85.1,63.66766331873106,9.4,0.4298687144329763,148.9787005430903,6.9,0.1,62.0,124.9,20.8,135.6,82.6,5.0,2.5758397742492893,47.86438452847335,107.2,4.6,127.8,62.8,49.4,12.6,287.7,37.7,153.1,93.0,11.6,0.1,0.6,126.5,53.4,12.1,41.7,6.960555128154966,0.5783527316451404,27.2,0.1,0.1,0.2,132.01138358152872,14.6,135.58001076726165,11.1,40.3
23,125.1,88.2,76.2,199.77224602201488,144.69760980634896,264.1,114.5,260.6,195.7,201.7379716630434,420.8002703522211,253.9,349.7,291.26706267629265,146.2,255.5,101.0,282.8,291.4,416.95637406824625,209.2751965245434,139.18436609932667,284.2955638751042,137.8,213.69317457609668,141.4,152.0,369.4,220.8,121.7,259.0,105.6,411.3,256.1,165.4688704739507,202.3431808411321,175.63877935680782,236.5,195.7,86.0,250.1,244.6,214.1,308.28596826786736,308.1819487281134,325.0,703.601178831893,324.2,101.5,148.4,227.73241546977454,78.4,163.6,480.8660625399507,275.8,204.9,200.87939409525305,110.6,169.3,406.30597888852225,128.5,128.36441975583094,282.6,86.9,25.8,551.9247821149556,217.49263614453542,291.7,155.3872657056924,341.2097723335158,207.45546411133927,1133.7,267.0,177.7,330.2,416.5,168.1,205.0,161.80475476220846,130.95950518208693,589.5,215.2,273.3165891888093,384.7389203729432,187.6,216.9,29.6,365.0,136.07989702264808,345.0,247.2,152.5,246.48718601955431,243.0,293.8,187.95284085267085,99.77272649097529,415.93927223987,221.23017454249737,154.82694369502872,353.0525121762603,132.9,84.4,254.6,429.0,270.5,147.2,105.8,90.8,231.5,323.1,145.90922377808064,302.4,186.4,151.3,83.92953239738728,806.4,278.9,394.9378945001847,419.8,93.4,117.8,284.0,201.3965662622415,233.84995187334076,188.1,249.1,161.7,226.0,267.2,201.4,283.8,263.1,111.4,237.16750492472994,91.5,136.53076674300752,111.8,81.0,224.2,164.4,88.9,282.7,342.3,271.1,80.0,164.4142153717894,282.3,67.6,207.72552968120328,115.2,115.3,147.6,71.9,1.6,228.44378778591954,306.28691862409414,156.2,109.4,2.3014401069427395,122.6,287.47953979849945,252.4,65.5,27.7,156.8,132.8,63.1,58.899372521623945,42.9,82.50254697263802,102.3,405.4,172.8,134.0,111.55028721960687,68.3,108.4,155.2,0.8,108.6,248.0,59.5,172.16993838031428,7.715798791983192,120.7,771.1599723578628,83.3,35.568486551784034,7.5,102.72892162586685,362.02085429703504,301.9853212865944,27.7,0.1,139.2,411.1642340221071,416.4,406.4,215.3,69.4,18.2,2.9,121.1,300.4,0.2,0.5,0.2,177.7,0.1,1.5371244694168555,0.1,0.1,0.2,0.6,1.0,9.2,577.5,263.4918653872994,13.0,517.8,1.4,170.5,3.3930503330895094,121.0,37.944827695674434,9.7,169.47685859325333,2.1,135.1,120.8,108.7,67.8,126.2,9.4,2.2,1.8,66.62124909222007,156.4,185.22147133078238,269.50135727725143,144.9425044223156,1.2,165.9,2.8,23.5,6.1,368.5,169.4,66.4,5.7,1.0,70.3769529056289,19.6,200.3,14.016040937578671,13.66555246905725,356.0,232.2,12.3,17.7,33.5,193.6,23.8,1.2,1.2,130.9,0.8,7.3,1.1,241.0,2.2,97.4,71.3,45.45522592656309,9.553989590893366,0.588666906502543,2.7,58.6,90.0,0.6,128.0,7.6,72.9,85.1,57.07983308566102,9.4,0.4529036189616651,147.4376191369364,6.9,0.1,62.0,124.9,20.8,135.6,82.6,5.0,2.878679969012092,35.25129935252138,107.2,4.6,127.8,62.8,49.4,12.6,287.7,37.7,153.1,93.0,11.6,0.1,0.6,126.5,53.4,12.1,41.7,6.855072836845376,0.5642310749157045,27.2,0.1,0.1,0.2,173.44528782062488,14.6,119.16858067544378,11.1,40.3
24,125.1,88.2,76.2,252.37146707857963,177.03479475883032,264.1,114.5,260.6,195.7,223.66121668083625,311.5806244075483,253.9,349.7,237.80907492413027,146.2,255.5,101.0,282.8,291.4,379.46623801126725,214.85798692856457,163.76684134222222,334.48985959292474,137.8,290.1424635196371,141.4,152.0,369.4,220.8,121.7,259.0,105.6,411.3,256.1,178.61690547175448,210.64287282012555,135.09180742448564,236.5,195.7,86.0,250.1,244.6,214.1,261.5957738828292,313.95836194826546,325.0,907.027104778415,324.2,101.5,148.4,271.7241775446695,78.4,163.6,395.6975239728668,275.8,204.9,202.0278681303409,110.6,169.3,365.7667303286745,128.5,143.97361426174427,282.6,86.9,25.8,584.7950020007036,223.14149563146856,291.7,211.04351071771688,272.61430422484887,285.5124643893897,1133.7,267.0,177.7,330.2,416.5,168.1,205.0,236.514731462234,105.77700124385811,589.5,215.2,195.26350225687736,480.72735179982516,187.6,216.9,29.6,365.0,119.99125291758857,345.0,247.2,152.5,217.81209851337454,243.0,293.8,235.7196248125494,93.56283005610463,301.25023299413874,270.65794164098503,192.36319348236273,292.75233650268325,132.9,84.4,254.6,429.0,270.5,147.2,105.8,90.8,231.5,323.1,127.1803340307697,302.4,186.4,151.3,75.2209970070193,806.4,278.9,395.2145683957955,419.8,93.4,117.8,284.0,247.1622780212933,242.87830196910534,188.1,249.1,161.7,226.0,267.2,201.4,283.8,263.1,111.4,211.8531475255405,91.5,100.87151921516444,111.8,81.0,224.2,164.4,88.9,282.7,342.3,271.1,80.0,153.36495496107486,282.3,67.6,156.32210986328988,115.2,115.3,147.6,71.9,1.6,268.78690925940367,249.83226817281968,156.2,109.4,2.304857247066861,122.6,289.54330823436715,252.4,65.5,27.7,156.8,132.8,63.1,40.81435600033153,42.9,89.75755739051061,102.3,405.4,172.8,134.0,100.75433317277158,68.3,108.4,155.2,0.8,108.6,248.0,59.5,225.144150797672,7.770539430702348,120.7,595.9207016007965,83.3,37.30538477082842,7.5,97.99259982082783,303.1199500035816,245.87491704957012,27.7,0.1,139.2,492.5477225764474,416.4,406.4,215.3,69.4,18.2,2.9,121.1,300.4,0.2,0.5,0.2,177.7,0.1,1.6293936584981596,0.1,0.1,0.2,0.6,1.0,9.2,577.5,259.41901189950715,13.0,517.8,1.4,170.5,3.5687404724841727,121.0,43.54804865652825,9.7,162.52140200211772,2.1,135.1,120.8,108.7,67.8,126.2,9.4,2.2,1.8,70.32895287105742,156.4,201.28299637451047,258.93474625244284,102.4950236469478,1.2,165.9,2.8,23.5,6.1,368.5,169.4,66.4,5.7,1.0,58.15294926280819,19.6,200.3,13.775862054013773,15.590167967315558,356.0,232.2,12.3,17.7,33.5,193.6,23.8,1.2,1.2,130.9,0.8,7.3,1.1,241.0,2.2,97.4,71.3,51.415110336694056,7.75746870859187,0.4768874295931296,2.7,58.6,90.0,0.6,128.0,7.6,72.9,85.1,51.564221964131,9.4,0.4485914747813142,155.08057977628275,6.9,0.1,62.0,124.9,20.8,135.6,82.6,5.0,2.2012649974623004,36.27143847397143,107.2,4.6,127.8,62.8,49.4,12.6,287.7,37.7,153.1,93.0,11.6,0.1,0.6,126.5,53.4,12.1,41.7,8.64739407107762,0.5618438260683688,27.2,0.1,0.1,0.2,147.0332352699479,14.6,130.22291177957052,11.1,40.3
25,125.1,88.2,76.2,257.6113934872328,127.28435596309286,264.1,114.5,260.6,195.7,213.45909548916012,347.3928765759054,253.9,349.7,237.88027257208824,146.2,255.5,101.0,282.8,291.4,337.909325862992,241.29948029963924,160.08752278685017,301.6415979640353,137.8,253.02184376998358,141.4,152.0,369.4,220.8,121.7,259.0,105.6,411.3,256.1,132.39901432933635,273.7678838707697,131.45899469933602,236.5,195.7,86.0,250.1,244.6,214.1,249.78088488633048,326.4774710944405,325.0,669.2437563545583,324.2,101.5,148.4,192.4768026954947,78.4,163.6,532.3144717301151,275.8,204.9,208.59218338222357,110.6,169.3,428.05014620246095,128.5,150.64382254377637,282.6,86.9,25.8,615.2596952154307,247.4224792865548,291.7,170.3190040168666,296.1198536376609,290.9869337053214,1133.7,267.0,177.7,330.2,416.5,168.1,205.0,179.22035403955104,107.1157486682055,589.5,215.2,229.60346793657612,485.7573029012967,187.6,216.9,29.6,365.0,95.52270547122568,345.0,247.2,152.5,222.73330447884507,243.0,293.8,191.6278638778628,105.71590288032749,381.6721436225578,218.6891454322697,188.71113247706194,317.11885912755207,132.9,84.4,254.6,429.0,270.5,147.2,105.8,90.8,231.5,323.1,178.59077003086819,302.4,186.4,151.3,103.46460073266825,806.4,278.9,277.18034213129795,419.8,93.4,117.8,284.0,209.82123341585634,307.0867376861269,188.1,249.1,161.7,226.0,267.2,201.4,283.8,263.1,111.4,165.43142079869202,91.5,119.9740105161336,111.8,81.0,224.2,164.4,88.9,282.7,342.3,271.1,80.0,148.747626923914,282.3,67.6,167.40668190573302,115.2,115.3,147.6,71.9,1.6,273.06712394926114,256.29408547425953,156.2,109.4,1.9575829444269384,122.6,236.13307602651068,252.4,65.5,27.7,156.8,132.8,63.1,52.43861324184931,42.9,68.58853796731321,102.3,405.4,172.8,134.0,83.22595182603096,68.3,108.4,155.2,0.8,108.6,248.0,59.5,225.57678651609666,9.59332161888922,120.7,835.9668993670736,83.3,44.20570530900373,7.5,101.49391101681331,276.5790108696763,310.870053313909,27.7,0.1,139.2,357.5017016814664,416.4,406.4,215.3,69.4,18.2,2.9,121.1,300.4,0.2,0.5,0.2,177.7,0.1,1.7275579459398098,0.1,0.1,0.2,0.6,1.0,9.2,577.5,198.5419223903684,13.0,517.8,1.4,170.5,3.5392604377759094,121.0,33.595421704032496,9.7,173.15269604229087,2.1,135.1,120.8,108.7,67.8,126.2,9.4,2.2,1.8,56.93458813151894,156.4,225.22297103305675,254.06108914363148,134.96711758989787,1.2,165.9,2.8,23.5,6.1,368.5,169.4,66.4,5.7,1.0,62.552014236539804,19.6,200.3,14.541327616167163,14.363363503045486,356.0,232.2,12.3,17.7,33.5,193.6,23.8,1.2,1.2,130.9,0.8,7.3,1.1,241.0,2.2,97.4,71.3,43.683166845244386,8.031273244666172,0.5517212776269339,2.7,58.6,90.0,0.6,128.0,7.6,72.9,85.1,72.1017166331462,9.4,0.36354319565419313,196.35306819258145,6.9,0.1,62.0,124.9,20.8,135.6,82.6,5.0,2.300298582285539,37.915079866260236,107.2,4.6,127.8,62.8,49.4,12.6,287.7,37.7,153.1,93.0,11.6,0.1,0.6,126.5,53.4,12.1,41.7,8.504569616283339,0.5714601132105487,27.2,0.1,0.1,0.2,150.8947188304016,14.6,123.52506017250418,11.1,40.3
26,125.1,88.2,76.2,248.12073068283155,160.29883965180866,264.1,114.5,260.6,195.7,198.84116296708086,345.34804178761044,253.9,349.7,248.49160237715108,146.2,255.5,101.0,282.8,291.4,380.32470691261994,210.31609055669264,153.19265197563536,351.2378961063008,137.8,220.9517335229278,141.4,152.0,369.4,220.8,121.7,259.0,105.6,411.3,256.1,171.86495226506312,213.67751054247057,147.66610622845513,236.5,195.7,86.0,250.1,244.6,214.1,312.9137607483527,269.616748537717,325.0,636.3113523518609,324.2,101.5,148.4,228.1238768667261,78.4,163.6,529.1687454053018,275.8,204.9,254.7311961631798,110.6,169.3,374.0492532030982,128.5,142.05179881534963,282.6,86.9,25.8,571.6081137482915,279.717435685783,291.7,223.1961697844573,236.58257310554797,278.0834721273013,1133.7,267.0,177.7,330.2,416.5,168.1,205.0,196.91097331680297,115.94323197929478,589.5,215.2,234.5491509767241,451.8778923282156,187.6,216.9,29.6,365.0,123.5538706328127,345.0,247.2,152.5,239.5646412135664,243.0,293.8,173.4194055416042,105.48486506047936,386.1751104892903,214.880913812607,220.0190962461508,380.8131575876263,132.9,84.4,254.6,429.0,270.5,147.2,105.8,90.8,231.5,323.1,176.4097746374249,302.4,186.4,151.3,96.3352131824014,806.4,278.9,378.9268252598993,419.8,93.4,117.8,284.0,285.9912708799717,231.85289487946565,188.1,249.1,161.7,226.0,267.2,201.4,283.8,263.1,111.4,193.0324987970952,91.5,115.32413785738038,111.8,81.0,224.2,164.4,88.9,282.7,342.3,271.1,80.0,159.6879584255532,282.3,67.6,206.7772816021188,115.2,115.3,147.6,71.9,1.6,214.14402175631466,244.40933957622076,156.2,109.4,2.230802455065871,122.6,249.8565722036056,252.4,65.5,27.7,156.8,132.8,63.1,54.18435365322705,42.9,81.7754196389031,102.3,405.4,172.8,134.0,111.86512655631631,68.3,108.4,155.2,0.8,108.6,248.0,59.5,210.4799659981509,7.857154399497009,120.7,817.7088768582933,83.3,51.075409208685144,7.5,93.64264803738338,320.83945779016443,296.26730673521405,27.7,0.1,139.2,395.5554065219202,416.4,406.4,215.3,69.4,18.2,2.9,121.1,300.4,0.2,0.5,0.2,177.7,0.1,1.4426170712056374,0.1,0.1,0.2,0.6,1.0,9.2,577.5,186.04949960340252,13.0,517.8,1.4,170.5,3.014310941525652,121.0,38.21850925563195,9.7,179.6255061627242,2.1,135.1,120.8,108.7,67.8,126.2,9.4,2.2,1.8,58.42622759438794,156.4,208.30070895182436,273.4588351802277,115.45995692639947,1.2,165.9,2.8,23.5,6.1,368.5,169.4,66.4,5.7,1.0,66.55283999091952,19.6,200.3,17.421183665452766,12.281254427120672,356.0,232.2,12.3,17.7,33.5,193.6,23.8,1.2,1.2,130.9,0.8,7.3,1.1,241.0,2.2,97.4,71.3,50.389078806006296,7.642719188589368,0.42814517800825225,2.7,58.6,90.0,0.6,128.0,7.6,72.9,85.1,73.62634508042022,9.4,0.47566271379982605,183.6395730251828,6.9,0.1,62.0,124.9,20.8,135.6,82.6,5.0,2.168067802504291,42.2579967626818,107.2,4.6,127.8,62.8,49.4,12.6,287.7,37.7,153.1,93.0,11.6,0.1,0.6,126.5,53.4,12.1,41.7,10.130594131590271,0.6980177162417283,27.2,0.1,0.1,0.2,138.8391748771476,14.6,175.68046921913717,11.1,40.3
27,125.1,88.2,76.2,237.18478467473818,152.76798219537724,264.1,114.5,260.6,195.7,204.34108368670147,331.4193806275512,253.9,349.7,262.72759320445033,146.2,255.5,101.0,282.8,291.4,447.7629025449889,181.06250511124588,185.72949161605897,342.39645900900854,137.8,305.0954290526396,141.4,152.0,369.4,220.8,121.7,259.0,105.6,411.3,256.1,147.85257111209552,213.560349850816,142.92485852019269,236.5,195.7,86.0,250.1,244.6,214.1,338.48916584764385,331.31464985222124,325.0,693.9702929070677,324.2,101.5,148.4,229.89135089649895,78.4,163.6,501.11148921843903,275.8,204.9,242.18667932561573,110.6,169.3,430.6342449852367,128.5,175.9721991540914,282.6,86.9,25.8,653.8079960684042,217.40411461022407,291.7,215.80893343467855,312.7978780137528,259.3900455717063,1133.7,267.0,177.7,330.2,416.5,168.1,205.0,167.01720368818144,142.59280548684572,589.5,215.2,233.89449994862025,450.8504410299683,187.6,216.9,29.6,365.0,114.96573738963659,345.0,247.2,152.5,247.287576669681,243.0,293.8,229.20525825058616,79.58017084197712,430.9887226880081,203.56697027781564,160.53095702226395,307.4466192930939,132.9,84.4,254.6,429.0,270.5,147.2,105.8,90.8,231.5,323.1,135.98046501780786,302.4,186.4,151.3,76.79628653231877,806.4,278.9,355.29427800694805,419.8,93.4,117.8,284.0,238.09434938474675,281.3821028910509,188.1,249.1,161.7,226.0,267.2,201.4,283.8,263.1,111.4,180.08193140146437,91.5,102.55903049056359,111.8,81.0,224.2,164.4,88.9,282.7,342.3,271.1,80.0,143.67333239604397,282.3,67.6,204.9272979029679,115.2,115.3,147.6,71.9,1.6,274.3960514249277,260.8541797001988,156.2,109.4,2.2506258184024506,122.6,306.5127987465403,252.4,65.5,27.7,156.8,132.8,63.1,45.545815159481904,42.9,78.94422837259253,102.3,405.4,172.8,134.0,79.2440032772615,68.3,108.4,155.2,0.8,108.6,248.0,59.5,209.4844864455839,6.593811430753352,120.7,807.9588382064703,83.3,48.749644581890735,7.5,110.44850512891738,378.5759881381378,259.45902029869444,27.7,0.1,139.2,426.9767996970454,416.4,406.4,215.3,69.4,18.2,2.9,121.1,300.4,0.2,0.5,0.2,177.7,0.1,1.6697794278571254,0.1,0.1,0.2,0.6,1.0,9.2,577.5,249.87274184347794,13.0,517.8,1.4,170.5,2.6596714196963607,121.0,44.913510252176536,9.7,140.32218920176462,2.1,135.1,120.8,108.7,67.8,126.2,9.4,2.2,1.8,68.74229343316586,156.4,203.14558051867385,239.79955427950335,134.879751406771,1.2,165.9,2.8,23.5,6.1,368.5,169.4,66.4,5.7,1.0,70.4980914891056,19.6,200.3,13.24108138836415,11.092144155002106,356.0,232.2,12.3,17.7,33.5,193.6,23.8,1.2,1.2,130.9,0.8,7.3,1.1,241.0,2.2,97.4,71.3,47.25854630448174,7.881870288337199,0.5109494880958363,2.7,58.6,90.0,0.6,128.0,7.6,72.9,85.1,51.629827750033726,9.4,0.34913743569426153,151.65003897281275,6.9,0.1,62.0,124.9,20.8,135.6,82.6,5.0,2.1197292479410335,46.00794923852917,107.2,4.6,127.8,62.8,49.4,12.6,287.7,37.7,153.1,93.0,11.6,0.1,0.6,126.5,53.4,12.1,41.7,8.987387454152556,0.5238345217260796,27.2,0.1,0.1,0.2,158.95243911015467,14.6,155.5552794308361,11.1,40.3
28,125.1,88.2,76.2,265.94189202593896,139.33410522489152,264.1,114.5,260.6,195.7,190.17343531975405,306.5714141412394,253.9,349.7,222.6432869094531,146.2,255.5,101.0,282.8,291.4,370.8166967171047,202.75220909758386,132.41706003538084,268.6434122909127,137.8,245.04774632740617,141.4,152.0,369.4,220.8,121.7,259.0,105.6,411.3,256.1,134.19393191775288,258.9167449121718,185.99003894783226,236.5,195.7,86.0,250.1,244.6,214.1,268.374637617252,301.99895739486084,325.0,649.6646344467571,324.2,101.5,148.4,246.64124398942943,78.4,163.6,372.83085878282566,275.8,204.9,209.8377222349099,110.6,169.3,359.61352071936085,128.5,177.42282639345578,282.6,86.9,25.8,550.1030236159351,227.81175398983936,291.7,210.9815212878843,243.5194703939963,216.3402351121127,1133.7,267.0,177.7,330.2,416.5,168.1,205.0,192.51474381042095,109.0737981992328,589.5,215.2,275.9802699260804,538.8494906496664,187.6,216.9,29.6,365.0,121.7458196012712,345.0,247.2,152.5,242.86512053688787,243.0,293.8,166.47205893570998,97.06852490509044,383.78621447526007,229.2954732236069,200.53351561170703,356.5932743077872,132.9,84.4,254.6,429.0,270.5,147.2,105.8,90.8,231.5,323.1,167.11230904745128,302.4,186.4,151.3,102.32060375397525,806.4,278.9,299.10985148184136,419.8,93.4,117.8,284.0,248.37221558527645,307.31217356423747,188.1,249.1,161.7,226.0,267.2,201.4,283.8,263.1,111.4,167.6783353863122,91.5,144.50483927437463,111.8,81.0,224.2,164.4,88.9,282.7,342.3,271.1,80.0,135.27014487452146,282.3,67.6,163.33504788251082,115.2,115.3,147.6,71.9,1.6,265.16437767176023,302.14902257369056,156.2,109.4,2.089960907411751,122.6,225.47299992971045,252.4,65.5,27.7,156.8,132.8,63.1,42.2922523360017,42.9,77.92630024898733,102.3,405.4,172.8,134.0,100.03617763137744,68.3,108.4,155.2,0.8,108.6,248.0,59.5,170.89584548432944,8.027915151333596,120.7,707.0549919999794,83.3,36.163395259045004,7.5,106.16852787551282,306.5080945507584,270.1241006142187,27.7,0.1,139.2,408.9010647648813,416.4,406.4,215.3,69.4,18.2,2.9,121.1,300.4,0.2,0.5,0.2,177.7,0.1,1.6438549447344648,0.1,0.1,0.2,0.6,1.0,9.2,577.5,187.94989396355078,13.0,517.8,1.4,170.5,2.583310181736797,121.0,32.9768071665636,9.7,149.69970171879612,2.1,135.1,120.8,108.7,67.8,126.2,9.4,2.2,1.8,55.110309232215414,156.4,177.72776375145747,252.15706194276876,123.52763669048991,1.2,165.9,2.8,23.5,6.1,368.5,169.4,66.4,5.7,1.0,68.48423719363944,19.6,200.3,17.490559201706436,12.919025861793205,356.0,232.2,12.3,17.7,33.5,193.6,23.8,1.2,1.2,130.9,0.8,7.3,1.1,241.0,2.2,97.4,71.3,41.3701726642994,9.798254618072788,0.4143444569939675,2.7,58.6,90.0,0.6,128.0,7.6,72.9,85.1,66.88654028969152,9.4,0.3985155367330855,143.28212039348028,6.9,0.1,62.0,124.9,20.8,135.6,82.6,5.0,2.2211858319319635,37.846866978934905,107.2,4.6,127.8,62.8,49.4,12.6,287.7,37.7,153.1,93.0,11.6,0.1,0.6,126.5,53.4,12.1,41.7,9.570178631534933,0.5936402010448433,27.2,0.1,0.1,0.2,131.79587345519167,14.6,136.45083176700211,11.1,40.3
29,125.1,88.2,76.2,249.08270623197407,175.87343706546244,264.1,114.5,260.6,195.7,178.37888447802808,424.5597043549497,253.9,349.7,325.3673413560564,146.2,255.5,101.0,282.8,291.4,331.23521133966557,215.6394210603994,133.85246636758106,369.152732702574,137.8,231.60790475135474,141.4,152.0,369.4,220.8,121.7,259.0,105.6,411.3,256.1,162.64999884551938,236.70698154748612,140.87572573645326,236.5,195.7,86.0,250.1,244.6,214.1,350.6778704741383,356.9390361747275,325.0,936.5441866513124,324.2,101.5,148.4,287.36486112312355,78.4,163.6,515.2061891105762,275.8,204.9,202.24286148234532,110.6,169.3,367.79887604889916,128.5,173.37314971899116,282.6,86.9,25.8,576.6333770395082,236.0885893923119,291.7,165.36598901695254,280.57509219233,286.83830122318454,1133.7,267.0,177.7,330.2,416.5,168.1,205.0,203.810465161313,119.82763113142332,589.5,215.2,267.09481574600017,437.8817746312817,187.6,216.9,29.6,365.0,108.25489058384302,345.0,247.2,152.5,244.96541384501364,243.0,293.8,234.1498065069639,106.26048717338136,397.79563385626324,215.22620639611924,146.82979649507405,357.2815973101675,132.9,84.4,254.6,429.0,270.5,147.2,105.8,90.8,231.5,323.1,154.02026734326628,302.4,186.4,151.3,83.51153270638213,806.4,278.9,374.67230423180825,419.8,93.4,117.8,284.0,218.48915363438562,246.0419001759749,188.1,249.1,161.7,226.0,267.2,201.4,283.8,263.1,111.4,183.17011288763536,91.5,124.62063989490493,111.8,81.0,224.2,164.4,88.9,282.7,342.3,271.1,80.0,167.04943630840557,282.3,67.6,189.65484665916796,115.2,115.3,147.6,71.9,1.6,248.35407113099782,296.36198700688044,156.2,109.4,1.8527862852094477,122.6,268.6287145325132,252.4,65.5,27.7,156.8,132.8,63.1,45.9526586962306,42.9,94.40174519405502,102.3,405.4,172.8,134.0,97.71009367256562,68.3,108.4,155.2,0.8,108.6,248.0,59.5,189.28121707986023,8.567753478053906,120.7,663.263280069003,83.3,44.532311174084626,7.5,112.60702553625235,277.4455348223781,320.4443426746567,27.7,0.1,139.2,456.6789388468643,416.4,406.4,215.3,69.4,18.2,2.9,121.1,300.4,0.2,0.5,0.2,177.7,0.1,1.3021066543848365,0.1,0.1,0.2,0.6,1.0,9.2,577.5,259.22238665310437,13.0,517.8,1.4,170.5,3.1010324037424417,121.0,43.014117111349265,9.7,181.69779343674017,2.1,135.1,120.8,108.7,67.8,126.2,9.4,2.2,1.8,69.26894935440548,156.4,174.64256851589056,288.4834656661339,127.29648288150452,1.2,165.9,2.8,23.5,6.1,368.5,169.4,66.4,5.7,1.0,62.62912760418969,19.6,200.3,17.73524931190425,13.72365651847945,356.0,232.2,12.3,17.7,33.5,193.6,23.8,1.2,1.2,130.9,0.8,7.3,1.1,241.0,2.2,97.4,71.3,49.92706229361684,8.221248880366161,0.5940826029942885,2.7,58.6,90.0,0.6,128.0,7.6,72.9,85.1,67.29699052222047,9.4,0.32878588438722484,146.3821013412522,6.9,0.1,62.0,124.9,20.8,135.6,82.6,5.0,2.280789515427351,45.397968101049756,107.2,4.6,127.8,62.8,49.4,12.6,287.7,37.7,153.1,93.0,11.6,0.1,0.6,126.5,53.4,12.1,41.7,7.4525786218711625,0.5013671961075624,27.2,0.1,0.1,0.2,127.70690996817703,14.6,146.39662026273385,11.1,40.3
30,125.1,88.2,76.2,189.00797381124437,133.65522096043327,264.1,114.5,260.6,195.7,180.14415133539296,442.98452868742027,253.9,349.7,306.4469899399776,146.2,255.5,101.0,282.8,291.4,446.64783002529845,173.98325515977143,138.04014825213687,367.9937687073495,137.8,245.9804688564424,141.4,152.0,369.4,220.8,121.7,259.0,105.6,411.3,256.1,131.6979748802273,227.22735766245123,130.9846429642901,236.5,195.7,86.0,250.1,244.6,214.1,272.5396937406169,315.566474234725,325.0,888.7364982930228,324.2,101.5,148.4,247.30673733717714,78.4,163.6,396.9129086348709,275.8,204.9,217.76949590003244,110.6,169.3,391.48925581840473,128.5,147.91732289687934,282.6,86.9,25.8,517.1923968113994,277.9990905053822,291.7,190.76786626292233,248.3621428666402,270.8907899812581,1133.7,267.0,177.7,330.2,416.5,168.1,205.0,198.95452817518267,131.6968151034592,589.5,215.2,281.79259178087057,547.9324405577754,187.6,216.9,29.6,365.0,107.69420777596335,345.0,247.2,152.5,311.4659264426686,243.0,293.8,234.06438131587936,82.28013984966852,354.8100141911063,218.09972333946536,204.7697158440848,330.10516641586634,132.9,84.4,254.6,429.0,270.5,147.2,105.8,90.8,231.5,323.1,175.92508781278374,302.4,186.4,151.3,88.21697109931914,806.4,278.9,281.4985112607969,419.8,93.4,117.8,284.0,264.40034974483797,261.6571999233946,188.1,249.1,161.7,226.0,267.2,201.4,283.8,263.1,111.4,212.3480437763897,91.5,106.16704620740163,111.8,81.0,224.2,164.4,88.9,282.7,342.3,271.1,80.0,133.9527074042752,282.3,67.6,186.109471993086,115.2,115.3,147.6,71.9,1.6,294.6914098853952,264.51654785644104,156.2,109.4,2.4746359011834453,122.6,298.2688424167084,252.4,65.5,27.7,156.8,132.8,63.1,42.4863546857339,42.9,88.16955034256523,102.3,405.4,172.8,134.0,89.52661030891636,68.3,108.4,155.2,0.8,108.6,248.0,59.5,186.6257591804588,9.010163122448095,120.7,576.1440545792615,83.3,39.74380697875902,7.5,88.22495520046652,253.92556710163788,329.81906184090747,27.7,0.1,139.2,501.3241779365572,416.4,406.4,215.3,69.4,18.2,2.9,121.1,300.4,0.2,0.5,0.2,177.7,0.1,1.5100667684191722,0.1,0.1,0.2,0.6,1.0,9.2,577.5,219.17739351126022,13.0,517.8,1.4,170.5,3.1011039639321707,121.0,41.791348768262054,9.7,125.98393624102269,2.1,135.1,120.8,108.7,67.8,126.2,9.4,2.2,1.8,51.115652663149014,156.4,203.84615836345944,199.06189629644095,134.33684076533754,1.2,165.9,2.8,23.5,6.1,368.5,169.4,66.4,5.7,1.0,71.13533684308979,19.6,200.3,17.726450995456972,14.134479047190316,356.0,232.2,12.3,17.7,33.5,193.6,23.8,1.2,1.2,130.9,0.8,7.3,1.1,241.0,2.2,97.4,71.3,49.96477056045347,9.147331318567746,0.4490554466116563,2.7,58.6,90.0,0.6,128.0,7.6,72.9,85.1,62.87421170307242,9.4,0.4111987402164168,166.60437734880716,6.9,0.1,62.0,124.9,20.8,135.6,82.6,5.0,2.524243734821675,44.16536992437456,107.2,4.6,127.8,62.8,49.4,12.6,287.7,37.7,153.1,93.0,11.6,0.1,0.6,126.5,53.4,12.1,41.7,8.396322432639217,0.5860541631099135,27.2,0.1,0.1,0.2,140.147188362514,14.6,127.85156591585462,11.1,40.3
31,125.1,88.2,76.2,227.90609982381497,131.84536968949288,264.1,114.5,260.6,195.7,215.05828910736201,351.0252336518188,253.9,349.7,318.1300817143908,146.2,255.5,101.0,282.8,291.4,394.6656752018429,177.77314649938123,166.20264538978208,340.83722681511284,137.8,243.4318619103053,141.4,152.0,369.4,220.8,121.7,259.0,105.6,411.3,256.1,179.77882482931898,200.72830297504782,192.26789171383194,236.5,195.7,86.0,250.1,244.6,214.1,288.70239557886117,294.6409305167489,325.0,883.4682545540559,324.2,101.5,148.4,219.48147063008454,78.4,163.6,507.5280006222242,275.8,204.9,233.26958839860902,110.6,169.3,311.83053770829434,128.5,170.71706491112042,282.6,86.9,25.8,533.0660628354935,276.5143902508439,291.7,222.13807617332242,339.896936721284,220.8119592804314,1133.7,267.0,177.7,330.2,416.5,168.1,205.0,174.86895714155264,112.33955928367187,589.5,215.2,283.68114372743946,539.7377543311111,187.6,216.9,29.6,365.0,119.3473512676041,345.0,247.2,152.5,298.32830188682095,243.0,293.8,189.16579777105795,104.51534040121902,356.89440418426426,193.76444367518863,184.56045654347838,357.4800398842208,132.9,84.4,254.6,429.0,270.5,147.2,105.8,90.8,231.5,323.1,165.56388457032372,302.4,186.4,151.3,89.61352581878482,806.4,278.9,345.2792137082293,419.8,93.4,117.8,284.0,255.90237602148312,277.119003794822,188.1,249.1,161.7,226.0,267.2,201.4,283.8,263.1,111.4,198.00609046533896,91.5,118.48187972648144,111.8,81.0,224.2,164.4,88.9,282.7,342.3,271.1,80.0,161.03448947348318,282.3,67.6,169.07838706532675,115.2,115.3,147.6,71.9,1.6,295.1897149692313,257.3798754122221,156.2,109.4,2.2684280125004572,122.6,269.25755925344527,252.4,65.5,27.7,156.8,132.8,63.1,50.7780871489498,42.9,68.75865619799963,102.3,405.4,172.8,134.0,88.21975696247218,68.3,108.4,155.2,0.8,108.6,248.0,59.5,176.1793057597421,9.2169059428573,120.7,756.3277079885623,83.3,47.39118940523733,7.5,120.07873662287722,322.3720782819108,260.8063325710182,27.7,0.1,139.2,359.7279441854611,416.4,406.4,215.3,69.4,18.2,2.9,121.1,300.4,0.2,0.5,0.2,177.7,0.1,1.4748360192108643,0.1,0.1,0.2,0.6,1.0,9.2,577.5,200.86980664843875,13.0,517.8,1.4,170.5,3.043821418550516,121.0,37.48190469366908,9.7,139.30831598742085,2.1,135.1,120.8,108.7,67.8,126.2,9.4,2.2,1.8,57.687350740370675,156.4,164.81609857769905,235.7937585495684,127.85733752743293,1.2,165.9,2.8,23.5,6.1,368.5,169.4,66.4,5.7,1.0,71.56605770660151,19.6,200.3,15.68330330824245,11.278453471755725,356.0,232.2,12.3,17.7,33.5,193.6,23.8,1.2,1.2,130.9,0.8,7.3,1.1,241.0,2.2,97.4,71.3,46.350292514541394,9.202356699913562,0.5037018368627102,2.7,58.6,90.0,0.6,128.0,7.6,72.9,85.1,70.15182486401825,9.4,0.3416816599395107,191.412314048497,6.9,0.1,62.0,124.9,20.8,135.6,82.6,5.0,1.9679965622196784,42.849290807408714,107.2,4.6,127.8,62.8,49.4,12.6,287.7,37.7,153.1,93.0,11.6,0.1,0.6,126.5,53.4,12.1,41.7,7.704926988292051,0.5864071934450761,27.2,0.1,0.1,0.2,184.91796416244767,14.6,147.40031107016748,11.1,40.3
32,125.1,88.2,76.2,190.44532800166374,126.80246219773844,264.1,114.5,260.6,195.7,184.6952371456765,342.43937620560547,253.9,349.7,293.7925202100091,146.2,255.5,101.0,282.8,291.4,435.2879666143362,192.9899422064262,179.7770594137258,299.55860804209914,137.8,256.5854276909746,141.4,152.0,369.4,220.8,121.7,259.0,105.6,411.3,256.1,140.75294115961967,266.9715073592287,163.20542126595433,236.5,195.7,86.0,250.1,244.6,214.1,240.94687234034134,356.00213315899526,325.0,851.0737409873648,324.2,101.5,148.4,200.49255619021446,78.4,163.6,437.47660917639706,275.8,204.9,243.64368963269834,110.6,169.3,301.22531600558153,128.5,135.9833575621957,282.6,86.9,25.8,461.29790238649576,250.83789999929277,291.7,197.69744277073892,277.6484058335069,230.82903881091067,1133.7,267.0,177.7,330.2,416.5,168.1,205.0,203.20385220736912,129.85034192297803,589.5,215.2,204.69940015440793,483.773277979159,187.6,216.9,29.6,365.0,109.82824843902912,345.0,247.2,152.5,221.8643438044981,243.0,293.8,177.94000568182528,108.68493291742868,403.6110683702475,224.4323473362487,207.88664229380277,277.29160326655733,132.9,84.4,254.6,429.0,270.5,147.2,105.8,90.8,231.5,323.1,143.52473744194202,302.4,186.4,151.3,72.12569800127201,806.4,278.9,331.27635224598,419.8,93.4,117.8,284.0,250.6668974777105,260.81516410916123,188.1,249.1,161.7,226.0,267.2,201.4,283.8,263.1,111.4,233.55369717232168,91.5,139.14515405592797,111.8,81.0,224.2,164.4,88.9,282.7,342.3,271.1,80.0,177.20745305634495,282.3,67.6,174.86326192362185,115.2,115.3,147.6,71.9,1.6,295.8143378654566,240.59926115175386,156.2,109.4,1.8073862534742313,122.6,303.996129215941,252.4,65.5,27.7,156.8,132.8,63.1,46.66829963139983,42.9,94.35443607422806,102.3,405.4,172.8,134.0,102.92233288177944,68.3,108.4,155.2,0.8,108.6,248.0,59.5,245.93941083843393,8.81173271553365,120.7,821.9121390132924,83.3,47.29027374287054,7.5,116.19616887720011,358.21910945457563,329.9272884698268,27.7,0.1,139.2,432.26538546199885,416.4,406.4,215.3,69.4,18.2,2.9,121.1,300.4,0.2,0.5,0.2,177.7,0.1,1.3448277498777514,0.1,0.1,0.2,0.6,1.0,9.2,577.5,200.76221735899028,13.0,517.8,1.4,170.5,3.1091232690826036,121.0,38.023756871086434,9.7,136.8441320422089,2.1,135.1,120.8,108.7,67.8,126.2,9.4,2.2,1.8,67.32751776998695,156.4,213.44873629134554,211.2582770862667,115.70943482950686,1.2,165.9,2.8,23.5,6.1,368.5,169.4,66.4,5.7,1.0,58.18730244367849,19.6,200.3,14.564638839554934,10.428841777188005,356.0,232.2,12.3,17.7,33.5,193.6,23.8,1.2,1.2,130.9,0.8,7.3,1.1,241.0,2.2,97.4,71.3,54.558844602077826,9.712414997539442,0.44280173657346633,2.7,58.6,90.0,0.6,128.0,7.6,72.9,85.1,68.2845668902948,9.4,0.3610956713127911,176.37494921715304,6.9,0.1,62.0,124.9,20.8,135.6,82.6,5.0,2.2249151351596326,46.137681736795926,107.2,4.6,127.8,62.8,49.4,12.6,287.7,37.7,153.1,93.0,11.6,0.1,0.6,126.5,53.4,12.1,41.7,7.3649241388822,0.5614579378694221,27.2,0.1,0.1,0.2,136.54771705089024,14.6,126.81663272068803,11.1,40.3
33,125.1,88.2,76.2,204.1474944472552,150.97349943383577,264.1,114.5,260.6,195.7,227.72834969391408,353.9419583821769,253.9,349.7,308.4208850933388,146.2,255.5,101.0,282.8,291.4,398.7306270354353,196.89750717187724,174.23503753306142,275.47774072061713,137.8,263.5842644487818,141.4,152.0,369.4,220.8,121.7,259.0,105.6,411.3,256.1,133.3461691425888,240.07004638707986,143.33199568097024,236.5,195.7,86.0,250.1,244.6,214.1,270.7926202932852,291.5068180631034,325.0,644.7452524327346,324.2,101.5,148.4,258.58128509494674,78.4,163.6,516.1966370852513,275.8,204.9,240.6459604979526,110.6,169.3,415.3553180211783,128.5,133.67602636206402,282.6,86.9,25.8,655.874342177872,218.1321797773063,291.7,163.8557685383412,315.80838663156123,206.8115081110412,1133.7,267.0,177.7,330.2,416.5,168.1,205.0,212.32905745265285,129.02515560742634,589.5,215.2,268.2400637025569,436.1500254904749,187.6,216.9,29.6,365.0,114.02612891829224,345.0,247.2,152.5,275.158005353961,243.0,293.8,234.0483332220764,98.51393800713944,327.22545684729243,253.81885790651586,178.71666819148797,313.6938909797753,132.9,84.4,254.6,429.0,270.5,147.2,105.8,90.8,231.5,323.1,143.88947803339966,302.4,186.4,151.3,89.57164681300999,806.4,278.9,316.44778090897694,419.8,93.4,117.8,284.0,220.1657153724703,250.70402619004128,188.1,249.1,161.7,226.0,267.2,201.4,283.8,263.1,111.4,198.48545803653593,91.5,143.84278621260583,111.8,81.0,224.2,164.4,88.9,282.7,342.3,271.1,80.0,167.51355890026946,282.3,67.6,177.0646806521261,115.2,115.3,147.6,71.9,1.6,216.3333369071618,218.45918761916093,156.2,109.4,2.375470680852794,122.6,235.3600032953982,252.4,65.5,27.7,156.8,132.8,63.1,45.66633906775045,42.9,96.27967058618887,102.3,405.4,172.8,134.0,85.82232261288905,68.3,108.4,155.2,0.8,108.6,248.0,59.5,186.71897258687184,6.982456609636496,120.7,841.2612608424804,83.3,38.62935339411161,7.5,101.14923968797574,257.51364000632833,269.14496804593097,27.7,0.1,139.2,354.8627506443081,416.4,406.4,215.3,69.4,18.2,2.9,121.1,300.4,0.2,0.5,0.2,177.7,0.1,1.649650341390783,0.1,0.1,0.2,0.6,1.0,9.2,577.5,213.3204731313171,13.0,517.8,1.4,170.5,3.130661694885927,121.0,32.779738878147406,9.7,154.86894398337864,2.1,135.1,120.8,108.7,67.8,126.2,9.4,2.2,1.8,68.86133791783146,156.4,229.2383454558721,199.98795393516073,138.31077096784702,1.2,165.9,2.8,23.5,6.1,368.5,169.4,66.4,5.7,1.0,65.01373891765631,19.6,200.3,12.545149751695167,12.105793442714665,356.0,232.2,12.3,17.7,33.5,193.6,23.8,1.2,1.2,130.9,0.8,7.3,1.1,241.0,2.2,97.4,71.3,41.57895547046176,8.837475536803751,0.48967318808236165,2.7,58.6,90.0,0.6,128.0,7.6,72.9,85.1,68.04623568105637,9.4,0.36765897078786014,190.34093616541486,6.9,0.1,62.0,124.9,20.8,135.6,82.6,5.0,2.3790284453583723,33.141283943051775,107.2,4.6,127.8,62.8,49.4,12.6,287.7,37.7,153.1,93.0,11.6,0.1,0.6,126.5,53.4,12.1,41.7,7.187136371082173,0.5923831943037717,27.2,0.1,0.1,0.2,165.65068285419582,14.6,169.3787406375983,11.1,40.3
34,125.1,88.2,76.2,213.70368993670562,176.47195973807143,264.1,114.5,260.6,195.7,194.86510434188733,369.9068964350218,253.9,349.7,288.931653946716,146.2,255.5,101.0,282.8,291.4,435.2456056934598,208.53848440345075,153.71615172041462,290.74851915168483,137.8,225.31122631490342,141.4,152.0,369.4,220.8,121.7,259.0,105.6,411.3,256.1,159.23395624366935,240.3325099004901,167.4625853968176,236.5,195.7,86.0,250.1,244.6,214.1,241.31351576215346,334.93167428288007,325.0,699.8305703497629,324.2,101.5,148.4,285.38541557018766,78.4,163.6,398.428140607898,275.8,204.9,189.57817077915306,110.6,169.3,410.80005134764053,128.5,140.56093122542163,282.6,86.9,25.8,540.107795781623,275.0334213439999,291.7,184.68203501858585,237.18722310140274,227.95011746816903,1133.7,267.0,177.7,330.2,416.5,168.1,205.0,219.14061184307005,145.76141380318023,589.5,215.2,253.28313741137603,440.2123248594743,187.6,216.9,29.6,365.0,128.94578644035934,345.0,247.2,152.5,271.9302767331252,243.0,293.8,165.90105705357539,82.9596188200939,327.66831497928126,252.36174565815867,170.06145016894487,385.3375300555585,132.9,84.4,254.6,429.0,270.5,147.2,105.8,90.8,231.5,323.1,164.88160343867588,302.4,186.4,151.3,80.50826923289947,806.4,278.9,388.11927474357094,419.8,93.4,117.8,284.0,242.42760774933586,272.9748289520435,188.1,249.1,161.7,226.0,267.2,201.4,283.8,263.1,111.4,216.02122027088845,91.5,119.49650201102354,111.8,81.0,224.2,164.4,88.9,282.7,342.3,271.1,80.0,129.36748967898475,282.3,67.6,196.65823358484263,115.2,115.3,147.6,71.9,1.6,277.2758400564997,215.30988288997193,156.2,109.4,2.2801568404208146,122.6,249.85498953144702,252.4,65.5,27.7,156.8,132.8,63.1,49.04850666449903,42.9,90.88752279765214,102.3,405.4,172.8,134.0,90.40120865082615,68.3,108.4,155.2,0.8,108.6,248.0,59.5,205.6537591969024,9.068150024055829,120.7,811.7544335747543,83.3,38.53652956464441,7.5,92.85892112401925,370.83486388524153,267.7762598061453,27.7,0.1,139.2,361.3512971108747,416.4,406.4,215.3,69.4,18.2,2.9,121.1,300.4,0.2,0.5,0.2,177.7,0.1,1.4152827612014471,0.1,0.1,0.2,0.6,1.0,9.2,577.5,259.4469945492325,13.0,517.8,1.4,170.5,2.7907927239358905,121.0,34.10013171074111,9.7,142.62735117110745,2.1,135.1,120.8,108.7,67.8,126.2,9.4,2.2,1.8,61.21483849448192,156.4,209.40292362398063,224.24079486704508,115.95542725742632,1.2,165.9,2.8,23.5,6.1,368.5,169.4,66.4,5.7,1.0,56.223448438308026,19.6,200.3,12.007742999614429,13.698623627577277,356.0,232.2,12.3,17.7,33.5,193.6,23.8,1.2,1.2,130.9,0.8,7.3,1.1,241.0,2.2,97.4,71.3,49.633582603276054,7.657962734527348,0.593208568560355,2.7,58.6,90.0,0.6,128.0,7.6,72.9,85.1,51.83805584013145,9.4,0.3217509705830468,184.72218689748672,6.9,0.1,62.0,124.9,20.8,135.6,82.6,5.0,2.213668547258225,35.66497456450178,107.2,4.6,127.8,62.8,49.4,12.6,287.7,37.7,153.1,93.0,11.6,0.1,0.6,126.5,53.4,12.1,41.7,8.417433493665492,0.689039289909555,27.2,0.1,0.1,0.2,127.80108662320916,14.6,120.16538802962482,11.1,40.3
35,125.1,88.2,76.2,260.2178569593613,140.20907513054152,264.1,114.5,260.6,195.7,202.1595269364845,404.0800575806031,253.9,349.7,261.305571448774,146.2,255.5,101.0,282.8,291.4,364.7612253717621,252.4800135040682,175.60638227341957,336.06385071873706,137.8,307.69018661526746,141.4,152.0,369.4,220.8,121.7,259.0,105.6,411.3,256.1,179.29459129178142,219.13340112598354,141.5428148012775,236.5,195.7,86.0,250.1,244.6,214.1,353.61622098738286,294.7920549001308,325.0,798.1822449936703,324.2,101.5,148.4,219.30310144027865,78.4,163.6,367.57686084320125,275.8,204.9,215.26982118634336,110.6,169.3,332.2344747348982,128.5,145.22393030152026,282.6,86.9,25.8,644.6590858955182,230.34587304374529,291.7,166.27895086937602,290.13516004550615,290.2955850363212,1133.7,267.0,177.7,330.2,416.5,168.1,205.0,173.95550878044352,106.41959319565836,589.5,215.2,246.3068245696222,463.04928071870086,187.6,216.9,29.6,365.0,95.52779632416872,345.0,247.2,152.5,209.3925837839198,243.0,293.8,185.80310812071895,98.49923674450409,408.3492175256253,263.14551494097196,178.14335236322492,316.7438069041344,132.9,84.4,254.6,429.0,270.5,147.2,105.8,90.8,231.5,323.1,143.39211343383334,302.4,186.4,151.3,96.53252424051966,806.4,278.9,327.73982138465993,419.8,93.4,117.8,284.0,257.8866716952893,273.694079064106,188.1,249.1,161.7,226.0,267.2,201.4,283.8,263.1,111.4,198.38254988809805,91.5,127.2586105899191,111.8,81.0,224.2,164.4,88.9,282.7,342.3,271.1,80.0,168.9702493294837,282.3,67.6,157.3889459488699,115.2,115.3,147.6,71.9,1.6,266.5637671977472,234.56017050783558,156.2,109.4,2.4612654677320696,122.6,267.711671850013,252.4,65.5,27.7,156.8,132.8,63.1,59.47760940672623,42.9,89.97659906142286,102.3,405.4,172.8,134.0,94.86975672115076,68.3,108.4,155.2,0.8,108.6,248.0,59.5,180.96882856057192,7.7307526630659416,120.7,844.0984918995555,83.3,47.6813817768698,7.5,115.92162689083221,284.63187502484107,283.6941563118684,27.7,0.1,139.2,370.891604811251,416.4,406.4,215.3,69.4,18.2,2.9,121.1,300.4,0.2,0.5,0.2,177.7,0.1,1.4750787111035863,0.1,0.1,0.2,0.6,1.0,9.2,577.5,263.5991272093721,13.0,517.8,1.4,170.5,2.584488016068089,121.0,38.404994017097124,9.7,133.69393276382644,2.1,135.1,120.8,108.7,67.8,126.2,9.4,2.2,1.8,70.25076081049536,156.4,191.21205712622816,206.92311470794135,136.4892483358795,1.2,165.9,2.8,23.5,6.1,368.5,169.4,66.4,5.7,1.0,55.97874955513922,19.6,200.3,17.535013415488045,14.227082942103626,356.0,232.2,12.3,17.7,33.5,193.6,23.8,1.2,1.2,130.9,0.8,7.3,1.1,241.0,2.2,97.4,71.3,46.740681705300815,7.343511268539627,0.40058832700489677,2.7,58.6,90.0,0.6,128.0,7.6,72.9,85.1,51.444605867666645,9.4,0.3495883022965945,197.71011173940104,6.9,0.1,62.0,124.9,20.8,135.6,82.6,5.0,2.515061990674687,33.572490075957916,107.2,4.6,127.8,62.8,49.4,12.6,287.7,37.7,153.1,93.0,11.6,0.1,0.6,126.5,53.4,12.1,41.7,8.157414791559317,0.5306578790891427,27.2,0.1,0.1,0.2,130.78093816231984,14.6,144.9095911574282,11.1,40.3
36,125.1,88.2,76.2,259.83870396852546,146.14323940321097,264.1,114.5,260.6,195.7,175.2218798016687,399.445771201699,253.9,349.7,229.74539855824196,146.2,255.5,101.0,282.8,291.4,434.72836675427203,229.1462749527726,188.94815485465563,330.6874749064032,137.8,246.07344390518693,141.4,152.0,369.4,220.8,121.7,259.0,105.6,411.3,256.1,157.44026281560414,230.33430897108843,131.75538679521955,236.5,195.7,86.0,250.1,244.6,214.1,311.00950793505433,265.403806359143,325.0,806.3366766273301,324.2,101.5,148.4,244.89956416068074,78.4,163.6,486.6371206343659,275.8,204.9,183.58724679479016,110.6,169.3,336.8403163062899,128.5,163.22532913830364,282.6,86.9,25.8,556.2707728755236,237.00559724191703,291.7,198.7815774435963,339.0027422593317,262.1622913329222,1133.7,267.0,177.7,330.2,416.5,168.1,205.0,209.79302785201384,130.98502116723802,589.5,215.2,283.90650820502185,402.7948003428888,187.6,216.9,29.6,365.0,136.80860471853174,345.0,247.2,152.5,221.6020890147978,243.0,293.8,202.71699046410495,94.10908700645867,434.3011450663674,196.9521206227526,173.87234310367518,310.59518044613026,132.9,84.4,254.6,429.0,270.5,147.2,105.8,90.8,231.5,323.1,149.33795486509555,302.4,186.4,151.3,77.8112127406445,806.4,278.9,297.9695767384418,419.8,93.4,117.8,284.0,269.68717214936345,275.33633477331205,188.1,249.1,161.7,226.0,267.2,201.4,283.8,263.1,111.4,227.12750087627236,91.5,149.61781416234652,111.8,81.0,224.2,164.4,88.9,282.7,342.3,271.1,80.0,153.53512053877046,282.3,67.6,155.43582420174542,115.2,115.3,147.6,71.9,1.6,228.30699537671774,252.97024135374866,156.2,109.4,1.7744722816569365,122.6,245.9498304235206,252.4,65.5,27.7,156.8,132.8,63.1,60.18510515210013,42.9,78.19901634709403,102.3,405.4,172.8,134.0,107.04017890114112,68.3,108.4,155.2,0.8,108.6,248.0,59.5,244.8675514183622,9.67763500106734,120.7,623.5017877887753,83.3,35.49520255240275,7.5,126.7343267789478,299.1216021574005,301.56585947144333,27.7,0.1,139.2,362.03710780623874,416.4,406.4,215.3,69.4,18.2,2.9,121.1,300.4,0.2,0.5,0.2,177.7,0.1,1.3538676918999353,0.1,0.1,0.2,0.6,1.0,9.2,577.5,189.26876626381468,13.0,517.8,1.4,170.5,2.860946804218489,121.0,41.0560098443328,9.7,126.43447129275742,2.1,135.1,120.8,108.7,67.8,126.2,9.4,2.2,1.8,66.87794754212507,156.4,211.97123950174344,215.67342684608187,135.90408439152554,1.2,165.9,2.8,23.5,6.1,368.5,169.4,66.4,5.7,1.0,63.10937586013278,19.6,200.3,15.382894618363668,11.82964465858125,356.0,232.2,12.3,17.7,33.5,193.6,23.8,1.2,1.2,130.9,0.8,7.3,1.1,241.0,2.2,97.4,71.3,46.984782635530465,8.992686624522303,0.5442729999112368,2.7,58.6,90.0,0.6,128.0,7.6,72.9,85.1,66.92490548016296,9.4,0.44075550964194904,157.43744357154412,6.9,0.1,62.0,124.9,20.8,135.6,82.6,5.0,2.7667183487428586,37.689421993402306,107.2,4.6,127.8,62.8,49.4,12.6,287.7,37.7,153.1,93.0,11.6,0.1,0.6,126.5,53.4,12.1,41.7,8.107523864447531,0.6633704247048824,27.2,0.1,0.1,0.2,143.74937094930613,14.6,142.86372846221497,11.1,40.3
37,125.1,88.2,76.2,191.46149237127182,174.79166805873254,264.1,114.5,260.6,195.7,206.03654864538237,379.77383495351165,253.9,349.7,329.92013769155506,146.2,255.5,101.0,282.8,291.4,438.30770683261164,190.08416183412757,149.03653988583537,350.4220126340706,137.8,238.89674371470602,141.4,152.0,369.4,220.8,121.7,259.0,105.6,411.3,256.1,129.0056251567669,190.17319238614527,167.92777740271703,236.5,195.7,86.0,250.1,244.6,214.1,343.6306204863583,330.24922685144037,325.0,793.1426832654751,324.2,101.5,148.4,267.0636638642113,78.4,163.6,511.58972487865236,275.8,204.9,242.17906675756052,110.6,169.3,292.1585302939735,128.5,123.75464998614211,282.6,86.9,25.8,626.2226957461464,287.18626954741404,291.7,155.28685071329411,311.4086936188141,248.9544784156111,1133.7,267.0,177.7,330.2,416.5,168.1,205.0,177.52596926542532,154.18705351982967,589.5,215.2,208.9677960554047,485.1887757779001,187.6,216.9,29.6,365.0,104.280630230977,345.0,247.2,152.5,244.16752238446585,243.0,293.8,189.76005729278924,89.42657382976327,437.04285216461386,273.513916757763,180.02205327640863,380.78006346177773,132.9,84.4,254.6,429.0,270.5,147.2,105.8,90.8,231.5,323.1,168.22171853273815,302.4,186.4,151.3,96.84004972939582,806.4,278.9,357.1251982754839,419.8,93.4,117.8,284.0,234.1976503517309,305.192933381405,188.1,249.1,161.7,226.0,267.2,201.4,283.8,263.1,111.4,169.03706161520705,91.5,109.62247340976045,111.8,81.0,224.2,164.4,88.9,282.7,342.3,271.1,80.0,180.4414340928002,282.3,67.6,193.13803431891796,115.2,115.3,147.6,71.9,1.6,241.54412794149204,306.58555004120353,156.2,109.4,2.3928295632339043,122.6,311.77219491175845,252.4,65.5,27.7,156.8,132.8,63.1,53.92738829001817,42.9,79.96838790615901,102.3,405.4,172.8,134.0,102.95834097486629,68.3,108.4,155.2,0.8,108.6,248.0,59.5,229.4269778762354,8.027096467726135,120.7,728.302838796781,83.3,45.66326245530813,7.5,103.17445551787904,359.18854026008705,341.0098435000939,27.7,0.1,139.2,380.37838753426877,416.4,406.4,215.3,69.4,18.2,2.9,121.1,300.4,0.2,0.5,0.2,177.7,0.1,1.491424919233626,0.1,0.1,0.2,0.6,1.0,9.2,577.5,213.34558412256752,13.0,517.8,1.4,170.5,2.6676868612218763,121.0,43.759184247997425,9.7,138.28996662898479,2.1,135.1,120.8,108.7,67.8,126.2,9.4,2.2,1.8,67.7210470528935,156.4,191.0497429230802,263.2680018726433,126.27982091379587,1.2,165.9,2.8,23.5,6.1,368.5,169.4,66.4,5.7,1.0,67.90334681460575,19.6,200.3,17.290070334564682,13.858640856190938,356.0,232.2,12.3,17.7,33.5,193.6,23.8,1.2,1.2,130.9,0.8,7.3,1.1,241.0,2.2,97.4,71.3,39.382529830098356,8.708173376026313,0.5352595341812831,2.7,58.6,90.0,0.6,128.0,7.6,72.9,85.1,53.04734414890843,9.4,0.39525455056566594,142.51268121903226,6.9,0.1,62.0,124.9,20.8,135.6,82.6,5.0,2.5412117534747614,42.60290307913144,107.2,4.6,127.8,62.8,49.4,12.6,287.7,37.7,153.1,93.0,11.6,0.1,0.6,126.5,53.4,12.1,41.7,7.574819174329869,0.7190963008841333,27.2,0.1,0.1,0.2,170.30006680732356,14.6,126.14300113168723,11.1,40.3
38,125.1,88.2,76.2,185.26523936819203,132.4789004374658,264.1,114.5,260.6,195.7,234.6995635837526,309.3114833284837,253.9,349.7,234.1458024182626,146.2,255.5,101.0,282.8,291.4,418.0946222484499,215.85363233428262,167.03283883818273,319.3881026916561,137.8,256.182025226552,141.4,152.0,369.4,220.8,121.7,259.0,105.6,411.3,256.1,147.6396634088738,264.6003390638263,136.33579148618293,236.5,195.7,86.0,250.1,244.6,214.1,272.00931901022807,305.1064827322201,325.0,713.1230245404214,324.2,101.5,148.4,285.5121626066737,78.4,163.6,518.9300336343096,275.8,204.9,191.89794306510976,110.6,169.3,320.2480571154555,128.5,164.10165740646624,282.6,86.9,25.8,491.0376344375212,199.40924415556216,291.7,202.5616779279556,283.7557441664259,277.2740833394298,1133.7,267.0,177.7,330.2,416.5,168.1,205.0,222.33141913253934,120.64889077736261,589.5,215.2,203.57017630636506,542.0989456633472,187.6,216.9,29.6,365.0,123.16324309653974,345.0,247.2,152.5,235.56460266383232,243.0,293.8,218.76421189074026,105.51483889856922,345.827322743189,274.4715289045899,155.03295357245136,299.9062776738279,132.9,84.4,254.6,429.0,270.5,147.2,105.8,90.8,231.5,323.1,169.17726051190604,302.4,186.4,151.3,80.70130164850664,806.4,278.9,377.61243434153954,419.8,93.4,117.8,284.0,256.8607790609144,219.14791450451597,188.1,249.1,161.7,226.0,267.2,201.4,283.8,263.1,111.4,187.57310760816048,91.5,128.39899111950538,111.8,81.0,224.2,164.4,88.9,282.7,342.3,271.1,80.0,152.50418376695464,282.3,67.6,187.76058504991408,115.2,115.3,147.6,71.9,1.6,214.20888036633883,280.33999023206076,156.2,109.4,1.8510366059069516,122.6,220.8965014123385,252.4,65.5,27.7,156.8,132.8,63.1,53.82730744972729,42.9,82.18895616475008,102.3,405.4,172.8,134.0,107.75729645314811,68.3,108.4,155.2,0.8,108.6,248.0,59.5,177.97518791149463,9.723843145198273,120.7,675.017093058647,83.3,49.50935661280719,7.5,98.02286932269118,285.23499284334275,278.35950839557734,27.7,0.1,139.2,364.01506027475176,416.4,406.4,215.3,69.4,18.2,2.9,121.1,300.4,0.2,0.5,0.2,177.7,0.1,1.8498888390449157,0.1,0.1,0.2,0.6,1.0,9.2,577.5,259.9615798965391,13.0,517.8,1.4,170.5,3.159651127965553,121.0,41.10359066672123,9.7,184.3640045586186,2.1,135.1,120.8,108.7,67.8,126.2,9.4,2.2,1.8,63.94107545722058,156.4,186.19245390840297,214.86868851746124,144.54565277773665,1.2,165.9,2.8,23.5,6.1,368.5,169.4,66.4,5.7,1.0,76.28867085286122,19.6,200.3,12.75775537683651,10.52324787961469,356.0,232.2,12.3,17.7,33.5,193.6,23.8,1.2,1.2,130.9,0.8,7.3,1.1,241.0,2.2,97.4,71.3,52.03659243650901,8.239217764502218,0.5767445170269682,2.7,58.6,90.0,0.6,128.0,7.6,72.9,85.1,70.87830027194161,9.4,0.3710964759682129,194.34861058844146,6.9,0.1,62.0,124.9,20.8,135.6,82.6,5.0,2.6944485709656636,35.768156161780574,107.2,4.6,127.8,62.8,49.4,12.6,287.7,37.7,153.1,93.0,11.6,0.1,0.6,126.5,53.4,12.1,41.7,8.8905584562164,0.6818001317619211,27.2,0.1,0.1,0.2,158.27030948465074,14.6,174.50347230915384,11.1,40.3
39,125.1,88.2,76.2,231.15776862238644,161.94302705101217,264.1,114.5,260.6,195.7,230.9023127590337,396.1633391867616,253.9,349.7,298.9355742943006,146.2,255.5,101.0,282.8,291.4,398.8062979881032,191.13654498116463,155.52348615959394,299.6438001388802,137.8,232.8570410072603,141.4,152.0,369.4,220.8,121.7,259.0,105.6,411.3,256.1,192.352578531135,281.4294290085803,146.63585500275167,236.5,195.7,86.0,250.1,244.6,214.1,277.9851524528635,305.8160613137068,325.0,871.5596599446659,324.2,101.5,148.4,219.78653479671067,78.4,163.6,455.66157486691293,275.8,204.9,184.00028800382043,110.6,169.3,409.17060247384376,128.5,142.3509962338733,282.6,86.9,25.8,535.6328482792087,275.216215556694,291.7,159.36019270459562,345.9644810425644,208.4289661482023,1133.7,267.0,177.7,330.2,416.5,168.1,205.0,197.139936895405,133.26173549902052,589.5,215.2,221.02614719961184,476.63313333065213,187.6,216.9,29.6,365.0,112.36005671607813,345.0,247.2,152.5,267.7870699687326,243.0,293.8,243.06222462060452,106.3881297761601,314.7013033739058,191.3706161860679,197.54076920022675,389.65289236201795,132.9,84.4,254.6,429.0,270.5,147.2,105.8,90.8,231.5,323.1,168.52765744965217,302.4,186.4,151.3,77.63800945249255,806.4,278.9,322.0169964988211,419.8,93.4,117.8,284.0,254.13639907071206,281.58547869499506,188.1,249.1,161.7,226.0,267.2,201.4,283.8,263.1,111.4,211.36380067879907,91.5,149.0236627721528,111.8,81.0,224.2,164.4,88.9,282.7,342.3,271.1,80.0,124.84094852759712,282.3,67.6,216.2111488186933,115.2,115.3,147.6,71.9,1.6,220.92317507176242,253.1377836353408,156.2,109.4,2.372469304702082,122.6,245.9237263760788,252.4,65.5,27.7,156.8,132.8,63.1,53.123962895270324,42.9,83.35455270213998,102.3,405.4,172.8,134.0,76.681564012685,68.3,108.4,155.2,0.8,108.6,248.0,59.5,242.88426986254268,6.689390943486348,120.7,780.0390093551121,83.3,35.127601680744355,7.5,114.931035382356,271.59955507810633,269.04096709930894,27.7,0.1,139.2,414.2557683256664,416.4,406.4,215.3,69.4,18.2,2.9,121.1,300.4,0.2,0.5,0.2,177.7,0.1,1.419346333488344,0.1,0.1,0.2,0.6,1.0,9.2,577.5,182.68215911114362,13.0,517.8,1.4,170.5,3.4069428590240682,121.0,40.22540284247996,9.7,129.46946347623071,2.1,135.1,120.8,108.7,67.8,126.2,9.4,2.2,1.8,69.82043560383104,156.4,218.034579375504,283.0935006060637,109.05059520443756,1.2,165.9,2.8,23.5,6.1,368.5,169.4,66.4,5.7,1.0,71.57102354708687,19.6,200.3,14.276479463608021,14.07837766652831,356.0,232.2,12.3,17.7,33.5,193.6,23.8,1.2,1.2,130.9,0.8,7.3,1.1,241.0,2.2,97.4,71.3,39.459194391248985,8.173820216363723,0.5425148317440524,2.7,58.6,90.0,0.6,128.0,7.6,72.9,85.1,62.29819490476001,9.4,0.3935202175774297,205.9943358188574,6.9,0.1,62.0,124.9,20.8,135.6,82.6,5.0,1.9814248957142757,45.75785397890245,107.2,4.6,127.8,62.8,49.4,12.6,287.7,37.7,153.1,93.0,11.6,0.1,0.6,126.5,53.4,12.1,41.7,10.089581857201678,0.5904582436138393,27.2,0.1,0.1,0.2,182.34917978868802,14.6,127.24281815646651,11.1,40.3
40,125.1,88.2,76.2,207.3827864013856,153.8383689982973,264.1,114.5,260.6,195.7,236.14141516914714,390.02910019445187,253.9,349.7,251.1352129048268,146.2,255.5,101.0,282.8,291.4,411.020434785901,199.74471584805843,190.21513255873646,349.8928993147149,137.8,283.07377649255636,141.4,152.0,369.4,220.8,121.7,259.0,105.6,411.3,256.1,146.0835613840708,219.27094609620855,193.3204050884243,236.5,195.7,86.0,250.1,244.6,214.1,346.9546839702439,345.0779212781805,325.0,879.5857379209964,324.2,101.5,148.4,212.56121962556145,78.4,163.6,416.95618899182756,275.8,204.9,236.90943848227877,110.6,169.3,390.40730110740145,128.5,144.69610045798757,282.6,86.9,25.8,667.4190364223584,218.7863709275717,291.7,199.92252715748745,332.5663332438587,285.19240651287555,1133.7,267.0,177.7,330.2,416.5,168.1,205.0,227.54347601475888,110.75926056647164,589.5,215.2,232.13271994154277,403.40963338113636,187.6,216.9,29.6,365.0,124.5809842644984,345.0,247.2,152.5,268.11668257679787,243.0,293.8,230.7986272064698,107.0862330439773,310.8350848271585,196.3037839718285,192.71703294089605,366.38341151655584,132.9,84.4,254.6,429.0,270.5,147.2,105.8,90.8,231.5,323.1,177.16908628880148,302.4,186.4,151.3,97.02669140698634,806.4,278.9,395.52042114985875,419.8,93.4,117.8,284.0,279.2162598441932,262.76065955755985,188.1,249.1,161.7,226.0,267.2,201.4,283.8,263.1,111.4,171.7591429093489,91.5,144.03055888439548,111.8,81.0,224.2,164.4,88.9,282.7,342.3,271.1,80.0,140.06054764036998,282.3,67.6,200.70856295803253,115.2,115.3,147.6,71.9,1.6,211.56676536486526,220.09527794245307,156.2,109.4,1.9100312559763428,122.6,221.75519791633005,252.4,65.5,27.7,156.8,132.8,63.1,45.55011310227096,42.9,93.71315851148002,102.3,405.4,172.8,134.0,85.7430978849827,68.3,108.4,155.2,0.8,108.6,248.0,59.5,188.6912126407504,6.860209177812941,120.7,845.5850424817634,83.3,34.820213595058206,7.5,121.98827364188828,377.2261129896476,313.4396413222931,27.7,0.1,139.2,470.23537368528605,416.4,406.4,215.3,69.4,18.2,2.9,121.1,300.4,0.2,0.5,0.2,177.7,0.1,1.6100761830672339,0.1,0.1,0.2,0.6,1.0,9.2,577.5,257.2259532345404,13.0,517.8,1.4,170.5,3.1905895691392416,121.0,34.17904171003235,9.7,135.68906451402137,2.1,135.1,120.8,108.7,67.8,126.2,9.4,2.2,1.8,56.957166654384835,156.4,157.2612201368509,266.44199031839037,134.6044062084598,1.2,165.9,2.8,23.5,6.1,368.5,169.4,66.4,5.7,1.0,71.67193201107239,19.6,200.3,17.52362318408532,13.601173104199551,356.0,232.2,12.3,17.7,33.5,193.6,23.8,1.2,1.2,130.9,0.8,7.3,1.1,241.0,2.2,97.4,71.3,45.04119951173449,8.514585481688549,0.5212775361005472,2.7,58.6,90.0,0.6,128.0,7.6,72.9,85.1,56.215816854587196,9.4,0.3699397507934052,168.8783208246505,6.9,0.1,62.0,124.9,20.8,135.6,82.6,5.0,2.426831906679982,38.470265958512826,107.2,4.6,127.8,62.8,49.4,12.6,287.7,37.7,153.1,93.0,11.6,0.1,0.6,126.5,53.4,12.1,41.7,6.985367307421653,0.7044170588412949,27.2,0.1,0.1,0.2,129.2654788603827,14.6,144.81491971373597,11.1,40.3
41,125.1,88.2,76.2,224.41870180339012,171.12322936000666,264.1,114.5,260.6,195.7,169.0675967111362,349.74961634192124,253.9,349.7,247.37589935493656,146.2,255.5,101.0,282.8,291.4,439.3402612548021,218.69188977536385,137.95224925540415,354.5064355237691,137.8,280.46038332569697,141.4,152.0,369.4,220.8,121.7,259.0,105.6,411.3,256.1,139.4810653687195,254.6957040947131,134.33302070071778,236.5,195.7,86.0,250.1,244.6,214.1,269.69169062557063,363.3836097549475,325.0,671.8724298080447,324.2,101.5,148.4,200.77660513206473,78.4,163.6,366.3782172249813,275.8,204.9,205.6227492064996,110.6,169.3,350.5821350364897,128.5,163.78281730056932,282.6,86.9,25.8,629.216377896721,224.4734323301731,291.7,215.4425058645123,275.42381840918006,228.8223210588622,1133.7,267.0,177.7,330.2,416.5,168.1,205.0,219.21404570668827,152.62837352303745,589.5,215.2,263.29717897438184,488.25652342173635,187.6,216.9,29.6,365.0,116.89333599533171,345.0,247.2,152.5,214.10845121398322,243.0,293.8,212.78802652141061,93.28418704627002,345.89345952945837,218.02180208656856,146.7501944582938,394.04964938914907,132.9,84.4,254.6,429.0,270.5,147.2,105.8,90.8,231.5,323.1,130.0911202397315,302.4,186.4,151.3,76.20756871306905,806.4,278.9,314.86356700914916,419.8,93.4,117.8,284.0,282.9247717341596,268.42525961690194,188.1,249.1,161.7,226.0,267.2,201.4,283.8,263.1,111.4,196.7130476407915,91.5,133.0790022020762,111.8,81.0,224.2,164.4,88.9,282.7,342.3,271.1,80.0,141.2931592432561,282.3,67.6,150.37365573969825,115.2,115.3,147.6,71.9,1.6,298.12346315001037,210.66662485442103,156.2,109.4,2.2150240041920846,122.6,281.21324015317,252.4,65.5,27.7,156.8,132.8,63.1,52.5264885280041,42.9,75.99807749482764,102.3,405.4,172.8,134.0,114.18735024896478,68.3,108.4,155.2,0.8,108.6,248.0,59.5,239.18070581830327,6.864654173322732,120.7,822.6943941398662,83.3,47.85454658652061,7.5,129.6560661236295,376.1756939545943,336.3984002118592,27.7,0.1,139.2,387.0644044715074,416.4,406.4,215.3,69.4,18.2,2.9,121.1,300.4,0.2,0.5,0.2,177.7,0.1,1.431983545304952,0.1,0.1,0.2,0.6,1.0,9.2,577.5,255.19251211939206,13.0,517.8,1.4,170.5,2.526614431322554,121.0,38.35465832942851,9.7,161.94933566937874,2.1,135.1,120.8,108.7,67.8,126.2,9.4,2.2,1.8,56.97975804142496,156.4,223.30729716518076,270.1072312570678,103.44700844124289,1.2,165.9,2.8,23.5,6.1,368.5,169.4,66.4,5.7,1.0,71.57288679760191,19.6,200.3,14.235707821210319,13.211616282266366,356.0,232.2,12.3,17.7,33.5,193.6,23.8,1.2,1.2,130.9,0.8,7.3,1.1,241.0,2.2,97.4,71.3,56.55606594750293,8.583040038491312,0.4196742494163296,2.7,58.6,90.0,0.6,128.0,7.6,72.9,85.1,57.07594113011074,9.4,0.3471447730192232,202.10289647579557,6.9,0.1,62.0,124.9,20.8,135.6,82.6,5.0,2.57841610312944,37.005252262016405,107.2,4.6,127.8,62.8,49.4,12.6,287.7,37.7,153.1,93.0,11.6,0.1,0.6,126.5,53.4,12.1,41.7,9.392566373921934,0.6717293228171141,27.2,0.1,0.1,0.2,165.88216423105393,14.6,146.66566231924597,11.1,40.3
42,125.1,88.2,76.2,190.97433409542694,161.88864319775286,264.1,114.5,260.6,195.7,164.35580767706952,393.5770262031844,253.9,349.7,320.9720335606225,146.2,255.5,101.0,282.8,291.4,347.5985599033875,217.4287711375502,139.9605481575042,290.37919660814975,137.8,223.3458526939873,141.4,152.0,369.4,220.8,121.7,259.0,105.6,411.3,256.1,165.1291313356216,221.0956515238097,188.33273070507664,236.5,195.7,86.0,250.1,244.6,214.1,296.7538595167738,337.612276226473,325.0,828.0414786461643,324.2,101.5,148.4,283.45205575895363,78.4,163.6,511.35818245406824,275.8,204.9,192.52602069656564,110.6,169.3,399.5540173410584,128.5,135.25404777807466,282.6,86.9,25.8,577.5501815187255,252.98696041294656,291.7,195.03550622561258,269.2031113740528,272.27929546105804,1133.7,267.0,177.7,330.2,416.5,168.1,205.0,160.15892715718218,110.67083811084248,589.5,215.2,202.48263072095622,401.0432397714715,187.6,216.9,29.6,365.0,116.31701932561344,345.0,247.2,152.5,245.3764577158704,243.0,293.8,211.21239637160753,105.46600040928566,438.4408534175185,281.3382495476778,171.40510157759985,344.976463806346,132.9,84.4,254.6,429.0,270.5,147.2,105.8,90.8,231.5,323.1,128.7308733750436,302.4,186.4,151.3,85.93254756864857,806.4,278.9,281.4175003959244,419.8,93.4,117.8,284.0,294.94048939631955,298.72359937052033,188.1,249.1,161.7,226.0,267.2,201.4,283.8,263.1,111.4,179.96839344200538,91.5,130.65225279434242,111.8,81.0,224.2,164.4,88.9,282.7,342.3,271.1,80.0,179.6207435838832,282.3,67.6,195.18920058041834,115.2,115.3,147.6,71.9,1.6,243.3958023223349,291.06381924428734,156.2,109.4,2.4430844104977103,122.6,224.13611914139466,252.4,65.5,27.7,156.8,132.8,63.1,48.99520078581887,42.9,72.79970201379163,102.3,405.4,172.8,134.0,76.66738955789047,68.3,108.4,155.2,0.8,108.6,248.0,59.5,224.43322289039924,8.121650297832081,120.7,644.2113349947724,83.3,36.45491716441061,7.5,115.06398699644357,344.490924889235,288.8188659215556,27.7,0.1,139.2,494.93800107788127,416.4,406.4,215.3,69.4,18.2,2.9,121.1,300.4,0.2,0.5,0.2,177.7,0.1,1.904114449008689,0.1,0.1,0.2,0.6,1.0,9.2,577.5,214.36290791354332,13.0,517.8,1.4,170.5,2.856506788215582,121.0,32.07577763276652,9.7,146.93591542213693,2.1,135.1,120.8,108.7,67.8,126.2,9.4,2.2,1.8,54.63165458485508,156.4,154.027908627042,254.78548009616674,137.9000255481858,1.2,165.9,2.8,23.5,6.1,368.5,169.4,66.4,5.7,1.0,69.54684949883504,19.6,200.3,16.342996749354583,15.394491314049631,356.0,232.2,12.3,17.7,33.5,193.6,23.8,1.2,1.2,130.9,0.8,7.3,1.1,241.0,2.2,97.4,71.3,55.63801701968977,6.685364489289635,0.5116432168491256,2.7,58.6,90.0,0.6,128.0,7.6,72.9,85.1,76.7967823164915,9.4,0.3487142332400363,193.14121047566772,6.9,0.1,62.0,124.9,20.8,135.6,82.6,5.0,2.160206351373055,42.16535850845726,107.2,4.6,127.8,62.8,49.4,12.6,287.7,37.7,153.1,93.0,11.6,0.1,0.6,126.5,53.4,12.1,41.7,9.296836428426763,0.5921667380653921,27.2,0.1,0.1,0.2,152.5936115382226,14.6,148.40535134841497,11.1,40.3
43,125.1,88.2,76.2,218.84105740317153,167.60461934981242,264.1,114.5,260.6,195.7,222.717635052812,417.9988431654991,253.9,349.7,258.73700505622935,146.2,255.5,101.0,282.8,291.4,335.2098962773251,175.12218716606776,144.72887384346672,368.9808604605962,137.8,284.8770490483868,141.4,152.0,369.4,220.8,121.7,259.0,105.6,411.3,256.1,190.20280543643156,273.29315732363455,161.20533608962867,236.5,195.7,86.0,250.1,244.6,214.1,238.8474947372711,318.1027709229385,325.0,908.6627212785479,324.2,101.5,148.4,223.38257102565842,78.4,163.6,515.988539309641,275.8,204.9,179.3469833578243,110.6,169.3,420.2347670527745,128.5,128.41625296791136,282.6,86.9,25.8,645.2651468705357,208.7951424468349,291.7,162.26324827567,266.4650799978162,240.5587731094718,1133.7,267.0,177.7,330.2,416.5,168.1,205.0,180.49114356122755,152.08542165123578,589.5,215.2,223.49295048071826,372.3539479660785,187.6,216.9,29.6,365.0,124.70171277084162,345.0,247.2,152.5,252.77004677948725,243.0,293.8,169.09415389542215,79.35304467719499,351.24139070291886,282.5637982950289,216.9963091229381,298.9306478965023,132.9,84.4,254.6,429.0,270.5,147.2,105.8,90.8,231.5,323.1,124.4309991265663,302.4,186.4,151.3,97.24732991147316,806.4,278.9,393.85931623354895,419.8,93.4,117.8,284.0,295.54162135449064,209.22380310611712,188.1,249.1,161.7,226.0,267.2,201.4,283.8,263.1,111.4,178.23167637497983,91.5,124.26141424869844,111.8,81.0,224.2,164.4,88.9,282.7,342.3,271.1,80.0,128.20128598701282,282.3,67.6,155.8042800464785,115.2,115.3,147.6,71.9,1.6,219.56460882363427,256.4330945744654,156.2,109.4,1.8265075190092865,122.6,232.2452437718213,252.4,65.5,27.7,156.8,132.8,63.1,53.75478694093751,42.9,85.89140872860327,102.3,405.4,172.8,134.0,93.91884802886698,68.3,108.4,155.2,0.8,108.6,248.0,59.5,171.58529476344688,6.9623537703771925,120.7,595.7754838162533,83.3,49.58080544737312,7.5,93.46031287300147,301.0405524977961,299.9714508170219,27.7,0.1,139.2,428.70455901242303,416.4,406.4,215.3,69.4,18.2,2.9,121.1,300.4,0.2,0.5,0.2,177.7,0.1,1.3051226965343397,0.1,0.1,0.2,0.6,1.0,9.2,577.5,245.85902456424063,13.0,517.8,1.4,170.5,3.420712695173873,121.0,43.78136756448548,9.7,146.01356939647846,2.1,135.1,120.8,108.7,67.8,126.2,9.4,2.2,1.8,64.52754441148946,156.4,166.02634452110289,273.61458613348555,100.12852378757545,1.2,165.9,2.8,23.5,6.1,368.5,169.4,66.4,5.7,1.0,63.43388729558982,19.6,200.3,17.958412907532416,11.893685705682964,356.0,232.2,12.3,17.7,33.5,193.6,23.8,1.2,1.2,130.9,0.8,7.3,1.1,241.0,2.2,97.4,71.3,42.7950815688221,8.830238000271558,0.41058191093477,2.7,58.6,90.0,0.6,128.0,7.6,72.9,85.1,52.177499464860404,9.4,0.4454569361007272,150.9977464617478,6.9,0.1,62.0,124.9,20.8,135.6,82.6,5.0,2.653164480347587,33.63661558069702,107.2,4.6,127.8,62.8,49.4,12.6,287.7,37.7,153.1,93.0,11.6,0.1,0.6,126.5,53.4,12.1,41.7,8.368015493053761,0.6777015344596322,27.2,0.1,0.1,0.2,126.98599707533256,14.6,140.51906107902778,11.1,40.3
44,125.1,88.2,76.2,216.32105053987928,157.76597246319847,264.1,114.5,260.6,195.7,167.58459693392155,422.29897356567494,253.9,349.7,327.5983084922539,146.2,255.5,101.0,282.8,291.4,343.6465931872181,209.69915675690737,132.21149683792362,300.705481345719,137.8,287.4405207643373,141.4,152.0,369.4,220.8,121.7,259.0,105.6,411.3,256.1,137.39198333133845,226.15335863257513,172.11872569168145,236.5,195.7,86.0,250.1,244.6,214.1,237.0791338706578,364.14841019223616,325.0,759.7593904718376,324.2,101.5,148.4,241.41477442558408,78.4,163.6,405.1385592782313,275.8,204.9,247.39223875517237,110.6,169.3,345.5582880147255,128.5,128.6612944060475,282.6,86.9,25.8,464.96474172540076,231.060675795847,291.7,161.7535052759311,263.03121310213066,208.20775354198884,1133.7,267.0,177.7,330.2,416.5,168.1,205.0,170.71965328660994,127.1613185941803,589.5,215.2,277.39523353857396,500.6313286850311,187.6,216.9,29.6,365.0,96.77684788023934,345.0,247.2,152.5,274.08513901505063,243.0,293.8,167.28411937644907,79.4877182913127,343.2577408875988,244.86426819290782,211.23038572763375,368.62592500059156,132.9,84.4,254.6,429.0,270.5,147.2,105.8,90.8,231.5,323.1,174.31699204248855,302.4,186.4,151.3,88.11578209895097,806.4,278.9,306.78815782276644,419.8,93.4,117.8,284.0,220.3607075215873,207.20220225673958,188.1,249.1,161.7,226.0,267.2,201.4,283.8,263.1,111.4,174.50146933336993,91.5,107.23154201799723,111.8,81.0,224.2,164.4,88.9,282.7,342.3,271.1,80.0,185.59387031694052,282.3,67.6,197.34448623387627,115.2,115.3,147.6,71.9,1.6,227.22696604035795,290.36138995918355,156.2,109.4,1.901210069844895,122.6,276.62093032716155,252.4,65.5,27.7,156.8,132.8,63.1,56.8169049404732,42.9,89.12865376204665,102.3,405.4,172.8,134.0,91.58346806617666,68.3,108.4,155.2,0.8,108.6,248.0,59.5,184.52948406481144,6.993734666531042,120.7,787.0951653303226,83.3,46.240102198662015,7.5,99.25576479469899,301.0599260133114,349.99029731270167,27.7,0.1,139.2,372.1428119877979,416.4,406.4,215.3,69.4,18.2,2.9,121.1,300.4,0.2,0.5,0.2,177.7,0.1,1.3042138678120856,0.1,0.1,0.2,0.6,1.0,9.2,577.5,222.55592153441495,13.0,517.8,1.4,170.5,3.536775038429824,121.0,30.72829231687585,9.7,155.2179177990952,2.1,135.1,120.8,108.7,67.8,126.2,9.4,2.2,1.8,59.98776963610028,156.4,206.91690272986142,208.64885338564716,106.75583718564357,1.2,165.9,2.8,23.5,6.1,368.5,169.4,66.4,5.7,1.0,64.01724094390087,19.6,200.3,14.253658080879845,11.864445913068606,356.0,232.2,12.3,17.7,33.5,193.6,23.8,1.2,1.2,130.9,0.8,7.3,1.1,241.0,2.2,97.4,71.3,40.77197504377166,6.817882594937655,0.560720255956226,2.7,58.6,90.0,0.6,128.0,7.6,72.9,85.1,74.50732331175695,9.4,0.4114321019447289,156.6457051729734,6.9,0.1,62.0,124.9,20.8,135.6,82.6,5.0,2.6373047690294356,46.18541368754633,107.2,4.6,127.8,62.8,49.4,12.6,287.7,37.7,153.1,93.0,11.6,0.1,0.6,126.5,53.4,12.1,41.7,8.90956195182653,0.6239916305824416,27.2,0.1,0.1,0.2,137.04945707299626,14.6,128.87031763807892,11.1,40.3
45,125.1,88.2,76.2,262.80763786641256,132.3518467725089,264.1,114.5,260.6,195.7,230.30625944716934,398.4001156589052,253.9,349.7,298.5088966097349,146.2,255.5,101.0,282.8,291.4,374.3329490021522,215.7226800462358,182.52451853814898,299.4527591036583,137.8,316.18759246524064,141.4,152.0,369.4,220.8,121.7,259.0,105.6,411.3,256.1,150.26008775066893,279.8785439388839,172.42285223038158,236.5,195.7,86.0,250.1,244.6,214.1,262.11171198209234,325.66451521443537,325.0,927.630046073295,324.2,101.5,148.4,243.16209688088372,78.4,163.6,531.223576990167,275.8,204.9,191.09632371953973,110.6,169.3,295.585904582141,128.5,162.01219451992148,282.6,86.9,25.8,538.7023823686477,277.2996152267784,291.7,162.99809903351152,306.20020087147645,260.95740316515923,1133.7,267.0,177.7,330.2,416.5,168.1,205.0,189.81723179078398,109.54454308334627,589.5,215.2,206.477108397335,430.5269145701304,187.6,216.9,29.6,365.0,115.16124000911304,345.0,247.2,152.5,307.8036693282754,243.0,293.8,223.85517433660164,93.04185142572746,326.49069581280287,196.34895781542062,198.5173866865095,270.99253060081395,132.9,84.4,254.6,429.0,270.5,147.2,105.8,90.8,231.5,323.1,137.1368691215472,302.4,186.4,151.3,83.76064881826633,806.4,278.9,305.4698942835862,419.8,93.4,117.8,284.0,257.9799915379349,236.07573590681082,188.1,249.1,161.7,226.0,267.2,201.4,283.8,263.1,111.4,183.69164532949753,91.5,102.72651592713069,111.8,81.0,224.2,164.4,88.9,282.7,342.3,271.1,80.0,172.17399561617304,282.3,67.6,192.61912572536494,115.2,115.3,147.6,71.9,1.6,258.4201673980342,211.64324615050947,156.2,109.4,2.188336016545381,122.6,310.7850722183316,252.4,65.5,27.7,156.8,132.8,63.1,54.750176535911585,42.9,93.36227681894043,102.3,405.4,172.8,134.0,111.27598677353153,68.3,108.4,155.2,0.8,108.6,248.0,59.5,241.96495481223678,8.85325426573549,120.7,759.626025887043,83.3,39.42171260235281,7.5,88.01901779078352,360.4951797220184,273.11780341803814,27.7,0.1,139.2,404.7134726271619,416.4,406.4,215.3,69.4,18.2,2.9,121.1,300.4,0.2,0.5,0.2,177.7,0.1,1.677187766009311,0.1,0.1,0.2,0.6,1.0,9.2,577.5,246.90605381450297,13.0,517.8,1.4,170.5,3.609292440411159,121.0,41.99804433476683,9.7,174.38841463518736,2.1,135.1,120.8,108.7,67.8,126.2,9.4,2.2,1.8,52.3988009325123,156.4,197.4902950362915,239.39818942779846,137.30777523257413,1.2,165.9,2.8,23.5,6.1,368.5,169.4,66.4,5.7,1.0,75.29476087512359,19.6,200.3,12.274900817105054,11.456755227142585,356.0,232.2,12.3,17.7,33.5,193.6,23.8,1.2,1.2,130.9,0.8,7.3,1.1,241.0,2.2,97.4,71.3,39.35457714056035,9.365765005495767,0.5937321524313373,2.7,58.6,90.0,0.6,128.0,7.6,72.9,85.1,54.26325484746934,9.4,0.4351970629666638,172.96948895264393,6.9,0.1,62.0,124.9,20.8,135.6,82.6,5.0,2.818814708261972,40.193404266164116,107.2,4.6,127.8,62.8,49.4,12.6,287.7,37.7,153.1,93.0,11.6,0.1,0.6,126.5,53.4,12.1,41.7,6.825037860563664,0.5376153218182906,27.2,0.1,0.1,0.2,182.19928924813695,14.6,153.1671572274187,11.1,40.3
46,125.1,88.2,76.2,196.37043653230376,148.60437187143927,264.1,114.5,260.6,195.7,235.19781516785554,353.5543867390427,253.9,349.7,321.2521147493562,146.2,255.5,101.0,282.8,291.4,454.2760240252558,232.84776830925756,168.4573342963229,369.40102621850247,137.8,310.32292172447393,141.4,152.0,369.4,220.8,121.7,259.0,105.6,411.3,256.1,140.77571630010618,224.72193806016284,153.05804240074812,236.5,195.7,86.0,250.1,244.6,214.1,243.45380743802525,343.0845550382395,325.0,863.3054909844296,324.2,101.5,148.4,220.83184497856178,78.4,163.6,506.293853704393,275.8,204.9,190.54640886896453,110.6,169.3,315.68414904109613,128.5,172.89839115267975,282.6,86.9,25.8,524.6391044056135,236.98404610963982,291.7,193.71536068273647,339.7093312848401,272.67040621888157,1133.7,267.0,177.7,330.2,416.5,168.1,205.0,225.03499075833372,137.3530235676053,589.5,215.2,215.17956679445433,549.5149729270291,187.6,216.9,29.6,365.0,113.18201391302445,345.0,247.2,152.5,227.10325396470915,243.0,293.8,165.6803552044671,79.476987862332,421.7647455438255,204.52942852239946,190.3044068768017,275.65978221189954,132.9,84.4,254.6,429.0,270.5,147.2,105.8,90.8,231.5,323.1,139.75977992802424,302.4,186.4,151.3,74.65102038775392,806.4,278.9,293.7940721945368,419.8,93.4,117.8,284.0,237.96923454883316,296.1430721715504,188.1,249.1,161.7,226.0,267.2,201.4,283.8,263.1,111.4,232.84035856820205,91.5,109.56882414981153,111.8,81.0,224.2,164.4,88.9,282.7,342.3,271.1,80.0,137.48640784262867,282.3,67.6,157.31649712267017,115.2,115.3,147.6,71.9,1.6,254.93796606277672,292.15061774597825,156.2,109.4,2.334294368032765,122.6,267.3473778570262,252.4,65.5,27.7,156.8,132.8,63.1,45.31017746740529,42.9,83.20068434303722,102.3,405.4,172.8,134.0,111.99139813127165,68.3,108.4,155.2,0.8,108.6,248.0,59.5,208.10744917688496,6.712132467908744,120.7,697.9842078286276,83.3,43.157646636258605,7.5,97.51987896510272,368.81676911573754,350.58557436658776,27.7,0.1,139.2,441.6353430302961,416.4,406.4,215.3,69.4,18.2,2.9,121.1,300.4,0.2,0.5,0.2,177.7,0.1,1.638429892776736,0.1,0.1,0.2,0.6,1.0,9.2,577.5,230.3394654482102,13.0,517.8,1.4,170.5,3.476133614129392,121.0,32.33080703784142,9.7,126.40527056237326,2.1,135.1,120.8,108.7,67.8,126.2,9.4,2.2,1.8,63.63831108564438,156.4,163.93299435958681,269.1463488946798,143.75948878101207,1.2,165.9,2.8,23.5,6.1,368.5,169.4,66.4,5.7,1.0,75.45602110782407,19.6,200.3,14.156841105418652,12.27931145317907,356.0,232.2,12.3,17.7,33.5,193.6,23.8,1.2,1.2,130.9,0.8,7.3,1.1,241.0,2.2,97.4,71.3,51.47710753082356,7.428571497197523,0.4239058081175856,2.7,58.6,90.0,0.6,128.0,7.6,72.9,85.1,76.24748910756736,9.4,0.4538683170588078,191.13976427808385,6.9,0.1,62.0,124.9,20.8,135.6,82.6,5.0,1.9278953149775229,32.82124705362286,107.2,4.6,127.8,62.8,49.4,12.6,287.7,37.7,153.1,93.0,11.6,0.1,0.6,126.5,53.4,12.1,41.7,7.123680400614144,0.7178667713292227,27.2,0.1,0.1,0.2,186.52095482151296,14.6,119.64265767975017,11.1,40.3
47,125.1,88.2,76.2,223.893516381408,127.5172412834326,264.1,114.5,260.6,195.7,215.833644944901,423.8374359143492,253.9,349.7,282.94211572219564,146.2,255.5,101.0,282.8,291.4,369.6846915495611,201.2568336405288,150.8190327218047,372.099251725415,137.8,241.88623808891882,141.4,152.0,369.4,220.8,121.7,259.0,105.6,411.3,256.1,144.42650004852882,265.227965051417,175.99819684208336,236.5,195.7,86.0,250.1,244.6,214.1,237.00811673243064,315.76277216113465,325.0,909.11776044937,324.2,101.5,148.4,208.02594621068204,78.4,163.6,529.0016723731604,275.8,204.9,226.29917828188707,110.6,169.3,396.9815372775005,128.5,166.16607865957195,282.6,86.9,25.8,507.338614159317,224.24090478707595,291.7,206.38853685853672,298.7497549323448,257.716282152141,1133.7,267.0,177.7,330.2,416.5,168.1,205.0,197.9415248752991,133.91056901792157,589.5,215.2,268.60010455254417,519.4163572079143,187.6,216.9,29.6,365.0,92.93197801655334,345.0,247.2,152.5,293.22401910778206,243.0,293.8,207.52282825931638,91.35476840723906,405.9359460522319,265.4500676830679,218.26259618190375,334.01990979386613,132.9,84.4,254.6,429.0,270.5,147.2,105.8,90.8,231.5,323.1,126.56873531206435,302.4,186.4,151.3,100.83237714640988,806.4,278.9,358.1232014305714,419.8,93.4,117.8,284.0,243.51342935136756,265.83213579414553,188.1,249.1,161.7,226.0,267.2,201.4,283.8,263.1,111.4,192.71989774740007,91.5,131.67813922215186,111.8,81.0,224.2,164.4,88.9,282.7,342.3,271.1,80.0,137.08046762589817,282.3,67.6,198.4963535617321,115.2,115.3,147.6,71.9,1.6,262.82223787196045,217.81409251891714,156.2,109.4,2.3232926144422157,122.6,320.4103817104676,252.4,65.5,27.7,156.8,132.8,63.1,49.02881102980911,42.9,93.66908979100795,102.3,405.4,172.8,134.0,101.82698457446487,68.3,108.4,155.2,0.8,108.6,248.0,59.5,233.42060302991194,6.588195674987514,120.7,641.1381992214397,83.3,48.72829883120642,7.5,96.1400036473486,375.6355020635416,339.23348876484056,27.7,0.1,139.2,390.5942881521409,416.4,406.4,215.3,69.4,18.2,2.9,121.1,300.4,0.2,0.5,0.2,177.7,0.1,1.5344830656334798,0.1,0.1,0.2,0.6,1.0,9.2,577.5,207.6300956229493,13.0,517.8,1.4,170.5,3.6968781407201075,121.0,32.49096433164109,9.7,136.28861710813604,2.1,135.1,120.8,108.7,67.8,126.2,9.4,2.2,1.8,71.91135031481635,156.4,224.16785374784828,258.2842160813352,118.66330535886465,1.2,165.9,2.8,23.5,6.1,368.5,169.4,66.4,5.7,1.0,76.25317977141884,19.6,200.3,17.66562371991791,13.791643963455027,356.0,232.2,12.3,17.7,33.5,193.6,23.8,1.2,1.2,130.9,0.8,7.3,1.1,241.0,2.2,97.4,71.3,45.614857352412415,7.767868673657318,0.42555259911384113,2.7,58.6,90.0,0.6,128.0,7.6,72.9,85.1,56.273788123453954,9.4,0.3523610332991896,188.53324673606227,6.9,0.1,62.0,124.9,20.8,135.6,82.6,5.0,2.021184456976874,38.17498364235144,107.2,4.6,127.8,62.8,49.4,12.6,287.7,37.7,153.1,93.0,11.6,0.1,0.6,126.5,53.4,12.1,41.7,10.121519403090833,0.7185012399850984,27.2,0.1,0.1,0.2,159.0096110073014,14.6,141.71920156969603,11.1,40.3
48,125.1,88.2,76.2,186.13633001947755,123.25384398396932,264.1,114.5,260.6,195.7,166.10897118495552,310.21329356992663,253.9,349.7,241.41394860972022,146.2,255.5,101.0,282.8,291.4,482.0755395217436,216.8616432318469,185.69396333248145,295.42705687879,137.8,298.7413016583458,141.4,152.0,369.4,220.8,121.7,259.0,105.6,411.3,256.1,144.66778223618957,197.99399580881968,143.76740443428415,236.5,195.7,86.0,250.1,244.6,214.1,296.3942665503051,318.10389017421465,325.0,732.9865509299907,324.2,101.5,148.4,235.2582358907516,78.4,163.6,480.68212828184306,275.8,204.9,210.97923887435303,110.6,169.3,394.84621057523725,128.5,131.87194374724186,282.6,86.9,25.8,591.0618194326631,286.67644862906377,291.7,206.70615065290167,263.03178842331795,288.11955614343447,1133.7,267.0,177.7,330.2,416.5,168.1,205.0,184.48581835115027,107.67705152174102,589.5,215.2,266.9476960719446,491.1594687016128,187.6,216.9,29.6,365.0,102.1231212862084,345.0,247.2,152.5,226.08241458304747,243.0,293.8,242.14217329671925,76.01727189718737,305.07143084901617,226.77822028019176,182.60961825440438,393.07080284854425,132.9,84.4,254.6,429.0,270.5,147.2,105.8,90.8,231.5,323.1,145.8049474609538,302.4,186.4,151.3,91.65634932589927,806.4,278.9,304.0654683091043,419.8,93.4,117.8,284.0,214.2997489131171,207.18931517677382,188.1,249.1,161.7,226.0,267.2,201.4,283.8,263.1,111.4,239.80372527442347,91.5,104.56047683155569,111.8,81.0,224.2,164.4,88.9,282.7,342.3,271.1,80.0,138.80500050421858,282.3,67.6,178.77671415669258,115.2,115.3,147.6,71.9,1.6,217.2827525445663,264.68924377247583,156.2,109.4,2.3559305563447275,122.6,263.46433538054373,252.4,65.5,27.7,156.8,132.8,63.1,56.25775333699654,42.9,80.77720932199122,102.3,405.4,172.8,134.0,80.33581624338149,68.3,108.4,155.2,0.8,108.6,248.0,59.5,215.16313971168924,7.199416135371407,120.7,787.6060754447874,83.3,38.505315293275146,7.5,121.86014880896377,303.8137069123627,324.4270382537658,27.7,0.1,139.2,494.4095128415412,416.4,406.4,215.3,69.4,18.2,2.9,121.1,300.4,0.2,0.5,0.2,177.7,0.1,1.3598886343011858,0.1,0.1,0.2,0.6,1.0,9.2,577.5,231.48851715650147,13.0,517.8,1.4,170.5,2.921390137384699,121.0,30.759828782190993,9.7,187.2128101210287,2.1,135.1,120.8,108.7,67.8,126.2,9.4,2.2,1.8,50.7080121721801,156.4,159.9583279278641,273.2535531827085,136.96096787191257,1.2,165.9,2.8,23.5,6.1,368.5,169.4,66.4,5.7,1.0,52.367580171464084,19.6,200.3,14.624896158280837,10.482277568658855,356.0,232.2,12.3,17.7,33.5,193.6,23.8,1.2,1.2,130.9,0.8,7.3,1.1,241.0,2.2,97.4,71.3,47.94580836672543,8.083047553973746,0.5928916206657313,2.7,58.6,90.0,0.6,128.0,7.6,72.9,85.1,61.294736108988104,9.4,0.4583673441119933,143.54790799801677,6.9,0.1,62.0,124.9,20.8,135.6,82.6,5.0,2.470618685180904,41.78376570275984,107.2,4.6,127.8,62.8,49.4,12.6,287.7,37.7,153.1,93.0,11.6,0.1,0.6,126.5,53.4,12.1,41.7,9.492061252648957,0.5824533669094331,27.2,0.1,0.1,0.2,149.87899730658208,14.6,165.1930314663246,11.1,40.3
49,125.1,88.2,76.2,205.55162588420055,160.28236782807906,264.1,114.5,260.6,195.7,221.83829735904158,358.5941366395688,253.9,349.7,298.29620108815914,146.2,255.5,101.0,282.8,291.4,367.93455977831644,218.66445291112333,142.98343806166216,364.6028567382993,137.8,233.5576196298871,141.4,152.0,369.4,220.8,121.7,259.0,105.6,411.3,256.1,142.40959515387115,275.7891262821433,143.25872525160287,236.5,195.7,86.0,250.1,244.6,214.1,346.4322168117518,329.00266652754175,325.0,755.6151522727633,324.2,101.5,148.4,279.8105208980936,78.4,163.6,425.157699411388,275.8,204.9,246.3762862527271,110.6,169.3,361.8067878233841,128.5,153.22065314189584,282.6,86.9,25.8,554.0408429127241,285.03636214661395,291.7,182.5055284505172,323.27228094002663,240.63254639535288,1133.7,267.0,177.7,330.2,416.5,168.1,205.0,219.3622886135536,136.30956556763337,589.5,215.2,280.82914997843375,503.491235439747,187.6,216.9,29.6,365.0,99.94498751399897,345.0,247.2,152.5,286.9503191187724,243.0,293.8,172.46782956754996,86.7496982693695,381.57207351064983,260.1144244209385,164.4635385199248,275.6961874522021,132.9,84.4,254.6,429.0,270.5,147.2,105.8,90.8,231.5,323.1,133.77539893342376,302.4,186.4,151.3,94.67848458983688,806.4,278.9,322.95577218460795,419.8,93.4,117.8,284.0,236.3935699338683,236.08418182231046,188.1,249.1,161.7,226.0,267.2,201.4,283.8,263.1,111.4,203.9373333484661,91.5,111.41824564432572,111.8,81.0,224.2,164.4,88.9,282.7,342.3,271.1,80.0,140.53276865756348,282.3,67.6,201.36061279942177,115.2,115.3,147.6,71.9,1.6,256.025168362314,238.80837109606486,156.2,109.4,2.1340037249029638,122.6,313.24735072859994,252.4,65.5,27.7,156.8,132.8,63.1,49.36008936542704,42.9,86.25668241831872,102.3,405.4,172.8,134.0,87.57309942111604,68.3,108.4,155.2,0.8,108.6,248.0,59.5,241.5935284136397,7.4143885296805525,120.7,572.964522599026,83.3,43.161368650453774,7.5,125.21169247823917,253.4080529018331,296.17947971562353,27.7,0.1,139.2,338.0273644634629,416.4,406.4,215.3,69.4,18.2,2.9,121.1,300.4,0.2,0.5,0.2,177.7,0.1,1.596269588667335,0.1,0.1,0.2,0.6,1.0,9.2,577.5,211.7327955247375,13.0,517.8,1.4,170.5,3.1221686937545337,121.0,36.24673060497795,9.7,134.57854250001105,2.1,135.1,120.8,108.7,67.8,126.2,9.4,2.2,1.8,67.42961349962214,156.4,196.32501843525438,226.95074037844788,142.54117829443192,1.2,165.9,2.8,23.5,6.1,368.5,169.4,66.4,5.7,1.0,53.21687278531901,19.6,200.3,17.239484143703066,13.507009129950411,356.0,232.2,12.3,17.7,33.5,193.6,23.8,1.2,1.2,130.9,0.8,7.3,1.1,241.0,2.2,97.4,71.3,44.561923474269484,8.418071675408564,0.5444919924997674,2.7,58.6,90.0,0.6,128.0,7.6,72.9,85.1,64.33309892470858,9.4,0.3342382024033362,191.02648965638045,6.9,0.1,62.0,124.9,20.8,135.6,82.6,5.0,2.6970435746174997,45.57532215319759,107.2,4.6,127.8,62.8,49.4,12.6,287.7,37.7,153.1,93.0,11.6,0.1,0.6,126.5,53.4,12.1,41.7,8.2482134182383,0.5755298512352002,27.2,0.1,0.1,0.2,137.61877418325656,14.6,157.70389150501614,11.1,40.3
50,125.1,88.2,76.2,239.93720385314052,129.6414587228036,264.1,114.5,260.6,195.7,203.2163858836009,387.29973200818006,253.9,349.7,269.73206269906495,146.2,255.5,101.0,282.8,291.4,372.21495637528034,191.19684687622595,174.33031507697558,380.9556990633647,137.8,308.4523579683795,141.4,152.0,369.4,220.8,121.7,259.0,105.6,411.3,256.1,160.95700319292206,253.09893084709168,131.5246495981078,236.5,195.7,86.0,250.1,244.6,214.1,324.8460352040771,311.98879279968236,325.0,792.7829224654854,324.2,101.5,148.4,283.1304609484787,78.4,163.6,385.8564548122587,275.8,204.9,251.14704760775285,110.6,169.3,353.2395443798804,128.5,122.20674626540213,282.6,86.9,25.8,675.7690515271781,277.4294753654616,291.7,222.8245148380924,268.0569456955606,209.34717163025636,1133.7,267.0,177.7,330.2,416.5,168.1,205.0,190.3630385960567,132.1996119320345,589.5,215.2,241.45669900651197,430.7285651769355,187.6,216.9,29.6,365.0,127.02949807672263,345.0,247.2,152.5,245.29501582200064,243.0,293.8,182.55014472545133,107.5877062834758,367.19145726613294,251.3640706860382,217.8821629320874,329.2821434334753,132.9,84.4,254.6,429.0,270.5,147.2,105.8,90.8,231.5,323.1,130.56984734532355,302.4,186.4,151.3,99.7678693699247,806.4,278.9,345.9202534340642,419.8,93.4,117.8,284.0,297.90565612511057,277.5074969947805,188.1,249.1,161.7,226.0,267.2,201.4,283.8,263.1,111.4,199.98074574444712,91.5,147.22495556505316,111.8,81.0,224.2,164.4,88.9,282.7,342.3,271.1,80.0,136.92202124452794,282.3,67.6,155.7101411205181,115.2,115.3,147.6,71.9,1.6,223.0459713838033,237.0555606093834,156.2,109.4,1.8247530600782416,122.6,290.2370231494446,252.4,65.5,27.7,156.8,132.8,63.1,43.52177762082114,42.9,75.20442403705701,102.3,405.4,172.8,134.0,98.15281804888214,68.3,108.4,155.2,0.8,108.6,248.0,59.5,205.37851466973018,8.787651166942315,120.7,593.3895764595345,83.3,37.09487112179971,7.5,91.73786074751779,274.7084458320783,325.18214014862804,27.7,0.1,139.2,409.0519063047392,416.4,406.4,215.3,69.4,18.2,2.9,121.1,300.4,0.2,0.5,0.2,177.7,0.1,1.3893227077433346,0.1,0.1,0.2,0.6,1.0,9.2,577.5,210.05228326580905,13.0,517.8,1.4,170.5,2.547357331839238,121.0,38.9961222815235,9.7,163.49549988841903,2.1,135.1,120.8,108.7,67.8,126.2,9.4,2.2,1.8,58.799500234193864,156.4,216.10332935832326,262.96313566742305,102.38952322748794,1.2,165.9,2.8,23.5,6.1,368.5,169.4,66.4,5.7,1.0,57.22073855110206,19.6,200.3,15.310433730849107,12.390118674503704,356.0,232.2,12.3,17.7,33.5,193.6,23.8,1.2,1.2,130.9,0.8,7.3,1.1,241.0,2.2,97.4,71.3,43.36121516522886,9.50301470502308,0.4241124272060149,2.7,58.6,90.0,0.6,128.0,7.6,72.9,85.1,54.80952144992774,9.4,0.3330769539423593,159.7379236479016,6.9,0.1,62.0,124.9,20.8,135.6,82.6,5.0,2.7874610735805643,33.41944055900296,107.2,4.6,127.8,62.8,49.4,12.6,287.7,37.7,153.1,93.0,11.6,0.1,0.6,126.5,53.4,12.1,41.7,8.99116708395626,0.4984555511822312,27.2,0.1,0.1,0.2,132.99384467327764,14.6,148.80383426084674,11.1,40.3
51,125.1,88.2,76.2,253.9759453987092,171.13350757680718,264.1,114.5,260.6,195.7,164.1930310345431,344.1100822620574,253.9,349.7,257.3818528379127,146.2,255.5,101.0,282.8,291.4,420.944371750556,245.94214928643174,169.88746526498522,364.00855005951684,137.8,289.4761397159403,141.4,152.0,369.4,220.8,121.7,259.0,105.6,411.3,256.1,172.3919441202297,275.4664184074791,174.93450331788688,236.5,195.7,86.0,250.1,244.6,214.1,252.84324637867323,343.43283411909283,325.0,679.2168917689417,324.2,101.5,148.4,271.336531764319,78.4,163.6,458.48079374989237,275.8,204.9,186.5487907412645,110.6,169.3,319.8436840171457,128.5,163.6540131515323,282.6,86.9,25.8,552.9841838533691,206.34145799248765,291.7,164.78683540378924,266.86223570572116,222.7491958099528,1133.7,267.0,177.7,330.2,416.5,168.1,205.0,173.39212845959995,156.96789183870675,589.5,215.2,266.67153611746556,551.4100289228359,187.6,216.9,29.6,365.0,114.82954591028536,345.0,247.2,152.5,252.84862764824982,243.0,293.8,234.30854297529157,94.67405274040848,341.8946559000948,226.84192098103765,203.66824448327353,279.1572596392345,132.9,84.4,254.6,429.0,270.5,147.2,105.8,90.8,231.5,323.1,167.74561300506832,302.4,186.4,151.3,103.02280330019909,806.4,278.9,284.13854634787043,419.8,93.4,117.8,284.0,269.4273039358493,234.59473753692436,188.1,249.1,161.7,226.0,267.2,201.4,283.8,263.1,111.4,216.9465467459574,91.5,144.86034856650554,111.8,81.0,224.2,164.4,88.9,282.7,342.3,271.1,80.0,161.4703384000723,282.3,67.6,209.43979202122512,115.2,115.3,147.6,71.9,1.6,275.82286331505105,281.0407099007982,156.2,109.4,1.7780891885513708,122.6,281.35301260420863,252.4,65.5,27.7,156.8,132.8,63.1,58.65247384483998,42.9,66.97408924649153,102.3,405.4,172.8,134.0,103.25644431893107,68.3,108.4,155.2,0.8,108.6,248.0,59.5,214.49854493550382,8.95168819048496,120.7,805.5204543966354,83.3,35.54744742362021,7.5,129.67173342785418,263.00006576612475,257.3099173782624,27.7,0.1,139.2,360.56875221833053,416.4,406.4,215.3,69.4,18.2,2.9,121.1,300.4,0.2,0.5,0.2,177.7,0.1,1.8285364088685334,0.1,0.1,0.2,0.6,1.0,9.2,577.5,181.60098798862953,13.0,517.8,1.4,170.5,2.630969468443249,121.0,30.36104366352666,9.7,161.53654147828175,2.1,135.1,120.8,108.7,67.8,126.2,9.4,2.2,1.8,60.76976773087694,156.4,202.5862237804352,268.49811937633007,144.18687407054614,1.2,165.9,2.8,23.5,6.1,368.5,169.4,66.4,5.7,1.0,56.89707128118652,19.6,200.3,13.98966101710659,11.736957109948067,356.0,232.2,12.3,17.7,33.5,193.6,23.8,1.2,1.2,130.9,0.8,7.3,1.1,241.0,2.2,97.4,71.3,45.148653689615685,9.489879800579638,0.5877492672311468,2.7,58.6,90.0,0.6,128.0,7.6,72.9,85.1,66.21116191740407,9.4,0.34718088485537196,204.700845920878,6.9,0.1,62.0,124.9,20.8,135.6,82.6,5.0,2.34003608383817,42.538359156689324,107.2,4.6,127.8,62.8,49.4,12.6,287.7,37.7,153.1,93.0,11.6,0.1,0.6,126.5,53.4,12.1,41.7,8.232698763884375,0.6682466490974213,27.2,0.1,0.1,0.2,183.6234326692168,14.6,122.39173598286865,11.1,40.3
52,125.1,88.2,76.2,194.49846166169928,125.41398080248486,264.1,114.5,260.6,195.7,229.6548047314006,364.2271770306892,253.9,349.7,275.0036362832828,146.2,255.5,101.0,282.8,291.4,465.10871312114386,204.51341850757336,158.212308121833,298.0458740226738,137.8,246.69045266744078,141.4,152.0,369.4,220.8,121.7,259.0,105.6,411.3,256.1,141.4068045403256,202.94058586411643,184.88198584592988,236.5,195.7,86.0,250.1,244.6,214.1,295.1825607788539,306.980624257786,325.0,911.1158146492214,324.2,101.5,148.4,271.1142737570886,78.4,163.6,446.9579901984356,275.8,204.9,200.25980752895913,110.6,169.3,295.8952529412833,128.5,176.5943111981082,282.6,86.9,25.8,473.4495015569286,271.61959610001264,291.7,200.12091696775448,271.2469569270658,251.5841300410295,1133.7,267.0,177.7,330.2,416.5,168.1,205.0,162.88870831604206,109.36829132673924,589.5,215.2,232.62289083632197,499.8331871935087,187.6,216.9,29.6,365.0,92.48684830326646,345.0,247.2,152.5,301.35355001429,243.0,293.8,228.87974716838812,89.45326106239986,398.8371723108273,236.77303009236576,194.1597627165333,360.5962561054387,132.9,84.4,254.6,429.0,270.5,147.2,105.8,90.8,231.5,323.1,171.7235193623303,302.4,186.4,151.3,78.84186861201847,806.4,278.9,374.19071510664617,419.8,93.4,117.8,284.0,269.82055691664084,239.19862714500806,188.1,249.1,161.7,226.0,267.2,201.4,283.8,263.1,111.4,233.1088063787103,91.5,115.03554709263962,111.8,81.0,224.2,164.4,88.9,282.7,342.3,271.1,80.0,136.58142268871057,282.3,67.6,154.05071792895225,115.2,115.3,147.6,71.9,1.6,266.5888289903732,275.80438308589856,156.2,109.4,2.3888485298412006,122.6,227.6038683705496,252.4,65.5,27.7,156.8,132.8,63.1,48.68160873292024,42.9,70.711042672693,102.3,405.4,172.8,134.0,109.24548186761842,68.3,108.4,155.2,0.8,108.6,248.0,59.5,166.20061292445172,8.355583994765114,120.7,701.5931917055016,83.3,34.830744636650344,7.5,102.51402217526633,255.10989573274568,285.7677475312876,27.7,0.1,139.2,354.13664169701804,416.4,406.4,215.3,69.4,18.2,2.9,121.1,300.4,0.2,0.5,0.2,177.7,0.1,1.6651839071379018,0.1,0.1,0.2,0.6,1.0,9.2,577.5,225.4918526982499,13.0,517.8,1.4,170.5,3.4647656921919676,121.0,32.40457699720577,9.7,142.41555190555957,2.1,135.1,120.8,108.7,67.8,126.2,9.4,2.2,1.8,55.38113868695342,156.4,158.25514447657446,219.42622946828092,126.45726757993306,1.2,165.9,2.8,23.5,6.1,368.5,169.4,66.4,5.7,1.0,66.31980743672185,19.6,200.3,12.061577411920219,10.706617730773086,356.0,232.2,12.3,17.7,33.5,193.6,23.8,1.2,1.2,130.9,0.8,7.3,1.1,241.0,2.2,97.4,71.3,48.30430321752269,7.200906367406506,0.5565879494750162,2.7,58.6,90.0,0.6,128.0,7.6,72.9,85.1,53.417253650767854,9.4,0.3898675034693947,209.79815745946243,6.9,0.1,62.0,124.9,20.8,135.6,82.6,5.0,2.8635412576407067,35.9601004360638,107.2,4.6,127.8,62.8,49.4,12.6,287.7,37.7,153.1,93.0,11.6,0.1,0.6,126.5,53.4,12.1,41.7,6.850661429602877,0.67254889491792,27.2,0.1,0.1,0.2,151.16742318200096,14.6,157.31821591423457,11.1,40.3
53,125.1,88.2,76.2,237.7847672637836,132.0166912606129,264.1,114.5,260.6,195.7,199.04591416100467,419.7425402628303,253.9,349.7,308.71666449555744,146.2,255.5,101.0,282.8,291.4,365.53722678405,217.00273672176576,160.6827334307766,356.6071680848343,137.8,286.4355341566046,141.4,152.0,369.4,220.8,121.7,259.0,105.6,411.3,256.1,177.0844797025888,238.0974059898781,154.10405295312376,236.5,195.7,86.0,250.1,244.6,214.1,272.36767172560457,247.41335613840067,325.0,784.1550590800783,324.2,101.5,148.4,269.41785181038995,78.4,163.6,517.315116135908,275.8,204.9,210.07047228342975,110.6,169.3,383.1141436840911,128.5,123.6272659674792,282.6,86.9,25.8,584.8876047931428,276.6700507232425,291.7,178.63663541965025,310.8948052809758,221.87390021295687,1133.7,267.0,177.7,330.2,416.5,168.1,205.0,235.76515963139593,151.74748159117928,589.5,215.2,193.42338134160414,372.1158206838957,187.6,216.9,29.6,365.0,111.27502882900816,345.0,247.2,152.5,230.94290168482203,243.0,293.8,190.43787032425612,74.98826752946285,355.51476964154836,206.67907626751594,185.1741581521173,388.1127952608193,132.9,84.4,254.6,429.0,270.5,147.2,105.8,90.8,231.5,323.1,154.13413348740107,302.4,186.4,151.3,101.27984988551057,806.4,278.9,372.90497506589827,419.8,93.4,117.8,284.0,201.86218177124553,257.6523214313137,188.1,249.1,161.7,226.0,267.2,201.4,283.8,263.1,111.4,172.38920775438933,91.5,120.17026598956784,111.8,81.0,224.2,164.4,88.9,282.7,342.3,271.1,80.0,174.52178968173075,282.3,67.6,202.84371243605352,115.2,115.3,147.6,71.9,1.6,257.8253834774789,207.78322248415833,156.2,109.4,2.44718759263492,122.6,308.3922506168633,252.4,65.5,27.7,156.8,132.8,63.1,57.26375080321715,42.9,88.17108088397862,102.3,405.4,172.8,134.0,79.72574071368633,68.3,108.4,155.2,0.8,108.6,248.0,59.5,230.48941256356102,8.526046632301641,120.7,643.0546520629872,83.3,41.74956087332785,7.5,119.80332657628097,336.6435740564326,291.67592943305607,27.7,0.1,139.2,336.0972100371093,416.4,406.4,215.3,69.4,18.2,2.9,121.1,300.4,0.2,0.5,0.2,177.7,0.1,1.4465570828427121,0.1,0.1,0.2,0.6,1.0,9.2,577.5,209.4503569371475,13.0,517.8,1.4,170.5,3.7099155495676737,121.0,32.747943548445136,9.7,152.55921493532196,2.1,135.1,120.8,108.7,67.8,126.2,9.4,2.2,1.8,64.4420839515355,156.4,181.25807533686222,214.21539453886564,142.38865343961646,1.2,165.9,2.8,23.5,6.1,368.5,169.4,66.4,5.7,1.0,68.51998781979614,19.6,200.3,17.49245980108642,14.400191299115864,356.0,232.2,12.3,17.7,33.5,193.6,23.8,1.2,1.2,130.9,0.8,7.3,1.1,241.0,2.2,97.4,71.3,56.314886135383546,9.564873147518176,0.4938389303323155,2.7,58.6,90.0,0.6,128.0,7.6,72.9,85.1,65.77531077826663,9.4,0.3392368598479043,145.85600437719268,6.9,0.1,62.0,124.9,20.8,135.6,82.6,5.0,2.4891200260791364,42.3865229542146,107.2,4.6,127.8,62.8,49.4,12.6,287.7,37.7,153.1,93.0,11.6,0.1,0.6,126.5,53.4,12.1,41.7,8.642472493687555,0.5331832245479273,27.2,0.1,0.1,0.2,135.83788945789746,14.6,136.28921922017685,11.1,40.3
54,125.1,88.2,76.2,208.32995693786907,122.70480565157136,264.1,114.5,260.6,195.7,222.10984446386485,420.628108912308,253.9,349.7,233.06150198548852,146.2,255.5,101.0,282.8,291.4,340.06461200317887,173.8439758018226,133.78275210730018,336.56440831966756,137.8,304.1442413014388,141.4,152.0,369.4,220.8,121.7,259.0,105.6,411.3,256.1,150.08515973777165,246.97134883291693,178.86065472378394,236.5,195.7,86.0,250.1,244.6,214.1,276.28684477663666,324.6310539130148,325.0,741.0586595482849,324.2,101.5,148.4,266.3661510221626,78.4,163.6,528.511423253792,275.8,204.9,232.5897134364464,110.6,169.3,342.93175636534113,128.5,151.4860368562893,282.6,86.9,25.8,662.7245761533422,267.6486308189945,291.7,186.17410844486605,232.65763501995207,293.96873947060993,1133.7,267.0,177.7,330.2,416.5,168.1,205.0,219.84973034926253,122.27307227506665,589.5,215.2,277.06230494996936,422.76540753431806,187.6,216.9,29.6,365.0,105.59074369374144,345.0,247.2,152.5,213.26320268913818,243.0,293.8,170.1063091599337,77.50715313747969,409.49676268929716,261.5074713412747,207.8801204723069,344.8767203261159,132.9,84.4,254.6,429.0,270.5,147.2,105.8,90.8,231.5,323.1,149.59077821354037,302.4,186.4,151.3,78.44042457741263,806.4,278.9,334.65601817347346,419.8,93.4,117.8,284.0,217.17580229037065,253.20923804741443,188.1,249.1,161.7,226.0,267.2,201.4,283.8,263.1,111.4,166.0753878035221,91.5,134.8561942784587,111.8,81.0,224.2,164.4,88.9,282.7,342.3,271.1,80.0,163.51442329591134,282.3,67.6,167.47543313390736,115.2,115.3,147.6,71.9,1.6,244.2957821697027,220.99516246157214,156.2,109.4,1.6936232532159097,122.6,223.75644989770706,252.4,65.5,27.7,156.8,132.8,63.1,45.637196486456816,42.9,87.06236981956762,102.3,405.4,172.8,134.0,85.39591303520253,68.3,108.4,155.2,0.8,108.6,248.0,59.5,234.826809335708,6.745771835491096,120.7,665.6916536878033,83.3,39.30984525396373,7.5,90.25544423913033,311.0027292361559,333.76889957376096,27.7,0.1,139.2,403.8748913441179,416.4,406.4,215.3,69.4,18.2,2.9,121.1,300.4,0.2,0.5,0.2,177.7,0.1,1.5412185318841047,0.1,0.1,0.2,0.6,1.0,9.2,577.5,228.57598488911668,13.0,517.8,1.4,170.5,3.0944536120429103,121.0,30.27332389489325,9.7,181.23398050346276,2.1,135.1,120.8,108.7,67.8,126.2,9.4,2.2,1.8,70.28736355361083,156.4,159.20433413712064,242.93237291442063,122.07706752300491,1.2,165.9,2.8,23.5,6.1,368.5,169.4,66.4,5.7,1.0,66.525668204363,19.6,200.3,12.81935729111849,13.65202779511627,356.0,232.2,12.3,17.7,33.5,193.6,23.8,1.2,1.2,130.9,0.8,7.3,1.1,241.0,2.2,97.4,71.3,41.21160787249599,7.8493257973528,0.5108877051287748,2.7,58.6,90.0,0.6,128.0,7.6,72.9,85.1,74.03543219350155,9.4,0.4768643405557054,208.53765212470293,6.9,0.1,62.0,124.9,20.8,135.6,82.6,5.0,2.2691312901869365,40.74988608642375,107.2,4.6,127.8,62.8,49.4,12.6,287.7,37.7,153.1,93.0,11.6,0.1,0.6,126.5,53.4,12.1,41.7,9.779943641211705,0.5722954624488357,27.2,0.1,0.1,0.2,159.56794978183228,14.6,121.61208670197678,11.1,40.3
55,125.1,88.2,76.2,199.3672355684155,121.65051279928394,264.1,114.5,260.6,195.7,232.597747605859,421.6448326170399,253.9,349.7,244.1859885936389,146.2,255.5,101.0,282.8,291.4,328.9524359962766,228.43351911942213,148.96905952683315,353.638124264428,137.8,245.3115394951476,141.4,152.0,369.4,220.8,121.7,259.0,105.6,411.3,256.1,179.14187263939996,220.78579825609427,185.51157369000362,236.5,195.7,86.0,250.1,244.6,214.1,353.0735513862842,352.20584561350336,325.0,935.9144542918799,324.2,101.5,148.4,242.61156244914818,78.4,163.6,455.7006565337188,275.8,204.9,245.75504784074334,110.6,169.3,342.2591173073006,128.5,174.35096366047512,282.6,86.9,25.8,565.108771847482,223.78893051994123,291.7,166.51551058021874,302.8761416993615,261.6346033615192,1133.7,267.0,177.7,330.2,416.5,168.1,205.0,182.89770931757394,127.35064220111602,589.5,215.2,280.5760022841762,388.1675333032525,187.6,216.9,29.6,365.0,135.64390351410472,345.0,247.2,152.5,307.477838281411,243.0,293.8,208.64000907774798,78.25526591465041,395.22184267288543,205.39356713244283,217.74325518622868,348.82878340545614,132.9,84.4,254.6,429.0,270.5,147.2,105.8,90.8,231.5,323.1,162.55517094182744,302.4,186.4,151.3,70.08176893710765,806.4,278.9,397.59764432618283,419.8,93.4,117.8,284.0,287.98629394246996,274.0355401490665,188.1,249.1,161.7,226.0,267.2,201.4,283.8,263.1,111.4,232.174232680128,91.5,130.8928411847781,111.8,81.0,224.2,164.4,88.9,282.7,342.3,271.1,80.0,133.48678849782135,282.3,67.6,184.63490540902393,115.2,115.3,147.6,71.9,1.6,280.41383908893374,266.1041706787185,156.2,109.4,1.9465329409647978,122.6,233.44820756435414,252.4,65.5,27.7,156.8,132.8,63.1,60.32969898297527,42.9,66.47549136120928,102.3,405.4,172.8,134.0,90.50129388594833,68.3,108.4,155.2,0.8,108.6,248.0,59.5,218.41010091681397,8.85640383235646,120.7,730.4056369378682,83.3,42.97605536452394,7.5,115.66525034761153,346.8959477418056,277.11331526098917,27.7,0.1,139.2,483.33163741427313,416.4,406.4,215.3,69.4,18.2,2.9,121.1,300.4,0.2,0.5,0.2,177.7,0.1,1.8821082232178217,0.1,0.1,0.2,0.6,1.0,9.2,577.5,219.36644854515265,13.0,517.8,1.4,170.5,2.7379215381164035,121.0,37.305846047499884,9.7,170.58582035983807,2.1,135.1,120.8,108.7,67.8,126.2,9.4,2.2,1.8,60.65404806229533,156.4,163.9671597864414,221.42289290429778,134.16104712690947,1.2,165.9,2.8,23.5,6.1,368.5,169.4,66.4,5.7,1.0,69.98721598755564,19.6,200.3,12.709775507176087,11.980570990837714,356.0,232.2,12.3,17.7,33.5,193.6,23.8,1.2,1.2,130.9,0.8,7.3,1.1,241.0,2.2,97.4,71.3,52.0921366467044,9.492021564262874,0.43021487590025165,2.7,58.6,90.0,0.6,128.0,7.6,72.9,85.1,74.33345573076136,9.4,0.39827864544040925,179.07967606490342,6.9,0.1,62.0,124.9,20.8,135.6,82.6,5.0,2.6855451170301983,34.42939195235366,107.2,4.6,127.8,62.8,49.4,12.6,287.7,37.7,153.1,93.0,11.6,0.1,0.6,126.5,53.4,12.1,41.7,8.043123130256168,0.7042852998290432,27.2,0.1,0.1,0.2,128.5404994400857,14.6,134.33111066447006,11.1,40.3
56,125.1,88.2,76.2,239.01877729452718,134.55733151885403,264.1,114.5,260.6,195.7,201.51790219868968,451.00410366775145,253.9,349.7,228.1559088085988,146.2,255.5,101.0,282.8,291.4,348.0363892520569,171.5722126929179,179.99092205552208,278.3110365320136,137.8,303.9975810447093,141.4,152.0,369.4,220.8,121.7,259.0,105.6,411.3,256.1,192.39395936036126,193.82940079117282,176.0200461389061,236.5,195.7,86.0,250.1,244.6,214.1,278.994480249906,263.2432941340868,325.0,719.969442122217,324.2,101.5,148.4,242.20214272054616,78.4,163.6,488.77842192500606,275.8,204.9,202.881805752175,110.6,169.3,307.7030250457367,128.5,144.57492830880392,282.6,86.9,25.8,661.3507968785823,247.21319192376046,291.7,171.4104941567199,299.6889781498186,203.17675694721754,1133.7,267.0,177.7,330.2,416.5,168.1,205.0,166.275784484782,125.71271384718138,589.5,215.2,238.8541744609256,401.56791154018197,187.6,216.9,29.6,365.0,120.42674215195836,345.0,247.2,152.5,289.22685644509534,243.0,293.8,214.92657998074148,89.47532633813059,419.76109849807335,197.83760061739463,159.89466439263643,319.48667416426605,132.9,84.4,254.6,429.0,270.5,147.2,105.8,90.8,231.5,323.1,140.31952920385874,302.4,186.4,151.3,77.0283369530169,806.4,278.9,364.74018069470276,419.8,93.4,117.8,284.0,295.49895287793646,292.5546929840136,188.1,249.1,161.7,226.0,267.2,201.4,283.8,263.1,111.4,211.20934006572108,91.5,108.00711452943058,111.8,81.0,224.2,164.4,88.9,282.7,342.3,271.1,80.0,161.07955505541938,282.3,67.6,169.07791275337263,115.2,115.3,147.6,71.9,1.6,277.07617617517184,226.9380015968939,156.2,109.4,2.081263868249642,122.6,299.73548894008036,252.4,65.5,27.7,156.8,132.8,63.1,41.89586163246331,42.9,71.24895678127041,102.3,405.4,172.8,134.0,102.9710995634674,68.3,108.4,155.2,0.8,108.6,248.0,59.5,217.19623953431903,9.3291806507354,120.7,787.3298566028293,83.3,40.49526931920971,7.5,117.39802331129955,320.35718833960505,331.32759501913813,27.7,0.1,139.2,394.985415541041,416.4,406.4,215.3,69.4,18.2,2.9,121.1,300.4,0.2,0.5,0.2,177.7,0.1,1.725933728946126,0.1,0.1,0.2,0.6,1.0,9.2,577.5,189.13134413801973,13.0,517.8,1.4,170.5,2.581376492218502,121.0,38.654432971649,9.7,176.98290948808904,2.1,135.1,120.8,108.7,67.8,126.2,9.4,2.2,1.8,67.901133608688,156.4,175.6664899680878,222.18406833182965,120.06939198909359,1.2,165.9,2.8,23.5,6.1,368.5,169.4,66.4,5.7,1.0,65.34201438114009,19.6,200.3,13.444976378780003,11.479186546672416,356.0,232.2,12.3,17.7,33.5,193.6,23.8,1.2,1.2,130.9,0.8,7.3,1.1,241.0,2.2,97.4,71.3,41.909669890078824,8.000652474511822,0.5651896604528526,2.7,58.6,90.0,0.6,128.0,7.6,72.9,85.1,65.32837325399083,9.4,0.4610624453364045,178.98869722493762,6.9,0.1,62.0,124.9,20.8,135.6,82.6,5.0,1.9696120117890668,45.96897159429653,107.2,4.6,127.8,62.8,49.4,12.6,287.7,37.7,153.1,93.0,11.6,0.1,0.6,126.5,53.4,12.1,41.7,7.733035788107907,0.5638372248863635,27.2,0.1,0.1,0.2,166.30318842248212,14.6,119.36385992847745,11.1,40.3
57,125.1,88.2,76.2,254.55913694837153,177.52782539537532,264.1,114.5,260.6,195.7,161.53373203475283,428.16509939522416,253.9,349.7,283.03567515386936,146.2,255.5,101.0,282.8,291.4,369.0738699778748,212.54956306862428,131.6396522843663,266.7014489787633,137.8,252.28281904516973,141.4,152.0,369.4,220.8,121.7,259.0,105.6,411.3,256.1,153.41214904002604,237.53810650390562,196.12755232422887,236.5,195.7,86.0,250.1,244.6,214.1,353.4260962203433,367.4988159453146,325.0,731.5642173060169,324.2,101.5,148.4,218.3497865412164,78.4,163.6,451.32597347340914,275.8,204.9,243.2175256945855,110.6,169.3,376.0836557918444,128.5,164.27690248226278,282.6,86.9,25.8,508.2831052089494,228.2868719177784,291.7,218.20288334503766,257.6954827570829,235.35418571618084,1133.7,267.0,177.7,330.2,416.5,168.1,205.0,194.54618142520061,124.08563734711313,589.5,215.2,266.0898774232531,499.9651571667165,187.6,216.9,29.6,365.0,106.44275663980486,345.0,247.2,152.5,267.2454181339656,243.0,293.8,207.61371118050536,75.03207066516737,360.6598989662915,257.59035042910466,166.1870370738201,316.37923170485016,132.9,84.4,254.6,429.0,270.5,147.2,105.8,90.8,231.5,323.1,145.4824924967211,302.4,186.4,151.3,89.00612141017666,806.4,278.9,280.761005493431,419.8,93.4,117.8,284.0,255.9130297881821,229.52049383630015,188.1,249.1,161.7,226.0,267.2,201.4,283.8,263.1,111.4,200.620951836034,91.5,127.75352115985689,111.8,81.0,224.2,164.4,88.9,282.7,342.3,271.1,80.0,151.8427565003878,282.3,67.6,154.98675677925755,115.2,115.3,147.6,71.9,1.6,202.00304942791288,291.32781819753046,156.2,109.4,1.9572190024544822,122.6,280.99136745638486,252.4,65.5,27.7,156.8,132.8,63.1,42.428983676845505,42.9,93.27140992091691,102.3,405.4,172.8,134.0,99.7199822063389,68.3,108.4,155.2,0.8,108.6,248.0,59.5,205.06840037065564,6.952959659465875,120.7,795.5293070329778,83.3,40.678825971242865,7.5,102.0747226673945,288.8007233777451,312.6632266647223,27.7,0.1,139.2,456.8442299881556,416.4,406.4,215.3,69.4,18.2,2.9,121.1,300.4,0.2,0.5,0.2,177.7,0.1,1.6048506144973067,0.1,0.1,0.2,0.6,1.0,9.2,577.5,210.35201976792615,13.0,517.8,1.4,170.5,3.301386994011705,121.0,43.06205091523697,9.7,181.33938599855367,2.1,135.1,120.8,108.7,67.8,126.2,9.4,2.2,1.8,59.77883069356665,156.4,198.26243076098442,235.63646007142745,129.3555035195446,1.2,165.9,2.8,23.5,6.1,368.5,169.4,66.4,5.7,1.0,66.94239893951305,19.6,200.3,15.816209643164957,11.059646998795056,356.0,232.2,12.3,17.7,33.5,193.6,23.8,1.2,1.2,130.9,0.8,7.3,1.1,241.0,2.2,97.4,71.3,44.52882707868721,8.27811751285551,0.4087910773205272,2.7,58.6,90.0,0.6,128.0,7.6,72.9,85.1,70.54177285756529,9.4,0.3278871377373014,149.89563839929244,6.9,0.1,62.0,124.9,20.8,135.6,82.6,5.0,2.7482993938832982,41.888457672484805,107.2,4.6,127.8,62.8,49.4,12.6,287.7,37.7,153.1,93.0,11.6,0.1,0.6,126.5,53.4,12.1,41.7,9.200891270964375,0.6550661108894582,27.2,0.1,0.1,0.2,127.27752396010274,14.6,164.6060618523926,11.1,40.3
58,125.1,88.2,76.2,213.71572138467843,136.79754280082068,264.1,114.5,260.6,195.7,181.9916796357363,316.92724659771216,253.9,349.7,292.91989409590235,146.2,255.5,101.0,282.8,291.4,437.872827268425,255.5667457390457,138.52756457241045,330.44280511782137,137.8,239.42747350157157,141.4,152.0,369.4,220.8,121.7,259.0,105.6,411.3,256.1,136.37666650713965,196.07032344660598,135.80988019644312,236.5,195.7,86.0,250.1,244.6,214.1,247.61103470351767,279.0382610576831,325.0,829.8843782945806,324.2,101.5,148.4,230.8463325767307,78.4,163.6,438.4245206980272,275.8,204.9,240.69576479288583,110.6,169.3,346.1341605707202,128.5,174.795286989421,282.6,86.9,25.8,480.7394734069404,259.0921500594288,291.7,219.1818315561183,300.23960421657847,216.69169731470697,1133.7,267.0,177.7,330.2,416.5,168.1,205.0,221.80463755489222,123.76831274721451,589.5,215.2,224.33823266535734,442.86712120395293,187.6,216.9,29.6,365.0,131.22711235903188,345.0,247.2,152.5,212.79605734461697,243.0,293.8,186.63938635099188,92.8418115576117,356.95345058841497,240.5474043436962,213.83888426451125,285.70235918085916,132.9,84.4,254.6,429.0,270.5,147.2,105.8,90.8,231.5,323.1,159.63605885620495,302.4,186.4,151.3,97.18620823488699,806.4,278.9,377.3708899694125,419.8,93.4,117.8,284.0,255.14574245816135,209.46574553022248,188.1,249.1,161.7,226.0,267.2,201.4,283.8,263.1,111.4,179.1209214000869,91.5,112.01226671491165,111.8,81.0,224.2,164.4,88.9,282.7,342.3,271.1,80.0,129.67307998001107,282.3,67.6,164.1122074985553,115.2,115.3,147.6,71.9,1.6,250.89059298751997,217.09548935725428,156.2,109.4,1.9639500672774215,122.6,228.3504047355493,252.4,65.5,27.7,156.8,132.8,63.1,54.432820518077335,42.9,74.23446855276543,102.3,405.4,172.8,134.0,111.15865395199592,68.3,108.4,155.2,0.8,108.6,248.0,59.5,225.84452697097785,7.3560482449548905,120.7,631.0060812015357,83.3,35.196403493675184,7.5,98.02376514009876,297.2406927389018,281.05948286753784,27.7,0.1,139.2,337.769985134832,416.4,406.4,215.3,69.4,18.2,2.9,121.1,300.4,0.2,0.5,0.2,177.7,0.1,1.7405341392547975,0.1,0.1,0.2,0.6,1.0,9.2,577.5,214.36929278690963,13.0,517.8,1.4,170.5,3.2577679664501016,121.0,41.55079170661068,9.7,126.10180414267631,2.1,135.1,120.8,108.7,67.8,126.2,9.4,2.2,1.8,58.69970256537498,156.4,224.31157787611045,251.97039477712622,115.12916170932681,1.2,165.9,2.8,23.5,6.1,368.5,169.4,66.4,5.7,1.0,58.092375228399995,19.6,200.3,15.328747536384432,13.197961908715119,356.0,232.2,12.3,17.7,33.5,193.6,23.8,1.2,1.2,130.9,0.8,7.3,1.1,241.0,2.2,97.4,71.3,48.70846678691221,7.804667016308021,0.5047645622953415,2.7,58.6,90.0,0.6,128.0,7.6,72.9,85.1,53.08833365996692,9.4,0.47827005164209946,168.33879503729278,6.9,0.1,62.0,124.9,20.8,135.6,82.6,5.0,2.707450008429481,38.564547272818125,107.2,4.6,127.8,62.8,49.4,12.6,287.7,37.7,153.1,93.0,11.6,0.1,0.6,126.5,53.4,12.1,41.7,9.81778471093992,0.5695826701607215,27.2,0.1,0.1,0.2,135.31565189265504,14.6,134.47413934224386,11.1,40.3
59,125.1,88.2,76.2,251.54611569966426,120.63027287175343,264.1,114.5,260.6,195.7,241.52169937671022,355.2785822436201,253.9,349.7,253.63507808071074,146.2,255.5,101.0,282.8,291.4,406.93815043840107,222.56868855249212,164.61014333391046,346.39335555248493,137.8,282.8216284692096,141.4,152.0,369.4,220.8,121.7,259.0,105.6,411.3,256.1,152.362710730176,217.4620775062138,133.7424650722557,236.5,195.7,86.0,250.1,244.6,214.1,293.39831964143315,325.8166518404273,325.0,741.3045943801772,324.2,101.5,148.4,219.27582277982617,78.4,163.6,400.50787836845933,275.8,204.9,255.37187235076573,110.6,169.3,324.26101414561646,128.5,149.25225198245857,282.6,86.9,25.8,474.94676531290065,220.80785536228353,291.7,221.76936121173384,256.86958255551843,298.0265724169054,1133.7,267.0,177.7,330.2,416.5,168.1,205.0,166.5312941309336,143.5962437960306,589.5,215.2,229.07944449996876,496.6884806856384,187.6,216.9,29.6,365.0,124.47476379130526,345.0,247.2,152.5,215.822024376144,243.0,293.8,237.849616053082,95.93020111326362,309.61303244118494,249.59542166203374,174.40773090353508,359.604842180947,132.9,84.4,254.6,429.0,270.5,147.2,105.8,90.8,231.5,323.1,145.87800353756083,302.4,186.4,151.3,80.85998246352314,806.4,278.9,283.1898952566446,419.8,93.4,117.8,284.0,217.16890661286328,264.0921875322164,188.1,249.1,161.7,226.0,267.2,201.4,283.8,263.1,111.4,173.29817565491288,91.5,140.28410042312356,111.8,81.0,224.2,164.4,88.9,282.7,342.3,271.1,80.0,163.83884220775928,282.3,67.6,173.98921270654762,115.2,115.3,147.6,71.9,1.6,250.41151469453143,269.9951903927073,156.2,109.4,1.815011025563802,122.6,241.6165567514961,252.4,65.5,27.7,156.8,132.8,63.1,59.5084112645841,42.9,81.07853215502125,102.3,405.4,172.8,134.0,98.73445255691384,68.3,108.4,155.2,0.8,108.6,248.0,59.5,245.36234926256898,7.086594769202498,120.7,841.3693471426182,83.3,36.34880996961696,7.5,125.45601537935244,278.60533680833936,317.9000974336958,27.7,0.1,139.2,423.5229867274627,416.4,406.4,215.3,69.4,18.2,2.9,121.1,300.4,0.2,0.5,0.2,177.7,0.1,1.654972392266767,0.1,0.1,0.2,0.6,1.0,9.2,577.5,209.57806231124187,13.0,517.8,1.4,170.5,2.759912252167437,121.0,43.088875428589745,9.7,136.0648625342749,2.1,135.1,120.8,108.7,67.8,126.2,9.4,2.2,1.8,67.86008317584776,156.4,162.38759086190646,235.611995136291,137.11530483924219,1.2,165.9,2.8,23.5,6.1,368.5,169.4,66.4,5.7,1.0,62.30498086634169,19.6,200.3,17.773065935523082,10.981523500500918,356.0,232.2,12.3,17.7,33.5,193.6,23.8,1.2,1.2,130.9,0.8,7.3,1.1,241.0,2.2,97.4,71.3,41.202026622673074,7.441937193564736,0.5889022785593268,2.7,58.6,90.0,0.6,128.0,7.6,72.9,85.1,59.410399449111125,9.4,0.3421390863527667,148.24739073055937,6.9,0.1,62.0,124.9,20.8,135.6,82.6,5.0,2.054339083647456,32.13037482091886,107.2,4.6,127.8,62.8,49.4,12.6,287.7,37.7,153.1,93.0,11.6,0.1,0.6,126.5,53.4,12.1,41.7,6.961405687411662,0.5358901611057906,27.2,0.1,0.1,0.2,164.86949208479493,14.6,165.72635640695682,11.1,40.3
60,125.1,88.2,76.2,231.8826352502934,176.7686687832942,264.1,114.5,260.6,195.7,200.4416137114516,382.9998055234274,253.9,349.7,324.3508358822545,146.2,255.5,101.0,282.8,291.4,481.1934551500962,181.12618196378943,166.62418744661625,305.5074453866194,137.8,231.9940841355982,141.4,152.0,369.4,220.8,121.7,259.0,105.6,411.3,256.1,156.12951253823323,235.60302863060164,133.47099314370988,236.5,195.7,86.0,250.1,244.6,214.1,290.7991885711141,308.8303280629475,325.0,877.5021386908869,324.2,101.5,148.4,241.71829153447615,78.4,163.6,373.56609867034547,275.8,204.9,200.39418989785037,110.6,169.3,394.7782452140193,128.5,178.45563387614055,282.6,86.9,25.8,535.1524396475717,218.0612507716709,291.7,152.45804735057825,274.5956701692942,228.22735652270813,1133.7,267.0,177.7,330.2,416.5,168.1,205.0,198.42840287686772,139.5912233319551,589.5,215.2,240.46796510072835,383.4925959009829,187.6,216.9,29.6,365.0,133.04626324236165,345.0,247.2,152.5,265.24391211189015,243.0,293.8,216.4770299990323,78.53452341208214,422.8388037561249,271.06313175864585,208.67431838494124,353.2217550522062,132.9,84.4,254.6,429.0,270.5,147.2,105.8,90.8,231.5,323.1,143.71535940273594,302.4,186.4,151.3,102.36634152751793,806.4,278.9,338.8667276433119,419.8,93.4,117.8,284.0,280.33526152804814,246.0367480768918,188.1,249.1,161.7,226.0,267.2,201.4,283.8,263.1,111.4,185.4370333274786,91.5,120.39030944690734,111.8,81.0,224.2,164.4,88.9,282.7,342.3,271.1,80.0,149.81387894537698,282.3,67.6,155.88013236171258,115.2,115.3,147.6,71.9,1.6,244.48035668087275,230.22850685459477,156.2,109.4,2.498983700560048,122.6,309.42906827165484,252.4,65.5,27.7,156.8,132.8,63.1,53.43003326977204,42.9,92.35390786996632,102.3,405.4,172.8,134.0,77.98253088456349,68.3,108.4,155.2,0.8,108.6,248.0,59.5,181.1064373127547,7.801803570028353,120.7,763.3610945553294,83.3,47.71788839655526,7.5,116.53918699639708,322.2174443912848,351.7288929327832,27.7,0.1,139.2,357.0305898091493,416.4,406.4,215.3,69.4,18.2,2.9,121.1,300.4,0.2,0.5,0.2,177.7,0.1,1.3315390815473043,0.1,0.1,0.2,0.6,1.0,9.2,577.5,220.66819798015248,13.0,517.8,1.4,170.5,2.497851111381294,121.0,44.82874555886162,9.7,164.60668869889213,2.1,135.1,120.8,108.7,67.8,126.2,9.4,2.2,1.8,55.15583289354953,156.4,183.61802878160216,201.15331592422748,150.11855636278835,1.2,165.9,2.8,23.5,6.1,368.5,169.4,66.4,5.7,1.0,56.05618237603963,19.6,200.3,15.821958936377001,11.363659921476646,356.0,232.2,12.3,17.7,33.5,193.6,23.8,1.2,1.2,130.9,0.8,7.3,1.1,241.0,2.2,97.4,71.3,38.23288702190473,6.590835717476652,0.443784378821531,2.7,58.6,90.0,0.6,128.0,7.6,72.9,85.1,71.25059497837934,9.4,0.4407731345311675,177.17888050001548,6.9,0.1,62.0,124.9,20.8,135.6,82.6,5.0,2.4136120592461325,37.427967138532345,107.2,4.6,127.8,62.8,49.4,12.6,287.7,37.7,153.1,93.0,11.6,0.1,0.6,126.5,53.4,12.1,41.7,8.702999242759642,0.6077636898021078,27.2,0.1,0.1,0.2,179.67423354658945,14.6,152.23743481271944,11.1,40.3
61,125.1,88.2,76.2,184.3928668277436,125.90061176260099,264.1,114.5,260.6,195.7,227.32333501468514,382.9125155217703,253.9,349.7,302.49792417433,146.2,255.5,101.0,282.8,291.4,362.1151114927376,255.64663404185416,150.02588113959908,342.4340498614736,137.8,262.50460443922486,141.4,152.0,369.4,220.8,121.7,259.0,105.6,411.3,256.1,141.7427514784099,193.25598111482338,187.9181082545618,236.5,195.7,86.0,250.1,244.6,214.1,329.4808089289183,325.94929808354783,325.0,713.6018296024096,324.2,101.5,148.4,222.07555754543887,78.4,163.6,418.18809386549157,275.8,204.9,219.27008009209484,110.6,169.3,400.7933639544538,128.5,163.52987030956564,282.6,86.9,25.8,482.251787143538,201.8867406594433,291.7,167.1260417890863,243.05546869926576,252.7850696567848,1133.7,267.0,177.7,330.2,416.5,168.1,205.0,207.2373935890784,118.72229611554128,589.5,215.2,279.3865074190061,474.9847127546207,187.6,216.9,29.6,365.0,136.27918981890318,345.0,247.2,152.5,242.17967643111834,243.0,293.8,236.38993255673114,89.83546807931879,368.80737935268235,238.24173218920237,210.96172808863537,307.1412216022309,132.9,84.4,254.6,429.0,270.5,147.2,105.8,90.8,231.5,323.1,169.4479123759603,302.4,186.4,151.3,76.54514366597391,806.4,278.9,382.4823689320734,419.8,93.4,117.8,284.0,204.62605705804773,239.13358057362558,188.1,249.1,161.7,226.0,267.2,201.4,283.8,263.1,111.4,167.21984902050534,91.5,139.9135682019744,111.8,81.0,224.2,164.4,88.9,282.7,342.3,271.1,80.0,136.25776490448206,282.3,67.6,182.20125528412467,115.2,115.3,147.6,71.9,1.6,235.94842548083338,265.4520682852536,156.2,109.4,2.085922333170522,122.6,241.99476399715712,252.4,65.5,27.7,156.8,132.8,63.1,44.25111580275049,42.9,70.2708137795331,102.3,405.4,172.8,134.0,95.55722740100543,68.3,108.4,155.2,0.8,108.6,248.0,59.5,167.30389454214733,7.399915436389254,120.7,602.1219391421537,83.3,39.23700251098306,7.5,115.58642516020706,316.6813218002827,349.15030416616594,27.7,0.1,139.2,411.2184600034331,416.4,406.4,215.3,69.4,18.2,2.9,121.1,300.4,0.2,0.5,0.2,177.7,0.1,1.7049471164206556,0.1,0.1,0.2,0.6,1.0,9.2,577.5,214.72063458868777,13.0,517.8,1.4,170.5,3.277518188078578,121.0,42.87647619195256,9.7,173.34621999561637,2.1,135.1,120.8,108.7,67.8,126.2,9.4,2.2,1.8,50.419205201766964,156.4,165.68517698728698,277.2888973558562,146.59730156752678,1.2,165.9,2.8,23.5,6.1,368.5,169.4,66.4,5.7,1.0,74.82761212036175,19.6,200.3,13.095138053796525,11.438455602028759,356.0,232.2,12.3,17.7,33.5,193.6,23.8,1.2,1.2,130.9,0.8,7.3,1.1,241.0,2.2,97.4,71.3,41.831299513220195,7.158740499601029,0.42380311112958924,2.7,58.6,90.0,0.6,128.0,7.6,72.9,85.1,75.41966256579755,9.4,0.3751040014717582,168.55666678590777,6.9,0.1,62.0,124.9,20.8,135.6,82.6,5.0,2.6192130062289998,40.2987061781492,107.2,4.6,127.8,62.8,49.4,12.6,287.7,37.7,153.1,93.0,11.6,0.1,0.6,126.5,53.4,12.1,41.7,9.497840507600232,0.6679771664812078,27.2,0.1,0.1,0.2,130.64147769539798,14.6,169.12825920093655,11.1,40.3
62,125.1,88.2,76.2,244.50457637044073,160.51631332744012,264.1,114.5,260.6,195.7,226.3797810896291,340.3024742224774,253.9,349.7,256.14398128219574,146.2,255.5,101.0,282.8,291.4,487.7023242938726,187.98390549633976,168.765433488302,348.86690779516823,137.8,211.27555569439636,141.4,152.0,369.4,220.8,121.7,259.0,105.6,411.3,256.1,191.1623293163018,210.42375003712277,131.04064763919226,236.5,195.7,86.0,250.1,244.6,214.1,310.5920214198287,353.00946232362486,325.0,696.4074759530714,324.2,101.5,148.4,193.85004194500647,78.4,163.6,454.33961184923646,275.8,204.9,210.93052108318508,110.6,169.3,378.12962865817235,128.5,126.54503984505142,282.6,86.9,25.8,608.2479360434554,209.5930418720529,291.7,177.9536471587106,288.03909129587515,208.77434249333493,1133.7,267.0,177.7,330.2,416.5,168.1,205.0,176.6376818237238,131.78044609627048,589.5,215.2,270.3191067019293,437.9145785197098,187.6,216.9,29.6,365.0,92.7962958866568,345.0,247.2,152.5,273.81784539127415,243.0,293.8,192.49751485990174,90.99224505012089,367.32835048065294,250.60954458163292,206.9327480071715,270.8335463465665,132.9,84.4,254.6,429.0,270.5,147.2,105.8,90.8,231.5,323.1,138.9804078214589,302.4,186.4,151.3,86.51979460994814,806.4,278.9,308.44834515607977,419.8,93.4,117.8,284.0,255.30610191340216,245.1098710243291,188.1,249.1,161.7,226.0,267.2,201.4,283.8,263.1,111.4,189.06664160044474,91.5,121.57222480503123,111.8,81.0,224.2,164.4,88.9,282.7,342.3,271.1,80.0,156.83446652040087,282.3,67.6,209.28146060674038,115.2,115.3,147.6,71.9,1.6,230.0501742285415,222.2492548749743,156.2,109.4,1.9316106323895845,122.6,249.97265791780242,252.4,65.5,27.7,156.8,132.8,63.1,52.46883332909698,42.9,86.76396613408338,102.3,405.4,172.8,134.0,83.46022023023384,68.3,108.4,155.2,0.8,108.6,248.0,59.5,185.49268568636347,8.756180366665765,120.7,687.8871590062734,83.3,44.10106341944591,7.5,98.67192064328754,285.1221460344033,343.4141982464336,27.7,0.1,139.2,496.18927703905456,416.4,406.4,215.3,69.4,18.2,2.9,121.1,300.4,0.2,0.5,0.2,177.7,0.1,1.805124790785885,0.1,0.1,0.2,0.6,1.0,9.2,577.5,205.1611564210812,13.0,517.8,1.4,170.5,2.746456235651365,121.0,37.80438119487913,9.7,145.16532115509415,2.1,135.1,120.8,108.7,67.8,126.2,9.4,2.2,1.8,50.87749365217531,156.4,197.26920388655307,211.03363421485906,107.80993424447819,1.2,165.9,2.8,23.5,6.1,368.5,169.4,66.4,5.7,1.0,67.38894448189117,19.6,200.3,16.437759693559926,12.218621913931056,356.0,232.2,12.3,17.7,33.5,193.6,23.8,1.2,1.2,130.9,0.8,7.3,1.1,241.0,2.2,97.4,71.3,41.401728759901964,7.061454063560127,0.4621051652891569,2.7,58.6,90.0,0.6,128.0,7.6,72.9,85.1,61.261446125348265,9.4,0.46027960683649094,200.92623591616763,6.9,0.1,62.0,124.9,20.8,135.6,82.6,5.0,2.5799297846922657,35.22617828318833,107.2,4.6,127.8,62.8,49.4,12.6,287.7,37.7,153.1,93.0,11.6,0.1,0.6,126.5,53.4,12.1,41.7,9.279939610506334,0.6156017073829361,27.2,0.1,0.1,0.2,146.25117788446167,14.6,147.45213434643054,11.1,40.3
63,125.1,88.2,76.2,187.82570658338432,139.23898247583674,264.1,114.5,260.6,195.7,238.89053649895254,322.1019516124587,253.9,349.7,240.75861319780986,146.2,255.5,101.0,282.8,291.4,369.63839561286903,200.004395327009,153.56741920635207,265.14398888155955,137.8,293.9054273601068,141.4,152.0,369.4,220.8,121.7,259.0,105.6,411.3,256.1,163.71866558632797,272.81897001001335,194.2107432947698,236.5,195.7,86.0,250.1,244.6,214.1,328.8055394093313,345.4380749328591,325.0,938.7506967421011,324.2,101.5,148.4,209.1249966498729,78.4,163.6,380.3220895171685,275.8,204.9,177.4154236251206,110.6,169.3,323.81854907859315,128.5,138.69152144477476,282.6,86.9,25.8,650.0037705305787,276.0055202738809,291.7,161.80503459576934,296.72152715784114,207.02975842527997,1133.7,267.0,177.7,330.2,416.5,168.1,205.0,166.18708459543765,136.96720384081186,589.5,215.2,269.4552307663424,458.00831105240013,187.6,216.9,29.6,365.0,112.23644858627912,345.0,247.2,152.5,308.6241626514732,243.0,293.8,172.3921662991403,80.34032770881622,420.0518089143245,250.08645657297922,181.05515231679817,287.90830239236834,132.9,84.4,254.6,429.0,270.5,147.2,105.8,90.8,231.5,323.1,128.34712268618338,302.4,186.4,151.3,73.08844429337726,806.4,278.9,300.3499123895641,419.8,93.4,117.8,284.0,293.8558818353423,211.1545424386872,188.1,249.1,161.7,226.0,267.2,201.4,283.8,263.1,111.4,208.27165258677388,91.5,143.64652287240887,111.8,81.0,224.2,164.4,88.9,282.7,342.3,271.1,80.0,178.5007546773976,282.3,67.6,151.2119027397124,115.2,115.3,147.6,71.9,1.6,260.249449913284,207.22283628899172,156.2,109.4,1.7652716923808736,122.6,297.6997350492473,252.4,65.5,27.7,156.8,132.8,63.1,49.05755948413368,42.9,83.88966785370656,102.3,405.4,172.8,134.0,106.95497973277944,68.3,108.4,155.2,0.8,108.6,248.0,59.5,180.71729280794113,7.905206080458049,120.7,751.6302651518994,83.3,43.310690144816945,7.5,112.53789248352626,327.6530532966249,254.7315282456994,27.7,0.1,139.2,423.4553125307252,416.4,406.4,215.3,69.4,18.2,2.9,121.1,300.4,0.2,0.5,0.2,177.7,0.1,1.8049963069237893,0.1,0.1,0.2,0.6,1.0,9.2,577.5,243.47814937078272,13.0,517.8,1.4,170.5,2.5293006682582977,121.0,33.342216556897895,9.7,181.17148295670785,2.1,135.1,120.8,108.7,67.8,126.2,9.4,2.2,1.8,58.096998647413365,156.4,169.39349630735597,197.69593143414997,114.98898771039629,1.2,165.9,2.8,23.5,6.1,368.5,169.4,66.4,5.7,1.0,70.00905814290961,19.6,200.3,17.300933658142064,14.567400668499687,356.0,232.2,12.3,17.7,33.5,193.6,23.8,1.2,1.2,130.9,0.8,7.3,1.1,241.0,2.2,97.4,71.3,45.00481073228017,7.122763416509587,0.5979967267879771,2.7,58.6,90.0,0.6,128.0,7.6,72.9,85.1,59.78922792879178,9.4,0.36833940683367666,155.39432661786972,6.9,0.1,62.0,124.9,20.8,135.6,82.6,5.0,2.0462560537062475,43.74149454082516,107.2,4.6,127.8,62.8,49.4,12.6,287.7,37.7,153.1,93.0,11.6,0.1,0.6,126.5,53.4,12.1,41.7,7.890957902650995,0.5000162100727008,27.2,0.1,0.1,0.2,154.5286635703589,14.6,137.38866105169765,11.1,40.3
64,125.1,88.2,76.2,255.8315415167113,129.32197028296892,264.1,114.5,260.6,195.7,228.10158378698907,342.98946442027415,253.9,349.7,222.1174554942237,146.2,255.5,101.0,282.8,291.4,462.6664431158058,221.64529612965936,130.23065324223205,274.4425447917996,137.8,269.0687372214517,141.4,152.0,369.4,220.8,121.7,259.0,105.6,411.3,256.1,146.48075606932503,206.55552614312788,148.68777130647044,236.5,195.7,86.0,250.1,244.6,214.1,253.55232739512317,311.6532704641388,325.0,679.8545476784882,324.2,101.5,148.4,269.07525999522795,78.4,163.6,392.56445540873364,275.8,204.9,183.89255746914876,110.6,169.3,318.2143597561929,128.5,123.9587984949117,282.6,86.9,25.8,532.3723924220426,198.69845797800724,291.7,201.12679391845586,262.0115271983791,278.46451273832497,1133.7,267.0,177.7,330.2,416.5,168.1,205.0,224.95300498984227,105.6286115988518,589.5,215.2,247.36628954384184,383.155296045548,187.6,216.9,29.6,365.0,125.43639960593998,345.0,247.2,152.5,277.9300731076137,243.0,293.8,219.29559813227831,78.53829087668767,411.46747444588834,253.71441077207743,197.4128385615567,275.70575077564496,132.9,84.4,254.6,429.0,270.5,147.2,105.8,90.8,231.5,323.1,168.59761822688887,302.4,186.4,151.3,101.47647948857917,806.4,278.9,374.7372538683958,419.8,93.4,117.8,284.0,208.35467975522104,292.6039445978024,188.1,249.1,161.7,226.0,267.2,201.4,283.8,263.1,111.4,193.2932669848513,91.5,121.36532627536421,111.8,81.0,224.2,164.4,88.9,282.7,342.3,271.1,80.0,158.99573192962973,282.3,67.6,173.58019985119526,115.2,115.3,147.6,71.9,1.6,291.73391475422926,255.60855137276087,156.2,109.4,2.079178883044668,122.6,288.383667823237,252.4,65.5,27.7,156.8,132.8,63.1,54.27325689713642,42.9,72.7397607371899,102.3,405.4,172.8,134.0,91.16876898005289,68.3,108.4,155.2,0.8,108.6,248.0,59.5,217.0998377126055,9.647264517785901,120.7,587.183036201997,83.3,37.57355564234184,7.5,89.22812233609291,280.09126708740126,287.26937823153287,27.7,0.1,139.2,390.0412040334819,416.4,406.4,215.3,69.4,18.2,2.9,121.1,300.4,0.2,0.5,0.2,177.7,0.1,1.3445013570059792,0.1,0.1,0.2,0.6,1.0,9.2,577.5,219.13683727891802,13.0,517.8,1.4,170.5,2.8515903832102607,121.0,36.359015140323336,9.7,155.69416450194032,2.1,135.1,120.8,108.7,67.8,126.2,9.4,2.2,1.8,74.96098955338753,156.4,180.93850093956019,225.15438647821765,131.0321144688099,1.2,165.9,2.8,23.5,6.1,368.5,169.4,66.4,5.7,1.0,63.6190212689817,19.6,200.3,12.331251605077828,12.909922375026841,356.0,232.2,12.3,17.7,33.5,193.6,23.8,1.2,1.2,130.9,0.8,7.3,1.1,241.0,2.2,97.4,71.3,38.94563390933131,7.4125404354550515,0.556804640160354,2.7,58.6,90.0,0.6,128.0,7.6,72.9,85.1,51.976813141333814,9.4,0.38471289229009165,155.86340768366247,6.9,0.1,62.0,124.9,20.8,135.6,82.6,5.0,2.7429444717475824,46.652926737749915,107.2,4.6,127.8,62.8,49.4,12.6,287.7,37.7,153.1,93.0,11.6,0.1,0.6,126.5,53.4,12.1,41.7,7.732310910454034,0.5527465179852156,27.2,0.1,0.1,0.2,153.46908769809676,14.6,154.6843745537516,11.1,40.3
65,125.1,88.2,76.2,248.7890859853324,129.14756184417774,264.1,114.5,260.6,195.7,174.685204192398,312.64169676670764,253.9,349.7,254.1276391432938,146.2,255.5,101.0,282.8,291.4,357.703112302499,215.74698180722982,166.23066852231568,311.2507676716144,137.8,220.47595720179743,141.4,152.0,369.4,220.8,121.7,259.0,105.6,411.3,256.1,157.68737016052128,228.44304645938882,180.36810873958586,236.5,195.7,86.0,250.1,244.6,214.1,320.9370251617543,337.36527956532757,325.0,922.437833813645,324.2,101.5,148.4,240.39914680459898,78.4,163.6,507.6753830850075,275.8,204.9,250.23830479673205,110.6,169.3,366.7613768441406,128.5,122.66816881911537,282.6,86.9,25.8,500.3096210006949,224.13326629111825,291.7,210.6607236161989,264.1814853114242,267.50321477500205,1133.7,267.0,177.7,330.2,416.5,168.1,205.0,205.9978257698552,124.83997498757464,589.5,215.2,270.0559942800493,448.868365095175,187.6,216.9,29.6,365.0,120.97593027302142,345.0,247.2,152.5,270.10881995583327,243.0,293.8,189.891336508061,85.99109073559357,296.525007333169,248.13157683788677,182.41486467804197,328.72487884381434,132.9,84.4,254.6,429.0,270.5,147.2,105.8,90.8,231.5,323.1,180.58348978252315,302.4,186.4,151.3,77.16214827780315,806.4,278.9,384.91595225981064,419.8,93.4,117.8,284.0,227.92314650553763,211.79885821835782,188.1,249.1,161.7,226.0,267.2,201.4,283.8,263.1,111.4,183.47611337102867,91.5,144.58914401836137,111.8,81.0,224.2,164.4,88.9,282.7,342.3,271.1,80.0,133.74798581048188,282.3,67.6,183.10711842755663,115.2,115.3,147.6,71.9,1.6,287.1478144992807,298.912817714928,156.2,109.4,2.34266276821553,122.6,288.18932618365596,252.4,65.5,27.7,156.8,132.8,63.1,49.88073563718817,42.9,74.82607907721312,102.3,405.4,172.8,134.0,88.2956237076161,68.3,108.4,155.2,0.8,108.6,248.0,59.5,183.96748587967807,7.555177471544491,120.7,615.5987412494167,83.3,48.31505667567045,7.5,107.50669142668798,354.14809888242223,301.253754450418,27.7,0.1,139.2,403.0827530445911,416.4,406.4,215.3,69.4,18.2,2.9,121.1,300.4,0.2,0.5,0.2,177.7,0.1,1.616453351620529,0.1,0.1,0.2,0.6,1.0,9.2,577.5,218.57477475191308,13.0,517.8,1.4,170.5,3.3854865672358283,121.0,42.6290876294332,9.7,166.31184970188093,2.1,135.1,120.8,108.7,67.8,126.2,9.4,2.2,1.8,68.96966165551103,156.4,215.6382138216169,270.44059553892436,138.45705731420685,1.2,165.9,2.8,23.5,6.1,368.5,169.4,66.4,5.7,1.0,58.46307717275518,19.6,200.3,12.730932052823034,15.530641458988185,356.0,232.2,12.3,17.7,33.5,193.6,23.8,1.2,1.2,130.9,0.8,7.3,1.1,241.0,2.2,97.4,71.3,47.35219362676845,7.172960866939544,0.5619064881610754,2.7,58.6,90.0,0.6,128.0,7.6,72.9,85.1,54.752214663311314,9.4,0.4258089206541316,188.95787883790564,6.9,0.1,62.0,124.9,20.8,135.6,82.6,5.0,2.1116495854486717,43.83460513892872,107.2,4.6,127.8,62.8,49.4,12.6,287.7,37.7,153.1,93.0,11.6,0.1,0.6,126.5,53.4,12.1,41.7,9.16736167708986,0.6955529259970994,27.2,0.1,0.1,0.2,182.43401183673103,14.6,171.58112141866653,11.1,40.3
66,125.1,88.2,76.2,192.66860097221866,140.10384796913283,264.1,114.5,260.6,195.7,166.6434001228183,321.71624833733995,253.9,349.7,226.66865508371373,146.2,255.5,101.0,282.8,291.4,433.72952380840667,223.1464360281568,158.40183184024167,376.29756861741487,137.8,247.14121390950166,141.4,152.0,369.4,220.8,121.7,259.0,105.6,411.3,256.1,133.96087754866346,242.85379764181434,153.91928909275194,236.5,195.7,86.0,250.1,244.6,214.1,253.41348091694485,344.76795521212284,325.0,852.5032333343654,324.2,101.5,148.4,261.352517360516,78.4,163.6,401.3958973622428,275.8,204.9,255.3647852498867,110.6,169.3,321.8898761244348,128.5,135.22757052074797,282.6,86.9,25.8,512.698921754054,206.9716981790294,291.7,161.38277182529524,308.17171728324263,267.3344645603122,1133.7,267.0,177.7,330.2,416.5,168.1,205.0,209.86758072210506,155.24239797000342,589.5,215.2,221.99754000157412,513.6570459268441,187.6,216.9,29.6,365.0,95.47417978776711,345.0,247.2,152.5,256.70014268357744,243.0,293.8,229.76136925407388,102.42650579324474,306.93822117751097,267.210449589853,195.08584291086544,280.97188682279,132.9,84.4,254.6,429.0,270.5,147.2,105.8,90.8,231.5,323.1,180.88734475318995,302.4,186.4,151.3,77.10599775118803,806.4,278.9,315.3987206112727,419.8,93.4,117.8,284.0,281.9155303425151,210.4866734782131,188.1,249.1,161.7,226.0,267.2,201.4,283.8,263.1,111.4,194.6388914585155,91.5,123.83726453263145,111.8,81.0,224.2,164.4,88.9,282.7,342.3,271.1,80.0,180.3541906443741,282.3,67.6,161.05665297220744,115.2,115.3,147.6,71.9,1.6,256.71965033189014,279.44549713671097,156.2,109.4,2.4119804259944204,122.6,237.72823762265227,252.4,65.5,27.7,156.8,132.8,63.1,49.27495874161722,42.9,86.10317512469008,102.3,405.4,172.8,134.0,87.54559312012417,68.3,108.4,155.2,0.8,108.6,248.0,59.5,243.25876176961754,6.7300917464864884,120.7,581.1291239031161,83.3,50.10583322144551,7.5,97.34118729791933,255.42616820100852,308.84062623686077,27.7,0.1,139.2,359.7990987941508,416.4,406.4,215.3,69.4,18.2,2.9,121.1,300.4,0.2,0.5,0.2,177.7,0.1,1.4946070691898021,0.1,0.1,0.2,0.6,1.0,9.2,577.5,233.1452854355405,13.0,517.8,1.4,170.5,3.6923926985756452,121.0,31.86337485189569,9.7,166.175974497222,2.1,135.1,120.8,108.7,67.8,126.2,9.4,2.2,1.8,54.51452578552364,156.4,165.94238935614476,280.8510528717603,101.17881450347508,1.2,165.9,2.8,23.5,6.1,368.5,169.4,66.4,5.7,1.0,73.39845563245372,19.6,200.3,14.850429911149366,14.29978317880024,356.0,232.2,12.3,17.7,33.5,193.6,23.8,1.2,1.2,130.9,0.8,7.3,1.1,241.0,2.2,97.4,71.3,53.32413909894851,8.063129705087457,0.5663752034585189,2.7,58.6,90.0,0.6,128.0,7.6,72.9,85.1,68.63609161276318,9.4,0.4185671507356261,171.03638952946736,6.9,0.1,62.0,124.9,20.8,135.6,82.6,5.0,2.043060165447644,47.181023177298535,107.2,4.6,127.8,62.8,49.4,12.6,287.7,37.7,153.1,93.0,11.6,0.1,0.6,126.5,53.4,12.1,41.7,7.092019723478371,0.5009042963794343,27.2,0.1,0.1,0.2,131.62587185179342,14.6,135.68809484214626,11.1,40.3
67,125.1,88.2,76.2,250.83919636972354,134.9370077536123,264.1,114.5,260.6,195.7,161.71926489874556,358.6012894274462,253.9,349.7,297.33048089496134,146.2,255.5,101.0,282.8,291.4,394.80668169856006,182.35481259873464,132.52004434896887,371.54814387116096,137.8,289.4980821861932,141.4,152.0,369.4,220.8,121.7,259.0,105.6,411.3,256.1,142.33606264047495,243.08821954137983,162.2588882816681,236.5,195.7,86.0,250.1,244.6,214.1,273.93241013348387,349.3847608025022,325.0,703.0805263259538,324.2,101.5,148.4,213.12479984829054,78.4,163.6,508.28549265207994,275.8,204.9,220.60332188057134,110.6,169.3,308.45546376723325,128.5,138.61213228992216,282.6,86.9,25.8,633.2961182366786,236.41508550862812,291.7,159.0803945953584,329.93441480681645,220.7871071924097,1133.7,267.0,177.7,330.2,416.5,168.1,205.0,198.32849881880304,151.94581199736476,589.5,215.2,222.0964298474657,455.90497085055,187.6,216.9,29.6,365.0,95.70488319924533,345.0,247.2,152.5,292.0719023719184,243.0,293.8,184.56375660449717,100.38940995233351,388.35166786529226,203.25970653150412,192.36548783396722,386.6796538439353,132.9,84.4,254.6,429.0,270.5,147.2,105.8,90.8,231.5,323.1,153.79098315193954,302.4,186.4,151.3,83.30208896571143,806.4,278.9,357.7209358306347,419.8,93.4,117.8,284.0,213.04108864028174,255.52791551486072,188.1,249.1,161.7,226.0,267.2,201.4,283.8,263.1,111.4,237.15527416662343,91.5,119.67251184988672,111.8,81.0,224.2,164.4,88.9,282.7,342.3,271.1,80.0,172.92086802116972,282.3,67.6,209.38753410097934,115.2,115.3,147.6,71.9,1.6,272.2018712852176,255.371116641124,156.2,109.4,2.2722935733163405,122.6,313.43134077810413,252.4,65.5,27.7,156.8,132.8,63.1,42.71055100548837,42.9,74.47113105065411,102.3,405.4,172.8,134.0,96.65755647953053,68.3,108.4,155.2,0.8,108.6,248.0,59.5,199.35972777822124,9.823277284496374,120.7,728.1035286096073,83.3,38.47549599991071,7.5,97.1632112443459,265.67611808985856,258.38110818180456,27.7,0.1,139.2,398.06718991812124,416.4,406.4,215.3,69.4,18.2,2.9,121.1,300.4,0.2,0.5,0.2,177.7,0.1,1.8790320980598505,0.1,0.1,0.2,0.6,1.0,9.2,577.5,230.49773045240093,13.0,517.8,1.4,170.5,2.6919518938392684,121.0,40.59891316629601,9.7,149.68870312933777,2.1,135.1,120.8,108.7,67.8,126.2,9.4,2.2,1.8,72.63237814142845,156.4,226.66222151314997,218.8493844965474,148.4575865154797,1.2,165.9,2.8,23.5,6.1,368.5,169.4,66.4,5.7,1.0,75.20774738713175,19.6,200.3,12.716973952088399,14.006789038602259,356.0,232.2,12.3,17.7,33.5,193.6,23.8,1.2,1.2,130.9,0.8,7.3,1.1,241.0,2.2,97.4,71.3,46.650563872409435,9.497054376767238,0.5668420085124959,2.7,58.6,90.0,0.6,128.0,7.6,72.9,85.1,55.58902052901456,9.4,0.4395878112988395,173.53417324652096,6.9,0.1,62.0,124.9,20.8,135.6,82.6,5.0,2.507720196594918,41.990764083975606,107.2,4.6,127.8,62.8,49.4,12.6,287.7,37.7,153.1,93.0,11.6,0.1,0.6,126.5,53.4,12.1,41.7,8.18402362076579,0.607703255727309,27.2,0.1,0.1,0.2,130.72737588057967,14.6,147.87097196737093,11.1,40.3
68,125.1,88.2,76.2,264.28713105620477,175.1793322905133,264.1,114.5,260.6,195.7,163.7113759946894,453.6648007819334,253.9,349.7,242.3529416450836,146.2,255.5,101.0,282.8,291.4,405.82878755383433,200.02188792046323,130.83173264684365,261.1042600388746,137.8,252.6030245416324,141.4,152.0,369.4,220.8,121.7,259.0,105.6,411.3,256.1,160.67615860082947,252.1513577189811,169.73422390804157,236.5,195.7,86.0,250.1,244.6,214.1,303.6157997609546,335.3330281571448,325.0,810.7773215867858,324.2,101.5,148.4,281.10740998797246,78.4,163.6,438.5307122342656,275.8,204.9,186.7866586826058,110.6,169.3,424.081512632203,128.5,128.03206190927355,282.6,86.9,25.8,565.7975430247324,273.3999389298544,291.7,208.62354578235664,265.9526527243633,205.10387608463867,1133.7,267.0,177.7,330.2,416.5,168.1,205.0,171.68231324201253,141.84977438694318,589.5,215.2,214.03949611857587,387.11317738275295,187.6,216.9,29.6,365.0,124.90554899517998,345.0,247.2,152.5,305.12240211339804,243.0,293.8,192.5966141261727,92.48442364571707,383.801482798028,281.7053925113804,198.68050234483212,308.17203938359813,132.9,84.4,254.6,429.0,270.5,147.2,105.8,90.8,231.5,323.1,137.57290510410994,302.4,186.4,151.3,88.85706180505713,806.4,278.9,371.24769960566863,419.8,93.4,117.8,284.0,269.7525607197136,273.80049604732,188.1,249.1,161.7,226.0,267.2,201.4,283.8,263.1,111.4,224.87241754504493,91.5,129.57484760183993,111.8,81.0,224.2,164.4,88.9,282.7,342.3,271.1,80.0,131.26410801707578,282.3,67.6,206.30405215793394,115.2,115.3,147.6,71.9,1.6,214.96142925836915,263.72525060478324,156.2,109.4,2.127141016271558,122.6,298.50591123673235,252.4,65.5,27.7,156.8,132.8,63.1,48.80915468554122,42.9,78.15064515013377,102.3,405.4,172.8,134.0,95.19143409293645,68.3,108.4,155.2,0.8,108.6,248.0,59.5,171.62045723214044,8.53551056377479,120.7,671.9047910840525,83.3,46.69693031737377,7.5,129.70255283304937,281.81837781116997,325.4228214541237,27.7,0.1,139.2,473.0493077712713,416.4,406.4,215.3,69.4,18.2,2.9,121.1,300.4,0.2,0.5,0.2,177.7,0.1,1.309329871828098,0.1,0.1,0.2,0.6,1.0,9.2,577.5,232.26276905147012,13.0,517.8,1.4,170.5,3.3316051836042355,121.0,36.88336571133724,9.7,161.14723743232503,2.1,135.1,120.8,108.7,67.8,126.2,9.4,2.2,1.8,72.74879067130436,156.4,156.9534830850458,274.4401481819658,123.8436181458286,1.2,165.9,2.8,23.5,6.1,368.5,169.4,66.4,5.7,1.0,54.78554664059835,19.6,200.3,14.969424028568127,15.054107930452208,356.0,232.2,12.3,17.7,33.5,193.6,23.8,1.2,1.2,130.9,0.8,7.3,1.1,241.0,2.2,97.4,71.3,52.76861664449179,9.37903546134785,0.41356505348138917,2.7,58.6,90.0,0.6,128.0,7.6,72.9,85.1,64.51829238222625,9.4,0.46083229679793614,169.1921671195518,6.9,0.1,62.0,124.9,20.8,135.6,82.6,5.0,1.924822659635269,33.011985360622184,107.2,4.6,127.8,62.8,49.4,12.6,287.7,37.7,153.1,93.0,11.6,0.1,0.6,126.5,53.4,12.1,41.7,10.00960355388652,0.6195284394561527,27.2,0.1,0.1,0.2,128.37087384309368,14.6,147.5794114688445,11.1,40.3
69,125.1,88.2,76.2,235.5507220493374,132.7131284515983,264.1,114.5,260.6,195.7,195.20005554046728,442.2432835316881,253.9,349.7,275.6196606200039,146.2,255.5,101.0,282.8,291.4,487.14131383984966,224.84728259440925,131.0790053815453,374.7213306483177,137.8,243.41558372168825,141.4,152.0,369.4,220.8,121.7,259.0,105.6,411.3,256.1,142.8745301063692,203.30263982584458,191.71752393527046,236.5,195.7,86.0,250.1,244.6,214.1,305.3791542018167,367.0688874524109,325.0,903.2043301117596,324.2,101.5,148.4,214.0318299264902,78.4,163.6,451.6160226527213,275.8,204.9,173.86758353987938,110.6,169.3,426.162773126752,128.5,174.5704259164358,282.6,86.9,25.8,493.87775583376447,204.59880363861097,291.7,178.95894131190062,304.1571512142144,239.699964172705,1133.7,267.0,177.7,330.2,416.5,168.1,205.0,227.6989196023514,153.06246989527685,589.5,215.2,238.5833508465484,497.03962254996907,187.6,216.9,29.6,365.0,113.5820706399616,345.0,247.2,152.5,222.80159208730234,243.0,293.8,163.18377308611355,107.04204672504889,407.01432241760097,252.66096448579242,209.97395244098698,362.67090089834676,132.9,84.4,254.6,429.0,270.5,147.2,105.8,90.8,231.5,323.1,174.9725783586605,302.4,186.4,151.3,72.9375892210487,806.4,278.9,396.4485163407139,419.8,93.4,117.8,284.0,246.49731634924734,239.89697208152424,188.1,249.1,161.7,226.0,267.2,201.4,283.8,263.1,111.4,208.08019340640016,91.5,120.79868423655438,111.8,81.0,224.2,164.4,88.9,282.7,342.3,271.1,80.0,163.1799789648558,282.3,67.6,185.86604391412305,115.2,115.3,147.6,71.9,1.6,264.17542198618065,211.0606449260852,156.2,109.4,1.9194600246078168,122.6,263.9193147191519,252.4,65.5,27.7,156.8,132.8,63.1,52.846454708576786,42.9,85.60400968205641,102.3,405.4,172.8,134.0,89.14288970697393,68.3,108.4,155.2,0.8,108.6,248.0,59.5,170.3159893756412,8.21365954643421,120.7,749.113649889131,83.3,40.08484321065294,7.5,95.21098728512594,266.4464213197679,273.724959725556,27.7,0.1,139.2,461.91100310226386,416.4,406.4,215.3,69.4,18.2,2.9,121.1,300.4,0.2,0.5,0.2,177.7,0.1,1.8234036692712459,0.1,0.1,0.2,0.6,1.0,9.2,577.5,187.94284292675874,13.0,517.8,1.4,170.5,2.9399834176401356,121.0,36.23206407193479,9.7,128.53498944863975,2.1,135.1,120.8,108.7,67.8,126.2,9.4,2.2,1.8,67.25444696889043,156.4,226.9216454900103,248.6428376621569,135.02932945061474,1.2,165.9,2.8,23.5,6.1,368.5,169.4,66.4,5.7,1.0,72.39149672271614,19.6,200.3,17.164575282713713,10.744722669858117,356.0,232.2,12.3,17.7,33.5,193.6,23.8,1.2,1.2,130.9,0.8,7.3,1.1,241.0,2.2,97.4,71.3,47.27192140505174,9.73383492223584,0.5817837843790263,2.7,58.6,90.0,0.6,128.0,7.6,72.9,85.1,73.57312768839061,9.4,0.47119458087806987,167.21253037512972,6.9,0.1,62.0,124.9,20.8,135.6,82.6,5.0,2.2173736879634305,38.10383428461272,107.2,4.6,127.8,62.8,49.4,12.6,287.7,37.7,153.1,93.0,11.6,0.1,0.6,126.5,53.4,12.1,41.7,9.394274833256647,0.5951937246250429,27.2,0.1,0.1,0.2,157.60325937819692,14.6,139.25398425305036,11.1,40.3
70,125.1,88.2,76.2,252.72095310343218,150.9565017324223,264.1,114.5,260.6,195.7,173.29733994946687,337.7684777497861,253.9,349.7,272.2257129152051,146.2,255.5,101.0,282.8,291.4,344.8875251390542,244.92111726926743,147.42704413790145,278.17692980928655,137.8,289.49352968546907,141.4,152.0,369.4,220.8,121.7,259.0,105.6,411.3,256.1,190.4998944458841,221.33807185537492,137.78995355966046,236.5,195.7,86.0,250.1,244.6,214.1,330.51771532851245,326.7869204218074,325.0,736.8440065284527,324.2,101.5,148.4,257.0928492690181,78.4,163.6,467.1107683481053,275.8,204.9,207.35067966723594,110.6,169.3,434.8569625230668,128.5,145.74122609883858,282.6,86.9,25.8,531.9327493179106,223.9463753575413,291.7,220.11155443469443,238.57894983630513,229.44781578927044,1133.7,267.0,177.7,330.2,416.5,168.1,205.0,177.4502905138854,154.5036351670898,589.5,215.2,224.81597009307194,472.4144105784635,187.6,216.9,29.6,365.0,138.22814862452873,345.0,247.2,152.5,217.79640315737606,243.0,293.8,191.74313907455303,98.54240326080082,325.5218530280567,267.4921824901848,195.21669116429928,376.86252863465165,132.9,84.4,254.6,429.0,270.5,147.2,105.8,90.8,231.5,323.1,164.98051337203285,302.4,186.4,151.3,85.92194130287973,806.4,278.9,364.2660583297961,419.8,93.4,117.8,284.0,256.559900420904,300.07927840437844,188.1,249.1,161.7,226.0,267.2,201.4,283.8,263.1,111.4,227.7469313459603,91.5,150.03662050085,111.8,81.0,224.2,164.4,88.9,282.7,342.3,271.1,80.0,185.40923895163672,282.3,67.6,205.98646542479815,115.2,115.3,147.6,71.9,1.6,281.30012868460494,290.3106598523516,156.2,109.4,2.500903184018365,122.6,299.82413530960196,252.4,65.5,27.7,156.8,132.8,63.1,54.71487504125828,42.9,78.67602700744008,102.3,405.4,172.8,134.0,89.90895834572888,68.3,108.4,155.2,0.8,108.6,248.0,59.5,208.97330069750427,7.401998983813695,120.7,638.3506144642176,83.3,50.12358887254727,7.5,119.9249305887814,311.1153218382777,256.2194841695756,27.7,0.1,139.2,351.3000031797444,416.4,406.4,215.3,69.4,18.2,2.9,121.1,300.4,0.2,0.5,0.2,177.7,0.1,1.6419127456822797,0.1,0.1,0.2,0.6,1.0,9.2,577.5,202.86558656880524,13.0,517.8,1.4,170.5,2.504356525643145,121.0,31.523606372220605,9.7,132.029767223475,2.1,135.1,120.8,108.7,67.8,126.2,9.4,2.2,1.8,60.16080893382099,156.4,166.61926934991166,207.25515098272032,147.7751425916873,1.2,165.9,2.8,23.5,6.1,368.5,169.4,66.4,5.7,1.0,59.3300330282521,19.6,200.3,16.94743318009936,10.54486254088862,356.0,232.2,12.3,17.7,33.5,193.6,23.8,1.2,1.2,130.9,0.8,7.3,1.1,241.0,2.2,97.4,71.3,56.567864670667404,7.008428852800422,0.5156482414344802,2.7,58.6,90.0,0.6,128.0,7.6,72.9,85.1,64.33788621203276,9.4,0.47860392212583375,194.46373598247766,6.9,0.1,62.0,124.9,20.8,135.6,82.6,5.0,2.028693609287311,47.091684783339474,107.2,4.6,127.8,62.8,49.4,12.6,287.7,37.7,153.1,93.0,11.6,0.1,0.6,126.5,53.4,12.1,41.7,7.946341143774487,0.4978244456944744,27.2,0.1,0.1,0.2,132.7878275431615,14.6,161.2841868276165,11.1,40.3
71,125.1,88.2,76.2,210.7023245246042,133.49299374026475,264.1,114.5,260.6,195.7,218.63478562807055,414.45564636717324,253.9,349.7,253.01542913697682,146.2,255.5,101.0,282.8,291.4,461.0248924151655,193.4447882721779,143.9446730205151,382.18020219813707,137.8,302.64903958416926,141.4,152.0,369.4,220.8,121.7,259.0,105.6,411.3,256.1,176.44835055607922,234.44228041069456,134.21220322863513,236.5,195.7,86.0,250.1,244.6,214.1,307.47825028041683,326.96931705354524,325.0,689.702890723954,324.2,101.5,148.4,235.02657857234516,78.4,163.6,485.10799852473485,275.8,204.9,212.258689763473,110.6,169.3,315.8504892803006,128.5,124.49499787499546,282.6,86.9,25.8,550.7482851245428,288.73732399893106,291.7,183.0440068749023,295.458707783076,238.89293523964096,1133.7,267.0,177.7,330.2,416.5,168.1,205.0,213.86879735576022,145.7095512956468,589.5,215.2,244.9711861978617,549.2390120536518,187.6,216.9,29.6,365.0,137.93067589903598,345.0,247.2,152.5,292.3758478979416,243.0,293.8,176.20379083900306,80.0629123694296,359.89672930043815,223.94690155625688,169.22203838625998,335.1889209879947,132.9,84.4,254.6,429.0,270.5,147.2,105.8,90.8,231.5,323.1,180.54599855787802,302.4,186.4,151.3,72.92981994089767,806.4,278.9,280.85954473410743,419.8,93.4,117.8,284.0,281.03503789875236,249.41249364161672,188.1,249.1,161.7,226.0,267.2,201.4,283.8,263.1,111.4,169.34040910161585,91.5,107.68525792542799,111.8,81.0,224.2,164.4,88.9,282.7,342.3,271.1,80.0,173.43145536483672,282.3,67.6,206.01546469936488,115.2,115.3,147.6,71.9,1.6,279.10245670675215,236.52148792023382,156.2,109.4,1.7478714603704142,122.6,314.10824823912685,252.4,65.5,27.7,156.8,132.8,63.1,55.11311307450463,42.9,77.37369803225782,102.3,405.4,172.8,134.0,109.93246938722294,68.3,108.4,155.2,0.8,108.6,248.0,59.5,219.09621476077706,6.808091637922708,120.7,585.4582135352381,83.3,38.35981366358663,7.5,110.26357316901033,317.2676145122844,335.11533768859545,27.7,0.1,139.2,497.7423342011683,416.4,406.4,215.3,69.4,18.2,2.9,121.1,300.4,0.2,0.5,0.2,177.7,0.1,1.7652971922842198,0.1,0.1,0.2,0.6,1.0,9.2,577.5,210.8227292074875,13.0,517.8,1.4,170.5,3.2000732478675333,121.0,40.089372415258744,9.7,175.6731702925033,2.1,135.1,120.8,108.7,67.8,126.2,9.4,2.2,1.8,59.66195721899017,156.4,224.797311537828,285.5528057635688,108.9858622103093,1.2,165.9,2.8,23.5,6.1,368.5,169.4,66.4,5.7,1.0,56.569994244864006,19.6,200.3,17.06108181054323,14.40895900285696,356.0,232.2,12.3,17.7,33.5,193.6,23.8,1.2,1.2,130.9,0.8,7.3,1.1,241.0,2.2,97.4,71.3,44.08812787867224,8.426537662762003,0.564505469211817,2.7,58.6,90.0,0.6,128.0,7.6,72.9,85.1,63.61864799325409,9.4,0.4520730923998133,209.84927490052326,6.9,0.1,62.0,124.9,20.8,135.6,82.6,5.0,2.1184454470482788,37.20700436067098,107.2,4.6,127.8,62.8,49.4,12.6,287.7,37.7,153.1,93.0,11.6,0.1,0.6,126.5,53.4,12.1,41.7,9.917567285299217,0.6316172457682024,27.2,0.1,0.1,0.2,172.0626026494114,14.6,125.47235709087889,11.1,40.3
72,125.1,88.2,76.2,220.61484994103938,128.62847671683528,264.1,114.5,260.6,195.7,203.19314011560252,451.6248753700273,253.9,349.7,297.5510615435809,146.2,255.5,101.0,282.8,291.4,394.08983192745325,243.7375337054061,158.84951413015594,314.6028386433088,137.8,308.802324192439,141.4,152.0,369.4,220.8,121.7,259.0,105.6,411.3,256.1,179.55197049915475,216.7052090817853,162.93213780310882,236.5,195.7,86.0,250.1,244.6,214.1,290.3047810938947,359.7257087739891,325.0,645.0949337571378,324.2,101.5,148.4,209.24340297867766,78.4,163.6,378.6106771371689,275.8,204.9,244.04768985603326,110.6,169.3,320.55174624803374,128.5,160.73421554150343,282.6,86.9,25.8,653.6194349326006,274.7459425317617,291.7,190.61977727188614,329.99035921983017,253.21710149133173,1133.7,267.0,177.7,330.2,416.5,168.1,205.0,166.2215188446458,153.0229557704839,589.5,215.2,216.66631205587953,441.37238957439655,187.6,216.9,29.6,365.0,120.56928970304635,345.0,247.2,152.5,239.8591991239361,243.0,293.8,215.16287406323903,85.84997196583699,369.79198872725516,254.54318675171362,197.4327219148896,351.484289681071,132.9,84.4,254.6,429.0,270.5,147.2,105.8,90.8,231.5,323.1,153.35186513695277,302.4,186.4,151.3,91.85973316315018,806.4,278.9,275.85295445410304,419.8,93.4,117.8,284.0,207.17090429126074,306.2404069548323,188.1,249.1,161.7,226.0,267.2,201.4,283.8,263.1,111.4,215.5550087402829,91.5,110.52822939975762,111.8,81.0,224.2,164.4,88.9,282.7,342.3,271.1,80.0,132.29869009359786,282.3,67.6,194.94758326093606,115.2,115.3,147.6,71.9,1.6,277.02699084999244,219.7252603764572,156.2,109.4,1.810213984871889,122.6,316.5687394249546,252.4,65.5,27.7,156.8,132.8,63.1,42.359582169062264,42.9,66.83908662883113,102.3,405.4,172.8,134.0,83.56395360170457,68.3,108.4,155.2,0.8,108.6,248.0,59.5,226.13021382149216,8.45414149275027,120.7,703.5806890320692,83.3,37.14016801577292,7.5,122.77767344319022,312.72561318615425,290.9075489543782,27.7,0.1,139.2,490.7202916824391,416.4,406.4,215.3,69.4,18.2,2.9,121.1,300.4,0.2,0.5,0.2,177.7,0.1,1.4767335147667562,0.1,0.1,0.2,0.6,1.0,9.2,577.5,262.91352043664176,13.0,517.8,1.4,170.5,3.6769836925701638,121.0,34.65836043812146,9.7,187.31935329195824,2.1,135.1,120.8,108.7,67.8,126.2,9.4,2.2,1.8,52.58613164880842,156.4,224.98113094802318,230.01026880771872,112.19938510654889,1.2,165.9,2.8,23.5,6.1,368.5,169.4,66.4,5.7,1.0,65.08702525785117,19.6,200.3,17.46700238144221,13.220612333760393,356.0,232.2,12.3,17.7,33.5,193.6,23.8,1.2,1.2,130.9,0.8,7.3,1.1,241.0,2.2,97.4,71.3,56.404263566786,9.703546432464405,0.5790230735402697,2.7,58.6,90.0,0.6,128.0,7.6,72.9,85.1,53.84257315336145,9.4,0.331539366159535,171.20703978894628,6.9,0.1,62.0,124.9,20.8,135.6,82.6,5.0,2.692365580489425,43.877086173269205,107.2,4.6,127.8,62.8,49.4,12.6,287.7,37.7,153.1,93.0,11.6,0.1,0.6,126.5,53.4,12.1,41.7,7.538278612169852,0.5778419406255829,27.2,0.1,0.1,0.2,133.59008419492045,14.6,129.8067564764085,11.1,40.3
73,125.1,88.2,76.2,200.9710257481403,165.22163105922553,264.1,114.5,260.6,195.7,180.02655695456966,306.25678146439196,253.9,349.7,272.6750976012447,146.2,255.5,101.0,282.8,291.4,365.9097233723302,232.1721967264065,155.38483162415562,286.2785603351461,137.8,307.57729558337957,141.4,152.0,369.4,220.8,121.7,259.0,105.6,411.3,256.1,145.55425684596673,201.67871317011242,173.44759725883748,236.5,195.7,86.0,250.1,244.6,214.1,333.00847354253796,355.6715378082279,325.0,822.3127116965933,324.2,101.5,148.4,258.10658926911344,78.4,163.6,400.9511192233163,275.8,204.9,176.91731733061522,110.6,169.3,414.40699832906546,128.5,146.4576001562243,282.6,86.9,25.8,589.4098854124564,217.909610130964,291.7,168.49824063365054,320.38027480044644,208.278663282438,1133.7,267.0,177.7,330.2,416.5,168.1,205.0,175.35385098327893,125.24450785033918,589.5,215.2,210.1215875982466,457.78968598927105,187.6,216.9,29.6,365.0,107.87424762154173,345.0,247.2,152.5,304.7802172774046,243.0,293.8,178.4218256963671,85.53505282124794,435.2462928149786,265.1710880778743,201.6181350777213,355.93627072140947,132.9,84.4,254.6,429.0,270.5,147.2,105.8,90.8,231.5,323.1,151.4670734514642,302.4,186.4,151.3,103.27531611554045,806.4,278.9,391.839238280615,419.8,93.4,117.8,284.0,242.46762646356552,209.1202034548624,188.1,249.1,161.7,226.0,267.2,201.4,283.8,263.1,111.4,192.1984320993895,91.5,149.40172795494354,111.8,81.0,224.2,164.4,88.9,282.7,342.3,271.1,80.0,149.40953773405323,282.3,67.6,154.17174916798496,115.2,115.3,147.6,71.9,1.6,199.49241050572877,254.9043388877084,156.2,109.4,2.3642950498689426,122.6,299.9938784609866,252.4,65.5,27.7,156.8,132.8,63.1,42.453039542511156,42.9,80.79472275318614,102.3,405.4,172.8,134.0,86.86378028491339,68.3,108.4,155.2,0.8,108.6,248.0,59.5,185.10256673388338,9.44205617878903,120.7,605.1496464598885,83.3,50.336211140547945,7.5,110.43645663584215,284.8855564299735,341.848155564157,27.7,0.1,139.2,396.25603445883837,416.4,406.4,215.3,69.4,18.2,2.9,121.1,300.4,0.2,0.5,0.2,177.7,0.1,1.622294499145694,0.1,0.1,0.2,0.6,1.0,9.2,577.5,249.88181009451,13.0,517.8,1.4,170.5,2.5720644164025677,121.0,36.281278557196394,9.7,169.69738650929295,2.1,135.1,120.8,108.7,67.8,126.2,9.4,2.2,1.8,58.935649799532655,156.4,219.5807932242374,212.3021334850037,109.03592404564515,1.2,165.9,2.8,23.5,6.1,368.5,169.4,66.4,5.7,1.0,58.439465409568946,19.6,200.3,14.48221481484995,15.585658142613383,356.0,232.2,12.3,17.7,33.5,193.6,23.8,1.2,1.2,130.9,0.8,7.3,1.1,241.0,2.2,97.4,71.3,55.656954539307264,8.452593660502048,0.5334781648505572,2.7,58.6,90.0,0.6,128.0,7.6,72.9,85.1,75.94445412223494,9.4,0.32694622352036573,201.71135097736993,6.9,0.1,62.0,124.9,20.8,135.6,82.6,5.0,2.4739135624291246,42.65833652482828,107.2,4.6,127.8,62.8,49.4,12.6,287.7,37.7,153.1,93.0,11.6,0.1,0.6,126.5,53.4,12.1,41.7,8.053295182184424,0.6273251276104418,27.2,0.1,0.1,0.2,183.68422209972294,14.6,169.9983883387322,11.1,40.3
74,125.1,88.2,76.2,257.6430524194082,134.9724337082316,264.1,114.5,260.6,195.7,183.36259567258517,398.85246494849696,253.9,349.7,228.77477031627728,146.2,255.5,101.0,282.8,291.4,464.9404999813665,174.81049227624626,145.2511430736508,273.9831792517231,137.8,257.368952984761,141.4,152.0,369.4,220.8,121.7,259.0,105.6,411.3,256.1,157.01868467433283,201.1329487810127,137.66151548761096,236.5,195.7,86.0,250.1,244.6,214.1,283.8981876372934,311.4644255921149,325.0,933.0663683428565,324.2,101.5,148.4,246.306222717257,78.4,163.6,456.1830913103168,275.8,204.9,245.47564404206074,110.6,169.3,415.44274496593584,128.5,130.62902345808178,282.6,86.9,25.8,598.7665647597005,194.6682897206108,291.7,172.80279075984373,272.2950360777013,208.54104564274968,1133.7,267.0,177.7,330.2,416.5,168.1,205.0,162.3152192649886,150.4155314345581,589.5,215.2,202.9515464334176,387.9397703438994,187.6,216.9,29.6,365.0,131.0590741093503,345.0,247.2,152.5,219.71812941486775,243.0,293.8,227.31932351799418,75.18118760542923,322.62938323252195,229.7220314602233,186.0649691430831,318.31912666739055,132.9,84.4,254.6,429.0,270.5,147.2,105.8,90.8,231.5,323.1,172.18008068951013,302.4,186.4,151.3,91.10054450433407,806.4,278.9,357.34904713970263,419.8,93.4,117.8,284.0,282.57086539419,291.820704467647,188.1,249.1,161.7,226.0,267.2,201.4,283.8,263.1,111.4,167.74480806127954,91.5,126.82465287750517,111.8,81.0,224.2,164.4,88.9,282.7,342.3,271.1,80.0,172.00999307446222,282.3,67.6,197.065900119908,115.2,115.3,147.6,71.9,1.6,216.87463484013193,293.3578768315644,156.2,109.4,2.117235252124144,122.6,262.4949503611555,252.4,65.5,27.7,156.8,132.8,63.1,55.04005080900188,42.9,88.58872754524873,102.3,405.4,172.8,134.0,100.69794355334983,68.3,108.4,155.2,0.8,108.6,248.0,59.5,211.51432646708906,7.449148449735885,120.7,577.0574374876998,83.3,38.338719228608724,7.5,124.01505029188029,330.4270208496365,282.3431070206228,27.7,0.1,139.2,422.8721634413248,416.4,406.4,215.3,69.4,18.2,2.9,121.1,300.4,0.2,0.5,0.2,177.7,0.1,1.6077098486183323,0.1,0.1,0.2,0.6,1.0,9.2,577.5,192.71073921006885,13.0,517.8,1.4,170.5,2.6145132841186944,121.0,39.856417576036826,9.7,161.35999185930262,2.1,135.1,120.8,108.7,67.8,126.2,9.4,2.2,1.8,65.79388426790268,156.4,168.73760547993152,272.83473347749873,134.3386367145351,1.2,165.9,2.8,23.5,6.1,368.5,169.4,66.4,5.7,1.0,72.14130114471372,19.6,200.3,14.758768154011033,10.817443086036302,356.0,232.2,12.3,17.7,33.5,193.6,23.8,1.2,1.2,130.9,0.8,7.3,1.1,241.0,2.2,97.4,71.3,38.83744332782027,6.61190577818957,0.49364703412688327,2.7,58.6,90.0,0.6,128.0,7.6,72.9,85.1,70.36918094031458,9.4,0.4564215873943819,190.9883638565609,6.9,0.1,62.0,124.9,20.8,135.6,82.6,5.0,2.3118565161724893,42.16304796102624,107.2,4.6,127.8,62.8,49.4,12.6,287.7,37.7,153.1,93.0,11.6,0.1,0.6,126.5,53.4,12.1,41.7,8.591897031025312,0.4957031652499,27.2,0.1,0.1,0.2,136.75539035534396,14.6,126.04192955775265,11.1,40.3
75,125.1,88.2,76.2,256.4963029306774,177.69710683740635,264.1,114.5,260.6,195.7,166.63065840346977,367.6886890697056,253.9,349.7,288.30321670282996,146.2,255.5,101.0,282.8,291.4,462.9963848874501,215.9033010837917,182.46020298914652,376.1963051690079,137.8,223.5452127499541,141.4,152.0,369.4,220.8,121.7,259.0,105.6,411.3,256.1,153.65992382993102,233.27686394785007,139.84248017878275,236.5,195.7,86.0,250.1,244.6,214.1,262.73822810134334,321.1970449554244,325.0,740.6957506456088,324.2,101.5,148.4,262.6919201110887,78.4,163.6,443.3550886798098,275.8,204.9,253.3529218034674,110.6,169.3,300.1709481407504,128.5,152.75614392553229,282.6,86.9,25.8,635.6548750148743,239.00452826531213,291.7,214.51954902428838,264.71770913312207,210.14638896326682,1133.7,267.0,177.7,330.2,416.5,168.1,205.0,178.75181667620132,123.09778900841978,589.5,215.2,222.03060927509068,444.8929789764616,187.6,216.9,29.6,365.0,109.75955033272746,345.0,247.2,152.5,307.5763664481416,243.0,293.8,164.05739755864974,86.52761783871526,390.9314068190113,194.1093798705289,154.65827773718743,371.3841119400668,132.9,84.4,254.6,429.0,270.5,147.2,105.8,90.8,231.5,323.1,178.9407126828507,302.4,186.4,151.3,89.25701566031236,806.4,278.9,374.4636334520844,419.8,93.4,117.8,284.0,235.9905868215228,274.269493230116,188.1,249.1,161.7,226.0,267.2,201.4,283.8,263.1,111.4,175.68438867396728,91.5,123.78164511068724,111.8,81.0,224.2,164.4,88.9,282.7,342.3,271.1,80.0,129.2969846135864,282.3,67.6,193.98446237635002,115.2,115.3,147.6,71.9,1.6,215.72494674419264,293.73922676194945,156.2,109.4,1.8744500697389723,122.6,247.78234028359913,252.4,65.5,27.7,156.8,132.8,63.1,45.962626771662464,42.9,87.67486975507597,102.3,405.4,172.8,134.0,93.13525354180359,68.3,108.4,155.2,0.8,108.6,248.0,59.5,204.5493431012853,9.749453257638647,120.7,676.9571595361239,83.3,45.0043393068532,7.5,125.67673123842107,330.83618847510286,271.1728723896506,27.7,0.1,139.2,454.6460399536444,416.4,406.4,215.3,69.4,18.2,2.9,121.1,300.4,0.2,0.5,0.2,177.7,0.1,1.614752504070319,0.1,0.1,0.2,0.6,1.0,9.2,577.5,222.02446470856285,13.0,517.8,1.4,170.5,2.801718572052017,121.0,43.885763315138064,9.7,184.7790241075959,2.1,135.1,120.8,108.7,67.8,126.2,9.4,2.2,1.8,53.579154371520254,156.4,230.52651250717543,249.9065270178292,144.34394748684588,1.2,165.9,2.8,23.5,6.1,368.5,169.4,66.4,5.7,1.0,61.18359114957582,19.6,200.3,17.425632791114136,14.8079220751011,356.0,232.2,12.3,17.7,33.5,193.6,23.8,1.2,1.2,130.9,0.8,7.3,1.1,241.0,2.2,97.4,71.3,51.287970346330034,8.474567837579283,0.5230390868488757,2.7,58.6,90.0,0.6,128.0,7.6,72.9,85.1,66.50756258316044,9.4,0.4474622324066325,172.69381504325716,6.9,0.1,62.0,124.9,20.8,135.6,82.6,5.0,2.3041382149749516,46.17412624142541,107.2,4.6,127.8,62.8,49.4,12.6,287.7,37.7,153.1,93.0,11.6,0.1,0.6,126.5,53.4,12.1,41.7,7.219688388775598,0.5579637355306226,27.2,0.1,0.1,0.2,159.42043558214613,14.6,152.49314893880262,11.1,40.3
76,125.1,88.2,76.2,196.8733171442744,155.94085400821214,264.1,114.5,260.6,195.7,161.86760300368226,315.05420063887146,253.9,349.7,319.87876264819187,146.2,255.5,101.0,282.8,291.4,385.3197876487063,238.71505774787352,167.333593182675,308.718329266577,137.8,264.0466349148673,141.4,152.0,369.4,220.8,121.7,259.0,105.6,411.3,256.1,166.36971437138055,275.9290047291714,177.0110441080619,236.5,195.7,86.0,250.1,244.6,214.1,254.76572289475814,303.60519970228574,325.0,946.0257501751155,324.2,101.5,148.4,241.05288866066329,78.4,163.6,430.97118335373693,275.8,204.9,233.84516880732443,110.6,169.3,407.1991645460926,128.5,138.45980755454772,282.6,86.9,25.8,561.6719132893251,277.00896635680806,291.7,165.6870486984806,289.4489538814273,292.06606308769364,1133.7,267.0,177.7,330.2,416.5,168.1,205.0,226.1748175101077,130.14500110219382,589.5,215.2,252.08471623719888,445.9350275316445,187.6,216.9,29.6,365.0,102.65999247381471,345.0,247.2,152.5,273.08466074800407,243.0,293.8,181.29962113347725,81.68125422394182,387.91340380849215,211.411290849775,157.5180653773738,281.5159886473338,132.9,84.4,254.6,429.0,270.5,147.2,105.8,90.8,231.5,323.1,181.12508601919524,302.4,186.4,151.3,82.654755265331,806.4,278.9,319.3987739413654,419.8,93.4,117.8,284.0,248.9612236620871,299.2475369577743,188.1,249.1,161.7,226.0,267.2,201.4,283.8,263.1,111.4,202.22877847958958,91.5,107.23188745422065,111.8,81.0,224.2,164.4,88.9,282.7,342.3,271.1,80.0,138.57458530059117,282.3,67.6,199.56222819194977,115.2,115.3,147.6,71.9,1.6,210.3026396930618,286.13758624379346,156.2,109.4,2.072432047293369,122.6,312.2078071379194,252.4,65.5,27.7,156.8,132.8,63.1,47.37429857399158,42.9,70.52990167212285,102.3,405.4,172.8,134.0,84.36881819973587,68.3,108.4,155.2,0.8,108.6,248.0,59.5,170.8570326479378,9.42816634937614,120.7,664.5125257827201,83.3,46.06137332027174,7.5,94.97967614477798,329.36600437906077,311.884349419133,27.7,0.1,139.2,367.0659442318165,416.4,406.4,215.3,69.4,18.2,2.9,121.1,300.4,0.2,0.5,0.2,177.7,0.1,1.7584508046821088,0.1,0.1,0.2,0.6,1.0,9.2,577.5,178.09735350915545,13.0,517.8,1.4,170.5,3.250919726196842,121.0,39.84957832482648,9.7,183.77424512987045,2.1,135.1,120.8,108.7,67.8,126.2,9.4,2.2,1.8,69.18802341241577,156.4,190.37281892849637,207.90795329766203,134.42423575977227,1.2,165.9,2.8,23.5,6.1,368.5,169.4,66.4,5.7,1.0,73.52492572412595,19.6,200.3,16.394874259544505,14.888564371283177,356.0,232.2,12.3,17.7,33.5,193.6,23.8,1.2,1.2,130.9,0.8,7.3,1.1,241.0,2.2,97.4,71.3,47.85167822686557,7.788772559179049,0.5863532272196216,2.7,58.6,90.0,0.6,128.0,7.6,72.9,85.1,53.822881517242216,9.4,0.39055693621287185,142.97493506264146,6.9,0.1,62.0,124.9,20.8,135.6,82.6,5.0,2.276300665289464,34.77577960834583,107.2,4.6,127.8,62.8,49.4,12.6,287.7,37.7,153.1,93.0,11.6,0.1,0.6,126.5,53.4,12.1,41.7,7.199241900966543,0.5543550052287636,27.2,0.1,0.1,0.2,136.84698944795016,14.6,177.02671890048615,11.1,40.3
77,125.1,88.2,76.2,205.56339075482737,178.04111571858408,264.1,114.5,260.6,195.7,165.41678709994298,375.99650272291564,253.9,349.7,290.57036561877146,146.2,255.5,101.0,282.8,291.4,478.432544129515,199.63958527138698,167.85780512857946,331.92924417428003,137.8,253.00194283862592,141.4,152.0,369.4,220.8,121.7,259.0,105.6,411.3,256.1,142.28363819084086,241.63705341930094,168.32145373893187,236.5,195.7,86.0,250.1,244.6,214.1,245.26280296324666,264.3225181226986,325.0,913.8285509463017,324.2,101.5,148.4,193.67582600332943,78.4,163.6,526.2495300090796,275.8,204.9,206.27647460610453,110.6,169.3,418.07260256912576,128.5,162.08123395571582,282.6,86.9,25.8,618.8537951427024,254.2557986979184,291.7,222.7712744759799,283.67797980445584,287.3226586749602,1133.7,267.0,177.7,330.2,416.5,168.1,205.0,225.98310575901525,129.16725692354308,589.5,215.2,231.89749715712443,518.0415386237428,187.6,216.9,29.6,365.0,118.85435690686653,345.0,247.2,152.5,299.83375811225426,243.0,293.8,194.77553159234617,95.71355831291015,349.23643434923645,263.84973984858846,179.65040518879002,381.83798571642666,132.9,84.4,254.6,429.0,270.5,147.2,105.8,90.8,231.5,323.1,174.63639674222304,302.4,186.4,151.3,79.08533612714213,806.4,278.9,383.951659610305,419.8,93.4,117.8,284.0,257.72989866298457,286.98235741912634,188.1,249.1,161.7,226.0,267.2,201.4,283.8,263.1,111.4,174.9085691650358,91.5,149.13711723682047,111.8,81.0,224.2,164.4,88.9,282.7,342.3,271.1,80.0,150.65861198186693,282.3,67.6,191.72408667752,115.2,115.3,147.6,71.9,1.6,207.1188785901573,303.0219873106935,156.2,109.4,2.2074510290348,122.6,279.4453434497387,252.4,65.5,27.7,156.8,132.8,63.1,55.3570484924095,42.9,66.83171136034827,102.3,405.4,172.8,134.0,78.43041111371095,68.3,108.4,155.2,0.8,108.6,248.0,59.5,170.66559947546008,9.142237087224926,120.7,822.3799376364927,83.3,39.8042060648903,7.5,115.13170006078622,273.7117285940513,308.93737997623896,27.7,0.1,139.2,458.2229366578776,416.4,406.4,215.3,69.4,18.2,2.9,121.1,300.4,0.2,0.5,0.2,177.7,0.1,1.8724475351600276,0.1,0.1,0.2,0.6,1.0,9.2,577.5,252.96106341970273,13.0,517.8,1.4,170.5,2.540649303339866,121.0,36.449981678368864,9.7,140.05671229783724,2.1,135.1,120.8,108.7,67.8,126.2,9.4,2.2,1.8,69.34247426052013,156.4,217.98321624096502,214.32010380669038,146.48409629607167,1.2,165.9,2.8,23.5,6.1,368.5,169.4,66.4,5.7,1.0,68.18103533295961,19.6,200.3,12.597158403850308,15.193640576034133,356.0,232.2,12.3,17.7,33.5,193.6,23.8,1.2,1.2,130.9,0.8,7.3,1.1,241.0,2.2,97.4,71.3,51.46696421904794,7.081346269114942,0.5097240567584949,2.7,58.6,90.0,0.6,128.0,7.6,72.9,85.1,61.63201800715334,9.4,0.3861648302892986,209.58335284139693,6.9,0.1,62.0,124.9,20.8,135.6,82.6,5.0,2.158922842997128,34.98368154824757,107.2,4.6,127.8,62.8,49.4,12.6,287.7,37.7,153.1,93.0,11.6,0.1,0.6,126.5,53.4,12.1,41.7,8.337597759362925,0.5699568924136467,27.2,0.1,0.1,0.2,177.27006669866418,14.6,146.85714822529445,11.1,40.3
78,125.1,88.2,76.2,232.09552587427814,158.41855317874294,264.1,114.5,260.6,195.7,240.76893774126552,359.89986949359997,253.9,349.7,231.9915673493296,146.2,255.5,101.0,282.8,291.4,470.8266242677539,192.19628647934982,163.55896741936567,267.8580761750968,137.8,269.0083308388463,141.4,152.0,369.4,220.8,121.7,259.0,105.6,411.3,256.1,135.91146898761593,257.9019726153633,143.7831309406423,236.5,195.7,86.0,250.1,244.6,214.1,340.2348348799046,304.12655338125955,325.0,904.0608971399292,324.2,101.5,148.4,198.22758211501258,78.4,163.6,404.49454714018265,275.8,204.9,213.82704597060322,110.6,169.3,334.71214104787936,128.5,120.98466313108618,282.6,86.9,25.8,531.0236224958991,280.73896775329246,291.7,211.05052841581366,284.0174150293989,213.15671267876186,1133.7,267.0,177.7,330.2,416.5,168.1,205.0,191.28157117141524,149.85289475939658,589.5,215.2,256.8381460626282,442.7025139497674,187.6,216.9,29.6,365.0,127.12259612290697,345.0,247.2,152.5,209.2238397774992,243.0,293.8,165.03725216938875,88.33931657870035,320.2081937858922,251.0687668033462,208.9576129875256,352.9318921564098,132.9,84.4,254.6,429.0,270.5,147.2,105.8,90.8,231.5,323.1,161.91755173799558,302.4,186.4,151.3,98.11612563600357,806.4,278.9,313.27387547811793,419.8,93.4,117.8,284.0,216.96468609221958,219.50556688878703,188.1,249.1,161.7,226.0,267.2,201.4,283.8,263.1,111.4,242.93996668410574,91.5,104.86793802783858,111.8,81.0,224.2,164.4,88.9,282.7,342.3,271.1,80.0,152.5218110246736,282.3,67.6,187.66656454373896,115.2,115.3,147.6,71.9,1.6,247.64978630354918,267.98748324312373,156.2,109.4,1.896800758526656,122.6,245.28417976610316,252.4,65.5,27.7,156.8,132.8,63.1,60.23241604420167,42.9,87.59525084472519,102.3,405.4,172.8,134.0,103.86127387388053,68.3,108.4,155.2,0.8,108.6,248.0,59.5,169.70693308377506,7.7489333397699465,120.7,628.9121712041003,83.3,37.71955509107747,7.5,108.32071299057046,320.25865474128847,340.29472766205987,27.7,0.1,139.2,452.9627780692044,416.4,406.4,215.3,69.4,18.2,2.9,121.1,300.4,0.2,0.5,0.2,177.7,0.1,1.6693549113874306,0.1,0.1,0.2,0.6,1.0,9.2,577.5,177.52515804049733,13.0,517.8,1.4,170.5,3.656216280094828,121.0,41.60235011915308,9.7,142.0029606759155,2.1,135.1,120.8,108.7,67.8,126.2,9.4,2.2,1.8,72.66918245412644,156.4,174.33978841477483,249.52698308140495,136.50502613856816,1.2,165.9,2.8,23.5,6.1,368.5,169.4,66.4,5.7,1.0,72.62588375890982,19.6,200.3,17.38303165188472,13.598784026972295,356.0,232.2,12.3,17.7,33.5,193.6,23.8,1.2,1.2,130.9,0.8,7.3,1.1,241.0,2.2,97.4,71.3,47.991884183192525,8.553726367253265,0.4337491553491646,2.7,58.6,90.0,0.6,128.0,7.6,72.9,85.1,71.4047849538822,9.4,0.4337216626742398,146.070628201554,6.9,0.1,62.0,124.9,20.8,135.6,82.6,5.0,2.07405747613289,32.840767100958075,107.2,4.6,127.8,62.8,49.4,12.6,287.7,37.7,153.1,93.0,11.6,0.1,0.6,126.5,53.4,12.1,41.7,8.984452372293811,0.5244089923516765,27.2,0.1,0.1,0.2,188.41294194832312,14.6,145.1813003638795,11.1,40.3
79,125.1,88.2,76.2,246.9881428277022,176.13603798597,264.1,114.5,260.6,195.7,222.0063869801229,450.2984583621958,253.9,349.7,312.7668821795949,146.2,255.5,101.0,282.8,291.4,444.8799581893537,232.37335401403706,159.72298672197627,372.6137738312194,137.8,310.4559417368309,141.4,152.0,369.4,220.8,121.7,259.0,105.6,411.3,256.1,140.03776749494654,269.00811051454883,175.46132174670413,236.5,195.7,86.0,250.1,244.6,214.1,281.9840388115323,251.62117812574715,325.0,671.2631157283128,324.2,101.5,148.4,275.40314779187986,78.4,163.6,408.3924204842216,275.8,204.9,176.81288560082285,110.6,169.3,321.5631295175259,128.5,124.81037802329136,282.6,86.9,25.8,460.76796584889837,279.8445625194264,291.7,215.87631915152298,280.5158011459293,281.6849984082157,1133.7,267.0,177.7,330.2,416.5,168.1,205.0,195.51947259575857,155.1729191977791,589.5,215.2,191.52359723595347,487.889170154948,187.6,216.9,29.6,365.0,106.32887087596468,345.0,247.2,152.5,292.9311631727263,243.0,293.8,165.7200479112768,106.03253165586476,373.935532812064,246.27849325246967,163.64325466469666,372.65742945957663,132.9,84.4,254.6,429.0,270.5,147.2,105.8,90.8,231.5,323.1,170.48936422835092,302.4,186.4,151.3,73.24134676049638,806.4,278.9,365.9065148507881,419.8,93.4,117.8,284.0,202.28211759688415,263.75262465015084,188.1,249.1,161.7,226.0,267.2,201.4,283.8,263.1,111.4,208.8968581094747,91.5,104.77873528758047,111.8,81.0,224.2,164.4,88.9,282.7,342.3,271.1,80.0,130.11732457096338,282.3,67.6,188.39221122139696,115.2,115.3,147.6,71.9,1.6,199.63434395710632,266.68821337044847,156.2,109.4,1.9276793240860197,122.6,234.9981664842691,252.4,65.5,27.7,156.8,132.8,63.1,40.8862265145353,42.9,72.78594836670646,102.3,405.4,172.8,134.0,113.73393316255518,68.3,108.4,155.2,0.8,108.6,248.0,59.5,230.66622078406422,9.650769388755549,120.7,689.0778879951608,83.3,44.835702332735,7.5,122.21608586239395,317.34275546534815,270.083832816558,27.7,0.1,139.2,335.3318573123595,416.4,406.4,215.3,69.4,18.2,2.9,121.1,300.4,0.2,0.5,0.2,177.7,0.1,1.7897508055116047,0.1,0.1,0.2,0.6,1.0,9.2,577.5,206.31798298286202,13.0,517.8,1.4,170.5,2.7627144714663086,121.0,36.71254897442477,9.7,153.79658783370195,2.1,135.1,120.8,108.7,67.8,126.2,9.4,2.2,1.8,64.638680248773,156.4,212.4071962060895,278.5977260491043,127.07185250926653,1.2,165.9,2.8,23.5,6.1,368.5,169.4,66.4,5.7,1.0,59.420462897758526,19.6,200.3,14.304710459292782,12.518398086404103,356.0,232.2,12.3,17.7,33.5,193.6,23.8,1.2,1.2,130.9,0.8,7.3,1.1,241.0,2.2,97.4,71.3,52.08161684638832,9.750306132044738,0.5053634456882327,2.7,58.6,90.0,0.6,128.0,7.6,72.9,85.1,52.65690214560145,9.4,0.45728581735708895,141.75740461230475,6.9,0.1,62.0,124.9,20.8,135.6,82.6,5.0,2.3542063123468435,46.32175679797894,107.2,4.6,127.8,62.8,49.4,12.6,287.7,37.7,153.1,93.0,11.6,0.1,0.6,126.5,53.4,12.1,41.7,7.72525902466322,0.6909206256179492,27.2,0.1,0.1,0.2,129.2778535990891,14.6,122.319705787874,11.1,40.3
80,125.1,88.2,76.2,261.6265037695523,136.16550240401222,264.1,114.5,260.6,195.7,222.9702410520113,363.9191245005573,253.9,349.7,255.81818143915388,146.2,255.5,101.0,282.8,291.4,432.4960125635637,215.28015339902888,178.02532563539654,349.14447927649644,137.8,238.462421240224,141.4,152.0,369.4,220.8,121.7,259.0,105.6,411.3,256.1,129.45464924173544,256.0440427308693,153.1876920214394,236.5,195.7,86.0,250.1,244.6,214.1,306.04649109134056,333.9577908458337,325.0,845.8273688438942,324.2,101.5,148.4,209.06911743620492,78.4,163.6,370.7022072824791,275.8,204.9,229.64598247600412,110.6,169.3,310.2278975610962,128.5,171.5167074927105,282.6,86.9,25.8,537.7987517134179,205.84716126409842,291.7,206.10220598635706,311.78801675968765,293.5291850022665,1133.7,267.0,177.7,330.2,416.5,168.1,205.0,211.78577171093877,125.03827262896999,589.5,215.2,222.1144421922312,535.1977480115158,187.6,216.9,29.6,365.0,127.3563847302635,345.0,247.2,152.5,311.7124363843257,243.0,293.8,196.5198370028658,84.50765935678126,335.37119688578855,206.18888129124417,153.7722268579452,292.5019794252131,132.9,84.4,254.6,429.0,270.5,147.2,105.8,90.8,231.5,323.1,149.31796857395332,302.4,186.4,151.3,95.99663955898004,806.4,278.9,311.4927171767678,419.8,93.4,117.8,284.0,247.9775398042471,268.7983204375623,188.1,249.1,161.7,226.0,267.2,201.4,283.8,263.1,111.4,223.08242499504013,91.5,136.29686136779887,111.8,81.0,224.2,164.4,88.9,282.7,342.3,271.1,80.0,166.24686417409407,282.3,67.6,196.92614000649996,115.2,115.3,147.6,71.9,1.6,214.9172865529872,278.7388827199505,156.2,109.4,2.2228011723418097,122.6,289.55790190570104,252.4,65.5,27.7,156.8,132.8,63.1,49.98619366370899,42.9,84.33301000292731,102.3,405.4,172.8,134.0,112.64075196322965,68.3,108.4,155.2,0.8,108.6,248.0,59.5,173.39920400492394,6.819102946860173,120.7,661.4573171820886,83.3,36.43197634904941,7.5,119.15218681013347,371.3811659242313,286.97857147413896,27.7,0.1,139.2,336.0910354981864,416.4,406.4,215.3,69.4,18.2,2.9,121.1,300.4,0.2,0.5,0.2,177.7,0.1,1.289079147512432,0.1,0.1,0.2,0.6,1.0,9.2,577.5,194.4612408737663,13.0,517.8,1.4,170.5,3.631344639950698,121.0,34.34638061771848,9.7,175.79599682298556,2.1,135.1,120.8,108.7,67.8,126.2,9.4,2.2,1.8,56.659308275898276,156.4,176.0655788883656,206.33977583841863,125.35080168133703,1.2,165.9,2.8,23.5,6.1,368.5,169.4,66.4,5.7,1.0,64.70434508645377,19.6,200.3,17.584240429210176,10.498163373915812,356.0,232.2,12.3,17.7,33.5,193.6,23.8,1.2,1.2,130.9,0.8,7.3,1.1,241.0,2.2,97.4,71.3,41.85878593716347,9.10298416973518,0.4222023492146117,2.7,58.6,90.0,0.6,128.0,7.6,72.9,85.1,69.87319074247398,9.4,0.39600494039876816,179.07104930317803,6.9,0.1,62.0,124.9,20.8,135.6,82.6,5.0,2.4187237794747705,42.697964660915595,107.2,4.6,127.8,62.8,49.4,12.6,287.7,37.7,153.1,93.0,11.6,0.1,0.6,126.5,53.4,12.1,41.7,10.18739339369747,0.5622686422013751,27.2,0.1,0.1,0.2,188.34850289720015,14.6,129.3588283667953,11.1,40.3
81,125.1,88.2,76.2,210.07129845345867,133.81900367530667,264.1,114.5,260.6,195.7,188.2655051317637,420.2325699991447,253.9,349.7,322.1868954281407,146.2,255.5,101.0,282.8,291.4,475.16245062956585,229.33230915832388,166.5343612524258,297.67051950918005,137.8,295.2362644626752,141.4,152.0,369.4,220.8,121.7,259.0,105.6,411.3,256.1,167.8729394350798,204.98614711732796,137.27909457216725,236.5,195.7,86.0,250.1,244.6,214.1,282.04578844434,272.1420399105605,325.0,928.1729834479863,324.2,101.5,148.4,257.7714056567496,78.4,163.6,442.212546279645,275.8,204.9,239.3968173139175,110.6,169.3,420.69794710165115,128.5,163.14284191624614,282.6,86.9,25.8,635.1472387948713,281.32417467648077,291.7,217.33742815768434,341.18692387117494,220.9762046007596,1133.7,267.0,177.7,330.2,416.5,168.1,205.0,233.04184059124282,151.05055278249935,589.5,215.2,193.1759578147867,495.2527402705104,187.6,216.9,29.6,365.0,132.29492629321732,345.0,247.2,152.5,313.2150080154188,243.0,293.8,220.03189335602292,79.63785385423378,362.6079375322895,278.81685945685183,192.08297339671805,351.6177320114711,132.9,84.4,254.6,429.0,270.5,147.2,105.8,90.8,231.5,323.1,166.83450587757739,302.4,186.4,151.3,85.1107027602741,806.4,278.9,399.67531706290026,419.8,93.4,117.8,284.0,297.3712279091279,247.33259458010247,188.1,249.1,161.7,226.0,267.2,201.4,283.8,263.1,111.4,213.0809965068026,91.5,123.56890295450448,111.8,81.0,224.2,164.4,88.9,282.7,342.3,271.1,80.0,165.18867848626684,282.3,67.6,160.8613522226473,115.2,115.3,147.6,71.9,1.6,232.00478826697113,250.65334902549614,156.2,109.4,2.362957759900246,122.6,323.08689646811035,252.4,65.5,27.7,156.8,132.8,63.1,42.8561497662596,42.9,67.06072430260531,102.3,405.4,172.8,134.0,78.12516233705637,68.3,108.4,155.2,0.8,108.6,248.0,59.5,205.35672299158077,7.124925907146903,120.7,806.3013659149633,83.3,37.37397693357702,7.5,101.89871067773984,359.3469005362447,311.51626894698154,27.7,0.1,139.2,412.54324289001994,416.4,406.4,215.3,69.4,18.2,2.9,121.1,300.4,0.2,0.5,0.2,177.7,0.1,1.8317036642285447,0.1,0.1,0.2,0.6,1.0,9.2,577.5,186.3523915082122,13.0,517.8,1.4,170.5,2.7076495496725648,121.0,34.042273554064934,9.7,147.0438319082262,2.1,135.1,120.8,108.7,67.8,126.2,9.4,2.2,1.8,71.36931441727329,156.4,189.11314778613854,289.6463037127412,117.61125461839427,1.2,165.9,2.8,23.5,6.1,368.5,169.4,66.4,5.7,1.0,74.16347053749391,19.6,200.3,13.8837723741128,11.833684497141439,356.0,232.2,12.3,17.7,33.5,193.6,23.8,1.2,1.2,130.9,0.8,7.3,1.1,241.0,2.2,97.4,71.3,39.6754765271047,6.664780560480468,0.4250894250726283,2.7,58.6,90.0,0.6,128.0,7.6,72.9,85.1,65.56691538949872,9.4,0.4335018499190848,184.8893041711524,6.9,0.1,62.0,124.9,20.8,135.6,82.6,5.0,2.3119873614674775,38.6941335668711,107.2,4.6,127.8,62.8,49.4,12.6,287.7,37.7,153.1,93.0,11.6,0.1,0.6,126.5,53.4,12.1,41.7,9.795755328749113,0.5830526044071377,27.2,0.1,0.1,0.2,157.47552233418023,14.6,131.92395879591626,11.1,40.3
82,125.1,88.2,76.2,201.37797906981075,128.86207050748988,264.1,114.5,260.6,195.7,164.90361370746714,335.00673121746763,253.9,349.7,250.08474107742043,146.2,255.5,101.0,282.8,291.4,476.1563128998768,180.99827546735642,157.2946408632553,299.88743019370224,137.8,298.0064507853516,141.4,152.0,369.4,220.8,121.7,259.0,105.6,411.3,256.1,141.36403495698522,209.06785030890038,169.93194003051227,236.5,195.7,86.0,250.1,244.6,214.1,276.7319414907884,312.93156097578026,325.0,639.0283184120652,324.2,101.5,148.4,263.98449371467365,78.4,163.6,515.6524910087547,275.8,204.9,257.79270931994574,110.6,169.3,413.2092623645327,128.5,169.72100647489998,282.6,86.9,25.8,569.2634225844586,194.53358856198068,291.7,212.708073902636,257.25352154473813,235.8633479159958,1133.7,267.0,177.7,330.2,416.5,168.1,205.0,196.59291008484547,148.48189597087557,589.5,215.2,205.8177228737606,421.8437080293256,187.6,216.9,29.6,365.0,96.99068673032805,345.0,247.2,152.5,297.9436420955317,243.0,293.8,240.48330686537645,94.333776542211,335.39821809615626,282.4341257949374,213.0140605452308,285.5292067676531,132.9,84.4,254.6,429.0,270.5,147.2,105.8,90.8,231.5,323.1,166.0583729117014,302.4,186.4,151.3,87.6982513691913,806.4,278.9,275.609572716323,419.8,93.4,117.8,284.0,225.23861983233866,242.77822845242622,188.1,249.1,161.7,226.0,267.2,201.4,283.8,263.1,111.4,172.25558962765984,91.5,108.32274076147579,111.8,81.0,224.2,164.4,88.9,282.7,342.3,271.1,80.0,151.66057785512956,282.3,67.6,195.0594978733757,115.2,115.3,147.6,71.9,1.6,257.30746349379365,260.5911081739857,156.2,109.4,2.040834682300483,122.6,312.73774011132843,252.4,65.5,27.7,156.8,132.8,63.1,49.7010555249089,42.9,72.4491554227667,102.3,405.4,172.8,134.0,94.61445921443068,68.3,108.4,155.2,0.8,108.6,248.0,59.5,228.06304743145625,6.711498311564231,120.7,659.5824876562258,83.3,38.66582545535661,7.5,113.07116688118853,279.646076331218,326.2594387099658,27.7,0.1,139.2,481.371308516849,416.4,406.4,215.3,69.4,18.2,2.9,121.1,300.4,0.2,0.5,0.2,177.7,0.1,1.423146024483163,0.1,0.1,0.2,0.6,1.0,9.2,577.5,222.52643267490657,13.0,517.8,1.4,170.5,2.510548001191907,121.0,36.256921088765694,9.7,181.50117139593382,2.1,135.1,120.8,108.7,67.8,126.2,9.4,2.2,1.8,59.68609089229213,156.4,191.0623081816399,231.4256302924374,132.49798030500196,1.2,165.9,2.8,23.5,6.1,368.5,169.4,66.4,5.7,1.0,73.37124481183005,19.6,200.3,15.498960525755958,13.719925542102992,356.0,232.2,12.3,17.7,33.5,193.6,23.8,1.2,1.2,130.9,0.8,7.3,1.1,241.0,2.2,97.4,71.3,46.05922351098901,7.541739566864399,0.586217238067278,2.7,58.6,90.0,0.6,128.0,7.6,72.9,85.1,76.29030925902872,9.4,0.3594784173943085,167.5086144812569,6.9,0.1,62.0,124.9,20.8,135.6,82.6,5.0,2.665779488256897,36.015011924495006,107.2,4.6,127.8,62.8,49.4,12.6,287.7,37.7,153.1,93.0,11.6,0.1,0.6,126.5,53.4,12.1,41.7,8.060118839890642,0.48580222472640455,27.2,0.1,0.1,0.2,179.94918592890974,14.6,143.297199288183,11.1,40.3
83,125.1,88.2,76.2,228.38028541278845,170.39213838749743,264.1,114.5,260.6,195.7,177.0724290958363,446.69011393244705,253.9,349.7,312.32901923781645,146.2,255.5,101.0,282.8,291.4,352.1767519175423,222.2954707295753,180.1307541079908,311.9798081590797,137.8,260.91760280915304,141.4,152.0,369.4,220.8,121.7,259.0,105.6,411.3,256.1,190.33037560431347,274.38555097410153,148.1917343244735,236.5,195.7,86.0,250.1,244.6,214.1,250.18109960209492,364.0099245536809,325.0,661.7028206120883,324.2,101.5,148.4,198.1435895135529,78.4,163.6,453.4230319434733,275.8,204.9,229.29970058631525,110.6,169.3,300.3280067646,128.5,156.41734087750567,282.6,86.9,25.8,517.6466084133389,227.3787771982245,291.7,164.42868515257848,341.43602041537616,235.6254349927322,1133.7,267.0,177.7,330.2,416.5,168.1,205.0,182.37730243229117,150.25432666963303,589.5,215.2,274.222084311197,431.1850958631553,187.6,216.9,29.6,365.0,121.04879966424559,345.0,247.2,152.5,270.06718570182716,243.0,293.8,184.19302552378207,102.0392223260104,438.0006309374113,229.91524487894696,153.47987761211394,379.89644661545003,132.9,84.4,254.6,429.0,270.5,147.2,105.8,90.8,231.5,323.1,129.2184276046766,302.4,186.4,151.3,93.42526823450366,806.4,278.9,373.4625611397346,419.8,93.4,117.8,284.0,271.99945047328276,255.9213655408181,188.1,249.1,161.7,226.0,267.2,201.4,283.8,263.1,111.4,186.1604735881558,91.5,130.24213858600476,111.8,81.0,224.2,164.4,88.9,282.7,342.3,271.1,80.0,141.182667412988,282.3,67.6,203.1490618486306,115.2,115.3,147.6,71.9,1.6,273.5835243552286,298.0187129974929,156.2,109.4,2.1280917046480354,122.6,261.2935117809318,252.4,65.5,27.7,156.8,132.8,63.1,49.22193927803233,42.9,91.08929555975675,102.3,405.4,172.8,134.0,77.49710061240565,68.3,108.4,155.2,0.8,108.6,248.0,59.5,190.2694130319208,9.028909655447677,120.7,689.0087589481701,83.3,42.356993737407436,7.5,92.74894335254604,338.3121541737107,284.2683404369531,27.7,0.1,139.2,466.35422120730914,416.4,406.4,215.3,69.4,18.2,2.9,121.1,300.4,0.2,0.5,0.2,177.7,0.1,1.5451354933532035,0.1,0.1,0.2,0.6,1.0,9.2,577.5,196.47840400619089,13.0,517.8,1.4,170.5,2.886461632174826,121.0,36.292983967291306,9.7,161.57082311125333,2.1,135.1,120.8,108.7,67.8,126.2,9.4,2.2,1.8,63.364293237613076,156.4,228.16697831771606,275.6287861888765,136.97426389110257,1.2,165.9,2.8,23.5,6.1,368.5,169.4,66.4,5.7,1.0,64.77384664098929,19.6,200.3,16.649833067246718,11.724791707076161,356.0,232.2,12.3,17.7,33.5,193.6,23.8,1.2,1.2,130.9,0.8,7.3,1.1,241.0,2.2,97.4,71.3,53.6401661518011,8.232540577889443,0.5096620429778408,2.7,58.6,90.0,0.6,128.0,7.6,72.9,85.1,65.31903540700911,9.4,0.4185655299626774,204.41457842171948,6.9,0.1,62.0,124.9,20.8,135.6,82.6,5.0,2.686211982730496,39.48838023099648,107.2,4.6,127.8,62.8,49.4,12.6,287.7,37.7,153.1,93.0,11.6,0.1,0.6,126.5,53.4,12.1,41.7,9.729492086619022,0.5519067876530304,27.2,0.1,0.1,0.2,155.5170060488057,14.6,162.17731992965946,11.1,40.3
84,125.1,88.2,76.2,248.4505184442438,162.11077642028542,264.1,114.5,260.6,195.7,202.6528170135671,358.6465889369225,253.9,349.7,294.4585075796824,146.2,255.5,101.0,282.8,291.4,476.6809477029806,174.28705619114,178.14640462681345,259.35414346814287,137.8,252.1205374965636,141.4,152.0,369.4,220.8,121.7,259.0,105.6,411.3,256.1,172.6854386774367,204.71065341799476,145.84277528565934,236.5,195.7,86.0,250.1,244.6,214.1,349.3905926279991,293.8345722609995,325.0,925.5023467174158,324.2,101.5,148.4,261.29868481146,78.4,163.6,529.7105430003103,275.8,204.9,202.20348620490014,110.6,169.3,383.04544751026657,128.5,154.60894475596996,282.6,86.9,25.8,615.5719132714278,197.6395135441964,291.7,152.38834467535102,305.2841278893946,234.07367739861866,1133.7,267.0,177.7,330.2,416.5,168.1,205.0,194.7929377198014,141.9960627694619,589.5,215.2,199.6984393609917,452.4879731432043,187.6,216.9,29.6,365.0,111.11106561978666,345.0,247.2,152.5,222.3370888957464,243.0,293.8,183.80528413878073,86.62325628427071,406.23532139247004,277.60070712680147,185.1376957458661,385.027276292645,132.9,84.4,254.6,429.0,270.5,147.2,105.8,90.8,231.5,323.1,130.4312419353783,302.4,186.4,151.3,77.26701191567238,806.4,278.9,356.02945591149876,419.8,93.4,117.8,284.0,243.4153260332988,243.93801655947692,188.1,249.1,161.7,226.0,267.2,201.4,283.8,263.1,111.4,234.9749310468273,91.5,137.5840692403737,111.8,81.0,224.2,164.4,88.9,282.7,342.3,271.1,80.0,166.63536389895492,282.3,67.6,196.94869646931176,115.2,115.3,147.6,71.9,1.6,297.09028608137237,233.70821083806456,156.2,109.4,1.743346174800335,122.6,293.45214281062107,252.4,65.5,27.7,156.8,132.8,63.1,47.855724164010354,42.9,77.67536114899771,102.3,405.4,172.8,134.0,107.22683285326795,68.3,108.4,155.2,0.8,108.6,248.0,59.5,244.16257401676842,8.61572126881524,120.7,721.827148902545,83.3,44.577391313165776,7.5,88.89270734127051,272.29400309419384,267.25682753720713,27.7,0.1,139.2,486.82873689130486,416.4,406.4,215.3,69.4,18.2,2.9,121.1,300.4,0.2,0.5,0.2,177.7,0.1,1.7442522296418055,0.1,0.1,0.2,0.6,1.0,9.2,577.5,219.67707068361426,13.0,517.8,1.4,170.5,3.1301446651126232,121.0,36.936708100478846,9.7,149.87037789566583,2.1,135.1,120.8,108.7,67.8,126.2,9.4,2.2,1.8,58.42700950816452,156.4,158.54549263848202,284.1162084213757,129.21628082206485,1.2,165.9,2.8,23.5,6.1,368.5,169.4,66.4,5.7,1.0,70.93009910229156,19.6,200.3,13.29720838817864,15.361846143449668,356.0,232.2,12.3,17.7,33.5,193.6,23.8,1.2,1.2,130.9,0.8,7.3,1.1,241.0,2.2,97.4,71.3,51.251555498636314,7.685524407746462,0.5675367652229888,2.7,58.6,90.0,0.6,128.0,7.6,72.9,85.1,73.0096360547521,9.4,0.44594295425463215,209.51630391639583,6.9,0.1,62.0,124.9,20.8,135.6,82.6,5.0,2.7602452036988856,35.16047065417427,107.2,4.6,127.8,62.8,49.4,12.6,287.7,37.7,153.1,93.0,11.6,0.1,0.6,126.5,53.4,12.1,41.7,10.157561058834021,0.6796731986921233,27.2,0.1,0.1,0.2,130.0457963824735,14.6,122.32681105250491,11.1,40.3
85,125.1,88.2,76.2,201.10323476098452,177.16073641201655,264.1,114.5,260.6,195.7,220.44069302515513,323.35663267211453,253.9,349.7,257.8161900887627,146.2,255.5,101.0,282.8,291.4,486.33584618668107,239.39345041755848,151.6520039725582,293.03491472664416,137.8,266.49094628532634,141.4,152.0,369.4,220.8,121.7,259.0,105.6,411.3,256.1,139.14278900040676,241.52649416420127,150.20623138371664,236.5,195.7,86.0,250.1,244.6,214.1,307.2588811376096,282.6962099881378,325.0,751.785016018623,324.2,101.5,148.4,229.63322033728258,78.4,163.6,389.74730770717593,275.8,204.9,204.93002852081915,110.6,169.3,300.0878766069938,128.5,137.81813454288346,282.6,86.9,25.8,525.7498908943788,258.53101469733974,291.7,196.79572786776495,249.8525713421149,246.03915259690694,1133.7,267.0,177.7,330.2,416.5,168.1,205.0,198.63766755099388,150.85237679206972,589.5,215.2,268.6968828188275,381.8964765410816,187.6,216.9,29.6,365.0,127.23018100041907,345.0,247.2,152.5,259.9150812493728,243.0,293.8,209.13754104245913,96.11249381950047,320.11365341495,236.14991356874333,213.48243048861013,313.26915958556077,132.9,84.4,254.6,429.0,270.5,147.2,105.8,90.8,231.5,323.1,141.2208890513313,302.4,186.4,151.3,100.03978258617224,806.4,278.9,330.0169217642789,419.8,93.4,117.8,284.0,219.70778413653775,298.89010351716945,188.1,249.1,161.7,226.0,267.2,201.4,283.8,263.1,111.4,188.1113864955388,91.5,107.54569327851104,111.8,81.0,224.2,164.4,88.9,282.7,342.3,271.1,80.0,147.32159808087405,282.3,67.6,172.62429809029075,115.2,115.3,147.6,71.9,1.6,268.00337943710576,256.0507168000568,156.2,109.4,1.8995291513924266,122.6,233.06715621424885,252.4,65.5,27.7,156.8,132.8,63.1,60.32384128909734,42.9,80.35906337562812,102.3,405.4,172.8,134.0,110.32237199769864,68.3,108.4,155.2,0.8,108.6,248.0,59.5,215.6137761979309,6.615349341929037,120.7,817.4903967924897,83.3,41.990943195931465,7.5,114.84770752978903,271.86435363826945,323.0423539859081,27.7,0.1,139.2,338.43998220969183,416.4,406.4,215.3,69.4,18.2,2.9,121.1,300.4,0.2,0.5,0.2,177.7,0.1,1.6950525038438793,0.1,0.1,0.2,0.6,1.0,9.2,577.5,223.2830306028049,13.0,517.8,1.4,170.5,3.2517846534911494,121.0,35.81464652474314,9.7,128.9540894455042,2.1,135.1,120.8,108.7,67.8,126.2,9.4,2.2,1.8,69.17760232407366,156.4,180.3357598402616,267.05205213682456,117.1761674763246,1.2,165.9,2.8,23.5,6.1,368.5,169.4,66.4,5.7,1.0,51.266440328546736,19.6,200.3,13.201459781456453,11.72287447345165,356.0,232.2,12.3,17.7,33.5,193.6,23.8,1.2,1.2,130.9,0.8,7.3,1.1,241.0,2.2,97.4,71.3,43.725395005022705,8.648001036086878,0.45903966450173167,2.7,58.6,90.0,0.6,128.0,7.6,72.9,85.1,73.88920377493801,9.4,0.32620010580208464,162.56596178969127,6.9,0.1,62.0,124.9,20.8,135.6,82.6,5.0,2.1334499235535147,38.43986641312898,107.2,4.6,127.8,62.8,49.4,12.6,287.7,37.7,153.1,93.0,11.6,0.1,0.6,126.5,53.4,12.1,41.7,7.0915263583151225,0.559841370940243,27.2,0.1,0.1,0.2,167.8329649480525,14.6,137.84102469872403,11.1,40.3
86,125.1,88.2,76.2,190.57495072026944,177.11387175335057,264.1,114.5,260.6,195.7,237.19606380156785,447.2587982774992,253.9,349.7,253.50097426186855,146.2,255.5,101.0,282.8,291.4,482.10089762721157,190.03370943170503,183.85395709310586,322.95665421530464,137.8,217.71836751490366,141.4,152.0,369.4,220.8,121.7,259.0,105.6,411.3,256.1,170.20826106422655,276.7098901278979,155.80711308140138,236.5,195.7,86.0,250.1,244.6,214.1,349.04657666183385,291.63512443570494,325.0,931.2144897066619,324.2,101.5,148.4,248.89848142274946,78.4,163.6,481.144744510088,275.8,204.9,255.3873988263903,110.6,169.3,421.15465911462536,128.5,158.11451636962806,282.6,86.9,25.8,534.2123323417082,222.95666130749956,291.7,206.27491496692375,314.1292442288012,228.48799459612079,1133.7,267.0,177.7,330.2,416.5,168.1,205.0,164.2514389988115,105.59665317898167,589.5,215.2,276.5590101654498,418.0125320812967,187.6,216.9,29.6,365.0,120.1724131679173,345.0,247.2,152.5,311.5011471676911,243.0,293.8,210.1475832050338,96.89958561172188,438.08195773568434,254.61791557884277,218.60881654801076,312.9649920959781,132.9,84.4,254.6,429.0,270.5,147.2,105.8,90.8,231.5,323.1,177.6590788914881,302.4,186.4,151.3,99.56765576214583,806.4,278.9,275.0396886523323,419.8,93.4,117.8,284.0,284.6740405120228,241.28498543710913,188.1,249.1,161.7,226.0,267.2,201.4,283.8,263.1,111.4,202.0879845316805,91.5,143.29359875838125,111.8,81.0,224.2,164.4,88.9,282.7,342.3,271.1,80.0,172.0909445440269,282.3,67.6,163.23762053034605,115.2,115.3,147.6,71.9,1.6,283.3708468254076,289.7344508446786,156.2,109.4,1.922770153244361,122.6,316.2137028845969,252.4,65.5,27.7,156.8,132.8,63.1,60.49273072362049,42.9,80.6487941968097,102.3,405.4,172.8,134.0,81.26824215547259,68.3,108.4,155.2,0.8,108.6,248.0,59.5,175.18013708396322,8.946633849349707,120.7,786.8592557156113,83.3,34.758402712874954,7.5,90.724811664329,356.4300016408654,245.89477493627055,27.7,0.1,139.2,463.3502080699885,416.4,406.4,215.3,69.4,18.2,2.9,121.1,300.4,0.2,0.5,0.2,177.7,0.1,1.7598531814763354,0.1,0.1,0.2,0.6,1.0,9.2,577.5,247.4662687434419,13.0,517.8,1.4,170.5,2.863526670168785,121.0,30.930667035305454,9.7,176.11577151446065,2.1,135.1,120.8,108.7,67.8,126.2,9.4,2.2,1.8,61.560743669275915,156.4,225.05671327818806,274.0640493290555,134.31778150069732,1.2,165.9,2.8,23.5,6.1,368.5,169.4,66.4,5.7,1.0,55.569899836629915,19.6,200.3,17.52402890089645,12.84181563831703,356.0,232.2,12.3,17.7,33.5,193.6,23.8,1.2,1.2,130.9,0.8,7.3,1.1,241.0,2.2,97.4,71.3,44.93894342579637,9.08983401119158,0.5895072864040143,2.7,58.6,90.0,0.6,128.0,7.6,72.9,85.1,53.35949793309278,9.4,0.4317259232055729,156.42684946688425,6.9,0.1,62.0,124.9,20.8,135.6,82.6,5.0,2.6852359937823804,42.96363450356815,107.2,4.6,127.8,62.8,49.4,12.6,287.7,37.7,153.1,93.0,11.6,0.1,0.6,126.5,53.4,12.1,41.7,8.91511931263047,0.48751678348394784,27.2,0.1,0.1,0.2,162.72317928183577,14.6,148.96666623554074,11.1,40.3
87,125.1,88.2,76.2,230.08225922792198,167.78440438427475,264.1,114.5,260.6,195.7,219.99735776801586,338.6604710852806,253.9,349.7,222.80825908929407,146.2,255.5,101.0,282.8,291.4,450.39984694274307,196.22283767010603,171.4527409341707,309.2207886906333,137.8,308.6825310625213,141.4,152.0,369.4,220.8,121.7,259.0,105.6,411.3,256.1,149.72096614879194,274.0510517846239,180.53902469012814,236.5,195.7,86.0,250.1,244.6,214.1,282.9009087182105,354.7016998592489,325.0,935.0285239209152,324.2,101.5,148.4,192.93619901562863,78.4,163.6,476.164062512269,275.8,204.9,246.95909846335056,110.6,169.3,408.014827247494,128.5,126.48855940250914,282.6,86.9,25.8,642.1934746813718,274.2393592184941,291.7,152.99104355210352,245.2377850990479,237.1537159642036,1133.7,267.0,177.7,330.2,416.5,168.1,205.0,217.36368940478343,152.69200242274545,589.5,215.2,250.1269822871009,393.04836864472503,187.6,216.9,29.6,365.0,127.27741267960965,345.0,247.2,152.5,263.14890014848703,243.0,293.8,198.3597499737382,82.8462038180692,333.64453254452735,232.9068679081613,165.28042020407372,316.5922609546847,132.9,84.4,254.6,429.0,270.5,147.2,105.8,90.8,231.5,323.1,147.19010871240667,302.4,186.4,151.3,102.72015521958667,806.4,278.9,387.34832704180565,419.8,93.4,117.8,284.0,269.21303701719336,218.03006474346765,188.1,249.1,161.7,226.0,267.2,201.4,283.8,263.1,111.4,230.2985113571831,91.5,108.67125169410657,111.8,81.0,224.2,164.4,88.9,282.7,342.3,271.1,80.0,175.87741737677712,282.3,67.6,188.98945265327532,115.2,115.3,147.6,71.9,1.6,216.33056654815942,295.0405066180734,156.2,109.4,2.1151877451167937,122.6,253.29295367554096,252.4,65.5,27.7,156.8,132.8,63.1,52.85978231980559,42.9,93.30511122965575,102.3,405.4,172.8,134.0,99.7472606739739,68.3,108.4,155.2,0.8,108.6,248.0,59.5,209.71725359384249,8.82826663266045,120.7,694.245337331916,83.3,35.04638104326249,7.5,107.34983610413649,304.66740032507727,279.01667082326526,27.7,0.1,139.2,496.81704595339744,416.4,406.4,215.3,69.4,18.2,2.9,121.1,300.4,0.2,0.5,0.2,177.7,0.1,1.302182325150125,0.1,0.1,0.2,0.6,1.0,9.2,577.5,180.20652696285208,13.0,517.8,1.4,170.5,3.085591731895868,121.0,34.06757015149044,9.7,175.32194957523532,2.1,135.1,120.8,108.7,67.8,126.2,9.4,2.2,1.8,74.63878383001433,156.4,229.58380025689783,279.3076915016826,142.69986080017262,1.2,165.9,2.8,23.5,6.1,368.5,169.4,66.4,5.7,1.0,68.99721999867549,19.6,200.3,12.435085735421751,15.008311181053692,356.0,232.2,12.3,17.7,33.5,193.6,23.8,1.2,1.2,130.9,0.8,7.3,1.1,241.0,2.2,97.4,71.3,39.1516062379476,8.14872198557187,0.48850611219666135,2.7,58.6,90.0,0.6,128.0,7.6,72.9,85.1,63.53063201990387,9.4,0.4541667008500855,163.99013495280803,6.9,0.1,62.0,124.9,20.8,135.6,82.6,5.0,2.2032742834134056,32.61426983091831,107.2,4.6,127.8,62.8,49.4,12.6,287.7,37.7,153.1,93.0,11.6,0.1,0.6,126.5,53.4,12.1,41.7,7.643832631005317,0.5593302162472445,27.2,0.1,0.1,0.2,168.96039836831164,14.6,172.96804586853344,11.1,40.3
88,125.1,88.2,76.2,224.0985119710909,148.12545124228777,264.1,114.5,260.6,195.7,205.8976091247455,450.7061423148033,253.9,349.7,295.23966444672294,146.2,255.5,101.0,282.8,291.4,346.2380406917519,184.01953208685055,130.38705965164345,329.02600241728544,137.8,294.0252535110395,141.4,152.0,369.4,220.8,121.7,259.0,105.6,411.3,256.1,148.02143159619862,204.4970430534186,158.48974788002639,236.5,195.7,86.0,250.1,244.6,214.1,308.6531310321394,289.20095102003967,325.0,833.3668150845064,324.2,101.5,148.4,251.1434043665451,78.4,163.6,403.0135220919525,275.8,204.9,174.7577810736697,110.6,169.3,398.4661904721214,128.5,173.8608671474154,282.6,86.9,25.8,558.0133861616356,232.18263187085955,291.7,188.1587387692214,309.7198669461068,233.144583789919,1133.7,267.0,177.7,330.2,416.5,168.1,205.0,175.04658856474833,120.16092945183378,589.5,215.2,277.62048546686515,427.88161609815046,187.6,216.9,29.6,365.0,135.71953786399476,345.0,247.2,152.5,299.6600418098309,243.0,293.8,181.1959734549545,99.52638226719719,299.4382800198246,200.16975131902203,216.33121985070312,387.02378946947925,132.9,84.4,254.6,429.0,270.5,147.2,105.8,90.8,231.5,323.1,159.53913165593542,302.4,186.4,151.3,87.18232947999275,806.4,278.9,345.30027890441727,419.8,93.4,117.8,284.0,253.72203845695327,296.34922935232316,188.1,249.1,161.7,226.0,267.2,201.4,283.8,263.1,111.4,221.3075526025924,91.5,118.80331967315345,111.8,81.0,224.2,164.4,88.9,282.7,342.3,271.1,80.0,159.69596337149386,282.3,67.6,212.69807407953567,115.2,115.3,147.6,71.9,1.6,210.55168681602714,292.96312293120627,156.2,109.4,2.1801028273259226,122.6,224.8799596800219,252.4,65.5,27.7,156.8,132.8,63.1,43.4605547835948,42.9,69.6658676755214,102.3,405.4,172.8,134.0,111.85949852766366,68.3,108.4,155.2,0.8,108.6,248.0,59.5,221.86742975012407,8.061829670359996,120.7,732.6657661430188,83.3,34.40476045030234,7.5,121.64646207653428,356.0786671187286,286.32877838419364,27.7,0.1,139.2,487.0327959197395,416.4,406.4,215.3,69.4,18.2,2.9,121.1,300.4,0.2,0.5,0.2,177.7,0.1,1.3446448466072374,0.1,0.1,0.2,0.6,1.0,9.2,577.5,259.9404576070296,13.0,517.8,1.4,170.5,3.6665049170521726,121.0,35.79817756765603,9.7,180.7346281496022,2.1,135.1,120.8,108.7,67.8,126.2,9.4,2.2,1.8,58.52484089580429,156.4,164.3642516714076,251.87662820645227,136.5596229534645,1.2,165.9,2.8,23.5,6.1,368.5,169.4,66.4,5.7,1.0,70.08253641103099,19.6,200.3,17.973373944087925,14.315948288790224,356.0,232.2,12.3,17.7,33.5,193.6,23.8,1.2,1.2,130.9,0.8,7.3,1.1,241.0,2.2,97.4,71.3,42.57361865157976,7.230762929568412,0.42557247056597947,2.7,58.6,90.0,0.6,128.0,7.6,72.9,85.1,75.30088936577894,9.4,0.4221638055843958,171.82769687935505,6.9,0.1,62.0,124.9,20.8,135.6,82.6,5.0,2.6633095660445685,42.97671152913384,107.2,4.6,127.8,62.8,49.4,12.6,287.7,37.7,153.1,93.0,11.6,0.1,0.6,126.5,53.4,12.1,41.7,7.333979267915752,0.7156547583144106,27.2,0.1,0.1,0.2,166.2888639215546,14.6,161.78443795566275,11.1,40.3
89,125.1,88.2,76.2,189.3046260214664,144.76588214197935,264.1,114.5,260.6,195.7,224.7196915705777,430.31293951153606,253.9,349.7,241.3925611010507,146.2,255.5,101.0,282.8,291.4,487.87689606441404,246.77144357853538,160.89521356053618,361.93240307509643,137.8,213.91786347949443,141.4,152.0,369.4,220.8,121.7,259.0,105.6,411.3,256.1,157.50659523430926,261.4598102482358,140.2852234812461,236.5,195.7,86.0,250.1,244.6,214.1,271.75891132970924,355.7936638821466,325.0,757.7512512101888,324.2,101.5,148.4,253.67815959937587,78.4,163.6,419.8843599809335,275.8,204.9,182.81931223550882,110.6,169.3,407.14464215503637,128.5,150.97003528598623,282.6,86.9,25.8,635.8082491321243,227.32695437247872,291.7,202.49535160054882,255.64128991093497,276.2630959471641,1133.7,267.0,177.7,330.2,416.5,168.1,205.0,213.44590058348217,125.99474312790929,589.5,215.2,270.3908797433111,537.9972644581435,187.6,216.9,29.6,365.0,102.16267800649227,345.0,247.2,152.5,286.5059546718922,243.0,293.8,182.07164895718813,83.55417108085155,426.74234884077936,209.0209209192827,195.3591867606436,340.1999138875513,132.9,84.4,254.6,429.0,270.5,147.2,105.8,90.8,231.5,323.1,126.317700852707,302.4,186.4,151.3,70.67658206497248,806.4,278.9,378.56304127405974,419.8,93.4,117.8,284.0,210.57530467304363,280.5340771389278,188.1,249.1,161.7,226.0,267.2,201.4,283.8,263.1,111.4,200.3956868335568,91.5,101.72347415227036,111.8,81.0,224.2,164.4,88.9,282.7,342.3,271.1,80.0,141.54414910738348,282.3,67.6,188.6540273210611,115.2,115.3,147.6,71.9,1.6,283.384340222423,235.02463902075996,156.2,109.4,2.0323385888452092,122.6,289.3952794028196,252.4,65.5,27.7,156.8,132.8,63.1,43.17479806414636,42.9,87.19046166749558,102.3,405.4,172.8,134.0,79.06171127522708,68.3,108.4,155.2,0.8,108.6,248.0,59.5,182.6875459534968,9.065235105132569,120.7,847.7057564685202,83.3,47.434780159465284,7.5,129.69383681687538,330.53386005299456,314.1570005937643,27.7,0.1,139.2,488.7204280182175,416.4,406.4,215.3,69.4,18.2,2.9,121.1,300.4,0.2,0.5,0.2,177.7,0.1,1.8408831241579775,0.1,0.1,0.2,0.6,1.0,9.2,577.5,202.74437790974622,13.0,517.8,1.4,170.5,2.958742525130302,121.0,38.26467577547365,9.7,137.41206291067365,2.1,135.1,120.8,108.7,67.8,126.2,9.4,2.2,1.8,71.43260235117847,156.4,194.78547678035778,291.3168570493061,124.22895463595137,1.2,165.9,2.8,23.5,6.1,368.5,169.4,66.4,5.7,1.0,58.80549945976961,19.6,200.3,17.434136774460367,11.557850388393828,356.0,232.2,12.3,17.7,33.5,193.6,23.8,1.2,1.2,130.9,0.8,7.3,1.1,241.0,2.2,97.4,71.3,47.937752806843925,6.790558366506762,0.5265743729579517,2.7,58.6,90.0,0.6,128.0,7.6,72.9,85.1,75.99522720207777,9.4,0.34141138471751764,182.0376274358894,6.9,0.1,62.0,124.9,20.8,135.6,82.6,5.0,2.649237794443348,43.93007688316879,107.2,4.6,127.8,62.8,49.4,12.6,287.7,37.7,153.1,93.0,11.6,0.1,0.6,126.5,53.4,12.1,41.7,9.010994647911476,0.7163389404100731,27.2,0.1,0.1,0.2,162.76149251026186,14.6,174.50273618830525,11.1,40.3
90,125.1,88.2,76.2,265.25156595627226,157.64746449726348,264.1,114.5,260.6,195.7,188.46886282494341,346.95198260523466,253.9,349.7,276.0642481333953,146.2,255.5,101.0,282.8,291.4,453.621342974558,186.43783308494585,189.02837384382718,343.33721461504626,137.8,278.1510970229949,141.4,152.0,369.4,220.8,121.7,259.0,105.6,411.3,256.1,184.7851610495719,263.8586357370954,155.94491049953604,236.5,195.7,86.0,250.1,244.6,214.1,330.1094761313279,305.4647357028464,325.0,938.6827784034542,324.2,101.5,148.4,211.91864734197108,78.4,163.6,530.799448427845,275.8,204.9,221.0698733472466,110.6,169.3,398.29721284854065,128.5,171.32565603445562,282.6,86.9,25.8,510.60601153527637,234.6573269738662,291.7,190.06692577528167,299.0594667624595,233.75624365951742,1133.7,267.0,177.7,330.2,416.5,168.1,205.0,227.05550321932373,124.61997368060706,589.5,215.2,208.68193629962522,470.6369238985752,187.6,216.9,29.6,365.0,125.59090980294025,345.0,247.2,152.5,220.7489853497868,243.0,293.8,236.59369888226865,108.97361760949603,362.33010034747196,275.2552641112924,170.52329534920705,390.689974386541,132.9,84.4,254.6,429.0,270.5,147.2,105.8,90.8,231.5,323.1,169.29856012428957,302.4,186.4,151.3,81.90620923026711,806.4,278.9,385.398043385489,419.8,93.4,117.8,284.0,291.6538567596542,235.11743292202095,188.1,249.1,161.7,226.0,267.2,201.4,283.8,263.1,111.4,198.00300173698213,91.5,108.08878044729761,111.8,81.0,224.2,164.4,88.9,282.7,342.3,271.1,80.0,135.57524443983243,282.3,67.6,220.83909549798548,115.2,115.3,147.6,71.9,1.6,277.6737964789512,303.64048195238786,156.2,109.4,2.4652356026128164,122.6,236.90528422582048,252.4,65.5,27.7,156.8,132.8,63.1,42.829970500752566,42.9,66.81606480491928,102.3,405.4,172.8,134.0,104.25090717153202,68.3,108.4,155.2,0.8,108.6,248.0,59.5,216.67206655100702,7.220668729180601,120.7,802.7794618693711,83.3,43.48427387732148,7.5,124.68816118655619,294.51991790508725,331.60932618117533,27.7,0.1,139.2,487.98258339413144,416.4,406.4,215.3,69.4,18.2,2.9,121.1,300.4,0.2,0.5,0.2,177.7,0.1,1.3487983483604076,0.1,0.1,0.2,0.6,1.0,9.2,577.5,259.9130565557642,13.0,517.8,1.4,170.5,3.4119124510675065,121.0,31.20999318451353,9.7,130.24853539548755,2.1,135.1,120.8,108.7,67.8,126.2,9.4,2.2,1.8,70.01910439457659,156.4,181.6890515503598,241.43093993563855,127.75797990347348,1.2,165.9,2.8,23.5,6.1,368.5,169.4,66.4,5.7,1.0,55.68059819358759,19.6,200.3,13.318931676103437,11.711611692989072,356.0,232.2,12.3,17.7,33.5,193.6,23.8,1.2,1.2,130.9,0.8,7.3,1.1,241.0,2.2,97.4,71.3,42.61966131396421,9.072672894165184,0.4865785440500089,2.7,58.6,90.0,0.6,128.0,7.6,72.9,85.1,75.07495523461722,9.4,0.3876655978762424,176.5068646313904,6.9,0.1,62.0,124.9,20.8,135.6,82.6,5.0,2.2097198320804434,46.771869768034065,107.2,4.6,127.8,62.8,49.4,12.6,287.7,37.7,153.1,93.0,11.6,0.1,0.6,126.5,53.4,12.1,41.7,10.132623363379047,0.6478992209215247,27.2,0.1,0.1,0.2,163.31567139227815,14.6,173.95494954829655,11.1,40.3
91,125.1,88.2,76.2,196.44514831007643,136.15968588555745,264.1,114.5,260.6,195.7,186.7226675531693,444.9217391936368,253.9,349.7,313.41918013697466,146.2,255.5,101.0,282.8,291.4,486.0253227500458,250.9507019158782,154.6694136708595,311.21050429330705,137.8,242.24831561075808,141.4,152.0,369.4,220.8,121.7,259.0,105.6,411.3,256.1,174.02280031773716,263.70496270235054,134.50293267270123,236.5,195.7,86.0,250.1,244.6,214.1,292.39646380910557,268.9802717825106,325.0,792.8006263118746,324.2,101.5,148.4,237.40820541011473,78.4,163.6,433.39576570821174,275.8,204.9,256.8880833599336,110.6,169.3,378.41295719648497,128.5,167.28982390065633,282.6,86.9,25.8,560.5263473112773,262.57277229394987,291.7,158.82494965258405,249.40295279459042,218.5180286375429,1133.7,267.0,177.7,330.2,416.5,168.1,205.0,171.18418790596237,140.08377480695736,589.5,215.2,229.65131126190823,522.0230515142914,187.6,216.9,29.6,365.0,105.82448838334082,345.0,247.2,152.5,305.3193748280242,243.0,293.8,199.23187091013193,92.99915165308234,357.9487417118114,229.57636844620515,216.94891141206176,297.44304067503793,132.9,84.4,254.6,429.0,270.5,147.2,105.8,90.8,231.5,323.1,139.8451717873815,302.4,186.4,151.3,97.97430564109186,806.4,278.9,323.5415760850634,419.8,93.4,117.8,284.0,284.685411686743,258.61922996712224,188.1,249.1,161.7,226.0,267.2,201.4,283.8,263.1,111.4,213.47459571138842,91.5,110.23088917278737,111.8,81.0,224.2,164.4,88.9,282.7,342.3,271.1,80.0,133.65012933313437,282.3,67.6,164.5321138243052,115.2,115.3,147.6,71.9,1.6,273.4694007440794,228.50045753971028,156.2,109.4,2.370502017820888,122.6,270.10276848294495,252.4,65.5,27.7,156.8,132.8,63.1,47.90638747155485,42.9,88.28679224979717,102.3,405.4,172.8,134.0,90.77027762375157,68.3,108.4,155.2,0.8,108.6,248.0,59.5,172.1224906778693,9.63800090989106,120.7,779.4607343678433,83.3,45.72092028634934,7.5,92.19019359527856,368.05837448579143,253.8372925975376,27.7,0.1,139.2,501.12017397708996,416.4,406.4,215.3,69.4,18.2,2.9,121.1,300.4,0.2,0.5,0.2,177.7,0.1,1.901080062692602,0.1,0.1,0.2,0.6,1.0,9.2,577.5,227.3453723436062,13.0,517.8,1.4,170.5,3.073741878494682,121.0,35.75854989367346,9.7,164.52580565162253,2.1,135.1,120.8,108.7,67.8,126.2,9.4,2.2,1.8,52.03577003493415,156.4,195.01686029933262,264.9066540382364,125.79966094492985,1.2,165.9,2.8,23.5,6.1,368.5,169.4,66.4,5.7,1.0,70.04753026218147,19.6,200.3,17.28094860436316,12.208689813189514,356.0,232.2,12.3,17.7,33.5,193.6,23.8,1.2,1.2,130.9,0.8,7.3,1.1,241.0,2.2,97.4,71.3,53.01805287018607,7.34405729964962,0.514634099629147,2.7,58.6,90.0,0.6,128.0,7.6,72.9,85.1,63.24547776353821,9.4,0.4610226385557129,161.27880718660595,6.9,0.1,62.0,124.9,20.8,135.6,82.6,5.0,1.9848778426450409,41.83905747791131,107.2,4.6,127.8,62.8,49.4,12.6,287.7,37.7,153.1,93.0,11.6,0.1,0.6,126.5,53.4,12.1,41.7,9.157368670373017,0.6624600843722597,27.2,0.1,0.1,0.2,164.52377943890747,14.6,155.15949919364533,11.1,40.3
92,125.1,88.2,76.2,203.23165638708565,146.6839596084942,264.1,114.5,260.6,195.7,209.10815785621173,336.9010317371432,253.9,349.7,293.8208820593977,146.2,255.5,101.0,282.8,291.4,412.1737099699809,252.09192253411567,152.2899118984072,360.04125577233907,137.8,228.55060107571288,141.4,152.0,369.4,220.8,121.7,259.0,105.6,411.3,256.1,152.50150352164397,242.9401811861841,168.34159033751706,236.5,195.7,86.0,250.1,244.6,214.1,240.99139751014485,265.6379357826046,325.0,854.6262753999482,324.2,101.5,148.4,281.08351402199355,78.4,163.6,434.20586394236216,275.8,204.9,228.6032056608026,110.6,169.3,332.25835794110503,128.5,142.38415355606656,282.6,86.9,25.8,575.4273713231385,269.7331448617395,291.7,152.31374149740088,340.32842385169494,199.31612268083484,1133.7,267.0,177.7,330.2,416.5,168.1,205.0,204.19038552310013,125.92911234987699,589.5,215.2,231.78043884339937,402.2139477684903,187.6,216.9,29.6,365.0,116.37775509407938,345.0,247.2,152.5,238.22232340043644,243.0,293.8,173.94738373364214,100.83586496594395,427.1433047014046,255.20888662240418,214.22158121242506,270.74299283282966,132.9,84.4,254.6,429.0,270.5,147.2,105.8,90.8,231.5,323.1,138.09768100035797,302.4,186.4,151.3,97.48861912518993,806.4,278.9,394.3190219151984,419.8,93.4,117.8,284.0,214.3909867300784,278.2032279952299,188.1,249.1,161.7,226.0,267.2,201.4,283.8,263.1,111.4,181.16370037693497,91.5,102.6642751786843,111.8,81.0,224.2,164.4,88.9,282.7,342.3,271.1,80.0,149.3800399310298,282.3,67.6,159.3688761367262,115.2,115.3,147.6,71.9,1.6,280.6415803889342,260.91569933710485,156.2,109.4,2.268635676613603,122.6,291.23215200110496,252.4,65.5,27.7,156.8,132.8,63.1,44.85670850401863,42.9,90.41327664784684,102.3,405.4,172.8,134.0,104.87337386601119,68.3,108.4,155.2,0.8,108.6,248.0,59.5,238.7688090775129,9.343326343493004,120.7,670.1008512751037,83.3,48.74284116764471,7.5,104.5705442185494,255.31106213286063,243.9435129837408,27.7,0.1,139.2,451.0374605334524,416.4,406.4,215.3,69.4,18.2,2.9,121.1,300.4,0.2,0.5,0.2,177.7,0.1,1.490160499925612,0.1,0.1,0.2,0.6,1.0,9.2,577.5,215.71809502956435,13.0,517.8,1.4,170.5,2.504343798726256,121.0,44.39786258333018,9.7,172.18665361105815,2.1,135.1,120.8,108.7,67.8,126.2,9.4,2.2,1.8,69.61310009071589,156.4,208.57651826356755,243.28208755412214,114.6073314382194,1.2,165.9,2.8,23.5,6.1,368.5,169.4,66.4,5.7,1.0,61.87747849369482,19.6,200.3,17.67192529390985,10.459864560551965,356.0,232.2,12.3,17.7,33.5,193.6,23.8,1.2,1.2,130.9,0.8,7.3,1.1,241.0,2.2,97.4,71.3,48.13099068248958,7.67647732602322,0.5741197119377843,2.7,58.6,90.0,0.6,128.0,7.6,72.9,85.1,59.912948235088145,9.4,0.4073955838416188,153.10576415078353,6.9,0.1,62.0,124.9,20.8,135.6,82.6,5.0,2.526089004828891,32.7107578487463,107.2,4.6,127.8,62.8,49.4,12.6,287.7,37.7,153.1,93.0,11.6,0.1,0.6,126.5,53.4,12.1,41.7,8.830737549281896,0.5277004572879759,27.2,0.1,0.1,0.2,184.01187812359615,14.6,160.63124346464966,11.1,40.3
93,125.1,88.2,76.2,192.5060644716015,176.67556015144,264.1,114.5,260.6,195.7,237.616044662223,442.2822538362799,253.9,349.7,303.05629228834175,146.2,255.5,101.0,282.8,291.4,389.23221433972515,181.71826207100938,135.3650933181844,376.66916697295255,137.8,296.24389552387817,141.4,152.0,369.4,220.8,121.7,259.0,105.6,411.3,256.1,156.20986988927325,281.7764660489806,185.99268738728745,236.5,195.7,86.0,250.1,244.6,214.1,334.70320659264974,367.3436158568079,325.0,714.2257297806755,324.2,101.5,148.4,245.44723055433775,78.4,163.6,515.6274077483,275.8,204.9,184.60602997334354,110.6,169.3,384.8457608844071,128.5,161.4543207355573,282.6,86.9,25.8,520.0242645773394,220.0943879753753,291.7,154.61487645974654,285.3554382629695,216.73363649080184,1133.7,267.0,177.7,330.2,416.5,168.1,205.0,191.03418686637227,151.65317909381432,589.5,215.2,206.38819378041683,396.83740052662324,187.6,216.9,29.6,365.0,119.92489408874414,345.0,247.2,152.5,211.346700409926,243.0,293.8,171.04236475819798,85.38807546663236,437.8534057321983,206.8981290659394,179.41713194888192,283.15009246713,132.9,84.4,254.6,429.0,270.5,147.2,105.8,90.8,231.5,323.1,177.7016905926674,302.4,186.4,151.3,94.1693482959924,806.4,278.9,282.864019800738,419.8,93.4,117.8,284.0,281.4666674500461,234.56100912177493,188.1,249.1,161.7,226.0,267.2,201.4,283.8,263.1,111.4,190.0388364877465,91.5,114.3484955172375,111.8,81.0,224.2,164.4,88.9,282.7,342.3,271.1,80.0,128.3093152695317,282.3,67.6,168.75043782710125,115.2,115.3,147.6,71.9,1.6,268.75328131454086,234.38967224470298,156.2,109.4,2.2427476313624592,122.6,240.59345509104293,252.4,65.5,27.7,156.8,132.8,63.1,53.43140067739314,42.9,90.0779504570576,102.3,405.4,172.8,134.0,95.28245684423348,68.3,108.4,155.2,0.8,108.6,248.0,59.5,185.94505691855932,8.22135961501904,120.7,574.9658800311785,83.3,38.4588685750531,7.5,108.88390496374525,337.3609919218313,237.82397361859896,27.7,0.1,139.2,493.2286935641722,416.4,406.4,215.3,69.4,18.2,2.9,121.1,300.4,0.2,0.5,0.2,177.7,0.1,1.5268849159485132,0.1,0.1,0.2,0.6,1.0,9.2,577.5,175.93050586992754,13.0,517.8,1.4,170.5,2.7430917882431944,121.0,40.787420754024154,9.7,149.8843446840649,2.1,135.1,120.8,108.7,67.8,126.2,9.4,2.2,1.8,75.40404471685258,156.4,195.7967218325349,245.84777970354057,138.64501939901,1.2,165.9,2.8,23.5,6.1,368.5,169.4,66.4,5.7,1.0,57.97847026826279,19.6,200.3,17.926462775422824,12.103581573503401,356.0,232.2,12.3,17.7,33.5,193.6,23.8,1.2,1.2,130.9,0.8,7.3,1.1,241.0,2.2,97.4,71.3,40.50720871878104,9.62495616643846,0.4561196776522751,2.7,58.6,90.0,0.6,128.0,7.6,72.9,85.1,69.55822279617875,9.4,0.32961184725503256,170.33725863888273,6.9,0.1,62.0,124.9,20.8,135.6,82.6,5.0,1.9264195550301029,46.15522931943535,107.2,4.6,127.8,62.8,49.4,12.6,287.7,37.7,153.1,93.0,11.6,0.1,0.6,126.5,53.4,12.1,41.7,9.097840364316879,0.5959184548788417,27.2,0.1,0.1,0.2,144.41097340900012,14.6,174.7741869356081,11.1,40.3
94,125.1,88.2,76.2,229.57476346776417,130.57071189372584,264.1,114.5,260.6,195.7,223.5861727081662,326.9582588410861,253.9,349.7,298.1923826478766,146.2,255.5,101.0,282.8,291.4,440.66193400884185,212.21536301046612,158.49018064320947,367.5721685912667,137.8,304.26176911851223,141.4,152.0,369.4,220.8,121.7,259.0,105.6,411.3,256.1,149.50742145867972,198.0650703320451,166.52505330406717,236.5,195.7,86.0,250.1,244.6,214.1,312.1294221717662,296.42949949710817,325.0,922.289355078663,324.2,101.5,148.4,286.3804918327144,78.4,163.6,513.3736861959136,275.8,204.9,247.2725285454128,110.6,169.3,412.29029235461337,128.5,165.4408275836975,282.6,86.9,25.8,560.1487263864457,233.6232254749286,291.7,158.75015766443468,314.0143817093513,251.6590997968455,1133.7,267.0,177.7,330.2,416.5,168.1,205.0,205.67814944538603,151.0968155521811,589.5,215.2,244.12778443873708,531.7466825596919,187.6,216.9,29.6,365.0,98.19404086001798,345.0,247.2,152.5,242.85510465747274,243.0,293.8,196.64483683619397,81.2783147910699,427.4668907216692,208.52321917147924,200.30060570775737,353.26812549268845,132.9,84.4,254.6,429.0,270.5,147.2,105.8,90.8,231.5,323.1,143.14425886609877,302.4,186.4,151.3,93.92101069120369,806.4,278.9,279.36867329037614,419.8,93.4,117.8,284.0,232.72015911307065,282.81006855631864,188.1,249.1,161.7,226.0,267.2,201.4,283.8,263.1,111.4,175.1673371889569,91.5,132.99279824107242,111.8,81.0,224.2,164.4,88.9,282.7,342.3,271.1,80.0,130.51109652524985,282.3,67.6,205.433430911885,115.2,115.3,147.6,71.9,1.6,271.0090775202489,230.5162075681545,156.2,109.4,2.2125897308908002,122.6,256.2931258966467,252.4,65.5,27.7,156.8,132.8,63.1,58.818804759930615,42.9,93.7231792079967,102.3,405.4,172.8,134.0,110.0420915786537,68.3,108.4,155.2,0.8,108.6,248.0,59.5,241.39872484321762,9.21726368089421,120.7,647.3358852416316,83.3,38.57528878835659,7.5,119.39916805521027,315.0404225508608,259.9525177819942,27.7,0.1,139.2,339.1731385059889,416.4,406.4,215.3,69.4,18.2,2.9,121.1,300.4,0.2,0.5,0.2,177.7,0.1,1.5478108263888322,0.1,0.1,0.2,0.6,1.0,9.2,577.5,261.9565862597999,13.0,517.8,1.4,170.5,2.612790055034723,121.0,41.19303884625916,9.7,176.55609687956894,2.1,135.1,120.8,108.7,67.8,126.2,9.4,2.2,1.8,73.71421869942867,156.4,177.0680573154203,286.1698524258649,134.51357710180656,1.2,165.9,2.8,23.5,6.1,368.5,169.4,66.4,5.7,1.0,63.82942623828892,19.6,200.3,16.998796460542543,15.370003122504261,356.0,232.2,12.3,17.7,33.5,193.6,23.8,1.2,1.2,130.9,0.8,7.3,1.1,241.0,2.2,97.4,71.3,53.55945378968629,9.230456375839914,0.4476075978741068,2.7,58.6,90.0,0.6,128.0,7.6,72.9,85.1,70.1670705737053,9.4,0.4415382887082288,152.71289823365203,6.9,0.1,62.0,124.9,20.8,135.6,82.6,5.0,2.2284444358604127,33.48503646555621,107.2,4.6,127.8,62.8,49.4,12.6,287.7,37.7,153.1,93.0,11.6,0.1,0.6,126.5,53.4,12.1,41.7,9.869807149962103,0.4932629757361998,27.2,0.1,0.1,0.2,182.8500687558629,14.6,126.00253563552126,11.1,40.3
95,125.1,88.2,76.2,201.05216211297252,176.07613362396424,264.1,114.5,260.6,195.7,180.57529523574425,375.7057683811737,253.9,349.7,224.01347004748945,146.2,255.5,101.0,282.8,291.4,467.44911692884114,197.35693562845745,159.99850345302207,272.9366103555769,137.8,250.28380533825214,141.4,152.0,369.4,220.8,121.7,259.0,105.6,411.3,256.1,172.34304588464838,231.38134417504233,158.71817488181,236.5,195.7,86.0,250.1,244.6,214.1,316.0069001115627,316.90469596824573,325.0,707.136972746135,324.2,101.5,148.4,237.36282170785103,78.4,163.6,429.17818171228276,275.8,204.9,184.7379415429093,110.6,169.3,426.24107565332224,128.5,161.41289268056443,282.6,86.9,25.8,495.1473862683865,193.8162743814049,291.7,207.73920771681105,282.5632231733863,201.8647066277993,1133.7,267.0,177.7,330.2,416.5,168.1,205.0,164.47750416864034,143.4040659344705,589.5,215.2,213.2534943882545,425.2600714325039,187.6,216.9,29.6,365.0,113.0628264712645,345.0,247.2,152.5,312.03676282317156,243.0,293.8,231.45079683617038,92.08574278601114,366.1372162770766,265.62787451203315,183.09883374156863,329.43971767636316,132.9,84.4,254.6,429.0,270.5,147.2,105.8,90.8,231.5,323.1,162.9521321852099,302.4,186.4,151.3,85.00378655189525,806.4,278.9,390.463807366822,419.8,93.4,117.8,284.0,231.93698749604772,255.07001482092048,188.1,249.1,161.7,226.0,267.2,201.4,283.8,263.1,111.4,222.04701800764659,91.5,118.61408115867593,111.8,81.0,224.2,164.4,88.9,282.7,342.3,271.1,80.0,178.49403374663407,282.3,67.6,159.67157539020445,115.2,115.3,147.6,71.9,1.6,233.92071409910113,217.31017975933253,156.2,109.4,2.40776867772981,122.6,259.77080482390767,252.4,65.5,27.7,156.8,132.8,63.1,46.46427803945134,42.9,70.00740059375185,102.3,405.4,172.8,134.0,76.5048963685127,68.3,108.4,155.2,0.8,108.6,248.0,59.5,216.85412677302782,7.162828483096238,120.7,641.1961756181973,83.3,48.34639331334262,7.5,99.20831514515068,369.4361389022159,320.1315500783478,27.7,0.1,139.2,481.59114044387513,416.4,406.4,215.3,69.4,18.2,2.9,121.1,300.4,0.2,0.5,0.2,177.7,0.1,1.2938047247929922,0.1,0.1,0.2,0.6,1.0,9.2,577.5,224.973881164846,13.0,517.8,1.4,170.5,3.5380472769439733,121.0,45.111733749827415,9.7,186.7828057327352,2.1,135.1,120.8,108.7,67.8,126.2,9.4,2.2,1.8,53.703784337830484,156.4,176.6173968333229,259.44875096551266,121.91599270532608,1.2,165.9,2.8,23.5,6.1,368.5,169.4,66.4,5.7,1.0,61.24590600427083,19.6,200.3,13.911991141053946,15.225873773590461,356.0,232.2,12.3,17.7,33.5,193.6,23.8,1.2,1.2,130.9,0.8,7.3,1.1,241.0,2.2,97.4,71.3,40.09563455381807,8.417350677640524,0.46743414967022207,2.7,58.6,90.0,0.6,128.0,7.6,72.9,85.1,72.93933766511395,9.4,0.47475928864930805,200.1187291836555,6.9,0.1,62.0,124.9,20.8,135.6,82.6,5.0,1.999825019513783,38.491430523168795,107.2,4.6,127.8,62.8,49.4,12.6,287.7,37.7,153.1,93.0,11.6,0.1,0.6,126.5,53.4,12.1,41.7,8.906148487921286,0.6539475847360583,27.2,0.1,0.1,0.2,134.83836103015852,14.6,139.651025957561,11.1,40.3
96,125.1,88.2,76.2,225.9731905471532,145.68435781364576,264.1,114.5,260.6,195.7,240.52864716964328,306.1133842612312,253.9,349.7,299.1318913066834,146.2,255.5,101.0,282.8,291.4,489.6723088696552,209.68256366273602,167.78502603683683,346.40714561740924,137.8,258.42304825842746,141.4,152.0,369.4,220.8,121.7,259.0,105.6,411.3,256.1,189.2734165684184,253.14222473576007,165.4952685418917,236.5,195.7,86.0,250.1,244.6,214.1,253.72948952001354,285.2163042120538,325.0,876.7516051059567,324.2,101.5,148.4,195.86902683758106,78.4,163.6,430.88689186819647,275.8,204.9,213.77293396218602,110.6,169.3,426.41996130779717,128.5,121.70245674419304,282.6,86.9,25.8,586.7133955904287,205.37716799623934,291.7,200.67181734772993,279.6340922166423,282.0630283816048,1133.7,267.0,177.7,330.2,416.5,168.1,205.0,193.4854743176121,109.34721370445583,589.5,215.2,192.24179655693936,408.34624910352045,187.6,216.9,29.6,365.0,126.81042273541715,345.0,247.2,152.5,260.64655106176735,243.0,293.8,200.42913042443055,104.40655925130993,335.7989804577529,239.8999034558745,173.4496257302193,280.644998806495,132.9,84.4,254.6,429.0,270.5,147.2,105.8,90.8,231.5,323.1,138.57467702747192,302.4,186.4,151.3,101.44901846038097,806.4,278.9,360.780751783381,419.8,93.4,117.8,284.0,252.33010149382113,252.24125809216858,188.1,249.1,161.7,226.0,267.2,201.4,283.8,263.1,111.4,227.71556926458175,91.5,102.20040175365054,111.8,81.0,224.2,164.4,88.9,282.7,342.3,271.1,80.0,135.71232052659502,282.3,67.6,203.037373434335,115.2,115.3,147.6,71.9,1.6,211.0445682162485,281.5462790967742,156.2,109.4,1.7302657365678165,122.6,262.79654541736375,252.4,65.5,27.7,156.8,132.8,63.1,52.604676964684316,42.9,88.33457327899205,102.3,405.4,172.8,134.0,95.97987731772908,68.3,108.4,155.2,0.8,108.6,248.0,59.5,240.38329517811397,7.040473035792939,120.7,645.1744576781844,83.3,44.54566961666522,7.5,120.33587272892953,346.45330281728707,260.70334498122946,27.7,0.1,139.2,474.5164936957465,416.4,406.4,215.3,69.4,18.2,2.9,121.1,300.4,0.2,0.5,0.2,177.7,0.1,1.8524931543563286,0.1,0.1,0.2,0.6,1.0,9.2,577.5,183.48049374317517,13.0,517.8,1.4,170.5,3.214057782752359,121.0,40.151375921174846,9.7,131.27815574930088,2.1,135.1,120.8,108.7,67.8,126.2,9.4,2.2,1.8,67.47670922744771,156.4,170.34560922310763,280.6435502799524,103.218763194974,1.2,165.9,2.8,23.5,6.1,368.5,169.4,66.4,5.7,1.0,52.425481311214476,19.6,200.3,12.334266004075037,10.709592009234097,356.0,232.2,12.3,17.7,33.5,193.6,23.8,1.2,1.2,130.9,0.8,7.3,1.1,241.0,2.2,97.4,71.3,51.59896250028585,8.250484615877973,0.5371817619240598,2.7,58.6,90.0,0.6,128.0,7.6,72.9,85.1,59.67902409886854,9.4,0.44135590327084107,140.72067460698307,6.9,0.1,62.0,124.9,20.8,135.6,82.6,5.0,2.744378033042584,35.30808955317526,107.2,4.6,127.8,62.8,49.4,12.6,287.7,37.7,153.1,93.0,11.6,0.1,0.6,126.5,53.4,12.1,41.7,7.298231497757591,0.581142187157829,27.2,0.1,0.1,0.2,183.51432786595325,14.6,174.80687708126982,11.1,40.3
97,125.1,88.2,76.2,232.63429306264723,156.97684249036075,264.1,114.5,260.6,195.7,237.34349341902345,441.3036890629878,253.9,349.7,329.8920998441445,146.2,255.5,101.0,282.8,291.4,336.4379582458104,248.04068761426717,166.19232103630833,363.1456620928991,137.8,220.4399721696952,141.4,152.0,369.4,220.8,121.7,259.0,105.6,411.3,256.1,160.73120506110308,214.35290702715483,136.7470503967973,236.5,195.7,86.0,250.1,244.6,214.1,260.5215680739051,366.1045143750474,325.0,780.5085240408068,324.2,101.5,148.4,259.231580996093,78.4,163.6,540.5988497689659,275.8,204.9,176.592482922958,110.6,169.3,382.7209086571958,128.5,120.0622723891944,282.6,86.9,25.8,503.30620731637333,220.812902507768,291.7,156.4907773534781,263.33813252639226,255.1425831538418,1133.7,267.0,177.7,330.2,416.5,168.1,205.0,172.37193930174305,145.0823210994263,589.5,215.2,218.7861169526724,534.9544233127151,187.6,216.9,29.6,365.0,112.71963890299672,345.0,247.2,152.5,233.00203582217708,243.0,293.8,244.22810732004064,106.80228843878346,393.7268817392559,248.45893638786706,167.95114990720407,292.13569934975106,132.9,84.4,254.6,429.0,270.5,147.2,105.8,90.8,231.5,323.1,162.97375839143533,302.4,186.4,151.3,77.10173036694475,806.4,278.9,372.686671019283,419.8,93.4,117.8,284.0,217.02365687202686,244.44197700373974,188.1,249.1,161.7,226.0,267.2,201.4,283.8,263.1,111.4,233.00734171397895,91.5,126.7310497247709,111.8,81.0,224.2,164.4,88.9,282.7,342.3,271.1,80.0,135.27374490290418,282.3,67.6,157.08657216483533,115.2,115.3,147.6,71.9,1.6,204.03608298708687,225.45267172206218,156.2,109.4,1.965545797647545,122.6,325.6657412901636,252.4,65.5,27.7,156.8,132.8,63.1,42.66820170787811,42.9,69.97076091514697,102.3,405.4,172.8,134.0,79.30498236235304,68.3,108.4,155.2,0.8,108.6,248.0,59.5,237.566537115803,8.62984815718496,120.7,689.9656756141209,83.3,41.57456370472094,7.5,88.08595460383141,312.7806243659507,289.905894140593,27.7,0.1,139.2,381.20725148170806,416.4,406.4,215.3,69.4,18.2,2.9,121.1,300.4,0.2,0.5,0.2,177.7,0.1,1.900219221550612,0.1,0.1,0.2,0.6,1.0,9.2,577.5,237.28996505381517,13.0,517.8,1.4,170.5,2.8262861128638885,121.0,37.04337604988927,9.7,163.5792620045116,2.1,135.1,120.8,108.7,67.8,126.2,9.4,2.2,1.8,60.32435567493662,156.4,221.94367991824367,249.2654392088453,102.86159097501074,1.2,165.9,2.8,23.5,6.1,368.5,169.4,66.4,5.7,1.0,52.868660509498895,19.6,200.3,17.662791291021605,14.256866087376476,356.0,232.2,12.3,17.7,33.5,193.6,23.8,1.2,1.2,130.9,0.8,7.3,1.1,241.0,2.2,97.4,71.3,55.335394939091536,7.4154988580518575,0.5094273668038845,2.7,58.6,90.0,0.6,128.0,7.6,72.9,85.1,53.389730742590764,9.4,0.3540962369438101,174.23381750108865,6.9,0.1,62.0,124.9,20.8,135.6,82.6,5.0,2.6850551276356276,48.016127364036095,107.2,4.6,127.8,62.8,49.4,12.6,287.7,37.7,153.1,93.0,11.6,0.1,0.6,126.5,53.4,12.1,41.7,9.960416863321885,0.5666974176476146,27.2,0.1,0.1,0.2,161.98606458703458,14.6,136.68498933890078,11.1,40.3
98,125.1,88.2,76.2,214.04765743468562,129.852738438907,264.1,114.5,260.6,195.7,188.95223985159805,314.4861466445547,253.9,349.7,310.8387579803476,146.2,255.5,101.0,282.8,291.4,395.5802601848979,247.66664949625175,150.63158458995608,282.92619806527625,137.8,261.25892578690343,141.4,152.0,369.4,220.8,121.7,259.0,105.6,411.3,256.1,165.0393134699129,189.47630050243,189.9100031940248,236.5,195.7,86.0,250.1,244.6,214.1,348.3057118314495,263.4604763095607,325.0,938.2336894301415,324.2,101.5,148.4,248.55810733286273,78.4,163.6,516.6076880625774,275.8,204.9,174.54133216574826,110.6,169.3,429.4900035730137,128.5,165.26246867768643,282.6,86.9,25.8,619.801024054656,207.26295397979993,291.7,221.69127258695093,283.64483064245076,242.58359160443928,1133.7,267.0,177.7,330.2,416.5,168.1,205.0,236.4622040933633,133.96195605313306,589.5,215.2,219.66224977773038,408.52960722877214,187.6,216.9,29.6,365.0,120.01746707777448,345.0,247.2,152.5,289.8345884276589,243.0,293.8,170.18842509073443,88.21765717115176,399.62703242745795,269.45485793663266,194.64441212851887,312.9389725426673,132.9,84.4,254.6,429.0,270.5,147.2,105.8,90.8,231.5,323.1,158.17483434955867,302.4,186.4,151.3,101.96893170062046,806.4,278.9,331.03639111752284,419.8,93.4,117.8,284.0,219.7571581474192,290.8904782946158,188.1,249.1,161.7,226.0,267.2,201.4,283.8,263.1,111.4,166.4697986180468,91.5,109.67582205040154,111.8,81.0,224.2,164.4,88.9,282.7,342.3,271.1,80.0,160.90999751516392,282.3,67.6,172.7480410951821,115.2,115.3,147.6,71.9,1.6,291.0080531569554,292.20812849596433,156.2,109.4,1.9723924393006511,122.6,236.6098669218308,252.4,65.5,27.7,156.8,132.8,63.1,45.305079725874805,42.9,84.0915009598798,102.3,405.4,172.8,134.0,78.35371169042375,68.3,108.4,155.2,0.8,108.6,248.0,59.5,235.57180711750493,9.751881651625677,120.7,671.6294942426747,83.3,51.35449495801537,7.5,110.46753212469271,328.26260312158854,320.2662813816716,27.7,0.1,139.2,460.2983899172821,416.4,406.4,215.3,69.4,18.2,2.9,121.1,300.4,0.2,0.5,0.2,177.7,0.1,1.7669201131785561,0.1,0.1,0.2,0.6,1.0,9.2,577.5,201.2013597528059,13.0,517.8,1.4,170.5,3.185014937028799,121.0,32.400666102703994,9.7,144.04706005092692,2.1,135.1,120.8,108.7,67.8,126.2,9.4,2.2,1.8,55.20634697723145,156.4,173.3022543345842,199.85992658073445,141.65051832879885,1.2,165.9,2.8,23.5,6.1,368.5,169.4,66.4,5.7,1.0,73.84602119849555,19.6,200.3,17.44409878932632,12.914728856574992,356.0,232.2,12.3,17.7,33.5,193.6,23.8,1.2,1.2,130.9,0.8,7.3,1.1,241.0,2.2,97.4,71.3,52.920141626713615,7.373961739619231,0.48376132953941375,2.7,58.6,90.0,0.6,128.0,7.6,72.9,85.1,59.161100047366034,9.4,0.35871842259575815,164.0790662231316,6.9,0.1,62.0,124.9,20.8,135.6,82.6,5.0,2.390480848557963,35.01302073810239,107.2,4.6,127.8,62.8,49.4,12.6,287.7,37.7,153.1,93.0,11.6,0.1,0.6,126.5,53.4,12.1,41.7,8.396413223881945,0.6884577206599025,27.2,0.1,0.1,0.2,159.73977241327674,14.6,122.47826684826607,11.1,40.3
99,125.1,88.2,76.2,215.63426474530206,137.08022432347366,264.1,114.5,260.6,195.7,180.64958108972888,453.3523122694377,253.9,349.7,320.12875862760177,146.2,255.5,101.0,282.8,291.4,379.74839495460844,219.61247676015657,136.2449814691606,341.4353176593809,137.8,262.62213433999443,141.4,152.0,369.4,220.8,121.7,259.0,105.6,411.3,256.1,128.99629880000842,204.65849717168697,134.98712507177976,236.5,195.7,86.0,250.1,244.6,214.1,256.64366070051693,310.40614168981585,325.0,902.8821209997021,324.2,101.5,148.4,194.6754700339076,78.4,163.6,383.0053919364157,275.8,204.9,200.0136224611527,110.6,169.3,341.90129976507467,128.5,165.4816225420761,282.6,86.9,25.8,482.0817714116712,282.4826522504438,291.7,209.97097118623645,256.1686019016406,219.39633208912073,1133.7,267.0,177.7,330.2,416.5,168.1,205.0,198.35263419289313,129.06322245185973,589.5,215.2,245.30621220063392,541.468316151011,187.6,216.9,29.6,365.0,122.47853561321483,345.0,247.2,152.5,224.9644065669686,243.0,293.8,238.45937017907454,98.44384318981669,332.56273275309246,225.00187529505803,215.40594360390145,317.3681153996758,132.9,84.4,254.6,429.0,270.5,147.2,105.8,90.8,231.5,323.1,169.12939311953068,302.4,186.4,151.3,103.74167690266351,806.4,278.9,315.36894522938826,419.8,93.4,117.8,284.0,233.5741251621232,306.1729435381716,188.1,249.1,161.7,226.0,267.2,201.4,283.8,263.1,111.4,235.3463197409265,91.5,133.37119882297065,111.8,81.0,224.2,164.4,88.9,282.7,342.3,271.1,80.0,171.28353460425967,282.3,67.6,218.91964084869937,115.2,115.3,147.6,71.9,1.6,272.05352608445264,207.99395109453252,156.2,109.4,1.7532182157522873,122.6,226.8346997413447,252.4,65.5,27.7,156.8,132.8,63.1,53.4389516307931,42.9,82.91853984781652,102.3,405.4,172.8,134.0,110.98860764835909,68.3,108.4,155.2,0.8,108.6,248.0,59.5,218.2138941672582,7.509398766837085,120.7,787.6873319219724,83.3,38.673077848823645,7.5,130.95547202538629,347.88951105717024,321.8394805014996,27.7,0.1,139.2,464.75591525719483,416.4,406.4,215.3,69.4,18.2,2.9,121.1,300.4,0.2,0.5,0.2,177.7,0.1,1.7623184849400801,0.1,0.1,0.2,0.6,1.0,9.2,577.5,246.40494673373627,13.0,517.8,1.4,170.5,2.800962289723904,121.0,30.442036768054034,9.7,134.1964550630479,2.1,135.1,120.8,108.7,67.8,126.2,9.4,2.2,1.8,61.09909998600136,156.4,177.27592289836977,266.89619667265487,121.36607566104122,1.2,165.9,2.8,23.5,6.1,368.5,169.4,66.4,5.7,1.0,74.60845082279982,19.6,200.3,16.882812531681303,14.240078061528783,356.0,232.2,12.3,17.7,33.5,193.6,23.8,1.2,1.2,130.9,0.8,7.3,1.1,241.0,2.2,97.4,71.3,41.48171895645853,9.3834208697524,0.5383048387429509,2.7,58.6,90.0,0.6,128.0,7.6,72.9,85.1,66.99818052586245,9.4,0.3228599645082746,199.1011351255981,6.9,0.1,62.0,124.9,20.8,135.6,82.6,5.0,2.7831960455414335,41.80748495399213,107.2,4.6,127.8,62.8,49.4,12.6,287.7,37.7,153.1,93.0,11.6,0.1,0.6,126.5,53.4,12.1,41.7,8.433413902334816,0.6388145444408433,27.2,0.1,0.1,0.2,176.95899011156519,14.6,126.00029412951895,11.1,40.3
100,125.1,88.2,76.2,218.08973572366403,159.81405584429817,264.1,114.5,260.6,195.7,197.52252869443652,409.7448513505722,253.9,349.7,251.84703845061185,146.2,255.5,101.0,282.8,291.4,412.7050703193472,240.72865401762593,162.1510547546364,331.79493857713635,137.8,256.4834151237291,141.4,152.0,369.4,220.8,121.7,259.0,105.6,411.3,256.1,176.903327648971,199.46732113384277,169.40400676904875,236.5,195.7,86.0,250.1,244.6,214.1,352.9936777986336,350.43765424079845,325.0,839.9777531516775,324.2,101.5,148.4,254.29923771463407,78.4,163.6,384.6077882622309,275.8,204.9,187.24989130303385,110.6,169.3,371.3855133399634,128.5,174.2635391521512,282.6,86.9,25.8,553.4291801728773,259.8182635209808,291.7,190.7706780337822,239.77857953660353,223.618655222759,1133.7,267.0,177.7,330.2,416.5,168.1,205.0,222.28137783419038,119.86260837176953,589.5,215.2,243.3734203881322,379.8254793334083,187.6,216.9,29.6,365.0,136.18113823569385,345.0,247.2,152.5,286.60028007451797,243.0,293.8,172.96340808891753,79.97787385713004,320.40508315308483,191.74847512577924,215.57754231909013,337.2324609916902,132.9,84.4,254.6,429.0,270.5,147.2,105.8,90.8,231.5,323.1,131.75732932102892,302.4,186.4,151.3,76.24348425193364,806.4,278.9,357.620990520887,419.8,93.4,117.8,284.0,290.8994879452648,224.05771910415652,188.1,249.1,161.7,226.0,267.2,201.4,283.8,263.1,111.4,188.29151078591167,91.5,107.65072355196483,111.8,81.0,224.2,164.4,88.9,282.7,342.3,271.1,80.0,139.41722174632415,282.3,67.6,199.94760648131867,115.2,115.3,147.6,71.9,1.6,278.2810578603319,305.42250653673796,156.2,109.4,2.4863278190454023,122.6,244.09471534337055,252.4,65.5,27.7,156.8,132.8,63.1,44.36627266449625,42.9,81.20784303335329,102.3,405.4,172.8,134.0,86.79100831965631,68.3,108.4,155.2,0.8,108.6,248.0,59.5,203.8826755035804,8.230372334170626,120.7,670.7776650134142,83.3,45.71614739103357,7.5,124.33860207388447,270.0350611691956,286.090088850097,27.7,0.1,139.2,391.19919396500995,416.4,406.4,215.3,69.4,18.2,2.9,121.1,300.4,0.2,0.5,0.2,177.7,0.1,1.8096224958885503,0.1,0.1,0.2,0.6,1.0,9.2,577.5,200.85697591897429,13.0,517.8,1.4,170.5,2.8872179015842003,121.0,38.03296533160541,9.7,150.96728114647044,2.1,135.1,120.8,108.7,67.8,126.2,9.4,2.2,1.8,70.95816553118203,156.4,208.03261579296029,265.94843591088,108.14811961862034,1.2,165.9,2.8,23.5,6.1,368.5,169.4,66.4,5.7,1.0,55.475411407559335,19.6,200.3,14.200638017596264,14.507322619470294,356.0,232.2,12.3,17.7,33.5,193.6,23.8,1.2,1.2,130.9,0.8,7.3,1.1,241.0,2.2,97.4,71.3,45.20806429966545,9.189485508391915,0.46907474746654815,2.7,58.6,90.0,0.6,128.0,7.6,72.9,85.1,53.54443143853838,9.4,0.35021769090934873,147.32795166926454,6.9,0.1,62.0,124.9,20.8,135.6,82.6,5.0,1.997159381328819,43.50852847440498,107.2,4.6,127.8,62.8,49.4,12.6,287.7,37.7,153.1,93.0,11.6,0.1,0.6,126.5,53.4,12.1,41.7,8.416167802689664,0.4896975331411221,27.2,0.1,0.1,0.2,143.54932496873545,14.6,167.2775549819806,11.1,40.3
101,125.1,88.2,76.2,187.78014263228903,148.61114407416815,264.1,114.5,260.6,195.7,169.6864785206455,317.7565761219679,253.9,349.7,286.1558855869398,146.2,255.5,101.0,282.8,291.4,431.979459752327,201.657207592309,150.16936256663294,322.072993591416,137.8,268.8471107090832,141.4,152.0,369.4,220.8,121.7,259.0,105.6,411.3,256.1,148.67146739790303,257.7899900713095,144.30193566081803,236.5,195.7,86.0,250.1,244.6,214.1,284.43090704626553,306.3316799890632,325.0,672.0762771616736,324.2,101.5,148.4,192.76534882343003,78.4,163.6,420.53136787567536,275.8,204.9,231.50273537872317,110.6,169.3,306.2609164435029,128.5,148.8454217420516,282.6,86.9,25.8,599.6403411280347,250.26377104682257,291.7,221.5625812075864,275.6685084980569,295.8903637590489,1133.7,267.0,177.7,330.2,416.5,168.1,205.0,194.83261275365697,125.76808639650967,589.5,215.2,261.8122385753838,475.471277707178,187.6,216.9,29.6,365.0,107.13700348558122,345.0,247.2,152.5,294.9395894643136,243.0,293.8,227.76940014903795,97.87814327015194,332.3872439260686,213.15049522106372,210.56006053021528,348.8333456625336,132.9,84.4,254.6,429.0,270.5,147.2,105.8,90.8,231.5,323.1,170.40759180675445,302.4,186.4,151.3,91.14815508797572,806.4,278.9,288.49325634974275,419.8,93.4,117.8,284.0,291.1245164067152,259.20979448347686,188.1,249.1,161.7,226.0,267.2,201.4,283.8,263.1,111.4,188.0471355717091,91.5,143.2916496041743,111.8,81.0,224.2,164.4,88.9,282.7,342.3,271.1,80.0,127.36345994047304,282.3,67.6,175.78661732143658,115.2,115.3,147.6,71.9,1.6,293.8208096886207,252.71861013871901,156.2,109.4,2.2172561866719556,122.6,289.2860547195084,252.4,65.5,27.7,156.8,132.8,63.1,57.74792503632434,42.9,91.67071447926308,102.3,405.4,172.8,134.0,106.22088351591553,68.3,108.4,155.2,0.8,108.6,248.0,59.5,190.90332806676017,7.229430051290012,120.7,831.1581750673665,83.3,41.03084336142846,7.5,121.76942179092468,339.74050219430427,245.8001516704816,27.7,0.1,139.2,443.7457210506422,416.4,406.4,215.3,69.4,18.2,2.9,121.1,300.4,0.2,0.5,0.2,177.7,0.1,1.3977675799476192,0.1,0.1,0.2,0.6,1.0,9.2,577.5,230.19063035699665,13.0,517.8,1.4,170.5,3.3081269904508552,121.0,42.610321165123494,9.7,145.91538345216088,2.1,135.1,120.8,108.7,67.8,126.2,9.4,2.2,1.8,53.713313119310186,156.4,208.83179615178324,239.1246249032447,121.18265106853792,1.2,165.9,2.8,23.5,6.1,368.5,169.4,66.4,5.7,1.0,54.40624940185331,19.6,200.3,14.926622474937165,11.79689900744485,356.0,232.2,12.3,17.7,33.5,193.6,23.8,1.2,1.2,130.9,0.8,7.3,1.1,241.0,2.2,97.4,71.3,53.22956071985689,7.0918218407916465,0.5415252707472913,2.7,58.6,90.0,0.6,128.0,7.6,72.9,85.1,55.35549191689829,9.4,0.4229514828444084,150.63625476800047,6.9,0.1,62.0,124.9,20.8,135.6,82.6,5.0,2.7277587740400757,41.67642208699944,107.2,4.6,127.8,62.8,49.4,12.6,287.7,37.7,153.1,93.0,11.6,0.1,0.6,126.5,53.4,12.1,41.7,10.087393654315054,0.6003975877550263,27.2,0.1,0.1,0.2,176.91209824860084,14.6,158.72058515897567,11.1,40.3
102,125.1,88.2,76.2,194.2111737651722,133.7750255014244,264.1,114.5,260.6,195.7,169.98194542718647,439.1837182278339,253.9,349.7,252.65706979965142,146.2,255.5,101.0,282.8,291.4,446.2639520050114,188.26248058639825,145.05644738715884,298.31476819323876,137.8,259.80895272795976,141.4,152.0,369.4,220.8,121.7,259.0,105.6,411.3,256.1,132.52036894319625,281.04951005356673,188.02798161916937,236.5,195.7,86.0,250.1,244.6,214.1,276.20840661252913,255.24239900440972,325.0,851.4482387817051,324.2,101.5,148.4,245.5890440706994,78.4,163.6,373.42529661094926,275.8,204.9,176.8667367377516,110.6,169.3,362.2765964530341,128.5,130.50225231686164,282.6,86.9,25.8,531.3058818120253,233.12040357773387,291.7,153.45002488556898,276.76162019658284,229.80836725867405,1133.7,267.0,177.7,330.2,416.5,168.1,205.0,196.8462170227915,127.79321362041762,589.5,215.2,258.08916304135204,369.5061981177584,187.6,216.9,29.6,365.0,133.96490379775918,345.0,247.2,152.5,275.3973261819756,243.0,293.8,202.27843009439547,103.31664164548525,404.3698871741404,235.12764792239653,170.1827551474879,290.0814263470864,132.9,84.4,254.6,429.0,270.5,147.2,105.8,90.8,231.5,323.1,173.10624478404645,302.4,186.4,151.3,73.14140981544604,806.4,278.9,350.8279971922176,419.8,93.4,117.8,284.0,273.254685619217,287.3589891365993,188.1,249.1,161.7,226.0,267.2,201.4,283.8,263.1,111.4,227.3028079699848,91.5,114.44614551366507,111.8,81.0,224.2,164.4,88.9,282.7,342.3,271.1,80.0,166.54518281659722,282.3,67.6,186.32510306416634,115.2,115.3,147.6,71.9,1.6,214.18959400237927,269.77225224001523,156.2,109.4,1.9529943575170188,122.6,258.85756037422436,252.4,65.5,27.7,156.8,132.8,63.1,40.80306939078382,42.9,88.01998431731579,102.3,405.4,172.8,134.0,80.53194332055902,68.3,108.4,155.2,0.8,108.6,248.0,59.5,167.667701531773,9.450220374288124,120.7,640.7112973123981,83.3,50.14328038886347,7.5,117.30204034882162,361.36924996864514,282.99607336623916,27.7,0.1,139.2,379.91631338308815,416.4,406.4,215.3,69.4,18.2,2.9,121.1,300.4,0.2,0.5,0.2,177.7,0.1,1.6646284735143433,0.1,0.1,0.2,0.6,1.0,9.2,577.5,216.96224631265943,13.0,517.8,1.4,170.5,3.668055821164609,121.0,39.04878222516736,9.7,179.616233640477,2.1,135.1,120.8,108.7,67.8,126.2,9.4,2.2,1.8,66.19655730368088,156.4,176.4870076261369,281.8216522543139,106.36945920436547,1.2,165.9,2.8,23.5,6.1,368.5,169.4,66.4,5.7,1.0,63.02246584917928,19.6,200.3,14.813824724923192,12.908433410911819,356.0,232.2,12.3,17.7,33.5,193.6,23.8,1.2,1.2,130.9,0.8,7.3,1.1,241.0,2.2,97.4,71.3,53.59623278512311,8.010357638952529,0.5994067905563298,2.7,58.6,90.0,0.6,128.0,7.6,72.9,85.1,64.14481474154931,9.4,0.43346457688683937,143.23615593833097,6.9,0.1,62.0,124.9,20.8,135.6,82.6,5.0,2.8244555471283492,38.79094517621559,107.2,4.6,127.8,62.8,49.4,12.6,287.7,37.7,153.1,93.0,11.6,0.1,0.6,126.5,53.4,12.1,41.7,9.133551029536994,0.6985625346252834,27.2,0.1,0.1,0.2,130.00107173949084,14.6,125.38258676293952,11.1,40.3
103,125.1,88.2,76.2,179.31298286250663,132.5125774264621,264.1,114.5,260.6,195.7,233.3894069147247,418.6529649541991,253.9,349.7,280.0717317938074,146.2,255.5,101.0,282.8,291.4,437.9457443797468,215.49655692030905,151.10359654098198,350.0796698223046,137.8,304.9736653115346,141.4,152.0,369.4,220.8,121.7,259.0,105.6,411.3,256.1,150.76814072955875,195.83318831056096,139.70816397757483,236.5,195.7,86.0,250.1,244.6,214.1,299.14158397686043,310.19907124104157,325.0,768.1621874863812,324.2,101.5,148.4,246.99227282910294,78.4,163.6,421.50814030118687,275.8,204.9,233.89991990987366,110.6,169.3,378.17846475493036,128.5,144.28309765229724,282.6,86.9,25.8,482.390354316328,195.9675310711895,291.7,183.33297065196058,322.49696672837524,249.6923440052875,1133.7,267.0,177.7,330.2,416.5,168.1,205.0,172.12251257836473,138.2335601710567,589.5,215.2,266.2339018599168,424.5218347196951,187.6,216.9,29.6,365.0,93.7637616812231,345.0,247.2,152.5,256.22147217962873,243.0,293.8,219.94271593104844,103.86297658447253,297.0340129273703,215.5289928470459,199.2718027244821,297.6436692353428,132.9,84.4,254.6,429.0,270.5,147.2,105.8,90.8,231.5,323.1,182.34804732068088,302.4,186.4,151.3,97.95154413420364,806.4,278.9,376.6362386919418,419.8,93.4,117.8,284.0,297.2140713879368,237.38022024919593,188.1,249.1,161.7,226.0,267.2,201.4,283.8,263.1,111.4,173.06068602623915,91.5,119.44871373901583,111.8,81.0,224.2,164.4,88.9,282.7,342.3,271.1,80.0,148.5401864087641,282.3,67.6,222.09455612497192,115.2,115.3,147.6,71.9,1.6,237.85979574702486,249.68675383352246,156.2,109.4,1.792390508742418,122.6,285.25236343908546,252.4,65.5,27.7,156.8,132.8,63.1,57.70192642386273,42.9,96.59656325538865,102.3,405.4,172.8,134.0,85.5747966591482,68.3,108.4,155.2,0.8,108.6,248.0,59.5,214.09104849169938,7.886993759964389,120.7,769.0131219278846,83.3,37.47854207289218,7.5,108.56688355567204,280.8599559118743,273.83067669258025,27.7,0.1,139.2,416.9767711334484,416.4,406.4,215.3,69.4,18.2,2.9,121.1,300.4,0.2,0.5,0.2,177.7,0.1,1.5436579514964432,0.1,0.1,0.2,0.6,1.0,9.2,577.5,236.37543646135975,13.0,517.8,1.4,170.5,2.8543692140856285,121.0,40.09313894563155,9.7,163.94519599922646,2.1,135.1,120.8,108.7,67.8,126.2,9.4,2.2,1.8,60.03049952119542,156.4,179.16266158470063,203.67030487935165,140.77078984017368,1.2,165.9,2.8,23.5,6.1,368.5,169.4,66.4,5.7,1.0,72.97095676760979,19.6,200.3,17.862889604334114,13.384517389038912,356.0,232.2,12.3,17.7,33.5,193.6,23.8,1.2,1.2,130.9,0.8,7.3,1.1,241.0,2.2,97.4,71.3,53.02867740682704,6.764903473075938,0.511185132068129,2.7,58.6,90.0,0.6,128.0,7.6,72.9,85.1,73.01664343381128,9.4,0.43185857477106626,184.96932774183588,6.9,0.1,62.0,124.9,20.8,135.6,82.6,5.0,2.687627423047556,35.925971255600714,107.2,4.6,127.8,62.8,49.4,12.6,287.7,37.7,153.1,93.0,11.6,0.1,0.6,126.5,53.4,12.1,41.7,7.345790413241806,0.666206753389137,27.2,0.1,0.1,0.2,132.37006913660156,14.6,120.78814354433047,11.1,40.3
104,125.1,88.2,76.2,179.54374387595078,143.44408296285388,264.1,114.5,260.6,195.7,231.64557309368837,423.4619424567818,253.9,349.7,239.75409622093974,146.2,255.5,101.0,282.8,291.4,369.8162558589006,196.53976094280418,141.6745803450118,300.9302896721414,137.8,220.22545095856466,141.4,152.0,369.4,220.8,121.7,259.0,105.6,411.3,256.1,180.95130585623508,241.49157237022192,186.82704246815632,236.5,195.7,86.0,250.1,244.6,214.1,270.97397860381676,312.50603764030404,325.0,809.9431706247848,324.2,101.5,148.4,209.1708907043818,78.4,163.6,372.63249034773037,275.8,204.9,243.33014670247832,110.6,169.3,304.8567974752652,128.5,179.1948540224135,282.6,86.9,25.8,552.8799428504315,219.67899453403422,291.7,155.9385480113498,330.43297359517385,275.7707841594612,1133.7,267.0,177.7,330.2,416.5,168.1,205.0,218.16427317652295,151.46909296013004,589.5,215.2,200.3490926437634,428.4414640017999,187.6,216.9,29.6,365.0,103.71408851647224,345.0,247.2,152.5,230.2223571601091,243.0,293.8,163.09452469723203,97.47060128058669,306.45039378369404,210.82136410065368,193.17027238125831,275.8691856233708,132.9,84.4,254.6,429.0,270.5,147.2,105.8,90.8,231.5,323.1,125.57715470720052,302.4,186.4,151.3,95.59201123475891,806.4,278.9,372.7208607685183,419.8,93.4,117.8,284.0,293.0160348923381,245.20836848490094,188.1,249.1,161.7,226.0,267.2,201.4,283.8,263.1,111.4,168.09442723821832,91.5,129.8941364463899,111.8,81.0,224.2,164.4,88.9,282.7,342.3,271.1,80.0,155.7508894452646,282.3,67.6,217.23552473126506,115.2,115.3,147.6,71.9,1.6,200.25723990243782,231.31790988089895,156.2,109.4,2.416609407889255,122.6,309.6590190430841,252.4,65.5,27.7,156.8,132.8,63.1,55.204625933409936,42.9,84.78904906576138,102.3,405.4,172.8,134.0,89.00826110815505,68.3,108.4,155.2,0.8,108.6,248.0,59.5,182.2142736414784,7.252789294210862,120.7,586.6692641931401,83.3,44.58317011791208,7.5,130.71858484668667,302.8381397796657,251.08410110410753,27.7,0.1,139.2,361.4037069916127,416.4,406.4,215.3,69.4,18.2,2.9,121.1,300.4,0.2,0.5,0.2,177.7,0.1,1.8449393884911176,0.1,0.1,0.2,0.6,1.0,9.2,577.5,262.7511635922064,13.0,517.8,1.4,170.5,3.586535679384083,121.0,37.93507780069309,9.7,130.98818076801388,2.1,135.1,120.8,108.7,67.8,126.2,9.4,2.2,1.8,74.28925686727725,156.4,214.90476353196138,265.32457383561666,142.11445390020467,1.2,165.9,2.8,23.5,6.1,368.5,169.4,66.4,5.7,1.0,58.05339328781406,19.6,200.3,15.271586794138447,14.97670042563686,356.0,232.2,12.3,17.7,33.5,193.6,23.8,1.2,1.2,130.9,0.8,7.3,1.1,241.0,2.2,97.4,71.3,50.67244156781001,7.740662175208637,0.5862337634720666,2.7,58.6,90.0,0.6,128.0,7.6,72.9,85.1,57.6635881920477,9.4,0.3979331094517946,152.87247870124793,6.9,0.1,62.0,124.9,20.8,135.6,82.6,5.0,2.1280760121108275,45.386382172223854,107.2,4.6,127.8,62.8,49.4,12.6,287.7,37.7,153.1,93.0,11.6,0.1,0.6,126.5,53.4,12.1,41.7,9.720645989462318,0.517140834708456,27.2,0.1,0.1,0.2,146.922961080466,14.6,164.10399749426884,11.1,40.3
105,125.1,88.2,76.2,219.54221089372422,159.85140540418624,264.1,114.5,260.6,195.7,182.87332579814117,399.6207641421248,253.9,349.7,256.0040371537996,146.2,255.5,101.0,282.8,291.4,342.19152390367526,218.99170727461177,175.0233651970426,262.9465425097598,137.8,234.83027585931526,141.4,152.0,369.4,220.8,121.7,259.0,105.6,411.3,256.1,161.58128485763743,256.555468528019,160.6966549274033,236.5,195.7,86.0,250.1,244.6,214.1,258.95822996291196,274.74953872329337,325.0,672.9883820872096,324.2,101.5,148.4,254.88807079355573,78.4,163.6,460.0274396455192,275.8,204.9,206.04821955972915,110.6,169.3,300.4542991087611,128.5,127.74168414290192,282.6,86.9,25.8,517.4081138041703,286.97421234551183,291.7,171.03902445970803,251.26865164855403,236.2323503011456,1133.7,267.0,177.7,330.2,416.5,168.1,205.0,197.83705041192405,145.50200619135668,589.5,215.2,204.28793228120006,512.6974495502265,187.6,216.9,29.6,365.0,114.51406415199,345.0,247.2,152.5,232.50270414111216,243.0,293.8,196.44176297709484,109.50004053076938,382.5528471526471,282.08346561562877,179.3900692989873,299.5218519084484,132.9,84.4,254.6,429.0,270.5,147.2,105.8,90.8,231.5,323.1,177.1635799352808,302.4,186.4,151.3,100.54995334840106,806.4,278.9,303.1375785758246,419.8,93.4,117.8,284.0,253.6252374066655,255.87019944214265,188.1,249.1,161.7,226.0,267.2,201.4,283.8,263.1,111.4,164.22165695981633,91.5,137.29331558526428,111.8,81.0,224.2,164.4,88.9,282.7,342.3,271.1,80.0,152.88990226764156,282.3,67.6,165.48318929165586,115.2,115.3,147.6,71.9,1.6,234.26022871838916,275.0371033207025,156.2,109.4,1.9960168784506729,122.6,324.5698947306109,252.4,65.5,27.7,156.8,132.8,63.1,49.67872980656918,42.9,72.7761783939305,102.3,405.4,172.8,134.0,109.46716433620735,68.3,108.4,155.2,0.8,108.6,248.0,59.5,244.99434571593164,8.8994028026691,120.7,628.4271007295653,83.3,48.47698638180629,7.5,105.37812245625952,334.6273553083024,264.75864800801713,27.7,0.1,139.2,363.31864763939933,416.4,406.4,215.3,69.4,18.2,2.9,121.1,300.4,0.2,0.5,0.2,177.7,0.1,1.627776692226521,0.1,0.1,0.2,0.6,1.0,9.2,577.5,236.88871846425246,13.0,517.8,1.4,170.5,3.0613368881615592,121.0,42.69936904839638,9.7,155.0097050057241,2.1,135.1,120.8,108.7,67.8,126.2,9.4,2.2,1.8,59.98946492756594,156.4,177.32600222829393,219.39053190101257,123.72262025634464,1.2,165.9,2.8,23.5,6.1,368.5,169.4,66.4,5.7,1.0,65.65034494100102,19.6,200.3,17.304804087608332,14.902466202439271,356.0,232.2,12.3,17.7,33.5,193.6,23.8,1.2,1.2,130.9,0.8,7.3,1.1,241.0,2.2,97.4,71.3,55.975558568063626,7.951098707995369,0.4863193385859865,2.7,58.6,90.0,0.6,128.0,7.6,72.9,85.1,56.67577470125628,9.4,0.3601752238499395,179.89651833413927,6.9,0.1,62.0,124.9,20.8,135.6,82.6,5.0,2.722722161738485,39.3052652763333,107.2,4.6,127.8,62.8,49.4,12.6,287.7,37.7,153.1,93.0,11.6,0.1,0.6,126.5,53.4,12.1,41.7,7.1835833932407605,0.645017432361003,27.2,0.1,0.1,0.2,162.3514381964774,14.6,139.05635114179626,11.1,40.3
106,125.1,88.2,76.2,184.5008477405281,148.99290649997275,264.1,114.5,260.6,195.7,189.21258306515963,375.20500146325514,253.9,349.7,291.77456230326396,146.2,255.5,101.0,282.8,291.4,434.5309349251999,188.25600613882614,160.5316386152857,266.9622339488623,137.8,231.7757600624735,141.4,152.0,369.4,220.8,121.7,259.0,105.6,411.3,256.1,161.15216931790374,206.64187573076543,172.73186382686572,236.5,195.7,86.0,250.1,244.6,214.1,339.01261861472994,367.00055783577767,325.0,923.975684851642,324.2,101.5,148.4,210.95153580217027,78.4,163.6,482.8887673328827,275.8,204.9,256.0534171786219,110.6,169.3,405.6531417438391,128.5,170.5214569955678,282.6,86.9,25.8,472.649544609568,221.1725693401623,291.7,190.13064463669303,322.798058372887,263.8799051695707,1133.7,267.0,177.7,330.2,416.5,168.1,205.0,199.28816475179335,146.26042696822202,589.5,215.2,203.53358173335778,371.0705432629752,187.6,216.9,29.6,365.0,93.06781653563185,345.0,247.2,152.5,269.00963269263275,243.0,293.8,192.0407329298286,101.08699027564717,371.70453585162096,240.5149020287962,190.77640460147313,336.81981149545476,132.9,84.4,254.6,429.0,270.5,147.2,105.8,90.8,231.5,323.1,182.35191603480217,302.4,186.4,151.3,103.3903753938724,806.4,278.9,394.95140045864366,419.8,93.4,117.8,284.0,276.4665731003404,274.1167972669606,188.1,249.1,161.7,226.0,267.2,201.4,283.8,263.1,111.4,216.21780467017967,91.5,112.57683282368882,111.8,81.0,224.2,164.4,88.9,282.7,342.3,271.1,80.0,142.16413493535057,282.3,67.6,219.31435758975593,115.2,115.3,147.6,71.9,1.6,201.00313562604916,216.54940883294998,156.2,109.4,2.4010978027334566,122.6,262.57260953827245,252.4,65.5,27.7,156.8,132.8,63.1,45.185981982146345,42.9,87.82693774504132,102.3,405.4,172.8,134.0,99.68600575006113,68.3,108.4,155.2,0.8,108.6,248.0,59.5,212.40281123095758,9.496323309165877,120.7,829.1322527716616,83.3,45.15375110820014,7.5,91.96592148748778,305.5758843130952,352.8675714638681,27.7,0.1,139.2,366.9656825065306,416.4,406.4,215.3,69.4,18.2,2.9,121.1,300.4,0.2,0.5,0.2,177.7,0.1,1.4370750357409756,0.1,0.1,0.2,0.6,1.0,9.2,577.5,194.31821775866123,13.0,517.8,1.4,170.5,2.7943225315894007,121.0,37.434804301094196,9.7,140.49273319190087,2.1,135.1,120.8,108.7,67.8,126.2,9.4,2.2,1.8,60.25388649989921,156.4,171.8035436986786,248.09351321240416,149.12908413674688,1.2,165.9,2.8,23.5,6.1,368.5,169.4,66.4,5.7,1.0,68.82145314093245,19.6,200.3,15.426072095963866,13.277209267370251,356.0,232.2,12.3,17.7,33.5,193.6,23.8,1.2,1.2,130.9,0.8,7.3,1.1,241.0,2.2,97.4,71.3,40.6423980175007,7.356790038534702,0.5439250443136968,2.7,58.6,90.0,0.6,128.0,7.6,72.9,85.1,53.97415486825053,9.4,0.4117116041213023,164.71940208818728,6.9,0.1,62.0,124.9,20.8,135.6,82.6,5.0,2.413105808298188,47.94881375345901,107.2,4.6,127.8,62.8,49.4,12.6,287.7,37.7,153.1,93.0,11.6,0.1,0.6,126.5,53.4,12.1,41.7,8.739245623828403,0.5648591112907966,27.2,0.1,0.1,0.2,170.32411309643493,14.6,152.092413514882,11.1,40.3
107,125.1,88.2,76.2,217.83428286128225,154.37636531862083,264.1,114.5,260.6,195.7,205.43943651047982,440.66802033858033,253.9,349.7,306.1618746762998,146.2,255.5,101.0,282.8,291.4,372.60591594507105,237.84578910854484,184.69058441375088,381.53318603237034,137.8,265.57318763064825,141.4,152.0,369.4,220.8,121.7,259.0,105.6,411.3,256.1,159.04147892892283,208.583095325954,168.1741761258171,236.5,195.7,86.0,250.1,244.6,214.1,332.12558529375536,323.8171887414022,325.0,675.7375116025701,324.2,101.5,148.4,272.46904560759606,78.4,163.6,394.2661434376833,275.8,204.9,236.94375509014645,110.6,169.3,374.6673332447403,128.5,149.63606843838167,282.6,86.9,25.8,607.3669772434207,224.46092819247022,291.7,224.10887875805292,272.38271952551736,221.23300287745639,1133.7,267.0,177.7,330.2,416.5,168.1,205.0,172.94956357862793,149.76991473308294,589.5,215.2,224.3098382349284,495.1912323612348,187.6,216.9,29.6,365.0,133.2198738448067,345.0,247.2,152.5,272.49737975931106,243.0,293.8,232.15975248239994,108.86902532185167,342.03031226265693,279.39624626795427,150.841077526611,350.20064681987265,132.9,84.4,254.6,429.0,270.5,147.2,105.8,90.8,231.5,323.1,140.160365740336,302.4,186.4,151.3,75.35456317079114,806.4,278.9,358.5867758360554,419.8,93.4,117.8,284.0,266.0731315949764,268.6735309334219,188.1,249.1,161.7,226.0,267.2,201.4,283.8,263.1,111.4,229.50872845960455,91.5,123.59041281407572,111.8,81.0,224.2,164.4,88.9,282.7,342.3,271.1,80.0,133.60426636760755,282.3,67.6,171.90352985826487,115.2,115.3,147.6,71.9,1.6,278.0163104571614,290.42647694289394,156.2,109.4,1.7687565926408617,122.6,296.88580382209716,252.4,65.5,27.7,156.8,132.8,63.1,55.55916544130482,42.9,68.16880693741028,102.3,405.4,172.8,134.0,112.98076129936473,68.3,108.4,155.2,0.8,108.6,248.0,59.5,196.1266781144726,9.16606660817596,120.7,832.2702264358404,83.3,34.86556069014907,7.5,120.26388467033405,273.0938339098111,334.72437625787313,27.7,0.1,139.2,441.5425613110898,416.4,406.4,215.3,69.4,18.2,2.9,121.1,300.4,0.2,0.5,0.2,177.7,0.1,1.7237719687073076,0.1,0.1,0.2,0.6,1.0,9.2,577.5,263.8568104179508,13.0,517.8,1.4,170.5,3.4092708608660907,121.0,38.7313761905111,9.7,163.82757455536085,2.1,135.1,120.8,108.7,67.8,126.2,9.4,2.2,1.8,72.58050144565203,156.4,208.61232910406324,204.66619963315316,110.23472843857425,1.2,165.9,2.8,23.5,6.1,368.5,169.4,66.4,5.7,1.0,73.81157708913354,19.6,200.3,12.434803608411016,11.4505317181318,356.0,232.2,12.3,17.7,33.5,193.6,23.8,1.2,1.2,130.9,0.8,7.3,1.1,241.0,2.2,97.4,71.3,50.26466697442528,9.012985223590766,0.545069549137303,2.7,58.6,90.0,0.6,128.0,7.6,72.9,85.1,69.66467547938319,9.4,0.41230646350197075,180.64748951294953,6.9,0.1,62.0,124.9,20.8,135.6,82.6,5.0,2.197765447224447,33.91011399507403,107.2,4.6,127.8,62.8,49.4,12.6,287.7,37.7,153.1,93.0,11.6,0.1,0.6,126.5,53.4,12.1,41.7,8.966774073477854,0.6299666934475876,27.2,0.1,0.1,0.2,128.6842702180298,14.6,142.07975950128792,11.1,40.3
108,125.1,88.2,76.2,206.615236399053,140.7013652303191,264.1,114.5,260.6,195.7,200.73085264041922,406.5404878053506,253.9,349.7,301.75033005314555,146.2,255.5,101.0,282.8,291.4,463.66736051839115,198.68008912174741,171.64028953107862,272.00195462408743,137.8,214.59666182658208,141.4,152.0,369.4,220.8,121.7,259.0,105.6,411.3,256.1,176.7795945412476,220.68389230103256,192.82970657782724,236.5,195.7,86.0,250.1,244.6,214.1,311.76944957984193,313.28499696385495,325.0,885.0687622138373,324.2,101.5,148.4,237.1044757563813,78.4,163.6,414.7480086819894,275.8,204.9,225.14604542243043,110.6,169.3,333.400175952236,128.5,151.26328219597244,282.6,86.9,25.8,491.5902607018968,203.38992845715146,291.7,153.21002436046115,240.4724879455106,292.66738051336074,1133.7,267.0,177.7,330.2,416.5,168.1,205.0,199.7193602173162,134.58280517994606,589.5,215.2,261.8058533660165,448.53954223549033,187.6,216.9,29.6,365.0,93.03749578894548,345.0,247.2,152.5,262.5148337820377,243.0,293.8,206.3248427785864,102.3265271331269,345.6213050098203,203.8823960116857,157.75688339923354,269.0673004244668,132.9,84.4,254.6,429.0,270.5,147.2,105.8,90.8,231.5,323.1,142.95939925697584,302.4,186.4,151.3,98.30368739377138,806.4,278.9,373.599504641762,419.8,93.4,117.8,284.0,258.3854017526361,251.73351613467085,188.1,249.1,161.7,226.0,267.2,201.4,283.8,263.1,111.4,207.8419336350447,91.5,136.94329462451327,111.8,81.0,224.2,164.4,88.9,282.7,342.3,271.1,80.0,154.65256840918778,282.3,67.6,176.95612290760332,115.2,115.3,147.6,71.9,1.6,296.5437740614053,243.7846716186153,156.2,109.4,1.8078113351242517,122.6,254.5700239690197,252.4,65.5,27.7,156.8,132.8,63.1,44.173644133009,42.9,71.87042973385132,102.3,405.4,172.8,134.0,96.15876408228186,68.3,108.4,155.2,0.8,108.6,248.0,59.5,238.1525182158199,9.64211553260678,120.7,766.7426275867774,83.3,40.27386682530607,7.5,106.67985223456944,259.32219105272145,349.50928876535784,27.7,0.1,139.2,375.94712013916535,416.4,406.4,215.3,69.4,18.2,2.9,121.1,300.4,0.2,0.5,0.2,177.7,0.1,1.5977944988284236,0.1,0.1,0.2,0.6,1.0,9.2,577.5,231.21064495722058,13.0,517.8,1.4,170.5,3.403351704051287,121.0,31.420915939954057,9.7,177.2947536433471,2.1,135.1,120.8,108.7,67.8,126.2,9.4,2.2,1.8,54.53725261694094,156.4,174.3088039424349,260.41978595094395,102.0025358175807,1.2,165.9,2.8,23.5,6.1,368.5,169.4,66.4,5.7,1.0,51.661751063678366,19.6,200.3,12.844356631605141,13.211681908392638,356.0,232.2,12.3,17.7,33.5,193.6,23.8,1.2,1.2,130.9,0.8,7.3,1.1,241.0,2.2,97.4,71.3,39.54119150881273,9.488538575040547,0.41662384681683207,2.7,58.6,90.0,0.6,128.0,7.6,72.9,85.1,56.74738597499689,9.4,0.3965856908088773,143.47490586782365,6.9,0.1,62.0,124.9,20.8,135.6,82.6,5.0,2.4722686570321546,34.31578664854484,107.2,4.6,127.8,62.8,49.4,12.6,287.7,37.7,153.1,93.0,11.6,0.1,0.6,126.5,53.4,12.1,41.7,9.742322992007683,0.6215754441967241,27.2,0.1,0.1,0.2,174.5024971173617,14.6,176.60254479146508,11.1,40.3
109,125.1,88.2,76.2,233.19526949185246,153.48285095458962,264.1,114.5,260.6,195.7,230.97481475156792,382.1501232747796,253.9,349.7,261.47597464541167,146.2,255.5,101.0,282.8,291.4,417.02678638798676,251.51136852353102,169.72210888421665,325.2353960636905,137.8,216.88176687811858,141.4,152.0,369.4,220.8,121.7,259.0,105.6,411.3,256.1,192.58456112368034,207.21712721940878,193.41914111348058,236.5,195.7,86.0,250.1,244.6,214.1,273.293033877501,292.8141799415211,325.0,712.9927271718791,324.2,101.5,148.4,267.0769669546339,78.4,163.6,369.19688380920155,275.8,204.9,243.855540001457,110.6,169.3,363.7854209478145,128.5,144.93449593585,282.6,86.9,25.8,510.2988619879925,256.66032943343214,291.7,206.829867609701,252.43261286529165,295.96003618435117,1133.7,267.0,177.7,330.2,416.5,168.1,205.0,166.31762631323897,148.2783052286377,589.5,215.2,282.8883512371614,458.7111595821445,187.6,216.9,29.6,365.0,96.43657499068172,345.0,247.2,152.5,235.33898143995856,243.0,293.8,181.24588509202766,88.31174830868368,344.0519521127186,237.32219056970598,198.2086790419482,371.54737510851606,132.9,84.4,254.6,429.0,270.5,147.2,105.8,90.8,231.5,323.1,176.92496316768683,302.4,186.4,151.3,84.70305054135193,806.4,278.9,338.0541624913437,419.8,93.4,117.8,284.0,237.48262360220735,296.18117830557145,188.1,249.1,161.7,226.0,267.2,201.4,283.8,263.1,111.4,230.49460697450277,91.5,101.44442359674262,111.8,81.0,224.2,164.4,88.9,282.7,342.3,271.1,80.0,139.09808205292998,282.3,67.6,221.87858079738044,115.2,115.3,147.6,71.9,1.6,232.5094579920482,250.36536024658508,156.2,109.4,2.207777173497491,122.6,282.09157317573954,252.4,65.5,27.7,156.8,132.8,63.1,47.62988757862033,42.9,95.04334247392129,102.3,405.4,172.8,134.0,92.70342301899187,68.3,108.4,155.2,0.8,108.6,248.0,59.5,181.1024612819941,6.8020883171536335,120.7,692.8889399638331,83.3,44.99904242893681,7.5,94.55299439107311,292.61748066638205,282.99895919374234,27.7,0.1,139.2,403.893511813893,416.4,406.4,215.3,69.4,18.2,2.9,121.1,300.4,0.2,0.5,0.2,177.7,0.1,1.741194963399713,0.1,0.1,0.2,0.6,1.0,9.2,577.5,200.08174234566528,13.0,517.8,1.4,170.5,3.1410671742559275,121.0,44.56603710260595,9.7,182.96519786878207,2.1,135.1,120.8,108.7,67.8,126.2,9.4,2.2,1.8,55.46703731394953,156.4,222.81223042556442,264.5923051765528,126.54244769519221,1.2,165.9,2.8,23.5,6.1,368.5,169.4,66.4,5.7,1.0,56.41085679204004,19.6,200.3,16.138827585802357,14.203363735979464,356.0,232.2,12.3,17.7,33.5,193.6,23.8,1.2,1.2,130.9,0.8,7.3,1.1,241.0,2.2,97.4,71.3,45.99890658031029,7.309144904435558,0.43314313071711785,2.7,58.6,90.0,0.6,128.0,7.6,72.9,85.1,53.63446653287006,9.4,0.40312895969256274,145.04153907121068,6.9,0.1,62.0,124.9,20.8,135.6,82.6,5.0,2.850146462609845,47.31617813959248,107.2,4.6,127.8,62.8,49.4,12.6,287.7,37.7,153.1,93.0,11.6,0.1,0.6,126.5,53.4,12.1,41.7,7.479058084660861,0.5768142188662309,27.2,0.1,0.1,0.2,158.3228689447449,14.6,119.71239695945093,11.1,40.3
110,125.1,88.2,76.2,239.70960945267035,143.77677890884817,264.1,114.5,260.6,195.7,211.48740593079376,399.83514882127514,253.9,349.7,324.67458479643074,146.2,255.5,101.0,282.8,291.4,330.8229081738607,220.85191157259322,173.55739657283735,292.4104318622803,137.8,295.85493457004924,141.4,152.0,369.4,220.8,121.7,259.0,105.6,411.3,256.1,189.03270518735405,231.7693085204433,150.46343299078427,236.5,195.7,86.0,250.1,244.6,214.1,239.33465835388125,349.56769363025586,325.0,709.3534293252175,324.2,101.5,148.4,277.79979730744867,78.4,163.6,425.25972825018357,275.8,204.9,260.3857779225799,110.6,169.3,335.7034831455446,128.5,153.77783176814535,282.6,86.9,25.8,675.3768970320593,227.9015487937553,291.7,175.77084880159495,243.36093142486305,198.956697836319,1133.7,267.0,177.7,330.2,416.5,168.1,205.0,236.35711515635217,105.60916690113572,589.5,215.2,205.61579599472876,551.2312120752861,187.6,216.9,29.6,365.0,106.20070253951812,345.0,247.2,152.5,304.910527019818,243.0,293.8,165.20034659846408,89.66813263837459,430.6133074484994,243.65527952751194,205.72544583544527,300.1930854765224,132.9,84.4,254.6,429.0,270.5,147.2,105.8,90.8,231.5,323.1,133.7182912279512,302.4,186.4,151.3,101.20481001099918,806.4,278.9,351.4175924866156,419.8,93.4,117.8,284.0,263.7643355947872,227.2152005932281,188.1,249.1,161.7,226.0,267.2,201.4,283.8,263.1,111.4,172.6166575915806,91.5,130.642301209428,111.8,81.0,224.2,164.4,88.9,282.7,342.3,271.1,80.0,132.12354173765604,282.3,67.6,191.86079606485617,115.2,115.3,147.6,71.9,1.6,261.135692580152,231.82640060737813,156.2,109.4,2.265424049165648,122.6,285.20023284696106,252.4,65.5,27.7,156.8,132.8,63.1,47.18132638506871,42.9,89.00306168851677,102.3,405.4,172.8,134.0,100.09984768839624,68.3,108.4,155.2,0.8,108.6,248.0,59.5,208.30481260703155,7.55112407435473,120.7,675.779278551056,83.3,34.91469346886833,7.5,126.95961047859461,301.3038160816947,241.00708175539447,27.7,0.1,139.2,390.9270646530231,416.4,406.4,215.3,69.4,18.2,2.9,121.1,300.4,0.2,0.5,0.2,177.7,0.1,1.36062655313135,0.1,0.1,0.2,0.6,1.0,9.2,577.5,256.75387451734133,13.0,517.8,1.4,170.5,3.5120465072482636,121.0,45.0507671317366,9.7,125.67051051671393,2.1,135.1,120.8,108.7,67.8,126.2,9.4,2.2,1.8,55.394289315841256,156.4,222.9406595449131,227.41145333192628,149.6011761535228,1.2,165.9,2.8,23.5,6.1,368.5,169.4,66.4,5.7,1.0,61.58674479252005,19.6,200.3,14.65905829000059,14.830639105851954,356.0,232.2,12.3,17.7,33.5,193.6,23.8,1.2,1.2,130.9,0.8,7.3,1.1,241.0,2.2,97.4,71.3,53.51091508931481,7.625941674428335,0.49462834718205323,2.7,58.6,90.0,0.6,128.0,7.6,72.9,85.1,57.264937477485844,9.4,0.46038318971961284,207.96420847894302,6.9,0.1,62.0,124.9,20.8,135.6,82.6,5.0,2.793883981395634,39.05853726558056,107.2,4.6,127.8,62.8,49.4,12.6,287.7,37.7,153.1,93.0,11.6,0.1,0.6,126.5,53.4,12.1,41.7,7.315178438397874,0.5472451642088444,27.2,0.1,0.1,0.2,130.26476000757742,14.6,137.3691272530899,11.1,40.3
111,125.1,88.2,76.2,258.287839557285,164.52562652104388,264.1,114.5,260.6,195.7,236.6187884465368,325.8165823872841,253.9,349.7,283.31343246177767,146.2,255.5,101.0,282.8,291.4,396.64065595984164,233.78311493221625,177.83776347965343,311.049332483003,137.8,221.2520388480202,141.4,152.0,369.4,220.8,121.7,259.0,105.6,411.3,256.1,136.27024227201923,271.6504471683804,132.62288183485165,236.5,195.7,86.0,250.1,244.6,214.1,305.0671270807818,277.06234986468974,325.0,762.7162629942162,324.2,101.5,148.4,192.73467345050403,78.4,163.6,374.5414804357778,275.8,204.9,231.4964405438297,110.6,169.3,373.2031082885689,128.5,126.37123627696673,282.6,86.9,25.8,501.0598010509251,260.3148056100861,291.7,151.25156857747248,314.3974272138815,259.5926056969393,1133.7,267.0,177.7,330.2,416.5,168.1,205.0,215.32958260769473,149.83851359087816,589.5,215.2,203.8600372833146,368.6060960316837,187.6,216.9,29.6,365.0,117.09350406508321,345.0,247.2,152.5,240.29044634829742,243.0,293.8,231.180369112532,93.46354523484553,341.23701379695694,198.16683564044854,173.13542962938834,346.5916076177026,132.9,84.4,254.6,429.0,270.5,147.2,105.8,90.8,231.5,323.1,177.03849590781732,302.4,186.4,151.3,90.08623811460399,806.4,278.9,356.99262601591846,419.8,93.4,117.8,284.0,223.47587118411786,230.8847916377556,188.1,249.1,161.7,226.0,267.2,201.4,283.8,263.1,111.4,185.22188202593694,91.5,107.52162753641325,111.8,81.0,224.2,164.4,88.9,282.7,342.3,271.1,80.0,131.68207573248947,282.3,67.6,152.12944408273916,115.2,115.3,147.6,71.9,1.6,254.93264767012988,227.0880776304295,156.2,109.4,2.353825864125435,122.6,217.55332044470484,252.4,65.5,27.7,156.8,132.8,63.1,41.71561561555029,42.9,67.44588164595801,102.3,405.4,172.8,134.0,103.04296987338616,68.3,108.4,155.2,0.8,108.6,248.0,59.5,202.39807831259932,7.353205776851531,120.7,697.3792962585729,83.3,47.771550401411346,7.5,106.97744786690608,325.12937281666416,354.87153746235106,27.7,0.1,139.2,419.7369098570159,416.4,406.4,215.3,69.4,18.2,2.9,121.1,300.4,0.2,0.5,0.2,177.7,0.1,1.4673797857159567,0.1,0.1,0.2,0.6,1.0,9.2,577.5,183.98040772773936,13.0,517.8,1.4,170.5,3.605434209752434,121.0,35.734727783245106,9.7,180.63842295029426,2.1,135.1,120.8,108.7,67.8,126.2,9.4,2.2,1.8,69.48359060339874,156.4,170.14617237945654,284.90556664850703,144.92802707750013,1.2,165.9,2.8,23.5,6.1,368.5,169.4,66.4,5.7,1.0,55.849366863311346,19.6,200.3,17.84449952553176,11.172195243988208,356.0,232.2,12.3,17.7,33.5,193.6,23.8,1.2,1.2,130.9,0.8,7.3,1.1,241.0,2.2,97.4,71.3,50.86480434119329,7.719082620032834,0.5793754126377543,2.7,58.6,90.0,0.6,128.0,7.6,72.9,85.1,61.07107822446683,9.4,0.3895920763800775,188.69387886092753,6.9,0.1,62.0,124.9,20.8,135.6,82.6,5.0,2.5790343817259016,33.68090373583052,107.2,4.6,127.8,62.8,49.4,12.6,287.7,37.7,153.1,93.0,11.6,0.1,0.6,126.5,53.4,12.1,41.7,8.8171167583993,0.6635759602850422,27.2,0.1,0.1,0.2,179.4805837978085,14.6,165.71537495285003,11.1,40.3
112,125.1,88.2,76.2,210.40663170564443,122.28371896819337,264.1,114.5,260.6,195.7,163.8959799135958,387.01379647716226,253.9,349.7,265.2660486058725,146.2,255.5,101.0,282.8,291.4,432.808914888441,231.7386668898844,154.33184834594846,323.0065378235053,137.8,228.81859920738617,141.4,152.0,369.4,220.8,121.7,259.0,105.6,411.3,256.1,188.9489576514452,194.1917144001146,143.18062300910583,236.5,195.7,86.0,250.1,244.6,214.1,324.58141806654936,299.47489872274303,325.0,752.4713362361343,324.2,101.5,148.4,242.42677424232343,78.4,163.6,444.7303301547268,275.8,204.9,228.14655521079965,110.6,169.3,320.62015131486214,128.5,140.56091782927507,282.6,86.9,25.8,608.0753779380954,240.47661910526622,291.7,219.79155225166983,275.5667101745149,213.91257931237888,1133.7,267.0,177.7,330.2,416.5,168.1,205.0,203.51875922729678,106.22104154263896,589.5,215.2,249.7095878615584,455.69258741395436,187.6,216.9,29.6,365.0,95.48586990006804,345.0,247.2,152.5,241.2182187491028,243.0,293.8,170.72728027060987,79.18800305569016,366.1906844172321,274.21920302608044,208.79223198025045,360.11463360253913,132.9,84.4,254.6,429.0,270.5,147.2,105.8,90.8,231.5,323.1,131.43808965994927,302.4,186.4,151.3,91.31296846832662,806.4,278.9,340.4627101585201,419.8,93.4,117.8,284.0,268.9599393416082,266.1325098345257,188.1,249.1,161.7,226.0,267.2,201.4,283.8,263.1,111.4,198.23503373565285,91.5,150.0979754438481,111.8,81.0,224.2,164.4,88.9,282.7,342.3,271.1,80.0,148.4750770789027,282.3,67.6,167.13725159690887,115.2,115.3,147.6,71.9,1.6,276.0738246471958,216.07597688021474,156.2,109.4,2.1329142211865366,122.6,286.61818920930943,252.4,65.5,27.7,156.8,132.8,63.1,46.900382455326685,42.9,70.91161625494973,102.3,405.4,172.8,134.0,88.55373771004834,68.3,108.4,155.2,0.8,108.6,248.0,59.5,213.52425323885015,7.7456874078987585,120.7,804.5354264857887,83.3,37.56262219151034,7.5,120.00578667384016,270.4704350805091,259.5073111026372,27.7,0.1,139.2,384.5726875712421,416.4,406.4,215.3,69.4,18.2,2.9,121.1,300.4,0.2,0.5,0.2,177.7,0.1,1.8694407559574842,0.1,0.1,0.2,0.6,1.0,9.2,577.5,179.59468795000143,13.0,517.8,1.4,170.5,3.2394263986426264,121.0,35.32674478347418,9.7,185.9392858580776,2.1,135.1,120.8,108.7,67.8,126.2,9.4,2.2,1.8,63.18122089086498,156.4,223.44430102110493,238.21990306259767,149.79490172775573,1.2,165.9,2.8,23.5,6.1,368.5,169.4,66.4,5.7,1.0,63.8272530713985,19.6,200.3,17.51341903974598,12.106907182790044,356.0,232.2,12.3,17.7,33.5,193.6,23.8,1.2,1.2,130.9,0.8,7.3,1.1,241.0,2.2,97.4,71.3,45.79197227149824,8.027605491943529,0.40673968980093383,2.7,58.6,90.0,0.6,128.0,7.6,72.9,85.1,53.938015461998646,9.4,0.34636025819876737,160.96812032919777,6.9,0.1,62.0,124.9,20.8,135.6,82.6,5.0,2.3776369889781095,36.3532347576095,107.2,4.6,127.8,62.8,49.4,12.6,287.7,37.7,153.1,93.0,11.6,0.1,0.6,126.5,53.4,12.1,41.7,9.984500160396141,0.6503438166694142,27.2,0.1,0.1,0.2,162.36293944642264,14.6,148.8680350742794,11.1,40.3
113,125.1,88.2,76.2,262.9435460006322,167.34371169386642,264.1,114.5,260.6,195.7,228.80709508341837,393.84698376343306,253.9,349.7,288.14884328423335,146.2,255.5,101.0,282.8,291.4,366.2021139724304,203.32126097539182,167.69017046012283,356.90466247503224,137.8,272.01156094010844,141.4,152.0,369.4,220.8,121.7,259.0,105.6,411.3,256.1,153.80940554122273,264.1026580243429,164.78269193949092,236.5,195.7,86.0,250.1,244.6,214.1,328.21811391223713,323.9662517430129,325.0,648.6570190094517,324.2,101.5,148.4,212.63419605090678,78.4,163.6,391.7805027112085,275.8,204.9,224.06556467547068,110.6,169.3,396.5655407231036,128.5,158.59025934584605,282.6,86.9,25.8,651.3443483650595,268.68610568815757,291.7,218.1992289711489,267.40341467217917,274.78353821941283,1133.7,267.0,177.7,330.2,416.5,168.1,205.0,200.1025657554022,129.26444275526606,589.5,215.2,269.13049373252676,476.63325067365355,187.6,216.9,29.6,365.0,114.0556973915502,345.0,247.2,152.5,218.61055641242876,243.0,293.8,210.08365831708505,79.07698015099713,333.33629773885093,281.2794734867573,210.79618612806073,272.3598127666885,132.9,84.4,254.6,429.0,270.5,147.2,105.8,90.8,231.5,323.1,137.15831012344643,302.4,186.4,151.3,77.78681353345455,806.4,278.9,352.1826840498886,419.8,93.4,117.8,284.0,250.44576325230997,258.44942793786765,188.1,249.1,161.7,226.0,267.2,201.4,283.8,263.1,111.4,233.50423808122696,91.5,142.58498675442078,111.8,81.0,224.2,164.4,88.9,282.7,342.3,271.1,80.0,133.67318048030808,282.3,67.6,186.9960436047385,115.2,115.3,147.6,71.9,1.6,233.3586369128516,262.3231024313189,156.2,109.4,2.3529825525296912,122.6,316.5448399678436,252.4,65.5,27.7,156.8,132.8,63.1,49.69625825675762,42.9,73.01620971873324,102.3,405.4,172.8,134.0,105.60573546136764,68.3,108.4,155.2,0.8,108.6,248.0,59.5,177.5667751966714,7.65591333220009,120.7,622.5829122565788,83.3,48.0756759046168,7.5,100.78791749962595,356.5203881450492,322.1832585411232,27.7,0.1,139.2,394.22049491536023,416.4,406.4,215.3,69.4,18.2,2.9,121.1,300.4,0.2,0.5,0.2,177.7,0.1,1.5623184572147653,0.1,0.1,0.2,0.6,1.0,9.2,577.5,231.46378173355347,13.0,517.8,1.4,170.5,3.615368543572611,121.0,33.064402516511684,9.7,185.47418356212032,2.1,135.1,120.8,108.7,67.8,126.2,9.4,2.2,1.8,68.258960832036,156.4,168.53263607285646,283.9712355716743,101.19247885135066,1.2,165.9,2.8,23.5,6.1,368.5,169.4,66.4,5.7,1.0,58.975926772660856,19.6,200.3,13.599968882688222,11.017352148934066,356.0,232.2,12.3,17.7,33.5,193.6,23.8,1.2,1.2,130.9,0.8,7.3,1.1,241.0,2.2,97.4,71.3,53.96414748400088,8.640721313150564,0.5008124191714232,2.7,58.6,90.0,0.6,128.0,7.6,72.9,85.1,57.378233825276396,9.4,0.3360374362921946,188.4376387533652,6.9,0.1,62.0,124.9,20.8,135.6,82.6,5.0,2.181904731539494,45.884119508518566,107.2,4.6,127.8,62.8,49.4,12.6,287.7,37.7,153.1,93.0,11.6,0.1,0.6,126.5,53.4,12.1,41.7,7.932477471698132,0.5144261845636046,27.2,0.1,0.1,0.2,131.16680760180844,14.6,172.97887542088895,11.1,40.3
114,125.1,88.2,76.2,182.90749903552265,178.4850790446157,264.1,114.5,260.6,195.7,214.0286774610316,320.349275843141,253.9,349.7,226.04617200456573,146.2,255.5,101.0,282.8,291.4,397.1510416723075,228.63221789202387,162.46756900115545,283.99104655020665,137.8,249.63343467765773,141.4,152.0,369.4,220.8,121.7,259.0,105.6,411.3,256.1,174.52482103783927,283.7389469166834,189.68924474714905,236.5,195.7,86.0,250.1,244.6,214.1,273.8110036793695,322.5481258862222,325.0,669.4783859497685,324.2,101.5,148.4,266.99504914463535,78.4,163.6,522.4238194246492,275.8,204.9,258.8331946436003,110.6,169.3,378.07942413514576,128.5,178.88781701721888,282.6,86.9,25.8,560.8429393849276,236.63774345396752,291.7,213.25012671402908,293.72707321048017,205.81181636248812,1133.7,267.0,177.7,330.2,416.5,168.1,205.0,180.331412387152,108.88195844745673,589.5,215.2,215.79979260813388,371.8802871106834,187.6,216.9,29.6,365.0,124.55665996128738,345.0,247.2,152.5,302.27675736928376,243.0,293.8,205.35226298985467,106.57207583054276,392.26175893868,209.499904824554,173.3905004682956,360.1321605942843,132.9,84.4,254.6,429.0,270.5,147.2,105.8,90.8,231.5,323.1,128.4233084736288,302.4,186.4,151.3,92.8188228977879,806.4,278.9,309.6046149676299,419.8,93.4,117.8,284.0,285.2334932090507,266.0206011376551,188.1,249.1,161.7,226.0,267.2,201.4,283.8,263.1,111.4,182.94613490912423,91.5,131.18202975070878,111.8,81.0,224.2,164.4,88.9,282.7,342.3,271.1,80.0,135.4523400728003,282.3,67.6,213.4226739996907,115.2,115.3,147.6,71.9,1.6,201.63467610551686,210.02445549817432,156.2,109.4,1.809137178246367,122.6,290.2928643765514,252.4,65.5,27.7,156.8,132.8,63.1,57.912159443651376,42.9,67.93086126668943,102.3,405.4,172.8,134.0,88.63572854926028,68.3,108.4,155.2,0.8,108.6,248.0,59.5,218.65770677821192,7.942689503891025,120.7,845.3414574722317,83.3,51.48044860486696,7.5,102.41198499193314,353.49274098404146,269.91309310558916,27.7,0.1,139.2,439.3253914983535,416.4,406.4,215.3,69.4,18.2,2.9,121.1,300.4,0.2,0.5,0.2,177.7,0.1,1.8686878563492058,0.1,0.1,0.2,0.6,1.0,9.2,577.5,201.20817049683953,13.0,517.8,1.4,170.5,3.2765340780371535,121.0,36.37944212015621,9.7,154.50795998409768,2.1,135.1,120.8,108.7,67.8,126.2,9.4,2.2,1.8,75.01754856963669,156.4,155.5425172934005,211.9716907735993,132.79071998368244,1.2,165.9,2.8,23.5,6.1,368.5,169.4,66.4,5.7,1.0,56.001006789205505,19.6,200.3,17.660237776267955,15.478789716340312,356.0,232.2,12.3,17.7,33.5,193.6,23.8,1.2,1.2,130.9,0.8,7.3,1.1,241.0,2.2,97.4,71.3,54.29866123800052,9.215445513368016,0.523913739630557,2.7,58.6,90.0,0.6,128.0,7.6,72.9,85.1,63.56750855081081,9.4,0.3385646141746587,173.11995335784115,6.9,0.1,62.0,124.9,20.8,135.6,82.6,5.0,2.8091746629590264,36.9626482752804,107.2,4.6,127.8,62.8,49.4,12.6,287.7,37.7,153.1,93.0,11.6,0.1,0.6,126.5,53.4,12.1,41.7,8.780747046270502,0.6615158124859065,27.2,0.1,0.1,0.2,175.9179909484723,14.6,168.30255705070158,11.1,40.3
115,125.1,88.2,76.2,257.1581213894133,162.69465893692038,264.1,114.5,260.6,195.7,210.71529529864955,304.7294152643634,253.9,349.7,231.01407604687256,146.2,255.5,101.0,282.8,291.4,470.7701478101284,187.3593814209209,178.39686922421294,363.4783857647908,137.8,289.421977444998,141.4,152.0,369.4,220.8,121.7,259.0,105.6,411.3,256.1,178.65782595688847,259.12488220419715,145.6351573027845,236.5,195.7,86.0,250.1,244.6,214.1,252.6257431952556,342.0361371627725,325.0,713.9633606182313,324.2,101.5,148.4,237.45812942875878,78.4,163.6,531.8750740724996,275.8,204.9,234.14093532762587,110.6,169.3,349.22862663889055,128.5,164.6871101214215,282.6,86.9,25.8,659.167480623467,253.52460869761512,291.7,166.4020663562317,262.4708633489334,253.01661985066423,1133.7,267.0,177.7,330.2,416.5,168.1,205.0,161.24482406588206,112.82812515100878,589.5,215.2,210.87250249189418,377.7108873106222,187.6,216.9,29.6,365.0,119.1647727969193,345.0,247.2,152.5,230.791573661187,243.0,293.8,234.9526587681736,100.60225555162286,423.1070874325485,198.22973880945682,173.08366169968488,319.3184764896093,132.9,84.4,254.6,429.0,270.5,147.2,105.8,90.8,231.5,323.1,144.73810117130054,302.4,186.4,151.3,79.74319228005236,806.4,278.9,347.1336357259558,419.8,93.4,117.8,284.0,235.51282176665993,277.0107401875657,188.1,249.1,161.7,226.0,267.2,201.4,283.8,263.1,111.4,224.05211173542028,91.5,123.95775512145802,111.8,81.0,224.2,164.4,88.9,282.7,342.3,271.1,80.0,152.90079299718167,282.3,67.6,148.57359783105343,115.2,115.3,147.6,71.9,1.6,230.3691668308471,255.17643649845195,156.2,109.4,1.932298150542669,122.6,261.7700618011629,252.4,65.5,27.7,156.8,132.8,63.1,47.27579159311186,42.9,67.93533260086393,102.3,405.4,172.8,134.0,113.42235313154296,68.3,108.4,155.2,0.8,108.6,248.0,59.5,168.3367225482876,9.622687485454069,120.7,632.711719574002,83.3,39.044498763014744,7.5,94.51149857115998,271.84046912925703,267.2027915216996,27.7,0.1,139.2,425.5881290684983,416.4,406.4,215.3,69.4,18.2,2.9,121.1,300.4,0.2,0.5,0.2,177.7,0.1,1.8312623674774158,0.1,0.1,0.2,0.6,1.0,9.2,577.5,187.08187945977448,13.0,517.8,1.4,170.5,3.27774478634064,121.0,44.34066484922255,9.7,177.29494563927258,2.1,135.1,120.8,108.7,67.8,126.2,9.4,2.2,1.8,66.11222471577977,156.4,200.86239901982972,203.21236719638904,125.22649417900027,1.2,165.9,2.8,23.5,6.1,368.5,169.4,66.4,5.7,1.0,72.39710598661556,19.6,200.3,12.901643505893425,13.55800945237576,356.0,232.2,12.3,17.7,33.5,193.6,23.8,1.2,1.2,130.9,0.8,7.3,1.1,241.0,2.2,97.4,71.3,51.16694367251605,9.292786871301793,0.4289000048434737,2.7,58.6,90.0,0.6,128.0,7.6,72.9,85.1,66.40735788052474,9.4,0.45017043556842945,185.56414934907943,6.9,0.1,62.0,124.9,20.8,135.6,82.6,5.0,2.1814298189766563,44.10484622657893,107.2,4.6,127.8,62.8,49.4,12.6,287.7,37.7,153.1,93.0,11.6,0.1,0.6,126.5,53.4,12.1,41.7,8.847121780006086,0.7107395548567936,27.2,0.1,0.1,0.2,161.06048371738706,14.6,139.63198143429017,11.1,40.3
116,125.1,88.2,76.2,214.54090774823305,154.04240418805824,264.1,114.5,260.6,195.7,173.22941782889086,336.3928042878327,253.9,349.7,234.97745034886486,146.2,255.5,101.0,282.8,291.4,348.31090558787594,192.63681258952644,151.62222496144472,274.00069299356574,137.8,295.6573169702911,141.4,152.0,369.4,220.8,121.7,259.0,105.6,411.3,256.1,189.43873524357747,189.59180093872914,189.61447233477074,236.5,195.7,86.0,250.1,244.6,214.1,355.03864822190326,284.84351718133485,325.0,743.6800786027638,324.2,101.5,148.4,250.67100698220375,78.4,163.6,444.3004886985546,275.8,204.9,220.2680387484891,110.6,169.3,365.316230182632,128.5,138.22332113339053,282.6,86.9,25.8,605.2184001045159,202.83415804482746,291.7,174.4257443138604,315.5873240910066,286.38936852644076,1133.7,267.0,177.7,330.2,416.5,168.1,205.0,159.3685907732347,142.95315103446245,589.5,215.2,263.3883361870085,443.11956881281515,187.6,216.9,29.6,365.0,129.99991599899195,345.0,247.2,152.5,266.2504066346061,243.0,293.8,231.06266191402193,82.2514429448952,297.92999092608864,276.75891340574185,174.0826689490621,357.86049755819124,132.9,84.4,254.6,429.0,270.5,147.2,105.8,90.8,231.5,323.1,174.12607553109518,302.4,186.4,151.3,93.24773658881878,806.4,278.9,287.9253365073895,419.8,93.4,117.8,284.0,204.26544084800523,263.9057386198181,188.1,249.1,161.7,226.0,267.2,201.4,283.8,263.1,111.4,244.0586587079777,91.5,126.02106312293833,111.8,81.0,224.2,164.4,88.9,282.7,342.3,271.1,80.0,182.73933607184034,282.3,67.6,185.8275338025347,115.2,115.3,147.6,71.9,1.6,219.1628494680434,270.3232999387561,156.2,109.4,1.7677363807197435,122.6,221.11020674002222,252.4,65.5,27.7,156.8,132.8,63.1,56.93967347165187,42.9,94.92023586531292,102.3,405.4,172.8,134.0,84.18144688024309,68.3,108.4,155.2,0.8,108.6,248.0,59.5,173.4522683714465,8.848381559745643,120.7,725.4675105860462,83.3,47.89061397073124,7.5,126.48484662370336,340.7134792592554,295.97026290533745,27.7,0.1,139.2,406.51887479818566,416.4,406.4,215.3,69.4,18.2,2.9,121.1,300.4,0.2,0.5,0.2,177.7,0.1,1.2862391505187027,0.1,0.1,0.2,0.6,1.0,9.2,577.5,207.94607993559495,13.0,517.8,1.4,170.5,3.5272074688656967,121.0,35.80429392395389,9.7,176.26629398027904,2.1,135.1,120.8,108.7,67.8,126.2,9.4,2.2,1.8,52.96553016956751,156.4,204.43832250458019,291.6873896756593,144.56328414935672,1.2,165.9,2.8,23.5,6.1,368.5,169.4,66.4,5.7,1.0,67.15815718958964,19.6,200.3,17.89951205949223,13.16283713959865,356.0,232.2,12.3,17.7,33.5,193.6,23.8,1.2,1.2,130.9,0.8,7.3,1.1,241.0,2.2,97.4,71.3,49.79404590385444,8.253779454708013,0.49534029310924393,2.7,58.6,90.0,0.6,128.0,7.6,72.9,85.1,68.50942302478182,9.4,0.38349822870665695,148.0641564955374,6.9,0.1,62.0,124.9,20.8,135.6,82.6,5.0,2.1880353829425516,48.03651974215883,107.2,4.6,127.8,62.8,49.4,12.6,287.7,37.7,153.1,93.0,11.6,0.1,0.6,126.5,53.4,12.1,41.7,9.069083350083584,0.6074684887604528,27.2,0.1,0.1,0.2,150.30678872780663,14.6,171.5776504262816,11.1,40.3
117,125.1,88.2,76.2,200.10483011512503,152.3298947523092,264.1,114.5,260.6,195.7,232.47433313176694,442.38025231891174,253.9,349.7,288.87005381172946,146.2,255.5,101.0,282.8,291.4,360.58166840024217,220.4635575266754,169.91860114347764,323.1092935553971,137.8,311.44732444242925,141.4,152.0,369.4,220.8,121.7,259.0,105.6,411.3,256.1,133.08064692233586,255.56024950705583,171.9364138927558,236.5,195.7,86.0,250.1,244.6,214.1,291.45787537179183,256.86497063516737,325.0,880.2434013130334,324.2,101.5,148.4,241.35817753128728,78.4,163.6,509.16530164917936,275.8,204.9,190.17485187770382,110.6,169.3,335.31366839165537,128.5,173.77657837947137,282.6,86.9,25.8,608.1909948880912,256.1900554453613,291.7,159.88030812221166,254.08066912198336,260.2492616506347,1133.7,267.0,177.7,330.2,416.5,168.1,205.0,176.8766168859975,121.92638455296313,589.5,215.2,249.66549041252742,437.1585814778025,187.6,216.9,29.6,365.0,117.8680871183829,345.0,247.2,152.5,212.97089577943314,243.0,293.8,208.46159903002396,78.36811502956667,360.57203546817027,259.9569853345662,148.24717927558694,264.77564666557487,132.9,84.4,254.6,429.0,270.5,147.2,105.8,90.8,231.5,323.1,177.92912727630244,302.4,186.4,151.3,103.92545851487026,806.4,278.9,386.58890123255776,419.8,93.4,117.8,284.0,273.3421564148267,264.95874353747365,188.1,249.1,161.7,226.0,267.2,201.4,283.8,263.1,111.4,219.3037539987098,91.5,131.32338280043385,111.8,81.0,224.2,164.4,88.9,282.7,342.3,271.1,80.0,158.1330053358261,282.3,67.6,164.75000591974347,115.2,115.3,147.6,71.9,1.6,259.60868169019506,300.8185683181001,156.2,109.4,2.0044884367739804,122.6,287.0400882385163,252.4,65.5,27.7,156.8,132.8,63.1,54.08188305550655,42.9,76.84376259399181,102.3,405.4,172.8,134.0,81.1122545817285,68.3,108.4,155.2,0.8,108.6,248.0,59.5,168.7510878088144,9.086343910074058,120.7,593.859105306724,83.3,34.70858471853641,7.5,95.77115635325748,282.56315035872626,260.9694182034592,27.7,0.1,139.2,475.80143703410124,416.4,406.4,215.3,69.4,18.2,2.9,121.1,300.4,0.2,0.5,0.2,177.7,0.1,1.3652483552916879,0.1,0.1,0.2,0.6,1.0,9.2,577.5,199.76530809739353,13.0,517.8,1.4,170.5,2.839615305283789,121.0,40.22330881533382,9.7,175.682383743802,2.1,135.1,120.8,108.7,67.8,126.2,9.4,2.2,1.8,72.43598024089361,156.4,223.07326532027488,241.97875503365017,135.3529619701878,1.2,165.9,2.8,23.5,6.1,368.5,169.4,66.4,5.7,1.0,74.88035353189755,19.6,200.3,14.487339772171115,12.058237078407696,356.0,232.2,12.3,17.7,33.5,193.6,23.8,1.2,1.2,130.9,0.8,7.3,1.1,241.0,2.2,97.4,71.3,48.95679055443503,9.690753451147131,0.5317485483886022,2.7,58.6,90.0,0.6,128.0,7.6,72.9,85.1,63.07579453853313,9.4,0.36300531441184253,166.0936470552368,6.9,0.1,62.0,124.9,20.8,135.6,82.6,5.0,2.2861432413279466,43.53996436005671,107.2,4.6,127.8,62.8,49.4,12.6,287.7,37.7,153.1,93.0,11.6,0.1,0.6,126.5,53.4,12.1,41.7,8.82777662866975,0.6023310050154752,27.2,0.1,0.1,0.2,146.5711131768249,14.6,126.58876719772819,11.1,40.3
118,125.1,88.2,76.2,231.48849174439795,123.98405374016943,264.1,114.5,260.6,195.7,204.91171562333585,439.0825950731793,253.9,349.7,282.70957528917324,146.2,255.5,101.0,282.8,291.4,369.96247496365953,216.85799580506318,178.67474540172924,379.2309159450899,137.8,255.45919658687336,141.4,152.0,369.4,220.8,121.7,259.0,105.6,411.3,256.1,161.74802352337818,281.74921454644993,137.75624618489223,236.5,195.7,86.0,250.1,244.6,214.1,270.7208827576973,271.4539725655824,325.0,713.8628994368264,324.2,101.5,148.4,219.882680170023,78.4,163.6,475.3395208195319,275.8,204.9,181.96564768240597,110.6,169.3,424.4616774950955,128.5,137.48727480662782,282.6,86.9,25.8,522.8359134089039,234.17158153418902,291.7,209.2085833403194,304.99856231860815,210.33552621164117,1133.7,267.0,177.7,330.2,416.5,168.1,205.0,161.45539919514843,122.78312298343695,589.5,215.2,260.1459135829365,413.82341810220186,187.6,216.9,29.6,365.0,106.02450618709231,345.0,247.2,152.5,257.1671734921069,243.0,293.8,180.6180301426172,87.67362297444178,327.17028130436245,279.9198975427048,176.33177954452836,382.63028995753024,132.9,84.4,254.6,429.0,270.5,147.2,105.8,90.8,231.5,323.1,181.83897100991098,302.4,186.4,151.3,70.52383116635646,806.4,278.9,326.97228584037776,419.8,93.4,117.8,284.0,290.6077773315433,207.4004021301869,188.1,249.1,161.7,226.0,267.2,201.4,283.8,263.1,111.4,224.30523876038876,91.5,137.46656196986248,111.8,81.0,224.2,164.4,88.9,282.7,342.3,271.1,80.0,161.35824856640522,282.3,67.6,172.9256280947598,115.2,115.3,147.6,71.9,1.6,254.75875225357981,252.24976767762934,156.2,109.4,2.506731970287963,122.6,314.64979412519665,252.4,65.5,27.7,156.8,132.8,63.1,49.50273610429346,42.9,86.9925501626656,102.3,405.4,172.8,134.0,82.58645921790102,68.3,108.4,155.2,0.8,108.6,248.0,59.5,176.1854375845543,8.72307232054358,120.7,598.0251193227436,83.3,37.41594741980261,7.5,92.15171438015209,302.12012451120177,319.25933879615854,27.7,0.1,139.2,407.44274320423136,416.4,406.4,215.3,69.4,18.2,2.9,121.1,300.4,0.2,0.5,0.2,177.7,0.1,1.5195405517598313,0.1,0.1,0.2,0.6,1.0,9.2,577.5,190.54548951295413,13.0,517.8,1.4,170.5,2.995039148067989,121.0,44.623913064134705,9.7,184.95466852961798,2.1,135.1,120.8,108.7,67.8,126.2,9.4,2.2,1.8,61.524111836505995,156.4,178.54485995564087,209.04968279602116,134.4267447832156,1.2,165.9,2.8,23.5,6.1,368.5,169.4,66.4,5.7,1.0,65.49284972547065,19.6,200.3,16.315120066688905,10.966825165148096,356.0,232.2,12.3,17.7,33.5,193.6,23.8,1.2,1.2,130.9,0.8,7.3,1.1,241.0,2.2,97.4,71.3,46.693452871469844,9.69151710195528,0.490634743354714,2.7,58.6,90.0,0.6,128.0,7.6,72.9,85.1,72.03037487161146,9.4,0.3607086306990252,203.95164131422598,6.9,0.1,62.0,124.9,20.8,135.6,82.6,5.0,1.9253126947276638,35.71091555628479,107.2,4.6,127.8,62.8,49.4,12.6,287.7,37.7,153.1,93.0,11.6,0.1,0.6,126.5,53.4,12.1,41.7,8.913834316331407,0.5305396876862112,27.2,0.1,0.1,0.2,184.42465049993206,14.6,159.09550123652548,11.1,40.3
119,125.1,88.2,76.2,260.2783760054838,131.69854374295096,264.1,114.5,260.6,195.7,234.46752614921942,386.47753719286493,253.9,349.7,232.1008430474485,146.2,255.5,101.0,282.8,291.4,403.3735117774264,239.9565978976566,181.38401974692965,382.5746946012541,137.8,301.42849667689893,141.4,152.0,369.4,220.8,121.7,259.0,105.6,411.3,256.1,159.86290395765943,204.72640477991246,144.28285513138718,236.5,195.7,86.0,250.1,244.6,214.1,320.2218230328749,300.93014278891445,325.0,672.3202492184448,324.2,101.5,148.4,203.66717325395777,78.4,163.6,512.0813742922359,275.8,204.9,253.12597443326482,110.6,169.3,371.5976017035455,128.5,149.51649519447943,282.6,86.9,25.8,479.85634794296084,278.40049271031535,291.7,201.98602300810884,266.9805357722929,205.7943961857305,1133.7,267.0,177.7,330.2,416.5,168.1,205.0,197.47210588751614,148.7644457022325,589.5,215.2,241.18091977708067,484.3200310756837,187.6,216.9,29.6,365.0,93.25508591187703,345.0,247.2,152.5,241.43260799445,243.0,293.8,210.36420586285948,83.9314780336893,297.2287481723119,244.2279275613962,183.60279720030564,313.0493933675971,132.9,84.4,254.6,429.0,270.5,147.2,105.8,90.8,231.5,323.1,141.4235454695082,302.4,186.4,151.3,84.40339164128902,806.4,278.9,311.256208842711,419.8,93.4,117.8,284.0,253.86594544768226,246.07026779182235,188.1,249.1,161.7,226.0,267.2,201.4,283.8,263.1,111.4,167.01007559465003,91.5,121.3908514245636,111.8,81.0,224.2,164.4,88.9,282.7,342.3,271.1,80.0,151.18541102468546,282.3,67.6,157.85061742325723,115.2,115.3,147.6,71.9,1.6,225.578172485179,238.74677481217213,156.2,109.4,1.70255176430984,122.6,253.56480100906134,252.4,65.5,27.7,156.8,132.8,63.1,43.53163762661959,42.9,75.61788804029288,102.3,405.4,172.8,134.0,104.24868321752979,68.3,108.4,155.2,0.8,108.6,248.0,59.5,203.442067151595,7.776386718493737,120.7,648.6725219496795,83.3,38.96285631992177,7.5,117.29923841848688,370.6365887245701,246.06343876542937,27.7,0.1,139.2,468.6403191884107,416.4,406.4,215.3,69.4,18.2,2.9,121.1,300.4,0.2,0.5,0.2,177.7,0.1,1.7087644926683203,0.1,0.1,0.2,0.6,1.0,9.2,577.5,213.7427638971817,13.0,517.8,1.4,170.5,3.3227545357975514,121.0,35.85458951592239,9.7,176.52491434468755,2.1,135.1,120.8,108.7,67.8,126.2,9.4,2.2,1.8,70.78302519930783,156.4,168.2169694506827,201.575226724601,130.17850855353535,1.2,165.9,2.8,23.5,6.1,368.5,169.4,66.4,5.7,1.0,71.95468265031222,19.6,200.3,15.8952143553362,13.825677399040735,356.0,232.2,12.3,17.7,33.5,193.6,23.8,1.2,1.2,130.9,0.8,7.3,1.1,241.0,2.2,97.4,71.3,49.23575204136892,9.172372593633064,0.5123008938097624,2.7,58.6,90.0,0.6,128.0,7.6,72.9,85.1,74.60046311127931,9.4,0.3932275595092645,167.23781840520368,6.9,0.1,62.0,124.9,20.8,135.6,82.6,5.0,2.7332999951421626,32.09740965801895,107.2,4.6,127.8,62.8,49.4,12.6,287.7,37.7,153.1,93.0,11.6,0.1,0.6,126.5,53.4,12.1,41.7,8.022017658962163,0.542892098110545,27.2,0.1,0.1,0.2,143.4930841992395,14.6,162.20113909157237,11.1,40.3
120,125.1,88.2,76.2,219.64212203344934,148.3120734628511,264.1,114.5,260.6,195.7,186.5880415202969,445.70172014625985,253.9,349.7,324.2604752924026,146.2,255.5,101.0,282.8,291.4,489.05209234125937,176.20925703631298,170.7098483802469,264.5913393716832,137.8,302.15594812103495,141.4,152.0,369.4,220.8,121.7,259.0,105.6,411.3,256.1,132.26734122777572,237.05801198727352,138.85663534088837,236.5,195.7,86.0,250.1,244.6,214.1,252.0829811313913,256.8932046110773,325.0,748.488959480532,324.2,101.5,148.4,274.9642373675928,78.4,163.6,518.5620624264106,275.8,204.9,247.24489870340585,110.6,169.3,384.9632791132468,128.5,132.90550191521606,282.6,86.9,25.8,515.6616791403384,281.36487876142235,291.7,161.922037298606,315.6744308177163,223.72544466780508,1133.7,267.0,177.7,330.2,416.5,168.1,205.0,168.38035623421567,129.71476340142684,589.5,215.2,273.403954581379,438.2957411429536,187.6,216.9,29.6,365.0,124.9413033832153,345.0,247.2,152.5,278.20135782966406,243.0,293.8,240.15192279546562,85.87496586394673,299.4796405134682,191.62823911288254,193.04114941905686,315.4957619899263,132.9,84.4,254.6,429.0,270.5,147.2,105.8,90.8,231.5,323.1,136.75354437316022,302.4,186.4,151.3,93.55164063472832,806.4,278.9,280.65732866152956,419.8,93.4,117.8,284.0,290.313338523664,219.4744233367373,188.1,249.1,161.7,226.0,267.2,201.4,283.8,263.1,111.4,193.26747871837074,91.5,132.9522153649615,111.8,81.0,224.2,164.4,88.9,282.7,342.3,271.1,80.0,185.42565115476856,282.3,67.6,184.85947141138803,115.2,115.3,147.6,71.9,1.6,215.06698205496292,207.0866409505053,156.2,109.4,1.6921226683596728,122.6,267.7695335682669,252.4,65.5,27.7,156.8,132.8,63.1,56.66935998634536,42.9,79.32060899640713,102.3,405.4,172.8,134.0,78.57118634741289,68.3,108.4,155.2,0.8,108.6,248.0,59.5,195.2620774879194,6.655411473218768,120.7,597.3471469422836,83.3,44.227992674152404,7.5,98.0433135695221,363.6854499990096,326.15225772471786,27.7,0.1,139.2,408.9165718331529,416.4,406.4,215.3,69.4,18.2,2.9,121.1,300.4,0.2,0.5,0.2,177.7,0.1,1.3995906145076462,0.1,0.1,0.2,0.6,1.0,9.2,577.5,219.48166018938673,13.0,517.8,1.4,170.5,2.675736145097681,121.0,42.013282413885776,9.7,157.66803695254148,2.1,135.1,120.8,108.7,67.8,126.2,9.4,2.2,1.8,68.3468516860628,156.4,197.5995824666125,256.0551356200875,147.9541542095421,1.2,165.9,2.8,23.5,6.1,368.5,169.4,66.4,5.7,1.0,53.61470270699182,19.6,200.3,15.074105347188638,13.198011696272516,356.0,232.2,12.3,17.7,33.5,193.6,23.8,1.2,1.2,130.9,0.8,7.3,1.1,241.0,2.2,97.4,71.3,43.067417326021925,7.724745430378881,0.46176957465420926,2.7,58.6,90.0,0.6,128.0,7.6,72.9,85.1,75.8061802499853,9.4,0.3954142427538484,150.02504490757497,6.9,0.1,62.0,124.9,20.8,135.6,82.6,5.0,1.9902818442154881,40.207718862793676,107.2,4.6,127.8,62.8,49.4,12.6,287.7,37.7,153.1,93.0,11.6,0.1,0.6,126.5,53.4,12.1,41.7,7.999982765126946,0.5484453951824976,27.2,0.1,0.1,0.2,180.4639055196075,14.6,176.11702760257185,11.1,40.3
121,125.1,88.2,76.2,194.1190144681148,156.4559588104599,264.1,114.5,260.6,195.7,216.58893228014216,396.5578692784701,253.9,349.7,237.3513093931965,146.2,255.5,101.0,282.8,291.4,434.69239118094856,196.43301693143118,131.94533221013583,283.8080047155681,137.8,281.25017306339714,141.4,152.0,369.4,220.8,121.7,259.0,105.6,411.3,256.1,129.38071496123516,265.24171196722784,170.86463986110053,236.5,195.7,86.0,250.1,244.6,214.1,246.17497837374597,267.7668969694621,325.0,774.0637651155041,324.2,101.5,148.4,278.2177496571194,78.4,163.6,516.9213077894057,275.8,204.9,204.30680358991668,110.6,169.3,331.52411318041436,128.5,125.11872108836148,282.6,86.9,25.8,653.301567014595,218.839653572409,291.7,221.32676069580208,250.79168162982376,254.15605475360763,1133.7,267.0,177.7,330.2,416.5,168.1,205.0,178.4706806335651,118.42775173217836,589.5,215.2,279.82035418067636,421.9648082365449,187.6,216.9,29.6,365.0,94.99098621029063,345.0,247.2,152.5,284.11057675436194,243.0,293.8,209.9236702823499,102.72143050026955,411.9788840988396,201.15202627478507,189.13795501873943,343.0781901692382,132.9,84.4,254.6,429.0,270.5,147.2,105.8,90.8,231.5,323.1,149.63444112977143,302.4,186.4,151.3,83.94696941066829,806.4,278.9,302.46106863771087,419.8,93.4,117.8,284.0,220.3804372181298,231.77729057047424,188.1,249.1,161.7,226.0,267.2,201.4,283.8,263.1,111.4,222.7511666180777,91.5,135.18837723712642,111.8,81.0,224.2,164.4,88.9,282.7,342.3,271.1,80.0,163.0054347328196,282.3,67.6,171.16747158334408,115.2,115.3,147.6,71.9,1.6,211.48788427560868,213.90158253319734,156.2,109.4,2.347219006335535,122.6,279.33767129325724,252.4,65.5,27.7,156.8,132.8,63.1,54.960298131564784,42.9,97.98813655376713,102.3,405.4,172.8,134.0,78.24762775485783,68.3,108.4,155.2,0.8,108.6,248.0,59.5,220.2558490455661,7.890725995000608,120.7,629.3617884366774,83.3,41.6073571520907,7.5,95.38138887957074,303.59684406556727,307.43866966615667,27.7,0.1,139.2,370.8574738011137,416.4,406.4,215.3,69.4,18.2,2.9,121.1,300.4,0.2,0.5,0.2,177.7,0.1,1.8898618280937503,0.1,0.1,0.2,0.6,1.0,9.2,577.5,225.11816375731115,13.0,517.8,1.4,170.5,3.08409350389142,121.0,41.30676157684138,9.7,179.20099844983912,2.1,135.1,120.8,108.7,67.8,126.2,9.4,2.2,1.8,53.51352019020202,156.4,162.88691016361136,217.0163857842771,119.93377729007157,1.2,165.9,2.8,23.5,6.1,368.5,169.4,66.4,5.7,1.0,69.08854066957952,19.6,200.3,16.13846146959944,12.219169176315308,356.0,232.2,12.3,17.7,33.5,193.6,23.8,1.2,1.2,130.9,0.8,7.3,1.1,241.0,2.2,97.4,71.3,49.14662408633197,7.5737884023928,0.4084644506414644,2.7,58.6,90.0,0.6,128.0,7.6,72.9,85.1,61.1405999352768,9.4,0.4412790407169203,204.53684574279825,6.9,0.1,62.0,124.9,20.8,135.6,82.6,5.0,2.8114677243122883,41.381104824156864,107.2,4.6,127.8,62.8,49.4,12.6,287.7,37.7,153.1,93.0,11.6,0.1,0.6,126.5,53.4,12.1,41.7,7.031731536096119,0.504168813546576,27.2,0.1,0.1,0.2,161.59056792527048,14.6,147.2104984029808,11.1,40.3
122,125.1,88.2,76.2,250.97086874074117,144.98925520693732,264.1,114.5,260.6,195.7,208.72363874202,421.2819963360445,253.9,349.7,247.73911644560368,146.2,255.5,101.0,282.8,291.4,369.9340887617,207.95040765419222,166.12280537921157,292.04072626503,137.8,312.5454743394342,141.4,152.0,369.4,220.8,121.7,259.0,105.6,411.3,256.1,130.68444431208255,212.69750784511947,173.8808005144782,236.5,195.7,86.0,250.1,244.6,214.1,258.8287826635701,267.07038864729515,325.0,758.58612045426,324.2,101.5,148.4,192.5902001829257,78.4,163.6,414.1172506640369,275.8,204.9,225.53481761205506,110.6,169.3,406.6033026325829,128.5,131.95319938367976,282.6,86.9,25.8,544.3969902921907,208.39919228106785,291.7,188.23659903417396,332.7160285644682,205.52813183350437,1133.7,267.0,177.7,330.2,416.5,168.1,205.0,166.2475345120948,142.41469981633628,589.5,215.2,238.87897550789802,527.4312525610974,187.6,216.9,29.6,365.0,135.173318661614,345.0,247.2,152.5,292.93187748271225,243.0,293.8,243.42429890178897,83.86582745152286,374.84542683342073,191.04451673366285,156.21201501659345,318.8297371184869,132.9,84.4,254.6,429.0,270.5,147.2,105.8,90.8,231.5,323.1,134.85469941288787,302.4,186.4,151.3,76.9183342915509,806.4,278.9,358.08103746129507,419.8,93.4,117.8,284.0,270.75272577203503,257.8542942008344,188.1,249.1,161.7,226.0,267.2,201.4,283.8,263.1,111.4,200.95068459695418,91.5,127.40609587063103,111.8,81.0,224.2,164.4,88.9,282.7,342.3,271.1,80.0,140.4075363963512,282.3,67.6,170.12971155197937,115.2,115.3,147.6,71.9,1.6,249.08653630672438,277.25237512985655,156.2,109.4,2.185894944994331,122.6,285.20390320150386,252.4,65.5,27.7,156.8,132.8,63.1,54.69177341904443,42.9,91.86499423723427,102.3,405.4,172.8,134.0,82.07191406637303,68.3,108.4,155.2,0.8,108.6,248.0,59.5,173.89665384467725,7.55395634573702,120.7,741.6439551747853,83.3,39.81213643747941,7.5,107.92297674230154,318.98642525270134,321.7409954853262,27.7,0.1,139.2,341.6510897921873,416.4,406.4,215.3,69.4,18.2,2.9,121.1,300.4,0.2,0.5,0.2,177.7,0.1,1.7140393152148286,0.1,0.1,0.2,0.6,1.0,9.2,577.5,251.6925629720469,13.0,517.8,1.4,170.5,3.1028917428274134,121.0,33.060749975033296,9.7,174.6715445488338,2.1,135.1,120.8,108.7,67.8,126.2,9.4,2.2,1.8,52.78431361328041,156.4,209.3025811105261,272.97293116879894,125.01155021778345,1.2,165.9,2.8,23.5,6.1,368.5,169.4,66.4,5.7,1.0,68.95222207569637,19.6,200.3,16.406284214347906,11.146891473197117,356.0,232.2,12.3,17.7,33.5,193.6,23.8,1.2,1.2,130.9,0.8,7.3,1.1,241.0,2.2,97.4,71.3,54.02767787194229,7.169452414080681,0.520800466373778,2.7,58.6,90.0,0.6,128.0,7.6,72.9,85.1,74.55072180682433,9.4,0.4546373486754405,144.95429908101192,6.9,0.1,62.0,124.9,20.8,135.6,82.6,5.0,2.5646734247799516,35.06801534476586,107.2,4.6,127.8,62.8,49.4,12.6,287.7,37.7,153.1,93.0,11.6,0.1,0.6,126.5,53.4,12.1,41.7,9.5914642972514,0.5754351253238834,27.2,0.1,0.1,0.2,129.7840143487643,14.6,161.7703705628302,11.1,40.3
123,125.1,88.2,76.2,261.02830736311444,162.52335729220036,264.1,114.5,260.6,195.7,224.50170019848335,310.93209857028216,253.9,349.7,305.8522433035412,146.2,255.5,101.0,282.8,291.4,470.82323348938246,198.80152020177837,131.5025019518138,315.62164428437364,137.8,227.17568400339087,141.4,152.0,369.4,220.8,121.7,259.0,105.6,411.3,256.1,173.49155337996442,256.486165017807,167.49294832099213,236.5,195.7,86.0,250.1,244.6,214.1,252.28170063075015,288.319453522099,325.0,916.2393617330122,324.2,101.5,148.4,277.67653834090675,78.4,163.6,440.2486195563723,275.8,204.9,256.45693370771016,110.6,169.3,403.3024727401455,128.5,129.0301932803767,282.6,86.9,25.8,562.2165086914858,259.8887036370021,291.7,194.03459541696722,315.6535067075996,231.64779662061255,1133.7,267.0,177.7,330.2,416.5,168.1,205.0,205.5325948510881,128.3848144363023,589.5,215.2,234.39438286959435,418.40312408511846,187.6,216.9,29.6,365.0,92.77996441996993,345.0,247.2,152.5,260.38064642749526,243.0,293.8,227.57135456797062,78.12274769515817,404.8043810790809,276.6194297512544,148.12654586362797,283.61300329686674,132.9,84.4,254.6,429.0,270.5,147.2,105.8,90.8,231.5,323.1,148.91512565513494,302.4,186.4,151.3,80.7390526068136,806.4,278.9,269.9300248352655,419.8,93.4,117.8,284.0,248.26755248025688,225.29390187232462,188.1,249.1,161.7,226.0,267.2,201.4,283.8,263.1,111.4,218.76601030173777,91.5,129.27362488567653,111.8,81.0,224.2,164.4,88.9,282.7,342.3,271.1,80.0,151.85566584788694,282.3,67.6,210.51004523832233,115.2,115.3,147.6,71.9,1.6,262.7962458735438,282.37652135720566,156.2,109.4,2.248283351121011,122.6,263.9467125097879,252.4,65.5,27.7,156.8,132.8,63.1,47.998784268577516,42.9,92.21141859835564,102.3,405.4,172.8,134.0,113.21327328701385,68.3,108.4,155.2,0.8,108.6,248.0,59.5,217.36573870924533,7.614138102035579,120.7,815.3891185415512,83.3,46.925972676257565,7.5,107.63542773147756,364.19550092107033,289.0748220497307,27.7,0.1,139.2,349.8944696158792,416.4,406.4,215.3,69.4,18.2,2.9,121.1,300.4,0.2,0.5,0.2,177.7,0.1,1.8970987448294738,0.1,0.1,0.2,0.6,1.0,9.2,577.5,188.14497972620745,13.0,517.8,1.4,170.5,2.819133298628942,121.0,37.67445459924844,9.7,138.45421987137107,2.1,135.1,120.8,108.7,67.8,126.2,9.4,2.2,1.8,63.018754319208824,156.4,185.62289298894137,224.82636341548516,140.06784255965965,1.2,165.9,2.8,23.5,6.1,368.5,169.4,66.4,5.7,1.0,62.25595559379848,19.6,200.3,15.3077004428733,10.644026973252664,356.0,232.2,12.3,17.7,33.5,193.6,23.8,1.2,1.2,130.9,0.8,7.3,1.1,241.0,2.2,97.4,71.3,47.5239744587979,7.299513234577431,0.5090135128754212,2.7,58.6,90.0,0.6,128.0,7.6,72.9,85.1,54.491511038560496,9.4,0.40906063106801976,203.86695640279186,6.9,0.1,62.0,124.9,20.8,135.6,82.6,5.0,2.5131095850341048,39.40783958907028,107.2,4.6,127.8,62.8,49.4,12.6,287.7,37.7,153.1,93.0,11.6,0.1,0.6,126.5,53.4,12.1,41.7,9.278182932481576,0.5160549301270936,27.2,0.1,0.1,0.2,172.47623106978892,14.6,136.4511715104765,11.1,40.3
124,125.1,88.2,76.2,250.40737021393932,168.8518097998375,264.1,114.5,260.6,195.7,205.62169443494523,410.75285881078497,253.9,349.7,223.84040398826076,146.2,255.5,101.0,282.8,291.4,449.14058744990047,235.68382759568215,144.70321348385968,279.8494635033985,137.8,228.90777566577418,141.4,152.0,369.4,220.8,121.7,259.0,105.6,411.3,256.1,158.83742061085732,200.0422567404077,173.85191747720097,236.5,195.7,86.0,250.1,244.6,214.1,310.0332652802789,291.19116782345606,325.0,705.7746478120226,324.2,101.5,148.4,226.61055175835003,78.4,163.6,361.8223771799124,275.8,204.9,257.0882582397855,110.6,169.3,374.2529567982399,128.5,121.25416629960351,282.6,86.9,25.8,580.3286268244148,277.6022241204003,291.7,169.46063364677926,277.2712675557484,288.834162387267,1133.7,267.0,177.7,330.2,416.5,168.1,205.0,218.2536218469233,138.66138972445378,589.5,215.2,193.08256878714,515.9107583206123,187.6,216.9,29.6,365.0,107.04831208934942,345.0,247.2,152.5,280.36568480410443,243.0,293.8,164.04474398531605,103.09586596532063,422.99296841951036,216.15390683664657,203.8452714805245,371.23601642363656,132.9,84.4,254.6,429.0,270.5,147.2,105.8,90.8,231.5,323.1,166.944177011739,302.4,186.4,151.3,76.07059498342618,806.4,278.9,354.16713605808286,419.8,93.4,117.8,284.0,298.0604522825451,221.73634440280148,188.1,249.1,161.7,226.0,267.2,201.4,283.8,263.1,111.4,235.520291559557,91.5,105.80962847284725,111.8,81.0,224.2,164.4,88.9,282.7,342.3,271.1,80.0,158.1948252089109,282.3,67.6,178.7034659635759,115.2,115.3,147.6,71.9,1.6,248.05289802978504,228.54124725935336,156.2,109.4,2.159068222322713,122.6,304.5300986283873,252.4,65.5,27.7,156.8,132.8,63.1,42.31038957503534,42.9,95.86922556737056,102.3,405.4,172.8,134.0,109.80592613106018,68.3,108.4,155.2,0.8,108.6,248.0,59.5,209.66226187475982,9.789524058261645,120.7,648.7863612219512,83.3,50.98887077823218,7.5,103.18398656880784,335.01267050536626,270.0851332040669,27.7,0.1,139.2,468.6677302414554,416.4,406.4,215.3,69.4,18.2,2.9,121.1,300.4,0.2,0.5,0.2,177.7,0.1,1.768695514903814,0.1,0.1,0.2,0.6,1.0,9.2,577.5,262.1073596915797,13.0,517.8,1.4,170.5,3.7019174398093053,121.0,40.50872566885013,9.7,141.97198336683866,2.1,135.1,120.8,108.7,67.8,126.2,9.4,2.2,1.8,55.29936519650329,156.4,229.7962914834401,241.29229425174742,103.6672550209692,1.2,165.9,2.8,23.5,6.1,368.5,169.4,66.4,5.7,1.0,69.36415895958808,19.6,200.3,14.552812132020472,15.216067114074436,356.0,232.2,12.3,17.7,33.5,193.6,23.8,1.2,1.2,130.9,0.8,7.3,1.1,241.0,2.2,97.4,71.3,47.79891719483131,8.45233711052657,0.4530337005452336,2.7,58.6,90.0,0.6,128.0,7.6,72.9,85.1,75.14174808980283,9.4,0.4367275161151395,184.99388672574196,6.9,0.1,62.0,124.9,20.8,135.6,82.6,5.0,2.70885297709263,35.94368052315442,107.2,4.6,127.8,62.8,49.4,12.6,287.7,37.7,153.1,93.0,11.6,0.1,0.6,126.5,53.4,12.1,41.7,6.854142197452086,0.6017730030163917,27.2,0.1,0.1,0.2,178.31912924140084,14.6,165.3900165157775,11.1,40.3
125,125.1,88.2,76.2,215.36061884896668,142.45637994476016,264.1,114.5,260.6,195.7,169.53121868642597,415.60425110617444,253.9,349.7,311.64941605546187,146.2,255.5,101.0,282.8,291.4,417.2633771774754,243.6267943808315,149.25296750138597,284.62361035678356,137.8,236.78781937457933,141.4,152.0,369.4,220.8,121.7,259.0,105.6,411.3,256.1,153.9000527418289,269.8933797435178,130.9067971801757,236.5,195.7,86.0,250.1,244.6,214.1,258.32469264526907,272.59404732754365,325.0,720.5665364609516,324.2,101.5,148.4,278.0414670167313,78.4,163.6,427.13003993268205,275.8,204.9,209.8109903827364,110.6,169.3,333.6930784211449,128.5,135.51165779313382,282.6,86.9,25.8,624.494170511422,283.5429466397612,291.7,182.39123577927484,334.2938620222151,280.3807913191221,1133.7,267.0,177.7,330.2,416.5,168.1,205.0,228.69877349289294,110.742007514025,589.5,215.2,226.70849218867465,489.49793899582863,187.6,216.9,29.6,365.0,118.04221859042002,345.0,247.2,152.5,286.32877696956564,243.0,293.8,234.03117963636882,78.67456412117367,341.6996134822601,197.38336876833756,164.1304727805435,366.6186331030378,132.9,84.4,254.6,429.0,270.5,147.2,105.8,90.8,231.5,323.1,144.87709152359736,302.4,186.4,151.3,97.8636472019871,806.4,278.9,386.44561848089734,419.8,93.4,117.8,284.0,272.30512486170704,250.57655132898654,188.1,249.1,161.7,226.0,267.2,201.4,283.8,263.1,111.4,232.40009590794756,91.5,118.2513329121094,111.8,81.0,224.2,164.4,88.9,282.7,342.3,271.1,80.0,165.21179700285165,282.3,67.6,173.8351837548447,115.2,115.3,147.6,71.9,1.6,255.7961938543147,207.70809604313013,156.2,109.4,2.4319989072075447,122.6,308.54691808449655,252.4,65.5,27.7,156.8,132.8,63.1,43.18152146522557,42.9,68.71724623631694,102.3,405.4,172.8,134.0,109.5593896820379,68.3,108.4,155.2,0.8,108.6,248.0,59.5,244.34288207224208,9.14162115017339,120.7,768.955588474571,83.3,47.14027865403112,7.5,110.60822991143232,319.9521040157157,261.0816514356475,27.7,0.1,139.2,349.34442637869984,416.4,406.4,215.3,69.4,18.2,2.9,121.1,300.4,0.2,0.5,0.2,177.7,0.1,1.6602477183058146,0.1,0.1,0.2,0.6,1.0,9.2,577.5,201.7149299647954,13.0,517.8,1.4,170.5,2.7734964204941877,121.0,40.68068627644844,9.7,174.3648179313059,2.1,135.1,120.8,108.7,67.8,126.2,9.4,2.2,1.8,66.5678429725242,156.4,184.29431025808375,276.8371156254665,130.41419547814962,1.2,165.9,2.8,23.5,6.1,368.5,169.4,66.4,5.7,1.0,73.01585871774891,19.6,200.3,17.579746508617035,13.516144660654362,356.0,232.2,12.3,17.7,33.5,193.6,23.8,1.2,1.2,130.9,0.8,7.3,1.1,241.0,2.2,97.4,71.3,42.03454306362778,9.82755892356243,0.5880655250478368,2.7,58.6,90.0,0.6,128.0,7.6,72.9,85.1,68.13386857203173,9.4,0.407936559387018,174.3829890846001,6.9,0.1,62.0,124.9,20.8,135.6,82.6,5.0,2.3798858092475124,33.77867449408113,107.2,4.6,127.8,62.8,49.4,12.6,287.7,37.7,153.1,93.0,11.6,0.1,0.6,126.5,53.4,12.1,41.7,7.913365705020472,0.5428134208555625,27.2,0.1,0.1,0.2,168.3420184209562,14.6,152.25608216905798,11.1,40.3
126,125.1,88.2,76.2,221.66260266888528,151.39078144372067,264.1,114.5,260.6,195.7,169.5622125177189,377.3658215706169,253.9,349.7,244.53147208161613,146.2,255.5,101.0,282.8,291.4,343.8144449705703,232.95496792638932,168.73182384938906,304.3564645430367,137.8,314.84362406884173,141.4,152.0,369.4,220.8,121.7,259.0,105.6,411.3,256.1,180.88310637470818,205.8481905992741,194.50448673956126,236.5,195.7,86.0,250.1,244.6,214.1,251.561123083402,364.37838236378855,325.0,737.2161034896902,324.2,101.5,148.4,270.7840962920635,78.4,163.6,529.1057249071686,275.8,204.9,209.96280056880525,110.6,169.3,353.9976255853978,128.5,130.4028623494498,282.6,86.9,25.8,677.4768160246027,239.36187671136787,291.7,199.484035989058,278.0496730424124,208.34879883750932,1133.7,267.0,177.7,330.2,416.5,168.1,205.0,228.61326542198185,136.05454260768593,589.5,215.2,212.74794230932102,375.4976160197412,187.6,216.9,29.6,365.0,119.97593406267791,345.0,247.2,152.5,285.8352699891363,243.0,293.8,220.7101762777324,83.49564368723355,419.9100878647432,204.64976677050592,183.99185529959186,374.6045456113583,132.9,84.4,254.6,429.0,270.5,147.2,105.8,90.8,231.5,323.1,148.53026942357627,302.4,186.4,151.3,103.17456912398671,806.4,278.9,395.8264315810443,419.8,93.4,117.8,284.0,200.62365074862245,264.17325342709955,188.1,249.1,161.7,226.0,267.2,201.4,283.8,263.1,111.4,200.74475862593792,91.5,101.40080320392732,111.8,81.0,224.2,164.4,88.9,282.7,342.3,271.1,80.0,142.23404949536567,282.3,67.6,177.51236938108082,115.2,115.3,147.6,71.9,1.6,253.71850847743022,229.56240460864524,156.2,109.4,2.129669521821809,122.6,249.80257018500234,252.4,65.5,27.7,156.8,132.8,63.1,49.935422618778496,42.9,69.16399255390613,102.3,405.4,172.8,134.0,91.49447959707467,68.3,108.4,155.2,0.8,108.6,248.0,59.5,236.68499265074288,7.415697384607769,120.7,851.8177685910537,83.3,39.42210281908008,7.5,125.02095401333331,302.526614685886,321.7920011438514,27.7,0.1,139.2,429.11470162110646,416.4,406.4,215.3,69.4,18.2,2.9,121.1,300.4,0.2,0.5,0.2,177.7,0.1,1.8107792880492328,0.1,0.1,0.2,0.6,1.0,9.2,577.5,186.1812437810957,13.0,517.8,1.4,170.5,2.5219607069561047,121.0,39.23553656793802,9.7,159.57373995332625,2.1,135.1,120.8,108.7,67.8,126.2,9.4,2.2,1.8,71.69749281861647,156.4,169.33419892448939,225.93830251201,148.3591273255561,1.2,165.9,2.8,23.5,6.1,368.5,169.4,66.4,5.7,1.0,59.29278993638111,19.6,200.3,14.128301295797055,10.852004251933469,356.0,232.2,12.3,17.7,33.5,193.6,23.8,1.2,1.2,130.9,0.8,7.3,1.1,241.0,2.2,97.4,71.3,41.97677316551774,7.954561130856915,0.5036395003414849,2.7,58.6,90.0,0.6,128.0,7.6,72.9,85.1,60.17837634107046,9.4,0.4170885127595102,148.79713798164147,6.9,0.1,62.0,124.9,20.8,135.6,82.6,5.0,1.9284358484206583,37.14543712509049,107.2,4.6,127.8,62.8,49.4,12.6,287.7,37.7,153.1,93.0,11.6,0.1,0.6,126.5,53.4,12.1,41.7,8.82319823190144,0.632229194070421,27.2,0.1,0.1,0.2,178.7234783456321,14.6,146.15616555908898,11.1,40.3
127,125.1,88.2,76.2,213.93465239013665,168.41645823011928,264.1,114.5,260.6,195.7,168.1611985099575,390.00526784020974,253.9,349.7,314.4203432379666,146.2,255.5,101.0,282.8,291.4,352.70201493660863,234.14148051510296,143.59261333369102,287.80102163093824,137.8,249.12238115625107,141.4,152.0,369.4,220.8,121.7,259.0,105.6,411.3,256.1,176.75621287937054,226.167207183753,135.09328865512418,236.5,195.7,86.0,250.1,244.6,214.1,236.8120676121264,276.75424367797206,325.0,661.106782294048,324.2,101.5,148.4,267.022377333644,78.4,163.6,496.23710983753347,275.8,204.9,249.27438530773009,110.6,169.3,416.6769959555718,128.5,130.24963001007382,282.6,86.9,25.8,512.1175990810727,284.1609179177218,291.7,178.41925268992225,337.0247537573316,232.7665933137614,1133.7,267.0,177.7,330.2,416.5,168.1,205.0,164.98331943309586,153.86060687352025,589.5,215.2,224.80225912939022,409.1781633190112,187.6,216.9,29.6,365.0,123.50589665037631,345.0,247.2,152.5,260.07646615918077,243.0,293.8,193.48472586403085,101.02903915570288,335.7239941950136,251.20812682706713,166.06109231493156,324.3273658567186,132.9,84.4,254.6,429.0,270.5,147.2,105.8,90.8,231.5,323.1,176.5344034255696,302.4,186.4,151.3,101.66855270743022,806.4,278.9,388.51936192174463,419.8,93.4,117.8,284.0,242.51481500775608,245.02344574821007,188.1,249.1,161.7,226.0,267.2,201.4,283.8,263.1,111.4,229.51907341812938,91.5,102.34296258048535,111.8,81.0,224.2,164.4,88.9,282.7,342.3,271.1,80.0,134.77090180633326,282.3,67.6,212.34757351433092,115.2,115.3,147.6,71.9,1.6,215.22310207808906,291.96278616565564,156.2,109.4,1.9949518282788101,122.6,228.697600229684,252.4,65.5,27.7,156.8,132.8,63.1,58.55310951777026,42.9,87.04638295662085,102.3,405.4,172.8,134.0,99.48630525035948,68.3,108.4,155.2,0.8,108.6,248.0,59.5,176.16194300420827,8.276464825551429,120.7,668.1098386600255,83.3,47.61512991094265,7.5,122.15253901551759,316.7417368565501,343.3718782379963,27.7,0.1,139.2,397.79056640948,416.4,406.4,215.3,69.4,18.2,2.9,121.1,300.4,0.2,0.5,0.2,177.7,0.1,1.3808015136556686,0.1,0.1,0.2,0.6,1.0,9.2,577.5,195.83071803510862,13.0,517.8,1.4,170.5,3.2877918653661,121.0,31.679717236433618,9.7,162.45062833115463,2.1,135.1,120.8,108.7,67.8,126.2,9.4,2.2,1.8,72.43928632882518,156.4,186.33920459296235,261.0301068890037,101.07089109765148,1.2,165.9,2.8,23.5,6.1,368.5,169.4,66.4,5.7,1.0,51.99954612617925,19.6,200.3,16.754854689937062,13.069989772701824,356.0,232.2,12.3,17.7,33.5,193.6,23.8,1.2,1.2,130.9,0.8,7.3,1.1,241.0,2.2,97.4,71.3,38.89421698074279,8.500437817536152,0.5372570550030992,2.7,58.6,90.0,0.6,128.0,7.6,72.9,85.1,62.186540605823,9.4,0.38639520262017035,168.66667920737834,6.9,0.1,62.0,124.9,20.8,135.6,82.6,5.0,2.398211072257447,38.08072243945543,107.2,4.6,127.8,62.8,49.4,12.6,287.7,37.7,153.1,93.0,11.6,0.1,0.6,126.5,53.4,12.1,41.7,6.968753849271852,0.606736421352841,27.2,0.1,0.1,0.2,129.26227729664697,14.6,163.08476029599592,11.1,40.3
128,125.1,88.2,76.2,189.16113430772253,173.62112173547047,264.1,114.5,260.6,195.7,178.97111753801394,448.2005574859671,253.9,349.7,263.14235797496247,146.2,255.5,101.0,282.8,291.4,438.90792516844255,231.85628482862552,150.84516715353158,326.06160732943874,137.8,308.78860275136606,141.4,152.0,369.4,220.8,121.7,259.0,105.6,411.3,256.1,143.09782561529033,255.809019576366,171.71288096503875,236.5,195.7,86.0,250.1,244.6,214.1,237.58183101348098,261.293518808625,325.0,928.4571647906148,324.2,101.5,148.4,282.6432515639014,78.4,163.6,366.89836069064734,275.8,204.9,230.87704181466808,110.6,169.3,432.89376013406195,128.5,124.29305724585852,282.6,86.9,25.8,534.1801572706539,200.6589978109401,291.7,221.51969630114343,266.32622370335235,224.70572108416354,1133.7,267.0,177.7,330.2,416.5,168.1,205.0,205.18470777964052,118.57464545624252,589.5,215.2,197.16717345944016,551.6928266572193,187.6,216.9,29.6,365.0,95.28938797005154,345.0,247.2,152.5,297.3717344879112,243.0,293.8,220.77494620795676,102.0580695200391,336.3399763441111,276.673114637342,209.90980062622282,312.17625356153474,132.9,84.4,254.6,429.0,270.5,147.2,105.8,90.8,231.5,323.1,150.10885884936502,302.4,186.4,151.3,84.58931457834926,806.4,278.9,371.23553040436286,419.8,93.4,117.8,284.0,257.6351847024411,248.68800585133292,188.1,249.1,161.7,226.0,267.2,201.4,283.8,263.1,111.4,194.80336235578812,91.5,105.96620416905198,111.8,81.0,224.2,164.4,88.9,282.7,342.3,271.1,80.0,130.8405064712802,282.3,67.6,197.68402635845894,115.2,115.3,147.6,71.9,1.6,209.1640668059262,228.9605923942878,156.2,109.4,2.244248858937624,122.6,257.9465283408506,252.4,65.5,27.7,156.8,132.8,63.1,47.46932351299827,42.9,66.89638794266138,102.3,405.4,172.8,134.0,109.4814010703409,68.3,108.4,155.2,0.8,108.6,248.0,59.5,192.1055033464272,8.018197995522026,120.7,662.2445790663664,83.3,39.38945020560447,7.5,114.1454699629134,335.20867647337013,349.21489975683534,27.7,0.1,139.2,411.1057789210146,416.4,406.4,215.3,69.4,18.2,2.9,121.1,300.4,0.2,0.5,0.2,177.7,0.1,1.728466420167304,0.1,0.1,0.2,0.6,1.0,9.2,577.5,259.04399811230576,13.0,517.8,1.4,170.5,2.5468583668802216,121.0,37.03757322013416,9.7,151.92545652942442,2.1,135.1,120.8,108.7,67.8,126.2,9.4,2.2,1.8,53.27999326652458,156.4,214.51375220027367,248.64371327560988,102.95488062444936,1.2,165.9,2.8,23.5,6.1,368.5,169.4,66.4,5.7,1.0,66.38842961046397,19.6,200.3,13.580399015542405,12.961067841036183,356.0,232.2,12.3,17.7,33.5,193.6,23.8,1.2,1.2,130.9,0.8,7.3,1.1,241.0,2.2,97.4,71.3,40.04409793913097,7.427569699741255,0.48339987214964025,2.7,58.6,90.0,0.6,128.0,7.6,72.9,85.1,74.0154173944213,9.4,0.39013820077899075,199.6314512229138,6.9,0.1,62.0,124.9,20.8,135.6,82.6,5.0,2.2359860668461367,33.211692565265814,107.2,4.6,127.8,62.8,49.4,12.6,287.7,37.7,153.1,93.0,11.6,0.1,0.6,126.5,53.4,12.1,41.7,8.51869931912354,0.6253348468201013,27.2,0.1,0.1,0.2,159.19680937957392,14.6,124.84701244881222,11.1,40.3
129,125.1,88.2,76.2,255.46094391070486,179.9034882168107,264.1,114.5,260.6,195.7,200.8548358232115,432.52025551845384,253.9,349.7,298.9973431378819,146.2,255.5,101.0,282.8,291.4,336.7423232678764,238.08599339774497,181.38115622386982,279.59055327822944,137.8,240.32939918666563,141.4,152.0,369.4,220.8,121.7,259.0,105.6,411.3,256.1,153.82272226157016,241.28841640244718,161.85288091633396,236.5,195.7,86.0,250.1,244.6,214.1,310.281696688041,363.41263444570626,325.0,662.1459367311828,324.2,101.5,148.4,221.34848916546002,78.4,163.6,508.0591832907552,275.8,204.9,181.36470444589364,110.6,169.3,388.0948111667616,128.5,140.64401704461795,282.6,86.9,25.8,524.2740622229159,281.43962798257655,291.7,211.6706365263075,265.52429520894407,259.2096336702499,1133.7,267.0,177.7,330.2,416.5,168.1,205.0,194.95335883405335,141.10487644501592,589.5,215.2,221.65331269403427,481.4397844476245,187.6,216.9,29.6,365.0,125.7116343485208,345.0,247.2,152.5,219.17436413776875,243.0,293.8,213.35580659485888,98.8404244067052,434.221257456995,205.07783928439224,195.49002651143445,380.3800126068335,132.9,84.4,254.6,429.0,270.5,147.2,105.8,90.8,231.5,323.1,135.37336233286808,302.4,186.4,151.3,83.26103451634165,806.4,278.9,389.21423309251253,419.8,93.4,117.8,284.0,216.98396255812779,212.17740782810924,188.1,249.1,161.7,226.0,267.2,201.4,283.8,263.1,111.4,196.75587173251085,91.5,148.30094654402492,111.8,81.0,224.2,164.4,88.9,282.7,342.3,271.1,80.0,137.70088122257496,282.3,67.6,185.7131695505509,115.2,115.3,147.6,71.9,1.6,240.887858187625,308.6007557671682,156.2,109.4,1.8215305448791548,122.6,261.83909269254235,252.4,65.5,27.7,156.8,132.8,63.1,50.58265650502615,42.9,98.51007190854207,102.3,405.4,172.8,134.0,96.36622980993374,68.3,108.4,155.2,0.8,108.6,248.0,59.5,166.1704211384594,9.139745710614106,120.7,731.2621105973967,83.3,38.57064430473103,7.5,88.37730842111,378.15346342848363,309.1504657961187,27.7,0.1,139.2,393.08078558318306,416.4,406.4,215.3,69.4,18.2,2.9,121.1,300.4,0.2,0.5,0.2,177.7,0.1,1.8589482377808022,0.1,0.1,0.2,0.6,1.0,9.2,577.5,211.6820269354948,13.0,517.8,1.4,170.5,2.831385922910947,121.0,36.78167177328076,9.7,160.58677311340858,2.1,135.1,120.8,108.7,67.8,126.2,9.4,2.2,1.8,59.64332187349551,156.4,193.19739657072103,198.07739623127944,141.60483916994446,1.2,165.9,2.8,23.5,6.1,368.5,169.4,66.4,5.7,1.0,64.11920952133315,19.6,200.3,12.060623823497172,15.248304610427489,356.0,232.2,12.3,17.7,33.5,193.6,23.8,1.2,1.2,130.9,0.8,7.3,1.1,241.0,2.2,97.4,71.3,39.50265590134476,7.377608921940883,0.5689045386263445,2.7,58.6,90.0,0.6,128.0,7.6,72.9,85.1,70.37772285164392,9.4,0.39308348857174313,172.8565591789952,6.9,0.1,62.0,124.9,20.8,135.6,82.6,5.0,2.0236424535779616,43.846231766094,107.2,4.6,127.8,62.8,49.4,12.6,287.7,37.7,153.1,93.0,11.6,0.1,0.6,126.5,53.4,12.1,41.7,8.485997566992184,0.585443182696339,27.2,0.1,0.1,0.2,179.0186322808473,14.6,165.2502523325093,11.1,40.3
130,125.1,88.2,76.2,242.8174233497191,145.66241833105107,264.1,114.5,260.6,195.7,221.29374473429726,349.7120640436449,253.9,349.7,319.36548150574254,146.2,255.5,101.0,282.8,291.4,377.1877319449868,207.97646168287912,140.642354306,303.0475120061398,137.8,306.89909236634645,141.4,152.0,369.4,220.8,121.7,259.0,105.6,411.3,256.1,129.97900874120776,268.5004220972136,181.88563461754035,236.5,195.7,86.0,250.1,244.6,214.1,326.3768155850836,352.75012081538995,325.0,946.2917513184814,324.2,101.5,148.4,205.22277708837862,78.4,163.6,506.81717414747436,275.8,204.9,219.89948536537747,110.6,169.3,337.4643927203359,128.5,144.93309987189105,282.6,86.9,25.8,549.397928285551,247.0738715283862,291.7,208.07966344791623,262.681797163929,292.69797471697575,1133.7,267.0,177.7,330.2,416.5,168.1,205.0,161.6994098347082,118.93526118217231,589.5,215.2,200.47908778509415,466.9317474379868,187.6,216.9,29.6,365.0,103.4880440399949,345.0,247.2,152.5,265.5212558325994,243.0,293.8,205.56930688799451,103.04735994490031,308.63209899992853,236.870449792869,147.68771378464135,372.6386217856626,132.9,84.4,254.6,429.0,270.5,147.2,105.8,90.8,231.5,323.1,158.94388648896714,302.4,186.4,151.3,103.23284065673853,806.4,278.9,382.09457280734495,419.8,93.4,117.8,284.0,274.05748414860943,266.5029232404495,188.1,249.1,161.7,226.0,267.2,201.4,283.8,263.1,111.4,182.57743923124292,91.5,120.86477534009775,111.8,81.0,224.2,164.4,88.9,282.7,342.3,271.1,80.0,164.00289778150363,282.3,67.6,217.3344097762868,115.2,115.3,147.6,71.9,1.6,231.07450964980447,238.15212755983154,156.2,109.4,2.275670515065289,122.6,289.8513341519806,252.4,65.5,27.7,156.8,132.8,63.1,42.11544658519826,42.9,68.00643929181213,102.3,405.4,172.8,134.0,96.9208563930356,68.3,108.4,155.2,0.8,108.6,248.0,59.5,182.24401557826275,9.750926284864564,120.7,850.7360344563168,83.3,38.87874134567605,7.5,125.68022041370762,332.49922806306836,240.15881136583303,27.7,0.1,139.2,482.47252831614094,416.4,406.4,215.3,69.4,18.2,2.9,121.1,300.4,0.2,0.5,0.2,177.7,0.1,1.6031328216044443,0.1,0.1,0.2,0.6,1.0,9.2,577.5,195.32434686511496,13.0,517.8,1.4,170.5,2.9995596781819573,121.0,44.16009503115036,9.7,173.6981988224658,2.1,135.1,120.8,108.7,67.8,126.2,9.4,2.2,1.8,54.44307202646591,156.4,188.93929866163555,277.54494190946696,134.52324086928738,1.2,165.9,2.8,23.5,6.1,368.5,169.4,66.4,5.7,1.0,73.57145973408291,19.6,200.3,15.68552675766517,13.96442406708599,356.0,232.2,12.3,17.7,33.5,193.6,23.8,1.2,1.2,130.9,0.8,7.3,1.1,241.0,2.2,97.4,71.3,40.255560098809916,6.937979885356626,0.4538600432921333,2.7,58.6,90.0,0.6,128.0,7.6,72.9,85.1,73.57148206627737,9.4,0.4749960437929979,208.74260566960635,6.9,0.1,62.0,124.9,20.8,135.6,82.6,5.0,2.2611530576671712,32.199279132252194,107.2,4.6,127.8,62.8,49.4,12.6,287.7,37.7,153.1,93.0,11.6,0.1,0.6,126.5,53.4,12.1,41.7,8.317381396195229,0.6402321987425653,27.2,0.1,0.1,0.2,143.0508757455411,14.6,177.04557144652424,11.1,40.3
131,125.1,88.2,76.2,180.35937175938872,137.56535667859475,264.1,114.5,260.6,195.7,222.21514950975717,303.60738238325916,253.9,349.7,252.1894316921418,146.2,255.5,101.0,282.8,291.4,441.19583053795145,216.04010758796124,182.79750493088258,346.18265114063377,137.8,218.04463772232165,141.4,152.0,369.4,220.8,121.7,259.0,105.6,411.3,256.1,137.33547102827734,283.0128052092249,137.4541418992433,236.5,195.7,86.0,250.1,244.6,214.1,353.8112344574291,253.04381652025887,325.0,741.050644298194,324.2,101.5,148.4,285.92825751624724,78.4,163.6,407.469782443455,275.8,204.9,203.8166326206112,110.6,169.3,334.51798635792113,128.5,153.39129812695558,282.6,86.9,25.8,549.1208197768533,251.1882571304234,291.7,212.62145366383152,252.6335327252455,236.37895661908692,1133.7,267.0,177.7,330.2,416.5,168.1,205.0,217.45375672819006,137.09154417133584,589.5,215.2,268.07679071678325,452.5321713964327,187.6,216.9,29.6,365.0,112.80453742498553,345.0,247.2,152.5,284.399364298553,243.0,293.8,235.26515026942207,87.39730880728483,305.1367099831575,281.88971535975077,176.1524741798797,387.1626698834069,132.9,84.4,254.6,429.0,270.5,147.2,105.8,90.8,231.5,323.1,176.837154696977,302.4,186.4,151.3,88.54932214990822,806.4,278.9,390.9158083542527,419.8,93.4,117.8,284.0,296.1322322557179,271.5427463882974,188.1,249.1,161.7,226.0,267.2,201.4,283.8,263.1,111.4,233.43242945747278,91.5,143.74525681309774,111.8,81.0,224.2,164.4,88.9,282.7,342.3,271.1,80.0,129.96388005110495,282.3,67.6,150.18748397083542,115.2,115.3,147.6,71.9,1.6,287.68481524431513,304.0280550760396,156.2,109.4,1.8844506375467782,122.6,324.29524158669835,252.4,65.5,27.7,156.8,132.8,63.1,54.76437330307954,42.9,69.28769116398873,102.3,405.4,172.8,134.0,80.96266171831489,68.3,108.4,155.2,0.8,108.6,248.0,59.5,192.4418398786902,8.053943032342362,120.7,605.5860139832511,83.3,37.304568367981496,7.5,130.88425699385505,363.69235699694894,243.07414217356794,27.7,0.1,139.2,369.16675267018957,416.4,406.4,215.3,69.4,18.2,2.9,121.1,300.4,0.2,0.5,0.2,177.7,0.1,1.5336271590118031,0.1,0.1,0.2,0.6,1.0,9.2,577.5,211.64608113380845,13.0,517.8,1.4,170.5,2.8430198441139023,121.0,33.30845211011387,9.7,141.08441143057917,2.1,135.1,120.8,108.7,67.8,126.2,9.4,2.2,1.8,57.4925133894353,156.4,206.67203757080702,284.2613781205948,144.55161307792474,1.2,165.9,2.8,23.5,6.1,368.5,169.4,66.4,5.7,1.0,72.63441637217984,19.6,200.3,15.561868837992257,10.639716150969885,356.0,232.2,12.3,17.7,33.5,193.6,23.8,1.2,1.2,130.9,0.8,7.3,1.1,241.0,2.2,97.4,71.3,45.85185504463353,7.39408906040588,0.45771156100015814,2.7,58.6,90.0,0.6,128.0,7.6,72.9,85.1,67.32956752335365,9.4,0.44908793178156814,202.89930403724122,6.9,0.1,62.0,124.9,20.8,135.6,82.6,5.0,2.869961801055422,46.1974239299769,107.2,4.6,127.8,62.8,49.4,12.6,287.7,37.7,153.1,93.0,11.6,0.1,0.6,126.5,53.4,12.1,41.7,7.334324955467941,0.5100744297978698,27.2,0.1,0.1,0.2,160.240446168424,14.6,170.15626308319563,11.1,40.3
132,125.1,88.2,76.2,265.0450631855993,154.14600752075773,264.1,114.5,260.6,195.7,181.61108494328926,343.7992151066618,253.9,349.7,253.93530894309066,146.2,255.5,101.0,282.8,291.4,389.0509951460355,226.47774606356333,143.9628096328576,289.7306615814599,137.8,289.1766873951357,141.4,152.0,369.4,220.8,121.7,259.0,105.6,411.3,256.1,177.60074069033402,219.87777714883921,139.29161975279115,236.5,195.7,86.0,250.1,244.6,214.1,247.83918318289003,367.45871231882177,325.0,648.3685462360374,324.2,101.5,148.4,269.55682637608254,78.4,163.6,466.15984602553215,275.8,204.9,235.3824435837787,110.6,169.3,420.70401932114703,128.5,132.29684606655437,282.6,86.9,25.8,673.7797986148727,198.80493598567287,291.7,208.41602849708812,243.81060555930895,293.80461906539597,1133.7,267.0,177.7,330.2,416.5,168.1,205.0,211.10400376256763,121.32639940991187,589.5,215.2,251.64975659175994,547.5684201075414,187.6,216.9,29.6,365.0,99.42595323121172,345.0,247.2,152.5,248.63594116501895,243.0,293.8,163.32587090200929,105.2688005630936,299.427704043312,199.31119876683417,158.9503830046536,345.29915708349256,132.9,84.4,254.6,429.0,270.5,147.2,105.8,90.8,231.5,323.1,172.94335944288355,302.4,186.4,151.3,102.5882988552187,806.4,278.9,373.6678934165633,419.8,93.4,117.8,284.0,240.65385886959908,207.81992842900888,188.1,249.1,161.7,226.0,267.2,201.4,283.8,263.1,111.4,176.4264582640525,91.5,133.60131593983317,111.8,81.0,224.2,164.4,88.9,282.7,342.3,271.1,80.0,140.14487528394363,282.3,67.6,215.62019855736457,115.2,115.3,147.6,71.9,1.6,210.54076078113687,235.80126473265977,156.2,109.4,1.7427669904073335,122.6,315.32132204167453,252.4,65.5,27.7,156.8,132.8,63.1,56.50712705288573,42.9,91.3500776788672,102.3,405.4,172.8,134.0,113.87348856625539,68.3,108.4,155.2,0.8,108.6,248.0,59.5,215.4434153772478,9.46961804563217,120.7,738.7997288855701,83.3,39.40048499094012,7.5,113.95407064481483,287.25903610789567,298.6717000377564,27.7,0.1,139.2,499.52287273432506,416.4,406.4,215.3,69.4,18.2,2.9,121.1,300.4,0.2,0.5,0.2,177.7,0.1,1.3594960532858875,0.1,0.1,0.2,0.6,1.0,9.2,577.5,225.05045415423962,13.0,517.8,1.4,170.5,2.802811929712238,121.0,33.28993152031303,9.7,156.47173459696947,2.1,135.1,120.8,108.7,67.8,126.2,9.4,2.2,1.8,58.50554635068717,156.4,165.9980417199701,257.73822599289934,138.0497587543959,1.2,165.9,2.8,23.5,6.1,368.5,169.4,66.4,5.7,1.0,68.81103241780855,19.6,200.3,13.84449928379541,14.72099275443059,356.0,232.2,12.3,17.7,33.5,193.6,23.8,1.2,1.2,130.9,0.8,7.3,1.1,241.0,2.2,97.4,71.3,56.06359238558751,7.364757085017155,0.48967590184461834,2.7,58.6,90.0,0.6,128.0,7.6,72.9,85.1,55.13441875749728,9.4,0.3562820329204707,142.81733596151622,6.9,0.1,62.0,124.9,20.8,135.6,82.6,5.0,2.3940649014425412,47.736175469623774,107.2,4.6,127.8,62.8,49.4,12.6,287.7,37.7,153.1,93.0,11.6,0.1,0.6,126.5,53.4,12.1,41.7,8.451265407756136,0.588234765612859,27.2,0.1,0.1,0.2,167.17210410470466,14.6,130.09469958458087,11.1,40.3
133,125.1,88.2,76.2,224.45161333998212,142.7954727432821,264.1,114.5,260.6,195.7,237.42710468636915,325.23915435911874,253.9,349.7,325.64612598529624,146.2,255.5,101.0,282.8,291.4,438.776099256231,180.72199544003328,175.77527812371733,267.6559910391309,137.8,288.11487083696176,141.4,152.0,369.4,220.8,121.7,259.0,105.6,411.3,256.1,181.3016487164368,224.39159020871224,183.5014322469682,236.5,195.7,86.0,250.1,244.6,214.1,280.13268888740487,325.38787869996423,325.0,704.6053063434897,324.2,101.5,148.4,211.47255559116712,78.4,163.6,418.50764842009835,275.8,204.9,187.98641359865366,110.6,169.3,333.508293351329,128.5,135.59896237594467,282.6,86.9,25.8,625.377933871441,245.01180977031186,291.7,224.36120288976122,268.7678682989276,213.81761272184158,1133.7,267.0,177.7,330.2,416.5,168.1,205.0,230.32726631617368,131.65883294467167,589.5,215.2,226.78680266146907,448.19856376785117,187.6,216.9,29.6,365.0,122.5002043896336,345.0,247.2,152.5,295.3496682866938,243.0,293.8,178.0299875446105,102.17531275456066,316.96467015290074,269.0770648446679,177.9844280690341,341.2396498190728,132.9,84.4,254.6,429.0,270.5,147.2,105.8,90.8,231.5,323.1,163.890314249687,302.4,186.4,151.3,87.63799832477982,806.4,278.9,296.37626116921814,419.8,93.4,117.8,284.0,223.4259061886471,207.96631900923254,188.1,249.1,161.7,226.0,267.2,201.4,283.8,263.1,111.4,206.52958041643896,91.5,145.70100758551737,111.8,81.0,224.2,164.4,88.9,282.7,342.3,271.1,80.0,135.68920261171297,282.3,67.6,184.50550436523724,115.2,115.3,147.6,71.9,1.6,231.2017827944016,295.42922733867204,156.2,109.4,2.2506516797145295,122.6,231.4193210984716,252.4,65.5,27.7,156.8,132.8,63.1,46.583991551828014,42.9,95.71276159405039,102.3,405.4,172.8,134.0,108.47362216485074,68.3,108.4,155.2,0.8,108.6,248.0,59.5,218.85875636952593,9.314113021877628,120.7,644.1742819992824,83.3,36.80505743644732,7.5,104.2552076389709,338.6806809512434,350.2461541095549,27.7,0.1,139.2,437.74753408951517,416.4,406.4,215.3,69.4,18.2,2.9,121.1,300.4,0.2,0.5,0.2,177.7,0.1,1.8406682388601285,0.1,0.1,0.2,0.6,1.0,9.2,577.5,227.70878719587918,13.0,517.8,1.4,170.5,2.930261977068003,121.0,33.73821819600161,9.7,146.26088541946606,2.1,135.1,120.8,108.7,67.8,126.2,9.4,2.2,1.8,74.27900982401613,156.4,157.87387625203806,282.12771909374976,117.67939225351533,1.2,165.9,2.8,23.5,6.1,368.5,169.4,66.4,5.7,1.0,64.55561216295338,19.6,200.3,14.619926583041707,14.676052668667888,356.0,232.2,12.3,17.7,33.5,193.6,23.8,1.2,1.2,130.9,0.8,7.3,1.1,241.0,2.2,97.4,71.3,43.69526570281684,7.397943385779307,0.4264945415307515,2.7,58.6,90.0,0.6,128.0,7.6,72.9,85.1,58.746789378297876,9.4,0.43046584349823935,198.1033982313092,6.9,0.1,62.0,124.9,20.8,135.6,82.6,5.0,2.1025821840467716,34.04752558420801,107.2,4.6,127.8,62.8,49.4,12.6,287.7,37.7,153.1,93.0,11.6,0.1,0.6,126.5,53.4,12.1,41.7,10.132587014911882,0.6672457972276644,27.2,0.1,0.1,0.2,152.39529765248903,14.6,136.4367180450537,11.1,40.3
134,125.1,88.2,76.2,232.0566779487192,155.372888544674,264.1,114.5,260.6,195.7,237.28990705232732,377.9154371401013,253.9,349.7,273.8026931823698,146.2,255.5,101.0,282.8,291.4,444.7417978591236,228.4193415335046,144.88941390591998,270.0388379006721,137.8,242.1973164449303,141.4,152.0,369.4,220.8,121.7,259.0,105.6,411.3,256.1,165.12282246452588,203.66386037471045,187.94444038294938,236.5,195.7,86.0,250.1,244.6,214.1,338.30667646565735,362.2439127180266,325.0,753.4320350716199,324.2,101.5,148.4,229.6803150938044,78.4,163.6,407.9071302644026,275.8,204.9,222.43659605210752,110.6,169.3,410.2130415258516,128.5,178.01482591515685,282.6,86.9,25.8,517.8901435526737,228.44990927007171,291.7,211.38807272416017,244.7235134256735,227.9861516608214,1133.7,267.0,177.7,330.2,416.5,168.1,205.0,179.8314841226738,121.4116182731448,589.5,215.2,200.99183703504738,493.73291533136626,187.6,216.9,29.6,365.0,104.08827813631723,345.0,247.2,152.5,257.8852686569524,243.0,293.8,190.28115823950415,85.9806613911724,416.43813914978625,268.22545493380096,188.96250164470132,291.91243147777953,132.9,84.4,254.6,429.0,270.5,147.2,105.8,90.8,231.5,323.1,151.71654392458473,302.4,186.4,151.3,86.62774900869017,806.4,278.9,399.74335220380726,419.8,93.4,117.8,284.0,278.27390688525827,207.68448567466075,188.1,249.1,161.7,226.0,267.2,201.4,283.8,263.1,111.4,175.86715886538184,91.5,125.62581344289123,111.8,81.0,224.2,164.4,88.9,282.7,342.3,271.1,80.0,161.84924084132078,282.3,67.6,176.86458678433573,115.2,115.3,147.6,71.9,1.6,250.97628426470786,238.83238347353029,156.2,109.4,1.8913119366342943,122.6,283.52714140533044,252.4,65.5,27.7,156.8,132.8,63.1,42.88822931313635,42.9,81.94217794386017,102.3,405.4,172.8,134.0,94.3987620931573,68.3,108.4,155.2,0.8,108.6,248.0,59.5,193.51612030657208,7.731239044010065,120.7,656.1058839123149,83.3,38.71247288135541,7.5,128.66317876202805,341.8144878665797,263.2735092772347,27.7,0.1,139.2,366.70281157675873,416.4,406.4,215.3,69.4,18.2,2.9,121.1,300.4,0.2,0.5,0.2,177.7,0.1,1.2807831555109201,0.1,0.1,0.2,0.6,1.0,9.2,577.5,195.75603924426602,13.0,517.8,1.4,170.5,3.491341714498435,121.0,41.95284392498353,9.7,154.9701737808895,2.1,135.1,120.8,108.7,67.8,126.2,9.4,2.2,1.8,52.048247992341814,156.4,210.06713061723977,243.66214053938845,149.8398827720417,1.2,165.9,2.8,23.5,6.1,368.5,169.4,66.4,5.7,1.0,71.09013677335848,19.6,200.3,12.064527312084227,12.569672792387362,356.0,232.2,12.3,17.7,33.5,193.6,23.8,1.2,1.2,130.9,0.8,7.3,1.1,241.0,2.2,97.4,71.3,42.973229478710465,8.654661275669348,0.5132663161556971,2.7,58.6,90.0,0.6,128.0,7.6,72.9,85.1,63.23459670525985,9.4,0.4064500950775161,144.1619974464403,6.9,0.1,62.0,124.9,20.8,135.6,82.6,5.0,2.54269217494527,42.197788436128285,107.2,4.6,127.8,62.8,49.4,12.6,287.7,37.7,153.1,93.0,11.6,0.1,0.6,126.5,53.4,12.1,41.7,8.933258500661744,0.5463089337793658,27.2,0.1,0.1,0.2,151.24516198477608,14.6,163.39482627177517,11.1,40.3
135,125.1,88.2,76.2,220.73198088591064,147.27898449162905,264.1,114.5,260.6,195.7,201.64482013126892,452.8258780067425,253.9,349.7,251.60361647520065,146.2,255.5,101.0,282.8,291.4,352.83818177670497,195.76859243885062,166.86388742158312,327.71581067978116,137.8,244.995157401248,141.4,152.0,369.4,220.8,121.7,259.0,105.6,411.3,256.1,140.9780382106071,237.1622829265648,183.16299477095646,236.5,195.7,86.0,250.1,244.6,214.1,310.21375839192547,305.42012158759707,325.0,787.4694361382209,324.2,101.5,148.4,277.7888914414499,78.4,163.6,375.89097339513944,275.8,204.9,174.59151539674053,110.6,169.3,310.57906510443604,128.5,144.9074714943257,282.6,86.9,25.8,651.3718037829747,279.7339528063009,291.7,154.4690571453717,307.8216963650468,295.6819344584141,1133.7,267.0,177.7,330.2,416.5,168.1,205.0,177.48327379858185,128.77998104028836,589.5,215.2,283.143978718621,544.6398075529751,187.6,216.9,29.6,365.0,129.82241381150743,345.0,247.2,152.5,289.9011880475039,243.0,293.8,191.7800274583776,93.27052126471887,387.72648165934055,273.6025701760582,164.43143340845074,371.284081398166,132.9,84.4,254.6,429.0,270.5,147.2,105.8,90.8,231.5,323.1,142.80014012660988,302.4,186.4,151.3,78.57994653336172,806.4,278.9,269.2026061013418,419.8,93.4,117.8,284.0,244.98629708770173,237.63990797402204,188.1,249.1,161.7,226.0,267.2,201.4,283.8,263.1,111.4,168.25717546714898,91.5,110.08149251673731,111.8,81.0,224.2,164.4,88.9,282.7,342.3,271.1,80.0,135.74685099783287,282.3,67.6,149.39373009491902,115.2,115.3,147.6,71.9,1.6,218.8926107970087,235.6711787509979,156.2,109.4,2.1054420459598084,122.6,228.40092061948513,252.4,65.5,27.7,156.8,132.8,63.1,43.417687742298845,42.9,88.54339890232463,102.3,405.4,172.8,134.0,106.1095792295329,68.3,108.4,155.2,0.8,108.6,248.0,59.5,175.60298064744603,8.22188578405357,120.7,594.0684290316409,83.3,40.15847717204652,7.5,119.40376869035174,333.8131445551527,287.71895538572437,27.7,0.1,139.2,431.8391382683396,416.4,406.4,215.3,69.4,18.2,2.9,121.1,300.4,0.2,0.5,0.2,177.7,0.1,1.7933160548751224,0.1,0.1,0.2,0.6,1.0,9.2,577.5,225.0476002399133,13.0,517.8,1.4,170.5,2.762471330361624,121.0,31.53215707481631,9.7,161.00748836721925,2.1,135.1,120.8,108.7,67.8,126.2,9.4,2.2,1.8,68.08631812422892,156.4,213.43205827968245,235.94103872992613,132.2143484431577,1.2,165.9,2.8,23.5,6.1,368.5,169.4,66.4,5.7,1.0,55.63655978795229,19.6,200.3,17.57401181724776,11.580505623884637,356.0,232.2,12.3,17.7,33.5,193.6,23.8,1.2,1.2,130.9,0.8,7.3,1.1,241.0,2.2,97.4,71.3,54.22093813965386,7.3720621084427735,0.46409420650355704,2.7,58.6,90.0,0.6,128.0,7.6,72.9,85.1,55.02321992041041,9.4,0.413445973463949,195.1217674441295,6.9,0.1,62.0,124.9,20.8,135.6,82.6,5.0,2.7310859436062778,43.763752520531604,107.2,4.6,127.8,62.8,49.4,12.6,287.7,37.7,153.1,93.0,11.6,0.1,0.6,126.5,53.4,12.1,41.7,8.344273077391437,0.699151232359331,27.2,0.1,0.1,0.2,159.8182049941379,14.6,142.53688952814946,11.1,40.3
136,125.1,88.2,76.2,228.34858454268655,135.13462314722267,264.1,114.5,260.6,195.7,169.05172119353185,397.40488931282965,253.9,349.7,280.7153348948396,146.2,255.5,101.0,282.8,291.4,443.641554737055,204.8515302824248,162.74532330638326,285.356324138957,137.8,241.73402188478758,141.4,152.0,369.4,220.8,121.7,259.0,105.6,411.3,256.1,153.25095194386142,262.2743844119067,181.01105879420692,236.5,195.7,86.0,250.1,244.6,214.1,253.69712722921622,367.77402601506407,325.0,711.0617769231947,324.2,101.5,148.4,257.42949104447916,78.4,163.6,526.9010556668842,275.8,204.9,186.23381047440353,110.6,169.3,313.06006539569637,128.5,122.51014372278713,282.6,86.9,25.8,534.2784464213338,288.7834781167365,291.7,207.93967805883534,300.4361331847037,243.12474994759364,1133.7,267.0,177.7,330.2,416.5,168.1,205.0,229.51510634770744,153.75430133246493,589.5,215.2,226.92714618118512,524.1550457249089,187.6,216.9,29.6,365.0,118.88773524528597,345.0,247.2,152.5,236.9921651836327,243.0,293.8,240.10996532215742,103.36584953976777,358.76453645245357,206.09955607116615,170.01180262779934,287.41510865163923,132.9,84.4,254.6,429.0,270.5,147.2,105.8,90.8,231.5,323.1,139.4640921313292,302.4,186.4,151.3,89.44633592494066,806.4,278.9,328.0348014012524,419.8,93.4,117.8,284.0,239.78113395298772,246.50229787741546,188.1,249.1,161.7,226.0,267.2,201.4,283.8,263.1,111.4,181.20871989748198,91.5,114.24671242757225,111.8,81.0,224.2,164.4,88.9,282.7,342.3,271.1,80.0,179.74431967502406,282.3,67.6,148.44129165200286,115.2,115.3,147.6,71.9,1.6,239.49827168805643,240.8921565534457,156.2,109.4,1.9774131619070703,122.6,279.50660860087913,252.4,65.5,27.7,156.8,132.8,63.1,41.82785310260278,42.9,96.22807186177823,102.3,405.4,172.8,134.0,102.31201662040448,68.3,108.4,155.2,0.8,108.6,248.0,59.5,166.934358625062,8.657742778604748,120.7,624.7573856044418,83.3,42.805912567706514,7.5,118.49463753521442,253.87746643882954,328.1294180327762,27.7,0.1,139.2,418.3833155514479,416.4,406.4,215.3,69.4,18.2,2.9,121.1,300.4,0.2,0.5,0.2,177.7,0.1,1.8912472882138855,0.1,0.1,0.2,0.6,1.0,9.2,577.5,195.92756518568737,13.0,517.8,1.4,170.5,3.505968617975758,121.0,30.995982498121606,9.7,154.36294310223337,2.1,135.1,120.8,108.7,67.8,126.2,9.4,2.2,1.8,54.810728378669616,156.4,164.62345957971468,266.71851496533634,114.76997594851358,1.2,165.9,2.8,23.5,6.1,368.5,169.4,66.4,5.7,1.0,62.27351580228959,19.6,200.3,15.714544667192161,13.257703702008012,356.0,232.2,12.3,17.7,33.5,193.6,23.8,1.2,1.2,130.9,0.8,7.3,1.1,241.0,2.2,97.4,71.3,47.37883309244014,9.509086090976098,0.4443271398094894,2.7,58.6,90.0,0.6,128.0,7.6,72.9,85.1,69.69440390341846,9.4,0.3683719070050829,168.48650887919166,6.9,0.1,62.0,124.9,20.8,135.6,82.6,5.0,2.010540237980381,42.7741380716588,107.2,4.6,127.8,62.8,49.4,12.6,287.7,37.7,153.1,93.0,11.6,0.1,0.6,126.5,53.4,12.1,41.7,7.742191446021067,0.6174761701371819,27.2,0.1,0.1,0.2,184.44758123247414,14.6,159.98750363244505,11.1,40.3
137,125.1,88.2,76.2,235.81537185956535,132.22385270727335,264.1,114.5,260.6,195.7,193.0364726875747,379.468870574976,253.9,349.7,249.53833458718762,146.2,255.5,101.0,282.8,291.4,444.8922974021234,188.616278895085,150.1714537758531,341.83741697617205,137.8,232.39392480532317,141.4,152.0,369.4,220.8,121.7,259.0,105.6,411.3,256.1,170.8104506157144,225.67628089110087,190.72995500456162,236.5,195.7,86.0,250.1,244.6,214.1,308.74548828683413,295.88423067203513,325.0,647.9003125608479,324.2,101.5,148.4,276.94153567881955,78.4,163.6,484.2742653766172,275.8,204.9,205.29724449754167,110.6,169.3,337.0027993924853,128.5,157.80017263369103,282.6,86.9,25.8,472.5690327862618,207.57350192496673,291.7,161.64961703739334,341.6380420903588,238.4539258116212,1133.7,267.0,177.7,330.2,416.5,168.1,205.0,197.16196675125877,119.9030746821517,589.5,215.2,201.03428315166036,415.4377568084767,187.6,216.9,29.6,365.0,104.28328202129225,345.0,247.2,152.5,290.52955020351226,243.0,293.8,176.592904627069,101.3318285872263,362.2353168376644,281.50284435592863,188.7160040827422,345.402207899442,132.9,84.4,254.6,429.0,270.5,147.2,105.8,90.8,231.5,323.1,123.06578220541773,302.4,186.4,151.3,84.88828666497062,806.4,278.9,360.1844334196619,419.8,93.4,117.8,284.0,200.9475785667411,277.6652127734709,188.1,249.1,161.7,226.0,267.2,201.4,283.8,263.1,111.4,173.54527425355784,91.5,145.80113532879773,111.8,81.0,224.2,164.4,88.9,282.7,342.3,271.1,80.0,134.13714898476636,282.3,67.6,154.22160656516738,115.2,115.3,147.6,71.9,1.6,236.9429494388415,256.83001099938485,156.2,109.4,2.42707239918695,122.6,244.8219356818331,252.4,65.5,27.7,156.8,132.8,63.1,45.82528840721149,42.9,88.82505871504135,102.3,405.4,172.8,134.0,111.93673159442375,68.3,108.4,155.2,0.8,108.6,248.0,59.5,190.58845013700852,9.675993178960777,120.7,827.4206709991514,83.3,48.3489330493087,7.5,96.5767619246999,300.75616701388464,319.8296196337591,27.7,0.1,139.2,355.9247596809162,416.4,406.4,215.3,69.4,18.2,2.9,121.1,300.4,0.2,0.5,0.2,177.7,0.1,1.4812654026308918,0.1,0.1,0.2,0.6,1.0,9.2,577.5,256.34193481410443,13.0,517.8,1.4,170.5,2.991216637247857,121.0,44.46750815245227,9.7,183.5450403924151,2.1,135.1,120.8,108.7,67.8,126.2,9.4,2.2,1.8,52.26551648975221,156.4,159.7497727519671,218.5523764494094,119.3242980496477,1.2,165.9,2.8,23.5,6.1,368.5,169.4,66.4,5.7,1.0,59.51818000616056,19.6,200.3,16.1119846677058,13.896479351132882,356.0,232.2,12.3,17.7,33.5,193.6,23.8,1.2,1.2,130.9,0.8,7.3,1.1,241.0,2.2,97.4,71.3,46.81697468903597,8.029046215510741,0.4556191643548468,2.7,58.6,90.0,0.6,128.0,7.6,72.9,85.1,58.937947468861466,9.4,0.352792232388752,192.9657673714934,6.9,0.1,62.0,124.9,20.8,135.6,82.6,5.0,2.651732570172425,45.22695368360186,107.2,4.6,127.8,62.8,49.4,12.6,287.7,37.7,153.1,93.0,11.6,0.1,0.6,126.5,53.4,12.1,41.7,7.918228082470712,0.5858570546000282,27.2,0.1,0.1,0.2,152.01538859018157,14.6,135.4444087397828,11.1,40.3
138,125.1,88.2,76.2,250.7004858321901,121.6811095847437,264.1,114.5,260.6,195.7,186.15968388132947,402.4458298961597,253.9,349.7,284.98910897686596,146.2,255.5,101.0,282.8,291.4,370.07167146680007,237.71396008188168,187.6819622265537,324.4443690130633,137.8,263.81894750214695,141.4,152.0,369.4,220.8,121.7,259.0,105.6,411.3,256.1,172.83000396270174,200.4478159304528,165.43958547543644,236.5,195.7,86.0,250.1,244.6,214.1,304.6550271941059,358.2541300759916,325.0,870.9804651949735,324.2,101.5,148.4,197.30047882714496,78.4,163.6,441.98916980160374,275.8,204.9,232.53231355396977,110.6,169.3,368.04791875275544,128.5,131.22911636137724,282.6,86.9,25.8,587.8139729811602,258.47694415405834,291.7,165.38601032267923,235.94298081789574,264.50427169709656,1133.7,267.0,177.7,330.2,416.5,168.1,205.0,228.08254616440888,118.69255026553415,589.5,215.2,193.85827413820027,508.8921365525035,187.6,216.9,29.6,365.0,99.14111278200954,345.0,247.2,152.5,309.03215680016876,243.0,293.8,216.90645633420775,73.84602833429052,357.3193242339263,203.64025232648754,163.12538407195092,312.805082467394,132.9,84.4,254.6,429.0,270.5,147.2,105.8,90.8,231.5,323.1,169.44714560501188,302.4,186.4,151.3,75.42253492605946,806.4,278.9,321.0962650307597,419.8,93.4,117.8,284.0,245.92543935890876,276.5053585783631,188.1,249.1,161.7,226.0,267.2,201.4,283.8,263.1,111.4,204.147551383783,91.5,139.05692492319997,111.8,81.0,224.2,164.4,88.9,282.7,342.3,271.1,80.0,161.99564610348187,282.3,67.6,171.36953881984553,115.2,115.3,147.6,71.9,1.6,255.85161024544556,274.48413360363804,156.2,109.4,1.8300926873135608,122.6,289.04118850826336,252.4,65.5,27.7,156.8,132.8,63.1,42.291197599132225,42.9,71.73865867332337,102.3,405.4,172.8,134.0,108.42968388028521,68.3,108.4,155.2,0.8,108.6,248.0,59.5,189.40366712071153,7.250610056906145,120.7,843.7779267959997,83.3,39.402910335422455,7.5,98.6596915372029,327.94895984404775,245.7919883767033,27.7,0.1,139.2,465.4434362870777,416.4,406.4,215.3,69.4,18.2,2.9,121.1,300.4,0.2,0.5,0.2,177.7,0.1,1.7885561324128518,0.1,0.1,0.2,0.6,1.0,9.2,577.5,212.2436797701994,13.0,517.8,1.4,170.5,2.9232907714864838,121.0,34.29066331558283,9.7,136.13704203099374,2.1,135.1,120.8,108.7,67.8,126.2,9.4,2.2,1.8,67.36372157828603,156.4,227.7980907862106,225.23339857544582,101.67810243507864,1.2,165.9,2.8,23.5,6.1,368.5,169.4,66.4,5.7,1.0,65.41625440831211,19.6,200.3,12.213305679930272,15.385396630579951,356.0,232.2,12.3,17.7,33.5,193.6,23.8,1.2,1.2,130.9,0.8,7.3,1.1,241.0,2.2,97.4,71.3,46.97541782981773,8.76349726278314,0.5893317991063842,2.7,58.6,90.0,0.6,128.0,7.6,72.9,85.1,52.727758994101904,9.4,0.36436352536875094,143.21592091988887,6.9,0.1,62.0,124.9,20.8,135.6,82.6,5.0,2.6491373067981363,34.570147672050666,107.2,4.6,127.8,62.8,49.4,12.6,287.7,37.7,153.1,93.0,11.6,0.1,0.6,126.5,53.4,12.1,41.7,8.521868532708767,0.5244948948369519,27.2,0.1,0.1,0.2,165.35073293596895,14.6,162.01313680960882,11.1,40.3
139,125.1,88.2,76.2,260.48673377790317,157.92241096984014,264.1,114.5,260.6,195.7,181.0301774400785,433.88074491491466,253.9,349.7,260.4477684957476,146.2,255.5,101.0,282.8,291.4,354.8637191890984,229.78178236208078,184.67472585704678,349.18711448021037,137.8,220.9707442433338,141.4,152.0,369.4,220.8,121.7,259.0,105.6,411.3,256.1,129.62719727654382,237.96014148008015,136.81937378649957,236.5,195.7,86.0,250.1,244.6,214.1,290.2252285075558,285.2486810254399,325.0,880.3770208490413,324.2,101.5,148.4,282.9535524953109,78.4,163.6,420.1149778584331,275.8,204.9,197.03032052376483,110.6,169.3,333.39968293432366,128.5,135.511294507233,282.6,86.9,25.8,529.8252608809153,229.89475628168458,291.7,179.48939990759786,253.65470917131324,225.40687154536522,1133.7,267.0,177.7,330.2,416.5,168.1,205.0,225.0189830342103,150.63520225914576,589.5,215.2,277.60155144544086,481.69217900634936,187.6,216.9,29.6,365.0,110.61525871053622,345.0,247.2,152.5,283.9594980910367,243.0,293.8,219.46071875239628,96.06767666892665,422.3372179035944,271.60036596843923,146.92942987201042,360.49123456494283,132.9,84.4,254.6,429.0,270.5,147.2,105.8,90.8,231.5,323.1,125.5680457736181,302.4,186.4,151.3,73.89765380585591,806.4,278.9,315.2301768126303,419.8,93.4,117.8,284.0,234.0636612605997,252.5177474812317,188.1,249.1,161.7,226.0,267.2,201.4,283.8,263.1,111.4,164.6655598465124,91.5,102.89144974460284,111.8,81.0,224.2,164.4,88.9,282.7,342.3,271.1,80.0,129.79266585724787,282.3,67.6,212.97452686190093,115.2,115.3,147.6,71.9,1.6,223.87571766169805,273.34883418381014,156.2,109.4,2.214781920134243,122.6,278.8675781339232,252.4,65.5,27.7,156.8,132.8,63.1,55.15162900064928,42.9,74.27227723788667,102.3,405.4,172.8,134.0,98.07903192789884,68.3,108.4,155.2,0.8,108.6,248.0,59.5,231.23186682817783,9.037546305360383,120.7,713.6110168608085,83.3,44.61579703239317,7.5,103.27541091972178,258.115745823584,262.6724564589319,27.7,0.1,139.2,446.4816577222544,416.4,406.4,215.3,69.4,18.2,2.9,121.1,300.4,0.2,0.5,0.2,177.7,0.1,1.5428197593220205,0.1,0.1,0.2,0.6,1.0,9.2,577.5,199.0021315062808,13.0,517.8,1.4,170.5,2.5324605955766137,121.0,40.71969701897615,9.7,178.47957392480407,2.1,135.1,120.8,108.7,67.8,126.2,9.4,2.2,1.8,74.85840459541093,156.4,164.53210853319888,261.1983983866635,130.93791167531666,1.2,165.9,2.8,23.5,6.1,368.5,169.4,66.4,5.7,1.0,65.81232996518321,19.6,200.3,12.322355126345112,15.590842594955287,356.0,232.2,12.3,17.7,33.5,193.6,23.8,1.2,1.2,130.9,0.8,7.3,1.1,241.0,2.2,97.4,71.3,48.37939886518596,8.662724584769474,0.4599779130477363,2.7,58.6,90.0,0.6,128.0,7.6,72.9,85.1,57.35080878799475,9.4,0.32446444308348005,203.98552669406834,6.9,0.1,62.0,124.9,20.8,135.6,82.6,5.0,2.1769268150593835,39.31658284773418,107.2,4.6,127.8,62.8,49.4,12.6,287.7,37.7,153.1,93.0,11.6,0.1,0.6,126.5,53.4,12.1,41.7,9.562257530168202,0.7039802934991104,27.2,0.1,0.1,0.2,144.63011133141399,14.6,149.709284030021,11.1,40.3
140,125.1,88.2,76.2,229.62177603205495,160.09487238101275,264.1,114.5,260.6,195.7,218.91571890965622,351.9481569477827,253.9,349.7,244.40549348840614,146.2,255.5,101.0,282.8,291.4,379.327903322892,193.3014040852133,186.28334178302785,289.1476082327722,137.8,313.19659987346745,141.4,152.0,369.4,220.8,121.7,259.0,105.6,411.3,256.1,183.9413377050281,201.13973153542725,136.30664154061878,236.5,195.7,86.0,250.1,244.6,214.1,287.5966930551055,368.4969188428865,325.0,904.7521116660635,324.2,101.5,148.4,228.7465046380999,78.4,163.6,412.4277691332995,275.8,204.9,215.25346312978903,110.6,169.3,333.107148375113,128.5,143.05572130066437,282.6,86.9,25.8,628.7677218566422,215.00085322295237,291.7,218.53108468474778,259.84565810793254,250.47083678070373,1133.7,267.0,177.7,330.2,416.5,168.1,205.0,191.49015002451205,110.37445743630535,589.5,215.2,194.63089549937956,528.2889168726397,187.6,216.9,29.6,365.0,105.26971760427354,345.0,247.2,152.5,229.67073762524208,243.0,293.8,188.83881991201088,97.00604763478182,331.0770183089394,213.62641751753333,210.24168439931555,294.8737021352734,132.9,84.4,254.6,429.0,270.5,147.2,105.8,90.8,231.5,323.1,149.51108189955562,302.4,186.4,151.3,99.67367406836269,806.4,278.9,301.6708958328168,419.8,93.4,117.8,284.0,239.64995589425968,230.41290770421486,188.1,249.1,161.7,226.0,267.2,201.4,283.8,263.1,111.4,171.23257687883728,91.5,134.0937892400488,111.8,81.0,224.2,164.4,88.9,282.7,342.3,271.1,80.0,136.01899799020435,282.3,67.6,174.89183180208246,115.2,115.3,147.6,71.9,1.6,253.64152075325637,211.4329707359845,156.2,109.4,2.3951873430821085,122.6,271.8009141481174,252.4,65.5,27.7,156.8,132.8,63.1,55.05979949768448,42.9,95.40667401988651,102.3,405.4,172.8,134.0,85.21242750314192,68.3,108.4,155.2,0.8,108.6,248.0,59.5,216.80127291719046,9.79042496724826,120.7,837.9014624405859,83.3,39.99262041801751,7.5,112.45374393286541,267.1525829491692,280.84606240480315,27.7,0.1,139.2,440.78807546405415,416.4,406.4,215.3,69.4,18.2,2.9,121.1,300.4,0.2,0.5,0.2,177.7,0.1,1.6048184138575468,0.1,0.1,0.2,0.6,1.0,9.2,577.5,230.7625938616344,13.0,517.8,1.4,170.5,3.2361730678337794,121.0,38.20095305596273,9.7,172.70663093017214,2.1,135.1,120.8,108.7,67.8,126.2,9.4,2.2,1.8,75.2466506199567,156.4,178.7838353845719,230.09133251545958,116.22996949210759,1.2,165.9,2.8,23.5,6.1,368.5,169.4,66.4,5.7,1.0,72.68263399425905,19.6,200.3,14.618277032084007,10.733396730170448,356.0,232.2,12.3,17.7,33.5,193.6,23.8,1.2,1.2,130.9,0.8,7.3,1.1,241.0,2.2,97.4,71.3,43.34071938485102,8.40196642140025,0.5597697186639297,2.7,58.6,90.0,0.6,128.0,7.6,72.9,85.1,60.084869081189176,9.4,0.43338705851502113,142.3441504865054,6.9,0.1,62.0,124.9,20.8,135.6,82.6,5.0,2.5216584152538433,36.293394268787964,107.2,4.6,127.8,62.8,49.4,12.6,287.7,37.7,153.1,93.0,11.6,0.1,0.6,126.5,53.4,12.1,41.7,8.676265664607767,0.6077952990099843,27.2,0.1,0.1,0.2,164.07326197863392,14.6,135.75070575123763,11.1,40.3
141,125.1,88.2,76.2,211.768436060535,125.02924194290215,264.1,114.5,260.6,195.7,162.53850675926728,376.50957625091695,253.9,349.7,255.6130376174593,146.2,255.5,101.0,282.8,291.4,481.70331172736906,196.01410954537164,146.23229131495023,336.50817100223014,137.8,250.91339871886385,141.4,152.0,369.4,220.8,121.7,259.0,105.6,411.3,256.1,133.75008274788576,217.2587477497216,162.32107198244609,236.5,195.7,86.0,250.1,244.6,214.1,313.6326140376613,362.7340377510911,325.0,743.2676215137055,324.2,101.5,148.4,262.40393012177674,78.4,163.6,373.517717410875,275.8,204.9,219.21745738741924,110.6,169.3,327.277501597705,128.5,161.7801162881301,282.6,86.9,25.8,578.1004014771931,236.45569888500273,291.7,155.5312353121637,334.4871573934437,223.69111178354092,1133.7,267.0,177.7,330.2,416.5,168.1,205.0,174.9273500173459,125.80134695925481,589.5,215.2,283.50576181114064,482.92278306706527,187.6,216.9,29.6,365.0,136.31677104988108,345.0,247.2,152.5,275.17546357045313,243.0,293.8,207.9263710108789,92.33579372295385,339.89100351293285,222.29527811722662,200.5505380599892,264.94753451989953,132.9,84.4,254.6,429.0,270.5,147.2,105.8,90.8,231.5,323.1,139.42415243035464,302.4,186.4,151.3,74.87139770134226,806.4,278.9,277.91357953013215,419.8,93.4,117.8,284.0,259.7392537726287,293.00760813616455,188.1,249.1,161.7,226.0,267.2,201.4,283.8,263.1,111.4,228.22610806253152,91.5,144.14162467063522,111.8,81.0,224.2,164.4,88.9,282.7,342.3,271.1,80.0,139.3383854123847,282.3,67.6,201.1623463645472,115.2,115.3,147.6,71.9,1.6,270.78232939780065,209.6975845792819,156.2,109.4,2.0865283897109936,122.6,284.9424907872749,252.4,65.5,27.7,156.8,132.8,63.1,41.40487856297684,42.9,85.85173949999981,102.3,405.4,172.8,134.0,98.15873033746033,68.3,108.4,155.2,0.8,108.6,248.0,59.5,212.90309176376576,6.873472431952122,120.7,755.6665279379658,83.3,40.684337213651816,7.5,99.69421486732165,354.7454074990308,339.85651805934094,27.7,0.1,139.2,485.058733731423,416.4,406.4,215.3,69.4,18.2,2.9,121.1,300.4,0.2,0.5,0.2,177.7,0.1,1.7088153120391472,0.1,0.1,0.2,0.6,1.0,9.2,577.5,207.60419191848501,13.0,517.8,1.4,170.5,3.268411898731925,121.0,39.983971424013305,9.7,150.18016287948504,2.1,135.1,120.8,108.7,67.8,126.2,9.4,2.2,1.8,52.20812893855649,156.4,183.3278080320175,224.87273588000485,103.25581986695319,1.2,165.9,2.8,23.5,6.1,368.5,169.4,66.4,5.7,1.0,64.70532341960264,19.6,200.3,16.54478627733774,11.654115297867593,356.0,232.2,12.3,17.7,33.5,193.6,23.8,1.2,1.2,130.9,0.8,7.3,1.1,241.0,2.2,97.4,71.3,52.12303648672467,7.947011656421646,0.5661344359770382,2.7,58.6,90.0,0.6,128.0,7.6,72.9,85.1,62.72873503292134,9.4,0.4217200908101348,194.88174717633987,6.9,0.1,62.0,124.9,20.8,135.6,82.6,5.0,1.9474360006649527,43.46320470759541,107.2,4.6,127.8,62.8,49.4,12.6,287.7,37.7,153.1,93.0,11.6,0.1,0.6,126.5,53.4,12.1,41.7,9.49956732445446,0.6109164798196647,27.2,0.1,0.1,0.2,165.29330712359416,14.6,125.67749741259914,11.1,40.3
142,125.1,88.2,76.2,248.7362568872686,151.17529658290607,264.1,114.5,260.6,195.7,217.9825051384817,326.44520689376344,253.9,349.7,275.33306427151825,146.2,255.5,101.0,282.8,291.4,463.9540696183191,197.97046012309076,173.72188471166248,358.2348082952098,137.8,253.48534249598526,141.4,152.0,369.4,220.8,121.7,259.0,105.6,411.3,256.1,159.50034713525727,265.67004285789125,195.05779292411484,236.5,195.7,86.0,250.1,244.6,214.1,257.1160002909664,271.4288260336154,325.0,749.7184145411027,324.2,101.5,148.4,230.5029497581881,78.4,163.6,465.33715032601293,275.8,204.9,246.33197636712157,110.6,169.3,320.34370231240734,128.5,152.61782865893935,282.6,86.9,25.8,566.2109115417775,279.0233598104107,291.7,186.8701185364633,254.63378426316655,227.99971801435376,1133.7,267.0,177.7,330.2,416.5,168.1,205.0,164.60012977061803,147.83683636186072,589.5,215.2,194.53491882487293,547.2920899226028,187.6,216.9,29.6,365.0,116.61546178726934,345.0,247.2,152.5,292.2192833161957,243.0,293.8,209.92343223653899,89.97799493417152,354.7325659201901,241.90448801701092,170.02770077266936,302.1281949817452,132.9,84.4,254.6,429.0,270.5,147.2,105.8,90.8,231.5,323.1,174.3177235476747,302.4,186.4,151.3,74.65672241994089,806.4,278.9,392.0137190265618,419.8,93.4,117.8,284.0,238.55585770305476,269.51758160641884,188.1,249.1,161.7,226.0,267.2,201.4,283.8,263.1,111.4,182.80443524047678,91.5,138.06844588339672,111.8,81.0,224.2,164.4,88.9,282.7,342.3,271.1,80.0,125.76475754525495,282.3,67.6,157.4440133133384,115.2,115.3,147.6,71.9,1.6,253.8021513573199,235.238834826236,156.2,109.4,2.392744266073867,122.6,274.2978858685226,252.4,65.5,27.7,156.8,132.8,63.1,54.471556159080315,42.9,87.53707374767492,102.3,405.4,172.8,134.0,78.62745802621068,68.3,108.4,155.2,0.8,108.6,248.0,59.5,202.91228777165054,8.17708004947404,120.7,652.3846036018518,83.3,38.63244708580106,7.5,94.2793558121364,314.2643793945212,307.98058394811017,27.7,0.1,139.2,438.26381260067757,416.4,406.4,215.3,69.4,18.2,2.9,121.1,300.4,0.2,0.5,0.2,177.7,0.1,1.8647718922118623,0.1,0.1,0.2,0.6,1.0,9.2,577.5,205.546272071787,13.0,517.8,1.4,170.5,3.1028430737260013,121.0,44.92489322022002,9.7,172.92578215313603,2.1,135.1,120.8,108.7,67.8,126.2,9.4,2.2,1.8,67.24286486643526,156.4,221.17183416045876,216.29351278734694,139.14459190433024,1.2,165.9,2.8,23.5,6.1,368.5,169.4,66.4,5.7,1.0,73.59778032504497,19.6,200.3,15.605199531327175,12.022167049494042,356.0,232.2,12.3,17.7,33.5,193.6,23.8,1.2,1.2,130.9,0.8,7.3,1.1,241.0,2.2,97.4,71.3,52.20764922556164,9.161057798151646,0.48101867005332616,2.7,58.6,90.0,0.6,128.0,7.6,72.9,85.1,62.3471491667696,9.4,0.38992957064194456,141.0061119477713,6.9,0.1,62.0,124.9,20.8,135.6,82.6,5.0,2.4728207269892115,39.33494722266545,107.2,4.6,127.8,62.8,49.4,12.6,287.7,37.7,153.1,93.0,11.6,0.1,0.6,126.5,53.4,12.1,41.7,9.259442139033595,0.7196697462040351,27.2,0.1,0.1,0.2,154.1929526737535,14.6,133.76944582155858,11.1,40.3
143,125.1,88.2,76.2,264.4712457041316,177.90875727589795,264.1,114.5,260.6,195.7,167.1130984539614,333.8119260012466,253.9,349.7,267.0677697330908,146.2,255.5,101.0,282.8,291.4,335.9738761311895,215.03134452838816,143.19650407454864,357.34036686815045,137.8,213.69139555342707,141.4,152.0,369.4,220.8,121.7,259.0,105.6,411.3,256.1,132.75818168611968,255.346065689438,180.37440345532198,236.5,195.7,86.0,250.1,244.6,214.1,276.5458885468143,261.91939778064193,325.0,720.1853715504263,324.2,101.5,148.4,230.90262100279534,78.4,163.6,440.25998185772494,275.8,204.9,254.4960969216478,110.6,169.3,352.0682802503131,128.5,144.30720346478003,282.6,86.9,25.8,490.44075045635367,206.28234361402383,291.7,174.6165212675328,271.8604178564093,213.49745672842957,1133.7,267.0,177.7,330.2,416.5,168.1,205.0,232.8680175398303,142.50364542061615,589.5,215.2,191.01876517613147,490.1133415268933,187.6,216.9,29.6,365.0,94.16547828210759,345.0,247.2,152.5,215.21370558331068,243.0,293.8,177.96567644729092,76.65139478425459,444.19983094469944,269.4204133484407,189.39886390884942,318.95747761027593,132.9,84.4,254.6,429.0,270.5,147.2,105.8,90.8,231.5,323.1,123.88706131125596,302.4,186.4,151.3,75.0875349409433,806.4,278.9,311.2605092253797,419.8,93.4,117.8,284.0,283.59415956306117,220.70072424184121,188.1,249.1,161.7,226.0,267.2,201.4,283.8,263.1,111.4,239.71186706704248,91.5,118.50966370064032,111.8,81.0,224.2,164.4,88.9,282.7,342.3,271.1,80.0,137.62595550132005,282.3,67.6,210.48437466574305,115.2,115.3,147.6,71.9,1.6,247.68561175189538,245.90669605561553,156.2,109.4,2.3926583045403733,122.6,303.8594556808236,252.4,65.5,27.7,156.8,132.8,63.1,52.55779402471878,42.9,75.24640823344161,102.3,405.4,172.8,134.0,86.45258150231126,68.3,108.4,155.2,0.8,108.6,248.0,59.5,237.31016944886147,8.860662452236191,120.7,778.2719841354506,83.3,43.41216265431373,7.5,112.56409105001164,273.682011449838,346.292923330107,27.7,0.1,139.2,397.87960207989795,416.4,406.4,215.3,69.4,18.2,2.9,121.1,300.4,0.2,0.5,0.2,177.7,0.1,1.77574727418224,0.1,0.1,0.2,0.6,1.0,9.2,577.5,199.33484287762104,13.0,517.8,1.4,170.5,3.678788362829673,121.0,41.48254772965341,9.7,156.5416901310207,2.1,135.1,120.8,108.7,67.8,126.2,9.4,2.2,1.8,72.81740213184011,156.4,229.05204269054536,230.88238075638728,145.4977281218742,1.2,165.9,2.8,23.5,6.1,368.5,169.4,66.4,5.7,1.0,67.82504350742644,19.6,200.3,17.589756273227728,12.224272322005877,356.0,232.2,12.3,17.7,33.5,193.6,23.8,1.2,1.2,130.9,0.8,7.3,1.1,241.0,2.2,97.4,71.3,42.7061765719054,8.989548036275783,0.5031186647938549,2.7,58.6,90.0,0.6,128.0,7.6,72.9,85.1,51.59058068200352,9.4,0.33243044381874337,159.99472543912535,6.9,0.1,62.0,124.9,20.8,135.6,82.6,5.0,2.4735986824474936,35.64392828164126,107.2,4.6,127.8,62.8,49.4,12.6,287.7,37.7,153.1,93.0,11.6,0.1,0.6,126.5,53.4,12.1,41.7,7.952879624114881,0.5411403616085056,27.2,0.1,0.1,0.2,133.62555717467666,14.6,124.13381912922723,11.1,40.3
144,125.1,88.2,76.2,233.93755556718776,129.16941352494453,264.1,114.5,260.6,195.7,180.6663795348304,344.9194342674747,253.9,349.7,299.769338616147,146.2,255.5,101.0,282.8,291.4,427.38313475467584,246.84304475651825,155.04310208669293,307.8673081797329,137.8,224.47908833907832,141.4,152.0,369.4,220.8,121.7,259.0,105.6,411.3,256.1,161.6192262256946,235.33429818018635,155.42576012640436,236.5,195.7,86.0,250.1,244.6,214.1,334.56690843351976,361.46784949163,325.0,876.9494160719114,324.2,101.5,148.4,255.53933854204888,78.4,163.6,393.24064556041645,275.8,204.9,213.14381054165145,110.6,169.3,423.5549213554149,128.5,155.8644984366997,282.6,86.9,25.8,597.7894981170436,206.93894092144785,291.7,209.0439578387436,291.3609356058256,293.8978781679363,1133.7,267.0,177.7,330.2,416.5,168.1,205.0,200.7979877375775,141.08778811204203,589.5,215.2,241.08429328908167,428.5556880418802,187.6,216.9,29.6,365.0,127.63012654450239,345.0,247.2,152.5,233.63790084394378,243.0,293.8,168.47805130852905,104.51919189732017,347.6940401616221,262.2967733104209,191.90786413067016,290.3986213883515,132.9,84.4,254.6,429.0,270.5,147.2,105.8,90.8,231.5,323.1,168.28093555562884,302.4,186.4,151.3,86.54429782498885,806.4,278.9,307.8420825092374,419.8,93.4,117.8,284.0,256.70444755298615,230.7912736759985,188.1,249.1,161.7,226.0,267.2,201.4,283.8,263.1,111.4,214.0994541730368,91.5,146.1123713465332,111.8,81.0,224.2,164.4,88.9,282.7,342.3,271.1,80.0,147.0912281213846,282.3,67.6,196.9329073004625,115.2,115.3,147.6,71.9,1.6,210.9930063816927,284.22699745111834,156.2,109.4,2.112643077802269,122.6,244.69103440967461,252.4,65.5,27.7,156.8,132.8,63.1,58.88671339588653,42.9,69.50523263747426,102.3,405.4,172.8,134.0,84.80122834690569,68.3,108.4,155.2,0.8,108.6,248.0,59.5,236.04256935060783,6.626136244812585,120.7,665.7740341873816,83.3,44.32780795791645,7.5,109.35226442722774,367.00136772965334,300.93240614458426,27.7,0.1,139.2,335.2850647784046,416.4,406.4,215.3,69.4,18.2,2.9,121.1,300.4,0.2,0.5,0.2,177.7,0.1,1.5523004663105031,0.1,0.1,0.2,0.6,1.0,9.2,577.5,248.37416385907525,13.0,517.8,1.4,170.5,3.458304403986729,121.0,44.12264983746884,9.7,150.06779159662128,2.1,135.1,120.8,108.7,67.8,126.2,9.4,2.2,1.8,66.8306120185685,156.4,175.09690582753916,202.76292905564654,121.6278676285133,1.2,165.9,2.8,23.5,6.1,368.5,169.4,66.4,5.7,1.0,69.34775808950742,19.6,200.3,15.885881592749417,13.71778430805707,356.0,232.2,12.3,17.7,33.5,193.6,23.8,1.2,1.2,130.9,0.8,7.3,1.1,241.0,2.2,97.4,71.3,55.02012255514811,8.350981855224683,0.4911250042744978,2.7,58.6,90.0,0.6,128.0,7.6,72.9,85.1,63.247730366100654,9.4,0.32691885276739396,152.0967502882399,6.9,0.1,62.0,124.9,20.8,135.6,82.6,5.0,2.420428884906735,40.62270387425356,107.2,4.6,127.8,62.8,49.4,12.6,287.7,37.7,153.1,93.0,11.6,0.1,0.6,126.5,53.4,12.1,41.7,9.677762317565122,0.6456153677638178,27.2,0.1,0.1,0.2,174.8739056662298,14.6,151.60277142698962,11.1,40.3
145,125.1,88.2,76.2,217.83265883549868,153.82975408103766,264.1,114.5,260.6,195.7,194.80322845335627,368.88016605882984,253.9,349.7,297.0378781451607,146.2,255.5,101.0,282.8,291.4,420.6638418574447,179.8837965199557,141.9281028008951,365.60041448365007,137.8,298.2103705228171,141.4,152.0,369.4,220.8,121.7,259.0,105.6,411.3,256.1,156.87383488640165,266.2930264110598,138.94037112179024,236.5,195.7,86.0,250.1,244.6,214.1,273.37070950829604,324.6755783497209,325.0,665.7801949135848,324.2,101.5,148.4,232.67761718723236,78.4,163.6,475.7955041685343,275.8,204.9,234.9129671858465,110.6,169.3,322.75003864690694,128.5,119.91109243093283,282.6,86.9,25.8,610.9676077828367,275.371772698059,291.7,207.70489400769557,297.4343343394056,286.40134809995243,1133.7,267.0,177.7,330.2,416.5,168.1,205.0,172.51166099037562,151.5208063981673,589.5,215.2,247.76498501802072,380.0780423465523,187.6,216.9,29.6,365.0,128.84686755323375,345.0,247.2,152.5,257.535415366098,243.0,293.8,168.2683015678873,98.10380870385195,402.7986691068535,216.25432317761025,150.06865206158213,333.2469153543871,132.9,84.4,254.6,429.0,270.5,147.2,105.8,90.8,231.5,323.1,144.20005238160707,302.4,186.4,151.3,72.0588654906155,806.4,278.9,272.1053100120102,419.8,93.4,117.8,284.0,286.3305453637944,221.44635662903326,188.1,249.1,161.7,226.0,267.2,201.4,283.8,263.1,111.4,172.85338257399675,91.5,111.60107069778105,111.8,81.0,224.2,164.4,88.9,282.7,342.3,271.1,80.0,180.11425260790884,282.3,67.6,181.55090474265515,115.2,115.3,147.6,71.9,1.6,230.72396507809404,226.97840531410603,156.2,109.4,2.1259617717928534,122.6,267.32935924790024,252.4,65.5,27.7,156.8,132.8,63.1,58.42991237751611,42.9,79.37755554720391,102.3,405.4,172.8,134.0,80.95917173314487,68.3,108.4,155.2,0.8,108.6,248.0,59.5,166.06337996514347,7.343358207792815,120.7,612.3776359819707,83.3,49.80672844115471,7.5,128.5262750801968,312.5602826580314,322.643574633684,27.7,0.1,139.2,454.7583171629389,416.4,406.4,215.3,69.4,18.2,2.9,121.1,300.4,0.2,0.5,0.2,177.7,0.1,1.3163416323958468,0.1,0.1,0.2,0.6,1.0,9.2,577.5,195.72031928555177,13.0,517.8,1.4,170.5,3.6170503275433497,121.0,41.14047064519117,9.7,128.70532696639594,2.1,135.1,120.8,108.7,67.8,126.2,9.4,2.2,1.8,67.2114896467634,156.4,178.77653544514553,270.0050278781479,124.74180114865058,1.2,165.9,2.8,23.5,6.1,368.5,169.4,66.4,5.7,1.0,56.95264656448439,19.6,200.3,16.561752276551246,12.016139267673486,356.0,232.2,12.3,17.7,33.5,193.6,23.8,1.2,1.2,130.9,0.8,7.3,1.1,241.0,2.2,97.4,71.3,46.92352569151393,7.985615518923789,0.46646907237753804,2.7,58.6,90.0,0.6,128.0,7.6,72.9,85.1,58.887236010147454,9.4,0.4031812043878747,192.58261408939504,6.9,0.1,62.0,124.9,20.8,135.6,82.6,5.0,2.234519932600631,37.96398406138025,107.2,4.6,127.8,62.8,49.4,12.6,287.7,37.7,153.1,93.0,11.6,0.1,0.6,126.5,53.4,12.1,41.7,8.8645545359545,0.5158242315434516,27.2,0.1,0.1,0.2,171.80178735805072,14.6,165.15215739199493,11.1,40.3
146,125.1,88.2,76.2,198.41644140182015,156.437295630029,264.1,114.5,260.6,195.7,220.26640471537024,433.27278734106704,253.9,349.7,225.329308116274,146.2,255.5,101.0,282.8,291.4,340.0751756470792,221.64768903394108,153.42835053576587,269.8869777941076,137.8,258.4877141085244,141.4,152.0,369.4,220.8,121.7,259.0,105.6,411.3,256.1,180.18408482492094,208.12511877067075,192.29360150147153,236.5,195.7,86.0,250.1,244.6,214.1,333.8488492091767,333.6399261086208,325.0,700.4197562514005,324.2,101.5,148.4,193.92284327894436,78.4,163.6,534.3529516881564,275.8,204.9,212.98316530844778,110.6,169.3,434.67272617211233,128.5,169.04681445689806,282.6,86.9,25.8,659.6642599624121,228.04499330828273,291.7,194.89770991221246,289.4512292399373,220.35374653180185,1133.7,267.0,177.7,330.2,416.5,168.1,205.0,202.76834126585146,145.26547006477247,589.5,215.2,191.3669893913626,517.842286760595,187.6,216.9,29.6,365.0,138.25410606272348,345.0,247.2,152.5,263.9901794066673,243.0,293.8,230.8001810024346,103.22952864270897,319.1190668803838,204.24350405399053,213.81834222798324,394.3380623280359,132.9,84.4,254.6,429.0,270.5,147.2,105.8,90.8,231.5,323.1,176.78249791485263,302.4,186.4,151.3,86.81894951873625,806.4,278.9,336.2022395204984,419.8,93.4,117.8,284.0,290.424762464842,206.73301559144548,188.1,249.1,161.7,226.0,267.2,201.4,283.8,263.1,111.4,244.96775458676132,91.5,129.39512878515006,111.8,81.0,224.2,164.4,88.9,282.7,342.3,271.1,80.0,183.09786630347887,282.3,67.6,220.4690538392876,115.2,115.3,147.6,71.9,1.6,287.2512872538664,207.6802790943695,156.2,109.4,1.7599815734188446,122.6,265.73062988204435,252.4,65.5,27.7,156.8,132.8,63.1,44.962101776857885,42.9,88.50477035131976,102.3,405.4,172.8,134.0,76.48717551308205,68.3,108.4,155.2,0.8,108.6,248.0,59.5,178.5471006166976,7.461258295379809,120.7,592.0925105530998,83.3,45.56853888931305,7.5,112.08596527949112,330.52811347617774,305.00475196746817,27.7,0.1,139.2,340.08285155598134,416.4,406.4,215.3,69.4,18.2,2.9,121.1,300.4,0.2,0.5,0.2,177.7,0.1,1.581720194366532,0.1,0.1,0.2,0.6,1.0,9.2,577.5,204.60666027394677,13.0,517.8,1.4,170.5,3.4538886675872105,121.0,38.271171454902024,9.7,166.1966448635964,2.1,135.1,120.8,108.7,67.8,126.2,9.4,2.2,1.8,64.78110075057796,156.4,163.82828534638048,265.839875747536,109.18016707049283,1.2,165.9,2.8,23.5,6.1,368.5,169.4,66.4,5.7,1.0,68.59741558200872,19.6,200.3,14.625661812942468,12.749611166828306,356.0,232.2,12.3,17.7,33.5,193.6,23.8,1.2,1.2,130.9,0.8,7.3,1.1,241.0,2.2,97.4,71.3,55.13070329977525,6.696890900937722,0.5570663554390174,2.7,58.6,90.0,0.6,128.0,7.6,72.9,85.1,63.464473919811766,9.4,0.4116651757083398,143.7117907255813,6.9,0.1,62.0,124.9,20.8,135.6,82.6,5.0,2.5941071780047906,38.00157391423169,107.2,4.6,127.8,62.8,49.4,12.6,287.7,37.7,153.1,93.0,11.6,0.1,0.6,126.5,53.4,12.1,41.7,8.568205139984581,0.5696833413806858,27.2,0.1,0.1,0.2,171.32289706867158,14.6,170.34146150731294,11.1,40.3
147,125.1,88.2,76.2,200.4503229059162,149.70293943754632,264.1,114.5,260.6,195.7,180.86519233213542,389.4808821822538,253.9,349.7,289.4948396923737,146.2,255.5,101.0,282.8,291.4,458.32940881594453,192.37816076562342,166.0413509301616,361.9062533104166,137.8,259.1919769360558,141.4,152.0,369.4,220.8,121.7,259.0,105.6,411.3,256.1,145.45587062213974,273.46773857396136,187.88547406915953,236.5,195.7,86.0,250.1,244.6,214.1,348.7693354806619,354.95934812905773,325.0,773.5719849215966,324.2,101.5,148.4,194.31340210837683,78.4,163.6,413.3706000037543,275.8,204.9,202.5365126209282,110.6,169.3,366.0512569637963,128.5,148.1395285907008,282.6,86.9,25.8,574.2808821371914,203.4643494182221,291.7,189.2201001128077,313.75008552128793,280.61740755766664,1133.7,267.0,177.7,330.2,416.5,168.1,205.0,159.68573795394883,113.2256143450052,589.5,215.2,247.92133201056103,452.4153275316942,187.6,216.9,29.6,365.0,129.18576040838602,345.0,247.2,152.5,297.55681601357753,243.0,293.8,225.39183892654756,84.2129856943267,338.4546832316996,234.0248671694353,194.97410233610844,391.34293921263304,132.9,84.4,254.6,429.0,270.5,147.2,105.8,90.8,231.5,323.1,127.01108193839248,302.4,186.4,151.3,83.47996467091959,806.4,278.9,323.3751454804275,419.8,93.4,117.8,284.0,294.7208262216062,208.61069451482734,188.1,249.1,161.7,226.0,267.2,201.4,283.8,263.1,111.4,183.72569637455632,91.5,134.49217824981537,111.8,81.0,224.2,164.4,88.9,282.7,342.3,271.1,80.0,181.52749836710666,282.3,67.6,205.9441367883437,115.2,115.3,147.6,71.9,1.6,259.40344894714787,289.146569588067,156.2,109.4,1.7355035944589636,122.6,238.96150748673614,252.4,65.5,27.7,156.8,132.8,63.1,51.93614023976755,42.9,83.88594507322892,102.3,405.4,172.8,134.0,88.26569972140055,68.3,108.4,155.2,0.8,108.6,248.0,59.5,190.23374040172928,7.514695823639929,120.7,682.9731490050311,83.3,51.00574746122142,7.5,127.81445565521051,364.40704159730615,255.4715390436184,27.7,0.1,139.2,419.40496692877,416.4,406.4,215.3,69.4,18.2,2.9,121.1,300.4,0.2,0.5,0.2,177.7,0.1,1.4491222600754246,0.1,0.1,0.2,0.6,1.0,9.2,577.5,189.1553954245226,13.0,517.8,1.4,170.5,3.44199566864257,121.0,42.41046369757642,9.7,166.59725406825265,2.1,135.1,120.8,108.7,67.8,126.2,9.4,2.2,1.8,70.33211070428376,156.4,167.23417578523757,223.87165632998375,141.19616937754517,1.2,165.9,2.8,23.5,6.1,368.5,169.4,66.4,5.7,1.0,72.2491154852043,19.6,200.3,16.55441383977431,10.541620950683754,356.0,232.2,12.3,17.7,33.5,193.6,23.8,1.2,1.2,130.9,0.8,7.3,1.1,241.0,2.2,97.4,71.3,52.90125066914228,8.930814621059524,0.5781421172797554,2.7,58.6,90.0,0.6,128.0,7.6,72.9,85.1,55.813754346708436,9.4,0.32819878634768346,197.04630374409854,6.9,0.1,62.0,124.9,20.8,135.6,82.6,5.0,2.209863448111357,45.518450584257906,107.2,4.6,127.8,62.8,49.4,12.6,287.7,37.7,153.1,93.0,11.6,0.1,0.6,126.5,53.4,12.1,41.7,9.847993336619268,0.521629036682153,27.2,0.1,0.1,0.2,150.86781829291945,14.6,163.59347362889378,11.1,40.3
148,125.1,88.2,76.2,262.4195931820661,148.78085293179316,264.1,114.5,260.6,195.7,209.139577918801,413.96325334766215,253.9,349.7,251.9070426578604,146.2,255.5,101.0,282.8,291.4,404.62368501068676,182.96389518363813,127.07327491716093,264.92734470824496,137.8,294.58348053073166,141.4,152.0,369.4,220.8,121.7,259.0,105.6,411.3,256.1,182.68307179068432,214.88174050913992,134.21550269575215,236.5,195.7,86.0,250.1,244.6,214.1,251.73018454829017,306.2373835380879,325.0,851.1989369404317,324.2,101.5,148.4,219.42819018771746,78.4,163.6,518.3722192071508,275.8,204.9,190.27996908875625,110.6,169.3,334.53400594266196,128.5,148.80454183728938,282.6,86.9,25.8,532.7490076857357,254.1134213149009,291.7,202.83419295645376,273.15211717231585,204.24623639536995,1133.7,267.0,177.7,330.2,416.5,168.1,205.0,205.89340769007197,126.83939669655635,589.5,215.2,213.50230674843854,505.5939540269975,187.6,216.9,29.6,365.0,113.38490319730907,345.0,247.2,152.5,247.01156846554852,243.0,293.8,194.74356710471545,95.70463370604479,399.6802467766975,196.18651139823547,191.82827621124994,277.65235493118985,132.9,84.4,254.6,429.0,270.5,147.2,105.8,90.8,231.5,323.1,122.26988888381992,302.4,186.4,151.3,97.44270785245754,806.4,278.9,367.07817600520184,419.8,93.4,117.8,284.0,276.65161328182865,231.44805329672565,188.1,249.1,161.7,226.0,267.2,201.4,283.8,263.1,111.4,205.9399695406794,91.5,109.20463356097706,111.8,81.0,224.2,164.4,88.9,282.7,342.3,271.1,80.0,172.65307354035997,282.3,67.6,221.35335359661832,115.2,115.3,147.6,71.9,1.6,252.13476341782862,294.6750460715482,156.2,109.4,2.131461561739291,122.6,219.34345073782322,252.4,65.5,27.7,156.8,132.8,63.1,48.64906705172731,42.9,94.00335798387815,102.3,405.4,172.8,134.0,81.25824769140542,68.3,108.4,155.2,0.8,108.6,248.0,59.5,213.23051420238468,8.249504292735129,120.7,806.3605639873695,83.3,41.29217189882262,7.5,110.48269385530627,348.24418329281576,327.98283384424553,27.7,0.1,139.2,469.30599598246135,416.4,406.4,215.3,69.4,18.2,2.9,121.1,300.4,0.2,0.5,0.2,177.7,0.1,1.4886044050840734,0.1,0.1,0.2,0.6,1.0,9.2,577.5,225.66494489643418,13.0,517.8,1.4,170.5,3.4045068979406143,121.0,37.902961009369044,9.7,150.1207400686957,2.1,135.1,120.8,108.7,67.8,126.2,9.4,2.2,1.8,50.389503971136634,156.4,215.38615302302264,247.9304963872706,144.99579511987272,1.2,165.9,2.8,23.5,6.1,368.5,169.4,66.4,5.7,1.0,64.40465918090695,19.6,200.3,14.14478696771327,13.625994787134214,356.0,232.2,12.3,17.7,33.5,193.6,23.8,1.2,1.2,130.9,0.8,7.3,1.1,241.0,2.2,97.4,71.3,45.58362612930598,7.989652848256705,0.4604093743306146,2.7,58.6,90.0,0.6,128.0,7.6,72.9,85.1,53.4969353732881,9.4,0.42470293275803694,192.25379120043493,6.9,0.1,62.0,124.9,20.8,135.6,82.6,5.0,2.2146163060982844,40.880216752701514,107.2,4.6,127.8,62.8,49.4,12.6,287.7,37.7,153.1,93.0,11.6,0.1,0.6,126.5,53.4,12.1,41.7,9.00515884244422,0.5179276670291942,27.2,0.1,0.1,0.2,145.6929526757079,14.6,142.74321271480733,11.1,40.3
149,125.1,88.2,76.2,186.24653916027336,130.73770533404064,264.1,114.5,260.6,195.7,202.86990614616857,366.0405185418838,253.9,349.7,311.04824425774797,146.2,255.5,101.0,282.8,291.4,402.8869844557372,187.67269021403914,153.57528140372727,383.12311284569273,137.8,241.80076366491738,141.4,152.0,369.4,220.8,121.7,259.0,105.6,411.3,256.1,144.62156203746196,264.7257331270696,162.81593159968278,236.5,195.7,86.0,250.1,244.6,214.1,307.9534890499707,303.0626196772183,325.0,926.7109353255628,324.2,101.5,148.4,277.22987893918855,78.4,163.6,421.19955326254245,275.8,204.9,258.04148049638786,110.6,169.3,421.0389599601582,128.5,171.98650881647066,282.6,86.9,25.8,455.7099924345485,266.7705179641256,291.7,209.70160412259224,249.7611758123749,291.5027497913926,1133.7,267.0,177.7,330.2,416.5,168.1,205.0,234.57157929362413,135.49782050665536,589.5,215.2,222.27902842759022,540.6785558140907,187.6,216.9,29.6,365.0,103.13298858501466,345.0,247.2,152.5,243.49692368238019,243.0,293.8,183.1596536258506,85.5073502207254,365.4220457978777,211.78400144101994,193.46287518496501,265.82782423504005,132.9,84.4,254.6,429.0,270.5,147.2,105.8,90.8,231.5,323.1,136.6963860209563,302.4,186.4,151.3,79.94167836585422,806.4,278.9,319.8319214642662,419.8,93.4,117.8,284.0,220.93224742274452,274.69603391387045,188.1,249.1,161.7,226.0,267.2,201.4,283.8,263.1,111.4,178.95950693669874,91.5,135.9368122205438,111.8,81.0,224.2,164.4,88.9,282.7,342.3,271.1,80.0,161.96462809874646,282.3,67.6,161.13760065479573,115.2,115.3,147.6,71.9,1.6,216.52987869631855,256.31342536793056,156.2,109.4,1.8418025535291072,122.6,295.97949767185014,252.4,65.5,27.7,156.8,132.8,63.1,46.395063748304246,42.9,67.28749054624816,102.3,405.4,172.8,134.0,105.16853333982637,68.3,108.4,155.2,0.8,108.6,248.0,59.5,235.2884152823877,7.747685132334865,120.7,795.1755978463092,83.3,50.93171856358185,7.5,103.82799496422541,290.7771544317862,300.23928289715235,27.7,0.1,139.2,427.29021515097486,416.4,406.4,215.3,69.4,18.2,2.9,121.1,300.4,0.2,0.5,0.2,177.7,0.1,1.635148860266185,0.1,0.1,0.2,0.6,1.0,9.2,577.5,218.80061006901724,13.0,517.8,1.4,170.5,3.7145373779682043,121.0,32.68680090820389,9.7,154.1330600161652,2.1,135.1,120.8,108.7,67.8,126.2,9.4,2.2,1.8,64.00212665305457,156.4,206.15288302464467,236.45725490749996,113.71727112562418,1.2,165.9,2.8,23.5,6.1,368.5,169.4,66.4,5.7,1.0,57.95700947775798,19.6,200.3,14.382071323530912,11.960352686883862,356.0,232.2,12.3,17.7,33.5,193.6,23.8,1.2,1.2,130.9,0.8,7.3,1.1,241.0,2.2,97.4,71.3,50.39247743498999,9.413095864972131,0.5742461345777107,2.7,58.6,90.0,0.6,128.0,7.6,72.9,85.1,56.82470384898864,9.4,0.4313305431534882,192.91245628182097,6.9,0.1,62.0,124.9,20.8,135.6,82.6,5.0,1.9307952018450558,38.76346981254274,107.2,4.6,127.8,62.8,49.4,12.6,287.7,37.7,153.1,93.0,11.6,0.1,0.6,126.5,53.4,12.1,41.7,9.92688467609188,0.518164825243033,27.2,0.1,0.1,0.2,175.41589175430596,14.6,143.24285206906953,11.1,40.3
150,125.1,88.2,76.2,187.4224453510159,175.6255401980865,264.1,114.5,260.6,195.7,167.94808148978098,391.43085034840567,253.9,349.7,300.9703925923543,146.2,255.5,101.0,282.8,291.4,351.3733084201457,191.9064560276942,188.9831984937577,351.6235191690355,137.8,251.45326684528288,141.4,152.0,369.4,220.8,121.7,259.0,105.6,411.3,256.1,134.39648360666038,219.22282423699446,174.85255762321742,236.5,195.7,86.0,250.1,244.6,214.1,248.69485388958415,297.0600161427396,325.0,705.9311634170826,324.2,101.5,148.4,200.6697089891417,78.4,163.6,506.5449718124885,275.8,204.9,222.97546921819662,110.6,169.3,353.6416575395141,128.5,135.6217702745394,282.6,86.9,25.8,486.7087988364059,287.4139557682492,291.7,215.2784232473939,253.34141291386493,241.0675608045858,1133.7,267.0,177.7,330.2,416.5,168.1,205.0,208.6356214296885,116.29518999048958,589.5,215.2,274.6675164127006,480.63716234315484,187.6,216.9,29.6,365.0,126.99564131583502,345.0,247.2,152.5,226.55594508918142,243.0,293.8,226.20221283790784,85.61312860292688,421.12294874876517,249.65098060599337,173.16633097798388,359.00634518775735,132.9,84.4,254.6,429.0,270.5,147.2,105.8,90.8,231.5,323.1,148.40415524517556,302.4,186.4,151.3,89.91721385413916,806.4,278.9,267.0044689279876,419.8,93.4,117.8,284.0,212.1959011607435,239.77544734657897,188.1,249.1,161.7,226.0,267.2,201.4,283.8,263.1,111.4,187.76898143735315,91.5,108.22556331901566,111.8,81.0,224.2,164.4,88.9,282.7,342.3,271.1,80.0,126.95267754312935,282.3,67.6,171.93358050235696,115.2,115.3,147.6,71.9,1.6,293.41274949818865,259.35427166796603,156.2,109.4,2.0952337138199137,122.6,254.16023094426544,252.4,65.5,27.7,156.8,132.8,63.1,54.0737308113561,42.9,80.88547967559916,102.3,405.4,172.8,134.0,95.70125986220674,68.3,108.4,155.2,0.8,108.6,248.0,59.5,195.50365545427917,8.21495587368184,120.7,706.0067203568977,83.3,42.21690292488391,7.5,91.6221844831451,335.8998135450242,351.44616538738586,27.7,0.1,139.2,338.6023500629859,416.4,406.4,215.3,69.4,18.2,2.9,121.1,300.4,0.2,0.5,0.2,177.7,0.1,1.826154921202936,0.1,0.1,0.2,0.6,1.0,9.2,577.5,261.6682445198929,13.0,517.8,1.4,170.5,3.548695036121579,121.0,30.085804991618282,9.7,131.6965362860697,2.1,135.1,120.8,108.7,67.8,126.2,9.4,2.2,1.8,67.6632621937367,156.4,220.3254222326637,286.29820499328855,103.20757133213532,1.2,165.9,2.8,23.5,6.1,368.5,169.4,66.4,5.7,1.0,61.60911331649132,19.6,200.3,12.018880678905639,13.352083270335811,356.0,232.2,12.3,17.7,33.5,193.6,23.8,1.2,1.2,130.9,0.8,7.3,1.1,241.0,2.2,97.4,71.3,42.095858610007994,8.452115019656958,0.5233507148373461,2.7,58.6,90.0,0.6,128.0,7.6,72.9,85.1,72.43551970438531,9.4,0.35810843855518937,183.18385687407397,6.9,0.1,62.0,124.9,20.8,135.6,82.6,5.0,2.4648822789575977,37.73979932286235,107.2,4.6,127.8,62.8,49.4,12.6,287.7,37.7,153.1,93.0,11.6,0.1,0.6,126.5,53.4,12.1,41.7,8.8161690279454,0.6340360319613895,27.2,0.1,0.1,0.2,167.45668424607106,14.6,138.58050561979832,11.1,40.3
151,125.1,88.2,76.2,188.61116730056563,134.49749387274957,264.1,114.5,260.6,195.7,226.0734811755034,365.062124576905,253.9,349.7,258.56318081402645,146.2,255.5,101.0,282.8,291.4,348.6087694239405,173.7489820326199,160.0777337762354,344.9653597296563,137.8,238.84793049634592,141.4,152.0,369.4,220.8,121.7,259.0,105.6,411.3,256.1,175.07474652495304,219.55164845421442,149.10393150427112,236.5,195.7,86.0,250.1,244.6,214.1,302.08931297840047,362.0705032737216,325.0,644.6116172242075,324.2,101.5,148.4,281.68703561538973,78.4,163.6,432.0473934461965,275.8,204.9,236.49022273025832,110.6,169.3,412.53358826383857,128.5,125.58953029300721,282.6,86.9,25.8,607.4444928090168,199.2519157669623,291.7,152.2070168372138,315.28816747223345,201.20316706981382,1133.7,267.0,177.7,330.2,416.5,168.1,205.0,212.33446752893047,153.17845160300988,589.5,215.2,220.17921542846528,407.90687121903704,187.6,216.9,29.6,365.0,109.13389757595618,345.0,247.2,152.5,218.159361727122,243.0,293.8,213.8445098660112,89.29520018671508,299.6657253857792,244.53760830754524,188.09494688184623,380.2215705178712,132.9,84.4,254.6,429.0,270.5,147.2,105.8,90.8,231.5,323.1,179.77240790158325,302.4,186.4,151.3,85.25588653872555,806.4,278.9,269.6402782708852,419.8,93.4,117.8,284.0,279.1278770597553,242.09302001355724,188.1,249.1,161.7,226.0,267.2,201.4,283.8,263.1,111.4,240.1106149942524,91.5,104.91508349908796,111.8,81.0,224.2,164.4,88.9,282.7,342.3,271.1,80.0,174.53103907235538,282.3,67.6,186.13192321829334,115.2,115.3,147.6,71.9,1.6,226.5744687033448,237.16850284931,156.2,109.4,1.7505541719207802,122.6,223.76243228764108,252.4,65.5,27.7,156.8,132.8,63.1,50.108441083764816,42.9,77.58287523780622,102.3,405.4,172.8,134.0,80.16693871444463,68.3,108.4,155.2,0.8,108.6,248.0,59.5,179.63148060864273,9.739672263553908,120.7,574.453268921432,83.3,42.52161861106686,7.5,89.26828838351908,294.2724878783243,319.10678996394034,27.7,0.1,139.2,460.17189560880786,416.4,406.4,215.3,69.4,18.2,2.9,121.1,300.4,0.2,0.5,0.2,177.7,0.1,1.8549496851144998,0.1,0.1,0.2,0.6,1.0,9.2,577.5,252.8236478745202,13.0,517.8,1.4,170.5,2.758685077457696,121.0,40.67112913462679,9.7,153.471397432039,2.1,135.1,120.8,108.7,67.8,126.2,9.4,2.2,1.8,69.66828534381305,156.4,206.04183600573722,262.8057596479494,148.66211235694746,1.2,165.9,2.8,23.5,6.1,368.5,169.4,66.4,5.7,1.0,65.6389382167752,19.6,200.3,14.300532727628358,14.166848602168578,356.0,232.2,12.3,17.7,33.5,193.6,23.8,1.2,1.2,130.9,0.8,7.3,1.1,241.0,2.2,97.4,71.3,43.243944705259814,9.334094518212178,0.5201602347390455,2.7,58.6,90.0,0.6,128.0,7.6,72.9,85.1,75.99583869662216,9.4,0.41748861443898433,210.11563882257872,6.9,0.1,62.0,124.9,20.8,135.6,82.6,5.0,2.466979171504678,44.314031287419965,107.2,4.6,127.8,62.8,49.4,12.6,287.7,37.7,153.1,93.0,11.6,0.1,0.6,126.5,53.4,12.1,41.7,8.704618790257259,0.619205552096727,27.2,0.1,0.1,0.2,136.23644339229972,14.6,143.5072463174857,11.1,40.3
152,125.1,88.2,76.2,254.1276308761055,172.9157767892408,264.1,114.5,260.6,195.7,237.54644239741583,391.3225605169205,253.9,349.7,284.25474356893545,146.2,255.5,101.0,282.8,291.4,462.47412522456193,237.83640592266855,178.21837780300302,368.7920482097897,137.8,266.14186134804,141.4,152.0,369.4,220.8,121.7,259.0,105.6,411.3,256.1,142.72760733864664,282.13655390921036,162.6669699335659,236.5,195.7,86.0,250.1,244.6,214.1,324.9957066849393,323.88321730184975,325.0,713.3060083773987,324.2,101.5,148.4,199.6920940396153,78.4,163.6,521.7103738299304,275.8,204.9,193.41195518688076,110.6,169.3,335.53559818205326,128.5,150.17954930436846,282.6,86.9,25.8,517.7519583619676,205.74817293845285,291.7,188.89407799079237,259.9636206936876,273.39887066819256,1133.7,267.0,177.7,330.2,416.5,168.1,205.0,236.45533430376685,110.47053231078654,589.5,215.2,211.72358877514827,443.2196575216347,187.6,216.9,29.6,365.0,133.28261863694917,345.0,247.2,152.5,283.9926306344963,243.0,293.8,201.54284279532118,107.13525773401804,388.5831629717467,202.04974453884205,147.58644070443975,342.4879035129248,132.9,84.4,254.6,429.0,270.5,147.2,105.8,90.8,231.5,323.1,176.35086022100984,302.4,186.4,151.3,102.75804989602257,806.4,278.9,306.5344234101862,419.8,93.4,117.8,284.0,201.94961388755715,229.87991353297255,188.1,249.1,161.7,226.0,267.2,201.4,283.8,263.1,111.4,217.22348136451808,91.5,100.35886360275101,111.8,81.0,224.2,164.4,88.9,282.7,342.3,271.1,80.0,135.64831689290293,282.3,67.6,206.05450390030109,115.2,115.3,147.6,71.9,1.6,207.8885018964604,257.88965863494377,156.2,109.4,2.3786108018145504,122.6,253.26812695535943,252.4,65.5,27.7,156.8,132.8,63.1,51.961806830955986,42.9,89.89651651886356,102.3,405.4,172.8,134.0,113.30407504256615,68.3,108.4,155.2,0.8,108.6,248.0,59.5,230.08021068247598,7.453680982731674,120.7,827.9070216374987,83.3,36.1533067460635,7.5,130.19414234465185,366.0761812267802,243.27491474904835,27.7,0.1,139.2,367.3326157579604,416.4,406.4,215.3,69.4,18.2,2.9,121.1,300.4,0.2,0.5,0.2,177.7,0.1,1.682597749419402,0.1,0.1,0.2,0.6,1.0,9.2,577.5,199.81361163512568,13.0,517.8,1.4,170.5,3.3772125918450344,121.0,40.055494254491094,9.7,145.9234314361381,2.1,135.1,120.8,108.7,67.8,126.2,9.4,2.2,1.8,52.926156736668354,156.4,157.58055275933418,252.74765816128652,115.94882942154186,1.2,165.9,2.8,23.5,6.1,368.5,169.4,66.4,5.7,1.0,65.16544318688545,19.6,200.3,12.581741933635517,10.987826358942678,356.0,232.2,12.3,17.7,33.5,193.6,23.8,1.2,1.2,130.9,0.8,7.3,1.1,241.0,2.2,97.4,71.3,48.369203404687596,6.646173732991357,0.5239277969122276,2.7,58.6,90.0,0.6,128.0,7.6,72.9,85.1,55.150615672218905,9.4,0.41550590792752495,159.54310718850286,6.9,0.1,62.0,124.9,20.8,135.6,82.6,5.0,2.0918743283014845,37.79544650146609,107.2,4.6,127.8,62.8,49.4,12.6,287.7,37.7,153.1,93.0,11.6,0.1,0.6,126.5,53.4,12.1,41.7,8.269820181302881,0.7125117551291759,27.2,0.1,0.1,0.2,184.27004256836068,14.6,159.97956266494253,11.1,40.3
153,125.1,88.2,76.2,218.58909395832993,134.5215869398145,264.1,114.5,260.6,195.7,233.34372238881764,408.8752430120695,253.9,349.7,223.43771334278014,146.2,255.5,101.0,282.8,291.4,395.02107565182337,210.18240090864867,160.20495376856252,304.18197201191487,137.8,290.2642090794839,141.4,152.0,369.4,220.8,121.7,259.0,105.6,411.3,256.1,140.82734852477745,265.1735342654464,136.46493415283246,236.5,195.7,86.0,250.1,244.6,214.1,299.34261462602865,352.3243426331682,325.0,736.797266086111,324.2,101.5,148.4,201.3427602072781,78.4,163.6,376.02456206861785,275.8,204.9,232.87576527136437,110.6,169.3,376.4317890644733,128.5,150.6944389697635,282.6,86.9,25.8,618.862396868044,252.30095763920684,291.7,183.0590451189516,272.1621962359014,264.19191768762164,1133.7,267.0,177.7,330.2,416.5,168.1,205.0,191.48434089572325,131.14328857479845,589.5,215.2,264.1631993985924,516.7129007206379,187.6,216.9,29.6,365.0,110.65510439901173,345.0,247.2,152.5,255.7003249974549,243.0,293.8,189.079304896792,91.43884676287058,427.38713750439604,218.64965264357934,212.95228074063425,379.43458342061354,132.9,84.4,254.6,429.0,270.5,147.2,105.8,90.8,231.5,323.1,157.4336916109294,302.4,186.4,151.3,97.34027591563394,806.4,278.9,326.6005812542036,419.8,93.4,117.8,284.0,259.75412931578023,271.3522142426709,188.1,249.1,161.7,226.0,267.2,201.4,283.8,263.1,111.4,180.44939012689676,91.5,125.83080326514497,111.8,81.0,224.2,164.4,88.9,282.7,342.3,271.1,80.0,170.92362612984,282.3,67.6,173.85471221886803,115.2,115.3,147.6,71.9,1.6,264.12229286784697,273.73906479354326,156.2,109.4,2.267889138891654,122.6,219.48972769948836,252.4,65.5,27.7,156.8,132.8,63.1,46.78656883598046,42.9,94.46622795160458,102.3,405.4,172.8,134.0,81.10364788109739,68.3,108.4,155.2,0.8,108.6,248.0,59.5,224.19200752931042,6.615191887034144,120.7,598.8086177630604,83.3,35.028925516878125,7.5,99.90328408716084,369.59088381712274,322.62758205861576,27.7,0.1,139.2,480.52499932761305,416.4,406.4,215.3,69.4,18.2,2.9,121.1,300.4,0.2,0.5,0.2,177.7,0.1,1.3312489148881705,0.1,0.1,0.2,0.6,1.0,9.2,577.5,229.70299171059534,13.0,517.8,1.4,170.5,2.7473541402579733,121.0,40.83341945778356,9.7,155.00888673646176,2.1,135.1,120.8,108.7,67.8,126.2,9.4,2.2,1.8,52.37342437501436,156.4,183.1180888500926,279.4635820685296,135.37057431862638,1.2,165.9,2.8,23.5,6.1,368.5,169.4,66.4,5.7,1.0,55.190588984670875,19.6,200.3,17.498456965832915,14.091272702809851,356.0,232.2,12.3,17.7,33.5,193.6,23.8,1.2,1.2,130.9,0.8,7.3,1.1,241.0,2.2,97.4,71.3,44.714063236475845,8.681560033390204,0.47771073295970073,2.7,58.6,90.0,0.6,128.0,7.6,72.9,85.1,66.56485909656935,9.4,0.4646628559931254,210.14058124396763,6.9,0.1,62.0,124.9,20.8,135.6,82.6,5.0,2.8303295681598657,47.55697479515158,107.2,4.6,127.8,62.8,49.4,12.6,287.7,37.7,153.1,93.0,11.6,0.1,0.6,126.5,53.4,12.1,41.7,7.397513738776968,0.6156107263269863,27.2,0.1,0.1,0.2,165.23387027621806,14.6,124.97117339134014,11.1,40.3
154,125.1,88.2,76.2,266.68209649636253,153.4784694880473,264.1,114.5,260.6,195.7,201.68468394724692,381.7128782645154,253.9,349.7,232.68302841648696,146.2,255.5,101.0,282.8,291.4,359.07396452267756,198.48403855199828,170.80139626788804,348.74024423781384,137.8,307.2674642844559,141.4,152.0,369.4,220.8,121.7,259.0,105.6,411.3,256.1,129.02796343494958,227.47122349489712,135.60791376753704,236.5,195.7,86.0,250.1,244.6,214.1,317.5755184922692,250.41565877319337,325.0,890.3099473248913,324.2,101.5,148.4,205.16623031394013,78.4,163.6,462.804822009391,275.8,204.9,239.0171682674913,110.6,169.3,427.2106429236545,128.5,125.87793100062996,282.6,86.9,25.8,585.485469070065,220.20585157147468,291.7,213.24981223615887,287.552606836062,291.14068260358647,1133.7,267.0,177.7,330.2,416.5,168.1,205.0,220.66591678707383,113.40145898706557,589.5,215.2,248.486302567965,418.1026638444338,187.6,216.9,29.6,365.0,100.22004536587443,345.0,247.2,152.5,267.68469675057895,243.0,293.8,209.8462732532243,85.19905131906951,424.49647491677445,217.6076240882008,197.95685662111387,316.40405724471316,132.9,84.4,254.6,429.0,270.5,147.2,105.8,90.8,231.5,323.1,126.96942578505809,302.4,186.4,151.3,74.7603105017637,806.4,278.9,370.649767577902,419.8,93.4,117.8,284.0,230.7192262583672,302.08143333872545,188.1,249.1,161.7,226.0,267.2,201.4,283.8,263.1,111.4,219.11349371466122,91.5,113.2306546783577,111.8,81.0,224.2,164.4,88.9,282.7,342.3,271.1,80.0,163.48848958626306,282.3,67.6,182.95592311777523,115.2,115.3,147.6,71.9,1.6,288.3941748499058,265.69242231469514,156.2,109.4,2.101636383226867,122.6,316.5090399220249,252.4,65.5,27.7,156.8,132.8,63.1,44.321156432959654,42.9,68.94272539181455,102.3,405.4,172.8,134.0,88.12474939144937,68.3,108.4,155.2,0.8,108.6,248.0,59.5,228.0043995510237,7.113762062365283,120.7,724.2758601176195,83.3,43.542921097345115,7.5,125.10480758753327,282.09495357722096,267.8493564082012,27.7,0.1,139.2,383.3156193032037,416.4,406.4,215.3,69.4,18.2,2.9,121.1,300.4,0.2,0.5,0.2,177.7,0.1,1.6084907798570078,0.1,0.1,0.2,0.6,1.0,9.2,577.5,199.80057340088456,13.0,517.8,1.4,170.5,2.527931508749897,121.0,43.17659697466027,9.7,163.85245059082064,2.1,135.1,120.8,108.7,67.8,126.2,9.4,2.2,1.8,52.19292262144464,156.4,178.50900200485114,197.58080261919818,130.38609441879743,1.2,165.9,2.8,23.5,6.1,368.5,169.4,66.4,5.7,1.0,64.96530428933109,19.6,200.3,16.157797540270693,11.656908291070845,356.0,232.2,12.3,17.7,33.5,193.6,23.8,1.2,1.2,130.9,0.8,7.3,1.1,241.0,2.2,97.4,71.3,39.34815297414429,7.941650611834378,0.5642442799569444,2.7,58.6,90.0,0.6,128.0,7.6,72.9,85.1,52.292967546192536,9.4,0.34797856896181945,190.36962292703015,6.9,0.1,62.0,124.9,20.8,135.6,82.6,5.0,2.7834079977205137,39.84390557163806,107.2,4.6,127.8,62.8,49.4,12.6,287.7,37.7,153.1,93.0,11.6,0.1,0.6,126.5,53.4,12.1,41.7,7.7903514465971435,0.5869050313764137,27.2,0.1,0.1,0.2,139.6440250521693,14.6,121.72935955861426,11.1,40.3
155,125.1,88.2,76.2,180.32367376979428,141.79385750075858,264.1,114.5,260.6,195.7,228.31030530020567,344.1418321997527,253.9,349.7,328.9134709326946,146.2,255.5,101.0,282.8,291.4,474.2324464068125,198.105205662667,148.91004901868007,352.60694784520985,137.8,245.58591954518124,141.4,152.0,369.4,220.8,121.7,259.0,105.6,411.3,256.1,162.2560405691264,261.91707697235154,188.74083201783438,236.5,195.7,86.0,250.1,244.6,214.1,284.6431294941296,349.6950255882979,325.0,803.5137473629425,324.2,101.5,148.4,271.48137818036207,78.4,163.6,366.4617036767274,275.8,204.9,233.46285983312973,110.6,169.3,417.16269207997846,128.5,121.65796807306845,282.6,86.9,25.8,626.7187278731477,283.1362761761776,291.7,202.17727882792803,263.5999692335949,205.7760036078507,1133.7,267.0,177.7,330.2,416.5,168.1,205.0,169.70614774908188,121.94541386844399,589.5,215.2,218.71873085890172,494.0138801493918,187.6,216.9,29.6,365.0,129.30448146094398,345.0,247.2,152.5,224.8590757807276,243.0,293.8,219.20543565179747,87.38324796718904,349.4343019632978,201.17514477302063,172.49267069300063,387.606776554398,132.9,84.4,254.6,429.0,270.5,147.2,105.8,90.8,231.5,323.1,175.1778352032151,302.4,186.4,151.3,88.71599101569026,806.4,278.9,348.45892664023637,419.8,93.4,117.8,284.0,278.71965071231443,211.65168005852118,188.1,249.1,161.7,226.0,267.2,201.4,283.8,263.1,111.4,181.73250236434737,91.5,102.11701178653216,111.8,81.0,224.2,164.4,88.9,282.7,342.3,271.1,80.0,156.0200067713666,282.3,67.6,173.9461990641143,115.2,115.3,147.6,71.9,1.6,245.3355054382943,285.3314321038926,156.2,109.4,1.8928173994723099,122.6,250.48208880091758,252.4,65.5,27.7,156.8,132.8,63.1,49.04876146076188,42.9,69.09673781419495,102.3,405.4,172.8,134.0,90.78653371558337,68.3,108.4,155.2,0.8,108.6,248.0,59.5,204.68388080149177,6.6300744718338835,120.7,574.3459031718957,83.3,38.6567889532807,7.5,114.64923399799301,319.57637443689475,350.4829790081493,27.7,0.1,139.2,352.73535127041464,416.4,406.4,215.3,69.4,18.2,2.9,121.1,300.4,0.2,0.5,0.2,177.7,0.1,1.4526456827489134,0.1,0.1,0.2,0.6,1.0,9.2,577.5,191.15244089464147,13.0,517.8,1.4,170.5,2.981050519140871,121.0,43.73410868798595,9.7,187.43860827001185,2.1,135.1,120.8,108.7,67.8,126.2,9.4,2.2,1.8,70.21388574785031,156.4,183.6623433772258,222.65727986995216,133.65524964877085,1.2,165.9,2.8,23.5,6.1,368.5,169.4,66.4,5.7,1.0,72.62550371199393,19.6,200.3,14.7610125532976,13.93400140762148,356.0,232.2,12.3,17.7,33.5,193.6,23.8,1.2,1.2,130.9,0.8,7.3,1.1,241.0,2.2,97.4,71.3,48.04737856626693,7.1242273970421595,0.44732207063276774,2.7,58.6,90.0,0.6,128.0,7.6,72.9,85.1,76.65274784755815,9.4,0.4538704847154883,158.56587739034532,6.9,0.1,62.0,124.9,20.8,135.6,82.6,5.0,2.0419227457755587,43.67485116766241,107.2,4.6,127.8,62.8,49.4,12.6,287.7,37.7,153.1,93.0,11.6,0.1,0.6,126.5,53.4,12.1,41.7,7.914182728336261,0.6771661990213811,27.2,0.1,0.1,0.2,135.59512777409336,14.6,151.32400816201178,11.1,40.3
156,125.1,88.2,76.2,260.6979484254856,121.91128935337487,264.1,114.5,260.6,195.7,198.83555487520817,308.91543761676445,253.9,349.7,238.98251189112435,146.2,255.5,101.0,282.8,291.4,412.8672479872092,233.54989104620637,166.15938319086433,347.926912180954,137.8,286.68222302170733,141.4,152.0,369.4,220.8,121.7,259.0,105.6,411.3,256.1,165.3801754521934,230.29205437245315,171.04035310791892,236.5,195.7,86.0,250.1,244.6,214.1,282.19291320631055,357.45137178065664,325.0,824.4302547881167,324.2,101.5,148.4,217.73687565363508,78.4,163.6,505.8183287551017,275.8,204.9,251.25174932655972,110.6,169.3,309.886038548426,128.5,175.66969325349766,282.6,86.9,25.8,661.7327693062747,214.53788161868795,291.7,177.42926599704145,291.31573821797156,234.43426009626614,1133.7,267.0,177.7,330.2,416.5,168.1,205.0,232.93530845170574,133.4509570808398,589.5,215.2,222.40707707289846,368.66124739338375,187.6,216.9,29.6,365.0,123.35070839759778,345.0,247.2,152.5,300.8825320904729,243.0,293.8,221.2293270058799,80.19941731305906,378.29005891285345,228.50354570723707,204.59086750014626,294.3335072111198,132.9,84.4,254.6,429.0,270.5,147.2,105.8,90.8,231.5,323.1,143.13732796999173,302.4,186.4,151.3,77.53934575545891,806.4,278.9,338.35533165010236,419.8,93.4,117.8,284.0,246.5593019719966,291.23234654488095,188.1,249.1,161.7,226.0,267.2,201.4,283.8,263.1,111.4,198.5223008551272,91.5,104.41764414712456,111.8,81.0,224.2,164.4,88.9,282.7,342.3,271.1,80.0,135.03571847524617,282.3,67.6,214.46427633190984,115.2,115.3,147.6,71.9,1.6,293.7642202066934,237.14404132048261,156.2,109.4,1.9575687293587427,122.6,289.37331390944905,252.4,65.5,27.7,156.8,132.8,63.1,59.414478523105316,42.9,70.7573962156064,102.3,405.4,172.8,134.0,96.95454150977626,68.3,108.4,155.2,0.8,108.6,248.0,59.5,230.1942422430973,8.354865121148423,120.7,753.7803851449435,83.3,34.88960829181238,7.5,130.46845421531583,364.2058941247107,294.5628217232846,27.7,0.1,139.2,357.1603846776837,416.4,406.4,215.3,69.4,18.2,2.9,121.1,300.4,0.2,0.5,0.2,177.7,0.1,1.8642275322295148,0.1,0.1,0.2,0.6,1.0,9.2,577.5,261.3040576886138,13.0,517.8,1.4,170.5,3.639322668270777,121.0,33.8604030907195,9.7,166.85900088049607,2.1,135.1,120.8,108.7,67.8,126.2,9.4,2.2,1.8,67.11535416089464,156.4,207.3159010718225,198.86788466148099,126.47934421926405,1.2,165.9,2.8,23.5,6.1,368.5,169.4,66.4,5.7,1.0,68.65098332686273,19.6,200.3,17.25031644257365,13.449766347653108,356.0,232.2,12.3,17.7,33.5,193.6,23.8,1.2,1.2,130.9,0.8,7.3,1.1,241.0,2.2,97.4,71.3,40.91812544656076,9.13462974915985,0.5534020255570441,2.7,58.6,90.0,0.6,128.0,7.6,72.9,85.1,54.86443455968745,9.4,0.4027145914159769,141.73248802406118,6.9,0.1,62.0,124.9,20.8,135.6,82.6,5.0,2.1479416193833814,47.820986102270226,107.2,4.6,127.8,62.8,49.4,12.6,287.7,37.7,153.1,93.0,11.6,0.1,0.6,126.5,53.4,12.1,41.7,8.670782673852283,0.4977109550827233,27.2,0.1,0.1,0.2,153.33374740154878,14.6,162.60112252417562,11.1,40.3
157,125.1,88.2,76.2,204.8253390624041,151.90465332413953,264.1,114.5,260.6,195.7,183.29391745161803,319.6975532222925,253.9,349.7,327.4164613421137,146.2,255.5,101.0,282.8,291.4,413.7819070841567,216.23411025091127,167.4810223019295,354.6063038323771,137.8,273.8677443103831,141.4,152.0,369.4,220.8,121.7,259.0,105.6,411.3,256.1,177.6110870841924,268.4830727372507,167.59233345728956,236.5,195.7,86.0,250.1,244.6,214.1,267.1120286135144,353.88444041136336,325.0,867.1678242273217,324.2,101.5,148.4,206.56081372701328,78.4,163.6,411.35194272951935,275.8,204.9,255.78973846312715,110.6,169.3,427.84536687263204,128.5,130.08415596540172,282.6,86.9,25.8,593.6740725334241,207.78530652356665,291.7,163.69200088667534,273.79012946708065,243.12928776698493,1133.7,267.0,177.7,330.2,416.5,168.1,205.0,169.89598193651807,110.84484016870792,589.5,215.2,217.43576410669831,398.7420718739419,187.6,216.9,29.6,365.0,127.00780097852709,345.0,247.2,152.5,307.0996897399335,243.0,293.8,192.9056761613744,106.14629770317232,429.63112190260154,265.85242252291687,182.0990050598464,318.39194048305785,132.9,84.4,254.6,429.0,270.5,147.2,105.8,90.8,231.5,323.1,160.0500522619975,302.4,186.4,151.3,77.52589472438143,806.4,278.9,374.4716281162673,419.8,93.4,117.8,284.0,295.767341968745,276.24476753730926,188.1,249.1,161.7,226.0,267.2,201.4,283.8,263.1,111.4,243.26503285354602,91.5,132.9710757399755,111.8,81.0,224.2,164.4,88.9,282.7,342.3,271.1,80.0,129.9754766144068,282.3,67.6,178.5577509070953,115.2,115.3,147.6,71.9,1.6,231.54849104628997,290.4284707503142,156.2,109.4,2.46797619257445,122.6,282.5244212623553,252.4,65.5,27.7,156.8,132.8,63.1,52.25653014983611,42.9,75.22081541122668,102.3,405.4,172.8,134.0,83.97778425174413,68.3,108.4,155.2,0.8,108.6,248.0,59.5,226.82885140851965,8.43558186723027,120.7,604.7348749154437,83.3,42.141799147822454,7.5,118.09675688890411,296.88528579529225,287.8707377040274,27.7,0.1,139.2,396.90319136574675,416.4,406.4,215.3,69.4,18.2,2.9,121.1,300.4,0.2,0.5,0.2,177.7,0.1,1.611563300730931,0.1,0.1,0.2,0.6,1.0,9.2,577.5,232.30991671902606,13.0,517.8,1.4,170.5,2.8804382332982095,121.0,43.20575492619811,9.7,132.06236014317335,2.1,135.1,120.8,108.7,67.8,126.2,9.4,2.2,1.8,58.99094970242867,156.4,190.61378859058885,244.68906314892905,148.30028224210247,1.2,165.9,2.8,23.5,6.1,368.5,169.4,66.4,5.7,1.0,54.5946451860511,19.6,200.3,12.492110555710223,12.984885833732967,356.0,232.2,12.3,17.7,33.5,193.6,23.8,1.2,1.2,130.9,0.8,7.3,1.1,241.0,2.2,97.4,71.3,51.992109925507584,8.826521098971321,0.5480289055634979,2.7,58.6,90.0,0.6,128.0,7.6,72.9,85.1,64.91725908806293,9.4,0.41782336762257916,178.0008132163178,6.9,0.1,62.0,124.9,20.8,135.6,82.6,5.0,2.2671199346966504,42.27650734598169,107.2,4.6,127.8,62.8,49.4,12.6,287.7,37.7,153.1,93.0,11.6,0.1,0.6,126.5,53.4,12.1,41.7,8.78938644171184,0.6554355199623925,27.2,0.1,0.1,0.2,161.50908065513227,14.6,144.5375891561435,11.1,40.3
158,125.1,88.2,76.2,182.9956396493939,165.0281296684352,264.1,114.5,260.6,195.7,216.07403791150236,412.53129047004626,253.9,349.7,283.71796243409847,146.2,255.5,101.0,282.8,291.4,482.3096847507198,180.00300397001007,167.51746083850696,292.9728673875024,137.8,243.62480319111577,141.4,152.0,369.4,220.8,121.7,259.0,105.6,411.3,256.1,156.1980009087837,255.3536778052597,131.17260169899336,236.5,195.7,86.0,250.1,244.6,214.1,263.14473801129077,286.2234855665755,325.0,802.5062840103403,324.2,101.5,148.4,284.2033442406248,78.4,163.6,462.315362089162,275.8,204.9,242.7287116566405,110.6,169.3,365.21334004664124,128.5,155.7140060311041,282.6,86.9,25.8,528.7914483797304,231.49654398795337,291.7,200.81137216348205,317.4627932251757,282.56441728459083,1133.7,267.0,177.7,330.2,416.5,168.1,205.0,227.97580508979746,109.64480055854871,589.5,215.2,217.67817892448156,449.441669013258,187.6,216.9,29.6,365.0,125.31324063812765,345.0,247.2,152.5,271.36309481105906,243.0,293.8,226.01643652111548,87.62726928054532,412.68893686721407,208.8501651123056,161.64878901068397,322.8939232201511,132.9,84.4,254.6,429.0,270.5,147.2,105.8,90.8,231.5,323.1,181.30231617518797,302.4,186.4,151.3,77.11716045824404,806.4,278.9,330.80621470678227,419.8,93.4,117.8,284.0,295.2589889128921,217.8807749091009,188.1,249.1,161.7,226.0,267.2,201.4,283.8,263.1,111.4,182.07449285246517,91.5,120.15262241616087,111.8,81.0,224.2,164.4,88.9,282.7,342.3,271.1,80.0,165.55483443152724,282.3,67.6,209.18562782910126,115.2,115.3,147.6,71.9,1.6,208.0543615936272,217.77680514846347,156.2,109.4,2.415862434272519,122.6,231.26808568523091,252.4,65.5,27.7,156.8,132.8,63.1,59.44450294039322,42.9,77.14747535530435,102.3,405.4,172.8,134.0,91.72541130856936,68.3,108.4,155.2,0.8,108.6,248.0,59.5,197.32321091835706,8.014190999419544,120.7,696.6244032128441,83.3,41.441307303139226,7.5,100.86291628732812,337.4477163683056,241.70057311480636,27.7,0.1,139.2,337.2722573889509,416.4,406.4,215.3,69.4,18.2,2.9,121.1,300.4,0.2,0.5,0.2,177.7,0.1,1.7910225610360095,0.1,0.1,0.2,0.6,1.0,9.2,577.5,181.34096621456993,13.0,517.8,1.4,170.5,2.9137080629752026,121.0,30.87422006985326,9.7,161.86429927907713,2.1,135.1,120.8,108.7,67.8,126.2,9.4,2.2,1.8,63.56749374055626,156.4,203.47089145263828,244.44810468592826,122.90873491781602,1.2,165.9,2.8,23.5,6.1,368.5,169.4,66.4,5.7,1.0,65.69140938270013,19.6,200.3,17.46007105330297,11.411237092299768,356.0,232.2,12.3,17.7,33.5,193.6,23.8,1.2,1.2,130.9,0.8,7.3,1.1,241.0,2.2,97.4,71.3,52.59827073540326,8.69236177190933,0.5070033687323087,2.7,58.6,90.0,0.6,128.0,7.6,72.9,85.1,63.80280024057298,9.4,0.35878087355732824,145.2630140828854,6.9,0.1,62.0,124.9,20.8,135.6,82.6,5.0,1.9749839467309243,36.40168213668868,107.2,4.6,127.8,62.8,49.4,12.6,287.7,37.7,153.1,93.0,11.6,0.1,0.6,126.5,53.4,12.1,41.7,8.480973190482509,0.6230216298727334,27.2,0.1,0.1,0.2,139.38389034928497,14.6,150.46395552291955,11.1,40.3
159,125.1,88.2,76.2,195.9919164687839,179.84346104242502,264.1,114.5,260.6,195.7,220.06981055134327,422.66468808019147,253.9,349.7,223.85755898351448,146.2,255.5,101.0,282.8,291.4,373.86581610480596,210.76368759754058,184.0135280543119,261.1300161990329,137.8,233.16285429579443,141.4,152.0,369.4,220.8,121.7,259.0,105.6,411.3,256.1,154.06103376070956,221.30872303039936,152.73670988178156,236.5,195.7,86.0,250.1,244.6,214.1,342.7330509649546,287.62152761554495,325.0,765.5724001776001,324.2,101.5,148.4,196.61943834131267,78.4,163.6,486.71505932058375,275.8,204.9,233.60240571632994,110.6,169.3,408.8709003003065,128.5,128.27432544311986,282.6,86.9,25.8,590.7218869792089,197.3772048943076,291.7,223.51616943004944,327.88642412602286,287.33085757887693,1133.7,267.0,177.7,330.2,416.5,168.1,205.0,228.82050610323284,141.23350682839435,589.5,215.2,254.36668545523634,537.7400433100339,187.6,216.9,29.6,365.0,109.55095127269195,345.0,247.2,152.5,298.87179645371225,243.0,293.8,167.30997382463445,106.41647927990394,335.37739189185095,254.06855342682798,178.62079823202347,293.30000845336536,132.9,84.4,254.6,429.0,270.5,147.2,105.8,90.8,231.5,323.1,138.10257620668975,302.4,186.4,151.3,82.51448398529247,806.4,278.9,373.23243766870524,419.8,93.4,117.8,284.0,224.87166621054564,260.93827409970714,188.1,249.1,161.7,226.0,267.2,201.4,283.8,263.1,111.4,198.30989123773136,91.5,104.0160677657394,111.8,81.0,224.2,164.4,88.9,282.7,342.3,271.1,80.0,154.82651167557682,282.3,67.6,165.2909339854915,115.2,115.3,147.6,71.9,1.6,291.41628721323667,255.28690285272586,156.2,109.4,1.8103103221428731,122.6,237.5886049196758,252.4,65.5,27.7,156.8,132.8,63.1,58.982477733877,42.9,89.35787062683906,102.3,405.4,172.8,134.0,96.60511779665906,68.3,108.4,155.2,0.8,108.6,248.0,59.5,171.74312226952784,8.123407233957298,120.7,786.7630765773517,83.3,51.223204337256504,7.5,119.29833274725596,263.7744453287479,253.89228285490782,27.7,0.1,139.2,356.9466522557215,416.4,406.4,215.3,69.4,18.2,2.9,121.1,300.4,0.2,0.5,0.2,177.7,0.1,1.6389710233087766,0.1,0.1,0.2,0.6,1.0,9.2,577.5,183.57540241676259,13.0,517.8,1.4,170.5,3.4361185016421363,121.0,44.026547062892156,9.7,149.60145356168843,2.1,135.1,120.8,108.7,67.8,126.2,9.4,2.2,1.8,75.18054108286134,156.4,159.08503604746693,245.3852830384962,119.36446954816756,1.2,165.9,2.8,23.5,6.1,368.5,169.4,66.4,5.7,1.0,51.90743195958954,19.6,200.3,16.78224225515862,11.8740394534392,356.0,232.2,12.3,17.7,33.5,193.6,23.8,1.2,1.2,130.9,0.8,7.3,1.1,241.0,2.2,97.4,71.3,43.14769870525369,7.132023532254917,0.4521001950179673,2.7,58.6,90.0,0.6,128.0,7.6,72.9,85.1,71.38174581432943,9.4,0.3573457004886754,209.99854275338498,6.9,0.1,62.0,124.9,20.8,135.6,82.6,5.0,1.9988093740383017,35.02399127052367,107.2,4.6,127.8,62.8,49.4,12.6,287.7,37.7,153.1,93.0,11.6,0.1,0.6,126.5,53.4,12.1,41.7,9.355387190412744,0.5813145703287911,27.2,0.1,0.1,0.2,183.02356840661406,14.6,146.89658750004367,11.1,40.3
160,125.1,88.2,76.2,238.84316257560857,146.99202556412857,264.1,114.5,260.6,195.7,218.21729852436002,303.8479539172104,253.9,349.7,283.6642683382767,146.2,255.5,101.0,282.8,291.4,477.06905627539265,210.08833044092768,171.71234635804478,329.11005501441264,137.8,242.60060209193534,141.4,152.0,369.4,220.8,121.7,259.0,105.6,411.3,256.1,146.59654468399424,210.0429469844217,190.68361024881602,236.5,195.7,86.0,250.1,244.6,214.1,328.22745974170266,311.8656927561515,325.0,816.4286359514456,324.2,101.5,148.4,240.8741833768856,78.4,163.6,512.357287488529,275.8,204.9,189.40231011003974,110.6,169.3,369.7981322338833,128.5,177.72336659795712,282.6,86.9,25.8,646.3666071532153,272.7922477941981,291.7,221.37369664797305,278.52436003812335,228.05229876696882,1133.7,267.0,177.7,330.2,416.5,168.1,205.0,174.35780030886917,149.43042638810735,589.5,215.2,219.70352198870165,512.0512175713861,187.6,216.9,29.6,365.0,111.84806252298287,345.0,247.2,152.5,260.7684995637198,243.0,293.8,175.71379420692617,92.29616893665072,337.438701580291,274.08271161075896,207.58588480070708,382.4675280902503,132.9,84.4,254.6,429.0,270.5,147.2,105.8,90.8,231.5,323.1,127.01437172199267,302.4,186.4,151.3,96.1767550212645,806.4,278.9,374.55941765662845,419.8,93.4,117.8,284.0,241.30116679266993,239.4797569497373,188.1,249.1,161.7,226.0,267.2,201.4,283.8,263.1,111.4,208.02037180748655,91.5,123.28776049795975,111.8,81.0,224.2,164.4,88.9,282.7,342.3,271.1,80.0,182.04663477156996,282.3,67.6,172.83348640830232,115.2,115.3,147.6,71.9,1.6,244.09230460284488,249.376705843034,156.2,109.4,1.9189979016396312,122.6,280.2569758761844,252.4,65.5,27.7,156.8,132.8,63.1,44.11921639707138,42.9,90.38326097907836,102.3,405.4,172.8,134.0,101.58098185601608,68.3,108.4,155.2,0.8,108.6,248.0,59.5,243.4257938517328,8.4859629589325,120.7,781.4346468421036,83.3,37.30786439920688,7.5,90.95806917179553,363.8493750248827,251.23473052305678,27.7,0.1,139.2,450.87734209932626,416.4,406.4,215.3,69.4,18.2,2.9,121.1,300.4,0.2,0.5,0.2,177.7,0.1,1.8594555728203583,0.1,0.1,0.2,0.6,1.0,9.2,577.5,245.12169552016812,13.0,517.8,1.4,170.5,2.856157730081577,121.0,36.4123931533847,9.7,157.29221899929888,2.1,135.1,120.8,108.7,67.8,126.2,9.4,2.2,1.8,53.68398691469147,156.4,206.54445038308765,282.05719717403406,149.06091905226512,1.2,165.9,2.8,23.5,6.1,368.5,169.4,66.4,5.7,1.0,74.56158566627421,19.6,200.3,16.804773927345245,12.385142294744332,356.0,232.2,12.3,17.7,33.5,193.6,23.8,1.2,1.2,130.9,0.8,7.3,1.1,241.0,2.2,97.4,71.3,47.3068002664632,7.885875333468723,0.5801788539845181,2.7,58.6,90.0,0.6,128.0,7.6,72.9,85.1,76.85212050319234,9.4,0.43118752656710263,150.26306535457644,6.9,0.1,62.0,124.9,20.8,135.6,82.6,5.0,2.6771374520551703,33.92805538057382,107.2,4.6,127.8,62.8,49.4,12.6,287.7,37.7,153.1,93.0,11.6,0.1,0.6,126.5,53.4,12.1,41.7,8.271354034197142,0.5121030398033222,27.2,0.1,0.1,0.2,172.32354829806266,14.6,127.10283877288913,11.1,40.3
161,125.1,88.2,76.2,239.39811274503694,123.50163257258997,264.1,114.5,260.6,195.7,164.86173223095722,307.8674885343003,253.9,349.7,238.8172397041159,146.2,255.5,101.0,282.8,291.4,485.0861972145854,226.4299224295967,151.63291176467146,284.4157343013859,137.8,233.97331501888183,141.4,152.0,369.4,220.8,121.7,259.0,105.6,411.3,256.1,160.61737677652127,284.12482744145615,137.4749435926609,236.5,195.7,86.0,250.1,244.6,214.1,336.97180713807006,250.68138325861358,325.0,831.2826171408752,324.2,101.5,148.4,254.19428706572813,78.4,163.6,513.8164736913013,275.8,204.9,237.1895344137163,110.6,169.3,361.76585046308753,128.5,171.4393988815098,282.6,86.9,25.8,571.1228254054995,216.10947632217213,291.7,200.7721250120412,299.9255452292977,216.21050936644863,1133.7,267.0,177.7,330.2,416.5,168.1,205.0,209.70611482598113,115.51487367579004,589.5,215.2,241.35147998958456,540.8465196713948,187.6,216.9,29.6,365.0,134.7997452753375,345.0,247.2,152.5,299.74030659993804,243.0,293.8,229.8562336082787,95.04527767573518,304.77219279899026,274.1309528985218,152.33647027659694,267.74188631570655,132.9,84.4,254.6,429.0,270.5,147.2,105.8,90.8,231.5,323.1,150.30439209213228,302.4,186.4,151.3,104.43943489698299,806.4,278.9,277.23389481296067,419.8,93.4,117.8,284.0,222.51149293791195,303.83255447260524,188.1,249.1,161.7,226.0,267.2,201.4,283.8,263.1,111.4,189.10155547830013,91.5,133.10595868675006,111.8,81.0,224.2,164.4,88.9,282.7,342.3,271.1,80.0,166.7350486967752,282.3,67.6,192.78296496738898,115.2,115.3,147.6,71.9,1.6,239.70068508415187,283.20219888444495,156.2,109.4,1.9461360900424964,122.6,259.26418436323337,252.4,65.5,27.7,156.8,132.8,63.1,45.85667589530196,42.9,69.81306894830139,102.3,405.4,172.8,134.0,77.76362474401972,68.3,108.4,155.2,0.8,108.6,248.0,59.5,180.06344327890451,7.943730308195585,120.7,628.7039750168578,83.3,47.435195658228864,7.5,130.9277787234955,273.0191786547319,293.21970377549025,27.7,0.1,139.2,496.8036090398783,416.4,406.4,215.3,69.4,18.2,2.9,121.1,300.4,0.2,0.5,0.2,177.7,0.1,1.570389127727469,0.1,0.1,0.2,0.6,1.0,9.2,577.5,206.6073744562733,13.0,517.8,1.4,170.5,3.6171811251532002,121.0,40.45596638126267,9.7,153.119823155961,2.1,135.1,120.8,108.7,67.8,126.2,9.4,2.2,1.8,59.164186651936355,156.4,230.53563758561387,243.04365822617206,144.71678885247752,1.2,165.9,2.8,23.5,6.1,368.5,169.4,66.4,5.7,1.0,65.1724765986514,19.6,200.3,13.299285655565797,11.178718968837318,356.0,232.2,12.3,17.7,33.5,193.6,23.8,1.2,1.2,130.9,0.8,7.3,1.1,241.0,2.2,97.4,71.3,52.249592224044854,7.848515132466219,0.5507501373542343,2.7,58.6,90.0,0.6,128.0,7.6,72.9,85.1,72.84672728099912,9.4,0.33724230407964306,176.29769550862972,6.9,0.1,62.0,124.9,20.8,135.6,82.6,5.0,2.574265928955096,40.43239723396688,107.2,4.6,127.8,62.8,49.4,12.6,287.7,37.7,153.1,93.0,11.6,0.1,0.6,126.5,53.4,12.1,41.7,6.847126034803723,0.5290255206534593,27.2,0.1,0.1,0.2,144.12980110707474,14.6,139.63184003778645,11.1,40.3
162,125.1,88.2,76.2,225.97802176142977,145.8367190385935,264.1,114.5,260.6,195.7,226.1150307872507,440.59165355750304,253.9,349.7,328.74313170486516,146.2,255.5,101.0,282.8,291.4,456.34069511627524,192.38865078194067,141.06600937777867,325.67471776078185,137.8,282.44709668758605,141.4,152.0,369.4,220.8,121.7,259.0,105.6,411.3,256.1,149.71933809944437,239.0497619370057,181.15452683304693,236.5,195.7,86.0,250.1,244.6,214.1,275.1339019796726,322.32020729540886,325.0,913.7303749113238,324.2,101.5,148.4,192.665163133766,78.4,163.6,416.4340292346158,275.8,204.9,183.1816353203222,110.6,169.3,307.47956710597555,128.5,160.1833137375453,282.6,86.9,25.8,465.09437084492953,200.90337727013883,291.7,181.4374456378944,255.81634983933472,264.0571475822867,1133.7,267.0,177.7,330.2,416.5,168.1,205.0,181.76781979516846,153.69360549010185,589.5,215.2,262.0150004223502,459.41569359174633,187.6,216.9,29.6,365.0,114.54530360512467,345.0,247.2,152.5,244.48933531043286,243.0,293.8,229.2665806872143,99.52725413411505,305.1343461628341,198.35926790126084,164.83567583693798,368.2725490065459,132.9,84.4,254.6,429.0,270.5,147.2,105.8,90.8,231.5,323.1,139.33846835426183,302.4,186.4,151.3,96.44316743780493,806.4,278.9,375.9730190264625,419.8,93.4,117.8,284.0,245.47655697156358,233.39073923228992,188.1,249.1,161.7,226.0,267.2,201.4,283.8,263.1,111.4,206.92988701052406,91.5,123.70411655969114,111.8,81.0,224.2,164.4,88.9,282.7,342.3,271.1,80.0,172.29195390371663,282.3,67.6,173.5987998537778,115.2,115.3,147.6,71.9,1.6,236.30586267529745,252.12723057326087,156.2,109.4,2.344315463809912,122.6,294.9271151538925,252.4,65.5,27.7,156.8,132.8,63.1,45.93968078418834,42.9,83.37117542012581,102.3,405.4,172.8,134.0,82.66094472794416,68.3,108.4,155.2,0.8,108.6,248.0,59.5,220.90235586556736,8.175616588914782,120.7,759.3772802530563,83.3,39.96945147066139,7.5,121.99573139133526,330.65868645054275,305.6636202298225,27.7,0.1,139.2,383.0007063306592,416.4,406.4,215.3,69.4,18.2,2.9,121.1,300.4,0.2,0.5,0.2,177.7,0.1,1.4344974045640826,0.1,0.1,0.2,0.6,1.0,9.2,577.5,238.9280238598459,13.0,517.8,1.4,170.5,3.42664289847179,121.0,42.307057665361285,9.7,141.76912260058685,2.1,135.1,120.8,108.7,67.8,126.2,9.4,2.2,1.8,51.11661241666068,156.4,154.1135367426223,203.1374365834898,108.03069831572653,1.2,165.9,2.8,23.5,6.1,368.5,169.4,66.4,5.7,1.0,53.976032559497,19.6,200.3,16.085743097351717,11.829227779777737,356.0,232.2,12.3,17.7,33.5,193.6,23.8,1.2,1.2,130.9,0.8,7.3,1.1,241.0,2.2,97.4,71.3,49.210373193792286,9.08297330123606,0.5866913470511912,2.7,58.6,90.0,0.6,128.0,7.6,72.9,85.1,60.189440554267826,9.4,0.4655900756004191,161.94679618235722,6.9,0.1,62.0,124.9,20.8,135.6,82.6,5.0,1.9251193366440693,32.17942743864573,107.2,4.6,127.8,62.8,49.4,12.6,287.7,37.7,153.1,93.0,11.6,0.1,0.6,126.5,53.4,12.1,41.7,9.200593661551403,0.5282880991056332,27.2,0.1,0.1,0.2,127.8507618669353,14.6,145.73906340971598,11.1,40.3
163,125.1,88.2,76.2,238.99514860621935,131.91308886678337,264.1,114.5,260.6,195.7,223.10037022581963,420.26541791488944,253.9,349.7,279.71570857692444,146.2,255.5,101.0,282.8,291.4,408.68741172633634,172.7199666170383,146.7606603554736,333.20983597927955,137.8,316.03689471970574,141.4,152.0,369.4,220.8,121.7,259.0,105.6,411.3,256.1,173.52980452792116,189.79563583337944,158.535484006821,236.5,195.7,86.0,250.1,244.6,214.1,285.36385717141627,262.7465656490718,325.0,855.3056125452325,324.2,101.5,148.4,193.48897258070502,78.4,163.6,464.43103843333404,275.8,204.9,254.80328809741945,110.6,169.3,321.61010622418974,128.5,164.26078216727353,282.6,86.9,25.8,507.08796675486064,210.33786519869517,291.7,210.52557231751626,303.5774995772082,252.68512197527278,1133.7,267.0,177.7,330.2,416.5,168.1,205.0,185.2735957975629,149.5113167528594,589.5,215.2,210.64961152001607,374.29664727648066,187.6,216.9,29.6,365.0,110.4333475999034,345.0,247.2,152.5,277.9990942843396,243.0,293.8,186.98249858508282,81.7195584948579,324.2769849131524,281.85026598433495,168.53766769401898,288.5235420717063,132.9,84.4,254.6,429.0,270.5,147.2,105.8,90.8,231.5,323.1,161.74667868685532,302.4,186.4,151.3,72.03209396894587,806.4,278.9,365.5111200021556,419.8,93.4,117.8,284.0,201.35001024507136,211.84710247968235,188.1,249.1,161.7,226.0,267.2,201.4,283.8,263.1,111.4,237.78497865472548,91.5,108.36359694736613,111.8,81.0,224.2,164.4,88.9,282.7,342.3,271.1,80.0,160.45229428431605,282.3,67.6,168.6196748968768,115.2,115.3,147.6,71.9,1.6,256.5498198632632,280.454273319345,156.2,109.4,2.0504977686589383,122.6,244.00165448928882,252.4,65.5,27.7,156.8,132.8,63.1,56.80680133601096,42.9,71.76030393757931,102.3,405.4,172.8,134.0,113.16580987303404,68.3,108.4,155.2,0.8,108.6,248.0,59.5,224.16061207265477,7.999845784206337,120.7,682.0443854834331,83.3,50.689990211675294,7.5,114.58289247597419,374.7538719633739,285.9423574711111,27.7,0.1,139.2,455.6490562907212,416.4,406.4,215.3,69.4,18.2,2.9,121.1,300.4,0.2,0.5,0.2,177.7,0.1,1.2932087327925819,0.1,0.1,0.2,0.6,1.0,9.2,577.5,218.37553122574565,13.0,517.8,1.4,170.5,2.9603178986559633,121.0,38.42824962037378,9.7,134.06432668320846,2.1,135.1,120.8,108.7,67.8,126.2,9.4,2.2,1.8,56.43418576330406,156.4,189.45361055941285,218.08898555630313,140.87157036629822,1.2,165.9,2.8,23.5,6.1,368.5,169.4,66.4,5.7,1.0,73.1039663050755,19.6,200.3,17.47952008341015,14.77731800529102,356.0,232.2,12.3,17.7,33.5,193.6,23.8,1.2,1.2,130.9,0.8,7.3,1.1,241.0,2.2,97.4,71.3,41.38570175375242,8.983525275599538,0.4695276520766285,2.7,58.6,90.0,0.6,128.0,7.6,72.9,85.1,56.41161785178232,9.4,0.44802723472118366,195.301306030899,6.9,0.1,62.0,124.9,20.8,135.6,82.6,5.0,2.0554157275647125,32.91195572536477,107.2,4.6,127.8,62.8,49.4,12.6,287.7,37.7,153.1,93.0,11.6,0.1,0.6,126.5,53.4,12.1,41.7,9.372408698392915,0.5543288164530281,27.2,0.1,0.1,0.2,135.13426380791623,14.6,167.82042534092557,11.1,40.3
164,125.1,88.2,76.2,257.632373974199,161.67937471019508,264.1,114.5,260.6,195.7,169.8035321497845,427.9706837812157,253.9,349.7,249.38501063996122,146.2,255.5,101.0,282.8,291.4,330.18638215626584,175.8182528954693,189.86838030210956,309.92348410198497,137.8,302.9899722065716,141.4,152.0,369.4,220.8,121.7,259.0,105.6,411.3,256.1,133.62184463387123,249.68051924276403,135.073745327635,236.5,195.7,86.0,250.1,244.6,214.1,267.16880458500276,304.14597960089833,325.0,718.5000810952474,324.2,101.5,148.4,275.0394868755718,78.4,163.6,461.3206717602245,275.8,204.9,184.02968413107635,110.6,169.3,359.91699388589217,128.5,124.1340549545104,282.6,86.9,25.8,510.2831783037226,212.6944020714958,291.7,191.6591834743782,305.84900970832297,273.32549116219957,1133.7,267.0,177.7,330.2,416.5,168.1,205.0,175.11686522597367,133.39967066585612,589.5,215.2,270.0796208151842,373.51667001280003,187.6,216.9,29.6,365.0,135.09705303947516,345.0,247.2,152.5,304.6770152576945,243.0,293.8,183.5148074153492,94.08780665092769,443.50109949937996,240.43830084311543,185.11227496781504,340.0103024313904,132.9,84.4,254.6,429.0,270.5,147.2,105.8,90.8,231.5,323.1,128.17803998346213,302.4,186.4,151.3,98.441482166543,806.4,278.9,350.68533200651564,419.8,93.4,117.8,284.0,241.94013337606367,246.6005484647293,188.1,249.1,161.7,226.0,267.2,201.4,283.8,263.1,111.4,167.75227084011283,91.5,139.86078441109663,111.8,81.0,224.2,164.4,88.9,282.7,342.3,271.1,80.0,165.80157131509338,282.3,67.6,218.19486510431886,115.2,115.3,147.6,71.9,1.6,222.50647703197046,292.17488017642404,156.2,109.4,1.822830524283296,122.6,274.3046400761769,252.4,65.5,27.7,156.8,132.8,63.1,49.012259718679765,42.9,81.53285904109717,102.3,405.4,172.8,134.0,93.95827288604872,68.3,108.4,155.2,0.8,108.6,248.0,59.5,194.22601968942848,9.319513381958863,120.7,575.934024803879,83.3,36.00961790238503,7.5,118.50361948384625,359.26579017162766,318.88661480748715,27.7,0.1,139.2,495.9125436002083,416.4,406.4,215.3,69.4,18.2,2.9,121.1,300.4,0.2,0.5,0.2,177.7,0.1,1.6060980502265636,0.1,0.1,0.2,0.6,1.0,9.2,577.5,233.2961127979812,13.0,517.8,1.4,170.5,2.5891230405812604,121.0,33.491264056898466,9.7,156.75032895016727,2.1,135.1,120.8,108.7,67.8,126.2,9.4,2.2,1.8,61.528033898057636,156.4,187.54043356085603,291.31432569097126,144.24199342457808,1.2,165.9,2.8,23.5,6.1,368.5,169.4,66.4,5.7,1.0,70.96543054872181,19.6,200.3,15.27018795887836,12.556890254217867,356.0,232.2,12.3,17.7,33.5,193.6,23.8,1.2,1.2,130.9,0.8,7.3,1.1,241.0,2.2,97.4,71.3,52.1109200124281,7.65030492879946,0.42172546291554364,2.7,58.6,90.0,0.6,128.0,7.6,72.9,85.1,66.7264659793149,9.4,0.3539313309458265,210.24284476893462,6.9,0.1,62.0,124.9,20.8,135.6,82.6,5.0,2.350729854383596,43.52244391673216,107.2,4.6,127.8,62.8,49.4,12.6,287.7,37.7,153.1,93.0,11.6,0.1,0.6,126.5,53.4,12.1,41.7,6.996547858112902,0.4856416082862385,27.2,0.1,0.1,0.2,163.3052493353849,14.6,143.00223783731133,11.1,40.3
165,125.1,88.2,76.2,216.08386010881532,145.55054876929296,264.1,114.5,260.6,195.7,209.14727282974775,341.3108517780893,253.9,349.7,278.56101644411086,146.2,255.5,101.0,282.8,291.4,430.57914558679477,212.3559754739889,150.56639607826443,273.67058204463746,137.8,219.33457747856147,141.4,152.0,369.4,220.8,121.7,259.0,105.6,411.3,256.1,147.62966158061795,189.84988543773596,145.58370872272138,236.5,195.7,86.0,250.1,244.6,214.1,336.0161216661679,275.4084305837245,325.0,855.1950406168969,324.2,101.5,148.4,271.20806361831467,78.4,163.6,527.6381018174583,275.8,204.9,242.01163476558736,110.6,169.3,294.25990418570024,128.5,144.41142908506322,282.6,86.9,25.8,681.8301999532862,254.17558045861244,291.7,209.76194168947538,297.3539726468131,210.396495364338,1133.7,267.0,177.7,330.2,416.5,168.1,205.0,195.35054833402447,105.99887629701348,589.5,215.2,278.6472024298278,534.2979494972545,187.6,216.9,29.6,365.0,106.28573485622078,345.0,247.2,152.5,272.9167767574129,243.0,293.8,223.88233246977964,85.77519172344574,338.3536656708107,284.15894231505115,205.68537543784143,275.40815596284017,132.9,84.4,254.6,429.0,270.5,147.2,105.8,90.8,231.5,323.1,165.36227723548518,302.4,186.4,151.3,82.74289234765075,806.4,278.9,269.6590609833258,419.8,93.4,117.8,284.0,279.36907888696965,233.66131706844402,188.1,249.1,161.7,226.0,267.2,201.4,283.8,263.1,111.4,168.88570552660417,91.5,112.1420189933866,111.8,81.0,224.2,164.4,88.9,282.7,342.3,271.1,80.0,138.1394441912089,282.3,67.6,187.82034222699167,115.2,115.3,147.6,71.9,1.6,280.60279454036055,301.27173389401787,156.2,109.4,2.5062861997512673,122.6,292.0470512846123,252.4,65.5,27.7,156.8,132.8,63.1,57.30213876485216,42.9,70.72587259981466,102.3,405.4,172.8,134.0,106.38280752555953,68.3,108.4,155.2,0.8,108.6,248.0,59.5,242.50790554924723,9.160477954581225,120.7,668.5931327328008,83.3,49.87950726722215,7.5,114.37766598117736,281.7418070872964,262.28755294727165,27.7,0.1,139.2,431.9363896400614,416.4,406.4,215.3,69.4,18.2,2.9,121.1,300.4,0.2,0.5,0.2,177.7,0.1,1.434642566990722,0.1,0.1,0.2,0.6,1.0,9.2,577.5,244.469558485721,13.0,517.8,1.4,170.5,3.003202832331838,121.0,35.149255840856746,9.7,157.4199310267144,2.1,135.1,120.8,108.7,67.8,126.2,9.4,2.2,1.8,70.26414182632112,156.4,183.6193987121894,255.61404350577473,105.53840697311284,1.2,165.9,2.8,23.5,6.1,368.5,169.4,66.4,5.7,1.0,68.46421778439003,19.6,200.3,16.21236384463176,12.545946617861496,356.0,232.2,12.3,17.7,33.5,193.6,23.8,1.2,1.2,130.9,0.8,7.3,1.1,241.0,2.2,97.4,71.3,45.0612968917621,9.583337018999032,0.41305919376095246,2.7,58.6,90.0,0.6,128.0,7.6,72.9,85.1,69.07783071742223,9.4,0.47711276788842855,149.31780796681417,6.9,0.1,62.0,124.9,20.8,135.6,82.6,5.0,2.784981110776329,43.72482127113811,107.2,4.6,127.8,62.8,49.4,12.6,287.7,37.7,153.1,93.0,11.6,0.1,0.6,126.5,53.4,12.1,41.7,9.108858934471199,0.6569219036833437,27.2,0.1,0.1,0.2,132.31478774592318,14.6,146.8033668497499,11.1,40.3
166,125.1,88.2,76.2,211.27427362476553,133.8200888075137,264.1,114.5,260.6,195.7,195.9095406563187,427.8902150878386,253.9,349.7,303.140218639894,146.2,255.5,101.0,282.8,291.4,472.0289757742106,220.61871552008043,159.44182780823695,370.65550447329,137.8,236.79328428236056,141.4,152.0,369.4,220.8,121.7,259.0,105.6,411.3,256.1,144.38563144830346,245.39271703423057,177.5417416620703,236.5,195.7,86.0,250.1,244.6,214.1,264.9498150585884,260.6611898547907,325.0,793.3201095798381,324.2,101.5,148.4,252.60419106254923,78.4,163.6,525.7050981416276,275.8,204.9,231.10642293165353,110.6,169.3,306.5579724277969,128.5,146.30494582462472,282.6,86.9,25.8,475.8188294971343,240.26795431876297,291.7,185.3565362168427,313.4868749925267,284.14975250746704,1133.7,267.0,177.7,330.2,416.5,168.1,205.0,192.27924779836536,142.71316748033553,589.5,215.2,246.6370220793188,504.59428027906813,187.6,216.9,29.6,365.0,95.66388899074659,345.0,247.2,152.5,293.24566315508287,243.0,293.8,222.7141337031776,109.91529408364909,365.36547121813334,260.04667706980604,170.88300138084452,342.9311918435246,132.9,84.4,254.6,429.0,270.5,147.2,105.8,90.8,231.5,323.1,166.2811330240758,302.4,186.4,151.3,88.81466613400258,806.4,278.9,366.7837259126735,419.8,93.4,117.8,284.0,232.23819459065925,307.2498160327184,188.1,249.1,161.7,226.0,267.2,201.4,283.8,263.1,111.4,244.87462521338847,91.5,114.42874902570341,111.8,81.0,224.2,164.4,88.9,282.7,342.3,271.1,80.0,174.80328367591488,282.3,67.6,217.07585489855165,115.2,115.3,147.6,71.9,1.6,292.4664215469132,293.7242324526565,156.2,109.4,1.8926082270787439,122.6,293.47600629455735,252.4,65.5,27.7,156.8,132.8,63.1,48.87043627983191,42.9,89.93406410000445,102.3,405.4,172.8,134.0,98.16274725436806,68.3,108.4,155.2,0.8,108.6,248.0,59.5,216.45336315580093,6.765461558199886,120.7,841.0168654607637,83.3,42.80191097436055,7.5,96.32305574696028,291.5331989785652,348.1146271370228,27.7,0.1,139.2,374.8752003741505,416.4,406.4,215.3,69.4,18.2,2.9,121.1,300.4,0.2,0.5,0.2,177.7,0.1,1.8876887625425334,0.1,0.1,0.2,0.6,1.0,9.2,577.5,248.57123620380648,13.0,517.8,1.4,170.5,3.5549356640687417,121.0,35.36531269491035,9.7,134.0695995153909,2.1,135.1,120.8,108.7,67.8,126.2,9.4,2.2,1.8,59.42472212102108,156.4,216.63695182701613,260.95775572272476,133.41172064817712,1.2,165.9,2.8,23.5,6.1,368.5,169.4,66.4,5.7,1.0,69.9581757192309,19.6,200.3,13.887849924969265,12.985214378652953,356.0,232.2,12.3,17.7,33.5,193.6,23.8,1.2,1.2,130.9,0.8,7.3,1.1,241.0,2.2,97.4,71.3,56.29013746569438,7.452596003554567,0.5816172742613703,2.7,58.6,90.0,0.6,128.0,7.6,72.9,85.1,73.13867103012983,9.4,0.3791021956854158,181.99866070144913,6.9,0.1,62.0,124.9,20.8,135.6,82.6,5.0,2.6558978490292002,43.3547020572354,107.2,4.6,127.8,62.8,49.4,12.6,287.7,37.7,153.1,93.0,11.6,0.1,0.6,126.5,53.4,12.1,41.7,9.037930195407576,0.6647816266356344,27.2,0.1,0.1,0.2,136.9736698152947,14.6,155.12451951288142,11.1,40.3
167,125.1,88.2,76.2,264.04609446931534,160.11831768569485,264.1,114.5,260.6,195.7,239.18382872080875,398.0978604445792,253.9,349.7,280.2796628641604,146.2,255.5,101.0,282.8,291.4,466.66927403664295,194.7744724269605,135.34449106337112,364.28038947734234,137.8,230.8870868000033,141.4,152.0,369.4,220.8,121.7,259.0,105.6,411.3,256.1,159.35684804344464,228.01272252201852,195.62947575503296,236.5,195.7,86.0,250.1,244.6,214.1,270.1413095288115,267.5013782644455,325.0,763.9554941853462,324.2,101.5,148.4,234.91454357602595,78.4,163.6,486.0504901301905,275.8,204.9,175.79583342376915,110.6,169.3,349.92535030865827,128.5,127.16265682301538,282.6,86.9,25.8,649.6131576197447,270.8559956933669,291.7,176.42657711528148,298.839810706709,275.0917154693012,1133.7,267.0,177.7,330.2,416.5,168.1,205.0,168.4803797876068,108.30834994369116,589.5,215.2,257.19361115713656,528.466245005792,187.6,216.9,29.6,365.0,133.71061688777493,345.0,247.2,152.5,244.05442678444447,243.0,293.8,229.02510923284967,90.40220398601404,376.41397142557025,271.23114311833785,167.36434052292324,341.46046599350154,132.9,84.4,254.6,429.0,270.5,147.2,105.8,90.8,231.5,323.1,152.4041695437927,302.4,186.4,151.3,87.5364487348445,806.4,278.9,387.30113236699276,419.8,93.4,117.8,284.0,274.4575262775285,292.7431762267832,188.1,249.1,161.7,226.0,267.2,201.4,283.8,263.1,111.4,208.8885967070907,91.5,100.53413802773254,111.8,81.0,224.2,164.4,88.9,282.7,342.3,271.1,80.0,144.5703222087909,282.3,67.6,176.0785029969644,115.2,115.3,147.6,71.9,1.6,234.57139581802298,223.20942970761112,156.2,109.4,2.1579472054768782,122.6,279.4546180722157,252.4,65.5,27.7,156.8,132.8,63.1,49.873404785568184,42.9,73.15280705023584,102.3,405.4,172.8,134.0,97.74754546039956,68.3,108.4,155.2,0.8,108.6,248.0,59.5,173.58546807317995,8.364966010988532,120.7,773.9822580218004,83.3,44.43796267018822,7.5,90.00430158284092,340.29426808738054,264.6750662182407,27.7,0.1,139.2,457.1696439890836,416.4,406.4,215.3,69.4,18.2,2.9,121.1,300.4,0.2,0.5,0.2,177.7,0.1,1.3662737100247053,0.1,0.1,0.2,0.6,1.0,9.2,577.5,215.1814836138812,13.0,517.8,1.4,170.5,3.664756254060231,121.0,40.440032805913994,9.7,176.82114980640745,2.1,135.1,120.8,108.7,67.8,126.2,9.4,2.2,1.8,57.35223885239713,156.4,162.56793036534174,239.1451325248038,108.01859705643524,1.2,165.9,2.8,23.5,6.1,368.5,169.4,66.4,5.7,1.0,69.16460011074811,19.6,200.3,13.210412295470226,13.876134921432936,356.0,232.2,12.3,17.7,33.5,193.6,23.8,1.2,1.2,130.9,0.8,7.3,1.1,241.0,2.2,97.4,71.3,56.62100646968719,7.321876034934805,0.5271112475486882,2.7,58.6,90.0,0.6,128.0,7.6,72.9,85.1,66.58906173136465,9.4,0.32904842677283036,186.7623332728116,6.9,0.1,62.0,124.9,20.8,135.6,82.6,5.0,2.4236843005916286,47.266265530380906,107.2,4.6,127.8,62.8,49.4,12.6,287.7,37.7,153.1,93.0,11.6,0.1,0.6,126.5,53.4,12.1,41.7,7.055474732452849,0.5204483918424136,27.2,0.1,0.1,0.2,148.21012115656092,14.6,163.83785277767342,11.1,40.3
168,125.1,88.2,76.2,219.3353997856587,134.78676254269965,264.1,114.5,260.6,195.7,211.18430790728925,399.24571872042014,253.9,349.7,301.84578069297663,146.2,255.5,101.0,282.8,291.4,404.52772552986164,182.86532042292978,181.7820990725986,263.9441084414008,137.8,214.72529949389292,141.4,152.0,369.4,220.8,121.7,259.0,105.6,411.3,256.1,185.37921598547103,235.4683398026838,164.55428617609357,236.5,195.7,86.0,250.1,244.6,214.1,285.0819028272659,253.83000161779802,325.0,832.3151653091218,324.2,101.5,148.4,239.05270345116793,78.4,163.6,362.8383016349449,275.8,204.9,211.62956678065262,110.6,169.3,294.8454677031379,128.5,133.859179053068,282.6,86.9,25.8,456.93850150252064,260.7214222556493,291.7,205.4361267458367,307.9339854925823,287.1373027819221,1133.7,267.0,177.7,330.2,416.5,168.1,205.0,218.02131895087814,136.25814925071245,589.5,215.2,239.02485368059166,457.52375581195554,187.6,216.9,29.6,365.0,110.48150621337453,345.0,247.2,152.5,252.104916755941,243.0,293.8,170.5139379703315,103.26461970447936,342.4684628281593,276.494367839902,154.0958692920681,306.6216473210902,132.9,84.4,254.6,429.0,270.5,147.2,105.8,90.8,231.5,323.1,173.7431961576148,302.4,186.4,151.3,96.20541102082107,806.4,278.9,350.23516957381486,419.8,93.4,117.8,284.0,209.09985779554572,258.6373990936493,188.1,249.1,161.7,226.0,267.2,201.4,283.8,263.1,111.4,189.04734038424075,91.5,111.73611239175025,111.8,81.0,224.2,164.4,88.9,282.7,342.3,271.1,80.0,170.54394208231818,282.3,67.6,204.1145189130508,115.2,115.3,147.6,71.9,1.6,206.0133474469155,278.18271796768653,156.2,109.4,1.7620774007792297,122.6,239.17727754744257,252.4,65.5,27.7,156.8,132.8,63.1,56.70374379009428,42.9,71.17874980732198,102.3,405.4,172.8,134.0,81.94541643862166,68.3,108.4,155.2,0.8,108.6,248.0,59.5,219.97854436660106,7.203867391158793,120.7,629.7805724993486,83.3,42.99963149896976,7.5,127.28954307297244,319.8156891258629,335.48779734683404,27.7,0.1,139.2,421.7397794431943,416.4,406.4,215.3,69.4,18.2,2.9,121.1,300.4,0.2,0.5,0.2,177.7,0.1,1.6774206707053394,0.1,0.1,0.2,0.6,1.0,9.2,577.5,200.95946190803238,13.0,517.8,1.4,170.5,2.627905817785106,121.0,37.05151991564768,9.7,176.16814357504882,2.1,135.1,120.8,108.7,67.8,126.2,9.4,2.2,1.8,55.18689242056783,156.4,209.76404742351178,202.1260155505483,114.43054901344792,1.2,165.9,2.8,23.5,6.1,368.5,169.4,66.4,5.7,1.0,68.70177486705589,19.6,200.3,13.143727525968778,11.027364314559467,356.0,232.2,12.3,17.7,33.5,193.6,23.8,1.2,1.2,130.9,0.8,7.3,1.1,241.0,2.2,97.4,71.3,50.08828747028517,8.353314137098389,0.4842189253923259,2.7,58.6,90.0,0.6,128.0,7.6,72.9,85.1,65.28281599987679,9.4,0.44760151177274654,157.90766966394213,6.9,0.1,62.0,124.9,20.8,135.6,82.6,5.0,2.0491519581706283,44.96620904282755,107.2,4.6,127.8,62.8,49.4,12.6,287.7,37.7,153.1,93.0,11.6,0.1,0.6,126.5,53.4,12.1,41.7,8.668229351328335,0.5656757141425569,27.2,0.1,0.1,0.2,138.30797891963556,14.6,160.6260283523359,11.1,40.3
169,125.1,88.2,76.2,186.2581439130743,174.85682484418197,264.1,114.5,260.6,195.7,186.8611800326584,313.6533070826631,253.9,349.7,279.5512485969879,146.2,255.5,101.0,282.8,291.4,445.055076650703,174.64990922661465,168.1175621311691,363.74452664071094,137.8,252.3295565399708,141.4,152.0,369.4,220.8,121.7,259.0,105.6,411.3,256.1,189.18618974376324,220.2205768855242,163.83118136165157,236.5,195.7,86.0,250.1,244.6,214.1,269.3247877686743,308.09899993563005,325.0,712.7173918640354,324.2,101.5,148.4,273.38803134644246,78.4,163.6,374.11862830231075,275.8,204.9,193.85109449860332,110.6,169.3,353.6826481998386,128.5,172.623599325439,282.6,86.9,25.8,604.6349538979484,260.962064298088,291.7,165.36242410956876,266.91722840323723,283.55211665987247,1133.7,267.0,177.7,330.2,416.5,168.1,205.0,184.34953956554506,132.47142372196413,589.5,215.2,238.01485980293833,493.1516904312082,187.6,216.9,29.6,365.0,113.09110390997685,345.0,247.2,152.5,263.11193528094293,243.0,293.8,213.70609608253073,79.15669112543266,418.89823261716595,241.2969679192494,175.4055940696715,285.4543307027848,132.9,84.4,254.6,429.0,270.5,147.2,105.8,90.8,231.5,323.1,146.70615247166526,302.4,186.4,151.3,88.7794806447049,806.4,278.9,272.32356237447175,419.8,93.4,117.8,284.0,272.6586802164296,232.47077819820782,188.1,249.1,161.7,226.0,267.2,201.4,283.8,263.1,111.4,172.3614952142623,91.5,135.096749350338,111.8,81.0,224.2,164.4,88.9,282.7,342.3,271.1,80.0,176.1705058358783,282.3,67.6,193.42370866056834,115.2,115.3,147.6,71.9,1.6,295.0091316459144,294.7471616150048,156.2,109.4,2.0979000375206662,122.6,225.50369345613817,252.4,65.5,27.7,156.8,132.8,63.1,42.73253632764006,42.9,87.7525479319394,102.3,405.4,172.8,134.0,98.99168521033154,68.3,108.4,155.2,0.8,108.6,248.0,59.5,182.17062648365024,8.352214285767952,120.7,657.2298101557401,83.3,36.182142847679096,7.5,95.62384253065274,308.3118030758046,345.7458045808449,27.7,0.1,139.2,428.58478644935246,416.4,406.4,215.3,69.4,18.2,2.9,121.1,300.4,0.2,0.5,0.2,177.7,0.1,1.80344679932303,0.1,0.1,0.2,0.6,1.0,9.2,577.5,208.56823319225543,13.0,517.8,1.4,170.5,2.612202080685675,121.0,43.37600663276958,9.7,177.0513129652615,2.1,135.1,120.8,108.7,67.8,126.2,9.4,2.2,1.8,72.99471959395584,156.4,163.7057304383266,277.82112524052275,121.44622199312728,1.2,165.9,2.8,23.5,6.1,368.5,169.4,66.4,5.7,1.0,72.93486865795393,19.6,200.3,17.753151903767815,12.261427869984779,356.0,232.2,12.3,17.7,33.5,193.6,23.8,1.2,1.2,130.9,0.8,7.3,1.1,241.0,2.2,97.4,71.3,56.756454945339655,8.301135977417573,0.4952442975880621,2.7,58.6,90.0,0.6,128.0,7.6,72.9,85.1,74.63090072094309,9.4,0.3902333007998223,183.38317466651387,6.9,0.1,62.0,124.9,20.8,135.6,82.6,5.0,2.2415169145561107,47.94861536039818,107.2,4.6,127.8,62.8,49.4,12.6,287.7,37.7,153.1,93.0,11.6,0.1,0.6,126.5,53.4,12.1,41.7,8.89417534008929,0.6434976032502158,27.2,0.1,0.1,0.2,183.98723115143804,14.6,145.40083093640212,11.1,40.3
170,125.1,88.2,76.2,210.52293326636266,134.00117783440112,264.1,114.5,260.6,195.7,211.13989776260192,396.9743282120263,253.9,349.7,291.0628426178836,146.2,255.5,101.0,282.8,291.4,446.04163881401786,229.83643964445628,161.76079028287978,350.9361860510739,137.8,247.87705638590344,141.4,152.0,369.4,220.8,121.7,259.0,105.6,411.3,256.1,158.69510869836998,262.8497402250533,170.58799897776066,236.5,195.7,86.0,250.1,244.6,214.1,247.93146106848587,317.73038582832146,325.0,681.8804017585419,324.2,101.5,148.4,276.4360875982698,78.4,163.6,491.22732876778804,275.8,204.9,193.84473721492785,110.6,169.3,368.8758817649277,128.5,171.71201608801385,282.6,86.9,25.8,589.9277556227701,261.67203459305324,291.7,151.82525172517344,322.6529822478799,244.7892414052306,1133.7,267.0,177.7,330.2,416.5,168.1,205.0,160.44854339910577,114.5550918283529,589.5,215.2,230.90517097495223,457.515826550774,187.6,216.9,29.6,365.0,106.51883410434962,345.0,247.2,152.5,236.7317462309872,243.0,293.8,235.15569419771901,98.84868412520883,392.7584016417338,195.32642957528736,186.75429540732398,386.78535262978204,132.9,84.4,254.6,429.0,270.5,147.2,105.8,90.8,231.5,323.1,138.7743182008224,302.4,186.4,151.3,87.07518655584795,806.4,278.9,374.95192087859914,419.8,93.4,117.8,284.0,245.16953171597982,267.40062506448413,188.1,249.1,161.7,226.0,267.2,201.4,283.8,263.1,111.4,197.1110002022465,91.5,102.13759168268004,111.8,81.0,224.2,164.4,88.9,282.7,342.3,271.1,80.0,185.50876636085889,282.3,67.6,204.79354672023953,115.2,115.3,147.6,71.9,1.6,201.25050000879057,217.00829456294014,156.2,109.4,1.7991262347469095,122.6,236.55845693454592,252.4,65.5,27.7,156.8,132.8,63.1,50.6771355157775,42.9,80.41761000398695,102.3,405.4,172.8,134.0,108.24884276821604,68.3,108.4,155.2,0.8,108.6,248.0,59.5,237.23027767256156,6.611726993720768,120.7,608.8805090005892,83.3,50.57842730809863,7.5,111.8619703924133,332.1476819516217,299.6004695780331,27.7,0.1,139.2,449.4364809998113,416.4,406.4,215.3,69.4,18.2,2.9,121.1,300.4,0.2,0.5,0.2,177.7,0.1,1.8317503274084657,0.1,0.1,0.2,0.6,1.0,9.2,577.5,189.07333363424198,13.0,517.8,1.4,170.5,3.159534457473878,121.0,38.53498211348733,9.7,138.21986404233922,2.1,135.1,120.8,108.7,67.8,126.2,9.4,2.2,1.8,59.28267084121361,156.4,211.75665192093564,289.2874732911352,123.89115664464404,1.2,165.9,2.8,23.5,6.1,368.5,169.4,66.4,5.7,1.0,53.07044255951562,19.6,200.3,17.26335280214601,15.231860731903417,356.0,232.2,12.3,17.7,33.5,193.6,23.8,1.2,1.2,130.9,0.8,7.3,1.1,241.0,2.2,97.4,71.3,38.294965486263,7.1962150221433925,0.5903355688167624,2.7,58.6,90.0,0.6,128.0,7.6,72.9,85.1,58.141103276088174,9.4,0.43335785232820545,191.1741170729108,6.9,0.1,62.0,124.9,20.8,135.6,82.6,5.0,2.4429381126739296,33.89857400139434,107.2,4.6,127.8,62.8,49.4,12.6,287.7,37.7,153.1,93.0,11.6,0.1,0.6,126.5,53.4,12.1,41.7,7.691962984314619,0.6928614439511818,27.2,0.1,0.1,0.2,161.8738846743748,14.6,143.9191731348271,11.1,40.3
171,125.1,88.2,76.2,212.39177214416637,122.91921669839465,264.1,114.5,260.6,195.7,241.09533989872938,338.6858266666144,253.9,349.7,320.1675055176328,146.2,255.5,101.0,282.8,291.4,470.4184559084787,197.2023402790906,176.69124201074393,343.7731687923381,137.8,213.9311793291944,141.4,152.0,369.4,220.8,121.7,259.0,105.6,411.3,256.1,192.63733318873017,280.20008152260345,157.65102840834027,236.5,195.7,86.0,250.1,244.6,214.1,294.04219061059814,322.88555120999627,325.0,806.0209124297944,324.2,101.5,148.4,215.33033025407593,78.4,163.6,493.9816126564224,275.8,204.9,240.37586316164965,110.6,169.3,358.96941957071846,128.5,144.77558932720285,282.6,86.9,25.8,678.1169801739752,269.94894242566295,291.7,189.69775433445642,303.23395950343274,260.04181139046733,1133.7,267.0,177.7,330.2,416.5,168.1,205.0,228.623067641308,150.5162227222666,589.5,215.2,284.13744157383803,524.2407793205745,187.6,216.9,29.6,365.0,135.3838956009818,345.0,247.2,152.5,221.32901567970168,243.0,293.8,220.22573500647212,94.88243445979998,423.98525876851267,284.0769976806683,200.26560807468007,351.08609601139074,132.9,84.4,254.6,429.0,270.5,147.2,105.8,90.8,231.5,323.1,129.35301713682975,302.4,186.4,151.3,83.30571400343669,806.4,278.9,376.2561099362365,419.8,93.4,117.8,284.0,278.19856249093505,302.9074439596959,188.1,249.1,161.7,226.0,267.2,201.4,283.8,263.1,111.4,185.660432684211,91.5,136.87675389081798,111.8,81.0,224.2,164.4,88.9,282.7,342.3,271.1,80.0,171.9806909977837,282.3,67.6,182.4799681474785,115.2,115.3,147.6,71.9,1.6,255.9113109643236,277.0085666066744,156.2,109.4,2.251313920708122,122.6,284.76651970771513,252.4,65.5,27.7,156.8,132.8,63.1,42.903700446835956,42.9,89.16611710114708,102.3,405.4,172.8,134.0,81.49716464244466,68.3,108.4,155.2,0.8,108.6,248.0,59.5,228.29263502693448,6.91565218069206,120.7,585.3290388682872,83.3,44.599930818201194,7.5,87.69178012740113,370.8622156937262,241.891747658387,27.7,0.1,139.2,403.9282553099779,416.4,406.4,215.3,69.4,18.2,2.9,121.1,300.4,0.2,0.5,0.2,177.7,0.1,1.9033599573657263,0.1,0.1,0.2,0.6,1.0,9.2,577.5,185.18782746107817,13.0,517.8,1.4,170.5,3.2098773578091615,121.0,42.077779579145265,9.7,148.11974823600573,2.1,135.1,120.8,108.7,67.8,126.2,9.4,2.2,1.8,61.37536786180311,156.4,182.677838314452,217.28016277075216,109.03507386166001,1.2,165.9,2.8,23.5,6.1,368.5,169.4,66.4,5.7,1.0,62.214220102562855,19.6,200.3,12.15038100955013,10.74837050345241,356.0,232.2,12.3,17.7,33.5,193.6,23.8,1.2,1.2,130.9,0.8,7.3,1.1,241.0,2.2,97.4,71.3,46.67045421491738,7.209518525311278,0.5723341470089576,2.7,58.6,90.0,0.6,128.0,7.6,72.9,85.1,70.33294637780617,9.4,0.3222930806069171,157.69849147546918,6.9,0.1,62.0,124.9,20.8,135.6,82.6,5.0,2.1094038152318877,43.9983337208313,107.2,4.6,127.8,62.8,49.4,12.6,287.7,37.7,153.1,93.0,11.6,0.1,0.6,126.5,53.4,12.1,41.7,7.827615084811696,0.5749602817776603,27.2,0.1,0.1,0.2,189.46632326984968,14.6,131.59415387005822,11.1,40.3
