member,S_factor__Thigh_Shigh,S_factor__Thigh_Slow,S_factor__Tlow_Shigh,S_factor__Tlow_Slow,S_factor__baseline_T1_S1,T_factor__Thigh_Shigh,T_factor__Thigh_Slow,T_factor__Tlow_Shigh,T_factor__Tlow_Slow,T_factor__baseline_T1_S1,absolute_streamflow_error_cfs__Thigh_Shigh,absolute_streamflow_error_cfs__Thigh_Slow,absolute_streamflow_error_cfs__Tlow_Shigh,absolute_streamflow_error_cfs__Tlow_Slow,absolute_streamflow_error_cfs__baseline_T1_S1,depletion_cfs__Thigh_Shigh,depletion_cfs__Thigh_Slow,depletion_cfs__Tlow_Shigh,depletion_cfs__Tlow_Slow,depletion_cfs__baseline_T1_S1,depletion_change_from_baseline_cfs__Thigh_Shigh,depletion_change_from_baseline_cfs__Thigh_Slow,depletion_change_from_baseline_cfs__Tlow_Shigh,depletion_change_from_baseline_cfs__Tlow_Slow,depletion_change_from_baseline_cfs__baseline_T1_S1,pumping_objective_reeval_cfs__Thigh_Shigh,pumping_objective_reeval_cfs__Thigh_Slow,pumping_objective_reeval_cfs__Tlow_Shigh,pumping_objective_reeval_cfs__Tlow_Slow,pumping_objective_reeval_cfs__baseline_T1_S1,streamflow_cfs__Thigh_Shigh,streamflow_cfs__Thigh_Slow,streamflow_cfs__Tlow_Shigh,streamflow_cfs__Tlow_Slow,streamflow_cfs__baseline_T1_S1,streamflow_change_from_baseline_cfs__Thigh_Shigh,streamflow_change_from_baseline_cfs__Thigh_Slow,streamflow_change_from_baseline_cfs__Tlow_Shigh,streamflow_change_from_baseline_cfs__Tlow_Slow,streamflow_change_from_baseline_cfs__baseline_T1_S1,streamflow_shortfall_below_baseline_cfs__Thigh_Shigh,streamflow_shortfall_below_baseline_cfs__Thigh_Slow,streamflow_shortfall_below_baseline_cfs__Tlow_Shigh,streamflow_shortfall_below_baseline_cfs__Tlow_Slow,streamflow_shortfall_below_baseline_cfs__baseline_T1_S1,pumping_objective_reeval_cfs
130,1.1,0.9,1.1,0.9,1.0,1.1,1.1,0.9,0.9,1.0,2.220446049250313e-15,0.4949088597939335,0.4699768053887343,4.440892098500626e-15,0.0,4.690710603433737,5.185619463227672,4.220733798045004,4.690710603433734,4.690710603433739,-1.7763568394002505e-15,0.4949088597939335,-0.4699768053887343,-4.440892098500626e-15,0.0,38.60014577795708,38.60014577795708,38.60014577795708,38.60014577795708,38.60014577795708,3.909289396566263,3.4143805367723274,4.379266201954995,3.9092893965662654,3.909289396566261,2.220446049250313e-15,-0.4949088597939335,0.4699768053887343,4.440892098500626e-15,0.0,0.0,0.4949088597939335,0.0,0.0,0.0,38.60014577795708
152,1.1,0.9,1.1,0.9,1.0,1.1,1.1,0.9,0.9,1.0,8.881784197001252e-16,0.5019792268653607,0.47785587235166105,4.440892098500626e-15,0.0,4.782582221327708,5.284561448193069,4.304726348976048,4.782582221327705,4.782582221327709,-8.881784197001252e-16,0.5019792268653607,-0.47785587235166105,-3.552713678800501e-15,0.0,39.0854414587126,39.0854414587126,39.0854414587126,39.0854414587126,39.0854414587126,3.817417778672292,3.3154385518069303,4.295273651023952,3.8174177786722954,3.817417778672291,8.881784197001252e-16,-0.5019792268653607,0.47785587235166105,4.440892098500626e-15,0.0,0.0,0.5019792268653607,0.0,0.0,0.0,39.0854414587126
156,1.1,0.9,1.1,0.9,1.0,1.1,1.1,0.9,0.9,1.0,8.881784197001252e-16,0.47596549423808954,0.45081751871242837,3.552713678800501e-15,0.0,4.426495814043809,4.9024613082819,3.975678295331382,4.426495814043807,4.42649581404381,-8.881784197001252e-16,0.47596549423809,-0.45081751871242837,-3.552713678800501e-15,0.0,37.61379239712806,37.61379239712806,37.61379239712806,37.61379239712806,37.61379239712806,4.17350418595619,3.6975386917181,4.624321704668618,4.173504185956193,4.173504185956189,8.881784197001252e-16,-0.47596549423808954,0.45081751871242837,3.552713678800501e-15,0.0,0.0,0.47596549423808954,0.0,0.0,0.0,37.61379239712806
16,1.1,0.9,1.1,0.9,1.0,1.1,1.1,0.9,0.9,1.0,1.7763568394002505e-15,0.48537216278478423,0.4600566911755495,3.552713678800501e-15,0.0,4.489273592740291,4.974645755525077,4.029216901564744,4.48927359274029,4.489273592740293,-1.7763568394002505e-15,0.4853721627847838,-0.4600566911755495,-3.552713678800501e-15,0.0,38.46752870631738,38.46752870631738,38.46752870631738,38.46752870631738,38.46752870631738,4.110726407259708,3.6253542444749223,4.570783098435256,4.11072640725971,4.1107264072597065,1.7763568394002505e-15,-0.48537216278478423,0.4600566911755495,3.552713678800501e-15,0.0,0.0,0.48537216278478423,0.0,0.0,0.0,38.46752870631738
95,1.1,0.9,1.1,0.9,1.0,1.1,1.1,0.9,0.9,1.0,1.7763568394002505e-15,0.5012642797291305,0.4753222516538047,5.329070518200751e-15,0.0,4.701268362481828,5.202532642210961,4.225946110828025,4.701268362481825,4.701268362481829,-8.881784197001252e-16,0.5012642797291313,-0.4753222516538038,-4.440892098500626e-15,0.0,38.90068138512153,38.90068138512153,38.90068138512153,38.90068138512153,38.90068138512153,3.8987316375181713,3.397467357789039,4.374053889171974,3.898731637518175,3.8987316375181695,1.7763568394002505e-15,-0.5012642797291305,0.4753222516538047,5.329070518200751e-15,0.0,0.0,0.5012642797291305,0.0,0.0,0.0,38.90068138512153
gen=18_member=3072_pso,1.1,0.9,1.1,0.9,1.0,1.1,1.1,0.9,0.9,1.0,8.881784197001252e-16,0.47404008836499,0.4490834673101034,4.440892098500626e-15,0.0,4.379123996722135,4.853164085087126,3.930040529412032,4.379123996722131,4.379123996722136,-8.881784197001252e-16,0.47404008836499045,-0.44908346731010385,-4.440892098500626e-15,0.0,37.15490686727385,37.15490686727385,37.15490686727385,37.15490686727385,37.15490686727385,4.220876003277865,3.746835914912874,4.669959470587967,4.220876003277868,4.220876003277864,8.881784197001252e-16,-0.47404008836499,0.4490834673101034,4.440892098500626e-15,0.0,0.0,0.47404008836499,0.0,0.0,0.0,37.15490686727385
gen=20_member=3413_pso,1.1,0.9,1.1,0.9,1.0,1.1,1.1,0.9,0.9,1.0,2.6645352591003757e-15,0.3406270777487661,0.3100610288554506,4.440892098500626e-15,0.0,2.476442307505916,2.817069385254685,2.1663812786504684,2.476442307505915,2.476442307505919,-3.1086244689504383e-15,0.3406270777487661,-0.3100610288554506,-3.9968028886505635e-15,0.0,32.95461211746549,32.95461211746549,32.95461211746549,32.95461211746549,32.95461211746549,6.123557692494083,5.782930614745315,6.433618721349531,6.123557692494085,6.123557692494081,2.6645352591003757e-15,-0.3406270777487661,0.3100610288554506,4.440892098500626e-15,0.0,0.0,0.3406270777487661,0.0,0.0,0.0,32.95461211746549
gen=22_member=3634_pso,1.1,0.9,1.1,0.9,1.0,1.1,1.1,0.9,0.9,1.0,0.0,0.355309769971325,0.3254407516643756,0.0,0.0,2.6349586355249133,2.9902684054962387,2.3095178838605386,2.6349586355249133,2.6349586355249133,0.0,0.35530976997132546,-0.3254407516643747,0.0,0.0,33.48751472965719,33.48751472965719,33.48751472965719,33.48751472965719,33.48751472965719,5.965041364475086,5.609731594503761,6.2904821161394615,5.965041364475086,5.965041364475086,0.0,-0.355309769971325,0.3254407516643756,0.0,0.0,0.0,0.355309769971325,0.0,0.0,0.0,33.48751472965719
gen=24_member=4008_pso,1.1,0.9,1.1,0.9,1.0,1.1,1.1,0.9,0.9,1.0,5.329070518200751e-15,0.36420235923579547,0.33402032720678054,5.329070518200751e-15,0.0,2.7196924545351693,3.0838948137709696,2.3856721273283936,2.7196924545351693,2.7196924545351737,-4.440892098500626e-15,0.3642023592357959,-0.3340203272067801,-4.440892098500626e-15,0.0,33.76696087691461,33.76696087691461,33.76696087691461,33.76696087691461,33.76696087691461,5.880307545464831,5.51610518622903,6.214327872671606,5.880307545464831,5.8803075454648255,5.329070518200751e-15,-0.36420235923579547,0.33402032720678054,5.329070518200751e-15,0.0,0.0,0.36420235923579547,0.0,0.0,0.0,33.76696087691461
gen=26_member=4423_pso,1.1,0.9,1.1,0.9,1.0,1.1,1.1,0.9,0.9,1.0,2.6645352591003757e-15,0.33731262115511296,0.3069297788996028,3.552713678800501e-15,0.0,2.4442324503270667,2.7815450714821823,2.137302671427466,2.444232450327066,2.4442324503270694,-2.6645352591003757e-15,0.33731262115511296,-0.30692977889960327,-3.552713678800501e-15,0.0,32.826298754166096,32.826298754166096,32.826298754166096,32.826298754166096,32.826298754166096,6.155767549672933,5.818454928517817,6.462697328572533,6.155767549672934,6.15576754967293,2.6645352591003757e-15,-0.33731262115511296,0.3069297788996028,3.552713678800501e-15,0.0,0.0,0.33731262115511296,0.0,0.0,0.0,32.826298754166096
gen=27_member=4566_pso,1.1,0.9,1.1,0.9,1.0,1.1,1.1,0.9,0.9,1.0,2.6645352591003757e-15,0.3806870930094446,0.3488850480765846,2.6645352591003757e-15,0.0,2.8757256021173525,3.2564126951267944,2.526840554040765,2.875725602117352,2.87572560211735,2.6645352591003757e-15,0.3806870930094446,-0.34888504807658505,2.220446049250313e-15,0.0,34.20265674649548,34.20265674649548,34.20265674649548,34.20265674649548,34.20265674649548,5.724274397882647,5.343587304873205,6.073159445959234,5.724274397882647,5.72427439788265,-2.6645352591003757e-15,-0.3806870930094446,0.3488850480765846,-2.6645352591003757e-15,0.0,2.6645352591003757e-15,0.3806870930094446,0.0,2.6645352591003757e-15,0.0,34.20265674649548
gen=27_member=4568_pso,1.1,0.9,1.1,0.9,1.0,1.1,1.1,0.9,0.9,1.0,2.6645352591003757e-15,0.33043091811941494,0.30021898247251677,3.552713678800501e-15,0.0,2.3704231481319065,2.700854066251324,2.0702041656593924,2.3704231481319056,2.370423148131909,-2.6645352591003757e-15,0.33043091811941494,-0.30021898247251677,-3.552713678800501e-15,0.0,32.558684654753776,32.558684654753776,32.558684654753776,32.558684654753776,32.558684654753776,6.229576851868093,5.899145933748676,6.529795834340607,6.229576851868094,6.2295768518680905,2.6645352591003757e-15,-0.33043091811941494,0.30021898247251677,3.552713678800501e-15,0.0,0.0,0.33043091811941494,0.0,0.0,0.0,32.558684654753776
gen=27_member=4602_pso,1.1,0.9,1.1,0.9,1.0,1.1,1.1,0.9,0.9,1.0,0.0,0.3138812627555767,0.2842055304911755,1.7763568394002505e-15,0.0,2.1273719794302,2.441253242185776,1.843166448939024,2.1273719794302006,2.1273719794302,0.0,0.3138812627555758,-0.28420553049117614,4.440892098500626e-16,0.0,31.534063129350688,31.534063129350688,31.534063129350688,31.534063129350688,31.534063129350688,6.4726280205698,6.158746757814224,6.756833551060976,6.472628020569799,6.4726280205698,0.0,-0.3138812627555767,0.2842055304911755,-1.7763568394002505e-15,0.0,0.0,0.3138812627555767,0.0,1.7763568394002505e-15,0.0,31.534063129350688
gen=28_member=4655_pso,1.1,0.9,1.1,0.9,1.0,1.1,1.1,0.9,0.9,1.0,0.0,0.36265707499064703,0.33293630131113616,0.0,0.0,2.7163349555958534,3.0789920305864995,2.3833986542847163,2.716334955595853,2.7163349555958534,0.0,0.36265707499064614,-0.33293630131113705,-4.440892098500626e-16,0.0,33.73614280489097,33.73614280489097,33.73614280489097,33.73614280489097,33.73614280489097,5.883665044404147,5.5210079694135,6.216601345715283,5.883665044404147,5.883665044404147,0.0,-0.36265707499064703,0.33293630131113616,0.0,0.0,0.0,0.36265707499064703,0.0,0.0,0.0,33.73614280489097
gen=28_member=4698_pso,1.1,0.9,1.1,0.9,1.0,1.1,1.1,0.9,0.9,1.0,0.0,0.18628132748788317,0.1662393538885958,0.0,0.0,0.948853475104838,1.1351348025927213,0.7826141212162421,0.948853475104838,0.9488534751048376,3.3306690738754696e-16,0.18628132748788362,-0.16623935388859556,3.3306690738754696e-16,0.0,19.62453473077234,19.62453473077234,19.62453473077234,19.62453473077234,19.62453473077234,7.651146524895162,7.464865197407279,7.817385878783758,7.651146524895162,7.651146524895162,0.0,-0.18628132748788317,0.1662393538885958,0.0,0.0,0.0,0.18628132748788317,0.0,0.0,0.0,19.62453473077234
gen=28_member=4720_pso,1.1,0.9,1.1,0.9,1.0,1.1,1.1,0.9,0.9,1.0,8.881784197001252e-16,0.42041596329338127,0.3926474964009312,2.6645352591003757e-15,0.0,3.397935940640786,3.8183519039341687,3.005288444239856,3.3979359406407896,3.397935940640787,-8.881784197001252e-16,0.4204159632933817,-0.3926474964009308,2.6645352591003757e-15,0.0,35.38488870745046,35.38488870745046,35.38488870745046,35.38488870745046,35.38488870745046,5.202064059359214,4.781648096065831,5.594711555760144,5.20206405935921,5.202064059359213,8.881784197001252e-16,-0.42041596329338127,0.3926474964009312,-2.6645352591003757e-15,0.0,0.0,0.42041596329338127,0.0,2.6645352591003757e-15,0.0,35.38488870745046
gen=28_member=4728_pso,1.1,0.9,1.1,0.9,1.0,1.1,1.1,0.9,0.9,1.0,8.881784197001252e-16,0.22311142498329062,0.20216518518978166,8.881784197001252e-16,0.0,1.2159311834683826,1.439042608451673,1.0137659982786005,1.2159311834683826,1.215931183468382,6.661338147750939e-16,0.22311142498329106,-0.20216518518978144,6.661338147750939e-16,0.0,25.063855919912235,25.063855919912235,25.063855919912235,25.063855919912235,25.063855919912235,7.384068816531617,7.160957391548327,7.586234001721399,7.384068816531617,7.3840688165316175,-8.881784197001252e-16,-0.22311142498329062,0.20216518518978166,-8.881784197001252e-16,0.0,8.881784197001252e-16,0.22311142498329062,0.0,8.881784197001252e-16,0.0,25.063855919912235
gen=28_member=4806_pso,1.1,0.9,1.1,0.9,1.0,1.1,1.1,0.9,0.9,1.0,8.881784197001252e-16,0.44140095656519485,0.4140553479588265,8.881784197001252e-16,0.0,3.8757359184083393,4.317136874973535,3.4616805704495137,3.8757359184083393,3.87573591840834,-8.881784197001252e-16,0.44140095656519485,-0.4140553479588265,-8.881784197001252e-16,0.0,36.335363024535646,36.335363024535646,36.335363024535646,36.335363024535646,36.335363024535646,4.72426408159166,4.282863125026465,5.138319429550486,4.72426408159166,4.7242640815916594,8.881784197001252e-16,-0.44140095656519485,0.4140553479588265,8.881784197001252e-16,0.0,0.0,0.44140095656519485,0.0,0.0,0.0,36.335363024535646
gen=29_member=4835_pso,1.1,0.9,1.1,0.9,1.0,1.1,1.1,0.9,0.9,1.0,2.6645352591003757e-15,0.30262847951360694,0.27411807447176706,3.552713678800501e-15,0.0,2.024985639976598,2.3276141194902022,1.7508675655048287,2.0249856399765984,2.024985639976596,1.7763568394002505e-15,0.30262847951360605,-0.2741180744717675,2.220446049250313e-15,0.0,31.16289112554577,31.16289112554577,31.16289112554577,31.16289112554577,31.16289112554577,6.575014360023402,6.272385880509797,6.849132434495171,6.575014360023401,6.575014360023404,-2.6645352591003757e-15,-0.30262847951360694,0.27411807447176706,-3.552713678800501e-15,0.0,2.6645352591003757e-15,0.30262847951360694,0.0,3.552713678800501e-15,0.0,31.16289112554577
gen=29_member=4851_pso,1.1,0.9,1.1,0.9,1.0,1.1,1.1,0.9,0.9,1.0,2.6645352591003757e-15,0.41631202917307686,0.38837481733787094,1.7763568394002505e-15,0.0,3.3398522358139564,3.756164264987031,2.9514774184760824,3.339852235813955,3.339852235813954,2.220446049250313e-15,0.41631202917307686,-0.3883748173378718,8.881784197001252e-16,0.0,35.264277472776136,35.264277472776136,35.264277472776136,35.264277472776136,35.264277472776136,5.260147764186043,4.843835735012969,5.648522581523917,5.260147764186044,5.260147764186046,-2.6645352591003757e-15,-0.41631202917307686,0.38837481733787094,-1.7763568394002505e-15,0.0,2.6645352591003757e-15,0.41631202917307686,0.0,1.7763568394002505e-15,0.0,35.264277472776136
gen=29_member=4871_pso,1.1,0.9,1.1,0.9,1.0,1.1,1.1,0.9,0.9,1.0,8.881784197001252e-16,0.16833285202304538,0.15015137602772377,0.0,0.0,0.8815436349096052,1.0498764869326498,0.7313922588818805,0.8815436349096051,0.8815436349096046,5.551115123125783e-16,0.16833285202304515,-0.1501513760277241,4.440892098500626e-16,0.0,17.843497187733753,17.843497187733753,17.843497187733753,17.843497187733753,17.843497187733753,7.718456365090394,7.55012351306735,7.868607741118119,7.718456365090395,7.718456365090395,-8.881784197001252e-16,-0.16833285202304538,0.15015137602772377,0.0,0.0,8.881784197001252e-16,0.16833285202304538,0.0,0.0,0.0,17.843497187733753
gen=29_member=4898_pso,1.1,0.9,1.1,0.9,1.0,1.1,1.1,0.9,0.9,1.0,0.0,0.43876294356762635,0.4123671629683159,2.6645352591003757e-15,0.0,3.680374002125098,4.119136945692724,3.268006839156782,3.680374002125095,3.680374002125098,0.0,0.43876294356762635,-0.4123671629683159,-3.1086244689504383e-15,0.0,35.92717187396659,35.92717187396659,35.92717187396659,35.92717187396659,35.92717187396659,4.919625997874902,4.480863054307275,5.331993160843218,4.919625997874904,4.919625997874902,0.0,-0.43876294356762635,0.4123671629683159,2.6645352591003757e-15,0.0,0.0,0.43876294356762635,0.0,0.0,0.0,35.92717187396659
gen=29_member=4911_pso,1.1,0.9,1.1,0.9,1.0,1.1,1.1,0.9,0.9,1.0,0.0,0.3650805387617915,0.3354885824514806,0.0,0.0,2.7541462326369754,3.119226771398766,2.418657650185495,2.7541462326369746,2.7541462326369746,8.881784197001252e-16,0.3650805387617915,-0.3354885824514797,0.0,0.0,33.86401239624249,33.86401239624249,33.86401239624249,33.86401239624249,33.86401239624249,5.845853767363025,5.480773228601233,6.181342349814505,5.845853767363025,5.845853767363025,0.0,-0.3650805387617915,0.3354885824514806,0.0,0.0,0.0,0.3650805387617915,0.0,0.0,0.0,33.86401239624249
gen=29_member=4924_pso,1.1,0.9,1.1,0.9,1.0,1.1,1.1,0.9,0.9,1.0,3.552713678800501e-15,0.35205621799889286,0.3217702407552716,3.552713678800501e-15,0.0,2.5878280224066805,2.939884240405577,2.266057781651413,2.5878280224066805,2.587828022406685,-4.440892098500626e-15,0.352056217998892,-0.32177024075527205,-4.440892098500626e-15,0.0,33.32221023991749,33.32221023991749,33.32221023991749,33.32221023991749,33.32221023991749,6.012171977593319,5.660115759594422,6.333942218348587,6.012171977593319,6.012171977593315,3.552713678800501e-15,-0.35205621799889286,0.3217702407552716,3.552713678800501e-15,0.0,0.0,0.35205621799889286,0.0,0.0,0.0,33.32221023991749
gen=29_member=4976_pso,1.1,0.9,1.1,0.9,1.0,1.1,1.1,0.9,0.9,1.0,1.7763568394002505e-15,0.33736110886426474,0.30696372720418275,2.6645352591003757e-15,0.0,2.444884202204969,2.782245311069236,2.1379204750007883,2.4448842022049684,2.4448842022049715,-2.6645352591003757e-15,0.3373611088642643,-0.3069637272041832,-3.1086244689504383e-15,0.0,32.85346614458213,32.85346614458213,32.85346614458213,32.85346614458213,32.85346614458213,6.15511579779503,5.817754688930764,6.462079524999211,6.155115797795031,6.155115797795029,1.7763568394002505e-15,-0.33736110886426474,0.30696372720418275,2.6645352591003757e-15,0.0,0.0,0.33736110886426474,0.0,0.0,0.0,32.85346614458213
gen=30_member=4999_pso,1.1,0.9,1.1,0.9,1.0,1.1,1.1,0.9,0.9,1.0,0.0,0.37401777529843816,0.3425251203926818,0.0,0.0,2.7894244899895115,3.1634422652879497,2.44689936959683,2.7894244899895115,2.7894244899895115,0.0,0.37401777529843816,-0.34252512039268135,0.0,0.0,33.98794532305361,33.98794532305361,33.98794532305361,33.98794532305361,33.98794532305361,5.810575510010488,5.43655773471205,6.15310063040317,5.810575510010488,5.810575510010488,0.0,-0.37401777529843816,0.3425251203926818,0.0,0.0,0.0,0.37401777529843816,0.0,0.0,0.0,33.98794532305361
gen=30_member=5110_pso,1.1,0.9,1.1,0.9,1.0,1.1,1.1,0.9,0.9,1.0,3.552713678800501e-15,0.4449819289929229,0.4180342762919551,1.7763568394002505e-15,0.0,3.9325093782173,4.37749130721022,3.514475101925341,3.932509378217299,3.932509378217297,3.1086244689504383e-15,0.4449819289929229,-0.418034276291956,1.7763568394002505e-15,0.0,36.39534938259375,36.39534938259375,36.39534938259375,36.39534938259375,36.39534938259375,4.667490621782699,4.22250869278978,5.085524898074658,4.667490621782701,4.667490621782703,-3.552713678800501e-15,-0.4449819289929229,0.4180342762919551,-1.7763568394002505e-15,0.0,3.552713678800501e-15,0.4449819289929229,0.0,1.7763568394002505e-15,0.0,36.39534938259375
gen=30_member=5150_pso,1.1,0.9,1.1,0.9,1.0,1.1,1.1,0.9,0.9,1.0,0.0,0.445993404744093,0.41867034199129627,0.0,0.0,3.955174426624362,4.401167831368455,3.5365040846330658,3.955174426624362,3.9551744266243625,-4.440892098500626e-16,0.44599340474409255,-0.4186703419912967,-4.440892098500626e-16,0.0,36.47794126781239,36.47794126781239,36.47794126781239,36.47794126781239,36.47794126781239,4.644825573375638,4.198832168631545,5.063495915366934,4.644825573375638,4.644825573375638,0.0,-0.445993404744093,0.41867034199129627,0.0,0.0,0.0,0.445993404744093,0.0,0.0,0.0,36.47794126781239
gen=30_member=5151_pso,1.1,0.9,1.1,0.9,1.0,1.1,1.1,0.9,0.9,1.0,8.881784197001252e-16,0.4407237281787948,0.4133819621564747,8.881784197001252e-16,0.0,3.8551868740415647,4.29591060222036,3.4418049118850904,3.8551868740415647,3.855186874041565,-4.440892098500626e-16,0.4407237281787948,-0.4133819621564747,-4.440892098500626e-16,0.0,36.2973927021264,36.2973927021264,36.2973927021264,36.2973927021264,36.2973927021264,4.744813125958435,4.30408939777964,5.158195088114909,4.744813125958435,4.7448131259584345,8.881784197001252e-16,-0.4407237281787948,0.4133819621564747,8.881784197001252e-16,0.0,0.0,0.4407237281787948,0.0,0.0,0.0,36.2973927021264
gen=30_member=5155_pso,1.1,0.9,1.1,0.9,1.0,1.1,1.1,0.9,0.9,1.0,1.7763568394002505e-15,0.3704008592885959,0.34117392614835307,1.7763568394002505e-15,0.0,2.848031611013017,3.218432470301615,2.506857684864665,2.8480316110130164,2.848031611013018,-1.3322676295501878e-15,0.3704008592885968,-0.34117392614835307,-1.7763568394002505e-15,0.0,34.12094915647915,34.12094915647915,34.12094915647915,34.12094915647915,34.12094915647915,5.751968388986983,5.381567529698385,6.093142315135334,5.751968388986983,5.751968388986981,1.7763568394002505e-15,-0.3704008592885959,0.34117392614835307,1.7763568394002505e-15,0.0,0.0,0.3704008592885959,0.0,0.0,0.0,34.12094915647915
gen=31_member=5196_pso,1.1,0.9,1.1,0.9,1.0,1.1,1.1,0.9,0.9,1.0,0.0,0.47232949483646447,0.44716971701065766,8.881784197001252e-16,0.0,4.3790099839992,4.851339478835665,3.931840266988543,4.379009983999199,4.3790099839992,0.0,0.47232949483646447,-0.4471697170106572,-8.881784197001252e-16,0.0,37.154036317385696,37.154036317385696,37.154036317385696,37.154036317385696,37.154036317385696,4.220990016000799,3.748660521164335,4.668159733011457,4.2209900160008,4.220990016000799,0.0,-0.47232949483646447,0.44716971701065766,8.881784197001252e-16,0.0,0.0,0.47232949483646447,0.0,0.0,0.0,37.154036317385696
gen=31_member=5213_pso,1.1,0.9,1.1,0.9,1.0,1.1,1.1,0.9,0.9,1.0,4.440892098500626e-15,0.3787686662508607,0.34910201518938067,4.440892098500626e-15,0.0,2.94697665818361,3.325745324434476,2.597874642994234,2.94697665818361,2.9469766581836145,-4.440892098500626e-15,0.3787686662508616,-0.34910201518938067,-4.440892098500626e-15,0.0,34.37459988167344,34.37459988167344,34.37459988167344,34.37459988167344,34.37459988167344,5.6530233418163895,5.274254675565524,6.002125357005766,5.6530233418163895,5.653023341816385,4.440892098500626e-15,-0.3787686662508607,0.34910201518938067,4.440892098500626e-15,0.0,0.0,0.3787686662508607,0.0,0.0,0.0,34.37459988167344
gen=31_member=5214_pso,1.1,0.9,1.1,0.9,1.0,1.1,1.1,0.9,0.9,1.0,8.881784197001252e-16,0.4222117500531759,0.39450443469604046,1.7763568394002505e-15,0.0,3.422528658514179,3.8447404085673553,3.0280242238181394,3.4225286585141816,3.42252865851418,-8.881784197001252e-16,0.42221175005317546,-0.39450443469604046,1.7763568394002505e-15,0.0,35.44276706150495,35.44276706150495,35.44276706150495,35.44276706150495,35.44276706150495,5.177471341485821,4.755259591432644,5.57197577618186,5.177471341485818,5.17747134148582,8.881784197001252e-16,-0.4222117500531759,0.39450443469604046,-1.7763568394002505e-15,0.0,0.0,0.4222117500531759,0.0,1.7763568394002505e-15,0.0,35.44276706150495
gen=31_member=5217_pso,1.1,0.9,1.1,0.9,1.0,1.1,1.1,0.9,0.9,1.0,8.881784197001252e-16,0.448781744197122,0.4222911454461933,3.552713678800501e-15,0.0,3.9408802762959994,4.389662020493121,3.5185891308498065,3.940880276295996,3.940880276296,-4.440892098500626e-16,0.4487817441971216,-0.4222911454461933,-3.9968028886505635e-15,0.0,36.4522647735805,36.4522647735805,36.4522647735805,36.4522647735805,36.4522647735805,4.659119723704001,4.210337979506878,5.081410869150194,4.659119723704004,4.659119723704,8.881784197001252e-16,-0.448781744197122,0.4222911454461933,3.552713678800501e-15,0.0,0.0,0.448781744197122,0.0,0.0,0.0,36.4522647735805
gen=31_member=5227_pso,1.1,0.9,1.1,0.9,1.0,1.1,1.1,0.9,0.9,1.0,2.6645352591003757e-15,0.3490602973022465,0.3194732040837325,3.552713678800501e-15,0.0,2.5705116414506683,2.919571938752913,2.2510384373669337,2.570511641450669,2.5705116414506657,2.6645352591003757e-15,0.3490602973022474,-0.31947320408373203,3.1086244689504383e-15,0.0,33.191986899653344,33.191986899653344,33.191986899653344,33.191986899653344,33.191986899653344,6.029488358549331,5.680428061247087,6.348961562633066,6.02948835854933,6.029488358549334,-2.6645352591003757e-15,-0.3490602973022465,0.3194732040837325,-3.552713678800501e-15,0.0,2.6645352591003757e-15,0.3490602973022465,0.0,3.552713678800501e-15,0.0,33.191986899653344
gen=31_member=5250_pso,1.1,0.9,1.1,0.9,1.0,1.1,1.1,0.9,0.9,1.0,1.7763568394002505e-15,0.38163274914701084,0.34962999287343344,0.0,0.0,2.8238468837659485,3.205479632912961,2.474216890892517,2.8238468837659503,2.8238468837659503,-1.7763568394002505e-15,0.38163274914701084,-0.34962999287343344,0.0,0.0,34.05351185359164,34.05351185359164,34.05351185359164,34.05351185359164,34.05351185359164,5.776153116234051,5.394520367087038,6.125783109107482,5.776153116234049,5.776153116234049,1.7763568394002505e-15,-0.38163274914701084,0.34962999287343344,0.0,0.0,0.0,0.38163274914701084,0.0,0.0,0.0,34.05351185359164
gen=31_member=5281_pso,1.1,0.9,1.1,0.9,1.0,1.1,1.1,0.9,0.9,1.0,2.6645352591003757e-15,0.34542383132601273,0.3150416794768267,3.552713678800501e-15,0.0,2.527655550535173,2.873079381861188,2.212613871058349,2.5276555505351728,2.527655550535176,-2.6645352591003757e-15,0.3454238313260123,-0.3150416794768267,-3.1086244689504383e-15,0.0,33.11569694121411,33.11569694121411,33.11569694121411,33.11569694121411,33.11569694121411,6.072344449464826,5.726920618138811,6.3873861289416505,6.072344449464827,6.072344449464824,2.6645352591003757e-15,-0.34542383132601273,0.3150416794768267,3.552713678800501e-15,0.0,0.0,0.34542383132601273,0.0,0.0,0.0,33.11569694121411
gen=32_member=5373_pso,1.1,0.9,1.1,0.9,1.0,1.1,1.1,0.9,0.9,1.0,3.552713678800501e-15,0.38500257361749135,0.35462982370227003,2.6645352591003757e-15,0.0,2.995004204654322,3.3800067782718166,2.640374380952055,2.9950042046543226,2.995004204654325,-2.6645352591003757e-15,0.3850025736174918,-0.35462982370227003,-2.220446049250313e-15,0.0,34.49010839919886,34.49010839919886,34.49010839919886,34.49010839919886,34.49010839919886,5.604995795345678,5.219993221728183,5.959625619047944,5.604995795345677,5.604995795345674,3.552713678800501e-15,-0.38500257361749135,0.35462982370227003,2.6645352591003757e-15,0.0,0.0,0.38500257361749135,0.0,0.0,0.0,34.49010839919886
gen=32_member=5391_pso,1.1,0.9,1.1,0.9,1.0,1.1,1.1,0.9,0.9,1.0,3.552713678800501e-15,0.35054975464563043,0.3199059234333941,3.552713678800501e-15,0.0,2.573433964969206,2.92398371961484,2.2535280415358154,2.573433964969206,2.5734339649692104,-4.440892098500626e-15,0.35054975464562954,-0.31990592343339497,-4.440892098500626e-15,0.0,33.261505768011496,33.261505768011496,33.261505768011496,33.261505768011496,33.261505768011496,6.026566035030793,5.676016280385159,6.346471958464184,6.026566035030793,6.02656603503079,3.552713678800501e-15,-0.35054975464563043,0.3199059234333941,3.552713678800501e-15,0.0,0.0,0.35054975464563043,0.0,0.0,0.0,33.261505768011496
gen=32_member=5405_pso,1.1,0.9,1.1,0.9,1.0,1.1,1.1,0.9,0.9,1.0,1.7763568394002505e-15,0.2514537337772307,0.22335531311574197,2.6645352591003757e-15,0.0,1.4717926599847924,1.7232463937620217,1.248437346869048,1.471792659984794,1.4717926599847913,1.1102230246251565e-15,0.25145373377723046,-0.2233553131157433,2.6645352591003757e-15,0.0,27.86653650330677,27.86653650330677,27.86653650330677,27.86653650330677,27.86653650330677,7.128207340015207,6.876753606237978,7.351562653130951,7.128207340015206,7.128207340015209,-1.7763568394002505e-15,-0.2514537337772307,0.22335531311574197,-2.6645352591003757e-15,0.0,1.7763568394002505e-15,0.2514537337772307,0.0,2.6645352591003757e-15,0.0,27.86653650330677
gen=32_member=5429_pso,1.1,0.9,1.1,0.9,1.0,1.1,1.1,0.9,0.9,1.0,8.881784197001252e-16,0.43958235949395164,0.41258319247692743,2.6645352591003757e-15,0.0,3.807797140389488,4.24737949988344,3.395213947912561,3.807797140389491,3.807797140389488,0.0,0.4395823594939521,-0.412583192476927,3.1086244689504383e-15,0.0,36.21459753522952,36.21459753522952,36.21459753522952,36.21459753522952,36.21459753522952,4.792202859610512,4.35262050011656,5.204786052087439,4.792202859610509,4.792202859610511,8.881784197001252e-16,-0.43958235949395164,0.41258319247692743,-2.6645352591003757e-15,0.0,0.0,0.43958235949395164,0.0,2.6645352591003757e-15,0.0,36.21459753522952
gen=32_member=5452_pso,1.1,0.9,1.1,0.9,1.0,1.1,1.1,0.9,0.9,1.0,8.881784197001252e-16,0.39943575106478946,0.36951620106286054,0.0,0.0,3.1418175521715908,3.541253303236381,2.772301351108731,3.141817552171592,3.141817552171591,-4.440892098500626e-16,0.3994357510647899,-0.3695162010628601,8.881784197001252e-16,0.0,34.84753054005696,34.84753054005696,34.84753054005696,34.84753054005696,34.84753054005696,5.458182447828409,5.0587466967636185,5.8276986488912685,5.458182447828408,5.458182447828408,8.881784197001252e-16,-0.39943575106478946,0.36951620106286054,0.0,0.0,0.0,0.39943575106478946,0.0,0.0,0.0,34.84753054005696
gen=32_member=5467_pso,1.1,0.9,1.1,0.9,1.0,1.1,1.1,0.9,0.9,1.0,3.552713678800501e-15,0.42099701951381174,0.3933763745087262,2.6645352591003757e-15,0.0,3.4092267076579548,3.8302237271717634,3.015850333149225,3.409226707657954,3.4092267076579525,2.220446049250313e-15,0.42099701951381086,-0.39337637450872753,1.3322676295501878e-15,0.0,35.42529510560696,35.42529510560696,35.42529510560696,35.42529510560696,35.42529510560696,5.190773292342045,4.769776272828237,5.584149666850775,5.190773292342046,5.190773292342048,-3.552713678800501e-15,-0.42099701951381174,0.3933763745087262,-2.6645352591003757e-15,0.0,3.552713678800501e-15,0.42099701951381174,0.0,2.6645352591003757e-15,0.0,35.42529510560696
gen=32_member=5495_pso,1.1,0.9,1.1,0.9,1.0,1.1,1.1,0.9,0.9,1.0,8.881784197001252e-16,0.2304040555930138,0.21089196614267003,8.881784197001252e-16,0.0,1.2993111659258407,1.5297152215188532,1.0884191997831691,1.2993111659258405,1.2993111659258398,8.881784197001252e-16,0.23040405559301336,-0.2108919661426707,6.661338147750939e-16,0.0,25.92224315458362,25.92224315458362,25.92224315458362,25.92224315458362,25.92224315458362,7.300688834074159,7.070284778481146,7.51158080021683,7.300688834074159,7.30068883407416,-8.881784197001252e-16,-0.2304040555930138,0.21089196614267003,-8.881784197001252e-16,0.0,8.881784197001252e-16,0.2304040555930138,0.0,8.881784197001252e-16,0.0,25.92224315458362
gen=33_member=5529_pso,1.1,0.9,1.1,0.9,1.0,1.1,1.1,0.9,0.9,1.0,8.881784197001252e-16,0.17234325832472397,0.15395666099940186,8.881784197001252e-16,0.0,0.9022937938185516,1.0746370521432749,0.7483371328191485,0.9022937938185516,0.9022937938185508,7.771561172376096e-16,0.17234325832472408,-0.1539566609994023,7.771561172376096e-16,0.0,18.32982475749499,18.32982475749499,18.32982475749499,18.32982475749499,18.32982475749499,7.697706206181448,7.525362947856725,7.851662867180851,7.697706206181448,7.697706206181449,-8.881784197001252e-16,-0.17234325832472397,0.15395666099940186,-8.881784197001252e-16,0.0,8.881784197001252e-16,0.17234325832472397,0.0,8.881784197001252e-16,0.0,18.32982475749499
gen=33_member=5559_pso,1.1,0.9,1.1,0.9,1.0,1.1,1.1,0.9,0.9,1.0,2.6645352591003757e-15,0.3262111452806282,0.2963958400672473,2.6645352591003757e-15,0.0,2.277706161290138,2.603917306570769,1.981310321222893,2.277706161290138,2.27770616129014,-2.220446049250313e-15,0.32621114528062867,-0.29639584006724706,-2.220446049250313e-15,0.0,32.1440689013816,32.1440689013816,32.1440689013816,32.1440689013816,32.1440689013816,6.322293838709862,5.996082693429231,6.618689678777106,6.322293838709862,6.322293838709859,2.6645352591003757e-15,-0.3262111452806282,0.2963958400672473,2.6645352591003757e-15,0.0,0.0,0.3262111452806282,0.0,0.0,0.0,32.1440689013816
gen=33_member=5577_pso,1.1,0.9,1.1,0.9,1.0,1.1,1.1,0.9,0.9,1.0,1.7763568394002505e-15,0.37821397042105964,0.3457283379931191,1.7763568394002505e-15,0.0,2.802809316052241,3.181023286473298,2.4570809780591194,2.802809316052241,2.802809316052238,3.1086244689504383e-15,0.3782139704210601,-0.34572833799311864,3.1086244689504383e-15,0.0,34.00137781832889,34.00137781832889,34.00137781832889,34.00137781832889,34.00137781832889,5.797190683947759,5.4189767135267015,6.14291902194088,5.797190683947759,5.797190683947761,-1.7763568394002505e-15,-0.37821397042105964,0.3457283379931191,-1.7763568394002505e-15,0.0,1.7763568394002505e-15,0.37821397042105964,0.0,1.7763568394002505e-15,0.0,34.00137781832889
gen=33_member=5592_pso,1.1,0.9,1.1,0.9,1.0,1.1,1.1,0.9,0.9,1.0,8.881784197001252e-16,0.33868966393102884,0.308348774865431,8.881784197001252e-16,0.0,2.460090184610896,2.7987798485419253,2.151741409745466,2.4600901846108973,2.4600901846108965,-4.440892098500626e-16,0.33868966393102884,-0.30834877486543055,8.881784197001252e-16,0.0,32.90581117439859,32.90581117439859,32.90581117439859,32.90581117439859,32.90581117439859,6.139909815389104,5.801220151458074,6.448258590254534,6.139909815389102,6.139909815389103,8.881784197001252e-16,-0.33868966393102884,0.308348774865431,-8.881784197001252e-16,0.0,0.0,0.33868966393102884,0.0,8.881784197001252e-16,0.0,32.90581117439859
gen=33_member=5597_pso,1.1,0.9,1.1,0.9,1.0,1.1,1.1,0.9,0.9,1.0,8.881784197001252e-16,0.18912879354602286,0.17027011241605194,8.881784197001252e-16,0.0,0.9937193119614062,1.1828481055074285,0.8234491995453536,0.993719311961406,0.9937193119614058,3.3306690738754696e-16,0.18912879354602263,-0.17027011241605228,1.1102230246251565e-16,0.0,20.42544700516081,20.42544700516081,20.42544700516081,20.42544700516081,20.42544700516081,7.606280688038593,7.417151894492571,7.776550800454646,7.606280688038593,7.606280688038594,-8.881784197001252e-16,-0.18912879354602286,0.17027011241605194,-8.881784197001252e-16,0.0,8.881784197001252e-16,0.18912879354602286,0.0,8.881784197001252e-16,0.0,20.42544700516081
gen=33_member=5655_pso,1.1,0.9,1.1,0.9,1.0,1.1,1.1,0.9,0.9,1.0,3.552713678800501e-15,0.4255041330093441,0.39805407786531255,1.7763568394002505e-15,0.0,3.517184950203706,3.9426890832130472,3.1191308723383906,3.517184950203704,3.517184950203703,2.6645352591003757e-15,0.4255041330093441,-0.39805407786531255,8.881784197001252e-16,0.0,35.630370058555734,35.630370058555734,35.630370058555734,35.630370058555734,35.630370058555734,5.082815049796293,4.657310916786953,5.4808691276616095,5.082815049796295,5.082815049796297,-3.552713678800501e-15,-0.4255041330093441,0.39805407786531255,-1.7763568394002505e-15,0.0,3.552713678800501e-15,0.4255041330093441,0.0,1.7763568394002505e-15,0.0,35.630370058555734
gen=33_member=5661_pso,1.1,0.9,1.1,0.9,1.0,1.1,1.1,0.9,0.9,1.0,0.0,0.4635964932028602,0.4381576438786343,8.881784197001252e-16,0.0,4.215754201843511,4.679350695046372,3.777596557964877,4.21575420184351,4.215754201843512,-8.881784197001252e-16,0.4635964932028598,-0.4381576438786352,-1.7763568394002505e-15,0.0,36.89173247767671,36.89173247767671,36.89173247767671,36.89173247767671,36.89173247767671,4.384245798156488,3.920649304953628,4.822403442035123,4.384245798156489,4.384245798156488,0.0,-0.4635964932028602,0.4381576438786343,8.881784197001252e-16,0.0,0.0,0.4635964932028602,0.0,0.0,0.0,36.89173247767671
gen=34_member=5714_pso,1.1,0.9,1.1,0.9,1.0,1.1,1.1,0.9,0.9,1.0,4.440892098500626e-15,0.4022270393083298,0.37237057371025006,3.552713678800501e-15,0.0,3.374524013786796,3.7767510530951216,3.0021534400765417,3.374524013786796,3.3745240137867936,2.220446049250313e-15,0.40222703930832804,-0.37237057371025184,2.220446049250313e-15,0.0,35.289422752427136,35.289422752427136,35.289422752427136,35.289422752427136,35.289422752427136,5.225475986213203,4.823248946904878,5.5978465599234575,5.225475986213204,5.225475986213207,-4.440892098500626e-15,-0.4022270393083298,0.37237057371025006,-3.552713678800501e-15,0.0,4.440892098500626e-15,0.4022270393083298,0.0,3.552713678800501e-15,0.0,35.289422752427136
gen=34_member=5718_pso,1.1,0.9,1.1,0.9,1.0,1.1,1.1,0.9,0.9,1.0,0.0,0.1726793087340317,0.1534184187810741,0.0,0.0,0.9275296888087198,1.100208997542753,0.7741112700276468,0.9275296888087198,0.9275296888087196,2.220446049250313e-16,0.17267930873403337,-0.15341841878107276,2.220446049250313e-16,0.0,19.217975104740983,19.217975104740983,19.217975104740983,19.217975104740983,19.217975104740983,7.672470311191279,7.499791002457247,7.825888729972353,7.672470311191279,7.672470311191279,0.0,-0.1726793087340317,0.1534184187810741,0.0,0.0,0.0,0.1726793087340317,0.0,0.0,0.0,19.217975104740983
gen=34_member=5724_pso,1.1,0.9,1.1,0.9,1.0,1.1,1.1,0.9,0.9,1.0,8.881784197001252e-16,0.42651713290452076,0.3992016393896778,8.881784197001252e-16,0.0,3.4890914833829183,3.915608616287437,3.089889843993239,3.4890914833829174,3.489091483382917,1.3322676295501878e-15,0.42651713290451987,-0.3992016393896778,4.440892098500626e-16,0.0,35.55966917902097,35.55966917902097,35.55966917902097,35.55966917902097,35.55966917902097,5.110908516617082,4.684391383712562,5.5101101560067605,5.110908516617082,5.110908516617083,-8.881784197001252e-16,-0.42651713290452076,0.3992016393896778,-8.881784197001252e-16,0.0,8.881784197001252e-16,0.42651713290452076,0.0,8.881784197001252e-16,0.0,35.55966917902097
gen=34_member=5729_pso,1.1,0.9,1.1,0.9,1.0,1.1,1.1,0.9,0.9,1.0,2.6645352591003757e-15,0.43553739239841605,0.4081986948798333,8.881784197001252e-16,0.0,3.762481095023351,4.198018487421764,3.3542824001435148,3.762481095023349,3.762481095023348,3.1086244689504383e-15,0.4355373923984156,-0.4081986948798333,8.881784197001252e-16,0.0,36.12729970982421,36.12729970982421,36.12729970982421,36.12729970982421,36.12729970982421,4.837518904976649,4.401981512578236,5.245717599856485,4.837518904976651,4.837518904976652,-2.6645352591003757e-15,-0.43553739239841605,0.4081986948798333,-8.881784197001252e-16,0.0,2.6645352591003757e-15,0.43553739239841605,0.0,8.881784197001252e-16,0.0,36.12729970982421
gen=34_member=5732_pso,1.1,0.9,1.1,0.9,1.0,1.1,1.1,0.9,0.9,1.0,8.881784197001252e-16,0.362867124147221,0.3331398639549592,0.0,0.0,2.720445936307138,3.083313060454358,2.3873060723521777,2.7204459363071374,2.7204459363071374,4.440892098500626e-16,0.36286712414722055,-0.33313986395495965,0.0,0.0,33.7821917262945,33.7821917262945,33.7821917262945,33.7821917262945,33.7821917262945,5.879554063692861,5.516686939545641,6.2126939276478215,5.879554063692862,5.879554063692862,-8.881784197001252e-16,-0.362867124147221,0.3331398639549592,0.0,0.0,8.881784197001252e-16,0.362867124147221,0.0,0.0,0.0,33.7821917262945
gen=34_member=5740_pso,1.1,0.9,1.1,0.9,1.0,1.1,1.1,0.9,0.9,1.0,0.0,0.23704053400554415,0.21635215878880842,0.0,0.0,1.3721664215087608,1.6092069555143045,1.155814262719952,1.3721664215087606,1.37216642150876,8.881784197001252e-16,0.2370405340055446,-0.21635215878880798,6.661338147750939e-16,0.0,27.025055498234494,27.025055498234494,27.025055498234494,27.025055498234494,27.025055498234494,7.227833578491239,6.990793044485695,7.444185737280048,7.227833578491239,7.227833578491239,0.0,-0.23704053400554415,0.21635215878880842,0.0,0.0,0.0,0.23704053400554415,0.0,0.0,0.0,27.025055498234494
gen=34_member=5765_pso,1.1,0.9,1.1,0.9,1.0,1.1,1.1,0.9,0.9,1.0,0.0,0.2981268249617042,0.26999923598181574,1.7763568394002505e-15,0.0,1.981726140262152,2.2798529652238564,1.711726904280337,1.9817261402621544,1.9817261402621529,-8.881784197001252e-16,0.2981268249617035,-0.26999923598181597,1.5543122344752192e-15,0.0,30.92338623359191,30.92338623359191,30.92338623359191,30.92338623359191,30.92338623359191,6.618273859737847,6.320147034776143,6.888273095719663,6.618273859737846,6.618273859737847,0.0,-0.2981268249617042,0.26999923598181574,-1.7763568394002505e-15,0.0,0.0,0.2981268249617042,0.0,1.7763568394002505e-15,0.0,30.92338623359191
gen=34_member=5786_pso,1.1,0.9,1.1,0.9,1.0,1.1,1.1,0.9,0.9,1.0,8.881784197001252e-16,0.4288271725489192,0.4015156437027354,1.7763568394002505e-15,0.0,3.5555964069787214,3.9844235795276415,3.1540807632759877,3.555596406978724,3.5555964069787223,-8.881784197001252e-16,0.4288271725489192,-0.4015156437027345,1.7763568394002505e-15,0.0,35.69845644451818,35.69845644451818,35.69845644451818,35.69845644451818,35.69845644451818,5.044403593021278,4.615576420472358,5.445919236724013,5.044403593021276,5.044403593021277,8.881784197001252e-16,-0.4288271725489192,0.4015156437027354,-1.7763568394002505e-15,0.0,0.0,0.4288271725489192,0.0,1.7763568394002505e-15,0.0,35.69845644451818
gen=34_member=5808_pso,1.1,0.9,1.1,0.9,1.0,1.1,1.1,0.9,0.9,1.0,0.0,0.44579153446464304,0.418331962403526,0.0,0.0,3.9577052126781385,4.403496747142782,3.539373250274613,3.9577052126781385,3.957705212678139,-4.440892098500626e-16,0.44579153446464304,-0.418331962403526,-4.440892098500626e-16,0.0,36.496093279758526,36.496093279758526,36.496093279758526,36.496093279758526,36.496093279758526,4.642294787321861,4.196503252857218,5.060626749725387,4.642294787321861,4.642294787321861,0.0,-0.44579153446464304,0.418331962403526,0.0,0.0,0.0,0.44579153446464304,0.0,0.0,0.0,36.496093279758526
gen=34_member=5819_pso,1.1,0.9,1.1,0.9,1.0,1.1,1.1,0.9,0.9,1.0,0.0,0.383524240136083,0.3537966161247814,0.0,0.0,3.022398591006844,3.405922831142928,2.668601974882063,3.022398591006844,3.022398591006844,0.0,0.3835242401360843,-0.35379661612478097,0.0,0.0,34.56103873283972,34.56103873283972,34.56103873283972,34.56103873283972,34.56103873283972,5.577601408993155,5.194077168857072,5.931398025117937,5.577601408993155,5.577601408993155,0.0,-0.383524240136083,0.3537966161247814,0.0,0.0,0.0,0.383524240136083,0.0,0.0,0.0,34.56103873283972
gen=34_member=5825_pso,1.1,0.9,1.1,0.9,1.0,1.1,1.1,0.9,0.9,1.0,8.881784197001252e-16,0.1966776955334364,0.17618250902612775,0.0,0.0,1.031660987734052,1.2283386832674874,0.8554784787079234,1.031660987734052,1.031660987734052,0.0,0.1966776955334355,-0.17618250902612853,0.0,0.0,21.6872977704652,21.6872977704652,21.6872977704652,21.6872977704652,21.6872977704652,7.568339012265947,7.371661316732512,7.744521521292076,7.568339012265948,7.568339012265948,-8.881784197001252e-16,-0.1966776955334364,0.17618250902612775,0.0,0.0,8.881784197001252e-16,0.1966776955334364,0.0,0.0,0.0,21.6872977704652
gen=34_member=5833_pso,1.1,0.9,1.1,0.9,1.0,1.1,1.1,0.9,0.9,1.0,8.881784197001252e-16,0.46775741663230885,0.4425267257393859,1.7763568394002505e-15,0.0,4.293456493397733,4.761213910030043,3.850929767658348,4.293456493397732,4.293456493397734,-8.881784197001252e-16,0.46775741663230885,-0.44252672573938634,-1.7763568394002505e-15,0.0,37.05546674905064,37.05546674905064,37.05546674905064,37.05546674905064,37.05546674905064,4.306543506602266,3.8387860899699566,4.749070232341651,4.306543506602267,4.3065435066022655,8.881784197001252e-16,-0.46775741663230885,0.4425267257393859,1.7763568394002505e-15,0.0,0.0,0.46775741663230885,0.0,0.0,0.0,37.05546674905064
gen=35_member=5892_pso,1.1,0.9,1.1,0.9,1.0,1.1,1.1,0.9,0.9,1.0,0.0,0.35846554460221647,0.32864147291054113,0.0,0.0,2.6693012840007992,3.027766828603016,2.3406598110902577,2.669301284000799,2.669301284000799,4.440892098500626e-16,0.35846554460221736,-0.32864147291054113,0.0,0.0,33.6250096550061,33.6250096550061,33.6250096550061,33.6250096550061,33.6250096550061,5.930698715999201,5.572233171396984,6.259340188909742,5.930698715999201,5.930698715999201,0.0,-0.35846554460221647,0.32864147291054113,0.0,0.0,0.0,0.35846554460221647,0.0,0.0,0.0,33.6250096550061
gen=35_member=5893_pso,1.1,0.9,1.1,0.9,1.0,1.1,1.1,0.9,0.9,1.0,8.881784197001252e-16,0.15577761263605083,0.13818909827829717,0.0,0.0,0.8132883924956409,0.9690660051316912,0.6750992942173434,0.8132883924956407,0.8132883924956406,3.3306690738754696e-16,0.1557776126360506,-0.13818909827829717,1.1102230246251565e-16,0.0,16.002041893722712,16.002041893722712,16.002041893722712,16.002041893722712,16.002041893722712,7.786711607504358,7.630933994868308,7.924900705782656,7.786711607504359,7.786711607504359,-8.881784197001252e-16,-0.15577761263605083,0.13818909827829717,0.0,0.0,8.881784197001252e-16,0.15577761263605083,0.0,0.0,0.0,16.002041893722712
gen=35_member=5913_pso,1.1,0.9,1.1,0.9,1.0,1.1,1.1,0.9,0.9,1.0,8.881784197001252e-16,0.19362253349200476,0.17306180889834177,8.881784197001252e-16,0.0,1.0163314134959742,1.2099539469879783,0.8432696045976315,1.016331413495974,1.0163314134959738,4.440892098500626e-16,0.19362253349200453,-0.17306180889834233,2.220446049250313e-16,0.0,21.261970620979778,21.261970620979778,21.261970620979778,21.261970620979778,21.261970620979778,7.583668586504025,7.390046053012021,7.756730395402368,7.583668586504025,7.583668586504026,-8.881784197001252e-16,-0.19362253349200476,0.17306180889834177,-8.881784197001252e-16,0.0,8.881784197001252e-16,0.19362253349200476,0.0,8.881784197001252e-16,0.0,21.261970620979778
gen=35_member=5926_pso,1.1,0.9,1.1,0.9,1.0,1.1,1.1,0.9,0.9,1.0,0.0,0.26063458121196614,0.23379973898413464,8.881784197001252e-16,0.0,1.605844123518044,1.8664787047300104,1.372044384533909,1.6058441235180427,1.6058441235180438,2.220446049250313e-16,0.2606345812119666,-0.23379973898413486,-1.1102230246251565e-15,0.0,28.75848621927199,28.75848621927199,28.75848621927199,28.75848621927199,28.75848621927199,6.994155876481956,6.733521295269989,7.22795561546609,6.9941558764819565,6.994155876481956,0.0,-0.26063458121196614,0.23379973898413464,8.881784197001252e-16,0.0,0.0,0.26063458121196614,0.0,0.0,0.0,28.75848621927199
gen=35_member=5948_pso,1.1,0.9,1.1,0.9,1.0,1.1,1.1,0.9,0.9,1.0,2.6645352591003757e-15,0.4709513041443669,0.44605102234033733,4.440892098500626e-15,0.0,4.339241874247065,4.810193178391435,3.89319085190673,4.339241874247064,4.339241874247068,-2.6645352591003757e-15,0.4709513041443669,-0.4460510223403378,-3.552713678800501e-15,0.0,37.07384621264411,37.07384621264411,37.07384621264411,37.07384621264411,37.07384621264411,4.260758125752934,3.7898068216085647,4.706809148093269,4.260758125752936,4.260758125752932,2.6645352591003757e-15,-0.4709513041443669,0.44605102234033733,4.440892098500626e-15,0.0,0.0,0.4709513041443669,0.0,0.0,0.0,37.07384621264411
gen=35_member=5956_pso,1.1,0.9,1.1,0.9,1.0,1.1,1.1,0.9,0.9,1.0,1.7763568394002505e-15,0.3820171451023846,0.3499062768531358,8.881784197001252e-16,0.0,2.829842450529238,3.2118595956316245,2.479936173676104,2.829842450529239,2.8298424505292394,-1.3322676295501878e-15,0.38201714510238505,-0.34990627685313536,-4.440892098500626e-16,0.0,34.07740547464268,34.07740547464268,34.07740547464268,34.07740547464268,34.07740547464268,5.7701575494707615,5.388140404368375,6.120063826323896,5.770157549470761,5.77015754947076,1.7763568394002505e-15,-0.3820171451023846,0.3499062768531358,8.881784197001252e-16,0.0,0.0,0.3820171451023846,0.0,0.0,0.0,34.07740547464268
gen=35_member=5961_pso,1.1,0.9,1.1,0.9,1.0,1.1,1.1,0.9,0.9,1.0,3.552713678800501e-15,0.4589383971562975,0.4320446301115135,2.6645352591003757e-15,0.0,4.163974337028349,4.622912734184643,3.7319297069168313,4.163974337028348,4.163974337028345,3.552713678800501e-15,0.4589383971562979,-0.43204463011151395,2.6645352591003757e-15,0.0,36.87726444522587,36.87726444522587,36.87726444522587,36.87726444522587,36.87726444522587,4.436025662971651,3.977087265815357,4.868070293083168,4.436025662971652,4.436025662971654,-3.552713678800501e-15,-0.4589383971562975,0.4320446301115135,-2.6645352591003757e-15,0.0,3.552713678800501e-15,0.4589383971562975,0.0,2.6645352591003757e-15,0.0,36.87726444522587
gen=35_member=5978_pso,1.1,0.9,1.1,0.9,1.0,1.1,1.1,0.9,0.9,1.0,2.6645352591003757e-15,0.42973658370838397,0.4021067352307002,1.7763568394002505e-15,0.0,3.60663291837019,4.036369502078571,3.204526183139487,3.606632918370189,3.6066329183701873,2.6645352591003757e-15,0.42973658370838397,-0.4021067352307002,1.7763568394002505e-15,0.0,35.798046250315835,35.798046250315835,35.798046250315835,35.798046250315835,35.798046250315835,4.99336708162981,4.563630497921428,5.3954738168605125,4.993367081629811,4.993367081629812,-2.6645352591003757e-15,-0.42973658370838397,0.4021067352307002,-1.7763568394002505e-15,0.0,2.6645352591003757e-15,0.42973658370838397,0.0,1.7763568394002505e-15,0.0,35.798046250315835
gen=35_member=5994_pso,1.1,0.9,1.1,0.9,1.0,1.1,1.1,0.9,0.9,1.0,3.552713678800501e-15,0.3926968147549168,0.36139061622222535,2.6645352591003757e-15,0.0,3.0760270271294465,3.468723841884361,2.714636410907218,3.076027027129446,3.076027027129444,2.6645352591003757e-15,0.39269681475491724,-0.3613906162222258,2.220446049250313e-15,0.0,34.68326987798987,34.68326987798987,34.68326987798987,34.68326987798987,34.68326987798987,5.523972972870553,5.131276158115639,5.885363589092782,5.5239729728705536,5.523972972870556,-3.552713678800501e-15,-0.3926968147549168,0.36139061622222535,-2.6645352591003757e-15,0.0,3.552713678800501e-15,0.3926968147549168,0.0,2.6645352591003757e-15,0.0,34.68326987798987
gen=35_member=6019_pso,1.1,0.9,1.1,0.9,1.0,1.1,1.1,0.9,0.9,1.0,3.552713678800501e-15,0.4337317043268669,0.4064426786111319,1.7763568394002505e-15,0.0,3.7303822104294655,4.16411391475633,3.3239395318183305,3.730382210429465,3.7303822104294633,2.220446049250313e-15,0.4337317043268665,-0.4064426786111328,1.7763568394002505e-15,0.0,36.06245626130536,36.06245626130536,36.06245626130536,36.06245626130536,36.06245626130536,4.869617789570533,4.43588608524367,5.276060468181669,4.869617789570535,4.869617789570537,-3.552713678800501e-15,-0.4337317043268669,0.4064426786111319,-1.7763568394002505e-15,0.0,3.552713678800501e-15,0.4337317043268669,0.0,1.7763568394002505e-15,0.0,36.06245626130536
gen=36_member=6021_pso,1.1,0.9,1.1,0.9,1.0,1.1,1.1,0.9,0.9,1.0,0.0,0.154961159681255,0.13721482017165254,0.0,0.0,0.8110833649714817,0.9660445246527362,0.6738685447998286,0.8110833649714815,0.8110833649714815,2.220446049250313e-16,0.15496115968125468,-0.13721482017165287,0.0,0.0,15.730428646974955,15.730428646974955,15.730428646974955,15.730428646974955,15.730428646974955,7.788916635028518,7.633955475347263,7.926131455200171,7.788916635028518,7.788916635028518,0.0,-0.154961159681255,0.13721482017165254,0.0,0.0,0.0,0.154961159681255,0.0,0.0,0.0,15.730428646974955
gen=36_member=6031_pso,1.1,0.9,1.1,0.9,1.0,1.1,1.1,0.9,0.9,1.0,0.0,0.30678655589496096,0.27745657845139693,0.0,0.0,2.054152766640796,2.3609393225357564,1.7766961881893988,2.0541527666407955,2.054152766640796,0.0,0.3067865558949605,-0.27745657845139715,-4.440892098500626e-16,0.0,31.338390787551678,31.338390787551678,31.338390787551678,31.338390787551678,31.338390787551678,6.545847233359204,6.239060677464243,6.823303811810601,6.545847233359204,6.545847233359204,0.0,-0.30678655589496096,0.27745657845139693,0.0,0.0,0.0,0.30678655589496096,0.0,0.0,0.0,31.338390787551678
gen=36_member=6039_pso,1.1,0.9,1.1,0.9,1.0,1.1,1.1,0.9,0.9,1.0,1.7763568394002505e-15,0.37733454529901067,0.3468550068833274,1.7763568394002505e-15,0.0,2.8865790925389496,3.2639136378379625,2.539724085655625,2.8865790925389496,2.8865790925389523,-2.6645352591003757e-15,0.3773345452990102,-0.3468550068833274,-2.6645352591003757e-15,0.0,34.236759922666806,34.236759922666806,34.236759922666806,34.236759922666806,34.236759922666806,5.71342090746105,5.336086362162037,6.060275914344375,5.71342090746105,5.713420907461048,1.7763568394002505e-15,-0.37733454529901067,0.3468550068833274,1.7763568394002505e-15,0.0,0.0,0.37733454529901067,0.0,0.0,0.0,34.236759922666806
gen=36_member=6076_pso,1.1,0.9,1.1,0.9,1.0,1.1,1.1,0.9,0.9,1.0,1.7763568394002505e-15,0.4700659862553307,0.44467252092070364,3.552713678800501e-15,0.0,4.314408249931123,4.784474236186456,3.869735729010421,4.314408249931121,4.314408249931125,-1.7763568394002505e-15,0.4700659862553307,-0.4446725209207041,-3.552713678800501e-15,0.0,37.07165394641189,37.07165394641189,37.07165394641189,37.07165394641189,37.07165394641189,4.2855917500688765,3.815525763813544,4.730264270989578,4.285591750068878,4.285591750068875,1.7763568394002505e-15,-0.4700659862553307,0.44467252092070364,3.552713678800501e-15,0.0,0.0,0.4700659862553307,0.0,0.0,0.0,37.07165394641189
gen=36_member=6120_pso,1.1,0.9,1.1,0.9,1.0,1.1,1.1,0.9,0.9,1.0,2.6645352591003757e-15,0.431456904484973,0.40411469407458434,1.7763568394002505e-15,0.0,3.689182336255501,4.120639240740472,3.285067642180914,3.6891823362555,3.6891823362554974,3.552713678800501e-15,0.4314569044849743,-0.40411469407458345,2.6645352591003757e-15,0.0,35.95802982865704,35.95802982865704,35.95802982865704,35.95802982865704,35.95802982865704,4.910817663744498,4.479360759259528,5.314932357819085,4.910817663744499,4.910817663744501,-2.6645352591003757e-15,-0.431456904484973,0.40411469407458434,-1.7763568394002505e-15,0.0,2.6645352591003757e-15,0.431456904484973,0.0,1.7763568394002505e-15,0.0,35.95802982865704
gen=36_member=6131_pso,1.1,0.9,1.1,0.9,1.0,1.1,1.1,0.9,0.9,1.0,2.6645352591003757e-15,0.4336216298420039,0.4063748774844411,1.7763568394002505e-15,0.0,3.7084934104133103,4.142115040255312,3.3021185329288665,3.708493410413309,3.708493410413307,3.1086244689504383e-15,0.43362162984200525,-0.4063748774844407,1.7763568394002505e-15,0.0,36.00986073528155,36.00986073528155,36.00986073528155,36.00986073528155,36.00986073528155,4.891506589586689,4.457884959744688,5.297881467071133,4.89150658958669,4.891506589586692,-2.6645352591003757e-15,-0.4336216298420039,0.4063748774844411,-1.7763568394002505e-15,0.0,2.6645352591003757e-15,0.4336216298420039,0.0,1.7763568394002505e-15,0.0,36.00986073528155
gen=36_member=6133_pso,1.1,0.9,1.1,0.9,1.0,1.1,1.1,0.9,0.9,1.0,1.7763568394002505e-15,0.43133016608262764,0.4040434549514673,1.7763568394002505e-15,0.0,3.653790433692729,4.085120599775355,3.24974697874126,3.653790433692728,3.6537904336927274,1.7763568394002505e-15,0.4313301660826272,-0.4040434549514673,4.440892098500626e-16,0.0,35.87203034437702,35.87203034437702,35.87203034437702,35.87203034437702,35.87203034437702,4.946209566307271,4.514879400224645,5.35025302125874,4.946209566307271,4.946209566307273,-1.7763568394002505e-15,-0.43133016608262764,0.4040434549514673,-1.7763568394002505e-15,0.0,1.7763568394002505e-15,0.43133016608262764,0.0,1.7763568394002505e-15,0.0,35.87203034437702
gen=36_member=6139_pso,1.1,0.9,1.1,0.9,1.0,1.1,1.1,0.9,0.9,1.0,2.6645352591003757e-15,0.4521526089220522,0.4245090692662776,5.329070518200751e-15,0.0,4.076245634874488,4.528398243796538,3.651736565608208,4.076245634874491,4.0762456348744855,2.6645352591003757e-15,0.4521526089220522,-0.4245090692662776,5.329070518200751e-15,0.0,36.722176673504485,36.722176673504485,36.722176673504485,36.722176673504485,36.722176673504485,4.523754365125511,4.071601756203462,4.948263434391792,4.523754365125509,4.523754365125514,-2.6645352591003757e-15,-0.4521526089220522,0.4245090692662776,-5.329070518200751e-15,0.0,2.6645352591003757e-15,0.4521526089220522,0.0,5.329070518200751e-15,0.0,36.722176673504485
gen=36_member=6144_pso,1.1,0.9,1.1,0.9,1.0,1.1,1.1,0.9,0.9,1.0,4.440892098500626e-15,0.381572816273839,0.35221186117030623,4.440892098500626e-15,0.0,3.006859173870737,3.3884319901445803,2.654647312700434,3.006859173870737,3.0068591738707413,-4.440892098500626e-15,0.381572816273839,-0.3522118611703071,-4.440892098500626e-15,0.0,34.510550189225945,34.510550189225945,34.510550189225945,34.510550189225945,34.510550189225945,5.593140826129263,5.211568009855419,5.945352687299565,5.593140826129263,5.593140826129258,4.440892098500626e-15,-0.381572816273839,0.35221186117030623,4.440892098500626e-15,0.0,0.0,0.381572816273839,0.0,0.0,0.0,34.510550189225945
gen=36_member=6150_pso,1.1,0.9,1.1,0.9,1.0,1.1,1.1,0.9,0.9,1.0,8.881784197001252e-16,0.27181950097956875,0.2452389855386965,0.0,0.0,1.715362470532214,1.9871819715117836,1.4701234849935187,1.7153624705322148,1.715362470532215,-1.1102230246251565e-15,0.27181950097956853,-0.24523898553869627,-2.220446049250313e-16,0.0,29.51027094900253,29.51027094900253,29.51027094900253,29.51027094900253,29.51027094900253,6.884637529467786,6.612818028488216,7.129876515006481,6.884637529467785,6.884637529467785,8.881784197001252e-16,-0.27181950097956875,0.2452389855386965,0.0,0.0,0.0,0.27181950097956875,0.0,0.0,0.0,29.51027094900253
gen=36_member=6188_pso,1.1,0.9,1.1,0.9,1.0,1.1,1.1,0.9,0.9,1.0,0.0,0.23288747728194448,0.21246396170464532,0.0,0.0,1.3422700681754989,1.5751575454574425,1.129806106470853,1.3422700681754989,1.342270068175498,8.881784197001252e-16,0.23288747728194448,-0.21246396170464488,8.881784197001252e-16,0.0,26.54503702240775,26.54503702240775,26.54503702240775,26.54503702240775,26.54503702240775,7.257729931824501,7.024842454542557,7.470193893529147,7.257729931824501,7.257729931824501,0.0,-0.23288747728194448,0.21246396170464532,0.0,0.0,0.0,0.23288747728194448,0.0,0.0,0.0,26.54503702240775
gen=37_member=6202_pso,1.1,0.9,1.1,0.9,1.0,1.1,1.1,0.9,0.9,1.0,0.0,0.2789917667008668,0.25164415199783186,8.881784197001252e-16,0.0,1.7876984758523489,2.066690242553216,1.5360543238545163,1.7876984758523495,1.7876984758523486,2.220446049250313e-16,0.27899176670086745,-0.2516441519978323,8.881784197001252e-16,0.0,29.765572548609317,29.765572548609317,29.765572548609317,29.765572548609317,29.765572548609317,6.812301524147651,6.533309757446784,7.063945676145483,6.81230152414765,6.812301524147651,0.0,-0.2789917667008668,0.25164415199783186,-8.881784197001252e-16,0.0,0.0,0.2789917667008668,0.0,8.881784197001252e-16,0.0,29.765572548609317
gen=37_member=6211_pso,1.1,0.9,1.1,0.9,1.0,1.1,1.1,0.9,0.9,1.0,0.0,0.18977345488490815,0.16985737889616992,0.0,0.0,1.0136914070123029,1.203464861897211,0.843834028116133,1.0136914070123029,1.0136914070123024,4.440892098500626e-16,0.1897734548849086,-0.16985737889616948,4.440892098500626e-16,0.0,20.656455308041814,20.656455308041814,20.656455308041814,20.656455308041814,20.656455308041814,7.586308592987697,7.396535138102789,7.756165971883867,7.586308592987697,7.586308592987697,0.0,-0.18977345488490815,0.16985737889616992,0.0,0.0,0.0,0.18977345488490815,0.0,0.0,0.0,20.656455308041814
gen=37_member=6216_pso,1.1,0.9,1.1,0.9,1.0,1.1,1.1,0.9,0.9,1.0,8.881784197001252e-16,0.3947686439533724,0.3643500497286949,8.881784197001252e-16,0.0,3.1039998368234127,3.498768480776784,2.739649787094716,3.1039998368234127,3.1039998368234114,1.3322676295501878e-15,0.3947686439533724,-0.36435004972869534,1.3322676295501878e-15,0.0,34.76111558406628,34.76111558406628,34.76111558406628,34.76111558406628,34.76111558406628,5.496000163176587,5.101231519223216,5.860350212905283,5.496000163176587,5.496000163176588,-8.881784197001252e-16,-0.3947686439533724,0.3643500497286949,-8.881784197001252e-16,0.0,8.881784197001252e-16,0.3947686439533724,0.0,8.881784197001252e-16,0.0,34.76111558406628
gen=37_member=6224_pso,1.1,0.9,1.1,0.9,1.0,1.1,1.1,0.9,0.9,1.0,0.0,0.415089933292073,0.38695726597628877,0.0,0.0,3.3262371671328665,3.741327100424939,2.9392799011565773,3.3262371671328665,3.326237167132866,4.440892098500626e-16,0.415089933292073,-0.38695726597628877,4.440892098500626e-16,0.0,35.24434680969291,35.24434680969291,35.24434680969291,35.24434680969291,35.24434680969291,5.273762832867133,4.85867289957506,5.660720098843422,5.273762832867133,5.273762832867133,0.0,-0.415089933292073,0.38695726597628877,0.0,0.0,0.0,0.415089933292073,0.0,0.0,0.0,35.24434680969291
gen=37_member=6262_pso,1.1,0.9,1.1,0.9,1.0,1.1,1.1,0.9,0.9,1.0,8.881784197001252e-16,0.22726611816197995,0.20636734449558602,8.881784197001252e-16,0.0,1.2424981099154604,1.469764228077439,1.0361307654198733,1.2424981099154604,1.2424981099154595,8.881784197001252e-16,0.2272661181619795,-0.20636734449558625,8.881784197001252e-16,0.0,25.372800727077287,25.372800727077287,25.372800727077287,25.372800727077287,25.372800727077287,7.3575018900845395,7.13023577192256,7.563869234580126,7.3575018900845395,7.35750189008454,-8.881784197001252e-16,-0.22726611816197995,0.20636734449558602,-8.881784197001252e-16,0.0,8.881784197001252e-16,0.22726611816197995,0.0,8.881784197001252e-16,0.0,25.372800727077287
gen=37_member=6318_pso,1.1,0.9,1.1,0.9,1.0,1.1,1.1,0.9,0.9,1.0,8.881784197001252e-16,0.442300572309712,0.41490508999357534,8.881784197001252e-16,0.0,3.892630421477434,4.334930993787147,3.4777253314838594,3.892630421477434,3.8926304214774334,4.440892098500626e-16,0.4423005723097133,-0.414905089993574,4.440892098500626e-16,0.0,36.35850397821222,36.35850397821222,36.35850397821222,36.35850397821222,36.35850397821222,4.707369578522566,4.265069006212853,5.12227466851614,4.707369578522566,4.707369578522565,8.881784197001252e-16,-0.442300572309712,0.41490508999357534,8.881784197001252e-16,0.0,0.0,0.442300572309712,0.0,0.0,0.0,36.35850397821222
gen=37_member=6347_pso,1.1,0.9,1.1,0.9,1.0,1.1,1.1,0.9,0.9,1.0,1.7763568394002505e-15,0.426258459292983,0.3987627217045473,0.0,0.0,3.5292051773858635,3.955463636678844,3.1304424556813144,3.529205177385862,3.5292051773858613,2.220446049250313e-15,0.42625845929298256,-0.39876272170454685,8.881784197001252e-16,0.0,35.66303769617801,35.66303769617801,35.66303769617801,35.66303769617801,35.66303769617801,5.070794822614136,4.644536363321155,5.469557544318685,5.070794822614138,5.070794822614138,-1.7763568394002505e-15,-0.426258459292983,0.3987627217045473,0.0,0.0,1.7763568394002505e-15,0.426258459292983,0.0,0.0,0.0,35.66303769617801
gen=37_member=6349_pso,1.1,0.9,1.1,0.9,1.0,1.1,1.1,0.9,0.9,1.0,3.552713678800501e-15,0.3665838121553513,0.3364479395490161,3.552713678800501e-15,0.0,2.74346907693536,3.110052889090716,2.4070211373863484,2.74346907693536,2.7434690769353645,-4.440892098500626e-15,0.36658381215535174,-0.3364479395490161,-4.440892098500626e-15,0.0,33.862942575484915,33.862942575484915,33.862942575484915,33.862942575484915,33.862942575484915,5.856530923064639,5.489947110909284,6.192978862613652,5.856530923064639,5.856530923064636,3.552713678800501e-15,-0.3665838121553513,0.3364479395490161,3.552713678800501e-15,0.0,0.0,0.3665838121553513,0.0,0.0,0.0,33.862942575484915
gen=37_member=6357_pso,1.1,0.9,1.1,0.9,1.0,1.1,1.1,0.9,0.9,1.0,1.7763568394002505e-15,0.3346146422236975,0.3043335601708561,1.7763568394002505e-15,0.0,2.38870219721406,2.723316839437755,2.0843686370432017,2.38870219721406,2.388702197214058,2.220446049250313e-15,0.3346146422236971,-0.3043335601708561,2.220446049250313e-15,0.0,32.62572860768373,32.62572860768373,32.62572860768373,32.62572860768373,32.62572860768373,6.21129780278594,5.876683160562244,6.515631362956798,6.21129780278594,6.211297802785942,-1.7763568394002505e-15,-0.3346146422236975,0.3043335601708561,-1.7763568394002505e-15,0.0,1.7763568394002505e-15,0.3346146422236975,0.0,1.7763568394002505e-15,0.0,32.62572860768373
gen=37_member=6360_pso,1.1,0.9,1.1,0.9,1.0,1.1,1.1,0.9,0.9,1.0,1.7763568394002505e-15,0.25430931182019556,0.22981407726595826,1.7763568394002505e-15,0.0,1.511930753099444,1.7662400649196413,1.282116675833487,1.5119307530994437,1.5119307530994452,-1.3322676295501878e-15,0.254309311820196,-0.22981407726595826,-1.5543122344752192e-15,0.0,28.056013799679008,28.056013799679008,28.056013799679008,28.056013799679008,28.056013799679008,7.088069246900556,6.833759935080359,7.317883324166512,7.088069246900556,7.088069246900554,1.7763568394002505e-15,-0.25430931182019556,0.22981407726595826,1.7763568394002505e-15,0.0,0.0,0.25430931182019556,0.0,0.0,0.0,28.056013799679008
gen=38_member=6398_pso,1.1,0.9,1.1,0.9,1.0,1.1,1.1,0.9,0.9,1.0,2.6645352591003757e-15,0.40968350517653196,0.38114567905371644,5.329070518200751e-15,0.0,3.2544898932889783,3.664173398465508,2.8733442142352605,3.254489893288981,3.254489893288976,2.220446049250313e-15,0.40968350517653196,-0.38114567905371555,4.884981308350689e-15,0.0,35.09741973001883,35.09741973001883,35.09741973001883,35.09741973001883,35.09741973001883,5.345510106711021,4.935826601534492,5.72665578576474,5.345510106711019,5.345510106711024,-2.6645352591003757e-15,-0.40968350517653196,0.38114567905371644,-5.329070518200751e-15,0.0,2.6645352591003757e-15,0.40968350517653196,0.0,5.329070518200751e-15,0.0,35.09741973001883
gen=38_member=6402_pso,1.1,0.9,1.1,0.9,1.0,1.1,1.1,0.9,0.9,1.0,8.881784197001252e-16,0.28989503858360965,0.26230211790987834,8.881784197001252e-16,0.0,1.8927029265017532,2.182597965085364,1.6304008085918755,1.8927029265017528,1.8927029265017543,-1.1102230246251565e-15,0.28989503858360965,-0.2623021179098788,-1.5543122344752192e-15,0.0,30.51186014513365,30.51186014513365,30.51186014513365,30.51186014513365,30.51186014513365,6.707297073498246,6.417402034914636,6.969599191408124,6.707297073498246,6.707297073498245,8.881784197001252e-16,-0.28989503858360965,0.26230211790987834,8.881784197001252e-16,0.0,0.0,0.28989503858360965,0.0,0.0,0.0,30.51186014513365
gen=38_member=6409_pso,1.1,0.9,1.1,0.9,1.0,1.1,1.1,0.9,0.9,1.0,8.881784197001252e-16,0.4266237087574094,0.3991798310459753,1.7763568394002505e-15,0.0,3.4853415920391564,3.911965300796567,3.086161760993182,3.485341592039159,3.4853415920391573,-8.881784197001252e-16,0.42662370875740985,-0.3991798310459753,1.7763568394002505e-15,0.0,35.558655547749574,35.558655547749574,35.558655547749574,35.558655547749574,35.558655547749574,5.114658407960843,4.688034699203433,5.513838239006818,5.114658407960841,5.114658407960842,8.881784197001252e-16,-0.4266237087574094,0.3991798310459753,-1.7763568394002505e-15,0.0,0.0,0.4266237087574094,0.0,1.7763568394002505e-15,0.0,35.558655547749574
gen=38_member=6418_pso,1.1,0.9,1.1,0.9,1.0,1.1,1.1,0.9,0.9,1.0,0.0,0.3785479083994048,0.3495286009854315,8.881784197001252e-16,0.0,2.9783290860012563,3.3568769944006607,2.6288004850158244,2.9783290860012555,2.978329086001256,4.440892098500626e-16,0.3785479083994048,-0.3495286009854315,-4.440892098500626e-16,0.0,34.44301031817496,34.44301031817496,34.44301031817496,34.44301031817496,34.44301031817496,5.621670913998743,5.2431230055993385,5.971199514984175,5.621670913998744,5.621670913998743,0.0,-0.3785479083994048,0.3495286009854315,8.881784197001252e-16,0.0,0.0,0.3785479083994048,0.0,0.0,0.0,34.44301031817496
gen=38_member=6443_pso,1.1,0.9,1.1,0.9,1.0,1.1,1.1,0.9,0.9,1.0,1.7763568394002505e-15,0.31270656342531034,0.2824780064535197,1.7763568394002505e-15,0.0,2.147463657625636,2.460170221050945,1.8649856511721148,2.147463657625636,2.1474636576256336,2.220446049250313e-15,0.3127065634253112,-0.28247800645351884,2.220446049250313e-15,0.0,31.67115470758055,31.67115470758055,31.67115470758055,31.67115470758055,31.67115470758055,6.452536342374364,6.139829778949055,6.735014348827885,6.452536342374364,6.452536342374366,-1.7763568394002505e-15,-0.31270656342531034,0.2824780064535197,-1.7763568394002505e-15,0.0,1.7763568394002505e-15,0.31270656342531034,0.0,1.7763568394002505e-15,0.0,31.67115470758055
gen=38_member=6459_pso,1.1,0.9,1.1,0.9,1.0,1.1,1.1,0.9,0.9,1.0,2.6645352591003757e-15,0.45239448360122836,0.424754178948886,5.329070518200751e-15,0.0,4.079081097759878,4.531475581361104,3.654326918810989,4.079081097759881,4.079081097759876,1.7763568394002505e-15,0.45239448360122747,-0.42475417894888734,4.440892098500626e-15,0.0,36.73590992805043,36.73590992805043,36.73590992805043,36.73590992805043,36.73590992805043,4.520918902240122,4.068524418638896,4.94567308118901,4.520918902240119,4.520918902240124,-2.6645352591003757e-15,-0.45239448360122836,0.424754178948886,-5.329070518200751e-15,0.0,2.6645352591003757e-15,0.45239448360122836,0.0,5.329070518200751e-15,0.0,36.73590992805043
gen=38_member=6465_pso,1.1,0.9,1.1,0.9,1.0,1.1,1.1,0.9,0.9,1.0,8.881784197001252e-16,0.4270297544634305,0.39982051819802233,0.0,0.0,3.497111324050284,3.924141078513713,3.097290805852261,3.497111324050283,3.497111324050283,8.881784197001252e-16,0.42702975446343006,-0.3998205181980219,0.0,0.0,35.58483752237572,35.58483752237572,35.58483752237572,35.58483752237572,35.58483752237572,5.102888675949716,4.675858921486286,5.502709194147739,5.102888675949717,5.102888675949717,-8.881784197001252e-16,-0.4270297544634305,0.39982051819802233,0.0,0.0,8.881784197001252e-16,0.4270297544634305,0.0,0.0,0.0,35.58483752237572
gen=38_member=6471_pso,1.1,0.9,1.1,0.9,1.0,1.1,1.1,0.9,0.9,1.0,1.7763568394002505e-15,0.40916332111121534,0.38063027024643503,0.0,0.0,3.244263136286106,3.653426457397319,2.863632866039669,3.244263136286105,3.2442631362861047,1.3322676295501878e-15,0.40916332111121445,-0.3806302702464359,4.440892098500626e-16,0.0,35.06049322067706,35.06049322067706,35.06049322067706,35.06049322067706,35.06049322067706,5.355736863713894,4.94657354260268,5.73636713396033,5.355736863713895,5.355736863713895,-1.7763568394002505e-15,-0.40916332111121534,0.38063027024643503,0.0,0.0,1.7763568394002505e-15,0.40916332111121534,0.0,0.0,0.0,35.06049322067706
gen=38_member=6478_pso,1.1,0.9,1.1,0.9,1.0,1.1,1.1,0.9,0.9,1.0,8.881784197001252e-16,0.4170360323635469,0.3890727840952177,1.7763568394002505e-15,0.0,3.3537617018742845,3.7707977342378327,2.964688917779068,3.353761701874287,3.3537617018742854,-8.881784197001252e-16,0.41703603236354736,-0.3890727840952173,1.7763568394002505e-15,0.0,35.27857906393331,35.27857906393331,35.27857906393331,35.27857906393331,35.27857906393331,5.246238298125715,4.829202265762167,5.635311082220932,5.2462382981257125,5.246238298125714,8.881784197001252e-16,-0.4170360323635469,0.3890727840952177,-1.7763568394002505e-15,0.0,0.0,0.4170360323635469,0.0,1.7763568394002505e-15,0.0,35.27857906393331
gen=38_member=6480_pso,1.1,0.9,1.1,0.9,1.0,1.1,1.1,0.9,0.9,1.0,2.6645352591003757e-15,0.31016543857494216,0.2800413798691608,2.6645352591003757e-15,0.0,2.0744810502582194,2.384646488833159,1.794439670389056,2.0744810502582194,2.0744810502582167,2.6645352591003757e-15,0.31016543857494216,-0.2800413798691608,2.6645352591003757e-15,0.0,31.40713306593588,31.40713306593588,31.40713306593588,31.40713306593588,31.40713306593588,6.52551894974178,6.215353511166841,6.805560329610944,6.52551894974178,6.525518949741783,-2.6645352591003757e-15,-0.31016543857494216,0.2800413798691608,-2.6645352591003757e-15,0.0,2.6645352591003757e-15,0.31016543857494216,0.0,2.6645352591003757e-15,0.0,31.40713306593588
gen=38_member=6490_pso,1.1,0.9,1.1,0.9,1.0,1.1,1.1,0.9,0.9,1.0,2.6645352591003757e-15,0.4339055256740254,0.40662466092986627,1.7763568394002505e-15,0.0,3.732539123723972,4.166444649397994,3.325914462794102,3.73253912372397,3.732539123723969,3.1086244689504383e-15,0.4339055256740254,-0.4066246609298667,8.881784197001252e-16,0.0,36.06985802316135,36.06985802316135,36.06985802316135,36.06985802316135,36.06985802316135,4.867460876276028,4.433555350602005,5.274085537205897,4.867460876276029,4.867460876276031,-2.6645352591003757e-15,-0.4339055256740254,0.40662466092986627,-1.7763568394002505e-15,0.0,2.6645352591003757e-15,0.4339055256740254,0.0,1.7763568394002505e-15,0.0,36.06985802316135
gen=38_member=6501_pso,1.1,0.9,1.1,0.9,1.0,1.1,1.1,0.9,0.9,1.0,0.0,0.32722452193821017,0.29727619077560785,8.881784197001252e-16,0.0,2.3204104251195217,2.647634947057732,2.023134234343914,2.320410425119521,2.3204104251195217,0.0,0.32722452193821017,-0.29727619077560785,-8.881784197001252e-16,0.0,32.396349530682755,32.396349530682755,32.396349530682755,32.396349530682755,32.396349530682755,6.279589574880478,5.952365052942268,6.576865765656086,6.279589574880479,6.279589574880478,0.0,-0.32722452193821017,0.29727619077560785,8.881784197001252e-16,0.0,0.0,0.32722452193821017,0.0,0.0,0.0,32.396349530682755
gen=38_member=6507_pso,1.1,0.9,1.1,0.9,1.0,1.1,1.1,0.9,0.9,1.0,0.0,0.43932434862019143,0.4118991869066466,0.0,0.0,3.826857056498032,4.266181405118223,3.4149578695913845,3.826857056498031,3.826857056498032,0.0,0.439324348620191,-0.4118991869066475,-8.881784197001252e-16,0.0,36.243072285057984,36.243072285057984,36.243072285057984,36.243072285057984,36.243072285057984,4.773142943501968,4.333818594881777,5.185042130408615,4.773142943501968,4.773142943501968,0.0,-0.43932434862019143,0.4118991869066466,0.0,0.0,0.0,0.43932434862019143,0.0,0.0,0.0,36.243072285057984
gen=38_member=6529_pso,1.1,0.9,1.1,0.9,1.0,1.1,1.1,0.9,0.9,1.0,1.7763568394002505e-15,0.38589728795180456,0.35597375826797695,8.881784197001252e-16,0.0,3.04111175545416,3.4270090434059632,2.6851379971861813,3.04111175545416,3.041111755454159,8.881784197001252e-16,0.3858972879518041,-0.35597375826797784,8.881784197001252e-16,0.0,34.611036113818564,34.611036113818564,34.611036113818564,34.611036113818564,34.611036113818564,5.558888244545839,5.172990956594036,5.914862002813818,5.55888824454584,5.558888244545841,-1.7763568394002505e-15,-0.38589728795180456,0.35597375826797695,-8.881784197001252e-16,0.0,1.7763568394002505e-15,0.38589728795180456,0.0,8.881784197001252e-16,0.0,34.611036113818564
gen=39_member=6554_pso,1.1,0.9,1.1,0.9,1.0,1.1,1.1,0.9,0.9,1.0,0.0,0.21123727020996785,0.19003183944478064,0.0,0.0,1.0759853155948569,1.2872225858048236,0.8859534761500758,1.0759853155948569,1.0759853155948564,4.440892098500626e-16,0.2112372702099672,-0.19003183944478064,4.440892098500626e-16,0.0,22.91493475179726,22.91493475179726,22.91493475179726,22.91493475179726,22.91493475179726,7.524014684405143,7.312777414195176,7.714046523849924,7.524014684405143,7.524014684405143,0.0,-0.21123727020996785,0.19003183944478064,0.0,0.0,0.0,0.21123727020996785,0.0,0.0,0.0,22.91493475179726
gen=39_member=6557_pso,1.1,0.9,1.1,0.9,1.0,1.1,1.1,0.9,0.9,1.0,0.0,0.29825802627795994,0.27013612039552193,0.0,0.0,1.9835249724970192,2.2817829987749785,1.7133888521014968,1.9835249724970192,1.9835249724970192,0.0,0.2982580262779593,-0.27013612039552237,0.0,0.0,30.95190437561837,30.95190437561837,30.95190437561837,30.95190437561837,30.95190437561837,6.616475027502981,6.318217001225021,6.886611147898503,6.616475027502981,6.616475027502981,0.0,-0.29825802627795994,0.27013612039552193,0.0,0.0,0.0,0.29825802627795994,0.0,0.0,0.0,30.95190437561837
gen=39_member=6576_pso,1.1,0.9,1.1,0.9,1.0,1.1,1.1,0.9,0.9,1.0,8.881784197001252e-16,0.2204663553189823,0.20046822108361617,8.881784197001252e-16,0.0,1.2106413178735045,1.431107673192486,1.010173096789887,1.2106413178735045,1.2106413178735036,8.881784197001252e-16,0.2204663553189825,-0.20046822108361662,8.881784197001252e-16,0.0,24.57679423226629,24.57679423226629,24.57679423226629,24.57679423226629,24.57679423226629,7.389358682126495,7.168892326807514,7.589826903210112,7.389358682126495,7.389358682126496,-8.881784197001252e-16,-0.2204663553189823,0.20046822108361617,-8.881784197001252e-16,0.0,8.881784197001252e-16,0.2204663553189823,0.0,8.881784197001252e-16,0.0,24.57679423226629
gen=39_member=6585_pso,1.1,0.9,1.1,0.9,1.0,1.1,1.1,0.9,0.9,1.0,2.6645352591003757e-15,0.3944171692584133,0.36402288610200184,2.6645352591003757e-15,0.0,3.1090006596480766,3.503417828906488,2.744977773546072,3.109000659648076,3.109000659648074,2.6645352591003757e-15,0.3944171692584142,-0.36402288610200184,2.220446049250313e-15,0.0,34.78292178056862,34.78292178056862,34.78292178056862,34.78292178056862,34.78292178056862,5.490999340351923,5.096582171093512,5.855022226453928,5.490999340351923,5.490999340351926,-2.6645352591003757e-15,-0.3944171692584133,0.36402288610200184,-2.6645352591003757e-15,0.0,2.6645352591003757e-15,0.3944171692584133,0.0,2.6645352591003757e-15,0.0,34.78292178056862
gen=39_member=6590_pso,1.1,0.9,1.1,0.9,1.0,1.1,1.1,0.9,0.9,1.0,8.881784197001252e-16,0.45337785055996704,0.4259777435591925,8.881784197001252e-16,0.0,4.091206726931731,4.5445845774917,3.66522898337254,4.091206726931731,4.091206726931732,-8.881784197001252e-16,0.45337785055996793,-0.42597774355919205,-8.881784197001252e-16,0.0,36.73640015568762,36.73640015568762,36.73640015568762,36.73640015568762,36.73640015568762,4.508793273068268,4.0554154225083,4.93477101662746,4.508793273068268,4.508793273068267,8.881784197001252e-16,-0.45337785055996704,0.4259777435591925,8.881784197001252e-16,0.0,0.0,0.45337785055996704,0.0,0.0,0.0,36.73640015568762
gen=39_member=6611_pso,1.1,0.9,1.1,0.9,1.0,1.1,1.1,0.9,0.9,1.0,3.552713678800501e-15,0.43063935668970377,0.40337447315084596,1.7763568394002505e-15,0.0,3.663118269814582,4.093757626504282,3.259743796663733,3.6631182698145808,3.663118269814579,3.1086244689504383e-15,0.4306393566897033,-0.40337447315084596,1.7763568394002505e-15,0.0,35.89623286365389,35.89623286365389,35.89623286365389,35.89623286365389,35.89623286365389,4.9368817301854175,4.506242373495717,5.340256203336267,4.936881730185419,4.936881730185421,-3.552713678800501e-15,-0.43063935668970377,0.40337447315084596,-1.7763568394002505e-15,0.0,3.552713678800501e-15,0.43063935668970377,0.0,1.7763568394002505e-15,0.0,35.89623286365389
gen=39_member=6630_pso,1.1,0.9,1.1,0.9,1.0,1.1,1.1,0.9,0.9,1.0,3.552713678800501e-15,0.32240044743027774,0.29181935940813286,3.552713678800501e-15,0.0,2.2802314935655,2.6026319409957805,1.9884121341573695,2.2802314935654997,2.280231493565503,-2.6645352591003757e-15,0.32240044743027774,-0.2918193594081333,-3.1086244689504383e-15,0.0,32.28667995166453,32.28667995166453,32.28667995166453,32.28667995166453,32.28667995166453,6.3197685064345,5.997368059004219,6.61158786584263,6.3197685064345,6.319768506434497,3.552713678800501e-15,-0.32240044743027774,0.29181935940813286,3.552713678800501e-15,0.0,0.0,0.32240044743027774,0.0,0.0,0.0,32.28667995166453
gen=39_member=6634_pso,1.1,0.9,1.1,0.9,1.0,1.1,1.1,0.9,0.9,1.0,8.881784197001252e-16,0.4734115134933483,0.4480217865367573,1.7763568394002505e-15,0.0,4.379201393789327,4.852612907282675,3.9311796072525698,4.379201393789326,4.379201393789328,-1.7763568394002505e-15,0.473411513493347,-0.4480217865367586,-2.6645352591003757e-15,0.0,37.24656995207669,37.24656995207669,37.24656995207669,37.24656995207669,37.24656995207669,4.220798606210673,3.747387092717324,4.668820392747429,4.220798606210674,4.220798606210672,8.881784197001252e-16,-0.4734115134933483,0.4480217865367573,1.7763568394002505e-15,0.0,0.0,0.4734115134933483,0.0,0.0,0.0,37.24656995207669
gen=39_member=6668_pso,1.1,0.9,1.1,0.9,1.0,1.1,1.1,0.9,0.9,1.0,2.6645352591003757e-15,0.3675082993322478,0.3375484844705605,3.552713678800501e-15,0.0,2.770991231900614,3.1384995312328643,2.433442747430056,2.770991231900613,2.7709912319006165,-2.6645352591003757e-15,0.3675082993322478,-0.3375484844705605,-3.552713678800501e-15,0.0,33.933030846740984,33.933030846740984,33.933030846740984,33.933030846740984,33.933030846740984,5.829008768099386,5.461500468767135,6.166557252569944,5.829008768099387,5.829008768099383,2.6645352591003757e-15,-0.3675082993322478,0.3375484844705605,3.552713678800501e-15,0.0,0.0,0.3675082993322478,0.0,0.0,0.0,33.933030846740984
gen=39_member=6670_pso,1.1,0.9,1.1,0.9,1.0,1.1,1.1,0.9,0.9,1.0,0.0,0.3275156190834867,0.29727133147959606,0.0,0.0,2.3313665536247323,2.6588821727082195,2.0340952221451363,2.3313665536247323,2.331366553624733,-8.881784197001252e-16,0.32751561908348625,-0.29727133147959695,-8.881784197001252e-16,0.0,32.43577512726643,32.43577512726643,32.43577512726643,32.43577512726643,32.43577512726643,6.268633446375267,5.94111782729178,6.565904777854863,6.268633446375267,6.268633446375267,0.0,-0.3275156190834867,0.29727133147959606,0.0,0.0,0.0,0.3275156190834867,0.0,0.0,0.0,32.43577512726643
gen=39_member=6689_pso,1.1,0.9,1.1,0.9,1.0,1.1,1.1,0.9,0.9,1.0,8.881784197001252e-16,0.2680707748951221,0.24146626236842117,8.881784197001252e-16,0.0,1.6787094998114664,1.946780274706588,1.4372432374430442,1.6787094998114644,1.6787094998114656,8.881784197001252e-16,0.26807077489512254,-0.2414662623684214,-1.1102230246251565e-15,0.0,29.416418185838467,29.416418185838467,29.416418185838467,29.416418185838467,29.416418185838467,6.921290500188533,6.653219725293412,7.162756762556955,6.921290500188535,6.921290500188534,-8.881784197001252e-16,-0.2680707748951221,0.24146626236842117,8.881784197001252e-16,0.0,8.881784197001252e-16,0.2680707748951221,0.0,0.0,0.0,29.416418185838467
gen=39_member=6698_pso,1.1,0.9,1.1,0.9,1.0,1.1,1.1,0.9,0.9,1.0,0.0,0.356584943391022,0.32665355470071233,0.0,0.0,2.6497013934446483,3.0062863368356703,2.323047838743936,2.6497013934446474,2.6497013934446474,8.881784197001252e-16,0.35658494339102287,-0.32665355470071145,0.0,0.0,33.52015097310551,33.52015097310551,33.52015097310551,33.52015097310551,33.52015097310551,5.950298606555352,5.59371366316433,6.276952161256064,5.950298606555352,5.950298606555352,0.0,-0.356584943391022,0.32665355470071233,0.0,0.0,0.0,0.356584943391022,0.0,0.0,0.0,33.52015097310551
gen=40_member=6722_pso,1.1,0.9,1.1,0.9,1.0,1.1,1.1,0.9,0.9,1.0,8.881784197001252e-16,0.2663387623794131,0.23938899159447313,1.7763568394002505e-15,0.0,1.6556098007990296,1.921948563178444,1.4162208092045574,1.6556098007990292,1.6556098007990303,-6.661338147750939e-16,0.2663387623794138,-0.2393889915944729,-1.1102230246251565e-15,0.0,29.206608318766545,29.206608318766545,29.206608318766545,29.206608318766545,29.206608318766545,6.94439019920097,6.678051436821556,7.183779190795442,6.944390199200971,6.944390199200969,8.881784197001252e-16,-0.2663387623794131,0.23938899159447313,1.7763568394002505e-15,0.0,0.0,0.2663387623794131,0.0,0.0,0.0,29.206608318766545
gen=40_member=6726_pso,1.1,0.9,1.1,0.9,1.0,1.1,1.1,0.9,0.9,1.0,0.0,0.30438198038839914,0.27551682841844727,8.881784197001252e-16,0.0,2.037067297747835,2.341449278136234,1.761550469329388,2.0370672977478352,2.037067297747835,0.0,0.30438198038839914,-0.2755168284184468,4.440892098500626e-16,0.0,31.242517549639818,31.242517549639818,31.242517549639818,31.242517549639818,31.242517549639818,6.562932702252165,6.258550721863766,6.838449530670612,6.562932702252164,6.562932702252165,0.0,-0.30438198038839914,0.27551682841844727,-8.881784197001252e-16,0.0,0.0,0.30438198038839914,0.0,8.881784197001252e-16,0.0,31.242517549639818
gen=40_member=6749_pso,1.1,0.9,1.1,0.9,1.0,1.1,1.1,0.9,0.9,1.0,2.6645352591003757e-15,0.3200623143703707,0.2892684955359579,2.6645352591003757e-15,0.0,2.226329000439626,2.54639131481,1.9370605049036704,2.226329000439626,2.226329000439628,-2.220446049250313e-15,0.320062314370372,-0.2892684955359577,-2.220446049250313e-15,0.0,32.03382245921868,32.03382245921868,32.03382245921868,32.03382245921868,32.03382245921868,6.373670999560374,6.05360868519,6.662939495096329,6.373670999560374,6.373670999560371,2.6645352591003757e-15,-0.3200623143703707,0.2892684955359579,2.6645352591003757e-15,0.0,0.0,0.3200623143703707,0.0,0.0,0.0,32.03382245921868
gen=40_member=6768_pso,1.1,0.9,1.1,0.9,1.0,1.1,1.1,0.9,0.9,1.0,8.881784197001252e-16,0.4554620737641244,0.4295614187740773,1.7763568394002505e-15,0.0,4.063568704514502,4.519030778278627,3.634007285740425,4.063568704514501,4.063568704514503,-8.881784197001252e-16,0.4554620737641244,-0.4295614187740777,-1.7763568394002505e-15,0.0,36.65302211816361,36.65302211816361,36.65302211816361,36.65302211816361,36.65302211816361,4.536431295485498,4.080969221721372,4.965992714259574,4.536431295485499,4.536431295485497,8.881784197001252e-16,-0.4554620737641244,0.4295614187740773,1.7763568394002505e-15,0.0,0.0,0.4554620737641244,0.0,0.0,0.0,36.65302211816361
gen=40_member=6783_pso,1.1,0.9,1.1,0.9,1.0,1.1,1.1,0.9,0.9,1.0,1.7763568394002505e-15,0.39056978614983784,0.3607316114800323,8.881784197001252e-16,0.0,2.9298334396155377,3.320403225765373,2.569101828135503,2.9298334396155363,2.929833439615535,2.6645352591003757e-15,0.39056978614983784,-0.36073161148003186,1.3322676295501878e-15,0.0,34.28795088667764,34.28795088667764,34.28795088667764,34.28795088667764,34.28795088667764,5.670166560384462,5.279596774234626,6.0308981718644965,5.670166560384463,5.670166560384464,-1.7763568394002505e-15,-0.39056978614983784,0.3607316114800323,-8.881784197001252e-16,0.0,1.7763568394002505e-15,0.39056978614983784,0.0,8.881784197001252e-16,0.0,34.28795088667764
gen=40_member=6799_pso,1.1,0.9,1.1,0.9,1.0,1.1,1.1,0.9,0.9,1.0,1.7763568394002505e-15,0.40427991852724077,0.37522472687412645,1.7763568394002505e-15,0.0,3.1898771736597777,3.594157092187017,2.814652446785649,3.1898771736597777,3.189877173659776,1.7763568394002505e-15,0.4042799185272412,-0.3752247268741269,1.7763568394002505e-15,0.0,34.952751930942966,34.952751930942966,34.952751930942966,34.952751930942966,34.952751930942966,5.410122826340222,5.005842907812983,5.785347553214351,5.410122826340222,5.410122826340224,-1.7763568394002505e-15,-0.40427991852724077,0.37522472687412645,-1.7763568394002505e-15,0.0,1.7763568394002505e-15,0.40427991852724077,0.0,1.7763568394002505e-15,0.0,34.952751930942966
gen=40_member=6803_pso,1.1,0.9,1.1,0.9,1.0,1.1,1.1,0.9,0.9,1.0,8.881784197001252e-16,0.3634810917318214,0.3337486108907015,0.0,0.0,2.7235943155761664,3.087075407307988,2.389845704685464,2.723594315576165,2.723594315576165,1.3322676295501878e-15,0.36348109173182275,-0.33374861089070107,0.0,0.0,33.822321012801254,33.822321012801254,33.822321012801254,33.822321012801254,33.822321012801254,5.876405684423833,5.512924592692013,6.210154295314536,5.876405684423834,5.876405684423834,-8.881784197001252e-16,-0.3634810917318214,0.3337486108907015,0.0,0.0,8.881784197001252e-16,0.3634810917318214,0.0,0.0,0.0,33.822321012801254
gen=40_member=6804_pso,1.1,0.9,1.1,0.9,1.0,1.1,1.1,0.9,0.9,1.0,2.6645352591003757e-15,0.38163994509456156,0.3524175660452622,2.6645352591003757e-15,0.0,3.016870007405459,3.398509952500022,2.664452441360199,3.016870007405458,3.016870007405461,-2.220446049250313e-15,0.3816399450945611,-0.3524175660452622,-3.1086244689504383e-15,0.0,34.528979791643806,34.528979791643806,34.528979791643806,34.528979791643806,34.528979791643806,5.583129992594541,5.201490047499977,5.935547558639801,5.583129992594541,5.583129992594539,2.6645352591003757e-15,-0.38163994509456156,0.3524175660452622,2.6645352591003757e-15,0.0,0.0,0.38163994509456156,0.0,0.0,0.0,34.528979791643806
gen=40_member=6838_pso,1.1,0.9,1.1,0.9,1.0,1.1,1.1,0.9,0.9,1.0,8.881784197001252e-16,0.24200136685368268,0.22070157934828227,8.881784197001252e-16,0.0,1.4201768569284974,1.6621782237821794,1.1994752775802142,1.4201768569284972,1.4201768569284965,8.881784197001252e-16,0.2420013668536829,-0.22070157934828227,6.661338147750939e-16,0.0,27.54385585819388,27.54385585819388,27.54385585819388,27.54385585819388,27.54385585819388,7.179823143071502,6.93782177621782,7.400524722419785,7.179823143071502,7.179823143071503,-8.881784197001252e-16,-0.24200136685368268,0.22070157934828227,-8.881784197001252e-16,0.0,8.881784197001252e-16,0.24200136685368268,0.0,8.881784197001252e-16,0.0,27.54385585819388
gen=40_member=6846_pso,1.1,0.9,1.1,0.9,1.0,1.1,1.1,0.9,0.9,1.0,3.552713678800501e-15,0.345792166133716,0.3148814492294605,2.6645352591003757e-15,0.0,2.5121954424953974,2.857987608629116,2.1973139932659405,2.512195442495398,2.5121954424954005,-3.1086244689504383e-15,0.34579216613371555,-0.31488144922946004,-2.6645352591003757e-15,0.0,33.07610629167887,33.07610629167887,33.07610629167887,33.07610629167887,33.07610629167887,6.087804557504603,5.742012391370883,6.40268600673406,6.087804557504602,6.087804557504599,3.552713678800501e-15,-0.345792166133716,0.3148814492294605,2.6645352591003757e-15,0.0,0.0,0.345792166133716,0.0,0.0,0.0,33.07610629167887
gen=40_member=6879_pso,1.1,0.9,1.1,0.9,1.0,1.1,1.1,0.9,0.9,1.0,0.0,0.42574702852223467,0.398371689248723,2.6645352591003757e-15,0.0,3.475950463907368,3.901697492429603,3.0775787746586456,3.475950463907372,3.475950463907369,-8.881784197001252e-16,0.4257470285222338,-0.39837168924872346,3.1086244689504383e-15,0.0,35.52547804840835,35.52547804840835,35.52547804840835,35.52547804840835,35.52547804840835,5.124049536092631,4.698302507570396,5.522421225341354,5.124049536092628,5.124049536092631,0.0,-0.42574702852223467,0.398371689248723,-2.6645352591003757e-15,0.0,0.0,0.42574702852223467,0.0,2.6645352591003757e-15,0.0,35.52547804840835
gen=41_member=6885_pso,1.1,0.9,1.1,0.9,1.0,1.1,1.1,0.9,0.9,1.0,8.881784197001252e-16,0.16217641674749395,0.14399276930836624,8.881784197001252e-16,0.0,0.8285654379401011,0.9907418546875942,0.6845726686317345,0.8285654379401008,0.8285654379401006,4.440892098500626e-16,0.1621764167474936,-0.14399276930836613,2.220446049250313e-16,0.0,16.94814371857778,16.94814371857778,16.94814371857778,16.94814371857778,16.94814371857778,7.771434562059898,7.609258145312405,7.9154273313682655,7.771434562059898,7.771434562059899,-8.881784197001252e-16,-0.16217641674749395,0.14399276930836624,-8.881784197001252e-16,0.0,8.881784197001252e-16,0.16217641674749395,0.0,8.881784197001252e-16,0.0,16.94814371857778
gen=41_member=6889_pso,1.1,0.9,1.1,0.9,1.0,1.1,1.1,0.9,0.9,1.0,0.0,0.24103436493972197,0.22061756395487286,0.0,0.0,1.4106019754541834,1.6516363403939045,1.1899844114993103,1.4106019754541832,1.4106019754541828,6.661338147750939e-16,0.24103436493972175,-0.22061756395487242,4.440892098500626e-16,0.0,27.38432060845482,27.38432060845482,27.38432060845482,27.38432060845482,27.38432060845482,7.189398024545817,6.948363659606095,7.4100155885006895,7.189398024545817,7.189398024545817,0.0,-0.24103436493972197,0.22061756395487286,0.0,0.0,0.0,0.24103436493972197,0.0,0.0,0.0,27.38432060845482
gen=41_member=6892_pso,1.1,0.9,1.1,0.9,1.0,1.1,1.1,0.9,0.9,1.0,0.0,0.27931618037904826,0.25216843347269347,0.0,0.0,1.7932215884321627,2.0725377688112108,1.5410531549594693,1.7932215884321625,1.7932215884321627,0.0,0.27931618037904804,-0.25216843347269347,-2.220446049250313e-16,0.0,29.76585730134148,29.76585730134148,29.76585730134148,29.76585730134148,29.76585730134148,6.806778411567837,6.527462231188789,7.058946845040531,6.806778411567837,6.806778411567837,0.0,-0.27931618037904826,0.25216843347269347,0.0,0.0,0.0,0.27931618037904826,0.0,0.0,0.0,29.76585730134148
gen=41_member=6898_pso,1.1,0.9,1.1,0.9,1.0,1.1,1.1,0.9,0.9,1.0,1.7763568394002505e-15,0.31221275982396346,0.2818897183222546,1.7763568394002505e-15,0.0,2.119335855423189,2.431548615247152,1.8374461371009332,2.119335855423189,2.119335855423188,1.3322676295501878e-15,0.31221275982396435,-0.2818897183222546,1.3322676295501878e-15,0.0,31.489447863162184,31.489447863162184,31.489447863162184,31.489447863162184,31.489447863162184,6.48066414457681,6.168451384752848,6.7625538628990665,6.48066414457681,6.480664144576812,-1.7763568394002505e-15,-0.31221275982396346,0.2818897183222546,-1.7763568394002505e-15,0.0,1.7763568394002505e-15,0.31221275982396346,0.0,1.7763568394002505e-15,0.0,31.489447863162184
gen=41_member=6902_pso,1.1,0.9,1.1,0.9,1.0,1.1,1.1,0.9,0.9,1.0,2.6645352591003757e-15,0.27376158463239797,0.2465685525373278,8.881784197001252e-16,0.0,1.729750588319221,2.0035121729516217,1.4831820357818963,1.729750588319223,1.7297505883192237,-2.6645352591003757e-15,0.27376158463239797,-0.24656855253732735,-6.661338147750939e-16,0.0,29.628353465378915,29.628353465378915,29.628353465378915,29.628353465378915,29.628353465378915,6.870249411680779,6.596487827048378,7.116817964218104,6.870249411680777,6.870249411680776,2.6645352591003757e-15,-0.27376158463239797,0.2465685525373278,8.881784197001252e-16,0.0,0.0,0.27376158463239797,0.0,0.0,0.0,29.628353465378915
gen=41_member=6917_pso,1.1,0.9,1.1,0.9,1.0,1.1,1.1,0.9,0.9,1.0,1.7763568394002505e-15,0.29332401334131397,0.26560342093214295,0.0,0.0,1.9344802970633967,2.227804310404712,1.6688768761312556,1.9344802970633983,1.9344802970633983,-1.5543122344752192e-15,0.29332401334131375,-0.26560342093214273,0.0,0.0,30.7026693264571,30.7026693264571,30.7026693264571,30.7026693264571,30.7026693264571,6.665519702936603,6.372195689595287,6.931123123868744,6.665519702936601,6.665519702936601,1.7763568394002505e-15,-0.29332401334131397,0.26560342093214295,0.0,0.0,0.0,0.29332401334131397,0.0,0.0,0.0,30.7026693264571
gen=41_member=6922_pso,1.1,0.9,1.1,0.9,1.0,1.1,1.1,0.9,0.9,1.0,3.552713678800501e-15,0.3198129876076763,0.28929818534001495,3.552713678800501e-15,0.0,2.2482108318387106,2.568023819446383,1.958912646498692,2.2482108318387106,2.248210831838707,3.552713678800501e-15,0.31981298760767585,-0.28929818534001517,3.552713678800501e-15,0.0,32.11592080418332,32.11592080418332,32.11592080418332,32.11592080418332,32.11592080418332,6.3517891681612895,6.031976180553617,6.641087353501308,6.3517891681612895,6.351789168161293,-3.552713678800501e-15,-0.3198129876076763,0.28929818534001495,-3.552713678800501e-15,0.0,3.552713678800501e-15,0.3198129876076763,0.0,3.552713678800501e-15,0.0,32.11592080418332
gen=41_member=6946_pso,1.1,0.9,1.1,0.9,1.0,1.1,1.1,0.9,0.9,1.0,8.881784197001252e-16,0.42705247318785133,0.3995154118513051,2.6645352591003757e-15,0.0,3.5442993418543907,3.971351815042243,3.144783930003087,3.544299341854394,3.5442993418543915,-8.881784197001252e-16,0.42705247318785133,-0.3995154118513047,2.6645352591003757e-15,0.0,35.683385394119824,35.683385394119824,35.683385394119824,35.683385394119824,35.683385394119824,5.055700658145609,4.628648184957757,5.455216069996913,5.055700658145605,5.055700658145608,8.881784197001252e-16,-0.42705247318785133,0.3995154118513051,-2.6645352591003757e-15,0.0,0.0,0.42705247318785133,0.0,2.6645352591003757e-15,0.0,35.683385394119824
gen=41_member=6951_pso,1.1,0.9,1.1,0.9,1.0,1.1,1.1,0.9,0.9,1.0,8.881784197001252e-16,0.3120935087316905,0.28300748206422366,8.881784197001252e-16,0.0,2.166140702159033,2.478234210890725,1.8831332200948112,2.166140702159036,2.1661407021590344,-1.3322676295501878e-15,0.3120935087316905,-0.2830074820642232,1.7763568394002505e-15,0.0,31.788273688982024,31.788273688982024,31.788273688982024,31.788273688982024,31.788273688982024,6.433859297840966,6.121765789109275,6.716866779905189,6.433859297840964,6.433859297840965,8.881784197001252e-16,-0.3120935087316905,0.28300748206422366,-8.881784197001252e-16,0.0,0.0,0.3120935087316905,0.0,8.881784197001252e-16,0.0,31.788273688982024
gen=41_member=6969_pso,1.1,0.9,1.1,0.9,1.0,1.1,1.1,0.9,0.9,1.0,8.881784197001252e-16,0.38069620632046686,0.34852034869403514,0.0,0.0,2.8177336383909903,3.198429844711458,2.4692132896969565,2.817733638390992,2.817733638390992,-1.7763568394002505e-15,0.38069620632046597,-0.3485203486940356,0.0,0.0,34.01408910075473,34.01408910075473,34.01408910075473,34.01408910075473,34.01408910075473,5.782266361609009,5.401570155288542,6.130786710303044,5.782266361609008,5.782266361609008,8.881784197001252e-16,-0.38069620632046686,0.34852034869403514,0.0,0.0,0.0,0.38069620632046686,0.0,0.0,0.0,34.01408910075473
gen=41_member=6973_pso,1.1,0.9,1.1,0.9,1.0,1.1,1.1,0.9,0.9,1.0,0.0,0.41211621150139255,0.38382107033164914,0.0,0.0,3.2838849598921684,3.696001171393561,2.9000638895605197,3.283884959892168,3.283884959892168,4.440892098500626e-16,0.412116211501393,-0.38382107033164825,0.0,0.0,35.15947657236159,35.15947657236159,35.15947657236159,35.15947657236159,35.15947657236159,5.316115040107832,4.903998828606439,5.699936110439481,5.316115040107832,5.316115040107832,0.0,-0.41211621150139255,0.38382107033164914,0.0,0.0,0.0,0.41211621150139255,0.0,0.0,0.0,35.15947657236159
gen=41_member=6982_pso,1.1,0.9,1.1,0.9,1.0,1.1,1.1,0.9,0.9,1.0,0.0,0.4417290725646641,0.4149196394999999,2.6645352591003757e-15,0.0,3.8402820549687458,4.282011127533411,3.425362415468748,3.840282054968749,3.840282054968746,-4.440892098500626e-16,0.441729072564665,-0.4149196394999981,2.6645352591003757e-15,0.0,36.278668778733376,36.278668778733376,36.278668778733376,36.278668778733376,36.278668778733376,4.759717945031253,4.3179888724665885,5.174637584531252,4.75971794503125,4.759717945031253,0.0,-0.4417290725646641,0.4149196394999999,-2.6645352591003757e-15,0.0,0.0,0.4417290725646641,0.0,2.6645352591003757e-15,0.0,36.278668778733376
gen=41_member=6986_pso,1.1,0.9,1.1,0.9,1.0,1.1,1.1,0.9,0.9,1.0,8.881784197001252e-16,0.4302979127323123,0.4030394933711605,2.6645352591003757e-15,0.0,3.586730385344671,4.017028298076984,3.1836908919735114,3.5867303853446746,3.586730385344672,-8.881784197001252e-16,0.4302979127323123,-0.4030394933711605,2.6645352591003757e-15,0.0,35.767651554973604,35.767651554973604,35.767651554973604,35.767651554973604,35.767651554973604,5.013269614655329,4.582971701923015,5.416309108026488,5.013269614655325,5.013269614655328,8.881784197001252e-16,-0.4302979127323123,0.4030394933711605,-2.6645352591003757e-15,0.0,0.0,0.4302979127323123,0.0,2.6645352591003757e-15,0.0,35.767651554973604
gen=41_member=6988_pso,1.1,0.9,1.1,0.9,1.0,1.1,1.1,0.9,0.9,1.0,0.0,0.2519296390365202,0.22463265558233303,8.881784197001252e-16,0.0,1.4847806569614803,1.7367102959980003,1.2601480013791475,1.48478065696148,1.4847806569614803,0.0,0.25192963903652,-0.2246326555823328,-2.220446049250313e-16,0.0,27.935094147883344,27.935094147883344,27.935094147883344,27.935094147883344,27.935094147883344,7.115219343038519,6.863289704001999,7.339851998620852,7.11521934303852,7.115219343038519,0.0,-0.2519296390365202,0.22463265558233303,8.881784197001252e-16,0.0,0.0,0.2519296390365202,0.0,0.0,0.0,27.935094147883344
gen=41_member=6991_pso,1.1,0.9,1.1,0.9,1.0,1.1,1.1,0.9,0.9,1.0,8.881784197001252e-16,0.44836971268741,0.4209686979450469,2.6645352591003757e-15,0.0,3.918116555580911,4.366486268268321,3.497147857635864,3.918116555580914,3.918116555580912,-8.881784197001252e-16,0.44836971268740955,-0.42096869794504777,2.220446049250313e-15,0.0,36.393381324833584,36.393381324833584,36.393381324833584,36.393381324833584,36.393381324833584,4.681883444419089,4.233513731731678,5.102852142364135,4.6818834444190855,4.681883444419088,8.881784197001252e-16,-0.44836971268741,0.4209686979450469,-2.6645352591003757e-15,0.0,0.0,0.44836971268741,0.0,2.6645352591003757e-15,0.0,36.393381324833584
gen=41_member=6992_pso,1.1,0.9,1.1,0.9,1.0,1.1,1.1,0.9,0.9,1.0,3.552713678800501e-15,0.42921448654557004,0.40182555423344546,1.7763568394002505e-15,0.0,3.612529890918071,4.041744377463639,3.210704336684622,3.61252989091807,3.612529890918069,2.220446049250313e-15,0.4292144865455696,-0.4018255542334468,8.881784197001252e-16,0.0,35.82539989519937,35.82539989519937,35.82539989519937,35.82539989519937,35.82539989519937,4.987470109081928,4.558255622536361,5.389295663315377,4.987470109081929,4.987470109081931,-3.552713678800501e-15,-0.42921448654557004,0.40182555423344546,-1.7763568394002505e-15,0.0,3.552713678800501e-15,0.42921448654557004,0.0,1.7763568394002505e-15,0.0,35.82539989519937
gen=41_member=6995_pso,1.1,0.9,1.1,0.9,1.0,1.1,1.1,0.9,0.9,1.0,0.0,0.34319816559145266,0.3129831485648378,0.0,0.0,2.508229068834494,2.8514272344259464,2.195245920269656,2.5082290688344937,2.5082290688344937,4.440892098500626e-16,0.34319816559145266,-0.3129831485648378,0.0,0.0,33.05810757863159,33.05810757863159,33.05810757863159,33.05810757863159,33.05810757863159,6.091770931165506,5.748572765574053,6.404754079730344,6.091770931165506,6.091770931165506,0.0,-0.34319816559145266,0.3129831485648378,0.0,0.0,0.0,0.34319816559145266,0.0,0.0,0.0,33.05810757863159
gen=41_member=7002_pso,1.1,0.9,1.1,0.9,1.0,1.1,1.1,0.9,0.9,1.0,1.7763568394002505e-15,0.3072133047509187,0.278296378733768,0.0,0.0,2.093233314282728,2.4004466190336484,1.814936935548961,2.0932333142827297,2.0932333142827297,-1.7763568394002505e-15,0.3072133047509187,-0.27829637873376867,0.0,0.0,31.456010064777686,31.456010064777686,31.456010064777686,31.456010064777686,31.456010064777686,6.506766685717272,6.199553380966352,6.785063064451038,6.50676668571727,6.50676668571727,1.7763568394002505e-15,-0.3072133047509187,0.278296378733768,0.0,0.0,0.0,0.3072133047509187,0.0,0.0,0.0,31.456010064777686
gen=42_member=7058_pso,1.1,0.9,1.1,0.9,1.0,1.1,1.1,0.9,0.9,1.0,0.0,0.1734804629337372,0.1538349364091145,0.0,0.0,0.864582257211703,1.0380627201454402,0.7107473208025885,0.8645822572117029,0.8645822572117029,1.1102230246251565e-16,0.1734804629337373,-0.1538349364091144,0.0,0.0,17.82511697626178,17.82511697626178,17.82511697626178,17.82511697626178,17.82511697626178,7.735417742788297,7.561937279854559,7.889252679197411,7.735417742788297,7.735417742788297,0.0,-0.1734804629337372,0.1538349364091145,0.0,0.0,0.0,0.1734804629337372,0.0,0.0,0.0,17.82511697626178
gen=42_member=7063_pso,1.1,0.9,1.1,0.9,1.0,1.1,1.1,0.9,0.9,1.0,1.7763568394002505e-15,0.33459888260943327,0.304144996284907,1.7763568394002505e-15,0.0,2.415779575508107,2.750378458117539,2.1116345792231987,2.415779575508108,2.4157795755081053,1.7763568394002505e-15,0.3345988826094337,-0.30414499628490654,2.6645352591003757e-15,0.0,32.77998072785285,32.77998072785285,32.77998072785285,32.77998072785285,32.77998072785285,6.184220424491892,5.849621541882461,6.488365420776801,6.184220424491892,6.184220424491894,-1.7763568394002505e-15,-0.33459888260943327,0.304144996284907,-1.7763568394002505e-15,0.0,1.7763568394002505e-15,0.33459888260943327,0.0,1.7763568394002505e-15,0.0,32.77998072785285
gen=42_member=7080_pso,1.1,0.9,1.1,0.9,1.0,1.1,1.1,0.9,0.9,1.0,8.881784197001252e-16,0.41402713589651174,0.38586412522502034,8.881784197001252e-16,0.0,3.3129973495757645,3.727024485472276,2.927133224350744,3.3129973495757645,3.312997349575764,4.440892098500626e-16,0.41402713589651174,-0.3858641252250199,4.440892098500626e-16,0.0,35.21819334968434,35.21819334968434,35.21819334968434,35.21819334968434,35.21819334968434,5.287002650424235,4.872975514527724,5.672866775649256,5.287002650424235,5.287002650424236,-8.881784197001252e-16,-0.41402713589651174,0.38586412522502034,-8.881784197001252e-16,0.0,8.881784197001252e-16,0.41402713589651174,0.0,8.881784197001252e-16,0.0,35.21819334968434
gen=42_member=7082_pso,1.1,0.9,1.1,0.9,1.0,1.1,1.1,0.9,0.9,1.0,8.881784197001252e-16,0.36132991593981156,0.3316871259672256,8.881784197001252e-16,0.0,2.6984095035547178,3.05973941949453,2.366722377587493,2.6984095035547173,2.698409503554718,-4.440892098500626e-16,0.361329915939812,-0.33168712596722516,-8.881784197001252e-16,0.0,33.697411190937146,33.697411190937146,33.697411190937146,33.697411190937146,33.697411190937146,5.901590496445282,5.540260580505469,6.233277622412507,5.901590496445282,5.901590496445281,8.881784197001252e-16,-0.36132991593981156,0.3316871259672256,8.881784197001252e-16,0.0,0.0,0.36132991593981156,0.0,0.0,0.0,33.697411190937146
gen=42_member=7088_pso,1.1,0.9,1.1,0.9,1.0,1.1,1.1,0.9,0.9,1.0,1.7763568394002505e-15,0.43013583780016695,0.40279738310726376,1.7763568394002505e-15,0.0,3.603231967757982,4.03336780555815,3.2004345846507194,3.603231967757986,3.603231967757983,-1.3322676295501878e-15,0.43013583780016695,-0.40279738310726376,2.6645352591003757e-15,0.0,35.79047148072272,35.79047148072272,35.79047148072272,35.79047148072272,35.79047148072272,4.996768032242018,4.5666321944418495,5.39956541534928,4.996768032242015,4.9967680322420165,1.7763568394002505e-15,-0.43013583780016695,0.40279738310726376,-1.7763568394002505e-15,0.0,0.0,0.43013583780016695,0.0,1.7763568394002505e-15,0.0,35.79047148072272
gen=42_member=7094_pso,1.1,0.9,1.1,0.9,1.0,1.1,1.1,0.9,0.9,1.0,0.0,0.33352666544941023,0.3031897692111434,0.0,0.0,2.404624081507928,2.7381507469573374,2.101434312296785,2.404624081507928,2.404624081507928,0.0,0.33352666544940934,-0.30318976921114293,0.0,0.0,32.72396444274264,32.72396444274264,32.72396444274264,32.72396444274264,32.72396444274264,6.195375918492072,5.861849253042662,6.498565687703215,6.195375918492072,6.195375918492072,0.0,-0.33352666544941023,0.3031897692111434,0.0,0.0,0.0,0.33352666544941023,0.0,0.0,0.0,32.72396444274264
gen=42_member=7104_pso,1.1,0.9,1.1,0.9,1.0,1.1,1.1,0.9,0.9,1.0,0.0,0.4717532492979468,0.44668463909379685,8.881784197001252e-16,0.0,4.352276475860758,4.824029725158705,3.905591836766961,4.352276475860757,4.352276475860758,0.0,0.47175324929794726,-0.44668463909379685,-8.881784197001252e-16,0.0,37.1305477391165,37.1305477391165,37.1305477391165,37.1305477391165,37.1305477391165,4.247723524139242,3.775970274841295,4.694408163233039,4.247723524139243,4.247723524139242,0.0,-0.4717532492979468,0.44668463909379685,8.881784197001252e-16,0.0,0.0,0.4717532492979468,0.0,0.0,0.0,37.1305477391165
gen=42_member=7112_pso,1.1,0.9,1.1,0.9,1.0,1.1,1.1,0.9,0.9,1.0,0.0,0.2801228428101732,0.25306459918290436,0.0,0.0,1.8041382604731788,2.084261103283352,1.5510736612902751,1.8041382604731795,1.8041382604731795,-6.661338147750939e-16,0.2801228428101723,-0.25306459918290436,0.0,0.0,29.954952265185444,29.954952265185444,29.954952265185444,29.954952265185444,29.954952265185444,6.795861739526821,6.515738896716647,7.048926338709725,6.795861739526821,6.795861739526821,0.0,-0.2801228428101732,0.25306459918290436,0.0,0.0,0.0,0.2801228428101732,0.0,0.0,0.0,29.954952265185444
gen=42_member=7123_pso,1.1,0.9,1.1,0.9,1.0,1.1,1.1,0.9,0.9,1.0,1.7763568394002505e-15,0.3765636453535972,0.34775722871170256,1.7763568394002505e-15,0.0,2.959639070757824,3.3362027161114227,2.611881842046123,2.959639070757824,2.959639070757825,-8.881784197001252e-16,0.37656364535359765,-0.3477572287117021,-8.881784197001252e-16,0.0,34.396745119239434,34.396745119239434,34.396745119239434,34.396745119239434,34.396745119239434,5.640360929242176,5.263797283888577,5.988118157953877,5.640360929242176,5.640360929242174,1.7763568394002505e-15,-0.3765636453535972,0.34775722871170256,1.7763568394002505e-15,0.0,0.0,0.3765636453535972,0.0,0.0,0.0,34.396745119239434
gen=42_member=7127_pso,1.1,0.9,1.1,0.9,1.0,1.1,1.1,0.9,0.9,1.0,0.0,0.3482375788840315,0.31966006239615563,0.0,0.0,2.560943820138361,2.909181399022393,2.241283757742205,2.5609438201383607,2.5609438201383607,4.440892098500626e-16,0.3482375788840324,-0.31966006239615563,0.0,0.0,33.183068642146345,33.183068642146345,33.183068642146345,33.183068642146345,33.183068642146345,6.039056179861639,5.690818600977607,6.3587162422577945,6.039056179861639,6.039056179861639,0.0,-0.3482375788840315,0.31966006239615563,0.0,0.0,0.0,0.3482375788840315,0.0,0.0,0.0,33.183068642146345
gen=42_member=7137_pso,1.1,0.9,1.1,0.9,1.0,1.1,1.1,0.9,0.9,1.0,1.7763568394002505e-15,0.316161150496006,0.28586364634818384,1.7763568394002505e-15,0.0,2.166508641055658,2.4826697915516625,1.8806449947074728,2.166508641055658,2.166508641055657,1.3322676295501878e-15,0.31616115049600557,-0.28586364634818406,1.3322676295501878e-15,0.0,31.799870105395676,31.799870105395676,31.799870105395676,31.799870105395676,31.799870105395676,6.433491358944341,6.117330208448337,6.719355005292527,6.433491358944341,6.433491358944343,-1.7763568394002505e-15,-0.316161150496006,0.28586364634818384,-1.7763568394002505e-15,0.0,1.7763568394002505e-15,0.316161150496006,0.0,1.7763568394002505e-15,0.0,31.799870105395676
gen=42_member=7145_pso,1.1,0.9,1.1,0.9,1.0,1.1,1.1,0.9,0.9,1.0,8.881784197001252e-16,0.44270809870936745,0.4160364715059579,0.0,0.0,3.858871338058118,4.301579436767485,3.44283486655216,3.8588713380581168,3.858871338058117,8.881784197001252e-16,0.44270809870936745,-0.416036471505957,-4.440892098500626e-16,0.0,36.30614392385608,36.30614392385608,36.30614392385608,36.30614392385608,36.30614392385608,4.7411286619418815,4.298420563232515,5.15716513344784,4.741128661941882,4.741128661941882,-8.881784197001252e-16,-0.44270809870936745,0.4160364715059579,0.0,0.0,8.881784197001252e-16,0.44270809870936745,0.0,0.0,0.0,36.30614392385608
gen=42_member=7147_pso,1.1,0.9,1.1,0.9,1.0,1.1,1.1,0.9,0.9,1.0,0.0,0.4593613427635894,0.43365058672809464,3.552713678800501e-15,0.0,4.125357521076862,4.584718863840451,3.691706934348767,4.125357521076858,4.125357521076862,0.0,0.4593613427635894,-0.43365058672809464,-3.552713678800501e-15,0.0,36.78548226240043,36.78548226240043,36.78548226240043,36.78548226240043,36.78548226240043,4.474642478923138,4.015281136159548,4.9082930656512325,4.474642478923141,4.474642478923138,0.0,-0.4593613427635894,0.43365058672809464,3.552713678800501e-15,0.0,0.0,0.4593613427635894,0.0,0.0,0.0,36.78548226240043
gen=42_member=7150_pso,1.1,0.9,1.1,0.9,1.0,1.1,1.1,0.9,0.9,1.0,8.881784197001252e-16,0.20368345923811582,0.18246979987763012,8.881784197001252e-16,0.0,1.0872489157293213,1.2909323749674362,0.9047791158516902,1.0872489157293213,1.087248915729321,2.220446049250313e-16,0.20368345923811515,-0.1824697998776308,2.220446049250313e-16,0.0,23.018345966531463,23.018345966531463,23.018345966531463,23.018345966531463,23.018345966531463,7.512751084270678,7.309067625032563,7.695220884148309,7.512751084270678,7.512751084270679,-8.881784197001252e-16,-0.20368345923811582,0.18246979987763012,-8.881784197001252e-16,0.0,8.881784197001252e-16,0.20368345923811582,0.0,8.881784197001252e-16,0.0,23.018345966531463
gen=42_member=7156_pso,1.1,0.9,1.1,0.9,1.0,1.1,1.1,0.9,0.9,1.0,1.7763568394002505e-15,0.29261622385105657,0.26437174910736694,1.7763568394002505e-15,0.0,1.918226744973915,2.21084296882497,1.6538549958665467,1.9182267449739157,1.9182267449739132,1.7763568394002505e-15,0.2926162238510568,-0.2643717491073665,2.4424906541753444e-15,0.0,30.610510708305725,30.610510708305725,30.610510708305725,30.610510708305725,30.610510708305725,6.681773255026084,6.38915703117503,6.946145004133453,6.681773255026084,6.681773255026086,-1.7763568394002505e-15,-0.29261622385105657,0.26437174910736694,-1.7763568394002505e-15,0.0,1.7763568394002505e-15,0.29261622385105657,0.0,1.7763568394002505e-15,0.0,30.610510708305725
gen=42_member=7162_pso,1.1,0.9,1.1,0.9,1.0,1.1,1.1,0.9,0.9,1.0,1.7763568394002505e-15,0.3790806541183205,0.3479424268630984,8.881784197001252e-16,0.0,2.920989953945221,3.30007060806354,2.5730475270821214,2.92098995394522,2.9209899539452198,1.3322676295501878e-15,0.37908065411832004,-0.3479424268630984,4.440892098500626e-16,0.0,34.265693983561704,34.265693983561704,34.265693983561704,34.265693983561704,34.265693983561704,5.6790100460547785,5.29992939193646,6.026952472917879,5.679010046054779,5.67901004605478,-1.7763568394002505e-15,-0.3790806541183205,0.3479424268630984,-8.881784197001252e-16,0.0,1.7763568394002505e-15,0.3790806541183205,0.0,8.881784197001252e-16,0.0,34.265693983561704
gen=42_member=7193_pso,1.1,0.9,1.1,0.9,1.0,1.1,1.1,0.9,0.9,1.0,2.6645352591003757e-15,0.35474848084944366,0.3251143827769356,2.6645352591003757e-15,0.0,2.623857141848998,2.9786056226984434,2.298742759072065,2.623857141848997,2.6238571418490007,-2.6645352591003757e-15,0.35474848084944277,-0.3251143827769356,-3.552713678800501e-15,0.0,33.44556490244684,33.44556490244684,33.44556490244684,33.44556490244684,33.44556490244684,5.976142858151002,5.621394377301556,6.301257240927935,5.976142858151002,5.976142858150999,2.6645352591003757e-15,-0.35474848084944366,0.3251143827769356,2.6645352591003757e-15,0.0,0.0,0.35474848084944366,0.0,0.0,0.0,33.44556490244684
gen=42_member=7200_pso,1.1,0.9,1.1,0.9,1.0,1.1,1.1,0.9,0.9,1.0,1.7763568394002505e-15,0.41874315441634735,0.39093170268855637,1.7763568394002505e-15,0.0,3.3751465513068117,3.793889705723156,2.984214848618253,3.3751465513068104,3.375146551306809,2.6645352591003757e-15,0.4187431544163469,-0.3909317026885559,1.3322676295501878e-15,0.0,35.33222140569574,35.33222140569574,35.33222140569574,35.33222140569574,35.33222140569574,5.224853448693189,4.806110294276843,5.615785151381747,5.224853448693189,5.224853448693191,-1.7763568394002505e-15,-0.41874315441634735,0.39093170268855637,-1.7763568394002505e-15,0.0,1.7763568394002505e-15,0.41874315441634735,0.0,1.7763568394002505e-15,0.0,35.33222140569574
gen=42_member=7215_pso,1.1,0.9,1.1,0.9,1.0,1.1,1.1,0.9,0.9,1.0,3.552713678800501e-15,0.4017415571053329,0.37208636595918865,0.0,0.0,3.1758291571957757,3.5775707143011117,2.8037427912365898,3.175829157195778,3.175829157195778,-2.220446049250313e-15,0.40174155710533377,-0.3720863659591882,0.0,0.0,34.92253563470857,34.92253563470857,34.92253563470857,34.92253563470857,34.92253563470857,5.424170842804225,5.022429285698888,5.79625720876341,5.424170842804221,5.424170842804221,3.552713678800501e-15,-0.4017415571053329,0.37208636595918865,0.0,0.0,0.0,0.4017415571053329,0.0,0.0,0.0,34.92253563470857
gen=43_member=7239_pso,1.1,0.9,1.1,0.9,1.0,1.1,1.1,0.9,0.9,1.0,8.881784197001252e-16,0.4293746641589866,0.4019947751818336,1.7763568394002505e-15,0.0,3.568889637147473,3.998264301306461,3.1668948619656416,3.568889637147476,3.568889637147474,-8.881784197001252e-16,0.42937466415898706,-0.40199477518183224,2.220446049250313e-15,0.0,35.72083483075705,35.72083483075705,35.72083483075705,35.72083483075705,35.72083483075705,5.031110362852527,4.601735698693539,5.433105138034359,5.031110362852524,5.031110362852526,8.881784197001252e-16,-0.4293746641589866,0.4019947751818336,-1.7763568394002505e-15,0.0,0.0,0.4293746641589866,0.0,1.7763568394002505e-15,0.0,35.72083483075705
gen=43_member=7261_pso,1.1,0.9,1.1,0.9,1.0,1.1,1.1,0.9,0.9,1.0,1.7763568394002505e-15,0.3796790304841178,0.3505611535176927,3.552713678800501e-15,0.0,2.9893599211626327,3.369038951646749,2.6387987676449383,2.989359921162634,2.989359921162631,1.7763568394002505e-15,0.3796790304841182,-0.3505611535176927,3.1086244689504383e-15,0.0,34.48623759426499,34.48623759426499,34.48623759426499,34.48623759426499,34.48623759426499,5.610640078837367,5.230961048353251,5.961201232355061,5.610640078837365,5.610640078837369,-1.7763568394002505e-15,-0.3796790304841178,0.3505611535176927,-3.552713678800501e-15,0.0,1.7763568394002505e-15,0.3796790304841178,0.0,3.552713678800501e-15,0.0,34.48623759426499
gen=43_member=7269_pso,1.1,0.9,1.1,0.9,1.0,1.1,1.1,0.9,0.9,1.0,8.881784197001252e-16,0.4603890628316103,0.4347153892361151,1.7763568394002505e-15,0.0,4.1437161902655495,4.604105253097161,3.709000801029436,4.143716190265549,4.14371619026555,-8.881784197001252e-16,0.4603890628316103,-0.4347153892361142,-1.7763568394002505e-15,0.0,36.83339971387087,36.83339971387087,36.83339971387087,36.83339971387087,36.83339971387087,4.45628380973445,3.995894746902839,4.890999198970564,4.456283809734451,4.456283809734449,8.881784197001252e-16,-0.4603890628316103,0.4347153892361151,1.7763568394002505e-15,0.0,0.0,0.4603890628316103,0.0,0.0,0.0,36.83339971387087
gen=43_member=7278_pso,1.1,0.9,1.1,0.9,1.0,1.1,1.1,0.9,0.9,1.0,0.0,0.2391124223804404,0.21921477234689757,0.0,0.0,1.366406175511632,1.6055185978920716,1.147191403164734,1.3664061755116317,1.3664061755116317,2.220446049250313e-16,0.23911242238043995,-0.2192147723468978,0.0,0.0,26.96102909294159,26.96102909294159,26.96102909294159,26.96102909294159,26.96102909294159,7.233593824488368,6.994481402107928,7.452808596835266,7.233593824488368,7.233593824488368,0.0,-0.2391124223804404,0.21921477234689757,0.0,0.0,0.0,0.2391124223804404,0.0,0.0,0.0,26.96102909294159
gen=43_member=7287_pso,1.1,0.9,1.1,0.9,1.0,1.1,1.1,0.9,0.9,1.0,0.0,0.35915529038801264,0.3293036895068093,0.0,0.0,2.681238989755315,3.0403942801433272,2.3519353002485053,2.681238989755315,2.6812389897553146,4.440892098500626e-16,0.35915529038801264,-0.3293036895068093,4.440892098500626e-16,0.0,33.64656535247972,33.64656535247972,33.64656535247972,33.64656535247972,33.64656535247972,5.918761010244685,5.559605719856672,6.248064699751494,5.918761010244685,5.918761010244685,0.0,-0.35915529038801264,0.3293036895068093,0.0,0.0,0.0,0.35915529038801264,0.0,0.0,0.0,33.64656535247972
gen=43_member=7295_pso,1.1,0.9,1.1,0.9,1.0,1.1,1.1,0.9,0.9,1.0,1.7763568394002505e-15,0.4202011177797331,0.39217300061617966,0.0,0.0,3.462616051819169,3.882817169598901,3.0704430512029885,3.4626160518191686,3.462616051819169,0.0,0.4202011177797318,-0.39217300061618054,-4.440892098500626e-16,0.0,35.51686845465705,35.51686845465705,35.51686845465705,35.51686845465705,35.51686845465705,5.13738394818083,4.717182830401098,5.529556948797011,5.137383948180831,5.137383948180831,-1.7763568394002505e-15,-0.4202011177797331,0.39217300061617966,0.0,0.0,1.7763568394002505e-15,0.4202011177797331,0.0,0.0,0.0,35.51686845465705
gen=43_member=7309_pso,1.1,0.9,1.1,0.9,1.0,1.1,1.1,0.9,0.9,1.0,0.0,0.25403232456880787,0.22872971788120733,8.881784197001252e-16,0.0,1.536410402550448,1.7904427271192551,1.30768068466924,1.536410402550446,1.5364104025504484,-4.440892098500626e-16,0.25403232456880676,-0.22872971788120844,-2.4424906541753444e-15,0.0,28.362383210764136,28.362383210764136,28.362383210764136,28.362383210764136,28.362383210764136,7.063589597449552,6.8095572728807445,7.29231931533076,7.063589597449553,7.063589597449552,0.0,-0.25403232456880787,0.22872971788120733,8.881784197001252e-16,0.0,0.0,0.25403232456880787,0.0,0.0,0.0,28.362383210764136
gen=43_member=7329_pso,1.1,0.9,1.1,0.9,1.0,1.1,1.1,0.9,0.9,1.0,1.7763568394002505e-15,0.40495766019143353,0.37590763021270845,1.7763568394002505e-15,0.0,3.1966649465375045,3.6016226067289367,2.8207573163247943,3.1966649465375045,3.196664946537503,1.3322676295501878e-15,0.40495766019143353,-0.3759076302127089,1.3322676295501878e-15,0.0,34.981147257172495,34.981147257172495,34.981147257172495,34.981147257172495,34.981147257172495,5.403335053462495,4.998377393271063,5.779242683675205,5.403335053462495,5.403335053462497,-1.7763568394002505e-15,-0.40495766019143353,0.37590763021270845,-1.7763568394002505e-15,0.0,1.7763568394002505e-15,0.40495766019143353,0.0,1.7763568394002505e-15,0.0,34.981147257172495
gen=43_member=7341_pso,1.1,0.9,1.1,0.9,1.0,1.1,1.1,0.9,0.9,1.0,1.7763568394002505e-15,0.42802902971245427,0.4005759701116407,1.7763568394002505e-15,0.0,3.54776518566024,3.9757942153726953,3.1471892155486,3.5477651856602432,3.547765185660241,-8.881784197001252e-16,0.42802902971245427,-0.40057597011164114,2.220446049250313e-15,0.0,35.69752068422161,35.69752068422161,35.69752068422161,35.69752068422161,35.69752068422161,5.05223481433976,4.624205784627304,5.452810784451399,5.052234814339757,5.052234814339759,1.7763568394002505e-15,-0.42802902971245427,0.4005759701116407,-1.7763568394002505e-15,0.0,0.0,0.42802902971245427,0.0,1.7763568394002505e-15,0.0,35.69752068422161
gen=43_member=7354_pso,1.1,0.9,1.1,0.9,1.0,1.1,1.1,0.9,0.9,1.0,1.7763568394002505e-15,0.4449827533178068,0.4178798509862274,1.7763568394002505e-15,0.0,3.912045083841332,4.357027837159136,3.494165232855102,3.9120450838413303,3.912045083841329,3.1086244689504383e-15,0.44498275331780723,-0.41787985098622693,1.3322676295501878e-15,0.0,36.365559376347385,36.365559376347385,36.365559376347385,36.365559376347385,36.365559376347385,4.687954916158668,4.242972162840863,5.105834767144898,4.687954916158668,4.68795491615867,-1.7763568394002505e-15,-0.4449827533178068,0.4178798509862274,-1.7763568394002505e-15,0.0,1.7763568394002505e-15,0.4449827533178068,0.0,1.7763568394002505e-15,0.0,36.365559376347385
gen=43_member=7367_pso,1.1,0.9,1.1,0.9,1.0,1.1,1.1,0.9,0.9,1.0,1.7763568394002505e-15,0.4337252442094126,0.4066738109497008,0.0,0.0,3.646452731121316,4.080177975330727,3.239778920171614,3.646452731121315,3.646452731121315,8.881784197001252e-16,0.43372524420941216,-0.40667381094970123,0.0,0.0,35.86655852747779,35.86655852747779,35.86655852747779,35.86655852747779,35.86655852747779,4.953547268878683,4.519822024669272,5.360221079828386,4.953547268878685,4.953547268878685,-1.7763568394002505e-15,-0.4337252442094126,0.4066738109497008,0.0,0.0,1.7763568394002505e-15,0.4337252442094126,0.0,0.0,0.0,35.86655852747779
gen=43_member=7373_pso,1.1,0.9,1.1,0.9,1.0,1.1,1.1,0.9,0.9,1.0,8.881784197001252e-16,0.2917063398808333,0.2639448743810613,8.881784197001252e-16,0.0,1.9084062123108527,2.2001125521916847,1.644461337929791,1.9084062123108527,1.908406212310852,6.661338147750939e-16,0.2917063398808326,-0.26394487438106107,6.661338147750939e-16,0.0,30.566917442941545,30.566917442941545,30.566917442941545,30.566917442941545,30.566917442941545,6.691593787689147,6.3998874478083145,6.955538662070209,6.691593787689147,6.691593787689148,-8.881784197001252e-16,-0.2917063398808333,0.2639448743810613,-8.881784197001252e-16,0.0,8.881784197001252e-16,0.2917063398808333,0.0,8.881784197001252e-16,0.0,30.566917442941545
gen=43_member=7385_pso,1.1,0.9,1.1,0.9,1.0,1.1,1.1,0.9,0.9,1.0,0.0,0.22973545245253568,0.2097677682877679,0.0,0.0,1.3043152854911997,1.5340507379437354,1.0945475172034314,1.3043152854911997,1.304315285491199,6.661338147750939e-16,0.22973545245253635,-0.20976776828776766,6.661338147750939e-16,0.0,26.117703630103588,26.117703630103588,26.117703630103588,26.117703630103588,26.117703630103588,7.2956847145088,7.0659492620562645,7.505452482796568,7.2956847145088,7.2956847145088,0.0,-0.22973545245253568,0.2097677682877679,0.0,0.0,0.0,0.22973545245253568,0.0,0.0,0.0,26.117703630103588
gen=43_member=7394_pso,1.1,0.9,1.1,0.9,1.0,1.1,1.1,0.9,0.9,1.0,0.0,0.27473716405551407,0.24761123500621096,0.0,0.0,1.7409232462479094,2.015660410303424,1.4933120112416984,1.7409232462479094,1.7409232462479096,-2.220446049250313e-16,0.2747371640555145,-0.24761123500621118,-2.220446049250313e-16,0.0,29.69937939750987,29.69937939750987,29.69937939750987,29.69937939750987,29.69937939750987,6.85907675375209,6.584339589696576,7.106687988758301,6.85907675375209,6.85907675375209,0.0,-0.27473716405551407,0.24761123500621096,0.0,0.0,0.0,0.27473716405551407,0.0,0.0,0.0,29.69937939750987
gen=44_member=7409_pso,1.1,0.9,1.1,0.9,1.0,1.1,1.1,0.9,0.9,1.0,2.6645352591003757e-15,0.2611204978025983,0.23469981431826792,1.7763568394002505e-15,0.0,1.618192275354242,1.879312773156842,1.383492461035977,1.6181922753542433,1.6181922753542444,-2.4424906541753444e-15,0.2611204978025976,-0.23469981431826747,-1.1102230246251565e-15,0.0,29.02617500954204,29.02617500954204,29.02617500954204,29.02617500954204,29.02617500954204,6.9818077246457575,6.720687226843157,7.216507538964023,6.981807724645757,6.981807724645755,2.6645352591003757e-15,-0.2611204978025983,0.23469981431826792,1.7763568394002505e-15,0.0,0.0,0.2611204978025983,0.0,0.0,0.0,29.02617500954204
gen=44_member=7416_pso,1.1,0.9,1.1,0.9,1.0,1.1,1.1,0.9,0.9,1.0,8.881784197001252e-16,0.20651629151400996,0.18502263931285778,8.881784197001252e-16,0.0,1.0373456001592627,1.243861891673272,0.8523229608464038,1.0373456001592627,1.0373456001592622,4.440892098500626e-16,0.20651629151400974,-0.18502263931285845,4.440892098500626e-16,0.0,22.53949283051267,22.53949283051267,22.53949283051267,22.53949283051267,22.53949283051267,7.562654399840737,7.356138108326728,7.747677039153595,7.562654399840737,7.562654399840738,-8.881784197001252e-16,-0.20651629151400996,0.18502263931285778,-8.881784197001252e-16,0.0,8.881784197001252e-16,0.20651629151400996,0.0,8.881784197001252e-16,0.0,22.53949283051267
gen=44_member=7417_pso,1.1,0.9,1.1,0.9,1.0,1.1,1.1,0.9,0.9,1.0,3.552713678800501e-15,0.251258010307958,0.22344096546844927,1.7763568394002505e-15,0.0,1.5023341028356074,1.7535921131435626,1.2788931373671537,1.5023341028356063,1.5023341028356043,3.1086244689504383e-15,0.25125801030795825,-0.2234409654684506,1.9984014443252818e-15,0.0,28.04007293817745,28.04007293817745,28.04007293817745,28.04007293817745,28.04007293817745,7.097665897164392,6.846407886856437,7.321106862632845,7.0976658971643936,7.097665897164395,-3.552713678800501e-15,-0.251258010307958,0.22344096546844927,-1.7763568394002505e-15,0.0,3.552713678800501e-15,0.251258010307958,0.0,1.7763568394002505e-15,0.0,28.04007293817745
gen=44_member=7456_pso,1.1,0.9,1.1,0.9,1.0,1.1,1.1,0.9,0.9,1.0,1.7763568394002505e-15,0.4226485037698975,0.3951162318429482,1.7763568394002505e-15,0.0,3.4311568491910003,3.853805352960898,3.036040617348053,3.431156849191003,3.431156849191001,-8.881784197001252e-16,0.42264850376989704,-0.3951162318429482,1.7763568394002505e-15,0.0,35.454985598383615,35.454985598383615,35.454985598383615,35.454985598383615,35.454985598383615,5.168843150809,4.7461946470391005,5.563959382651946,5.168843150808996,5.168843150808998,1.7763568394002505e-15,-0.4226485037698975,0.3951162318429482,-1.7763568394002505e-15,0.0,0.0,0.4226485037698975,0.0,1.7763568394002505e-15,0.0,35.454985598383615
gen=44_member=7474_pso,1.1,0.9,1.1,0.9,1.0,1.1,1.1,0.9,0.9,1.0,8.881784197001252e-16,0.4259856205004162,0.39842214719512725,2.6645352591003757e-15,0.0,3.50006000486463,3.926045625365048,3.101637857669504,3.500060004864633,3.500060004864631,-8.881784197001252e-16,0.4259856205004171,-0.3984221471951268,2.220446049250313e-15,0.0,35.60659604089044,35.60659604089044,35.60659604089044,35.60659604089044,35.60659604089044,5.09993999513537,4.673954374634953,5.498362142330496,5.099939995135366,5.099939995135369,8.881784197001252e-16,-0.4259856205004162,0.39842214719512725,-2.6645352591003757e-15,0.0,0.0,0.4259856205004162,0.0,2.6645352591003757e-15,0.0,35.60659604089044
gen=44_member=7479_pso,1.1,0.9,1.1,0.9,1.0,1.1,1.1,0.9,0.9,1.0,2.6645352591003757e-15,0.2783390907552743,0.2511047712310761,1.7763568394002505e-15,0.0,1.7727044994457135,2.051043590200986,1.5215997282146358,1.7727044994457133,1.7727044994457113,2.220446049250313e-15,0.2783390907552745,-0.25110477123107544,1.9984014443252818e-15,0.0,29.726992928553692,29.726992928553692,29.726992928553692,29.726992928553692,29.726992928553692,6.8272955005542855,6.548956409799014,7.078400271785364,6.827295500554286,6.827295500554288,-2.6645352591003757e-15,-0.2783390907552743,0.2511047712310761,-1.7763568394002505e-15,0.0,2.6645352591003757e-15,0.2783390907552743,0.0,1.7763568394002505e-15,0.0,29.726992928553692
gen=44_member=7508_pso,1.1,0.9,1.1,0.9,1.0,1.1,1.1,0.9,0.9,1.0,2.6645352591003757e-15,0.40718301178567184,0.37838271837024084,5.329070518200751e-15,0.0,3.2213251018364044,3.628508113622073,2.842942383466161,3.221325101836407,3.2213251018364017,2.6645352591003757e-15,0.4071830117856714,-0.37838271837024084,5.329070518200751e-15,0.0,35.030748929325185,35.030748929325185,35.030748929325185,35.030748929325185,35.030748929325185,5.378674898163595,4.971491886377926,5.757057616533839,5.378674898163593,5.378674898163598,-2.6645352591003757e-15,-0.40718301178567184,0.37838271837024084,-5.329070518200751e-15,0.0,2.6645352591003757e-15,0.40718301178567184,0.0,5.329070518200751e-15,0.0,35.030748929325185
gen=44_member=7514_pso,1.1,0.9,1.1,0.9,1.0,1.1,1.1,0.9,0.9,1.0,3.552713678800501e-15,0.37995732664763526,0.3504052247281644,3.552713678800501e-15,0.0,2.9698350907736994,3.3497924174213383,2.619429866045538,2.9698350907736994,2.969835090773703,-3.552713678800501e-15,0.37995732664763526,-0.3504052247281648,-3.552713678800501e-15,0.0,34.40775328560086,34.40775328560086,34.40775328560086,34.40775328560086,34.40775328560086,5.6301649092263,5.250207582578661,5.980570133954461,5.6301649092263,5.630164909226297,3.552713678800501e-15,-0.37995732664763526,0.3504052247281644,3.552713678800501e-15,0.0,0.0,0.37995732664763526,0.0,0.0,0.0,34.40775328560086
gen=44_member=7516_pso,1.1,0.9,1.1,0.9,1.0,1.1,1.1,0.9,0.9,1.0,3.552713678800501e-15,0.43543218910768644,0.40822497526141177,1.7763568394002505e-15,0.0,3.753768229615387,4.18920041872307,3.345543254353972,3.753768229615386,3.753768229615384,3.1086244689504383e-15,0.435432189107686,-0.4082249752614122,1.7763568394002505e-15,0.0,36.10912532430648,36.10912532430648,36.10912532430648,36.10912532430648,36.10912532430648,4.8462317703846125,4.41079958127693,5.254456745646028,4.846231770384614,4.846231770384616,-3.552713678800501e-15,-0.43543218910768644,0.40822497526141177,-1.7763568394002505e-15,0.0,3.552713678800501e-15,0.43543218910768644,0.0,1.7763568394002505e-15,0.0,36.10912532430648
gen=44_member=7522_pso,1.1,0.9,1.1,0.9,1.0,1.1,1.1,0.9,0.9,1.0,0.0,0.346105216794494,0.31603663325610665,8.881784197001252e-16,0.0,2.539368247581174,2.8854734643756674,2.223331614325067,2.5393682475811747,2.539368247581174,0.0,0.3461052167944936,-0.31603663325610665,8.881784197001252e-16,0.0,33.16311565476033,33.16311565476033,33.16311565476033,33.16311565476033,33.16311565476033,6.060631752418826,5.714526535624332,6.376668385674932,6.060631752418825,6.060631752418826,0.0,-0.346105216794494,0.31603663325610665,-8.881784197001252e-16,0.0,0.0,0.346105216794494,0.0,8.881784197001252e-16,0.0,33.16311565476033
gen=44_member=7534_pso,1.1,0.9,1.1,0.9,1.0,1.1,1.1,0.9,0.9,1.0,1.7763568394002505e-15,0.3765044027761757,0.34713977674282326,2.6645352591003757e-15,0.0,2.9338504123415645,3.3103548151177384,2.5867106355987404,2.933850412341566,2.9338504123415627,1.7763568394002505e-15,0.3765044027761757,-0.34713977674282237,3.1086244689504383e-15,0.0,34.34682017838482,34.34682017838482,34.34682017838482,34.34682017838482,34.34682017838482,5.666149587658435,5.289645184882261,6.01328936440126,5.666149587658434,5.6661495876584365,-1.7763568394002505e-15,-0.3765044027761757,0.34713977674282326,-2.6645352591003757e-15,0.0,1.7763568394002505e-15,0.3765044027761757,0.0,2.6645352591003757e-15,0.0,34.34682017838482
gen=44_member=7536_pso,1.1,0.9,1.1,0.9,1.0,1.1,1.1,0.9,0.9,1.0,0.0,0.20906720483435315,0.18847175299525798,0.0,0.0,1.1198518089445495,1.3289190137789024,0.9313800559492912,1.1198518089445495,1.119851808944549,4.440892098500626e-16,0.20906720483435337,-0.18847175299525787,4.440892098500626e-16,0.0,23.46684587614881,23.46684587614881,23.46684587614881,23.46684587614881,23.46684587614881,7.48014819105545,7.271080986221097,7.668619944050708,7.48014819105545,7.48014819105545,0.0,-0.20906720483435315,0.18847175299525798,0.0,0.0,0.0,0.20906720483435315,0.0,0.0,0.0,23.46684587614881
gen=44_member=7539_pso,1.1,0.9,1.1,0.9,1.0,1.1,1.1,0.9,0.9,1.0,2.6645352591003757e-15,0.4329240897480737,0.40559076456053145,1.7763568394002505e-15,0.0,3.715744676343473,4.148668766091544,3.310153911782938,3.715744676343472,3.71574467634347,3.1086244689504383e-15,0.4329240897480737,-0.4055907645605319,1.7763568394002505e-15,0.0,36.01086498046887,36.01086498046887,36.01086498046887,36.01086498046887,36.01086498046887,4.884255323656527,4.451331233908456,5.289846088217061,4.884255323656528,4.88425532365653,-2.6645352591003757e-15,-0.4329240897480737,0.40559076456053145,-1.7763568394002505e-15,0.0,2.6645352591003757e-15,0.4329240897480737,0.0,1.7763568394002505e-15,0.0,36.01086498046887
gen=44_member=7543_pso,1.1,0.9,1.1,0.9,1.0,1.1,1.1,0.9,0.9,1.0,8.881784197001252e-16,0.41291907612605705,0.3846953576266987,8.881784197001252e-16,0.0,3.2983343614687426,3.711253437594799,2.9136390038420426,3.2983343614687426,3.298334361468742,4.440892098500626e-16,0.41291907612605705,-0.3846953576266996,4.440892098500626e-16,0.0,35.18705597340057,35.18705597340057,35.18705597340057,35.18705597340057,35.18705597340057,5.301665638531257,4.888746562405201,5.686360996157957,5.301665638531257,5.301665638531258,-8.881784197001252e-16,-0.41291907612605705,0.3846953576266987,-8.881784197001252e-16,0.0,8.881784197001252e-16,0.41291907612605705,0.0,8.881784197001252e-16,0.0,35.18705597340057
gen=44_member=7554_pso,1.1,0.9,1.1,0.9,1.0,1.1,1.1,0.9,0.9,1.0,1.7763568394002505e-15,0.3611067233250358,0.3313434275400686,1.7763568394002505e-15,0.0,2.6985365408908586,3.059643264215896,2.3671931133507917,2.6985365408908586,2.6985365408908595,-8.881784197001252e-16,0.3611067233250367,-0.33134342754006774,-8.881784197001252e-16,0.0,33.71131958774986,33.71131958774986,33.71131958774986,33.71131958774986,33.71131958774986,5.9014634591091415,5.540356735784104,6.232806886649208,5.9014634591091415,5.90146345910914,1.7763568394002505e-15,-0.3611067233250358,0.3313434275400686,1.7763568394002505e-15,0.0,0.0,0.3611067233250358,0.0,0.0,0.0,33.71131958774986
gen=44_member=7565_pso,1.1,0.9,1.1,0.9,1.0,1.1,1.1,0.9,0.9,1.0,8.881784197001252e-16,0.34210155222994487,0.310898300345543,0.0,0.0,2.478310881640845,2.8204124338707888,2.1674125812953013,2.478310881640845,2.478310881640845,0.0,0.342101552229944,-0.31089830034554344,0.0,0.0,32.97144846847227,32.97144846847227,32.97144846847227,32.97144846847227,32.97144846847227,6.121689118359154,5.77958756612921,6.432587418704698,6.121689118359155,6.121689118359155,-8.881784197001252e-16,-0.34210155222994487,0.310898300345543,0.0,0.0,8.881784197001252e-16,0.34210155222994487,0.0,0.0,0.0,32.97144846847227
gen=45_member=7577_pso,1.1,0.9,1.1,0.9,1.0,1.1,1.1,0.9,0.9,1.0,8.881784197001252e-16,0.3511308535089208,0.3217062604903669,1.7763568394002505e-15,0.0,2.593432230219677,2.9445630837286,2.2717259697293124,2.593432230219677,2.593432230219679,-1.7763568394002505e-15,0.35113085350892126,-0.32170626049036644,-1.7763568394002505e-15,0.0,33.348578128286576,33.348578128286576,33.348578128286576,33.348578128286576,33.348578128286576,6.006567769780322,5.6554369162714,6.328274030270688,6.006567769780323,6.006567769780321,8.881784197001252e-16,-0.3511308535089208,0.3217062604903669,1.7763568394002505e-15,0.0,0.0,0.3511308535089208,0.0,0.0,0.0,33.348578128286576
gen=45_member=7580_pso,1.1,0.9,1.1,0.9,1.0,1.1,1.1,0.9,0.9,1.0,0.0,0.2690599224398351,0.24233425145314236,0.0,0.0,1.6927967579456538,1.961856680385489,1.4504625064925118,1.6927967579456542,1.692796757945654,-2.220446049250313e-16,0.2690599224398351,-0.24233425145314214,2.220446049250313e-16,0.0,29.41977376399195,29.41977376399195,29.41977376399195,29.41977376399195,29.41977376399195,6.907203242054345,6.63814331961451,7.149537493507488,6.907203242054345,6.907203242054345,0.0,-0.2690599224398351,0.24233425145314236,0.0,0.0,0.0,0.2690599224398351,0.0,0.0,0.0,29.41977376399195
gen=45_member=7589_pso,1.1,0.9,1.1,0.9,1.0,1.1,1.1,0.9,0.9,1.0,0.0,0.41426511592999304,0.3860756247291075,0.0,0.0,3.3416938493864854,3.7559589653164784,2.955618224657379,3.3416938493864854,3.3416938493864854,0.0,0.41426511592999304,-0.3860756247291066,0.0,0.0,35.264548182297666,35.264548182297666,35.264548182297666,35.264548182297666,35.264548182297666,5.258306150613514,4.844041034683521,5.644381775342621,5.258306150613514,5.258306150613514,0.0,-0.41426511592999304,0.3860756247291075,0.0,0.0,0.0,0.41426511592999304,0.0,0.0,0.0,35.264548182297666
gen=45_member=7594_pso,1.1,0.9,1.1,0.9,1.0,1.1,1.1,0.9,0.9,1.0,0.0,0.44081388312052194,0.4134105060451123,0.0,0.0,3.8605987089492615,4.301412592069783,3.4471882029041496,3.8605987089492615,3.860598708949262,-4.440892098500626e-16,0.4408138831205215,-0.4134105060451123,-4.440892098500626e-16,0.0,36.31039554746737,36.31039554746737,36.31039554746737,36.31039554746737,36.31039554746737,4.739401291050738,4.298587407930216,5.1528117970958505,4.739401291050738,4.739401291050738,0.0,-0.44081388312052194,0.4134105060451123,0.0,0.0,0.0,0.44081388312052194,0.0,0.0,0.0,36.31039554746737
gen=45_member=7623_pso,1.1,0.9,1.1,0.9,1.0,1.1,1.1,0.9,0.9,1.0,0.0,0.23838142784976046,0.21836162845219853,0.0,0.0,1.358745472866792,1.5971269007165525,1.1403838444145935,1.3587454728667916,1.3587454728667916,4.440892098500626e-16,0.2383814278497609,-0.2183616284521981,0.0,0.0,26.86788661943628,26.86788661943628,26.86788661943628,26.86788661943628,26.86788661943628,7.241254527133208,7.002873099283447,7.459616155585406,7.241254527133208,7.241254527133208,0.0,-0.23838142784976046,0.21836162845219853,0.0,0.0,0.0,0.23838142784976046,0.0,0.0,0.0,26.86788661943628
gen=45_member=7630_pso,1.1,0.9,1.1,0.9,1.0,1.1,1.1,0.9,0.9,1.0,8.881784197001252e-16,0.19196883252856445,0.17098656150508962,8.881784197001252e-16,0.0,0.964314204840998,1.1562830373695616,0.7933276433359074,0.964314204840998,0.9643142048409978,1.1102230246251565e-16,0.19196883252856378,-0.1709865615050904,1.1102230246251565e-16,0.0,20.273425248681576,20.273425248681576,20.273425248681576,20.273425248681576,20.273425248681576,7.635685795159001,7.443716962630438,7.806672356664092,7.635685795159001,7.635685795159002,-8.881784197001252e-16,-0.19196883252856445,0.17098656150508962,-8.881784197001252e-16,0.0,8.881784197001252e-16,0.19196883252856445,0.0,8.881784197001252e-16,0.0,20.273425248681576
gen=45_member=7645_pso,1.1,0.9,1.1,0.9,1.0,1.1,1.1,0.9,0.9,1.0,1.7763568394002505e-15,0.42619708984983795,0.3982766127105162,8.881784197001252e-16,0.0,3.516691347333547,3.942888437183383,3.118414734623028,3.5166913473335457,3.516691347333545,2.220446049250313e-15,0.4261970898498384,-0.3982766127105166,8.881784197001252e-16,0.0,35.61911037390231,35.61911037390231,35.61911037390231,35.61911037390231,35.61911037390231,5.083308652666453,4.657111562816617,5.481585265376971,5.083308652666454,5.083308652666455,-1.7763568394002505e-15,-0.42619708984983795,0.3982766127105162,-8.881784197001252e-16,0.0,1.7763568394002505e-15,0.42619708984983795,0.0,8.881784197001252e-16,0.0,35.61911037390231
gen=45_member=7699_pso,1.1,0.9,1.1,0.9,1.0,1.1,1.1,0.9,0.9,1.0,0.0,0.22523912769606724,0.2044239939650474,0.0,0.0,1.2846600959013814,1.509899223597449,1.0802361019363342,1.2846600959013812,1.2846600959013812,2.220446049250313e-16,0.2252391276960679,-0.20442399396504696,0.0,0.0,25.671464649350018,25.671464649350018,25.671464649350018,25.671464649350018,25.671464649350018,7.315339904098618,7.090100776402551,7.519763898063665,7.315339904098618,7.315339904098618,0.0,-0.22523912769606724,0.2044239939650474,0.0,0.0,0.0,0.22523912769606724,0.0,0.0,0.0,25.671464649350018
gen=45_member=7708_pso,1.1,0.9,1.1,0.9,1.0,1.1,1.1,0.9,0.9,1.0,0.0,0.3668231774140889,0.33647758765458313,0.0,0.0,2.7428987341927886,3.109721911606877,2.406421146538205,2.7428987341927886,2.742898734192789,-4.440892098500626e-16,0.366823177414088,-0.336477587654584,-4.440892098500626e-16,0.0,33.85718549462576,33.85718549462576,33.85718549462576,33.85718549462576,33.85718549462576,5.857101265807211,5.490278088393122,6.193578853461794,5.857101265807211,5.857101265807211,0.0,-0.3668231774140889,0.33647758765458313,0.0,0.0,0.0,0.3668231774140889,0.0,0.0,0.0,33.85718549462576
gen=45_member=7712_pso,1.1,0.9,1.1,0.9,1.0,1.1,1.1,0.9,0.9,1.0,3.552713678800501e-15,0.3179325157941353,0.28763222020569224,2.6645352591003757e-15,0.0,2.206943643436201,2.5248761592303404,1.9193114232305128,2.206943643436202,2.206943643436204,-3.1086244689504383e-15,0.3179325157941362,-0.28763222020569135,-2.220446049250313e-15,0.0,31.96441941761888,31.96441941761888,31.96441941761888,31.96441941761888,31.96441941761888,6.393056356563799,6.07512384076966,6.680688576769487,6.393056356563798,6.393056356563795,3.552713678800501e-15,-0.3179325157941353,0.28763222020569224,2.6645352591003757e-15,0.0,0.0,0.3179325157941353,0.0,0.0,0.0,31.96441941761888
gen=45_member=7732_pso,1.1,0.9,1.1,0.9,1.0,1.1,1.1,0.9,0.9,1.0,1.7763568394002505e-15,0.2532585316600535,0.22817654773061768,8.881784197001252e-16,0.0,1.527043034361819,1.780301566021874,1.2988664866312036,1.5270430343618202,1.5270430343618209,-1.7763568394002505e-15,0.2532585316600531,-0.22817654773061724,-6.661338147750939e-16,0.0,28.232171596528566,28.232171596528566,28.232171596528566,28.232171596528566,28.232171596528566,7.0729569656381805,6.819698433978125,7.3011335133687965,7.07295696563818,7.072956965638179,1.7763568394002505e-15,-0.2532585316600535,0.22817654773061768,8.881784197001252e-16,0.0,0.0,0.2532585316600535,0.0,0.0,0.0,28.232171596528566
gen=45_member=7737_pso,1.1,0.9,1.1,0.9,1.0,1.1,1.1,0.9,0.9,1.0,3.552713678800501e-15,0.435792056107144,0.4085725792057362,1.7763568394002505e-15,0.0,3.757559665069502,4.193351721176643,3.3489870858637625,3.757559665069501,3.7575596650694982,3.552713678800501e-15,0.43579205610714444,-0.40857257920573575,2.6645352591003757e-15,0.0,36.12613241634489,36.12613241634489,36.12613241634489,36.12613241634489,36.12613241634489,4.842440334930497,4.406648278823357,5.251012914136237,4.842440334930499,4.842440334930501,-3.552713678800501e-15,-0.435792056107144,0.4085725792057362,-1.7763568394002505e-15,0.0,3.552713678800501e-15,0.435792056107144,0.0,1.7763568394002505e-15,0.0,36.12613241634489
gen=46_member=7750_pso,1.1,0.9,1.1,0.9,1.0,1.1,1.1,0.9,0.9,1.0,8.881784197001252e-16,0.35837329915254745,0.3271639426851207,8.881784197001252e-16,0.0,2.614813367439834,2.9731866665923805,2.2876494247547123,2.614813367439834,2.6148133674398326,1.3322676295501878e-15,0.3583732991525479,-0.3271639426851203,1.3322676295501878e-15,0.0,33.35737322320111,33.35737322320111,33.35737322320111,33.35737322320111,33.35737322320111,5.985186632560166,5.626813333407619,6.312350575245287,5.985186632560166,5.985186632560167,-8.881784197001252e-16,-0.35837329915254745,0.3271639426851207,-8.881784197001252e-16,0.0,8.881784197001252e-16,0.35837329915254745,0.0,8.881784197001252e-16,0.0,33.35737322320111
gen=46_member=7783_pso,1.1,0.9,1.1,0.9,1.0,1.1,1.1,0.9,0.9,1.0,1.7763568394002505e-15,0.4160935777982999,0.3882406929433566,8.881784197001252e-16,0.0,3.335046555009676,3.751140132807974,2.9468058620663173,3.335046555009675,3.335046555009673,3.1086244689504383e-15,0.4160935777983008,-0.3882406929433557,1.7763568394002505e-15,0.0,35.250884894283324,35.250884894283324,35.250884894283324,35.250884894283324,35.250884894283324,5.264953444990324,4.848859867192026,5.653194137933682,5.264953444990325,5.264953444990326,-1.7763568394002505e-15,-0.4160935777982999,0.3882406929433566,-8.881784197001252e-16,0.0,1.7763568394002505e-15,0.4160935777982999,0.0,8.881784197001252e-16,0.0,35.250884894283324
gen=46_member=7788_pso,1.1,0.9,1.1,0.9,1.0,1.1,1.1,0.9,0.9,1.0,0.0,0.3311497785365871,0.30111871936904056,0.0,0.0,2.354441589637516,2.6855913681741024,2.0533228702684747,2.354441589637516,2.354441589637516,0.0,0.3311497785365862,-0.30111871936904144,0.0,0.0,32.533172613400616,32.533172613400616,32.533172613400616,32.533172613400616,32.533172613400616,6.245558410362484,5.914408631825897,6.546677129731525,6.245558410362484,6.245558410362484,0.0,-0.3311497785365871,0.30111871936904056,0.0,0.0,0.0,0.3311497785365871,0.0,0.0,0.0,32.533172613400616
gen=46_member=7796_pso,1.1,0.9,1.1,0.9,1.0,1.1,1.1,0.9,0.9,1.0,8.881784197001252e-16,0.4231181513461264,0.39561387581167384,1.7763568394002505e-15,0.0,3.438238935749979,3.8613570870961063,3.0426250599383056,3.4382389357499816,3.43823893574998,-8.881784197001252e-16,0.4231181513461264,-0.3956138758116743,1.7763568394002505e-15,0.0,35.46763029885118,35.46763029885118,35.46763029885118,35.46763029885118,35.46763029885118,5.161761064250021,4.738642912903893,5.557374940061694,5.161761064250018,5.16176106425002,8.881784197001252e-16,-0.4231181513461264,0.39561387581167384,-1.7763568394002505e-15,0.0,0.0,0.4231181513461264,0.0,1.7763568394002505e-15,0.0,35.46763029885118
gen=46_member=7810_pso,1.1,0.9,1.1,0.9,1.0,1.1,1.1,0.9,0.9,1.0,3.552713678800501e-15,0.38307211216632187,0.35377566201993815,3.552713678800501e-15,0.0,3.023422958431066,3.4064950705973915,2.669647296411131,3.023422958431066,3.0234229584310697,-3.552713678800501e-15,0.38307211216632187,-0.3537756620199386,-3.552713678800501e-15,0.0,34.57406416730866,34.57406416730866,34.57406416730866,34.57406416730866,34.57406416730866,5.5765770415689335,5.193504929402608,5.930352703588868,5.5765770415689335,5.57657704156893,3.552713678800501e-15,-0.38307211216632187,0.35377566201993815,3.552713678800501e-15,0.0,0.0,0.38307211216632187,0.0,0.0,0.0,34.57406416730866
gen=46_member=7811_pso,1.1,0.9,1.1,0.9,1.0,1.1,1.1,0.9,0.9,1.0,8.881784197001252e-16,0.29631944027867263,0.2683432191468711,8.881784197001252e-16,0.0,1.959618864019947,2.25593830429862,1.691275644873077,1.9596188640199488,1.9596188640199477,-6.661338147750939e-16,0.2963194402786724,-0.26834321914687065,1.1102230246251565e-15,0.0,30.84800808580873,30.84800808580873,30.84800808580873,30.84800808580873,30.84800808580873,6.640381135980053,6.344061695701379,6.908724355126923,6.640381135980051,6.640381135980052,8.881784197001252e-16,-0.29631944027867263,0.2683432191468711,-8.881784197001252e-16,0.0,0.0,0.29631944027867263,0.0,8.881784197001252e-16,0.0,30.84800808580873
gen=46_member=7815_pso,1.1,0.9,1.1,0.9,1.0,1.1,1.1,0.9,0.9,1.0,2.6645352591003757e-15,0.28175021160005453,0.2551923269263545,1.7763568394002505e-15,0.0,1.820931687033363,2.102681898633416,1.5657393601070062,1.8209316870333627,1.8209316870333607,2.220446049250313e-15,0.2817502116000554,-0.2551923269263545,1.9984014443252818e-15,0.0,30.209600453547942,30.209600453547942,30.209600453547942,30.209600453547942,30.209600453547942,6.779068312966636,6.497318101366584,7.034260639892993,6.779068312966637,6.779068312966639,-2.6645352591003757e-15,-0.28175021160005453,0.2551923269263545,-1.7763568394002505e-15,0.0,2.6645352591003757e-15,0.28175021160005453,0.0,1.7763568394002505e-15,0.0,30.209600453547942
gen=46_member=7820_pso,1.1,0.9,1.1,0.9,1.0,1.1,1.1,0.9,0.9,1.0,3.552713678800501e-15,0.43064825200398715,0.4032703429378124,1.7763568394002505e-15,0.0,3.632641910441183,4.063290162445167,3.2293715675033674,3.6326419104411816,3.63264191044118,3.1086244689504383e-15,0.43064825200398715,-0.4032703429378124,1.7763568394002505e-15,0.0,35.860377441964175,35.860377441964175,35.860377441964175,35.860377441964175,35.860377441964175,4.967358089558816,4.536709837554833,5.370628432496632,4.967358089558818,4.96735808955882,-3.552713678800501e-15,-0.43064825200398715,0.4032703429378124,-1.7763568394002505e-15,0.0,3.552713678800501e-15,0.43064825200398715,0.0,1.7763568394002505e-15,0.0,35.860377441964175
gen=46_member=7821_pso,1.1,0.9,1.1,0.9,1.0,1.1,1.1,0.9,0.9,1.0,1.7763568394002505e-15,0.29901772873095744,0.2709270396593322,2.6645352591003757e-15,0.0,1.993271488176367,2.292289216907323,1.722344448517033,1.993271488176368,1.993271488176365,1.9984014443252818e-15,0.2990177287309581,-0.27092703965933196,3.1086244689504383e-15,0.0,31.019254054929405,31.019254054929405,31.019254054929405,31.019254054929405,31.019254054929405,6.606728511823633,6.307710783092677,6.877655551482967,6.606728511823632,6.6067285118236345,-1.7763568394002505e-15,-0.29901772873095744,0.2709270396593322,-2.6645352591003757e-15,0.0,1.7763568394002505e-15,0.29901772873095744,0.0,2.6645352591003757e-15,0.0,31.019254054929405
gen=46_member=7822_pso,1.1,0.9,1.1,0.9,1.0,1.1,1.1,0.9,0.9,1.0,8.881784197001252e-16,0.45236324714773524,0.4248815467360787,8.881784197001252e-16,0.0,4.0660856604735525,4.518448907621289,3.641204113737474,4.0660856604735525,4.066085660473553,-8.881784197001252e-16,0.45236324714773524,-0.42488154673607914,-8.881784197001252e-16,0.0,36.69936383186918,36.69936383186918,36.69936383186918,36.69936383186918,36.69936383186918,4.533914339526447,4.081551092378711,4.958795886262525,4.533914339526447,4.533914339526446,8.881784197001252e-16,-0.45236324714773524,0.4248815467360787,8.881784197001252e-16,0.0,0.0,0.45236324714773524,0.0,0.0,0.0,36.69936383186918
gen=46_member=7833_pso,1.1,0.9,1.1,0.9,1.0,1.1,1.1,0.9,0.9,1.0,0.0,0.28395146251857817,0.2569079492012385,2.6645352591003757e-15,0.0,1.8373948162196152,2.1213462787381934,1.580486867018377,1.8373948162196123,1.837394816219615,2.220446049250313e-16,0.2839514625185784,-0.25690794920123805,-2.6645352591003757e-15,0.0,30.273822445456965,30.273822445456965,30.273822445456965,30.273822445456965,30.273822445456965,6.762605183780384,6.478653721261806,7.019513132981623,6.762605183780387,6.762605183780384,0.0,-0.28395146251857817,0.2569079492012385,2.6645352591003757e-15,0.0,0.0,0.28395146251857817,0.0,0.0,0.0,30.273822445456965
gen=46_member=7840_pso,1.1,0.9,1.1,0.9,1.0,1.1,1.1,0.9,0.9,1.0,0.0,0.24585091445284313,0.22336918120719496,0.0,0.0,1.4625932530033698,1.7084441674562123,1.2392240717961749,1.4625932530033696,1.4625932530033692,6.661338147750939e-16,0.24585091445284313,-0.2233691812071943,4.440892098500626e-16,0.0,27.838357196260656,27.838357196260656,27.838357196260656,27.838357196260656,27.838357196260656,7.13740674699663,6.891555832543787,7.360775928203825,7.13740674699663,7.13740674699663,0.0,-0.24585091445284313,0.22336918120719496,0.0,0.0,0.0,0.24585091445284313,0.0,0.0,0.0,27.838357196260656
gen=46_member=7849_pso,1.1,0.9,1.1,0.9,1.0,1.1,1.1,0.9,0.9,1.0,1.7763568394002505e-15,0.3626084057231118,0.33284614101427223,0.0,0.0,2.714637855713368,3.077246261436478,2.3817917146990943,2.714637855713367,2.714637855713367,8.881784197001252e-16,0.3626084057231109,-0.3328461410142727,0.0,0.0,33.7256272553146,33.7256272553146,33.7256272553146,33.7256272553146,33.7256272553146,5.885362144286631,5.522753738563521,6.218208285300905,5.885362144286633,5.885362144286633,-1.7763568394002505e-15,-0.3626084057231118,0.33284614101427223,0.0,0.0,1.7763568394002505e-15,0.3626084057231118,0.0,0.0,0.0,33.7256272553146
gen=46_member=7861_pso,1.1,0.9,1.1,0.9,1.0,1.1,1.1,0.9,0.9,1.0,8.881784197001252e-16,0.45250024462388794,0.426491611491822,2.6645352591003757e-15,0.0,4.007601081757204,4.460101326381093,3.5811094702653827,4.007601081757202,4.007601081757205,-8.881784197001252e-16,0.45250024462388794,-0.426491611491822,-2.6645352591003757e-15,0.0,36.57795625745423,36.57795625745423,36.57795625745423,36.57795625745423,36.57795625745423,4.592398918242796,4.139898673618907,5.018890529734617,4.592398918242798,4.592398918242795,8.881784197001252e-16,-0.45250024462388794,0.426491611491822,2.6645352591003757e-15,0.0,0.0,0.45250024462388794,0.0,0.0,0.0,36.57795625745423
gen=46_member=7862_pso,1.1,0.9,1.1,0.9,1.0,1.1,1.1,0.9,0.9,1.0,1.7763568394002505e-15,0.3797901451937813,0.3506833852731246,2.6645352591003757e-15,0.0,2.998298907907466,3.3780890531012457,2.6476155226343394,2.998298907907467,2.998298907907464,1.7763568394002505e-15,0.37979014519378174,-0.3506833852731246,3.1086244689504383e-15,0.0,34.50190548961805,34.50190548961805,34.50190548961805,34.50190548961805,34.50190548961805,5.601701092092534,5.221910946898754,5.95238447736566,5.601701092092533,5.601701092092536,-1.7763568394002505e-15,-0.3797901451937813,0.3506833852731246,-2.6645352591003757e-15,0.0,1.7763568394002505e-15,0.3797901451937813,0.0,2.6645352591003757e-15,0.0,34.50190548961805
gen=46_member=7881_pso,1.1,0.9,1.1,0.9,1.0,1.1,1.1,0.9,0.9,1.0,8.881784197001252e-16,0.2415780597028867,0.2215391731764189,8.881784197001252e-16,0.0,1.3765349351379657,1.6181129948408517,1.154995761961546,1.3765349351379654,1.376534935137965,6.661338147750939e-16,0.2415780597028867,-0.2215391731764189,4.440892098500626e-16,0.0,27.192862415219388,27.192862415219388,27.192862415219388,27.192862415219388,27.192862415219388,7.223465064862034,6.981887005159148,7.445004238038454,7.223465064862034,7.223465064862035,-8.881784197001252e-16,-0.2415780597028867,0.2215391731764189,-8.881784197001252e-16,0.0,8.881784197001252e-16,0.2415780597028867,0.0,8.881784197001252e-16,0.0,27.192862415219388
gen=46_member=7888_pso,1.1,0.9,1.1,0.9,1.0,1.1,1.1,0.9,0.9,1.0,8.881784197001252e-16,0.33483129723173466,0.304415936450841,0.0,0.0,2.4184305774887624,2.753261874720496,2.1140146410379206,2.418430577488762,2.418430577488762,4.440892098500626e-16,0.3348312972317342,-0.3044159364508414,0.0,0.0,32.783404919650515,32.783404919650515,32.783404919650515,32.783404919650515,32.783404919650515,6.181569422511237,5.846738125279503,6.485985358962079,6.181569422511238,6.181569422511238,-8.881784197001252e-16,-0.33483129723173466,0.304415936450841,0.0,0.0,8.881784197001252e-16,0.33483129723173466,0.0,0.0,0.0,32.783404919650515
gen=46_member=7897_pso,1.1,0.9,1.1,0.9,1.0,1.1,1.1,0.9,0.9,1.0,2.6645352591003757e-15,0.38709331130373137,0.3572142905828919,2.6645352591003757e-15,0.0,3.0543830851977702,3.4414763965015056,2.697168794614881,3.0543830851977702,3.054383085197773,-2.6645352591003757e-15,0.3870933113037327,-0.3572142905828919,-2.6645352591003757e-15,0.0,34.66001472979494,34.66001472979494,34.66001472979494,34.66001472979494,34.66001472979494,5.545616914802229,5.158523603498495,5.902831205385119,5.545616914802229,5.545616914802227,2.6645352591003757e-15,-0.38709331130373137,0.3572142905828919,2.6645352591003757e-15,0.0,0.0,0.38709331130373137,0.0,0.0,0.0,34.66001472979494
gen=47_member=7921_pso,1.1,0.9,1.1,0.9,1.0,1.1,1.1,0.9,0.9,1.0,8.881784197001252e-16,0.4660154395390088,0.440043730537961,8.881784197001252e-16,0.0,4.271007614577859,4.737023054116867,3.830963884039897,4.271007614577857,4.271007614577858,8.881784197001252e-16,0.46601543953900926,-0.440043730537961,-8.881784197001252e-16,0.0,37.029124549782175,37.029124549782175,37.029124549782175,37.029124549782175,37.029124549782175,4.328992385422141,3.862976945883133,4.769036115960103,4.328992385422143,4.328992385422142,-8.881784197001252e-16,-0.4660154395390088,0.440043730537961,8.881784197001252e-16,0.0,8.881784197001252e-16,0.4660154395390088,0.0,0.0,0.0,37.029124549782175
gen=47_member=7929_pso,1.1,0.9,1.1,0.9,1.0,1.1,1.1,0.9,0.9,1.0,3.552713678800501e-15,0.3523009064838565,0.32174996503679143,2.6645352591003757e-15,0.0,2.580665612337951,2.9329665188218117,2.258915647301163,2.580665612337952,2.5806656123379543,-3.1086244689504383e-15,0.35230090648385737,-0.32174996503679143,-2.220446049250313e-15,0.0,33.27569117913837,33.27569117913837,33.27569117913837,33.27569117913837,33.27569117913837,6.019334387662049,5.667033481178189,6.341084352698837,6.019334387662048,6.019334387662045,3.552713678800501e-15,-0.3523009064838565,0.32174996503679143,2.6645352591003757e-15,0.0,0.0,0.3523009064838565,0.0,0.0,0.0,33.27569117913837
gen=47_member=7933_pso,1.1,0.9,1.1,0.9,1.0,1.1,1.1,0.9,0.9,1.0,8.881784197001252e-16,0.2340580493161868,0.21358801016393159,8.881784197001252e-16,0.0,1.3366982118555866,1.5707562611717725,1.123110201691654,1.3366982118555866,1.336698211855586,6.661338147750939e-16,0.23405804931618657,-0.2135880101639318,6.661338147750939e-16,0.0,26.49956968298791,26.49956968298791,26.49956968298791,26.49956968298791,26.49956968298791,7.263301788144413,7.029243738828227,7.4768897983083455,7.263301788144413,7.263301788144414,-8.881784197001252e-16,-0.2340580493161868,0.21358801016393159,-8.881784197001252e-16,0.0,8.881784197001252e-16,0.2340580493161868,0.0,8.881784197001252e-16,0.0,26.49956968298791
gen=47_member=7945_pso,1.1,0.9,1.1,0.9,1.0,1.1,1.1,0.9,0.9,1.0,8.881784197001252e-16,0.38495748788108486,0.3552409386997386,2.6645352591003757e-15,0.0,3.034858216956013,3.419815704837099,2.6796172782562757,3.0348582169560125,3.034858216956013,0.0,0.3849574878810862,-0.3552409386997373,-4.440892098500626e-16,0.0,34.610460392456865,34.610460392456865,34.610460392456865,34.610460392456865,34.610460392456865,5.565141783043987,5.180184295162901,5.920382721743724,5.565141783043988,5.565141783043986,8.881784197001252e-16,-0.38495748788108486,0.3552409386997386,2.6645352591003757e-15,0.0,0.0,0.38495748788108486,0.0,0.0,0.0,34.610460392456865
gen=47_member=7948_pso,1.1,0.9,1.1,0.9,1.0,1.1,1.1,0.9,0.9,1.0,8.881784197001252e-16,0.25773698754379115,0.23154599942694798,8.881784197001252e-16,0.0,1.5702986372987262,1.828035624842518,1.338752637871779,1.5702986372987262,1.5702986372987264,-2.220446049250313e-16,0.2577369875437916,-0.23154599942694754,-2.220446049250313e-16,0.0,28.52993245450245,28.52993245450245,28.52993245450245,28.52993245450245,28.52993245450245,7.029701362701274,6.771964375157482,7.261247362128221,7.029701362701274,7.029701362701273,8.881784197001252e-16,-0.25773698754379115,0.23154599942694798,8.881784197001252e-16,0.0,0.0,0.25773698754379115,0.0,0.0,0.0,28.52993245450245
gen=47_member=7949_pso,1.1,0.9,1.1,0.9,1.0,1.1,1.1,0.9,0.9,1.0,0.0,0.3000358752767669,0.27156567846988455,0.0,0.0,1.993775288578472,2.2938111638552385,1.7222096101085875,1.993775288578472,1.9937752885784716,4.440892098500626e-16,0.3000358752767669,-0.2715656784698841,4.440892098500626e-16,0.0,31.06896850977157,31.06896850977157,31.06896850977157,31.06896850977157,31.06896850977157,6.606224711421528,6.306188836144761,6.877790389891413,6.606224711421528,6.606224711421528,0.0,-0.3000358752767669,0.27156567846988455,0.0,0.0,0.0,0.3000358752767669,0.0,0.0,0.0,31.06896850977157
gen=47_member=7961_pso,1.1,0.9,1.1,0.9,1.0,1.1,1.1,0.9,0.9,1.0,3.552713678800501e-15,0.33619870966918075,0.30582414541327996,3.552713678800501e-15,0.0,2.42627095608822,2.762469665757397,2.1204468106749363,2.42627095608822,2.4262709560882163,3.552713678800501e-15,0.33619870966918075,-0.30582414541327996,3.552713678800501e-15,0.0,32.81846706326812,32.81846706326812,32.81846706326812,32.81846706326812,32.81846706326812,6.17372904391178,5.837530334242603,6.479553189325063,6.17372904391178,6.173729043911783,-3.552713678800501e-15,-0.33619870966918075,0.30582414541327996,-3.552713678800501e-15,0.0,3.552713678800501e-15,0.33619870966918075,0.0,3.552713678800501e-15,0.0,32.81846706326812
gen=47_member=7966_pso,1.1,0.9,1.1,0.9,1.0,1.1,1.1,0.9,0.9,1.0,0.0,0.36135603565639585,0.33156933912449293,0.0,0.0,2.70123404657382,3.0625900822302152,2.369664707449327,2.70123404657382,2.7012340465738194,4.440892098500626e-16,0.36135603565639585,-0.3315693391244925,4.440892098500626e-16,0.0,33.72345101193558,33.72345101193558,33.72345101193558,33.72345101193558,33.72345101193558,5.89876595342618,5.537409917769784,6.230335292550673,5.89876595342618,5.89876595342618,0.0,-0.36135603565639585,0.33156933912449293,0.0,0.0,0.0,0.36135603565639585,0.0,0.0,0.0,33.72345101193558
gen=47_member=7974_pso,1.1,0.9,1.1,0.9,1.0,1.1,1.1,0.9,0.9,1.0,8.881784197001252e-16,0.4082201741440814,0.37947370000246483,8.881784197001252e-16,0.0,3.2316721815748752,3.639892355718956,2.852198481572409,3.2316721815748752,3.231672181574875,4.440892098500626e-16,0.4082201741440814,-0.3794737000024657,4.440892098500626e-16,0.0,35.04236881028093,35.04236881028093,35.04236881028093,35.04236881028093,35.04236881028093,5.368327818425124,4.9601076442810434,5.74780151842759,5.368327818425124,5.368327818425125,-8.881784197001252e-16,-0.4082201741440814,0.37947370000246483,-8.881784197001252e-16,0.0,8.881784197001252e-16,0.4082201741440814,0.0,8.881784197001252e-16,0.0,35.04236881028093
gen=47_member=7977_pso,1.1,0.9,1.1,0.9,1.0,1.1,1.1,0.9,0.9,1.0,2.6645352591003757e-15,0.4231556360673041,0.3954506537155291,8.881784197001252e-16,0.0,3.455325102241552,3.8784807383088538,3.0598744485260205,3.4553251022415505,3.4553251022415497,2.220446049250313e-15,0.4231556360673041,-0.3954506537155291,8.881784197001252e-16,0.0,35.50698668092144,35.50698668092144,35.50698668092144,35.50698668092144,35.50698668092144,5.144674897758447,4.721519261691146,5.540125551473979,5.144674897758449,5.14467489775845,-2.6645352591003757e-15,-0.4231556360673041,0.3954506537155291,-8.881784197001252e-16,0.0,2.6645352591003757e-15,0.4231556360673041,0.0,8.881784197001252e-16,0.0,35.50698668092144
gen=47_member=7987_pso,1.1,0.9,1.1,0.9,1.0,1.1,1.1,0.9,0.9,1.0,0.0,0.325804880309545,0.2950613123823782,0.0,0.0,2.3082233922736406,2.634028272583186,2.0131620798912624,2.3082233922736406,2.308223392273641,-4.440892098500626e-16,0.325804880309545,-0.29506131238237865,-4.440892098500626e-16,0.0,32.3379503115816,32.3379503115816,32.3379503115816,32.3379503115816,32.3379503115816,6.291776607726359,5.965971727416814,6.586837920108737,6.291776607726359,6.291776607726359,0.0,-0.325804880309545,0.2950613123823782,0.0,0.0,0.0,0.325804880309545,0.0,0.0,0.0,32.3379503115816
gen=47_member=7988_pso,1.1,0.9,1.1,0.9,1.0,1.1,1.1,0.9,0.9,1.0,8.881784197001252e-16,0.2950080315264856,0.2670798573303852,1.7763568394002505e-15,0.0,1.9446224455793,2.2396304771057864,1.677542588248915,1.944622445579302,1.9446224455793009,-8.881784197001252e-16,0.2950080315264856,-0.26707985733038586,1.1102230246251565e-15,0.0,30.769795007202468,30.769795007202468,30.769795007202468,30.769795007202468,30.769795007202468,6.6553775544207,6.360369522894214,6.922457411751084,6.6553775544206975,6.655377554420699,8.881784197001252e-16,-0.2950080315264856,0.2670798573303852,-1.7763568394002505e-15,0.0,0.0,0.2950080315264856,0.0,1.7763568394002505e-15,0.0,30.769795007202468
gen=47_member=7992_pso,1.1,0.9,1.1,0.9,1.0,1.1,1.1,0.9,0.9,1.0,0.0,0.47522261257945253,0.4498208399596768,8.881784197001252e-16,0.0,4.415352874721832,4.890575487301285,3.965532034762155,4.415352874721831,4.415352874721832,0.0,0.47522261257945253,-0.44982083995967725,-8.881784197001252e-16,0.0,37.30318347661641,37.30318347661641,37.30318347661641,37.30318347661641,37.30318347661641,4.184647125278167,3.709424512698715,4.634467965237844,4.184647125278168,4.184647125278167,0.0,-0.47522261257945253,0.4498208399596768,8.881784197001252e-16,0.0,0.0,0.47522261257945253,0.0,0.0,0.0,37.30318347661641
gen=47_member=7994_pso,1.1,0.9,1.1,0.9,1.0,1.1,1.1,0.9,0.9,1.0,1.7763568394002505e-15,0.24228107416738442,0.22087645131523015,8.881784197001252e-16,0.0,1.425509996687166,1.6677910708545491,1.2046335453719343,1.4255099966871656,1.4255099966871652,8.881784197001252e-16,0.24228107416738398,-0.22087645131523082,4.440892098500626e-16,0.0,27.707961235794844,27.707961235794844,27.707961235794844,27.707961235794844,27.707961235794844,7.174490003312833,6.9322089291454505,7.395366454628065,7.174490003312834,7.174490003312835,-1.7763568394002505e-15,-0.24228107416738442,0.22087645131523015,-8.881784197001252e-16,0.0,1.7763568394002505e-15,0.24228107416738442,0.0,8.881784197001252e-16,0.0,27.707961235794844
gen=47_member=7995_pso,1.1,0.9,1.1,0.9,1.0,1.1,1.1,0.9,0.9,1.0,0.0,0.4525044492552679,0.4263841317112451,3.552713678800501e-15,0.0,3.97510648274844,4.4276109320037085,3.548722351037196,3.9751064827484375,3.975106482748441,-8.881784197001252e-16,0.45250444925526745,-0.4263841317112451,-3.552713678800501e-15,0.0,36.49744644974915,36.49744644974915,36.49744644974915,36.49744644974915,36.49744644974915,4.624893517251559,4.172389067996291,5.051277648962804,4.624893517251563,4.624893517251559,0.0,-0.4525044492552679,0.4263841317112451,3.552713678800501e-15,0.0,0.0,0.4525044492552679,0.0,0.0,0.0,36.49744644974915
gen=47_member=8006_pso,1.1,0.9,1.1,0.9,1.0,1.1,1.1,0.9,0.9,1.0,0.0,0.45376059228603083,0.426317152125554,0.0,0.0,4.096041808260815,4.549802400546846,3.669724656135261,4.096041808260815,4.096041808260816,-8.881784197001252e-16,0.45376059228602994,-0.4263171521255549,-8.881784197001252e-16,0.0,36.761407828424296,36.761407828424296,36.761407828424296,36.761407828424296,36.761407828424296,4.503958191739184,4.050197599453154,4.930275343864738,4.503958191739184,4.503958191739184,0.0,-0.45376059228603083,0.426317152125554,0.0,0.0,0.0,0.45376059228603083,0.0,0.0,0.0,36.761407828424296
gen=47_member=8007_pso,1.1,0.9,1.1,0.9,1.0,1.1,1.1,0.9,0.9,1.0,8.881784197001252e-16,0.38221448844519124,0.35102021882314816,8.881784197001252e-16,0.0,2.8521192952616703,3.2343337837068624,2.501099076438523,2.8521192952616703,2.8521192952616707,-4.440892098500626e-16,0.3822144884451917,-0.3510202188231477,-4.440892098500626e-16,0.0,34.13470291303967,34.13470291303967,34.13470291303967,34.13470291303967,34.13470291303967,5.747880704738329,5.365666216293137,6.098900923561477,5.747880704738329,5.7478807047383285,8.881784197001252e-16,-0.38221448844519124,0.35102021882314816,8.881784197001252e-16,0.0,0.0,0.38221448844519124,0.0,0.0,0.0,34.13470291303967
gen=47_member=8010_pso,1.1,0.9,1.1,0.9,1.0,1.1,1.1,0.9,0.9,1.0,8.881784197001252e-16,0.3565065915606942,0.32633620076430603,8.881784197001252e-16,0.0,2.634259456618809,2.990766048179504,2.3079232558545035,2.634259456618809,2.6342594566188096,-4.440892098500626e-16,0.35650659156069464,-0.32633620076430603,-4.440892098500626e-16,0.0,33.48339815320258,33.48339815320258,33.48339815320258,33.48339815320258,33.48339815320258,5.965740543381191,5.609233951820496,6.292076744145496,5.965740543381191,5.96574054338119,8.881784197001252e-16,-0.3565065915606942,0.32633620076430603,8.881784197001252e-16,0.0,0.0,0.3565065915606942,0.0,0.0,0.0,33.48339815320258
gen=47_member=8011_pso,1.1,0.9,1.1,0.9,1.0,1.1,1.1,0.9,0.9,1.0,1.7763568394002505e-15,0.4096388584434463,0.3811517650358063,4.440892098500626e-15,0.0,3.264032655020213,3.673671513463657,2.882880889984405,3.264032655020216,3.2640326550202103,2.6645352591003757e-15,0.4096388584434467,-0.3811517650358054,5.773159728050814e-15,0.0,35.12122980345115,35.12122980345115,35.12122980345115,35.12122980345115,35.12122980345115,5.335967344979787,4.926328486536343,5.717119110015595,5.335967344979784,5.335967344979789,-1.7763568394002505e-15,-0.4096388584434463,0.3811517650358063,-4.440892098500626e-15,0.0,1.7763568394002505e-15,0.4096388584434463,0.0,4.440892098500626e-15,0.0,35.12122980345115
gen=47_member=8012_pso,1.1,0.9,1.1,0.9,1.0,1.1,1.1,0.9,0.9,1.0,2.6645352591003757e-15,0.4335454860907033,0.40636509447484137,1.7763568394002505e-15,0.0,3.70111096406832,4.13465645015902,3.2947458695934757,3.701110964068319,3.701110964068317,3.1086244689504383e-15,0.43354548609070287,-0.40636509447484137,1.7763568394002505e-15,0.0,35.984022812402536,35.984022812402536,35.984022812402536,35.984022812402536,35.984022812402536,4.89888903593168,4.46534354984098,5.305254130406524,4.898889035931681,4.898889035931683,-2.6645352591003757e-15,-0.4335454860907033,0.40636509447484137,-1.7763568394002505e-15,0.0,2.6645352591003757e-15,0.4335454860907033,0.0,1.7763568394002505e-15,0.0,35.984022812402536
gen=47_member=8013_pso,1.1,0.9,1.1,0.9,1.0,1.1,1.1,0.9,0.9,1.0,8.881784197001252e-16,0.2169262975167321,0.19581809191043753,8.881784197001252e-16,0.0,1.1477623210882777,1.3646886186050091,0.9519442291778396,1.1477623210882777,1.147762321088277,6.661338147750939e-16,0.2169262975167321,-0.19581809191043742,6.661338147750939e-16,0.0,24.18988587830649,24.18988587830649,24.18988587830649,24.18988587830649,24.18988587830649,7.452237678911722,7.2353113813949905,7.64805577082216,7.452237678911722,7.452237678911723,-8.881784197001252e-16,-0.2169262975167321,0.19581809191043753,-8.881784197001252e-16,0.0,8.881784197001252e-16,0.2169262975167321,0.0,8.881784197001252e-16,0.0,24.18988587830649
gen=47_member=8017_pso,1.1,0.9,1.1,0.9,1.0,1.1,1.1,0.9,0.9,1.0,8.881784197001252e-16,0.23192874136309616,0.21134685963994393,0.0,0.0,1.31111262220854,1.5430413635716358,1.0997657625685953,1.3111126222085396,1.3111126222085394,6.661338147750939e-16,0.23192874136309638,-0.21134685963994415,2.220446049250313e-16,0.0,26.33332130996634,26.33332130996634,26.33332130996634,26.33332130996634,26.33332130996634,7.288887377791459,7.056958636428364,7.500234237431404,7.28888737779146,7.28888737779146,-8.881784197001252e-16,-0.23192874136309616,0.21134685963994393,0.0,0.0,8.881784197001252e-16,0.23192874136309616,0.0,0.0,0.0,26.33332130996634
gen=47_member=8023_pso,1.1,0.9,1.1,0.9,1.0,1.1,1.1,0.9,0.9,1.0,3.552713678800501e-15,0.43419696288166243,0.4069343594413404,1.7763568394002505e-15,0.0,3.736287275768745,4.170484238650404,3.329352916327402,3.736287275768744,3.736287275768742,3.1086244689504383e-15,0.43419696288166243,-0.40693435944133993,2.220446049250313e-15,0.0,36.0756878960716,36.0756878960716,36.0756878960716,36.0756878960716,36.0756878960716,4.863712724231254,4.429515761349595,5.270647083672598,4.863712724231256,4.863712724231258,-3.552713678800501e-15,-0.43419696288166243,0.4069343594413404,-1.7763568394002505e-15,0.0,3.552713678800501e-15,0.43419696288166243,0.0,1.7763568394002505e-15,0.0,36.0756878960716
gen=47_member=8066_pso,1.1,0.9,1.1,0.9,1.0,1.1,1.1,0.9,0.9,1.0,2.6645352591003757e-15,0.4365441902331426,0.4093911325655375,1.7763568394002505e-15,0.0,3.768112627039028,4.204656817272168,3.3587214944734867,3.7681126270390255,3.7681126270390246,3.552713678800501e-15,0.4365441902331435,-0.40939113256553794,8.881784197001252e-16,0.0,36.14526258672567,36.14526258672567,36.14526258672567,36.14526258672567,36.14526258672567,4.831887372960972,4.395343182727832,5.2412785055265125,4.831887372960973,4.831887372960975,-2.6645352591003757e-15,-0.4365441902331426,0.4093911325655375,-1.7763568394002505e-15,0.0,2.6645352591003757e-15,0.4365441902331426,0.0,1.7763568394002505e-15,0.0,36.14526258672567
gen=48_member=8105_pso,1.1,0.9,1.1,0.9,1.0,1.1,1.1,0.9,0.9,1.0,1.7763568394002505e-15,0.44876018573270215,0.42158531496734586,1.7763568394002505e-15,0.0,3.990198120578247,4.438958306310952,3.568612805610904,3.9901981205782513,3.9901981205782486,-1.7763568394002505e-15,0.4487601857327035,-0.4215853149673445,2.6645352591003757e-15,0.0,36.55273076856624,36.55273076856624,36.55273076856624,36.55273076856624,36.55273076856624,4.609801879421752,4.161041693689048,5.031387194389096,4.609801879421749,4.609801879421751,1.7763568394002505e-15,-0.44876018573270215,0.42158531496734586,-1.7763568394002505e-15,0.0,0.0,0.44876018573270215,0.0,1.7763568394002505e-15,0.0,36.55273076856624
gen=48_member=8113_pso,1.1,0.9,1.1,0.9,1.0,1.1,1.1,0.9,0.9,1.0,8.881784197001252e-16,0.4640960002916912,0.4379370417282864,8.881784197001252e-16,0.0,4.2324017299968775,4.696497730288567,3.794464688268591,4.232401729996876,4.232401729996877,8.881784197001252e-16,0.46409600029169074,-0.4379370417282855,-8.881784197001252e-16,0.0,37.01352492542517,37.01352492542517,37.01352492542517,37.01352492542517,37.01352492542517,4.367598270003122,3.903502269711432,4.8055353117314095,4.367598270003124,4.367598270003123,-8.881784197001252e-16,-0.4640960002916912,0.4379370417282864,8.881784197001252e-16,0.0,8.881784197001252e-16,0.4640960002916912,0.0,0.0,0.0,37.01352492542517
gen=48_member=8120_pso,1.1,0.9,1.1,0.9,1.0,1.1,1.1,0.9,0.9,1.0,3.552713678800501e-15,0.4332658323885603,0.4059580286480875,1.7763568394002505e-15,0.0,3.723850953060577,4.1571167854491335,3.3178929244124857,3.723850953060576,3.7238509530605737,3.1086244689504383e-15,0.43326583238855987,-0.40595802864808794,2.220446049250313e-15,0.0,36.049477181493145,36.049477181493145,36.049477181493145,36.049477181493145,36.049477181493145,4.876149046939423,4.442883214550866,5.282107075587514,4.876149046939425,4.876149046939426,-3.552713678800501e-15,-0.4332658323885603,0.4059580286480875,-1.7763568394002505e-15,0.0,3.552713678800501e-15,0.4332658323885603,0.0,1.7763568394002505e-15,0.0,36.049477181493145
gen=48_member=8123_pso,1.1,0.9,1.1,0.9,1.0,1.1,1.1,0.9,0.9,1.0,1.7763568394002505e-15,0.42900562704012835,0.40100548398979274,8.881784197001252e-16,0.0,3.5682173295817705,3.9972229566218975,3.167211845591976,3.5682173295817696,3.568217329581769,1.3322676295501878e-15,0.42900562704012835,-0.4010054839897932,4.440892098500626e-16,0.0,35.70569359544761,35.70569359544761,35.70569359544761,35.70569359544761,35.70569359544761,5.031782670418229,4.602777043378103,5.432788154408024,5.03178267041823,5.031782670418231,-1.7763568394002505e-15,-0.42900562704012835,0.40100548398979274,-8.881784197001252e-16,0.0,1.7763568394002505e-15,0.42900562704012835,0.0,8.881784197001252e-16,0.0,35.70569359544761
gen=48_member=8129_pso,1.1,0.9,1.1,0.9,1.0,1.1,1.1,0.9,0.9,1.0,8.881784197001252e-16,0.45176473541337625,0.42447661366560396,8.881784197001252e-16,0.0,4.062703615454969,4.514468350868346,3.638227001789365,4.062703615454969,4.06270361545497,-8.881784197001252e-16,0.45176473541337625,-0.4244766136656044,-8.881784197001252e-16,0.0,36.63353389800296,36.63353389800296,36.63353389800296,36.63353389800296,36.63353389800296,4.537296384545031,4.085531649131654,4.961772998210634,4.537296384545031,4.53729638454503,8.881784197001252e-16,-0.45176473541337625,0.42447661366560396,8.881784197001252e-16,0.0,0.0,0.45176473541337625,0.0,0.0,0.0,36.63353389800296
gen=48_member=8130_pso,1.1,0.9,1.1,0.9,1.0,1.1,1.1,0.9,0.9,1.0,0.0,0.2855663281827372,0.25849440127771395,0.0,0.0,1.866301679669066,2.151868007851803,1.6078072783913522,1.8663016796690663,1.8663016796690663,-4.440892098500626e-16,0.28556632818273675,-0.25849440127771417,0.0,0.0,30.29664546331896,30.29664546331896,30.29664546331896,30.29664546331896,30.29664546331896,6.733698320330934,6.4481319921481965,6.992192721608648,6.733698320330934,6.733698320330934,0.0,-0.2855663281827372,0.25849440127771395,0.0,0.0,0.0,0.2855663281827372,0.0,0.0,0.0,30.29664546331896
gen=48_member=8161_pso,1.1,0.9,1.1,0.9,1.0,1.1,1.1,0.9,0.9,1.0,8.881784197001252e-16,0.22304021732406376,0.2022226914196361,8.881784197001252e-16,0.0,1.1702608914176438,1.3933011087417069,0.9680381999980064,1.1702608914176438,1.1702608914176431,6.661338147750939e-16,0.22304021732406376,-0.20222269141963667,6.661338147750939e-16,0.0,24.508282368015493,24.508282368015493,24.508282368015493,24.508282368015493,24.508282368015493,7.429739108582356,7.206698891258293,7.631961800001993,7.429739108582356,7.429739108582357,-8.881784197001252e-16,-0.22304021732406376,0.2022226914196361,-8.881784197001252e-16,0.0,8.881784197001252e-16,0.22304021732406376,0.0,8.881784197001252e-16,0.0,24.508282368015493
gen=48_member=8165_pso,1.1,0.9,1.1,0.9,1.0,1.1,1.1,0.9,0.9,1.0,8.881784197001252e-16,0.4091168892080139,0.3805550300317524,8.881784197001252e-16,0.0,3.247140884065854,3.6562577732738673,2.8665858540341014,3.247140884065854,3.2471408840658538,4.440892098500626e-16,0.4091168892080135,-0.3805550300317524,4.440892098500626e-16,0.0,35.08459194378328,35.08459194378328,35.08459194378328,35.08459194378328,35.08459194378328,5.352859115934145,4.943742226726132,5.733414145965899,5.352859115934145,5.352859115934146,-8.881784197001252e-16,-0.4091168892080139,0.3805550300317524,-8.881784197001252e-16,0.0,8.881784197001252e-16,0.4091168892080139,0.0,8.881784197001252e-16,0.0,35.08459194378328
gen=48_member=8171_pso,1.1,0.9,1.1,0.9,1.0,1.1,1.1,0.9,0.9,1.0,8.881784197001252e-16,0.4060264577186148,0.37714543989908744,8.881784197001252e-16,0.0,3.2097832134087625,3.615809671127377,2.8326377735096737,3.2097832134087625,3.2097832134087616,8.881784197001252e-16,0.40602645771861523,-0.3771454398990879,8.881784197001252e-16,0.0,34.99403631605541,34.99403631605541,34.99403631605541,34.99403631605541,34.99403631605541,5.390216786591237,4.984190328872623,5.7673622264903255,5.390216786591237,5.390216786591238,-8.881784197001252e-16,-0.4060264577186148,0.37714543989908744,-8.881784197001252e-16,0.0,8.881784197001252e-16,0.4060264577186148,0.0,8.881784197001252e-16,0.0,34.99403631605541
gen=48_member=8183_pso,1.1,0.9,1.1,0.9,1.0,1.1,1.1,0.9,0.9,1.0,1.7763568394002505e-15,0.39098430664864026,0.36073404028788314,1.7763568394002505e-15,0.0,3.0772975890945005,3.468281895743139,2.716563548806616,3.0772975890945005,3.077297589094499,1.3322676295501878e-15,0.3909843066486398,-0.36073404028788314,1.3322676295501878e-15,0.0,34.70587203703935,34.70587203703935,34.70587203703935,34.70587203703935,34.70587203703935,5.522702410905499,5.13171810425686,5.883436451193384,5.522702410905499,5.5227024109055005,-1.7763568394002505e-15,-0.39098430664864026,0.36073404028788314,-1.7763568394002505e-15,0.0,1.7763568394002505e-15,0.39098430664864026,0.0,1.7763568394002505e-15,0.0,34.70587203703935
gen=48_member=8200_pso,1.1,0.9,1.1,0.9,1.0,1.1,1.1,0.9,0.9,1.0,8.881784197001252e-16,0.4028480766541609,0.37366827918264,8.881784197001252e-16,0.0,3.167245880573246,3.570093957227406,2.793577601390606,3.167245880573246,3.1672458805732453,8.881784197001252e-16,0.4028480766541609,-0.3736682791826391,8.881784197001252e-16,0.0,34.89080581472363,34.89080581472363,34.89080581472363,34.89080581472363,34.89080581472363,5.432754119426753,5.029906042772593,5.806422398609394,5.432754119426753,5.432754119426754,-8.881784197001252e-16,-0.4028480766541609,0.37366827918264,-8.881784197001252e-16,0.0,8.881784197001252e-16,0.4028480766541609,0.0,8.881784197001252e-16,0.0,34.89080581472363
gen=48_member=8203_pso,1.1,0.9,1.1,0.9,1.0,1.1,1.1,0.9,0.9,1.0,5.329070518200751e-15,0.3282033905892838,0.29780783896945273,5.329070518200751e-15,0.0,2.33521279734384,2.663416187933128,2.0374049583743923,2.33521279734384,2.335212797343845,-4.884981308350689e-15,0.32820339058928294,-0.29780783896945273,-4.884981308350689e-15,0.0,32.453841272609736,32.453841272609736,32.453841272609736,32.453841272609736,32.453841272609736,6.26478720265616,5.936583812066871,6.562595041625608,6.26478720265616,6.264787202656155,5.329070518200751e-15,-0.3282033905892838,0.29780783896945273,5.329070518200751e-15,0.0,0.0,0.3282033905892838,0.0,0.0,0.0,32.453841272609736
gen=48_member=8212_pso,1.1,0.9,1.1,0.9,1.0,1.1,1.1,0.9,0.9,1.0,8.881784197001252e-16,0.22760284472778824,0.20720284890560325,8.881784197001252e-16,0.0,1.266398238769937,1.4940010834977244,1.0591953898643327,1.2663982387699366,1.266398238769936,1.1102230246251565e-15,0.22760284472778847,-0.20720284890560325,6.661338147750939e-16,0.0,25.50891213870453,25.50891213870453,25.50891213870453,25.50891213870453,25.50891213870453,7.333601761230063,7.105998916502275,7.540804610135667,7.333601761230063,7.333601761230064,-8.881784197001252e-16,-0.22760284472778824,0.20720284890560325,-8.881784197001252e-16,0.0,8.881784197001252e-16,0.22760284472778824,0.0,8.881784197001252e-16,0.0,25.50891213870453
gen=48_member=8218_pso,1.1,0.9,1.1,0.9,1.0,1.1,1.1,0.9,0.9,1.0,1.7763568394002505e-15,0.449834535997363,0.4223138973603602,1.7763568394002505e-15,0.0,4.033988191639936,4.483822727637301,3.6116742942795774,4.033988191639936,4.033988191639938,-1.7763568394002505e-15,0.449834535997363,-0.4223138973603602,-1.7763568394002505e-15,0.0,36.62363801974855,36.62363801974855,36.62363801974855,36.62363801974855,36.62363801974855,4.566011808360064,4.116177272362699,4.988325705720422,4.566011808360064,4.566011808360062,1.7763568394002505e-15,-0.449834535997363,0.4223138973603602,1.7763568394002505e-15,0.0,0.0,0.449834535997363,0.0,0.0,0.0,36.62363801974855
gen=48_member=8227_pso,1.1,0.9,1.1,0.9,1.0,1.1,1.1,0.9,0.9,1.0,1.7763568394002505e-15,0.3682675588562514,0.3378521111488828,1.7763568394002505e-15,0.0,2.755299500403393,3.123567059259646,2.4174473892545114,2.755299500403393,2.7552995004033938,-8.881784197001252e-16,0.3682675588562523,-0.33785211114888236,-8.881784197001252e-16,0.0,33.90734269461019,33.90734269461019,33.90734269461019,33.90734269461019,33.90734269461019,5.844700499596607,5.476432940740354,6.182552610745488,5.844700499596607,5.844700499596605,1.7763568394002505e-15,-0.3682675588562514,0.3378521111488828,1.7763568394002505e-15,0.0,0.0,0.3682675588562514,0.0,0.0,0.0,33.90734269461019
gen=48_member=8233_pso,1.1,0.9,1.1,0.9,1.0,1.1,1.1,0.9,0.9,1.0,0.0,0.3897767279076767,0.35930725333914904,8.881784197001252e-16,0.0,3.062446399864241,3.452223127771917,2.703139146525092,3.06244639986424,3.0624463998642413,-4.440892098500626e-16,0.3897767279076758,-0.3593072533391495,-1.3322676295501878e-15,0.0,34.67641402474263,34.67641402474263,34.67641402474263,34.67641402474263,34.67641402474263,5.537553600135759,5.147776872228082,5.896860853474908,5.53755360013576,5.537553600135759,0.0,-0.3897767279076767,0.35930725333914904,8.881784197001252e-16,0.0,0.0,0.3897767279076767,0.0,0.0,0.0,34.67641402474263
gen=48_member=8234_pso,1.1,0.9,1.1,0.9,1.0,1.1,1.1,0.9,0.9,1.0,1.7763568394002505e-15,0.20944877313690657,0.18898148608120202,1.7763568394002505e-15,0.0,1.1267995679231442,1.33624834106005,0.937818081841941,1.1267995679231442,1.1267995679231435,6.661338147750939e-16,0.20944877313690657,-0.18898148608120247,6.661338147750939e-16,0.0,23.781937390842728,23.781937390842728,23.781937390842728,23.781937390842728,23.781937390842728,7.473200432076855,7.26375165893995,7.662181918158058,7.473200432076855,7.473200432076856,-1.7763568394002505e-15,-0.20944877313690657,0.18898148608120202,-1.7763568394002505e-15,0.0,1.7763568394002505e-15,0.20944877313690657,0.0,1.7763568394002505e-15,0.0,23.781937390842728
gen=48_member=8245_pso,1.1,0.9,1.1,0.9,1.0,1.1,1.1,0.9,0.9,1.0,8.881784197001252e-16,0.46190945115694326,0.43635165030329226,1.7763568394002505e-15,0.0,4.171206890714568,4.633116341871512,3.734855240411276,4.171206890714567,4.1712068907145685,-8.881784197001252e-16,0.46190945115694326,-0.4363516503032927,-1.7763568394002505e-15,0.0,36.87888641911074,36.87888641911074,36.87888641911074,36.87888641911074,36.87888641911074,4.428793109285432,3.966883658128488,4.865144759588723,4.428793109285433,4.428793109285431,8.881784197001252e-16,-0.46190945115694326,0.43635165030329226,1.7763568394002505e-15,0.0,0.0,0.46190945115694326,0.0,0.0,0.0,36.87888641911074
gen=48_member=8255_pso,1.1,0.9,1.1,0.9,1.0,1.1,1.1,0.9,0.9,1.0,0.0,0.17399014110361932,0.15403265677428557,0.0,0.0,0.9072063929299556,1.081196534033575,0.7531737361556698,0.9072063929299554,0.9072063929299552,4.440892098500626e-16,0.17399014110361977,-0.15403265677428535,2.220446049250313e-16,0.0,18.692080334260165,18.692080334260165,18.692080334260165,18.692080334260165,18.692080334260165,7.692793607070044,7.518803465966425,7.84682626384433,7.692793607070044,7.692793607070044,0.0,-0.17399014110361932,0.15403265677428557,0.0,0.0,0.0,0.17399014110361932,0.0,0.0,0.0,18.692080334260165
gen=49_member=8286_pso,1.1,0.9,1.1,0.9,1.0,1.1,1.1,0.9,0.9,1.0,8.881784197001252e-16,0.3165725820876366,0.28640717142618843,8.881784197001252e-16,0.0,2.185518802806368,2.502091384894003,1.899111631380178,2.185518802806368,2.1855188028063663,1.7763568394002505e-15,0.3165725820876366,-0.28640717142618843,1.7763568394002505e-15,0.0,31.88574680923485,31.88574680923485,31.88574680923485,31.88574680923485,31.88574680923485,6.414481197193632,6.097908615105997,6.700888368619822,6.414481197193632,6.414481197193633,-8.881784197001252e-16,-0.3165725820876366,0.28640717142618843,-8.881784197001252e-16,0.0,8.881784197001252e-16,0.3165725820876366,0.0,8.881784197001252e-16,0.0,31.88574680923485
gen=49_member=8310_pso,1.1,0.9,1.1,0.9,1.0,1.1,1.1,0.9,0.9,1.0,8.881784197001252e-16,0.29008214577944713,0.2622470411714124,8.881784197001252e-16,0.0,1.881422400131252,2.1715045459106994,1.61917535895984,1.881422400131252,1.8814224001312525,-4.440892098500626e-16,0.2900821457794469,-0.2622470411714124,-4.440892098500626e-16,0.0,30.43676948862573,30.43676948862573,30.43676948862573,30.43676948862573,30.43676948862573,6.718577599868748,6.4284954540893,6.98082464104016,6.718577599868748,6.718577599868747,8.881784197001252e-16,-0.29008214577944713,0.2622470411714124,8.881784197001252e-16,0.0,0.0,0.29008214577944713,0.0,0.0,0.0,30.43676948862573
gen=49_member=8311_pso,1.1,0.9,1.1,0.9,1.0,1.1,1.1,0.9,0.9,1.0,3.552713678800501e-15,0.43301740703741043,0.40582120952500844,1.7763568394002505e-15,0.0,3.705575891176808,4.138593298214216,3.299754681651797,3.705575891176807,3.705575891176805,3.1086244689504383e-15,0.4330174070374113,-0.405821209525008,2.220446049250313e-15,0.0,36.00733726709178,36.00733726709178,36.00733726709178,36.00733726709178,36.00733726709178,4.894424108823191,4.461406701785784,5.300245318348203,4.894424108823193,4.894424108823195,-3.552713678800501e-15,-0.43301740703741043,0.40582120952500844,-1.7763568394002505e-15,0.0,3.552713678800501e-15,0.43301740703741043,0.0,1.7763568394002505e-15,0.0,36.00733726709178
gen=49_member=8327_pso,1.1,0.9,1.1,0.9,1.0,1.1,1.1,0.9,0.9,1.0,2.6645352591003757e-15,0.2832480913462243,0.2552440956996538,2.6645352591003757e-15,0.0,1.8067379306649065,2.089986022011128,1.5514938349652505,1.8067379306649076,1.8067379306649052,1.3322676295501878e-15,0.283248091346223,-0.25524409569965467,2.4424906541753444e-15,0.0,30.10695679161178,30.10695679161178,30.10695679161178,30.10695679161178,30.10695679161178,6.793262069335093,6.510013977988871,7.048506165034749,6.793262069335093,6.793262069335095,-2.6645352591003757e-15,-0.2832480913462243,0.2552440956996538,-2.6645352591003757e-15,0.0,2.6645352591003757e-15,0.2832480913462243,0.0,2.6645352591003757e-15,0.0,30.10695679161178
gen=49_member=8356_pso,1.1,0.9,1.1,0.9,1.0,1.1,1.1,0.9,0.9,1.0,1.7763568394002505e-15,0.3387083380560707,0.3079859291124576,1.7763568394002505e-15,0.0,2.4550781548376848,2.793786492893753,2.147092225725225,2.4550781548376848,2.455078154837682,2.6645352591003757e-15,0.3387083380560707,-0.30798592911245715,2.6645352591003757e-15,0.0,32.88362932713905,32.88362932713905,32.88362932713905,32.88362932713905,32.88362932713905,6.144921845162315,5.806213507106246,6.452907774274775,6.144921845162315,6.144921845162317,-1.7763568394002505e-15,-0.3387083380560707,0.3079859291124576,-1.7763568394002505e-15,0.0,1.7763568394002505e-15,0.3387083380560707,0.0,1.7763568394002505e-15,0.0,32.88362932713905
gen=49_member=8363_pso,1.1,0.9,1.1,0.9,1.0,1.1,1.1,0.9,0.9,1.0,0.0,0.41977454604919995,0.3918227018238003,0.0,0.0,3.4397528364932963,3.859527382542496,3.047930134669496,3.4397528364932963,3.4397528364932968,-4.440892098500626e-16,0.41977454604919906,-0.39182270182380075,-4.440892098500626e-16,0.0,35.477807888172215,35.477807888172215,35.477807888172215,35.477807888172215,35.477807888172215,5.160247163506703,4.740472617457503,5.552069865330504,5.160247163506703,5.160247163506703,0.0,-0.41977454604919995,0.3918227018238003,0.0,0.0,0.0,0.41977454604919995,0.0,0.0,0.0,35.477807888172215
gen=49_member=8375_pso,1.1,0.9,1.1,0.9,1.0,1.1,1.1,0.9,0.9,1.0,1.7763568394002505e-15,0.3411985907716373,0.311026110207675,3.552713678800501e-15,0.0,2.485349155407944,2.826547746179579,2.174323045200267,2.485349155407945,2.4853491554079423,1.7763568394002505e-15,0.34119859077163683,-0.31102611020767545,2.6645352591003757e-15,0.0,33.01442462041577,33.01442462041577,33.01442462041577,33.01442462041577,33.01442462041577,6.114650844592056,5.7734522538204205,6.425676954799733,6.114650844592054,6.114650844592058,-1.7763568394002505e-15,-0.3411985907716373,0.311026110207675,-3.552713678800501e-15,0.0,1.7763568394002505e-15,0.3411985907716373,0.0,3.552713678800501e-15,0.0,33.01442462041577
gen=49_member=8399_pso,1.1,0.9,1.1,0.9,1.0,1.1,1.1,0.9,0.9,1.0,2.6645352591003757e-15,0.4302247418576819,0.4027971334098952,8.881784197001252e-16,0.0,3.6262185633597337,4.056443305217413,3.223421429949836,3.626218563359733,3.626218563359731,2.6645352591003757e-15,0.4302247418576819,-0.4027971334098952,1.7763568394002505e-15,0.0,35.85181623963164,35.85181623963164,35.85181623963164,35.85181623963164,35.85181623963164,4.973781436640266,4.543556694782587,5.376578570050164,4.973781436640268,4.973781436640269,-2.6645352591003757e-15,-0.4302247418576819,0.4027971334098952,-8.881784197001252e-16,0.0,2.6645352591003757e-15,0.4302247418576819,0.0,8.881784197001252e-16,0.0,35.85181623963164
gen=50_member=8443_pso,1.1,0.9,1.1,0.9,1.0,1.1,1.1,0.9,0.9,1.0,1.7763568394002505e-15,0.26351472629735806,0.23655619174566578,8.881784197001252e-16,0.0,1.6286550645203923,1.8921697908177493,1.3920988727747252,1.6286550645203917,1.6286550645203903,1.9984014443252818e-15,0.26351472629735895,-0.2365561917456651,1.3322676295501878e-15,0.0,29.0287517204358,29.0287517204358,29.0287517204358,29.0287517204358,29.0287517204358,6.971344935479607,6.707830209182251,7.207901127225274,6.971344935479608,6.971344935479609,-1.7763568394002505e-15,-0.26351472629735806,0.23655619174566578,-8.881784197001252e-16,0.0,1.7763568394002505e-15,0.26351472629735806,0.0,8.881784197001252e-16,0.0,29.0287517204358
gen=50_member=8445_pso,1.1,0.9,1.1,0.9,1.0,1.1,1.1,0.9,0.9,1.0,8.881784197001252e-16,0.190089037131429,0.1701173714023856,8.881784197001252e-16,0.0,1.0154703928416025,1.2055594299730306,0.8453530214392148,1.0154703928416022,1.0154703928416016,8.881784197001252e-16,0.190089037131429,-0.1701173714023868,6.661338147750939e-16,0.0,20.947372107145803,20.947372107145803,20.947372107145803,20.947372107145803,20.947372107145803,7.584529607158397,7.394440570026969,7.754646978560784,7.584529607158397,7.584529607158398,-8.881784197001252e-16,-0.190089037131429,0.1701173714023856,-8.881784197001252e-16,0.0,8.881784197001252e-16,0.190089037131429,0.0,8.881784197001252e-16,0.0,20.947372107145803
gen=50_member=8464_pso,1.1,0.9,1.1,0.9,1.0,1.1,1.1,0.9,0.9,1.0,0.0,0.4111667932283245,0.38269069124904487,0.0,0.0,3.287377222546115,3.69854401577444,2.90468653129707,3.287377222546115,3.287377222546114,8.881784197001252e-16,0.41116679322832583,-0.382690691249044,8.881784197001252e-16,0.0,35.16929619734085,35.16929619734085,35.16929619734085,35.16929619734085,35.16929619734085,5.312622777453885,4.90145598422556,5.695313468702929,5.312622777453885,5.312622777453885,0.0,-0.4111667932283245,0.38269069124904487,0.0,0.0,0.0,0.4111667932283245,0.0,0.0,0.0,35.16929619734085
gen=50_member=8467_pso,1.1,0.9,1.1,0.9,1.0,1.1,1.1,0.9,0.9,1.0,0.0,0.25753144501489,0.23182767248214908,8.881784197001252e-16,0.0,1.569228569405931,1.8267600144208211,1.337400896923781,1.5692285694059305,1.5692285694059316,-6.661338147750939e-16,0.25753144501488956,-0.23182767248215064,-1.1102230246251565e-15,0.0,28.43175005450413,28.43175005450413,28.43175005450413,28.43175005450413,28.43175005450413,7.0307714305940685,6.7732399855791785,7.262599103076218,7.030771430594069,7.0307714305940685,0.0,-0.25753144501489,0.23182767248214908,8.881784197001252e-16,0.0,0.0,0.25753144501489,0.0,0.0,0.0,28.43175005450413
gen=50_member=8469_pso,1.1,0.9,1.1,0.9,1.0,1.1,1.1,0.9,0.9,1.0,8.881784197001252e-16,0.2389058942309834,0.21795439179445086,0.0,0.0,1.3973096615726894,1.6362155558036724,1.179355269778238,1.3973096615726892,1.3973096615726888,6.661338147750939e-16,0.23890589423098363,-0.21795439179445086,4.440892098500626e-16,0.0,27.342638190802248,27.342638190802248,27.342638190802248,27.342638190802248,27.342638190802248,7.20269033842731,6.963784444196327,7.4206447302217615,7.202690338427311,7.202690338427311,-8.881784197001252e-16,-0.2389058942309834,0.21795439179445086,0.0,0.0,8.881784197001252e-16,0.2389058942309834,0.0,0.0,0.0,27.342638190802248
gen=50_member=8474_pso,1.1,0.9,1.1,0.9,1.0,1.1,1.1,0.9,0.9,1.0,1.7763568394002505e-15,0.25767392305108494,0.23213101883272724,0.0,0.0,1.5450088566010896,1.8026827796521767,1.3128778377683643,1.5450088566010916,1.545008856601091,-1.5543122344752192e-15,0.2576739230510856,-0.2321310188327268,4.440892098500626e-16,0.0,28.369120398124423,28.369120398124423,28.369120398124423,28.369120398124423,28.369120398124423,7.05499114339891,6.797317220347823,7.287122162231635,7.054991143398908,7.054991143398908,1.7763568394002505e-15,-0.25767392305108494,0.23213101883272724,0.0,0.0,0.0,0.25767392305108494,0.0,0.0,0.0,28.369120398124423
gen=50_member=8483_pso,1.1,0.9,1.1,0.9,1.0,1.1,1.1,0.9,0.9,1.0,0.0,0.32027232213497125,0.2904901734861669,0.0,0.0,2.254748390424492,2.575020712559464,1.964258216938325,2.254748390424492,2.254748390424492,0.0,0.32027232213497214,-0.2904901734861671,0.0,0.0,32.12450543561306,32.12450543561306,32.12450543561306,32.12450543561306,32.12450543561306,6.345251609575508,6.024979287440536,6.6357417830616745,6.345251609575508,6.345251609575508,0.0,-0.32027232213497125,0.2904901734861669,0.0,0.0,0.0,0.32027232213497125,0.0,0.0,0.0,32.12450543561306
gen=50_member=8487_pso,1.1,0.9,1.1,0.9,1.0,1.1,1.1,0.9,0.9,1.0,2.6645352591003757e-15,0.4219830288358928,0.394294235190193,1.7763568394002505e-15,0.0,3.452149122351016,3.8741321511869065,3.05785488716082,3.4521491223510146,3.452149122351013,3.1086244689504383e-15,0.42198302883589367,-0.3942942351901926,1.7763568394002505e-15,0.0,35.50262187067714,35.50262187067714,35.50262187067714,35.50262187067714,35.50262187067714,5.147850877648984,4.725867848813094,5.542145112839179,5.147850877648985,5.147850877648986,-2.6645352591003757e-15,-0.4219830288358928,0.394294235190193,-1.7763568394002505e-15,0.0,2.6645352591003757e-15,0.4219830288358928,0.0,1.7763568394002505e-15,0.0,35.50262187067714
gen=50_member=8489_pso,1.1,0.9,1.1,0.9,1.0,1.1,1.1,0.9,0.9,1.0,8.881784197001252e-16,0.36879088640696,0.33841903089519576,1.7763568394002505e-15,0.0,2.762171613151666,3.1309624995586267,2.4237525822564714,2.762171613151665,2.7621716131516663,-4.440892098500626e-16,0.36879088640696045,-0.33841903089519487,-1.3322676295501878e-15,0.0,33.928075253726064,33.928075253726064,33.928075253726064,33.928075253726064,33.928075253726064,5.837828386848334,5.469037500441373,6.176247417743529,5.837828386848335,5.837828386848333,8.881784197001252e-16,-0.36879088640696,0.33841903089519576,1.7763568394002505e-15,0.0,0.0,0.36879088640696,0.0,0.0,0.0,33.928075253726064
gen=50_member=8506_pso,1.1,0.9,1.1,0.9,1.0,1.1,1.1,0.9,0.9,1.0,3.552713678800501e-15,0.43733865614065337,0.41030348124871097,1.7763568394002505e-15,0.0,3.790883183568056,4.228221839708706,3.380579702319342,3.790883183568054,3.790883183568052,3.9968028886505635e-15,0.4373386561406538,-0.4103034812487101,2.220446049250313e-15,0.0,36.17771080932583,36.17771080932583,36.17771080932583,36.17771080932583,36.17771080932583,4.809116816431944,4.371778160291294,5.219420297680658,4.8091168164319456,4.809116816431947,-3.552713678800501e-15,-0.43733865614065337,0.41030348124871097,-1.7763568394002505e-15,0.0,3.552713678800501e-15,0.43733865614065337,0.0,1.7763568394002505e-15,0.0,36.17771080932583
gen=50_member=8507_pso,1.1,0.9,1.1,0.9,1.0,1.1,1.1,0.9,0.9,1.0,2.6645352591003757e-15,0.26615013990955827,0.2388516204135822,2.6645352591003757e-15,0.0,1.649278559313052,1.915428699222608,1.4104269388994666,1.649278559313052,1.6492785593130492,2.6645352591003757e-15,0.2661501399095587,-0.23885162041358265,2.6645352591003757e-15,0.0,29.113125122660595,29.113125122660595,29.113125122660595,29.113125122660595,29.113125122660595,6.950721440686948,6.684571300777392,7.189573061100533,6.950721440686948,6.950721440686951,-2.6645352591003757e-15,-0.26615013990955827,0.2388516204135822,-2.6645352591003757e-15,0.0,2.6645352591003757e-15,0.26615013990955827,0.0,2.6645352591003757e-15,0.0,29.113125122660595
gen=50_member=8550_pso,1.1,0.9,1.1,0.9,1.0,1.1,1.1,0.9,0.9,1.0,2.6645352591003757e-15,0.4211476104214604,0.39353827135577646,1.7763568394002505e-15,0.0,3.410889397570465,3.832037007991924,3.017351126214687,3.4108893975704646,3.4108893975704637,1.3322676295501878e-15,0.4211476104214604,-0.3935382713557769,8.881784197001252e-16,0.0,35.43550778076299,35.43550778076299,35.43550778076299,35.43550778076299,35.43550778076299,5.189110602429534,4.767962992008076,5.582648873785313,5.189110602429535,5.189110602429537,-2.6645352591003757e-15,-0.4211476104214604,0.39353827135577646,-1.7763568394002505e-15,0.0,2.6645352591003757e-15,0.4211476104214604,0.0,1.7763568394002505e-15,0.0,35.43550778076299
gen=50_member=8555_pso,1.1,0.9,1.1,0.9,1.0,1.1,1.1,0.9,0.9,1.0,8.881784197001252e-16,0.39805647987746795,0.3680213134179393,1.7763568394002505e-15,0.0,3.122777075087055,3.5208335549645216,2.7547557616691147,3.122777075087056,3.122777075087054,8.881784197001252e-16,0.3980564798774675,-0.3680213134179393,1.7763568394002505e-15,0.0,34.798261721440575,34.798261721440575,34.798261721440575,34.798261721440575,34.798261721440575,5.477222924912945,5.079166445035478,5.845244238330885,5.477222924912944,5.477222924912946,-8.881784197001252e-16,-0.39805647987746795,0.3680213134179393,-1.7763568394002505e-15,0.0,8.881784197001252e-16,0.39805647987746795,0.0,1.7763568394002505e-15,0.0,34.798261721440575
gen=50_member=8572_pso,1.1,0.9,1.1,0.9,1.0,1.1,1.1,0.9,0.9,1.0,1.7763568394002505e-15,0.4195184651308175,0.3918389840032166,1.7763568394002505e-15,0.0,3.3895797008127717,3.8090981659435865,2.9977407168095525,3.3895797008127704,3.389579700812769,2.6645352591003757e-15,0.4195184651308175,-0.3918389840032166,1.3322676295501878e-15,0.0,35.38077037906462,35.38077037906462,35.38077037906462,35.38077037906462,35.38077037906462,5.210420299187229,4.790901834056413,5.602259283190447,5.210420299187229,5.210420299187231,-1.7763568394002505e-15,-0.4195184651308175,0.3918389840032166,-1.7763568394002505e-15,0.0,1.7763568394002505e-15,0.4195184651308175,0.0,1.7763568394002505e-15,0.0,35.38077037906462
gen=50_member=8579_pso,1.1,0.9,1.1,0.9,1.0,1.1,1.1,0.9,0.9,1.0,3.552713678800501e-15,0.41639771082119026,0.38856495745727493,1.7763568394002505e-15,0.0,3.3419600697931275,3.758357780614314,2.95339511233585,3.341960069793126,3.341960069793125,2.6645352591003757e-15,0.4163977108211889,-0.38856495745727493,1.3322676295501878e-15,0.0,35.267503555717184,35.267503555717184,35.267503555717184,35.267503555717184,35.267503555717184,5.258039930206872,4.841642219385685,5.64660488766415,5.258039930206873,5.258039930206875,-3.552713678800501e-15,-0.41639771082119026,0.38856495745727493,-1.7763568394002505e-15,0.0,3.552713678800501e-15,0.41639771082119026,0.0,1.7763568394002505e-15,0.0,35.267503555717184
gen=50_member=8584_pso,1.1,0.9,1.1,0.9,1.0,1.1,1.1,0.9,0.9,1.0,1.7763568394002505e-15,0.45572557309131945,0.42871618546682466,3.552713678800501e-15,0.0,4.099756114395537,4.555481687486858,3.671039928928714,4.099756114395542,4.0997561143955386,-1.7763568394002505e-15,0.45572557309131945,-0.42871618546682466,3.552713678800501e-15,0.0,36.77633515260383,36.77633515260383,36.77633515260383,36.77633515260383,36.77633515260383,4.500243885604463,4.044518312513142,4.928960071071286,4.5002438856044575,4.500243885604461,1.7763568394002505e-15,-0.45572557309131945,0.42871618546682466,-3.552713678800501e-15,0.0,0.0,0.45572557309131945,0.0,3.552713678800501e-15,0.0,36.77633515260383
gen=50_member=8596_pso,1.1,0.9,1.1,0.9,1.0,1.1,1.1,0.9,0.9,1.0,1.7763568394002505e-15,0.31369259431921837,0.28352439638101856,8.881784197001252e-16,0.0,2.134459532396478,2.448152126715695,1.850935136015458,2.1344595323964777,2.1344595323964763,1.7763568394002505e-15,0.3136925943192188,-0.28352439638101834,1.3322676295501878e-15,0.0,31.656131000200023,31.656131000200023,31.656131000200023,31.656131000200023,31.656131000200023,6.465540467603521,6.1518478732843045,6.749064863984541,6.465540467603522,6.465540467603523,-1.7763568394002505e-15,-0.31369259431921837,0.28352439638101856,-8.881784197001252e-16,0.0,1.7763568394002505e-15,0.31369259431921837,0.0,8.881784197001252e-16,0.0,31.656131000200023
