,well_1013__q,well_1302__q,well_1323__q,well_1486__q,well_1584__q,well_1589__q,well_1643__q,well_1683__q,well_1860__q,well_23610__q,well_23611__q,well_23618__q,well_23620__q,well_23627__q,well_23629__q,well_23630__q,well_23631__q,well_23635__q,well_23637__q,well_23638__q,well_23639__q,well_23645__q,well_23646__q,well_23648__q,well_23653__q,well_23695__q,well_23697__q,well_23698__q,well_23699__q,well_23700__q,well_23709__q,well_23710__q,well_23715__q,well_23716__q,well_23720__q,well_23721__q,well_23722__q,well_23723__q,well_23726__q,well_23727__q,well_23728__q,well_23729__q,well_23751__q,well_23752__q,well_23753__q,well_23754__q,well_23755__q,well_23756__q,well_23757__q,well_23758__q,well_23770__q,well_23776__q,well_23778__q,well_23781__q,well_23790__q,well_23791__q,well_23794__q,well_23795__q,well_23798__q,well_23800__q,well_23807__q,well_23816__q,well_23818__q,well_23820__q,well_23823__q,well_23836__q,well_23837__q,well_23846__q,well_23847__q,well_23848__q,well_23851__q,well_23864__q,well_23865__q,well_23866__q,well_23867__q,well_23868__q,well_23869__q,well_23870__q,well_23876__q,well_23881__q,well_23883__q,well_23886__q,well_23888__q,well_23889__q,well_23890__q,well_23895__q,well_23898__q,well_23908__q,well_23909__q,well_23910__q,well_23913__q,well_23915__q,well_23919__q,well_23926__q,well_23928__q,well_23929__q,well_23930__q,well_23934__q,well_23936__q,well_23937__q,well_23939__q,well_23942__q,well_23944__q,well_23948__q,well_23956__q,well_23961__q,well_23962__q,well_23963__q,well_23966__q,well_23967__q,well_23972__q,well_23977__q,well_23978__q,well_23979__q,well_23980__q,well_23981__q,well_23983__q,well_23984__q,well_23985__q,well_23987__q,well_23998__q,well_24003__q,well_24005__q,well_24010__q,well_24011__q,well_24012__q,well_24016__q,well_24024__q,well_24030__q,well_24033__q,well_24036__q,well_24037__q,well_24042__q,well_24043__q,well_24045__q,well_24047__q,well_24049__q,well_24059__q,well_24063__q,well_24066__q,well_24080__q,well_24091__q,well_24093__q,well_24110__q,well_24120__q,well_24121__q,well_24125__q,well_24130__q,well_24135__q,well_24137__q,well_24165__q,well_24166__q,well_24169__q,well_24172__q,well_24195__q,well_24197__q,well_24203__q,well_24216__q,well_24225__q,well_24226__q,well_24227__q,well_24239__q,well_24240__q,well_24247__q,well_24249__q,well_24252__q,well_24253__q,well_24256__q,well_24265__q,well_24266__q,well_24274__q,well_24279__q,well_24283__q,well_24285__q,well_24286__q,well_24291__q,well_24293__q,well_24294__q,well_24302__q,well_24305__q,well_24307__q,well_24311__q,well_24317__q,well_24323__q,well_2544__q,well_2750__q,well_2886__q,well_3473__q,well_3949__q,well_4171__q,well_418__q,well_466__q,well_467__q,well_490__q,well_509__q,well_58403__q,well_58405__q,well_58406__q,well_58407__q,well_58410__q,well_58411__q,well_58414__q,well_58416__q,well_58424__q,well_58433__q,well_58434__q,well_602__q,well_603__q,well_67673__q,well_67895__q,well_68008__q,well_68216__q,well_68218__q,well_68219__q,well_68220__q,well_68221__q,well_68294__q,well_68475__q,well_68529__q,well_68693__q,well_68695__q,well_68872__q,well_68917__q,well_68925__q,well_68926__q,well_69049__q,well_69065__q,well_69282__q,well_69288__q,well_69289__q,well_69480__q,well_69508__q,well_69576__q,well_69635__q,well_69636__q,well_69638__q,well_69669__q,well_69970__q,well_69990__q,well_70119__q,well_70120__q,well_70186__q,well_70191__q,well_70263__q,well_70517__q,well_70519__q,well_70520__q,well_70548__q,well_70881__q,well_70961__q,well_70974__q,well_70975__q,well_71044__q,well_71062__q,well_71063__q,well_71109__q,well_71110__q,well_71117__q,well_71156__q,well_71199__q,well_71495__q,well_71935__q,well_71998__q,well_72082__q,well_72094__q,well_72095__q,well_72269__q,well_72301__q,well_72304__q,well_72421__q,well_72422__q,well_72436__q,well_72437__q,well_72607__q,well_72610__q,well_72713__q,well_72756__q,well_72983__q,well_73153__q,well_73262__q,well_73280__q,well_73281__q,well_73372__q,well_73440__q,well_73481__q,well_73715__q,well_73737__q,well_73761__q,well_73762__q,well_73906__q,well_73940__q,well_73942__q,well_74131__q,well_74280__q,well_798__q,well_807__q,well_84404__q,well_84409__q,well_84411__q,well_850__q,well_862__q,well_91103__q,well_91173__q,well_91808__q,well_91996__q,well_91997__q,well_92099__q,well_92184__q,well_92299__q,well_92696__q,well_92714__q,well_92724__q,well_92743__q,well_92808__q,well_92885__q,well_92981__q,well_93142__q,well_93143__q,well_93349__q,well_93422__q,well_93423__q,well_93424__q,well_93469__q,well_93832__q,well_94302__q,well_94988__q,well_95068__q
0,125.1,88.2,76.2,246.68457007851782,129.8010568052649,264.1,114.5,260.6,195.7,189.26975995798836,349.68023766338393,253.9,349.7,238.1851879324368,146.2,255.5,101.0,282.8,291.4,483.88736072603666,190.30431367772277,189.0971488152272,352.23236843150517,137.8,248.86346471555206,141.4,152.0,369.4,220.8,121.7,259.0,105.6,411.3,256.1,157.32646170943877,274.981393645103,134.39040168291254,236.5,195.7,86.0,250.1,244.6,214.1,260.77602350351964,305.2502186429537,325.0,740.3516964201667,324.2,101.5,148.4,245.33699067222562,78.4,163.6,364.8155751506726,275.8,204.9,204.50946414859874,110.6,169.3,414.4861448036853,128.5,146.01712564894822,282.6,86.9,25.8,634.2284274891583,201.74806226554287,291.7,172.08912221294744,277.85143493483713,258.7234441316888,1133.7,267.0,177.7,330.2,416.5,168.1,205.0,187.21577270667035,155.7938665551381,589.5,215.2,271.59745092894667,451.40409979079215,187.6,216.9,29.6,365.0,112.67727047427778,345.0,247.2,152.5,214.43763427641082,243.0,293.8,218.23528562101185,107.34604802493457,296.98512967323046,285.4196461709863,161.33576638725017,272.11265737836914,132.9,84.4,254.6,429.0,270.5,147.2,105.8,90.8,231.5,323.1,139.08409460478669,302.4,186.4,151.3,73.20337758553246,806.4,278.9,267.51197439690685,419.8,93.4,117.8,284.0,269.1554882397089,227.63231444505251,188.1,249.1,161.7,226.0,267.2,201.4,283.8,263.1,111.4,210.70155692130888,91.5,105.02623436540179,111.8,81.0,224.2,164.4,88.9,282.7,342.3,271.1,80.0,124.95987696823767,282.3,67.6,176.9773506780333,115.2,115.3,147.6,71.9,1.6,206.76983064081713,219.7317478645196,156.2,109.4,1.8931465748496201,122.6,300.567699923956,252.4,65.5,27.7,156.8,132.8,63.1,57.41213266949971,42.9,66.04318277141597,102.3,405.4,172.8,134.0,87.77823788089954,68.3,108.4,155.2,0.8,108.6,248.0,59.5,199.5158216883799,9.758285580535343,120.7,588.0526345667122,83.3,47.26791507908074,7.5,112.85117407432624,333.3658183671577,274.11050538523085,27.7,0.1,139.2,494.06199587645267,416.4,406.4,215.3,69.4,18.2,2.9,121.1,300.4,0.2,0.5,0.2,177.7,0.1,1.8876091068147116,0.1,0.1,0.2,0.6,1.0,9.2,577.5,237.74269980339392,13.0,517.8,1.4,170.5,3.3408432694477033,121.0,43.113423815468785,9.7,125.2001269328358,2.1,135.1,120.8,108.7,67.8,126.2,9.4,2.2,1.8,58.516657366951875,156.4,168.87440337599244,200.89208062358944,142.1172559127529,1.2,165.9,2.8,23.5,6.1,368.5,169.4,66.4,5.7,1.0,61.13584728309667,19.6,200.3,17.532213244390118,15.322322916909528,356.0,232.2,12.3,17.7,33.5,193.6,23.8,1.2,1.2,130.9,0.8,7.3,1.1,241.0,2.2,97.4,71.3,41.659712923155354,8.920174538530395,0.4190280615063544,2.7,58.6,90.0,0.6,128.0,7.6,72.9,85.1,67.33544334692799,9.4,0.3918789725641175,206.40286827602,6.9,0.1,62.0,124.9,20.8,135.6,82.6,5.0,1.973036202949007,40.956171170325995,107.2,4.6,127.8,62.8,49.4,12.6,287.7,37.7,153.1,93.0,11.6,0.1,0.6,126.5,53.4,12.1,41.7,7.332675765500376,0.6618831797580186,27.2,0.1,0.1,0.2,186.4819735385988,14.6,120.7718722400146,11.1,40.3
1,125.1,88.2,76.2,235.07572333511624,161.79190854053462,264.1,114.5,260.6,195.7,237.6336686158333,401.40609027943253,253.9,349.7,265.2442758139241,146.2,255.5,101.0,282.8,291.4,396.5495015934716,254.55320715820653,184.85322629973774,309.60284170933375,137.8,219.49846604601228,141.4,152.0,369.4,220.8,121.7,259.0,105.6,411.3,256.1,133.8322056076297,242.50116629241774,167.18597480195598,236.5,195.7,86.0,250.1,244.6,214.1,335.1604867871283,292.11120620562974,325.0,787.7947094611969,324.2,101.5,148.4,239.22223546443183,78.4,163.6,478.9172597417328,275.8,204.9,178.5373020194916,110.6,169.3,433.18842775628264,128.5,174.2933937821649,282.6,86.9,25.8,618.0542813842651,228.7356833653434,291.7,152.75227456530547,279.0373701897803,255.93003563647886,1133.7,267.0,177.7,330.2,416.5,168.1,205.0,220.097590510755,151.65625205845512,589.5,215.2,213.6305876138615,532.1839606433141,187.6,216.9,29.6,365.0,95.40385422389957,345.0,247.2,152.5,302.6930599146193,243.0,293.8,213.93257299376012,108.30940554116071,300.1507611638749,208.8117319131625,201.70308016290448,358.54549163517197,132.9,84.4,254.6,429.0,270.5,147.2,105.8,90.8,231.5,323.1,134.95440523491135,302.4,186.4,151.3,80.31484937365593,806.4,278.9,337.90883236205497,419.8,93.4,117.8,284.0,217.83074552530874,217.82447684432688,188.1,249.1,161.7,226.0,267.2,201.4,283.8,263.1,111.4,238.11526131675794,91.5,101.66726049098138,111.8,81.0,224.2,164.4,88.9,282.7,342.3,271.1,80.0,182.70258478024428,282.3,67.6,183.1320918576368,115.2,115.3,147.6,71.9,1.6,205.3898330217339,284.7846308489232,156.2,109.4,1.848244967503517,122.6,278.63177116591345,252.4,65.5,27.7,156.8,132.8,63.1,46.31447108812039,42.9,88.22406072350638,102.3,405.4,172.8,134.0,79.41459892055934,68.3,108.4,155.2,0.8,108.6,248.0,59.5,191.2723862056024,8.011350905365484,120.7,798.001544663057,83.3,40.48423771487279,7.5,100.94471114928163,312.4211324292638,318.66922580124555,27.7,0.1,139.2,405.1201288774872,416.4,406.4,215.3,69.4,18.2,2.9,121.1,300.4,0.2,0.5,0.2,177.7,0.1,1.81378743438514,0.1,0.1,0.2,0.6,1.0,9.2,577.5,236.73126500339544,13.0,517.8,1.4,170.5,2.5564346215031435,121.0,30.5491229414044,9.7,182.2963580702512,2.1,135.1,120.8,108.7,67.8,126.2,9.4,2.2,1.8,66.10528568690519,156.4,194.50291522404925,288.1768485021405,111.9483197550276,1.2,165.9,2.8,23.5,6.1,368.5,169.4,66.4,5.7,1.0,66.7819502750104,19.6,200.3,15.480267452542822,13.907437509477313,356.0,232.2,12.3,17.7,33.5,193.6,23.8,1.2,1.2,130.9,0.8,7.3,1.1,241.0,2.2,97.4,71.3,44.193878031373565,7.3062167340507695,0.46237405145790933,2.7,58.6,90.0,0.6,128.0,7.6,72.9,85.1,57.589150816489905,9.4,0.46084756401953997,151.15759300999258,6.9,0.1,62.0,124.9,20.8,135.6,82.6,5.0,2.4975900297660987,35.186113427863724,107.2,4.6,127.8,62.8,49.4,12.6,287.7,37.7,153.1,93.0,11.6,0.1,0.6,126.5,53.4,12.1,41.7,7.569465420031548,0.7069027026676448,27.2,0.1,0.1,0.2,133.02546012742937,14.6,134.57558116009335,11.1,40.3
2,125.1,88.2,76.2,225.09254586793168,164.36516965416786,264.1,114.5,260.6,195.7,211.69692504550216,426.8028019233918,253.9,349.7,267.93133229431845,146.2,255.5,101.0,282.8,291.4,433.1940432292935,198.89887753709377,131.37487590647748,369.9134312235294,137.8,262.55449510289316,141.4,152.0,369.4,220.8,121.7,259.0,105.6,411.3,256.1,188.69870692864103,275.27928725797034,159.51280847491205,236.5,195.7,86.0,250.1,244.6,214.1,311.46031351378775,264.4416379562103,325.0,850.2463254216071,324.2,101.5,148.4,241.68085071316779,78.4,163.6,381.77417715827545,275.8,204.9,211.17668920726857,110.6,169.3,392.1700330459952,128.5,121.49447877594173,282.6,86.9,25.8,509.5941524137454,213.020188459499,291.7,163.11758310865247,324.9459031848863,270.07226542307524,1133.7,267.0,177.7,330.2,416.5,168.1,205.0,160.3533060711862,109.50123609622175,589.5,215.2,201.06873553064818,474.3282787232678,187.6,216.9,29.6,365.0,99.60573502200926,345.0,247.2,152.5,306.65306006789694,243.0,293.8,222.9224610685637,91.72959973749396,355.87384271282616,237.59005187077872,202.31695746795424,339.5130277572672,132.9,84.4,254.6,429.0,270.5,147.2,105.8,90.8,231.5,323.1,136.16186235719576,302.4,186.4,151.3,104.1425712554427,806.4,278.9,333.0173840712704,419.8,93.4,117.8,284.0,281.9714585292769,250.31907572932425,188.1,249.1,161.7,226.0,267.2,201.4,283.8,263.1,111.4,229.24937960875891,91.5,100.60444951941415,111.8,81.0,224.2,164.4,88.9,282.7,342.3,271.1,80.0,132.14053548244777,282.3,67.6,207.27503904872924,115.2,115.3,147.6,71.9,1.6,212.3917973220549,209.04331375368577,156.2,109.4,2.2175980891162843,122.6,253.4497008844224,252.4,65.5,27.7,156.8,132.8,63.1,48.94490531829033,42.9,86.57885603834698,102.3,405.4,172.8,134.0,84.09805633351925,68.3,108.4,155.2,0.8,108.6,248.0,59.5,209.85591209330306,7.084356728477299,120.7,683.0480310587448,83.3,35.70747622400788,7.5,91.78634693569397,315.7027353465332,300.7086139307976,27.7,0.1,139.2,378.95345011155416,416.4,406.4,215.3,69.4,18.2,2.9,121.1,300.4,0.2,0.5,0.2,177.7,0.1,1.623415902951453,0.1,0.1,0.2,0.6,1.0,9.2,577.5,255.12689962637265,13.0,517.8,1.4,170.5,3.308014738817696,121.0,39.35238574605783,9.7,137.58098057311125,2.1,135.1,120.8,108.7,67.8,126.2,9.4,2.2,1.8,71.42058057897808,156.4,160.10928795980217,230.0304359141146,124.7043451940595,1.2,165.9,2.8,23.5,6.1,368.5,169.4,66.4,5.7,1.0,70.31863477858657,19.6,200.3,16.488841438583023,11.477752416719433,356.0,232.2,12.3,17.7,33.5,193.6,23.8,1.2,1.2,130.9,0.8,7.3,1.1,241.0,2.2,97.4,71.3,47.50121715070624,9.219862886944746,0.5969539951269174,2.7,58.6,90.0,0.6,128.0,7.6,72.9,85.1,71.77418174765995,9.4,0.4417209572921094,172.0280761455699,6.9,0.1,62.0,124.9,20.8,135.6,82.6,5.0,2.737406226812462,34.99472931996596,107.2,4.6,127.8,62.8,49.4,12.6,287.7,37.7,153.1,93.0,11.6,0.1,0.6,126.5,53.4,12.1,41.7,8.550974231818719,0.5865270838500175,27.2,0.1,0.1,0.2,147.17577332413975,14.6,136.64645389453182,11.1,40.3
3,125.1,88.2,76.2,194.76389588054616,150.596766617532,264.1,114.5,260.6,195.7,241.79627078507485,391.9772620915044,253.9,349.7,287.5307579164438,146.2,255.5,101.0,282.8,291.4,371.37613545034606,175.69319295473073,168.24102400434185,344.0345953305948,137.8,235.33693965822278,141.4,152.0,369.4,220.8,121.7,259.0,105.6,411.3,256.1,130.09642385929263,218.75650801446957,170.0772613486791,236.5,195.7,86.0,250.1,244.6,214.1,248.42893671616864,306.10202614618976,325.0,819.4250415993783,324.2,101.5,148.4,200.22039675403684,78.4,163.6,427.7373552832959,275.8,204.9,218.57332851730615,110.6,169.3,348.98613900671546,128.5,120.56189364260933,282.6,86.9,25.8,464.36941578637277,269.4940951179623,291.7,218.17224890811616,322.97359621628897,247.80387893250918,1133.7,267.0,177.7,330.2,416.5,168.1,205.0,226.52359132506035,114.96746889663622,589.5,215.2,283.22835647963365,484.98907131394026,187.6,216.9,29.6,365.0,101.63604515321578,345.0,247.2,152.5,288.1453265544524,243.0,293.8,209.53066364699737,99.96994480222813,318.33416736388654,209.66472785555206,195.9430119525353,384.638730831214,132.9,84.4,254.6,429.0,270.5,147.2,105.8,90.8,231.5,323.1,155.11964645624244,302.4,186.4,151.3,83.66450005833931,806.4,278.9,374.7940936363551,419.8,93.4,117.8,284.0,253.82138186515513,206.40697497990766,188.1,249.1,161.7,226.0,267.2,201.4,283.8,263.1,111.4,201.7449125280785,91.5,121.8493759176635,111.8,81.0,224.2,164.4,88.9,282.7,342.3,271.1,80.0,134.65187274873225,282.3,67.6,178.1948891736992,115.2,115.3,147.6,71.9,1.6,215.35139381742547,228.67701138269936,156.2,109.4,2.2204887970731173,122.6,283.4875085054111,252.4,65.5,27.7,156.8,132.8,63.1,59.67361103897527,42.9,67.47493055354185,102.3,405.4,172.8,134.0,113.25903737701952,68.3,108.4,155.2,0.8,108.6,248.0,59.5,214.5618171984376,9.12699637668935,120.7,583.7860086262162,83.3,45.02676231108962,7.5,114.40893403744845,261.11737294287946,346.3692637804279,27.7,0.1,139.2,500.5419938785452,416.4,406.4,215.3,69.4,18.2,2.9,121.1,300.4,0.2,0.5,0.2,177.7,0.1,1.4978066089009823,0.1,0.1,0.2,0.6,1.0,9.2,577.5,263.47570245050144,13.0,517.8,1.4,170.5,2.574903402470044,121.0,41.394193560817,9.7,151.28000495076247,2.1,135.1,120.8,108.7,67.8,126.2,9.4,2.2,1.8,55.087145113601736,156.4,204.54579012572697,221.99262430389726,145.51151427257403,1.2,165.9,2.8,23.5,6.1,368.5,169.4,66.4,5.7,1.0,54.24008263861172,19.6,200.3,12.709439697170687,11.663272095386194,356.0,232.2,12.3,17.7,33.5,193.6,23.8,1.2,1.2,130.9,0.8,7.3,1.1,241.0,2.2,97.4,71.3,51.25869918838105,6.563204531442111,0.48062218104437576,2.7,58.6,90.0,0.6,128.0,7.6,72.9,85.1,74.20460614311224,9.4,0.3690015085108893,195.56906076244746,6.9,0.1,62.0,124.9,20.8,135.6,82.6,5.0,2.7287469950916736,39.82780696096561,107.2,4.6,127.8,62.8,49.4,12.6,287.7,37.7,153.1,93.0,11.6,0.1,0.6,126.5,53.4,12.1,41.7,10.093230965658405,0.5053201748871647,27.2,0.1,0.1,0.2,140.86661029762226,14.6,145.37416389436305,11.1,40.3
4,125.1,88.2,76.2,267.2786893941368,168.21884711001303,264.1,114.5,260.6,195.7,187.86052854702595,438.4211519077045,253.9,349.7,294.30534180617644,146.2,255.5,101.0,282.8,291.4,436.2331901167892,207.1920650782953,173.88797968234513,364.88303153924306,137.8,212.2729072069952,141.4,152.0,369.4,220.8,121.7,259.0,105.6,411.3,256.1,176.68814561207373,210.7368087793754,178.99801191677614,236.5,195.7,86.0,250.1,244.6,214.1,242.726269241488,246.98920968352314,325.0,818.594097223698,324.2,101.5,148.4,264.4126092762949,78.4,163.6,515.8728772443317,275.8,204.9,193.16698018411194,110.6,169.3,326.5446259232454,128.5,133.3562493445223,282.6,86.9,25.8,558.4170790002222,271.52716400279996,291.7,154.90379611538552,335.3636834940934,277.15733420458787,1133.7,267.0,177.7,330.2,416.5,168.1,205.0,184.79387687521066,140.61469671380954,589.5,215.2,235.25180256544368,449.8428152473123,187.6,216.9,29.6,365.0,124.0847921918218,345.0,247.2,152.5,282.9220809270415,243.0,293.8,220.9958025416583,109.74970063521033,408.89420314306074,242.43995920193015,178.7256464604969,349.1998440700469,132.9,84.4,254.6,429.0,270.5,147.2,105.8,90.8,231.5,323.1,136.1403093927068,302.4,186.4,151.3,75.91044168150628,806.4,278.9,276.2727915254985,419.8,93.4,117.8,284.0,292.7109394988526,306.53492444318726,188.1,249.1,161.7,226.0,267.2,201.4,283.8,263.1,111.4,168.53536864313452,91.5,137.9283010343786,111.8,81.0,224.2,164.4,88.9,282.7,342.3,271.1,80.0,170.73134660795915,282.3,67.6,205.10693870354152,115.2,115.3,147.6,71.9,1.6,225.6817447024531,220.2883958300296,156.2,109.4,1.9885976352815118,122.6,248.29091838528484,252.4,65.5,27.7,156.8,132.8,63.1,58.825965467366885,42.9,82.1049941790212,102.3,405.4,172.8,134.0,79.01760161714697,68.3,108.4,155.2,0.8,108.6,248.0,59.5,203.85544079880717,7.460703773572487,120.7,739.2984525702312,83.3,43.00844928650186,7.5,113.59827462214837,286.2227596867532,237.92798856420723,27.7,0.1,139.2,487.5013415305905,416.4,406.4,215.3,69.4,18.2,2.9,121.1,300.4,0.2,0.5,0.2,177.7,0.1,1.8440541319165065,0.1,0.1,0.2,0.6,1.0,9.2,577.5,196.359011924951,13.0,517.8,1.4,170.5,3.0607204374239565,121.0,35.249903242655094,9.7,126.61220991561258,2.1,135.1,120.8,108.7,67.8,126.2,9.4,2.2,1.8,73.36178930280106,156.4,210.3800426769978,226.72540505290766,121.319244425323,1.2,165.9,2.8,23.5,6.1,368.5,169.4,66.4,5.7,1.0,70.49500501220132,19.6,200.3,15.761200557603484,10.85780681451499,356.0,232.2,12.3,17.7,33.5,193.6,23.8,1.2,1.2,130.9,0.8,7.3,1.1,241.0,2.2,97.4,71.3,44.045974177669635,7.532610455062363,0.5837103348315177,2.7,58.6,90.0,0.6,128.0,7.6,72.9,85.1,76.01701623654141,9.4,0.42548273809366055,199.3044547503622,6.9,0.1,62.0,124.9,20.8,135.6,82.6,5.0,2.61997990416242,42.06480666756458,107.2,4.6,127.8,62.8,49.4,12.6,287.7,37.7,153.1,93.0,11.6,0.1,0.6,126.5,53.4,12.1,41.7,8.311357334328116,0.5740977292511187,27.2,0.1,0.1,0.2,178.20019635568377,14.6,173.4919532905773,11.1,40.3
5,125.1,88.2,76.2,262.1585995484767,125.5942097628521,264.1,114.5,260.6,195.7,240.98543879606794,342.2920304678302,253.9,349.7,257.26724586585334,146.2,255.5,101.0,282.8,291.4,329.86231420314436,230.53535513406524,187.4502553795137,355.67159263731196,137.8,214.86224319843043,141.4,152.0,369.4,220.8,121.7,259.0,105.6,411.3,256.1,146.13561134791993,274.62332982499527,184.32679298969524,236.5,195.7,86.0,250.1,244.6,214.1,304.7068694554341,314.060952774041,325.0,882.9386921461438,324.2,101.5,148.4,259.4778492517085,78.4,163.6,489.97134272366475,275.8,204.9,210.14775786224357,110.6,169.3,333.4868205749943,128.5,150.89151302203393,282.6,86.9,25.8,642.2881283488683,289.90773120052194,291.7,213.54995311381697,275.2987857014314,204.46276247155816,1133.7,267.0,177.7,330.2,416.5,168.1,205.0,194.87559643158676,124.60234806901171,589.5,215.2,264.03304533824337,460.7832200619309,187.6,216.9,29.6,365.0,120.98632287417568,345.0,247.2,152.5,265.60232089660025,243.0,293.8,195.69983774978834,96.96023926414912,319.0408436532352,210.28186711372751,203.89711497890502,374.04750041580667,132.9,84.4,254.6,429.0,270.5,147.2,105.8,90.8,231.5,323.1,153.70552674537308,302.4,186.4,151.3,74.43460430691698,806.4,278.9,294.71528197924823,419.8,93.4,117.8,284.0,253.89189978132214,269.07663788280485,188.1,249.1,161.7,226.0,267.2,201.4,283.8,263.1,111.4,244.3043130479155,91.5,133.65136175932534,111.8,81.0,224.2,164.4,88.9,282.7,342.3,271.1,80.0,136.86821804009287,282.3,67.6,157.5835204591237,115.2,115.3,147.6,71.9,1.6,240.1340043131525,285.5580944211051,156.2,109.4,2.39070050383661,122.6,227.28041867154283,252.4,65.5,27.7,156.8,132.8,63.1,49.60125365451805,42.9,93.39458008079305,102.3,405.4,172.8,134.0,110.9453369059342,68.3,108.4,155.2,0.8,108.6,248.0,59.5,232.26257848541593,8.716746408980164,120.7,681.0641714891564,83.3,44.87304486105159,7.5,118.91711635740943,311.2274081382913,308.51570785698016,27.7,0.1,139.2,466.7952851902253,416.4,406.4,215.3,69.4,18.2,2.9,121.1,300.4,0.2,0.5,0.2,177.7,0.1,1.3357060796923692,0.1,0.1,0.2,0.6,1.0,9.2,577.5,237.89846512998446,13.0,517.8,1.4,170.5,3.454108150118005,121.0,39.77735381080471,9.7,132.02722153225045,2.1,135.1,120.8,108.7,67.8,126.2,9.4,2.2,1.8,66.93861206811353,156.4,179.6965686051707,251.07893388844292,107.26289331877629,1.2,165.9,2.8,23.5,6.1,368.5,169.4,66.4,5.7,1.0,59.44167654002135,19.6,200.3,13.840887846715866,13.944180538298053,356.0,232.2,12.3,17.7,33.5,193.6,23.8,1.2,1.2,130.9,0.8,7.3,1.1,241.0,2.2,97.4,71.3,50.595799745095604,8.819338796740759,0.49025115799883817,2.7,58.6,90.0,0.6,128.0,7.6,72.9,85.1,70.35604490908267,9.4,0.38051067410860184,159.69228457032196,6.9,0.1,62.0,124.9,20.8,135.6,82.6,5.0,2.008606277592734,38.14515392506674,107.2,4.6,127.8,62.8,49.4,12.6,287.7,37.7,153.1,93.0,11.6,0.1,0.6,126.5,53.4,12.1,41.7,9.482413834266847,0.5474874880191729,27.2,0.1,0.1,0.2,157.05860345430088,14.6,151.30741695995692,11.1,40.3
6,125.1,88.2,76.2,250.918168094305,146.26842359801117,264.1,114.5,260.6,195.7,229.94402765550632,424.50607153366593,253.9,349.7,284.4604427606724,146.2,255.5,101.0,282.8,291.4,413.0019394717615,173.59581557171998,179.00136493871682,269.4862494348984,137.8,292.5219157449175,141.4,152.0,369.4,220.8,121.7,259.0,105.6,411.3,256.1,163.02460147046293,225.03262432198676,164.87819595531613,236.5,195.7,86.0,250.1,244.6,214.1,246.09334380642886,313.2200323217341,325.0,759.875002986513,324.2,101.5,148.4,236.6352791513634,78.4,163.6,365.24867728838836,275.8,204.9,183.37185649435077,110.6,169.3,375.84744122582674,128.5,134.71447080562663,282.6,86.9,25.8,664.3397162588716,197.17501080893936,291.7,200.1364882875366,257.0454052969419,280.7260717110174,1133.7,267.0,177.7,330.2,416.5,168.1,205.0,236.15246387553339,149.75661714248506,589.5,215.2,227.39982424907365,537.6819113174532,187.6,216.9,29.6,365.0,112.70367819472887,345.0,247.2,152.5,228.88334196275193,243.0,293.8,174.35240935834292,90.68895125744835,318.12591723243224,264.5224255931555,147.51344289852247,368.77215405686565,132.9,84.4,254.6,429.0,270.5,147.2,105.8,90.8,231.5,323.1,159.05531280388067,302.4,186.4,151.3,75.67811281144937,806.4,278.9,267.2763879835175,419.8,93.4,117.8,284.0,252.00644234655317,281.0529786728116,188.1,249.1,161.7,226.0,267.2,201.4,283.8,263.1,111.4,238.15583930042692,91.5,142.48687638611176,111.8,81.0,224.2,164.4,88.9,282.7,342.3,271.1,80.0,167.43704002132236,282.3,67.6,203.3001731373849,115.2,115.3,147.6,71.9,1.6,239.29784482307124,270.5691620762789,156.2,109.4,2.4239983448018307,122.6,244.69619715034753,252.4,65.5,27.7,156.8,132.8,63.1,59.4190091296767,42.9,90.0234042991395,102.3,405.4,172.8,134.0,77.8236174721586,68.3,108.4,155.2,0.8,108.6,248.0,59.5,229.76402359771782,7.838380959673312,120.7,623.9880769351732,83.3,45.223728112660886,7.5,115.5226969489856,307.41215409039467,326.42376606303344,27.7,0.1,139.2,478.4473244698747,416.4,406.4,215.3,69.4,18.2,2.9,121.1,300.4,0.2,0.5,0.2,177.7,0.1,1.9137046824910744,0.1,0.1,0.2,0.6,1.0,9.2,577.5,210.585767079887,13.0,517.8,1.4,170.5,2.8656304296097472,121.0,38.65282955805101,9.7,164.09666823579863,2.1,135.1,120.8,108.7,67.8,126.2,9.4,2.2,1.8,53.576270389369846,156.4,164.5396910082355,233.6286325461649,115.47505822405655,1.2,165.9,2.8,23.5,6.1,368.5,169.4,66.4,5.7,1.0,62.716008837126296,19.6,200.3,14.41393348474758,15.471600631358491,356.0,232.2,12.3,17.7,33.5,193.6,23.8,1.2,1.2,130.9,0.8,7.3,1.1,241.0,2.2,97.4,71.3,48.279783928257885,9.727586390167598,0.47393943803891847,2.7,58.6,90.0,0.6,128.0,7.6,72.9,85.1,67.9769687339786,9.4,0.35669221271570395,141.33540823878664,6.9,0.1,62.0,124.9,20.8,135.6,82.6,5.0,2.4835240090677466,37.32646405428201,107.2,4.6,127.8,62.8,49.4,12.6,287.7,37.7,153.1,93.0,11.6,0.1,0.6,126.5,53.4,12.1,41.7,7.5665102093772685,0.644430916961602,27.2,0.1,0.1,0.2,181.60139350740175,14.6,148.0946933238154,11.1,40.3
7,125.1,88.2,76.2,240.0541960003121,179.23948650795592,264.1,114.5,260.6,195.7,216.62130738361935,402.632099986599,253.9,349.7,228.12739604767364,146.2,255.5,101.0,282.8,291.4,377.32917262243086,195.59593230978368,157.66002017390184,290.9215780278827,137.8,277.70185780221243,141.4,152.0,369.4,220.8,121.7,259.0,105.6,411.3,256.1,164.10516361150542,234.54415488611866,193.3757345942584,236.5,195.7,86.0,250.1,244.6,214.1,329.59154870706936,248.61769595353746,325.0,657.6771508999599,324.2,101.5,148.4,249.73800447919552,78.4,163.6,371.44622421473775,275.8,204.9,214.28992757961217,110.6,169.3,353.5500005006302,128.5,173.74279115450844,282.6,86.9,25.8,674.3130256099129,211.99420860121572,291.7,194.64526448208596,303.72427918023925,221.84779588423027,1133.7,267.0,177.7,330.2,416.5,168.1,205.0,228.374135439159,134.35575439685994,589.5,215.2,193.49396510136881,517.1277532292399,187.6,216.9,29.6,365.0,115.403934849836,345.0,247.2,152.5,312.9975421621865,243.0,293.8,210.14245950731544,89.19800122051869,313.11313393099937,275.14412885090803,183.3974827082977,361.94515617530055,132.9,84.4,254.6,429.0,270.5,147.2,105.8,90.8,231.5,323.1,156.21102844349548,302.4,186.4,151.3,104.56691087643415,806.4,278.9,320.82673173182627,419.8,93.4,117.8,284.0,204.69941633209996,254.34499887079753,188.1,249.1,161.7,226.0,267.2,201.4,283.8,263.1,111.4,179.20380837117054,91.5,118.79099130822283,111.8,81.0,224.2,164.4,88.9,282.7,342.3,271.1,80.0,141.7082395921314,282.3,67.6,159.56313309222057,115.2,115.3,147.6,71.9,1.6,250.66648729032426,240.53176301375697,156.2,109.4,2.190655085325097,122.6,229.75675336293423,252.4,65.5,27.7,156.8,132.8,63.1,57.74665141820175,42.9,88.41351668980742,102.3,405.4,172.8,134.0,102.95731960955553,68.3,108.4,155.2,0.8,108.6,248.0,59.5,216.13207950972335,9.418075758039983,120.7,719.8116143747092,83.3,50.86982208183963,7.5,92.6254398649096,311.99649801714327,281.3435503766359,27.7,0.1,139.2,471.54190539471955,416.4,406.4,215.3,69.4,18.2,2.9,121.1,300.4,0.2,0.5,0.2,177.7,0.1,1.348344898917004,0.1,0.1,0.2,0.6,1.0,9.2,577.5,224.567468030582,13.0,517.8,1.4,170.5,3.1752586113978163,121.0,44.79144658440247,9.7,153.56647164461253,2.1,135.1,120.8,108.7,67.8,126.2,9.4,2.2,1.8,51.31856938460057,156.4,229.5119974875054,222.43276688854223,109.53578580831504,1.2,165.9,2.8,23.5,6.1,368.5,169.4,66.4,5.7,1.0,63.07301849978271,19.6,200.3,16.604153482044815,15.297631899894258,356.0,232.2,12.3,17.7,33.5,193.6,23.8,1.2,1.2,130.9,0.8,7.3,1.1,241.0,2.2,97.4,71.3,43.177464603376585,9.511502064153277,0.5599021890447048,2.7,58.6,90.0,0.6,128.0,7.6,72.9,85.1,60.476484640740935,9.4,0.3251232793905984,173.70195434492484,6.9,0.1,62.0,124.9,20.8,135.6,82.6,5.0,2.7789645959283846,38.43515271853116,107.2,4.6,127.8,62.8,49.4,12.6,287.7,37.7,153.1,93.0,11.6,0.1,0.6,126.5,53.4,12.1,41.7,9.55676604349157,0.6976861825233125,27.2,0.1,0.1,0.2,187.33919425316077,14.6,147.88086651694903,11.1,40.3
8,125.1,88.2,76.2,191.97764736918754,157.8216019934137,264.1,114.5,260.6,195.7,181.52501729420712,384.3304996072334,253.9,349.7,307.1416198843965,146.2,255.5,101.0,282.8,291.4,480.38440302399744,178.75052043809617,158.43215481685488,328.9787063250118,137.8,240.7644953725162,141.4,152.0,369.4,220.8,121.7,259.0,105.6,411.3,256.1,160.51956175811566,242.05690463859648,164.43216906163394,236.5,195.7,86.0,250.1,244.6,214.1,328.6051332337834,301.3293061814545,325.0,657.0610613098578,324.2,101.5,148.4,213.82539753064756,78.4,163.6,527.3337980910806,275.8,204.9,256.63218465663687,110.6,169.3,344.07843259691884,128.5,150.1915668230941,282.6,86.9,25.8,507.5736730313449,206.20025945169888,291.7,205.8241986295129,236.10004654137597,238.9665131672202,1133.7,267.0,177.7,330.2,416.5,168.1,205.0,225.6768056587378,128.08845686715665,589.5,215.2,278.5844903910305,409.10008676219513,187.6,216.9,29.6,365.0,118.70847540485008,345.0,247.2,152.5,265.2001747944078,243.0,293.8,175.78668354452327,88.3474894812546,400.41415905592623,199.430253702783,206.20061813234136,320.1835164836098,132.9,84.4,254.6,429.0,270.5,147.2,105.8,90.8,231.5,323.1,129.08870216279178,302.4,186.4,151.3,98.52427773714426,806.4,278.9,376.06984551590983,419.8,93.4,117.8,284.0,234.196071418821,271.2191103433362,188.1,249.1,161.7,226.0,267.2,201.4,283.8,263.1,111.4,169.51107593993163,91.5,108.68901114586873,111.8,81.0,224.2,164.4,88.9,282.7,342.3,271.1,80.0,132.84762993463622,282.3,67.6,191.59521560126714,115.2,115.3,147.6,71.9,1.6,208.5584909097225,308.17277935192067,156.2,109.4,1.7419982756075585,122.6,320.4511334894978,252.4,65.5,27.7,156.8,132.8,63.1,45.40300121799369,42.9,73.92558230077896,102.3,405.4,172.8,134.0,89.60767157313816,68.3,108.4,155.2,0.8,108.6,248.0,59.5,165.34064359805993,9.758472064738863,120.7,580.9697623258074,83.3,40.08327836492096,7.5,126.47207815930037,319.3520498965539,276.333028027535,27.7,0.1,139.2,447.4692418981484,416.4,406.4,215.3,69.4,18.2,2.9,121.1,300.4,0.2,0.5,0.2,177.7,0.1,1.495806959044899,0.1,0.1,0.2,0.6,1.0,9.2,577.5,198.64197695991106,13.0,517.8,1.4,170.5,2.6937993531173943,121.0,40.669642754441725,9.7,158.93501265379436,2.1,135.1,120.8,108.7,67.8,126.2,9.4,2.2,1.8,60.03045931497039,156.4,198.4692456448169,267.5705306764253,127.84984458989389,1.2,165.9,2.8,23.5,6.1,368.5,169.4,66.4,5.7,1.0,59.53397609557483,19.6,200.3,15.977896949356282,14.692386565170134,356.0,232.2,12.3,17.7,33.5,193.6,23.8,1.2,1.2,130.9,0.8,7.3,1.1,241.0,2.2,97.4,71.3,45.22330823420435,6.853587078243731,0.5303496161384067,2.7,58.6,90.0,0.6,128.0,7.6,72.9,85.1,72.37125573190008,9.4,0.34379278449465694,146.85593901423263,6.9,0.1,62.0,124.9,20.8,135.6,82.6,5.0,2.092805549724006,45.49326343145485,107.2,4.6,127.8,62.8,49.4,12.6,287.7,37.7,153.1,93.0,11.6,0.1,0.6,126.5,53.4,12.1,41.7,6.863749065284052,0.5877193873187508,27.2,0.1,0.1,0.2,152.43001497320023,14.6,123.4675049780632,11.1,40.3
9,125.1,88.2,76.2,240.75706640422942,121.8738839015362,264.1,114.5,260.6,195.7,204.46216090493093,452.16495720124533,253.9,349.7,277.1872949033063,146.2,255.5,101.0,282.8,291.4,481.5835551145889,192.6544336459099,175.22657414944928,333.4804777629693,137.8,281.39020498040196,141.4,152.0,369.4,220.8,121.7,259.0,105.6,411.3,256.1,131.16790302787203,258.59541910456835,196.03531918501986,236.5,195.7,86.0,250.1,244.6,214.1,287.5957821622551,341.99032025784646,325.0,727.7834706826027,324.2,101.5,148.4,199.0927880364101,78.4,163.6,528.4244368898964,275.8,204.9,181.52516036034473,110.6,169.3,359.19643998517466,128.5,129.96543275327704,282.6,86.9,25.8,458.93995114840936,246.3891187010553,291.7,187.14014283493864,274.35771605705025,277.1328948551777,1133.7,267.0,177.7,330.2,416.5,168.1,205.0,218.74581929693275,124.6812180307608,589.5,215.2,283.47340536459615,462.352221730188,187.6,216.9,29.6,365.0,134.96491202054384,345.0,247.2,152.5,248.74597938794062,243.0,293.8,235.5085996900298,99.64500880513322,397.3341241689732,247.12993563010878,154.14973312050304,301.4751915894253,132.9,84.4,254.6,429.0,270.5,147.2,105.8,90.8,231.5,323.1,147.38395131019615,302.4,186.4,151.3,82.78855648774766,806.4,278.9,376.39340844070966,419.8,93.4,117.8,284.0,249.52444925745422,230.4933796899391,188.1,249.1,161.7,226.0,267.2,201.4,283.8,263.1,111.4,245.13721025573054,91.5,124.43749673997374,111.8,81.0,224.2,164.4,88.9,282.7,342.3,271.1,80.0,154.51949838425605,282.3,67.6,214.30883402300356,115.2,115.3,147.6,71.9,1.6,291.7121195698783,239.6472900180642,156.2,109.4,2.3912789436103807,122.6,219.19363173692824,252.4,65.5,27.7,156.8,132.8,63.1,51.31477453410892,42.9,87.14598011605078,102.3,405.4,172.8,134.0,82.33493736200506,68.3,108.4,155.2,0.8,108.6,248.0,59.5,171.2340618599869,8.675832071272591,120.7,668.571866589716,83.3,36.5829711557151,7.5,130.6618458904459,328.5774103243435,354.08556062811266,27.7,0.1,139.2,495.13112357181063,416.4,406.4,215.3,69.4,18.2,2.9,121.1,300.4,0.2,0.5,0.2,177.7,0.1,1.3791368325861117,0.1,0.1,0.2,0.6,1.0,9.2,577.5,250.07096796853176,13.0,517.8,1.4,170.5,3.256094350115566,121.0,36.80471803195185,9.7,144.86506355539657,2.1,135.1,120.8,108.7,67.8,126.2,9.4,2.2,1.8,71.9679766782275,156.4,218.98991923181137,256.6056841401108,147.17619342982752,1.2,165.9,2.8,23.5,6.1,368.5,169.4,66.4,5.7,1.0,63.57131168326798,19.6,200.3,13.446995554629629,13.10051060175942,356.0,232.2,12.3,17.7,33.5,193.6,23.8,1.2,1.2,130.9,0.8,7.3,1.1,241.0,2.2,97.4,71.3,46.487916170193934,8.468256701807839,0.4718111153096133,2.7,58.6,90.0,0.6,128.0,7.6,72.9,85.1,54.23969502312995,9.4,0.3786064507712051,209.3057430020339,6.9,0.1,62.0,124.9,20.8,135.6,82.6,5.0,2.1544817533602436,33.15734650413479,107.2,4.6,127.8,62.8,49.4,12.6,287.7,37.7,153.1,93.0,11.6,0.1,0.6,126.5,53.4,12.1,41.7,9.980449329929659,0.6101625998813104,27.2,0.1,0.1,0.2,181.89346178967753,14.6,133.38720610348537,11.1,40.3
10,125.1,88.2,76.2,260.6565468948918,140.44427984648186,264.1,114.5,260.6,195.7,223.8050422709375,318.0969943516593,253.9,349.7,296.42487175615963,146.2,255.5,101.0,282.8,291.4,438.5199782006724,248.8507456659238,188.09353211598966,297.4209213447557,137.8,280.94211888285525,141.4,152.0,369.4,220.8,121.7,259.0,105.6,411.3,256.1,130.0365370850334,235.7170207443681,193.05134540791497,236.5,195.7,86.0,250.1,244.6,214.1,238.6351956451744,322.28756220021285,325.0,737.9479205563845,324.2,101.5,148.4,205.6578992458852,78.4,163.6,392.65064754259663,275.8,204.9,257.71279250845873,110.6,169.3,388.30329245537035,128.5,140.96480810740542,282.6,86.9,25.8,675.7636124818848,248.82748248677575,291.7,205.29892433594227,261.15675793273937,228.64360954957522,1133.7,267.0,177.7,330.2,416.5,168.1,205.0,236.97664469535195,108.73875997286052,589.5,215.2,219.50519463217123,530.5746986372661,187.6,216.9,29.6,365.0,134.60295172166087,345.0,247.2,152.5,235.6405115483116,243.0,293.8,240.5621477927541,92.02062166642453,391.0424654978848,226.50296815635883,158.3305929777157,345.90127192306136,132.9,84.4,254.6,429.0,270.5,147.2,105.8,90.8,231.5,323.1,125.32384843013618,302.4,186.4,151.3,92.84442916727232,806.4,278.9,383.27340008893776,419.8,93.4,117.8,284.0,226.49202824136356,222.53638597467977,188.1,249.1,161.7,226.0,267.2,201.4,283.8,263.1,111.4,181.95474142533442,91.5,121.9621033501514,111.8,81.0,224.2,164.4,88.9,282.7,342.3,271.1,80.0,186.64143248433015,282.3,67.6,195.4486623031787,115.2,115.3,147.6,71.9,1.6,244.5008289081887,263.4438662783958,156.2,109.4,2.3043364977123955,122.6,276.4448590617291,252.4,65.5,27.7,156.8,132.8,63.1,43.292454807655716,42.9,77.33719738110571,102.3,405.4,172.8,134.0,90.96414715804923,68.3,108.4,155.2,0.8,108.6,248.0,59.5,202.1309927727626,7.846525711880841,120.7,825.0435830781888,83.3,43.35567665782709,7.5,106.258538823675,297.4594869456782,287.6224343828795,27.7,0.1,139.2,405.75114772377276,416.4,406.4,215.3,69.4,18.2,2.9,121.1,300.4,0.2,0.5,0.2,177.7,0.1,1.7308602511743756,0.1,0.1,0.2,0.6,1.0,9.2,577.5,214.71320246106725,13.0,517.8,1.4,170.5,2.9210834427094157,121.0,32.54160840840423,9.7,164.68556815503703,2.1,135.1,120.8,108.7,67.8,126.2,9.4,2.2,1.8,52.167373436429024,156.4,179.04840834153674,219.17626703083374,105.02412205634718,1.2,165.9,2.8,23.5,6.1,368.5,169.4,66.4,5.7,1.0,53.80819702826889,19.6,200.3,15.82659151422214,11.799528295519526,356.0,232.2,12.3,17.7,33.5,193.6,23.8,1.2,1.2,130.9,0.8,7.3,1.1,241.0,2.2,97.4,71.3,42.78851855900551,9.759642945421135,0.5938352797288337,2.7,58.6,90.0,0.6,128.0,7.6,72.9,85.1,62.03786132112677,9.4,0.3607907634454307,144.21382365055112,6.9,0.1,62.0,124.9,20.8,135.6,82.6,5.0,2.7340057160602598,39.39381785753562,107.2,4.6,127.8,62.8,49.4,12.6,287.7,37.7,153.1,93.0,11.6,0.1,0.6,126.5,53.4,12.1,41.7,8.728863321131406,0.5601803144617713,27.2,0.1,0.1,0.2,188.48871427673188,14.6,167.18822945148133,11.1,40.3
11,125.1,88.2,76.2,195.0016522870661,170.77273165189348,264.1,114.5,260.6,195.7,197.5319916178397,409.71177189990254,253.9,349.7,292.17234485162396,146.2,255.5,101.0,282.8,291.4,466.30213165184443,242.01870299203586,177.3150738993661,360.21009873516107,137.8,272.60976125909525,141.4,152.0,369.4,220.8,121.7,259.0,105.6,411.3,256.1,179.73841248850056,252.60218665497388,148.60663660913073,236.5,195.7,86.0,250.1,244.6,214.1,308.41862717157363,266.71992317755405,325.0,785.2414445852718,324.2,101.5,148.4,231.5768756000411,78.4,163.6,496.45756306348875,275.8,204.9,212.01720509400076,110.6,169.3,292.76128739450655,128.5,134.3138294901608,282.6,86.9,25.8,529.1097430972447,265.3134199932573,291.7,198.13904950316945,346.7267333890525,282.5669172405804,1133.7,267.0,177.7,330.2,416.5,168.1,205.0,225.40314185489632,142.53717459423586,589.5,215.2,278.7707617869452,382.2346579624654,187.6,216.9,29.6,365.0,121.31523717416205,345.0,247.2,152.5,309.66548326796413,243.0,293.8,182.50104436483682,77.31069104891026,312.3204849647949,223.5621984345965,201.84811720131307,279.5099185080605,132.9,84.4,254.6,429.0,270.5,147.2,105.8,90.8,231.5,323.1,134.08394804471558,302.4,186.4,151.3,76.00481657849345,806.4,278.9,301.39220809208865,419.8,93.4,117.8,284.0,273.02484533703546,227.0560402228433,188.1,249.1,161.7,226.0,267.2,201.4,283.8,263.1,111.4,236.936946647164,91.5,132.1938056904049,111.8,81.0,224.2,164.4,88.9,282.7,342.3,271.1,80.0,142.2152807492411,282.3,67.6,172.3820616678814,115.2,115.3,147.6,71.9,1.6,215.05454545322934,297.1436103487492,156.2,109.4,1.9461817866218118,122.6,324.87064944952476,252.4,65.5,27.7,156.8,132.8,63.1,42.96546411270785,42.9,74.5894561559319,102.3,405.4,172.8,134.0,107.33133370399065,68.3,108.4,155.2,0.8,108.6,248.0,59.5,232.73936307194072,9.157119807198479,120.7,800.9871544874579,83.3,42.88950490723881,7.5,130.76844275224758,305.7436676062661,324.244639541929,27.7,0.1,139.2,436.7696249338122,416.4,406.4,215.3,69.4,18.2,2.9,121.1,300.4,0.2,0.5,0.2,177.7,0.1,1.6562493530639726,0.1,0.1,0.2,0.6,1.0,9.2,577.5,252.3432950406396,13.0,517.8,1.4,170.5,2.569041913468884,121.0,38.589380193491266,9.7,128.27426926567006,2.1,135.1,120.8,108.7,67.8,126.2,9.4,2.2,1.8,50.384671441663365,156.4,171.8430448498936,279.0310433939314,118.29610633344346,1.2,165.9,2.8,23.5,6.1,368.5,169.4,66.4,5.7,1.0,60.63525827787831,19.6,200.3,12.488483852024409,14.833316177144852,356.0,232.2,12.3,17.7,33.5,193.6,23.8,1.2,1.2,130.9,0.8,7.3,1.1,241.0,2.2,97.4,71.3,55.28196468794785,9.657829417390412,0.4421147489325924,2.7,58.6,90.0,0.6,128.0,7.6,72.9,85.1,64.87634735773257,9.4,0.34564929570497827,200.9571995253397,6.9,0.1,62.0,124.9,20.8,135.6,82.6,5.0,2.315683262659207,42.809162136254066,107.2,4.6,127.8,62.8,49.4,12.6,287.7,37.7,153.1,93.0,11.6,0.1,0.6,126.5,53.4,12.1,41.7,8.748820027368131,0.6190140088539664,27.2,0.1,0.1,0.2,143.65364727775886,14.6,159.85911961721732,11.1,40.3
12,125.1,88.2,76.2,190.37072097457434,140.48707514457024,264.1,114.5,260.6,195.7,194.14421569078897,423.21602662663463,253.9,349.7,255.14269416998962,146.2,255.5,101.0,282.8,291.4,335.1694592082166,243.3802096407078,165.3805761424347,270.05406811147054,137.8,278.60936380033104,141.4,152.0,369.4,220.8,121.7,259.0,105.6,411.3,256.1,154.29685700778452,255.48507924741153,166.3714831482874,236.5,195.7,86.0,250.1,244.6,214.1,288.32728777794676,304.6316646308221,325.0,721.4686605885928,324.2,101.5,148.4,205.38271136746508,78.4,163.6,470.17234347772285,275.8,204.9,222.53361782174156,110.6,169.3,305.44456870998994,128.5,174.87022974910371,282.6,86.9,25.8,622.3302309928981,261.008530253626,291.7,169.88493718272954,260.8442275094333,289.33510736835416,1133.7,267.0,177.7,330.2,416.5,168.1,205.0,160.29199159436098,113.1988360152643,589.5,215.2,268.6580925093214,428.0519498250063,187.6,216.9,29.6,365.0,124.31260536715934,345.0,247.2,152.5,293.91125083815734,243.0,293.8,239.65651062080065,105.30197210303655,418.77137627180025,260.434068959246,186.96517166800612,377.67721035256056,132.9,84.4,254.6,429.0,270.5,147.2,105.8,90.8,231.5,323.1,135.28908698185768,302.4,186.4,151.3,99.02300547861626,806.4,278.9,305.36408385643074,419.8,93.4,117.8,284.0,231.41132695678562,269.3961040376156,188.1,249.1,161.7,226.0,267.2,201.4,283.8,263.1,111.4,197.5196612693602,91.5,134.8360167496129,111.8,81.0,224.2,164.4,88.9,282.7,342.3,271.1,80.0,165.8872804572635,282.3,67.6,148.1827202534178,115.2,115.3,147.6,71.9,1.6,282.54805401910346,263.494733869944,156.2,109.4,2.0168206548700955,122.6,288.4302490995805,252.4,65.5,27.7,156.8,132.8,63.1,48.586256464442705,42.9,88.17334180570025,102.3,405.4,172.8,134.0,111.34301019513522,68.3,108.4,155.2,0.8,108.6,248.0,59.5,211.49784049906,9.740331233312752,120.7,745.4843772580623,83.3,48.475066049462214,7.5,108.45741182999619,312.4307284506217,328.16480230139996,27.7,0.1,139.2,376.9269289889926,416.4,406.4,215.3,69.4,18.2,2.9,121.1,300.4,0.2,0.5,0.2,177.7,0.1,1.898028337556875,0.1,0.1,0.2,0.6,1.0,9.2,577.5,224.35004101196094,13.0,517.8,1.4,170.5,3.4115819462672365,121.0,34.32488244185822,9.7,152.31286321534714,2.1,135.1,120.8,108.7,67.8,126.2,9.4,2.2,1.8,56.958061923588794,156.4,209.67639780559773,222.70127642691176,143.39839816271058,1.2,165.9,2.8,23.5,6.1,368.5,169.4,66.4,5.7,1.0,65.12568882428276,19.6,200.3,13.124632931270495,14.509627308278496,356.0,232.2,12.3,17.7,33.5,193.6,23.8,1.2,1.2,130.9,0.8,7.3,1.1,241.0,2.2,97.4,71.3,45.75061926290817,9.576473321256938,0.519061002482351,2.7,58.6,90.0,0.6,128.0,7.6,72.9,85.1,68.73791120406388,9.4,0.40907054208810656,183.77414857784868,6.9,0.1,62.0,124.9,20.8,135.6,82.6,5.0,2.199967266512925,44.93966592121239,107.2,4.6,127.8,62.8,49.4,12.6,287.7,37.7,153.1,93.0,11.6,0.1,0.6,126.5,53.4,12.1,41.7,7.6484685773793215,0.5858484802274815,27.2,0.1,0.1,0.2,134.57775088144058,14.6,130.48550317036037,11.1,40.3
13,125.1,88.2,76.2,203.3050231406246,134.02565529478665,264.1,114.5,260.6,195.7,224.20956598593534,431.876631350084,253.9,349.7,246.84574172629138,146.2,255.5,101.0,282.8,291.4,390.27424489083984,195.11122923415297,165.76100484460693,380.89397038011015,137.8,225.16278378826075,141.4,152.0,369.4,220.8,121.7,259.0,105.6,411.3,256.1,191.48483583975997,200.99841358232237,192.73047965921052,236.5,195.7,86.0,250.1,244.6,214.1,255.02530412314962,355.789265982952,325.0,732.7894664251884,324.2,101.5,148.4,221.19106185487095,78.4,163.6,378.16366604984563,275.8,204.9,217.62563872524905,110.6,169.3,402.51633365129504,128.5,125.47946034667373,282.6,86.9,25.8,557.546951526542,209.30990521491614,291.7,208.78112961785743,340.6780559748604,268.5872263754759,1133.7,267.0,177.7,330.2,416.5,168.1,205.0,195.27209849708913,139.61378707517565,589.5,215.2,254.65643700816358,508.55307359978974,187.6,216.9,29.6,365.0,95.07248989494914,345.0,247.2,152.5,236.26777715484263,243.0,293.8,169.64093918349357,81.98807698165785,307.0697727463246,279.83641539256894,172.20161987096782,314.5598380292298,132.9,84.4,254.6,429.0,270.5,147.2,105.8,90.8,231.5,323.1,162.5511593005793,302.4,186.4,151.3,77.043151948937,806.4,278.9,398.7409679067367,419.8,93.4,117.8,284.0,236.6414374265222,307.6829741444862,188.1,249.1,161.7,226.0,267.2,201.4,283.8,263.1,111.4,170.99175558542524,91.5,116.7896695043799,111.8,81.0,224.2,164.4,88.9,282.7,342.3,271.1,80.0,183.18095112368647,282.3,67.6,175.18271915687995,115.2,115.3,147.6,71.9,1.6,260.32235702710074,285.06371795037694,156.2,109.4,2.2089444423891504,122.6,244.97675075034545,252.4,65.5,27.7,156.8,132.8,63.1,52.036522000021286,42.9,96.12047766026319,102.3,405.4,172.8,134.0,102.91662208177168,68.3,108.4,155.2,0.8,108.6,248.0,59.5,172.86268618308324,7.5600685377521,120.7,599.3218414636266,83.3,39.852408370879594,7.5,129.96090810320763,287.51333815941797,318.3899788309767,27.7,0.1,139.2,395.73716930964173,416.4,406.4,215.3,69.4,18.2,2.9,121.1,300.4,0.2,0.5,0.2,177.7,0.1,1.3418779683812436,0.1,0.1,0.2,0.6,1.0,9.2,577.5,231.2684070932913,13.0,517.8,1.4,170.5,3.285215477386147,121.0,42.66300689755854,9.7,174.86987042291167,2.1,135.1,120.8,108.7,67.8,126.2,9.4,2.2,1.8,72.55810779884081,156.4,196.61663245452257,287.4788108121402,136.0189152441639,1.2,165.9,2.8,23.5,6.1,368.5,169.4,66.4,5.7,1.0,62.4806915826353,19.6,200.3,12.599328758850142,15.345993469433225,356.0,232.2,12.3,17.7,33.5,193.6,23.8,1.2,1.2,130.9,0.8,7.3,1.1,241.0,2.2,97.4,71.3,52.62212761497169,7.500904682232647,0.5751683238991351,2.7,58.6,90.0,0.6,128.0,7.6,72.9,85.1,75.32014516329032,9.4,0.3857574175430666,153.53259147751055,6.9,0.1,62.0,124.9,20.8,135.6,82.6,5.0,2.35765593505375,39.326320961660294,107.2,4.6,127.8,62.8,49.4,12.6,287.7,37.7,153.1,93.0,11.6,0.1,0.6,126.5,53.4,12.1,41.7,9.073388242483423,0.5036683679520149,27.2,0.1,0.1,0.2,183.51353492729052,14.6,133.3935392980086,11.1,40.3
14,125.1,88.2,76.2,242.8768314354621,124.93926488452631,264.1,114.5,260.6,195.7,238.0579497091442,453.05048945692533,253.9,349.7,260.59597120389236,146.2,255.5,101.0,282.8,291.4,417.35872893752594,247.8043909813092,166.15198585343276,298.3296653956329,137.8,242.18635519405154,141.4,152.0,369.4,220.8,121.7,259.0,105.6,411.3,256.1,177.6999121990965,274.4042670237448,179.48364506314485,236.5,195.7,86.0,250.1,244.6,214.1,317.07957670016884,313.4898587287554,325.0,820.621097864755,324.2,101.5,148.4,276.202529910494,78.4,163.6,503.7845832691225,275.8,204.9,187.27318226380348,110.6,169.3,399.3854539480239,128.5,143.55797454953893,282.6,86.9,25.8,495.53193616390433,213.0033115354984,291.7,222.49182130980063,307.4593459840788,203.33329122019362,1133.7,267.0,177.7,330.2,416.5,168.1,205.0,180.09159857946108,156.27872375877263,589.5,215.2,246.51923015529582,441.8676664626719,187.6,216.9,29.6,365.0,98.6767096148174,345.0,247.2,152.5,290.77955671505265,243.0,293.8,234.77933955114568,76.69304189528422,363.3796038801773,274.3643936524341,185.0679705686188,266.1009576699332,132.9,84.4,254.6,429.0,270.5,147.2,105.8,90.8,231.5,323.1,129.39259853988963,302.4,186.4,151.3,90.2755869848561,806.4,278.9,321.16904294848905,419.8,93.4,117.8,284.0,204.69651435373387,274.89395190551295,188.1,249.1,161.7,226.0,267.2,201.4,283.8,263.1,111.4,238.23852650974524,91.5,138.5120255043289,111.8,81.0,224.2,164.4,88.9,282.7,342.3,271.1,80.0,159.91783767860642,282.3,67.6,181.6934277500886,115.2,115.3,147.6,71.9,1.6,234.6493376430734,220.6523306734064,156.2,109.4,1.9295389081234484,122.6,299.91568575140866,252.4,65.5,27.7,156.8,132.8,63.1,51.27996998929961,42.9,86.78913713518506,102.3,405.4,172.8,134.0,93.04537709676636,68.3,108.4,155.2,0.8,108.6,248.0,59.5,175.14646820096965,8.752378765664403,120.7,621.2305675737733,83.3,40.38783514347321,7.5,99.64322730004346,277.664604201204,349.8481493725554,27.7,0.1,139.2,339.10383533997407,416.4,406.4,215.3,69.4,18.2,2.9,121.1,300.4,0.2,0.5,0.2,177.7,0.1,1.3790273059151128,0.1,0.1,0.2,0.6,1.0,9.2,577.5,228.2259780758169,13.0,517.8,1.4,170.5,2.6299472762041787,121.0,42.19888743889848,9.7,130.32512989594585,2.1,135.1,120.8,108.7,67.8,126.2,9.4,2.2,1.8,55.768941632579185,156.4,167.5883398781929,233.1367875888199,139.0054521589886,1.2,165.9,2.8,23.5,6.1,368.5,169.4,66.4,5.7,1.0,51.41579189328804,19.6,200.3,16.094809346899424,11.762440077649426,356.0,232.2,12.3,17.7,33.5,193.6,23.8,1.2,1.2,130.9,0.8,7.3,1.1,241.0,2.2,97.4,71.3,41.25742227930922,9.26570039415155,0.5041177663202867,2.7,58.6,90.0,0.6,128.0,7.6,72.9,85.1,59.48957946532782,9.4,0.4047252173637872,182.20852089241998,6.9,0.1,62.0,124.9,20.8,135.6,82.6,5.0,2.81811451023183,32.48087060160693,107.2,4.6,127.8,62.8,49.4,12.6,287.7,37.7,153.1,93.0,11.6,0.1,0.6,126.5,53.4,12.1,41.7,8.95891808750334,0.6453432667236556,27.2,0.1,0.1,0.2,160.2955848594077,14.6,167.11603582062128,11.1,40.3
15,125.1,88.2,76.2,186.14636207711854,169.3068650546838,264.1,114.5,260.6,195.7,201.5033130081901,370.63669105129003,253.9,349.7,310.17225894050097,146.2,255.5,101.0,282.8,291.4,337.6594109896759,203.05753677619913,163.7402881893004,324.56886089246296,137.8,260.7629430138362,141.4,152.0,369.4,220.8,121.7,259.0,105.6,411.3,256.1,168.3575277121454,255.23586295383353,139.10588735994412,236.5,195.7,86.0,250.1,244.6,214.1,313.63514592323804,274.5459215776403,325.0,796.3706161625191,324.2,101.5,148.4,203.3769693160182,78.4,163.6,372.33482927201555,275.8,204.9,245.0926198676916,110.6,169.3,303.497606033895,128.5,146.75885296712968,282.6,86.9,25.8,547.4945527554977,231.83117106985335,291.7,173.87059074571707,237.17516184215455,209.2306355224558,1133.7,267.0,177.7,330.2,416.5,168.1,205.0,229.17816349950562,106.66326747959691,589.5,215.2,231.61346757358376,519.05036064666,187.6,216.9,29.6,365.0,101.01466392623668,345.0,247.2,152.5,243.24487922787387,243.0,293.8,171.22075334860511,82.95412656735256,428.7436812979642,272.5512267302811,205.3350528141527,325.15876808634033,132.9,84.4,254.6,429.0,270.5,147.2,105.8,90.8,231.5,323.1,146.92395636812006,302.4,186.4,151.3,93.12102965155451,806.4,278.9,353.0544550370564,419.8,93.4,117.8,284.0,215.11345738520237,267.8660220857656,188.1,249.1,161.7,226.0,267.2,201.4,283.8,263.1,111.4,230.4903709602321,91.5,122.39135236030225,111.8,81.0,224.2,164.4,88.9,282.7,342.3,271.1,80.0,181.65277729743153,282.3,67.6,201.00379916969558,115.2,115.3,147.6,71.9,1.6,287.7462218510441,240.48222480079716,156.2,109.4,2.361745677133027,122.6,285.4081872130894,252.4,65.5,27.7,156.8,132.8,63.1,49.11094598578235,42.9,69.29198559317948,102.3,405.4,172.8,134.0,83.98952549249356,68.3,108.4,155.2,0.8,108.6,248.0,59.5,232.3603560827257,8.612893532840861,120.7,797.1018002827747,83.3,36.73231706578522,7.5,88.56995745971618,264.30228231329176,309.5686537350987,27.7,0.1,139.2,335.73061526626543,416.4,406.4,215.3,69.4,18.2,2.9,121.1,300.4,0.2,0.5,0.2,177.7,0.1,1.6779266487947941,0.1,0.1,0.2,0.6,1.0,9.2,577.5,236.54048325023575,13.0,517.8,1.4,170.5,2.515806346022078,121.0,43.272140991887866,9.7,137.99345048176352,2.1,135.1,120.8,108.7,67.8,126.2,9.4,2.2,1.8,52.58661575447554,156.4,215.71892362881715,218.58000431906416,109.22740784878653,1.2,165.9,2.8,23.5,6.1,368.5,169.4,66.4,5.7,1.0,65.32253140900731,19.6,200.3,17.447008057931036,11.61759373827877,356.0,232.2,12.3,17.7,33.5,193.6,23.8,1.2,1.2,130.9,0.8,7.3,1.1,241.0,2.2,97.4,71.3,48.53617356989558,8.967306092028982,0.41346054308900626,2.7,58.6,90.0,0.6,128.0,7.6,72.9,85.1,51.97413541168736,9.4,0.33630547821598955,183.7729373691561,6.9,0.1,62.0,124.9,20.8,135.6,82.6,5.0,2.7594504342119626,37.11307111403925,107.2,4.6,127.8,62.8,49.4,12.6,287.7,37.7,153.1,93.0,11.6,0.1,0.6,126.5,53.4,12.1,41.7,7.253045320821341,0.552192477721029,27.2,0.1,0.1,0.2,162.5986163617252,14.6,119.42104965724947,11.1,40.3
16,125.1,88.2,76.2,233.23452500345797,172.11620769096896,264.1,114.5,260.6,195.7,210.77207623417712,437.3623141810234,253.9,349.7,246.12424588778856,146.2,255.5,101.0,282.8,291.4,387.81843188353,201.91785472230154,128.5087574668183,307.30550158797394,137.8,281.8693107035746,141.4,152.0,369.4,220.8,121.7,259.0,105.6,411.3,256.1,155.0934565275816,196.44640526273778,171.28309054868944,236.5,195.7,86.0,250.1,244.6,214.1,337.9244644102451,331.0428037309373,325.0,696.9222133666739,324.2,101.5,148.4,264.53805472626044,78.4,163.6,375.7495763230342,275.8,204.9,211.52861705171884,110.6,169.3,420.8003175058553,128.5,143.74501476659304,282.6,86.9,25.8,494.6329361789646,278.6815183204676,291.7,173.3558019476423,342.61456372016687,208.10771494076758,1133.7,267.0,177.7,330.2,416.5,168.1,205.0,228.29694674327715,122.65423740989824,589.5,215.2,202.07805892172854,444.03312813787,187.6,216.9,29.6,365.0,116.29381501096168,345.0,247.2,152.5,283.2593818062003,243.0,293.8,198.93832930313852,74.27758930350484,370.03286124163276,260.61670242165707,174.89658465534632,324.32312323441204,132.9,84.4,254.6,429.0,270.5,147.2,105.8,90.8,231.5,323.1,133.8277218784768,302.4,186.4,151.3,79.38613726841037,806.4,278.9,341.2465578705687,419.8,93.4,117.8,284.0,253.6871488023276,301.40863638410156,188.1,249.1,161.7,226.0,267.2,201.4,283.8,263.1,111.4,227.7138394314597,91.5,139.048995233465,111.8,81.0,224.2,164.4,88.9,282.7,342.3,271.1,80.0,150.94005199761168,282.3,67.6,196.04506717604758,115.2,115.3,147.6,71.9,1.6,240.09520105759836,291.07242279681134,156.2,109.4,2.1523118298072568,122.6,292.09497987367297,252.4,65.5,27.7,156.8,132.8,63.1,56.60409296511381,42.9,77.26789463653866,102.3,405.4,172.8,134.0,103.5710643026996,68.3,108.4,155.2,0.8,108.6,248.0,59.5,186.32422897889342,8.806108018072157,120.7,632.6592573837742,83.3,38.27410587492029,7.5,122.88883137892003,342.22986723359946,245.16054369769319,27.7,0.1,139.2,352.52352835033,416.4,406.4,215.3,69.4,18.2,2.9,121.1,300.4,0.2,0.5,0.2,177.7,0.1,1.536146802406622,0.1,0.1,0.2,0.6,1.0,9.2,577.5,188.24582179954567,13.0,517.8,1.4,170.5,3.1020978594897053,121.0,41.025630488679,9.7,151.83917941836953,2.1,135.1,120.8,108.7,67.8,126.2,9.4,2.2,1.8,64.55249881321114,156.4,187.33192332906637,257.1802742768202,148.29858795348284,1.2,165.9,2.8,23.5,6.1,368.5,169.4,66.4,5.7,1.0,53.242141238846266,19.6,200.3,12.731369642812128,14.821270350707438,356.0,232.2,12.3,17.7,33.5,193.6,23.8,1.2,1.2,130.9,0.8,7.3,1.1,241.0,2.2,97.4,71.3,54.448833422258744,8.45177348631147,0.5190588210550312,2.7,58.6,90.0,0.6,128.0,7.6,72.9,85.1,63.39477820151379,9.4,0.3372782889435181,149.23862454589994,6.9,0.1,62.0,124.9,20.8,135.6,82.6,5.0,2.1275995691989267,44.29324119031797,107.2,4.6,127.8,62.8,49.4,12.6,287.7,37.7,153.1,93.0,11.6,0.1,0.6,126.5,53.4,12.1,41.7,7.847004221399375,0.5339718392215704,27.2,0.1,0.1,0.2,167.81729848579494,14.6,158.83080530299344,11.1,40.3
17,125.1,88.2,76.2,215.6847847601116,136.64149144668787,264.1,114.5,260.6,195.7,222.8410868763019,436.35589038103905,253.9,349.7,275.8712206999479,146.2,255.5,101.0,282.8,291.4,397.6736044014641,206.05115876496637,163.93444525111363,366.47102878012123,137.8,272.1225657746111,141.4,152.0,369.4,220.8,121.7,259.0,105.6,411.3,256.1,151.8501422866184,203.1425292638391,181.85119033690253,236.5,195.7,86.0,250.1,244.6,214.1,335.68356564611383,313.0514812909675,325.0,903.7184835962688,324.2,101.5,148.4,242.81344010540883,78.4,163.6,401.7922753215228,275.8,204.9,228.6060670421696,110.6,169.3,340.9753051313962,128.5,175.6783668794846,282.6,86.9,25.8,533.9844874206924,239.6719981024085,291.7,199.03784249350278,308.64822505529975,220.53110388448079,1133.7,267.0,177.7,330.2,416.5,168.1,205.0,225.55459534903233,109.99987542656375,589.5,215.2,213.03824226337764,424.0933093699088,187.6,216.9,29.6,365.0,137.5013312769004,345.0,247.2,152.5,281.0325217318733,243.0,293.8,179.36663602665706,87.62129570423893,394.8183022776367,200.59199983225642,150.7543360735926,300.1760972864188,132.9,84.4,254.6,429.0,270.5,147.2,105.8,90.8,231.5,323.1,144.64059672994475,302.4,186.4,151.3,80.0505138913795,806.4,278.9,393.26334368977564,419.8,93.4,117.8,284.0,256.17097597462805,213.65184331144246,188.1,249.1,161.7,226.0,267.2,201.4,283.8,263.1,111.4,204.48920626923655,91.5,132.276316284902,111.8,81.0,224.2,164.4,88.9,282.7,342.3,271.1,80.0,154.75310785753646,282.3,67.6,186.77053177556044,115.2,115.3,147.6,71.9,1.6,215.06699376536505,247.6451548693646,156.2,109.4,2.1253076082289493,122.6,245.99532950599678,252.4,65.5,27.7,156.8,132.8,63.1,58.102845959781284,42.9,80.09427946834087,102.3,405.4,172.8,134.0,92.20754357322967,68.3,108.4,155.2,0.8,108.6,248.0,59.5,215.89357935941806,8.988832120521373,120.7,705.8353416226385,83.3,41.85542893932878,7.5,131.25366684337754,342.3307300939844,287.6572469534822,27.7,0.1,139.2,385.304179420498,416.4,406.4,215.3,69.4,18.2,2.9,121.1,300.4,0.2,0.5,0.2,177.7,0.1,1.9007830048652157,0.1,0.1,0.2,0.6,1.0,9.2,577.5,179.8747077303372,13.0,517.8,1.4,170.5,2.7974075756655568,121.0,31.079083617920688,9.7,183.32820979353914,2.1,135.1,120.8,108.7,67.8,126.2,9.4,2.2,1.8,56.794364838785434,156.4,158.7352829233469,266.7485778099864,129.92803484522,1.2,165.9,2.8,23.5,6.1,368.5,169.4,66.4,5.7,1.0,56.18585564958391,19.6,200.3,16.383185057723566,15.346129950122876,356.0,232.2,12.3,17.7,33.5,193.6,23.8,1.2,1.2,130.9,0.8,7.3,1.1,241.0,2.2,97.4,71.3,38.20548139983614,8.633841683440364,0.47733622159382594,2.7,58.6,90.0,0.6,128.0,7.6,72.9,85.1,63.9348359829485,9.4,0.32846876130369507,192.24451221679368,6.9,0.1,62.0,124.9,20.8,135.6,82.6,5.0,2.5976167265118093,32.53425677385202,107.2,4.6,127.8,62.8,49.4,12.6,287.7,37.7,153.1,93.0,11.6,0.1,0.6,126.5,53.4,12.1,41.7,8.265989396114518,0.5881998751495817,27.2,0.1,0.1,0.2,155.6429085232483,14.6,144.11430704232586,11.1,40.3
18,125.1,88.2,76.2,222.53072280638472,176.6050567080047,264.1,114.5,260.6,195.7,216.6078736993319,428.85994026377864,253.9,349.7,256.45507399361185,146.2,255.5,101.0,282.8,291.4,472.23204710433697,222.60241667204926,148.37942879626837,361.7311383604863,137.8,223.71231734098876,141.4,152.0,369.4,220.8,121.7,259.0,105.6,411.3,256.1,143.82755286768625,214.07027276067424,158.00119631909521,236.5,195.7,86.0,250.1,244.6,214.1,335.8742540745992,342.74005618688915,325.0,714.0372497652007,324.2,101.5,148.4,259.7073036937486,78.4,163.6,372.20501891561906,275.8,204.9,222.4232187661737,110.6,169.3,351.01681519490273,128.5,170.95020399071922,282.6,86.9,25.8,477.60249346133514,280.37947998758165,291.7,216.608033825721,277.29774705465195,290.6828034352499,1133.7,267.0,177.7,330.2,416.5,168.1,205.0,165.63272441788317,110.17885712099707,589.5,215.2,268.3529989553345,390.5737037305642,187.6,216.9,29.6,365.0,130.73272448152383,345.0,247.2,152.5,219.69929527555527,243.0,293.8,239.84323560331592,107.49393700080338,379.5167913773588,239.5853214903387,196.18833595138346,346.05972459716844,132.9,84.4,254.6,429.0,270.5,147.2,105.8,90.8,231.5,323.1,168.8641892116483,302.4,186.4,151.3,76.76246281344257,806.4,278.9,279.59326071657,419.8,93.4,117.8,284.0,245.18632835905788,308.0437605016697,188.1,249.1,161.7,226.0,267.2,201.4,283.8,263.1,111.4,198.7850358028002,91.5,112.19205606996573,111.8,81.0,224.2,164.4,88.9,282.7,342.3,271.1,80.0,143.45251551880585,282.3,67.6,196.68292895135815,115.2,115.3,147.6,71.9,1.6,286.2935055432247,263.79627940195167,156.2,109.4,2.4574886965249916,122.6,264.87053563129,252.4,65.5,27.7,156.8,132.8,63.1,60.032777448305474,42.9,98.46379820933541,102.3,405.4,172.8,134.0,104.49392693761743,68.3,108.4,155.2,0.8,108.6,248.0,59.5,238.23800119421685,9.327415987320332,120.7,840.4858307415743,83.3,36.82623862324568,7.5,111.02591420677575,277.61771162219156,279.61656641038536,27.7,0.1,139.2,420.9087572763594,416.4,406.4,215.3,69.4,18.2,2.9,121.1,300.4,0.2,0.5,0.2,177.7,0.1,1.3288357670943067,0.1,0.1,0.2,0.6,1.0,9.2,577.5,236.76855978518506,13.0,517.8,1.4,170.5,3.6225066746891272,121.0,32.42649252071025,9.7,145.8293812594008,2.1,135.1,120.8,108.7,67.8,126.2,9.4,2.2,1.8,65.8592292521093,156.4,181.4082173905042,231.82341508982643,149.1039097925559,1.2,165.9,2.8,23.5,6.1,368.5,169.4,66.4,5.7,1.0,63.37477890781629,19.6,200.3,12.44545647464365,12.141639065601986,356.0,232.2,12.3,17.7,33.5,193.6,23.8,1.2,1.2,130.9,0.8,7.3,1.1,241.0,2.2,97.4,71.3,52.44051477484787,8.094997566960487,0.49226881991976373,2.7,58.6,90.0,0.6,128.0,7.6,72.9,85.1,61.03880946328786,9.4,0.3814079713185041,204.7552517731118,6.9,0.1,62.0,124.9,20.8,135.6,82.6,5.0,2.5147828096916323,35.93383859064135,107.2,4.6,127.8,62.8,49.4,12.6,287.7,37.7,153.1,93.0,11.6,0.1,0.6,126.5,53.4,12.1,41.7,8.276725910367002,0.7143720612529896,27.2,0.1,0.1,0.2,140.69258603482012,14.6,153.21811428492353,11.1,40.3
19,125.1,88.2,76.2,178.27951956019524,152.41355648392644,264.1,114.5,260.6,195.7,187.7169459119076,391.9953066592004,253.9,349.7,267.1543378926072,146.2,255.5,101.0,282.8,291.4,356.47368061838984,184.9880100006891,184.32654475448652,371.63186703658823,137.8,279.7325320559139,141.4,152.0,369.4,220.8,121.7,259.0,105.6,411.3,256.1,180.58123631671492,190.78811812680257,139.85045116102495,236.5,195.7,86.0,250.1,244.6,214.1,343.0756032276715,322.65934877708503,325.0,929.4695921040316,324.2,101.5,148.4,278.57620345986015,78.4,163.6,478.1212077084776,275.8,204.9,252.14878546994248,110.6,169.3,420.2625939542502,128.5,127.77956613566056,282.6,86.9,25.8,560.2564208576237,263.6006614944114,291.7,205.44129979273634,316.2594860423281,295.99687369988453,1133.7,267.0,177.7,330.2,416.5,168.1,205.0,202.61439853374108,137.13877499608867,589.5,215.2,203.20614552945693,479.9029832402249,187.6,216.9,29.6,365.0,93.74102261365509,345.0,247.2,152.5,215.9437355356197,243.0,293.8,208.75181138085838,107.38586265482587,402.6843874084668,265.39225912843375,202.10089594651257,345.55297286149244,132.9,84.4,254.6,429.0,270.5,147.2,105.8,90.8,231.5,323.1,138.39580049125104,302.4,186.4,151.3,75.84659804872717,806.4,278.9,339.55563041771893,419.8,93.4,117.8,284.0,224.28444976724228,273.1420976711533,188.1,249.1,161.7,226.0,267.2,201.4,283.8,263.1,111.4,219.35995149300228,91.5,139.77090908882047,111.8,81.0,224.2,164.4,88.9,282.7,342.3,271.1,80.0,139.5744372489227,282.3,67.6,200.14224611159096,115.2,115.3,147.6,71.9,1.6,230.15553655424932,209.7860958668956,156.2,109.4,2.321647965848867,122.6,266.5282924308958,252.4,65.5,27.7,156.8,132.8,63.1,44.714257629280816,42.9,78.65024971202502,102.3,405.4,172.8,134.0,101.07403422563749,68.3,108.4,155.2,0.8,108.6,248.0,59.5,230.2613409290709,6.6166168419278515,120.7,682.7985351373652,83.3,35.475836283379735,7.5,130.95999494586349,339.44217939249097,341.1998691325789,27.7,0.1,139.2,497.99139773915846,416.4,406.4,215.3,69.4,18.2,2.9,121.1,300.4,0.2,0.5,0.2,177.7,0.1,1.2849634086375326,0.1,0.1,0.2,0.6,1.0,9.2,577.5,207.78670239448397,13.0,517.8,1.4,170.5,2.5179420778759836,121.0,35.66095310277226,9.7,166.4719559284742,2.1,135.1,120.8,108.7,67.8,126.2,9.4,2.2,1.8,67.92111047490555,156.4,215.16645388712087,285.6500447902088,133.49180157964548,1.2,165.9,2.8,23.5,6.1,368.5,169.4,66.4,5.7,1.0,51.656264796681725,19.6,200.3,17.630263604824812,12.533547582298219,356.0,232.2,12.3,17.7,33.5,193.6,23.8,1.2,1.2,130.9,0.8,7.3,1.1,241.0,2.2,97.4,71.3,48.61720046836373,9.505846577070988,0.5934137404999098,2.7,58.6,90.0,0.6,128.0,7.6,72.9,85.1,57.50732949944574,9.4,0.38747004471253815,158.80247755017464,6.9,0.1,62.0,124.9,20.8,135.6,82.6,5.0,2.8197350274532416,36.79959392928629,107.2,4.6,127.8,62.8,49.4,12.6,287.7,37.7,153.1,93.0,11.6,0.1,0.6,126.5,53.4,12.1,41.7,7.306603905416717,0.5925367078064888,27.2,0.1,0.1,0.2,150.60195766765264,14.6,178.40938409959296,11.1,40.3
20,125.1,88.2,76.2,192.9999001147699,168.41308728665086,264.1,114.5,260.6,195.7,217.64641891480656,454.4704580938371,253.9,349.7,281.5499874299755,146.2,255.5,101.0,282.8,291.4,364.7059533271285,191.04601585939847,167.28284298440002,309.9274205652958,137.8,308.03706005453887,141.4,152.0,369.4,220.8,121.7,259.0,105.6,411.3,256.1,167.93494034540075,272.2829599432132,164.20204849197097,236.5,195.7,86.0,250.1,244.6,214.1,343.4451170479141,264.1622607829203,325.0,752.0228900100819,324.2,101.5,148.4,260.16691024061754,78.4,163.6,533.7031240313689,275.8,204.9,185.52017110533126,110.6,169.3,421.9115738474917,128.5,173.6816143463484,282.6,86.9,25.8,637.5019158517124,289.71491896979796,291.7,216.6581493371126,340.3842178153001,276.42256130598116,1133.7,267.0,177.7,330.2,416.5,168.1,205.0,187.2585462735333,104.9166148074025,589.5,215.2,227.93855199918264,478.5661715740779,187.6,216.9,29.6,365.0,132.41817784970394,345.0,247.2,152.5,258.93800784887844,243.0,293.8,222.8413278016883,85.60107511295111,368.1101507221991,243.60759305031584,194.75610125367888,335.184476307345,132.9,84.4,254.6,429.0,270.5,147.2,105.8,90.8,231.5,323.1,148.06412382846437,302.4,186.4,151.3,101.40920598379527,806.4,278.9,394.744106134729,419.8,93.4,117.8,284.0,251.155057831109,230.7891923391219,188.1,249.1,161.7,226.0,267.2,201.4,283.8,263.1,111.4,188.11967020584711,91.5,147.7119224124462,111.8,81.0,224.2,164.4,88.9,282.7,342.3,271.1,80.0,174.14828835345088,282.3,67.6,153.464269942301,115.2,115.3,147.6,71.9,1.6,296.32642494325694,281.6192618465536,156.2,109.4,1.7568326551833149,122.6,279.7436353731811,252.4,65.5,27.7,156.8,132.8,63.1,58.66923444264929,42.9,83.43898321040055,102.3,405.4,172.8,134.0,84.67910905133552,68.3,108.4,155.2,0.8,108.6,248.0,59.5,212.29142769212103,8.861163783901544,120.7,615.9179090834705,83.3,37.390407847077654,7.5,96.00560024331074,252.9001681517823,355.3149922470785,27.7,0.1,139.2,452.8554185903145,416.4,406.4,215.3,69.4,18.2,2.9,121.1,300.4,0.2,0.5,0.2,177.7,0.1,1.8766666343626734,0.1,0.1,0.2,0.6,1.0,9.2,577.5,233.64188555246872,13.0,517.8,1.4,170.5,2.9698647326673915,121.0,44.69363496576405,9.7,157.13412244364645,2.1,135.1,120.8,108.7,67.8,126.2,9.4,2.2,1.8,69.23834795688217,156.4,174.07233314382978,273.97037674209156,113.28730040499904,1.2,165.9,2.8,23.5,6.1,368.5,169.4,66.4,5.7,1.0,55.887504291840486,19.6,200.3,15.132878566205346,15.015921584266469,356.0,232.2,12.3,17.7,33.5,193.6,23.8,1.2,1.2,130.9,0.8,7.3,1.1,241.0,2.2,97.4,71.3,46.916546472030106,6.775097134109284,0.5345996558609886,2.7,58.6,90.0,0.6,128.0,7.6,72.9,85.1,68.98171565150093,9.4,0.4618537058652148,178.21918305102008,6.9,0.1,62.0,124.9,20.8,135.6,82.6,5.0,2.2258985294087195,34.48838059479885,107.2,4.6,127.8,62.8,49.4,12.6,287.7,37.7,153.1,93.0,11.6,0.1,0.6,126.5,53.4,12.1,41.7,7.976678862274767,0.6618067943974486,27.2,0.1,0.1,0.2,166.44342434715537,14.6,160.8429902488899,11.1,40.3
21,125.1,88.2,76.2,180.79045041454648,147.66662962327942,264.1,114.5,260.6,195.7,216.50299927514158,383.74340324335617,253.9,349.7,310.38328175876404,146.2,255.5,101.0,282.8,291.4,488.8443108155492,192.77100251453595,137.88383554773338,307.6924591818608,137.8,234.98554405448476,141.4,152.0,369.4,220.8,121.7,259.0,105.6,411.3,256.1,174.6705693328412,204.19691052416312,182.165330189766,236.5,195.7,86.0,250.1,244.6,214.1,269.3037774429628,328.0496434152538,325.0,926.4966521662052,324.2,101.5,148.4,241.16964410144504,78.4,163.6,388.46682084197215,275.8,204.9,225.5670130693194,110.6,169.3,423.7010309943096,128.5,170.8225508008996,282.6,86.9,25.8,646.9386061992224,251.1029936855443,291.7,180.3720600914196,265.56274386436115,230.46387413649688,1133.7,267.0,177.7,330.2,416.5,168.1,205.0,229.3114547689264,123.23501607766809,589.5,215.2,271.82828162803617,507.3069068461756,187.6,216.9,29.6,365.0,131.87633774876872,345.0,247.2,152.5,223.00644985555945,243.0,293.8,181.79487575386204,88.13256154668306,430.1857154935451,253.75038012728993,194.10387321189754,322.65466494863915,132.9,84.4,254.6,429.0,270.5,147.2,105.8,90.8,231.5,323.1,123.87980438516634,302.4,186.4,151.3,98.63586400430374,806.4,278.9,360.20602676588436,419.8,93.4,117.8,284.0,266.22818126586134,264.2408635947269,188.1,249.1,161.7,226.0,267.2,201.4,283.8,263.1,111.4,216.4715604938085,91.5,109.52424270174839,111.8,81.0,224.2,164.4,88.9,282.7,342.3,271.1,80.0,138.14012931915465,282.3,67.6,213.0540312942429,115.2,115.3,147.6,71.9,1.6,225.18132236657223,277.22981096440174,156.2,109.4,2.117038650094564,122.6,261.08465205368594,252.4,65.5,27.7,156.8,132.8,63.1,43.86683367773709,42.9,96.32830244306494,102.3,405.4,172.8,134.0,106.30796984054024,68.3,108.4,155.2,0.8,108.6,248.0,59.5,237.72336393575998,8.418705590770179,120.7,792.7705051868326,83.3,45.69289669752071,7.5,88.64906762763016,334.37202529052536,336.84370316080697,27.7,0.1,139.2,473.17589472384725,416.4,406.4,215.3,69.4,18.2,2.9,121.1,300.4,0.2,0.5,0.2,177.7,0.1,1.8717737499780516,0.1,0.1,0.2,0.6,1.0,9.2,577.5,213.17196413210047,13.0,517.8,1.4,170.5,3.191981662677988,121.0,44.61426999008639,9.7,183.93314475612954,2.1,135.1,120.8,108.7,67.8,126.2,9.4,2.2,1.8,56.326221467097035,156.4,202.00953192005153,288.28642273453454,104.82737293600614,1.2,165.9,2.8,23.5,6.1,368.5,169.4,66.4,5.7,1.0,52.608015031129675,19.6,200.3,17.392973163556377,13.20336167712544,356.0,232.2,12.3,17.7,33.5,193.6,23.8,1.2,1.2,130.9,0.8,7.3,1.1,241.0,2.2,97.4,71.3,43.94342069420566,9.546201800178967,0.47044630302471974,2.7,58.6,90.0,0.6,128.0,7.6,72.9,85.1,51.78392037307452,9.4,0.43522533406723707,148.3569396961075,6.9,0.1,62.0,124.9,20.8,135.6,82.6,5.0,2.554359001534955,46.12410410594288,107.2,4.6,127.8,62.8,49.4,12.6,287.7,37.7,153.1,93.0,11.6,0.1,0.6,126.5,53.4,12.1,41.7,9.588957027528902,0.6734514564983208,27.2,0.1,0.1,0.2,134.7758085198269,14.6,126.29015787023509,11.1,40.3
22,125.1,88.2,76.2,230.63389994456898,171.50369899692737,264.1,114.5,260.6,195.7,174.83889705571195,427.16960255948766,253.9,349.7,308.15352665658173,146.2,255.5,101.0,282.8,291.4,362.8881957756108,186.7992030035378,150.3544810095799,320.8768362642452,137.8,316.03636126033945,141.4,152.0,369.4,220.8,121.7,259.0,105.6,411.3,256.1,176.58406545222456,247.72789548345983,150.2785395886598,236.5,195.7,86.0,250.1,244.6,214.1,267.3887142488316,350.581366726949,325.0,938.5066890275777,324.2,101.5,148.4,251.16894333614195,78.4,163.6,394.2375882256063,275.8,204.9,230.36684031172013,110.6,169.3,295.73651995594344,128.5,143.12142805167682,282.6,86.9,25.8,678.881929701669,286.15200233336975,291.7,197.1772891889166,235.2591582158966,244.1131763610621,1133.7,267.0,177.7,330.2,416.5,168.1,205.0,188.9362638828173,111.49395124995546,589.5,215.2,280.9806134979403,529.4610390554054,187.6,216.9,29.6,365.0,122.12726237975906,345.0,247.2,152.5,229.46345039189364,243.0,293.8,193.08431599417062,107.72171002574393,327.0785054595607,245.2178426017948,172.29952654681506,331.9904937000525,132.9,84.4,254.6,429.0,270.5,147.2,105.8,90.8,231.5,323.1,136.74433404030276,302.4,186.4,151.3,85.59959918991888,806.4,278.9,301.0868556375917,419.8,93.4,117.8,284.0,225.56624575585164,239.03741992975745,188.1,249.1,161.7,226.0,267.2,201.4,283.8,263.1,111.4,201.01307077812325,91.5,132.75192916273676,111.8,81.0,224.2,164.4,88.9,282.7,342.3,271.1,80.0,136.53791878233528,282.3,67.6,185.6305544395964,115.2,115.3,147.6,71.9,1.6,244.95991587655323,227.67045285063526,156.2,109.4,2.4716577988317177,122.6,218.38277581156856,252.4,65.5,27.7,156.8,132.8,63.1,57.144996688345074,42.9,88.98327540445061,102.3,405.4,172.8,134.0,82.3842832088904,68.3,108.4,155.2,0.8,108.6,248.0,59.5,170.2040019715631,8.639933289657575,120.7,697.937165148732,83.3,47.22038984768136,7.5,102.27882709842712,254.05925345243617,298.33873630775383,27.7,0.1,139.2,397.84303141463204,416.4,406.4,215.3,69.4,18.2,2.9,121.1,300.4,0.2,0.5,0.2,177.7,0.1,1.8596097089378167,0.1,0.1,0.2,0.6,1.0,9.2,577.5,221.05744918741732,13.0,517.8,1.4,170.5,2.54875262774906,121.0,43.080422128579556,9.7,150.60325381742322,2.1,135.1,120.8,108.7,67.8,126.2,9.4,2.2,1.8,70.78943179918245,156.4,162.24364184905247,207.6356423371407,121.19359415194332,1.2,165.9,2.8,23.5,6.1,368.5,169.4,66.4,5.7,1.0,74.34077054711949,19.6,200.3,15.791253314457574,14.964222032253339,356.0,232.2,12.3,17.7,33.5,193.6,23.8,1.2,1.2,130.9,0.8,7.3,1.1,241.0,2.2,97.4,71.3,56.30891879481642,8.90458282502002,0.4540332085188646,2.7,58.6,90.0,0.6,128.0,7.6,72.9,85.1,59.65138484183068,9.4,0.35216641733794285,159.8910970061082,6.9,0.1,62.0,124.9,20.8,135.6,82.6,5.0,2.1482370889928477,33.31816235945334,107.2,4.6,127.8,62.8,49.4,12.6,287.7,37.7,153.1,93.0,11.6,0.1,0.6,126.5,53.4,12.1,41.7,8.599488680926475,0.6072783118840527,27.2,0.1,0.1,0.2,149.2641081607071,14.6,130.65859444739988,11.1,40.3
23,125.1,88.2,76.2,261.0080873559654,123.52717860993945,264.1,114.5,260.6,195.7,167.76831414865313,402.3637873861554,253.9,349.7,221.33730724369212,146.2,255.5,101.0,282.8,291.4,369.75300982922215,197.51185078293992,187.6721175157602,361.06690634153404,137.8,304.637490830008,141.4,152.0,369.4,220.8,121.7,259.0,105.6,411.3,256.1,152.18781496055692,220.72142498339832,138.73029051797394,236.5,195.7,86.0,250.1,244.6,214.1,239.3682982851115,309.13352016965547,325.0,758.5653082887995,324.2,101.5,148.4,264.4724544205544,78.4,163.6,365.9546747773309,275.8,204.9,249.83224460339497,110.6,169.3,372.6321673897082,128.5,123.81911155192044,282.6,86.9,25.8,590.8694238797516,279.5690159835916,291.7,189.77908165398304,256.7328387243014,252.55714153394158,1133.7,267.0,177.7,330.2,416.5,168.1,205.0,223.7334827867726,120.14501016057608,589.5,215.2,271.9203623620786,425.0172246933734,187.6,216.9,29.6,365.0,121.53684491887506,345.0,247.2,152.5,209.76574227524318,243.0,293.8,230.64038970085204,89.9787694031867,340.0590888213036,274.36268480457926,180.16552242292605,294.4459654925263,132.9,84.4,254.6,429.0,270.5,147.2,105.8,90.8,231.5,323.1,161.5642622018114,302.4,186.4,151.3,73.49545964428552,806.4,278.9,387.0198166327173,419.8,93.4,117.8,284.0,256.3568466197758,299.5992334098003,188.1,249.1,161.7,226.0,267.2,201.4,283.8,263.1,111.4,205.3334393554726,91.5,107.95977272856969,111.8,81.0,224.2,164.4,88.9,282.7,342.3,271.1,80.0,156.61299480363886,282.3,67.6,163.71316883588838,115.2,115.3,147.6,71.9,1.6,261.5893331682123,239.66476689309619,156.2,109.4,2.3545131549739686,122.6,250.07009943746044,252.4,65.5,27.7,156.8,132.8,63.1,51.92305153802296,42.9,79.73041258959537,102.3,405.4,172.8,134.0,108.76249639435957,68.3,108.4,155.2,0.8,108.6,248.0,59.5,194.56809455503458,7.1050414060910905,120.7,778.2401266718759,83.3,48.962100908420965,7.5,109.22217205751318,355.3962388131389,241.09294108971287,27.7,0.1,139.2,404.8668223712328,416.4,406.4,215.3,69.4,18.2,2.9,121.1,300.4,0.2,0.5,0.2,177.7,0.1,1.3859995689679683,0.1,0.1,0.2,0.6,1.0,9.2,577.5,238.11259690730594,13.0,517.8,1.4,170.5,2.595774804407937,121.0,41.299964492856134,9.7,169.8091608110392,2.1,135.1,120.8,108.7,67.8,126.2,9.4,2.2,1.8,73.70996995960166,156.4,161.98437558228053,246.3658863255431,117.6420979725504,1.2,165.9,2.8,23.5,6.1,368.5,169.4,66.4,5.7,1.0,59.346500269548635,19.6,200.3,16.903752684875652,13.460962284189057,356.0,232.2,12.3,17.7,33.5,193.6,23.8,1.2,1.2,130.9,0.8,7.3,1.1,241.0,2.2,97.4,71.3,39.85888788576193,8.749933312905785,0.5736843664151379,2.7,58.6,90.0,0.6,128.0,7.6,72.9,85.1,57.14918527900533,9.4,0.3782889245970142,157.58452715709447,6.9,0.1,62.0,124.9,20.8,135.6,82.6,5.0,2.067998590964379,43.54803277302202,107.2,4.6,127.8,62.8,49.4,12.6,287.7,37.7,153.1,93.0,11.6,0.1,0.6,126.5,53.4,12.1,41.7,10.170472915944474,0.6187129205307903,27.2,0.1,0.1,0.2,188.86008531353235,14.6,132.6100997236224,11.1,40.3
24,125.1,88.2,76.2,243.77197448504813,122.02576160214626,264.1,114.5,260.6,195.7,195.39688159382365,453.359943958273,253.9,349.7,311.3842953963115,146.2,255.5,101.0,282.8,291.4,417.3393763115952,193.69482142403183,148.2590963210815,264.29388515581934,137.8,224.7163244107213,141.4,152.0,369.4,220.8,121.7,259.0,105.6,411.3,256.1,158.93161837824417,280.53834351632463,165.841825923856,236.5,195.7,86.0,250.1,244.6,214.1,259.68032671474845,279.37912232829194,325.0,878.9911220898086,324.2,101.5,148.4,243.10651059840936,78.4,163.6,412.26526341409397,275.8,204.9,194.37600857238516,110.6,169.3,364.73989160900743,128.5,164.51793348454729,282.6,86.9,25.8,662.3770748272999,237.57901616248586,291.7,210.79426825899716,325.71743729530976,256.4919601203505,1133.7,267.0,177.7,330.2,416.5,168.1,205.0,164.93608433455967,115.56893949553702,589.5,215.2,269.7396544180799,368.60129179368846,187.6,216.9,29.6,365.0,137.3381116635021,345.0,247.2,152.5,277.2287121003668,243.0,293.8,243.7637634422295,81.99655146882907,325.54291019416854,263.98750668703474,213.94392543378146,375.89666943039964,132.9,84.4,254.6,429.0,270.5,147.2,105.8,90.8,231.5,323.1,155.08027649675734,302.4,186.4,151.3,79.88394011245533,806.4,278.9,328.1233590025701,419.8,93.4,117.8,284.0,225.22551219046434,210.69471250228693,188.1,249.1,161.7,226.0,267.2,201.4,283.8,263.1,111.4,172.87155670780123,91.5,108.38666892114348,111.8,81.0,224.2,164.4,88.9,282.7,342.3,271.1,80.0,166.60554165592418,282.3,67.6,181.11981416355013,115.2,115.3,147.6,71.9,1.6,285.10352179480793,216.71001351590667,156.2,109.4,2.237705195327532,122.6,228.35669750057747,252.4,65.5,27.7,156.8,132.8,63.1,51.35202109305794,42.9,82.5515849866303,102.3,405.4,172.8,134.0,109.98019802472689,68.3,108.4,155.2,0.8,108.6,248.0,59.5,166.08379822290723,7.543882687180009,120.7,599.4494961407597,83.3,41.846481805738534,7.5,107.60373628105019,278.72729227514975,291.74482820329825,27.7,0.1,139.2,346.8893198678643,416.4,406.4,215.3,69.4,18.2,2.9,121.1,300.4,0.2,0.5,0.2,177.7,0.1,1.6556680472959218,0.1,0.1,0.2,0.6,1.0,9.2,577.5,197.70222582266575,13.0,517.8,1.4,170.5,3.1524446409678966,121.0,36.65339347846148,9.7,128.11396222151694,2.1,135.1,120.8,108.7,67.8,126.2,9.4,2.2,1.8,67.08851844503776,156.4,214.59004136117045,236.97364676037702,130.6486839602894,1.2,165.9,2.8,23.5,6.1,368.5,169.4,66.4,5.7,1.0,74.33736033426474,19.6,200.3,13.128391668396073,11.417860702182411,356.0,232.2,12.3,17.7,33.5,193.6,23.8,1.2,1.2,130.9,0.8,7.3,1.1,241.0,2.2,97.4,71.3,52.17305071097879,7.353541705669659,0.5741439953287361,2.7,58.6,90.0,0.6,128.0,7.6,72.9,85.1,76.42950181888476,9.4,0.4698663418900041,204.2770056386073,6.9,0.1,62.0,124.9,20.8,135.6,82.6,5.0,2.539801650196666,45.48984249466761,107.2,4.6,127.8,62.8,49.4,12.6,287.7,37.7,153.1,93.0,11.6,0.1,0.6,126.5,53.4,12.1,41.7,7.09997394786465,0.49302340616336776,27.2,0.1,0.1,0.2,154.72686961050584,14.6,123.76142978400004,11.1,40.3
25,125.1,88.2,76.2,219.23069497547914,171.8804645798449,264.1,114.5,260.6,195.7,214.15767532039368,306.9562687276716,253.9,349.7,253.2895909796086,146.2,255.5,101.0,282.8,291.4,389.78239196306004,220.9907728686221,165.51311304273537,366.3674260484529,137.8,294.4158888397609,141.4,152.0,369.4,220.8,121.7,259.0,105.6,411.3,256.1,141.4345602574493,199.06624074747776,138.48459738033077,236.5,195.7,86.0,250.1,244.6,214.1,352.03268122599127,347.92169611285243,325.0,814.4101379845397,324.2,101.5,148.4,264.89888246617625,78.4,163.6,429.9894529615309,275.8,204.9,218.6311246311104,110.6,169.3,350.38771387263023,128.5,127.65022924287707,282.6,86.9,25.8,592.8296358744327,272.74605951056,291.7,209.28744338697285,284.11805117758723,291.7302484063721,1133.7,267.0,177.7,330.2,416.5,168.1,205.0,184.44137077130532,133.26974602709487,589.5,215.2,218.85211997040312,511.91414201042085,187.6,216.9,29.6,365.0,115.16155851807795,345.0,247.2,152.5,245.88436616319623,243.0,293.8,181.77994627259164,96.20425813502266,425.10613041880634,196.11291366336886,178.15424935159484,387.66350223809854,132.9,84.4,254.6,429.0,270.5,147.2,105.8,90.8,231.5,323.1,148.57647725696347,302.4,186.4,151.3,99.71332551118967,806.4,278.9,356.54450069587136,419.8,93.4,117.8,284.0,259.0447377678836,217.19653916042017,188.1,249.1,161.7,226.0,267.2,201.4,283.8,263.1,111.4,209.31374829886022,91.5,115.29677488704489,111.8,81.0,224.2,164.4,88.9,282.7,342.3,271.1,80.0,183.32130278429645,282.3,67.6,182.41306753570328,115.2,115.3,147.6,71.9,1.6,266.10576852615765,220.8148471994352,156.2,109.4,2.4996690346455566,122.6,257.7581175803042,252.4,65.5,27.7,156.8,132.8,63.1,50.9035124869969,42.9,86.39451996015431,102.3,405.4,172.8,134.0,112.75909302584533,68.3,108.4,155.2,0.8,108.6,248.0,59.5,183.66716209944423,9.201839332160418,120.7,810.7238612367901,83.3,45.20520841573655,7.5,102.15419633971499,338.05834034142754,267.9005026874115,27.7,0.1,139.2,433.70912100043,416.4,406.4,215.3,69.4,18.2,2.9,121.1,300.4,0.2,0.5,0.2,177.7,0.1,1.7101995461486956,0.1,0.1,0.2,0.6,1.0,9.2,577.5,182.05846083497806,13.0,517.8,1.4,170.5,3.2158865284247504,121.0,35.585720425103816,9.7,143.98772949737364,2.1,135.1,120.8,108.7,67.8,126.2,9.4,2.2,1.8,75.24193181110078,156.4,153.83691801524134,254.31679040553516,135.04426857110442,1.2,165.9,2.8,23.5,6.1,368.5,169.4,66.4,5.7,1.0,60.79621825463583,19.6,200.3,14.692535149975143,10.542363737882631,356.0,232.2,12.3,17.7,33.5,193.6,23.8,1.2,1.2,130.9,0.8,7.3,1.1,241.0,2.2,97.4,71.3,56.83882051592951,7.276684158845695,0.4755541513907655,2.7,58.6,90.0,0.6,128.0,7.6,72.9,85.1,60.891153099997595,9.4,0.46556390593608593,205.28928946233844,6.9,0.1,62.0,124.9,20.8,135.6,82.6,5.0,2.6329302503665253,34.79605889384085,107.2,4.6,127.8,62.8,49.4,12.6,287.7,37.7,153.1,93.0,11.6,0.1,0.6,126.5,53.4,12.1,41.7,8.061630396347564,0.5280770280108757,27.2,0.1,0.1,0.2,143.03287390059515,14.6,133.4221100443834,11.1,40.3
26,125.1,88.2,76.2,192.0019553986254,156.1125112637908,264.1,114.5,260.6,195.7,197.700613570143,361.51551656625094,253.9,349.7,280.5281593494584,146.2,255.5,101.0,282.8,291.4,458.383800494198,181.9867631935456,148.4179095680881,293.32893656989734,137.8,264.82136051473566,141.4,152.0,369.4,220.8,121.7,259.0,105.6,411.3,256.1,186.73021883509426,220.43805869567666,152.97211423358922,236.5,195.7,86.0,250.1,244.6,214.1,242.32844176411953,360.39102956217044,325.0,933.5304235554593,324.2,101.5,148.4,213.90736628577213,78.4,163.6,473.2319397717784,275.8,204.9,214.02243725991454,110.6,169.3,348.4620360173282,128.5,159.15141275176964,282.6,86.9,25.8,483.0469313100758,209.44381463404244,291.7,162.15582156438174,296.5449737938794,224.04150150174257,1133.7,267.0,177.7,330.2,416.5,168.1,205.0,171.7021861598218,123.59636461218048,589.5,215.2,277.0832073384393,372.4728002339011,187.6,216.9,29.6,365.0,126.93643356406336,345.0,247.2,152.5,286.591182058225,243.0,293.8,234.3291385490437,90.695210793695,330.0345186031677,230.28481183926408,158.2208619666432,318.2639502164925,132.9,84.4,254.6,429.0,270.5,147.2,105.8,90.8,231.5,323.1,174.30158480969484,302.4,186.4,151.3,79.03964599665264,806.4,278.9,299.3395273011444,419.8,93.4,117.8,284.0,210.11726175096487,293.40333289930817,188.1,249.1,161.7,226.0,267.2,201.4,283.8,263.1,111.4,186.23476512924128,91.5,100.56778635163641,111.8,81.0,224.2,164.4,88.9,282.7,342.3,271.1,80.0,167.76076964569523,282.3,67.6,217.79624568909475,115.2,115.3,147.6,71.9,1.6,276.33447798111047,212.72730377386486,156.2,109.4,1.6863454396197257,122.6,302.96880968556735,252.4,65.5,27.7,156.8,132.8,63.1,58.30381360762636,42.9,80.41175890097641,102.3,405.4,172.8,134.0,79.2300689495236,68.3,108.4,155.2,0.8,108.6,248.0,59.5,174.0324637826515,8.940189553496772,120.7,689.0262662068686,83.3,38.661949596464396,7.5,87.72422697343573,353.02676671680183,309.7830778584095,27.7,0.1,139.2,347.6082164795331,416.4,406.4,215.3,69.4,18.2,2.9,121.1,300.4,0.2,0.5,0.2,177.7,0.1,1.69760503203649,0.1,0.1,0.2,0.6,1.0,9.2,577.5,219.8513625751133,13.0,517.8,1.4,170.5,3.2276079473965598,121.0,32.76541965014284,9.7,178.46779858789304,2.1,135.1,120.8,108.7,67.8,126.2,9.4,2.2,1.8,60.87525083392042,156.4,197.6926534172634,218.62935849369632,129.72586072998467,1.2,165.9,2.8,23.5,6.1,368.5,169.4,66.4,5.7,1.0,56.58908540801525,19.6,200.3,12.443381933326947,14.63568704823041,356.0,232.2,12.3,17.7,33.5,193.6,23.8,1.2,1.2,130.9,0.8,7.3,1.1,241.0,2.2,97.4,71.3,56.82334361894451,8.10291188148447,0.4121333932461968,2.7,58.6,90.0,0.6,128.0,7.6,72.9,85.1,62.48372405993728,9.4,0.32197671841115,181.3329769498507,6.9,0.1,62.0,124.9,20.8,135.6,82.6,5.0,2.1221895380776745,44.61927011451704,107.2,4.6,127.8,62.8,49.4,12.6,287.7,37.7,153.1,93.0,11.6,0.1,0.6,126.5,53.4,12.1,41.7,7.6010909714667525,0.6561386211916866,27.2,0.1,0.1,0.2,158.1527067275074,14.6,162.71134983112432,11.1,40.3
27,125.1,88.2,76.2,213.14484187661867,161.91875944073814,264.1,114.5,260.6,195.7,171.68834104646686,427.3068389876254,253.9,349.7,226.88203814635216,146.2,255.5,101.0,282.8,291.4,452.97707390504445,248.7243826500977,178.29982452584642,278.12148939630686,137.8,259.61637666418426,141.4,152.0,369.4,220.8,121.7,259.0,105.6,411.3,256.1,168.91703355761004,189.8785145681378,146.55041731628955,236.5,195.7,86.0,250.1,244.6,214.1,263.469054951843,269.91728211960657,325.0,750.5664705125333,324.2,101.5,148.4,202.84135348560162,78.4,163.6,452.3649036861291,275.8,204.9,241.32778423867188,110.6,169.3,403.1129126962661,128.5,159.07198255754727,282.6,86.9,25.8,520.0819094249,195.11423538372853,291.7,203.83475322655374,271.4352021526083,217.66421725584382,1133.7,267.0,177.7,330.2,416.5,168.1,205.0,165.55264357728302,119.04516540577681,589.5,215.2,244.3399621241118,382.2555619891206,187.6,216.9,29.6,365.0,99.9941064090494,345.0,247.2,152.5,232.7320650608631,243.0,293.8,242.57675665698258,108.92392696122211,331.1273068863054,284.8418887539357,202.05613536833602,383.4143052070166,132.9,84.4,254.6,429.0,270.5,147.2,105.8,90.8,231.5,323.1,132.74737195037423,302.4,186.4,151.3,94.66012077164379,806.4,278.9,287.81200662750365,419.8,93.4,117.8,284.0,242.9136290980533,207.03638922474153,188.1,249.1,161.7,226.0,267.2,201.4,283.8,263.1,111.4,234.9091664614229,91.5,114.59628137296444,111.8,81.0,224.2,164.4,88.9,282.7,342.3,271.1,80.0,143.79859652638063,282.3,67.6,181.86407269783078,115.2,115.3,147.6,71.9,1.6,268.0143441401073,223.86550066836384,156.2,109.4,1.9203624676977826,122.6,267.3361025087936,252.4,65.5,27.7,156.8,132.8,63.1,47.27565895999971,42.9,86.44067115233725,102.3,405.4,172.8,134.0,106.57020705426574,68.3,108.4,155.2,0.8,108.6,248.0,59.5,168.92275922685417,9.468814038778104,120.7,630.1197570583654,83.3,43.81370511634991,7.5,122.43047624158122,377.6660208358629,319.11984980231205,27.7,0.1,139.2,354.50139568975726,416.4,406.4,215.3,69.4,18.2,2.9,121.1,300.4,0.2,0.5,0.2,177.7,0.1,1.4925470761689184,0.1,0.1,0.2,0.6,1.0,9.2,577.5,226.29232449646963,13.0,517.8,1.4,170.5,3.6830235625554675,121.0,33.230147966161226,9.7,167.23772857352301,2.1,135.1,120.8,108.7,67.8,126.2,9.4,2.2,1.8,71.05013390296268,156.4,161.65506820029077,224.90749000203982,133.43241171559103,1.2,165.9,2.8,23.5,6.1,368.5,169.4,66.4,5.7,1.0,68.61510137304028,19.6,200.3,14.388122188358807,10.501696875995753,356.0,232.2,12.3,17.7,33.5,193.6,23.8,1.2,1.2,130.9,0.8,7.3,1.1,241.0,2.2,97.4,71.3,38.995063546418976,7.867960503847472,0.44003398559121804,2.7,58.6,90.0,0.6,128.0,7.6,72.9,85.1,62.659979207460744,9.4,0.3344519628299846,158.74056111246333,6.9,0.1,62.0,124.9,20.8,135.6,82.6,5.0,2.280170243698925,32.59144865683048,107.2,4.6,127.8,62.8,49.4,12.6,287.7,37.7,153.1,93.0,11.6,0.1,0.6,126.5,53.4,12.1,41.7,9.729994578872168,0.5651951296336138,27.2,0.1,0.1,0.2,130.53784882187657,14.6,147.79629465489683,11.1,40.3
28,125.1,88.2,76.2,227.02610579093795,160.81815615300204,264.1,114.5,260.6,195.7,214.64248886371166,344.307365740106,253.9,349.7,305.2528437115771,146.2,255.5,101.0,282.8,291.4,392.5914575515135,202.5816936071031,177.7695890464876,305.93642384768265,137.8,214.5559320419263,141.4,152.0,369.4,220.8,121.7,259.0,105.6,411.3,256.1,136.04501759888672,282.4380461348405,169.73148111730927,236.5,195.7,86.0,250.1,244.6,214.1,346.1738262568808,325.82808308096577,325.0,765.2108024322794,324.2,101.5,148.4,230.92073137130734,78.4,163.6,395.62021386978296,275.8,204.9,183.58665409560462,110.6,169.3,431.5877445467538,128.5,156.4866406623601,282.6,86.9,25.8,539.9925119446906,203.63680622833286,291.7,164.55710244638925,321.7753504278265,251.02531401789741,1133.7,267.0,177.7,330.2,416.5,168.1,205.0,235.94576398167288,129.52635511917177,589.5,215.2,242.24520951818235,482.210587815724,187.6,216.9,29.6,365.0,93.87992378442442,345.0,247.2,152.5,232.77949340385916,243.0,293.8,212.0825911803734,101.44512923668319,352.026066228418,205.10374012342072,192.2797994919336,339.21151558485553,132.9,84.4,254.6,429.0,270.5,147.2,105.8,90.8,231.5,323.1,163.2541458556941,302.4,186.4,151.3,77.94216590380707,806.4,278.9,386.25056330740745,419.8,93.4,117.8,284.0,233.37221937994897,240.93973401563358,188.1,249.1,161.7,226.0,267.2,201.4,283.8,263.1,111.4,191.21950322719056,91.5,100.4639946811716,111.8,81.0,224.2,164.4,88.9,282.7,342.3,271.1,80.0,127.73686484366075,282.3,67.6,190.76176869290686,115.2,115.3,147.6,71.9,1.6,237.56866069929652,251.40112676638734,156.2,109.4,2.436768944701836,122.6,280.38866349936904,252.4,65.5,27.7,156.8,132.8,63.1,41.98234099507148,42.9,84.35524277601678,102.3,405.4,172.8,134.0,84.63217254822501,68.3,108.4,155.2,0.8,108.6,248.0,59.5,203.00658008829473,8.169369511350503,120.7,837.2342098516567,83.3,34.66043409684595,7.5,94.08544381646789,282.6923658560159,262.89595977110883,27.7,0.1,139.2,433.42307906938333,416.4,406.4,215.3,69.4,18.2,2.9,121.1,300.4,0.2,0.5,0.2,177.7,0.1,1.3924364450198106,0.1,0.1,0.2,0.6,1.0,9.2,577.5,257.35045278803426,13.0,517.8,1.4,170.5,2.9111748392889187,121.0,39.70702697352145,9.7,136.92932627897443,2.1,135.1,120.8,108.7,67.8,126.2,9.4,2.2,1.8,64.29262764452498,156.4,208.10142785303873,261.2865453891529,132.13408043695426,1.2,165.9,2.8,23.5,6.1,368.5,169.4,66.4,5.7,1.0,65.49378924228469,19.6,200.3,13.671526584610454,12.185152069210895,356.0,232.2,12.3,17.7,33.5,193.6,23.8,1.2,1.2,130.9,0.8,7.3,1.1,241.0,2.2,97.4,71.3,44.1007534102393,7.360336317054167,0.4607132555047917,2.7,58.6,90.0,0.6,128.0,7.6,72.9,85.1,51.707265424292146,9.4,0.3831619457763323,190.81969896841497,6.9,0.1,62.0,124.9,20.8,135.6,82.6,5.0,1.9776642187271856,38.94176017483307,107.2,4.6,127.8,62.8,49.4,12.6,287.7,37.7,153.1,93.0,11.6,0.1,0.6,126.5,53.4,12.1,41.7,7.447628805242286,0.5375073364526609,27.2,0.1,0.1,0.2,183.21716736868157,14.6,150.2422184432201,11.1,40.3
29,125.1,88.2,76.2,224.2954765888345,142.534160894359,264.1,114.5,260.6,195.7,171.66103868377098,379.52364364659826,253.9,349.7,229.17231390071657,146.2,255.5,101.0,282.8,291.4,364.90983181440447,180.71226928712707,173.1927369647088,301.384579889067,137.8,233.0456710266497,141.4,152.0,369.4,220.8,121.7,259.0,105.6,411.3,256.1,140.5887327672325,200.41464596291866,163.69167590184776,236.5,195.7,86.0,250.1,244.6,214.1,248.47052526565236,351.40028377232704,325.0,788.7489418363535,324.2,101.5,148.4,244.4875747936198,78.4,163.6,502.69163229954444,275.8,204.9,180.0954563226288,110.6,169.3,307.72418264105175,128.5,167.00474187999095,282.6,86.9,25.8,645.7046765138566,223.59004512989725,291.7,218.51924449300122,263.1287827862514,207.95472310796308,1133.7,267.0,177.7,330.2,416.5,168.1,205.0,203.48131027792488,124.22252629251797,589.5,215.2,219.7857340089014,370.70622922989116,187.6,216.9,29.6,365.0,133.98643299851688,345.0,247.2,152.5,249.0331648710259,243.0,293.8,242.05768802504298,84.17730775452874,389.5040368520341,252.16444707298152,178.5490678074746,384.46732449101364,132.9,84.4,254.6,429.0,270.5,147.2,105.8,90.8,231.5,323.1,129.84250529651894,302.4,186.4,151.3,100.11288515462992,806.4,278.9,344.54603648707575,419.8,93.4,117.8,284.0,221.80427803882745,205.92134787164238,188.1,249.1,161.7,226.0,267.2,201.4,283.8,263.1,111.4,211.00581563254224,91.5,146.63695143426685,111.8,81.0,224.2,164.4,88.9,282.7,342.3,271.1,80.0,173.51094133105514,282.3,67.6,210.13669825979503,115.2,115.3,147.6,71.9,1.6,258.18979821028574,222.44240977462226,156.2,109.4,2.152677393060191,122.6,320.0269946801171,252.4,65.5,27.7,156.8,132.8,63.1,55.350461886121764,42.9,91.07871133049059,102.3,405.4,172.8,134.0,109.19070222243154,68.3,108.4,155.2,0.8,108.6,248.0,59.5,199.4108543282255,8.660980669893446,120.7,717.1817188832017,83.3,48.46545031761025,7.5,129.37203017432586,370.76547800322317,287.79985422151094,27.7,0.1,139.2,475.0402218558368,416.4,406.4,215.3,69.4,18.2,2.9,121.1,300.4,0.2,0.5,0.2,177.7,0.1,1.5094459941677962,0.1,0.1,0.2,0.6,1.0,9.2,577.5,246.2031012421227,13.0,517.8,1.4,170.5,3.5907324651374486,121.0,43.97996421565637,9.7,169.58593878910497,2.1,135.1,120.8,108.7,67.8,126.2,9.4,2.2,1.8,61.29424769508361,156.4,190.1600886542211,248.56710819042883,140.35334299080344,1.2,165.9,2.8,23.5,6.1,368.5,169.4,66.4,5.7,1.0,51.5552431099129,19.6,200.3,17.942383566766367,11.712915640945148,356.0,232.2,12.3,17.7,33.5,193.6,23.8,1.2,1.2,130.9,0.8,7.3,1.1,241.0,2.2,97.4,71.3,44.08305056121252,9.794587872702042,0.5175801117639532,2.7,58.6,90.0,0.6,128.0,7.6,72.9,85.1,67.15645640418985,9.4,0.3602458665663329,164.8740425020966,6.9,0.1,62.0,124.9,20.8,135.6,82.6,5.0,2.1463964446458053,45.55198468228298,107.2,4.6,127.8,62.8,49.4,12.6,287.7,37.7,153.1,93.0,11.6,0.1,0.6,126.5,53.4,12.1,41.7,10.08752292143754,0.6485310451006693,27.2,0.1,0.1,0.2,175.0826748570147,14.6,167.46160360082666,11.1,40.3
30,125.1,88.2,76.2,211.52857884924921,170.8483496832452,264.1,114.5,260.6,195.7,228.80008765252745,314.7512791277201,253.9,349.7,304.2907867873758,146.2,255.5,101.0,282.8,291.4,410.9308538264663,248.02182424107446,144.85176747221453,374.8872250052744,137.8,281.0475632403897,141.4,152.0,369.4,220.8,121.7,259.0,105.6,411.3,256.1,180.97436128734236,193.2870590826877,186.3875157529086,236.5,195.7,86.0,250.1,244.6,214.1,267.8698130654025,306.34175260037784,325.0,728.5920015667475,324.2,101.5,148.4,205.83382785479856,78.4,163.6,482.60512319100735,275.8,204.9,203.368912893634,110.6,169.3,353.7396398534437,128.5,161.3149805745239,282.6,86.9,25.8,626.3813091590489,195.968993793687,291.7,159.13337271133972,258.1093024812698,209.29973692272577,1133.7,267.0,177.7,330.2,416.5,168.1,205.0,172.72273868644933,145.7295334861991,589.5,215.2,283.3530742173237,414.3240127046406,187.6,216.9,29.6,365.0,111.28564161452607,345.0,247.2,152.5,262.16823480043985,243.0,293.8,231.52675262459883,103.41300968934783,387.58426536779257,205.6457321780211,158.23954461642776,372.72477346867447,132.9,84.4,254.6,429.0,270.5,147.2,105.8,90.8,231.5,323.1,144.29615082201627,302.4,186.4,151.3,98.18090027669285,806.4,278.9,347.44554549262466,419.8,93.4,117.8,284.0,258.8765207402093,243.12602854969373,188.1,249.1,161.7,226.0,267.2,201.4,283.8,263.1,111.4,205.30345534651528,91.5,123.47679394927644,111.8,81.0,224.2,164.4,88.9,282.7,342.3,271.1,80.0,143.35045588503652,282.3,67.6,216.92474035835022,115.2,115.3,147.6,71.9,1.6,291.09445416179756,286.7791305022321,156.2,109.4,2.3138425780113545,122.6,307.05845847620355,252.4,65.5,27.7,156.8,132.8,63.1,59.70870709982151,42.9,98.62750578563066,102.3,405.4,172.8,134.0,78.42438460630365,68.3,108.4,155.2,0.8,108.6,248.0,59.5,223.5465785705803,9.158743670607537,120.7,593.5353025147705,83.3,43.17949293917978,7.5,93.47280300291305,296.0419375186284,345.1247213092271,27.7,0.1,139.2,381.65550799646644,416.4,406.4,215.3,69.4,18.2,2.9,121.1,300.4,0.2,0.5,0.2,177.7,0.1,1.6386634461853646,0.1,0.1,0.2,0.6,1.0,9.2,577.5,228.65737480467993,13.0,517.8,1.4,170.5,3.4198805689483125,121.0,34.0773828920773,9.7,155.19017587005686,2.1,135.1,120.8,108.7,67.8,126.2,9.4,2.2,1.8,67.72182654555085,156.4,221.73122662936314,248.80750895337854,112.65383291200068,1.2,165.9,2.8,23.5,6.1,368.5,169.4,66.4,5.7,1.0,65.38993764327637,19.6,200.3,12.634363905012654,15.015136995386106,356.0,232.2,12.3,17.7,33.5,193.6,23.8,1.2,1.2,130.9,0.8,7.3,1.1,241.0,2.2,97.4,71.3,40.92142867512154,6.585201347701544,0.5016902885846747,2.7,58.6,90.0,0.6,128.0,7.6,72.9,85.1,67.00173772012789,9.4,0.4734982861654696,210.35043210938258,6.9,0.1,62.0,124.9,20.8,135.6,82.6,5.0,2.374375385314252,43.94237906072934,107.2,4.6,127.8,62.8,49.4,12.6,287.7,37.7,153.1,93.0,11.6,0.1,0.6,126.5,53.4,12.1,41.7,7.134850053223811,0.5610149610795124,27.2,0.1,0.1,0.2,127.8038672064431,14.6,131.20318176636738,11.1,40.3
31,125.1,88.2,76.2,223.9258333481106,143.2572840711087,264.1,114.5,260.6,195.7,179.45282879415907,446.70118869085866,253.9,349.7,288.1754138547851,146.2,255.5,101.0,282.8,291.4,353.4396385334894,229.44740530500383,157.73241110500447,266.52203009474493,137.8,310.06795960394004,141.4,152.0,369.4,220.8,121.7,259.0,105.6,411.3,256.1,182.6813875114174,231.14165923131642,140.91287672111855,236.5,195.7,86.0,250.1,244.6,214.1,336.12506458574893,338.64046038556086,325.0,795.2422940375665,324.2,101.5,148.4,284.9831294361582,78.4,163.6,400.07082694217735,275.8,204.9,233.21015305650013,110.6,169.3,365.5679339573742,128.5,135.7022386360395,282.6,86.9,25.8,631.6982994251146,242.72456167534662,291.7,217.79508882595613,275.6970121684546,227.33055202601045,1133.7,267.0,177.7,330.2,416.5,168.1,205.0,161.91933129452573,117.31195134082377,589.5,215.2,206.71625084676242,401.22099677530974,187.6,216.9,29.6,365.0,127.08643888292605,345.0,247.2,152.5,244.13090350345794,243.0,293.8,223.5782470662822,86.99567069957085,434.19779622544996,206.74907259649098,218.12963294727308,390.25498804939775,132.9,84.4,254.6,429.0,270.5,147.2,105.8,90.8,231.5,323.1,181.87743389372795,302.4,186.4,151.3,101.21626933325332,806.4,278.9,375.53962404138565,419.8,93.4,117.8,284.0,206.42238474106725,224.68715600101115,188.1,249.1,161.7,226.0,267.2,201.4,283.8,263.1,111.4,238.0210183467829,91.5,130.53701583994138,111.8,81.0,224.2,164.4,88.9,282.7,342.3,271.1,80.0,169.54845969656827,282.3,67.6,201.0815187560977,115.2,115.3,147.6,71.9,1.6,211.2003075333045,265.91486788420497,156.2,109.4,1.76251937290934,122.6,231.95799550336682,252.4,65.5,27.7,156.8,132.8,63.1,44.590566428426705,42.9,76.5478607202247,102.3,405.4,172.8,134.0,91.5693498005689,68.3,108.4,155.2,0.8,108.6,248.0,59.5,247.62942352258042,8.379643537520556,120.7,747.8212949648344,83.3,35.2987448399804,7.5,99.2531574902644,310.75939226874414,319.31509250690806,27.7,0.1,139.2,348.9856986630498,416.4,406.4,215.3,69.4,18.2,2.9,121.1,300.4,0.2,0.5,0.2,177.7,0.1,1.305854115930775,0.1,0.1,0.2,0.6,1.0,9.2,577.5,229.46863454364507,13.0,517.8,1.4,170.5,2.8993737843356646,121.0,34.27816229410198,9.7,131.6132797048121,2.1,135.1,120.8,108.7,67.8,126.2,9.4,2.2,1.8,60.17054804766929,156.4,189.659754270047,216.01043349040452,131.37010896709887,1.2,165.9,2.8,23.5,6.1,368.5,169.4,66.4,5.7,1.0,57.81261441439822,19.6,200.3,12.716394847609934,14.819328013334811,356.0,232.2,12.3,17.7,33.5,193.6,23.8,1.2,1.2,130.9,0.8,7.3,1.1,241.0,2.2,97.4,71.3,47.535170149692306,8.784383542096075,0.5291531158442783,2.7,58.6,90.0,0.6,128.0,7.6,72.9,85.1,55.79518535461055,9.4,0.450002794539282,177.03430387060246,6.9,0.1,62.0,124.9,20.8,135.6,82.6,5.0,2.504256398962194,47.806545572807494,107.2,4.6,127.8,62.8,49.4,12.6,287.7,37.7,153.1,93.0,11.6,0.1,0.6,126.5,53.4,12.1,41.7,9.574721582395505,0.4835554344645422,27.2,0.1,0.1,0.2,128.50374534217343,14.6,155.0585852163286,11.1,40.3
32,125.1,88.2,76.2,192.98853023501172,162.67415740752733,264.1,114.5,260.6,195.7,235.71947678904394,450.0658626631086,253.9,349.7,300.2509716181914,146.2,255.5,101.0,282.8,291.4,413.9986534505821,175.23469348879786,141.71195987789673,269.65570924402994,137.8,315.77188236750965,141.4,152.0,369.4,220.8,121.7,259.0,105.6,411.3,256.1,160.10425280603897,237.24794320995073,138.13804134038435,236.5,195.7,86.0,250.1,244.6,214.1,307.82146197299545,343.55523380423153,325.0,701.8389659512154,324.2,101.5,148.4,211.73273173682585,78.4,163.6,396.0014574940018,275.8,204.9,201.99704940961098,110.6,169.3,404.70619097450515,128.5,170.6787449987624,282.6,86.9,25.8,630.2637722117587,231.2981095612144,291.7,205.38789906431504,262.6691496192375,200.83219582789715,1133.7,267.0,177.7,330.2,416.5,168.1,205.0,167.72704435839802,153.39641798880365,589.5,215.2,263.04652376913793,476.49105679634727,187.6,216.9,29.6,365.0,96.7838907074298,345.0,247.2,152.5,228.43880087870897,243.0,293.8,233.43110496409477,77.3626823854684,357.30945437749483,277.22816806862613,155.8322325896638,289.9690198867884,132.9,84.4,254.6,429.0,270.5,147.2,105.8,90.8,231.5,323.1,182.4006821135266,302.4,186.4,151.3,82.15916683334716,806.4,278.9,350.508369263445,419.8,93.4,117.8,284.0,205.98095161422748,294.97376108704566,188.1,249.1,161.7,226.0,267.2,201.4,283.8,263.1,111.4,239.67275126724894,91.5,135.8304270974063,111.8,81.0,224.2,164.4,88.9,282.7,342.3,271.1,80.0,153.73838482831022,282.3,67.6,208.99529237739267,115.2,115.3,147.6,71.9,1.6,271.92301350119266,213.09616682568264,156.2,109.4,2.078866601937893,122.6,271.7497583016526,252.4,65.5,27.7,156.8,132.8,63.1,45.83974105658057,42.9,79.57847091007382,102.3,405.4,172.8,134.0,103.34589450008815,68.3,108.4,155.2,0.8,108.6,248.0,59.5,246.02261271612537,9.258508038223338,120.7,805.4853024346203,83.3,46.93949573011274,7.5,104.93263858844615,311.2501938921962,332.4027007494209,27.7,0.1,139.2,364.94496661812576,416.4,406.4,215.3,69.4,18.2,2.9,121.1,300.4,0.2,0.5,0.2,177.7,0.1,1.5443852800245295,0.1,0.1,0.2,0.6,1.0,9.2,577.5,214.4212717426871,13.0,517.8,1.4,170.5,3.2004292579619458,121.0,31.586078027061028,9.7,159.83868948138442,2.1,135.1,120.8,108.7,67.8,126.2,9.4,2.2,1.8,69.87926990570767,156.4,163.85692803215133,210.73790907118504,134.56972722807393,1.2,165.9,2.8,23.5,6.1,368.5,169.4,66.4,5.7,1.0,68.99284565677351,19.6,200.3,14.639545718993782,12.160606976140045,356.0,232.2,12.3,17.7,33.5,193.6,23.8,1.2,1.2,130.9,0.8,7.3,1.1,241.0,2.2,97.4,71.3,56.30534729709064,7.654349061171501,0.4670231244574338,2.7,58.6,90.0,0.6,128.0,7.6,72.9,85.1,57.97792759258274,9.4,0.43297924921467656,170.35574882141384,6.9,0.1,62.0,124.9,20.8,135.6,82.6,5.0,2.5622937568139257,46.29545467377632,107.2,4.6,127.8,62.8,49.4,12.6,287.7,37.7,153.1,93.0,11.6,0.1,0.6,126.5,53.4,12.1,41.7,9.079345430102446,0.7189952471488734,27.2,0.1,0.1,0.2,182.69828252905023,14.6,125.42727339171462,11.1,40.3
33,125.1,88.2,76.2,213.73929796078232,126.66906135671802,264.1,114.5,260.6,195.7,224.36819605311027,369.50141902451077,253.9,349.7,274.0767424682042,146.2,255.5,101.0,282.8,291.4,396.0756580689993,210.17698932816023,146.84458567772768,311.03839090992284,137.8,281.4829891528088,141.4,152.0,369.4,220.8,121.7,259.0,105.6,411.3,256.1,151.24770071505776,279.7662270988503,157.63442209232372,236.5,195.7,86.0,250.1,244.6,214.1,307.04448912829116,322.11568020337273,325.0,834.8306162117406,324.2,101.5,148.4,274.9675806359797,78.4,163.6,458.95387454619777,275.8,204.9,229.58735017021434,110.6,169.3,360.7445359711137,128.5,168.19252730652835,282.6,86.9,25.8,486.15508906156276,200.07777443964432,291.7,195.25910929881059,289.43221080449445,293.81221994649667,1133.7,267.0,177.7,330.2,416.5,168.1,205.0,191.47231133862897,112.16805808563912,589.5,215.2,238.65647088591354,445.71083586462754,187.6,216.9,29.6,365.0,132.44960787861126,345.0,247.2,152.5,262.551049891708,243.0,293.8,207.63141976770424,83.57988447900237,381.97826324141965,261.8192309652091,165.42478584198457,373.9041062437688,132.9,84.4,254.6,429.0,270.5,147.2,105.8,90.8,231.5,323.1,162.42933061599174,302.4,186.4,151.3,93.38989514180753,806.4,278.9,276.18194065971335,419.8,93.4,117.8,284.0,296.8321737860035,234.67919537681743,188.1,249.1,161.7,226.0,267.2,201.4,283.8,263.1,111.4,220.3394571802774,91.5,126.16588138377605,111.8,81.0,224.2,164.4,88.9,282.7,342.3,271.1,80.0,146.58443752909267,282.3,67.6,177.49443354931293,115.2,115.3,147.6,71.9,1.6,279.26291776578023,207.11147835634378,156.2,109.4,2.125004584194625,122.6,311.17954692844097,252.4,65.5,27.7,156.8,132.8,63.1,48.98486887062938,42.9,78.46768845270569,102.3,405.4,172.8,134.0,104.94154275324215,68.3,108.4,155.2,0.8,108.6,248.0,59.5,223.4292784650526,8.152906432249567,120.7,626.2117535542772,83.3,40.3088198811036,7.5,116.72895633856939,277.35164691887474,240.07806444175355,27.7,0.1,139.2,395.2188260269049,416.4,406.4,215.3,69.4,18.2,2.9,121.1,300.4,0.2,0.5,0.2,177.7,0.1,1.913259369605731,0.1,0.1,0.2,0.6,1.0,9.2,577.5,216.18091680463743,13.0,517.8,1.4,170.5,3.499424069779822,121.0,37.64323872194013,9.7,127.9630367329338,2.1,135.1,120.8,108.7,67.8,126.2,9.4,2.2,1.8,54.544868548002675,156.4,189.96382165884614,260.1193465158319,136.88235815896905,1.2,165.9,2.8,23.5,6.1,368.5,169.4,66.4,5.7,1.0,72.87125748850679,19.6,200.3,17.406766539648444,10.45088350842076,356.0,232.2,12.3,17.7,33.5,193.6,23.8,1.2,1.2,130.9,0.8,7.3,1.1,241.0,2.2,97.4,71.3,49.55134852297803,7.766448614019868,0.5440407864174511,2.7,58.6,90.0,0.6,128.0,7.6,72.9,85.1,71.4711358990964,9.4,0.3327009291704246,179.1105267278187,6.9,0.1,62.0,124.9,20.8,135.6,82.6,5.0,2.775775291306978,44.52813645838453,107.2,4.6,127.8,62.8,49.4,12.6,287.7,37.7,153.1,93.0,11.6,0.1,0.6,126.5,53.4,12.1,41.7,6.964455137413885,0.5999810007914701,27.2,0.1,0.1,0.2,144.6363503573573,14.6,161.1737547334431,11.1,40.3
34,125.1,88.2,76.2,243.25893132061967,176.130922576013,264.1,114.5,260.6,195.7,206.41331624752513,310.1671838897113,253.9,349.7,248.46316123044338,146.2,255.5,101.0,282.8,291.4,452.68252070470925,227.87746146626006,142.27433137146338,331.3461256657796,137.8,235.01062004794315,141.4,152.0,369.4,220.8,121.7,259.0,105.6,411.3,256.1,135.385464666504,278.0304943113118,187.54619541385293,236.5,195.7,86.0,250.1,244.6,214.1,306.3620650410454,367.4702074305276,325.0,738.9509635688489,324.2,101.5,148.4,218.73462914462215,78.4,163.6,388.5194615925556,275.8,204.9,200.08475480728674,110.6,169.3,330.20802031426075,128.5,151.1643253035137,282.6,86.9,25.8,580.6065291943751,231.72011010227988,291.7,218.96470133489788,297.30846670400734,261.43121113636073,1133.7,267.0,177.7,330.2,416.5,168.1,205.0,216.0825237594974,142.12393236675314,589.5,215.2,246.69896541520978,424.2784526890087,187.6,216.9,29.6,365.0,113.07046138640246,345.0,247.2,152.5,236.84802319132544,243.0,293.8,219.16348703013063,73.55792500374757,398.27596633428664,207.7595464137051,165.3517578416906,344.78926663353684,132.9,84.4,254.6,429.0,270.5,147.2,105.8,90.8,231.5,323.1,137.93633755054734,302.4,186.4,151.3,76.65501849726753,806.4,278.9,294.0565064173883,419.8,93.4,117.8,284.0,222.716664240113,281.43581527896964,188.1,249.1,161.7,226.0,267.2,201.4,283.8,263.1,111.4,192.29186214636056,91.5,143.5438175668492,111.8,81.0,224.2,164.4,88.9,282.7,342.3,271.1,80.0,141.08390898912538,282.3,67.6,204.24465650535961,115.2,115.3,147.6,71.9,1.6,250.46573321188515,220.73763706456575,156.2,109.4,2.413242748155501,122.6,233.2809418194092,252.4,65.5,27.7,156.8,132.8,63.1,52.06803770015943,42.9,81.75261875295828,102.3,405.4,172.8,134.0,102.51877407958584,68.3,108.4,155.2,0.8,108.6,248.0,59.5,180.14335232091491,8.99845847168276,120.7,780.6235110684671,83.3,38.39727325138555,7.5,124.5710519227202,368.6220967605994,256.0564716728605,27.7,0.1,139.2,412.01550073399653,416.4,406.4,215.3,69.4,18.2,2.9,121.1,300.4,0.2,0.5,0.2,177.7,0.1,1.907104381194492,0.1,0.1,0.2,0.6,1.0,9.2,577.5,252.12620295952428,13.0,517.8,1.4,170.5,2.4841709356018424,121.0,31.06382802890242,9.7,148.8295436831901,2.1,135.1,120.8,108.7,67.8,126.2,9.4,2.2,1.8,75.06431492663371,156.4,223.40318901090836,211.11706273721092,110.83436754653341,1.2,165.9,2.8,23.5,6.1,368.5,169.4,66.4,5.7,1.0,63.866054611827174,19.6,200.3,16.923358570156147,15.437503187957333,356.0,232.2,12.3,17.7,33.5,193.6,23.8,1.2,1.2,130.9,0.8,7.3,1.1,241.0,2.2,97.4,71.3,45.697686540759136,8.523907579683417,0.5709804967142704,2.7,58.6,90.0,0.6,128.0,7.6,72.9,85.1,68.76295172777071,9.4,0.45046118935772766,167.77644784333737,6.9,0.1,62.0,124.9,20.8,135.6,82.6,5.0,2.434596788249224,37.979180461031454,107.2,4.6,127.8,62.8,49.4,12.6,287.7,37.7,153.1,93.0,11.6,0.1,0.6,126.5,53.4,12.1,41.7,10.172386513855683,0.6628242326287183,27.2,0.1,0.1,0.2,188.20480215314657,14.6,159.79391715626878,11.1,40.3
35,125.1,88.2,76.2,238.29935236834976,174.4910373476635,264.1,114.5,260.6,195.7,167.68709677819976,447.49040027436286,253.9,349.7,313.1232259383063,146.2,255.5,101.0,282.8,291.4,486.0380338665535,237.5388099692633,133.27636409199465,311.6664299722261,137.8,226.08571032512504,141.4,152.0,369.4,220.8,121.7,259.0,105.6,411.3,256.1,173.63449312114227,230.7623132783658,134.36639783433802,236.5,195.7,86.0,250.1,244.6,214.1,314.1594959279852,332.7874750401548,325.0,915.0746958560145,324.2,101.5,148.4,231.63759732176786,78.4,163.6,375.26365515318855,275.8,204.9,258.5080099865097,110.6,169.3,354.2596753548514,128.5,154.34896970819034,282.6,86.9,25.8,644.0484756163378,258.70494100772385,291.7,198.07858397233804,297.647588861111,263.3920630152696,1133.7,267.0,177.7,330.2,416.5,168.1,205.0,175.82721767442948,136.34867712126155,589.5,215.2,209.72330999438117,458.27872196415245,187.6,216.9,29.6,365.0,138.43655745648582,345.0,247.2,152.5,257.26174642160373,243.0,293.8,175.8197802666781,95.2322811938685,408.8207298559513,211.68105626036782,162.78441397736634,359.16777627370493,132.9,84.4,254.6,429.0,270.5,147.2,105.8,90.8,231.5,323.1,172.1593493390184,302.4,186.4,151.3,72.79643923904399,806.4,278.9,331.3997768736062,419.8,93.4,117.8,284.0,223.77520034961051,237.68270709450024,188.1,249.1,161.7,226.0,267.2,201.4,283.8,263.1,111.4,214.14932877691078,91.5,113.1943649709525,111.8,81.0,224.2,164.4,88.9,282.7,342.3,271.1,80.0,171.058838936242,282.3,67.6,212.8156661541962,115.2,115.3,147.6,71.9,1.6,260.156967441525,220.90395687372174,156.2,109.4,1.8817175487507742,122.6,220.84999978728686,252.4,65.5,27.7,156.8,132.8,63.1,59.710160644299144,42.9,96.58643905350992,102.3,405.4,172.8,134.0,102.1295108567991,68.3,108.4,155.2,0.8,108.6,248.0,59.5,206.00397876067532,6.718636674806851,120.7,693.1795599994941,83.3,49.82164584471743,7.5,128.49470467132147,326.4595852642948,316.0466639276847,27.7,0.1,139.2,435.38304813564326,416.4,406.4,215.3,69.4,18.2,2.9,121.1,300.4,0.2,0.5,0.2,177.7,0.1,1.8660251699055386,0.1,0.1,0.2,0.6,1.0,9.2,577.5,218.7477242518375,13.0,517.8,1.4,170.5,3.18781334925497,121.0,44.53944525298158,9.7,161.67785650005075,2.1,135.1,120.8,108.7,67.8,126.2,9.4,2.2,1.8,60.3214030883189,156.4,222.0683694981362,210.23444912013713,119.07444415494105,1.2,165.9,2.8,23.5,6.1,368.5,169.4,66.4,5.7,1.0,72.04562064155708,19.6,200.3,12.037495021331164,14.966440720970565,356.0,232.2,12.3,17.7,33.5,193.6,23.8,1.2,1.2,130.9,0.8,7.3,1.1,241.0,2.2,97.4,71.3,56.41047201070493,6.936676443022506,0.522896719133563,2.7,58.6,90.0,0.6,128.0,7.6,72.9,85.1,71.46773114715225,9.4,0.3443099494204652,209.98139974393106,6.9,0.1,62.0,124.9,20.8,135.6,82.6,5.0,1.9538814197032643,44.53241615876366,107.2,4.6,127.8,62.8,49.4,12.6,287.7,37.7,153.1,93.0,11.6,0.1,0.6,126.5,53.4,12.1,41.7,9.290172817748251,0.5054126130879183,27.2,0.1,0.1,0.2,143.59359695435012,14.6,176.04125715025503,11.1,40.3
36,125.1,88.2,76.2,195.57555116100195,123.9528799297747,264.1,114.5,260.6,195.7,241.84040514938226,450.94407497298835,253.9,349.7,307.81618006848544,146.2,255.5,101.0,282.8,291.4,384.8339608498301,250.59495500996226,159.23302054215748,319.72413973571724,137.8,236.46986755454196,141.4,152.0,369.4,220.8,121.7,259.0,105.6,411.3,256.1,171.67275711956472,236.5021812545668,132.80966797544423,236.5,195.7,86.0,250.1,244.6,214.1,249.25814415527805,313.97211874614334,325.0,813.6467082082557,324.2,101.5,148.4,275.8697442744159,78.4,163.6,406.3518626430829,275.8,204.9,211.8134637743899,110.6,169.3,403.4216464592655,128.5,139.4917758894054,282.6,86.9,25.8,581.7359302525152,243.1410694695205,291.7,192.95737132673204,284.6198603106023,274.0135116056718,1133.7,267.0,177.7,330.2,416.5,168.1,205.0,182.82452656673397,122.96255641102279,589.5,215.2,231.8582468804895,417.7567532518139,187.6,216.9,29.6,365.0,93.56958145338706,345.0,247.2,152.5,215.31742866855495,243.0,293.8,242.86283491597396,105.67521761720278,393.8353654355759,232.84519874084555,192.73855237641192,289.06820893019045,132.9,84.4,254.6,429.0,270.5,147.2,105.8,90.8,231.5,323.1,123.9507414012239,302.4,186.4,151.3,78.89931664652666,806.4,278.9,367.62240941943946,419.8,93.4,117.8,284.0,235.28071017288212,276.5417316363646,188.1,249.1,161.7,226.0,267.2,201.4,283.8,263.1,111.4,235.84297423753878,91.5,120.05451055640846,111.8,81.0,224.2,164.4,88.9,282.7,342.3,271.1,80.0,168.29637785987666,282.3,67.6,162.07212776505415,115.2,115.3,147.6,71.9,1.6,228.3411397639229,300.78245098606294,156.2,109.4,1.9429049521377557,122.6,235.48625170904137,252.4,65.5,27.7,156.8,132.8,63.1,49.20765916957905,42.9,85.58965648551629,102.3,405.4,172.8,134.0,102.54167503426775,68.3,108.4,155.2,0.8,108.6,248.0,59.5,203.13016673303923,6.884076015556472,120.7,749.6190735977729,83.3,38.45654650872334,7.5,97.24277698481957,328.3681670714968,348.56244815381785,27.7,0.1,139.2,435.597160563643,416.4,406.4,215.3,69.4,18.2,2.9,121.1,300.4,0.2,0.5,0.2,177.7,0.1,1.7293006749823254,0.1,0.1,0.2,0.6,1.0,9.2,577.5,210.8217356229444,13.0,517.8,1.4,170.5,3.636342912674399,121.0,38.14554990194451,9.7,154.9153204305597,2.1,135.1,120.8,108.7,67.8,126.2,9.4,2.2,1.8,58.71798085315567,156.4,203.63252643058723,241.00129591827647,116.59144205550126,1.2,165.9,2.8,23.5,6.1,368.5,169.4,66.4,5.7,1.0,64.84575410225332,19.6,200.3,12.432368133507547,14.839068445448806,356.0,232.2,12.3,17.7,33.5,193.6,23.8,1.2,1.2,130.9,0.8,7.3,1.1,241.0,2.2,97.4,71.3,53.15730893657101,6.944511496346541,0.456507678655137,2.7,58.6,90.0,0.6,128.0,7.6,72.9,85.1,52.06792853226867,9.4,0.37442069852090154,151.38537985186355,6.9,0.1,62.0,124.9,20.8,135.6,82.6,5.0,1.9542529686941936,46.61021658240299,107.2,4.6,127.8,62.8,49.4,12.6,287.7,37.7,153.1,93.0,11.6,0.1,0.6,126.5,53.4,12.1,41.7,8.96221401054081,0.6509532418588181,27.2,0.1,0.1,0.2,163.37320399872067,14.6,174.56414249207916,11.1,40.3
37,125.1,88.2,76.2,179.87081137675057,179.508060966844,264.1,114.5,260.6,195.7,175.5596994768404,405.4248076060567,253.9,349.7,278.1992861452946,146.2,255.5,101.0,282.8,291.4,454.646134428967,198.70851397617338,161.30196234821508,256.9595203164662,137.8,218.64189462747532,141.4,152.0,369.4,220.8,121.7,259.0,105.6,411.3,256.1,179.1284846236475,260.77382822321505,173.87227192231381,236.5,195.7,86.0,250.1,244.6,214.1,304.61361440821787,283.37483536264415,325.0,698.5092340898393,324.2,101.5,148.4,209.3154709208223,78.4,163.6,511.9195392859201,275.8,204.9,209.79215814436486,110.6,169.3,333.296675472648,128.5,149.51549328530953,282.6,86.9,25.8,558.8804994538574,285.86950152955575,291.7,221.2621789250793,284.4650675651676,239.34223431405658,1133.7,267.0,177.7,330.2,416.5,168.1,205.0,175.67851944564381,146.39682941851294,589.5,215.2,206.1560474380745,399.08087966945516,187.6,216.9,29.6,365.0,110.42536560379186,345.0,247.2,152.5,261.9440246068872,243.0,293.8,204.0919384099263,93.16167414809217,298.3731702504535,213.13132749492627,180.97595982051706,284.858457139524,132.9,84.4,254.6,429.0,270.5,147.2,105.8,90.8,231.5,323.1,141.10747496808682,302.4,186.4,151.3,90.76323599846236,806.4,278.9,320.8904950191794,419.8,93.4,117.8,284.0,205.3183102775599,272.2200553296277,188.1,249.1,161.7,226.0,267.2,201.4,283.8,263.1,111.4,239.9630638262872,91.5,121.0521936895889,111.8,81.0,224.2,164.4,88.9,282.7,342.3,271.1,80.0,148.8048291843709,282.3,67.6,191.09370727272528,115.2,115.3,147.6,71.9,1.6,249.9238330626886,240.01320035486657,156.2,109.4,2.168176102027898,122.6,245.67238029524555,252.4,65.5,27.7,156.8,132.8,63.1,55.32055047092913,42.9,90.20621301204395,102.3,405.4,172.8,134.0,97.75695453108892,68.3,108.4,155.2,0.8,108.6,248.0,59.5,167.27705634067547,7.1654818741216095,120.7,738.6001050604953,83.3,48.715018665432346,7.5,130.89826100691707,275.2038710506217,249.46828094506702,27.7,0.1,139.2,454.15614736008007,416.4,406.4,215.3,69.4,18.2,2.9,121.1,300.4,0.2,0.5,0.2,177.7,0.1,1.5572777539307747,0.1,0.1,0.2,0.6,1.0,9.2,577.5,176.95539915836625,13.0,517.8,1.4,170.5,3.2394439093450673,121.0,31.69491724136459,9.7,184.62011910988056,2.1,135.1,120.8,108.7,67.8,126.2,9.4,2.2,1.8,53.026532883521746,156.4,167.58351732890503,222.65922222181737,127.98408994422606,1.2,165.9,2.8,23.5,6.1,368.5,169.4,66.4,5.7,1.0,55.33128871439504,19.6,200.3,12.348474379715215,11.30225152904378,356.0,232.2,12.3,17.7,33.5,193.6,23.8,1.2,1.2,130.9,0.8,7.3,1.1,241.0,2.2,97.4,71.3,47.27379064493223,7.580405934116105,0.5263529486762643,2.7,58.6,90.0,0.6,128.0,7.6,72.9,85.1,75.0203291764147,9.4,0.38384144884965665,187.84749152225731,6.9,0.1,62.0,124.9,20.8,135.6,82.6,5.0,2.8699425748976095,33.506714773195895,107.2,4.6,127.8,62.8,49.4,12.6,287.7,37.7,153.1,93.0,11.6,0.1,0.6,126.5,53.4,12.1,41.7,9.771077203756896,0.6487857206761504,27.2,0.1,0.1,0.2,180.345570556297,14.6,131.34512649220378,11.1,40.3
38,125.1,88.2,76.2,182.79796393240312,175.84280134482736,264.1,114.5,260.6,195.7,191.53080641110643,316.2407084184883,253.9,349.7,264.8140371367654,146.2,255.5,101.0,282.8,291.4,362.4427708154969,251.2156116012196,137.86864238596635,279.29491478257177,137.8,242.86490064018807,141.4,152.0,369.4,220.8,121.7,259.0,105.6,411.3,256.1,162.34954087780721,224.30681777753608,132.81147998449336,236.5,195.7,86.0,250.1,244.6,214.1,289.86542497249064,264.9447860505435,325.0,894.3743100821658,324.2,101.5,148.4,265.1995144999184,78.4,163.6,468.039247384756,275.8,204.9,231.99461905504947,110.6,169.3,367.5991435302805,128.5,143.21461450408106,282.6,86.9,25.8,502.05179327026036,198.6055079341465,291.7,170.57995801440597,244.8282049536262,294.9863162093123,1133.7,267.0,177.7,330.2,416.5,168.1,205.0,196.08110271094893,145.60588901973372,589.5,215.2,237.6611766567266,400.23851782728747,187.6,216.9,29.6,365.0,115.85894639909208,345.0,247.2,152.5,221.46700856804298,243.0,293.8,215.25064954365288,108.84386664363456,426.81707309921023,265.24470431102566,189.51076495173072,371.7549662995758,132.9,84.4,254.6,429.0,270.5,147.2,105.8,90.8,231.5,323.1,166.03161991624447,302.4,186.4,151.3,100.60983252378917,806.4,278.9,352.2532616349634,419.8,93.4,117.8,284.0,213.32733031289425,284.4145541291366,188.1,249.1,161.7,226.0,267.2,201.4,283.8,263.1,111.4,173.90548604483178,91.5,139.9820029071252,111.8,81.0,224.2,164.4,88.9,282.7,342.3,271.1,80.0,128.5855687615886,282.3,67.6,171.92450189675336,115.2,115.3,147.6,71.9,1.6,229.19104630417962,278.5743555733254,156.2,109.4,2.386422092695694,122.6,221.9589501963765,252.4,65.5,27.7,156.8,132.8,63.1,46.646046106257444,42.9,66.75448152684092,102.3,405.4,172.8,134.0,92.91724582778862,68.3,108.4,155.2,0.8,108.6,248.0,59.5,198.81634347585066,7.510432153786972,120.7,642.8456874454619,83.3,41.60763269074275,7.5,96.09577230902092,324.36481102388916,355.0648616915439,27.7,0.1,139.2,413.50236774703774,416.4,406.4,215.3,69.4,18.2,2.9,121.1,300.4,0.2,0.5,0.2,177.7,0.1,1.9156943257479933,0.1,0.1,0.2,0.6,1.0,9.2,577.5,218.54506192740772,13.0,517.8,1.4,170.5,2.796879195246266,121.0,37.33453144035105,9.7,164.62268248027868,2.1,135.1,120.8,108.7,67.8,126.2,9.4,2.2,1.8,57.34080230084759,156.4,214.77186328649609,235.94597457884217,112.04449781613243,1.2,165.9,2.8,23.5,6.1,368.5,169.4,66.4,5.7,1.0,75.80961258065292,19.6,200.3,13.550373526934948,12.113721236046894,356.0,232.2,12.3,17.7,33.5,193.6,23.8,1.2,1.2,130.9,0.8,7.3,1.1,241.0,2.2,97.4,71.3,45.884240178423944,7.72885036708636,0.5433170948186412,2.7,58.6,90.0,0.6,128.0,7.6,72.9,85.1,74.21623598235591,9.4,0.3824386945392565,202.6921714586914,6.9,0.1,62.0,124.9,20.8,135.6,82.6,5.0,2.313371366344622,37.337741470150235,107.2,4.6,127.8,62.8,49.4,12.6,287.7,37.7,153.1,93.0,11.6,0.1,0.6,126.5,53.4,12.1,41.7,8.618460267914697,0.6541131172910651,27.2,0.1,0.1,0.2,154.547100958869,14.6,133.25714017407878,11.1,40.3
39,125.1,88.2,76.2,220.02425215821876,142.43615217617926,264.1,114.5,260.6,195.7,217.3684286916565,436.09961676655473,253.9,349.7,320.05471402931096,146.2,255.5,101.0,282.8,291.4,404.80512067434256,226.04813350261213,188.42060513387133,261.2874868579595,137.8,268.3388120776018,141.4,152.0,369.4,220.8,121.7,259.0,105.6,411.3,256.1,177.25729607303728,252.0830682390117,166.07473760991974,236.5,195.7,86.0,250.1,244.6,214.1,317.349542108364,287.51018920001343,325.0,893.2694647173348,324.2,101.5,148.4,255.71223553215663,78.4,163.6,385.2428806613929,275.8,204.9,260.31343819058924,110.6,169.3,407.249025305195,128.5,130.0934688696773,282.6,86.9,25.8,464.6162111071894,201.17777725983404,291.7,219.13075729753547,288.1171034021181,271.8374278993695,1133.7,267.0,177.7,330.2,416.5,168.1,205.0,169.61662892124093,138.06644198083495,589.5,215.2,200.3721274851191,371.7238520010603,187.6,216.9,29.6,365.0,121.1516148497439,345.0,247.2,152.5,212.2807117496479,243.0,293.8,196.16464209424302,93.51442675563104,424.9170114206885,227.01682642559598,184.23800351573834,380.13245024939613,132.9,84.4,254.6,429.0,270.5,147.2,105.8,90.8,231.5,323.1,146.3670931251867,302.4,186.4,151.3,87.28366599990791,806.4,278.9,278.49919300947477,419.8,93.4,117.8,284.0,229.44341356960345,282.1751301908067,188.1,249.1,161.7,226.0,267.2,201.4,283.8,263.1,111.4,202.97494487050136,91.5,136.41862742837228,111.8,81.0,224.2,164.4,88.9,282.7,342.3,271.1,80.0,177.64666059351077,282.3,67.6,171.8783828356616,115.2,115.3,147.6,71.9,1.6,212.00268562842436,225.33885601557483,156.2,109.4,2.0379177465954275,122.6,255.2660654644716,252.4,65.5,27.7,156.8,132.8,63.1,41.62347173459066,42.9,85.15767682966231,102.3,405.4,172.8,134.0,99.54634708956445,68.3,108.4,155.2,0.8,108.6,248.0,59.5,242.40969711308645,7.822450850092489,120.7,597.0913476481801,83.3,45.84817354440297,7.5,113.38254539556688,347.42442502765357,354.9994793162104,27.7,0.1,139.2,377.5919130730489,416.4,406.4,215.3,69.4,18.2,2.9,121.1,300.4,0.2,0.5,0.2,177.7,0.1,1.6904890491769542,0.1,0.1,0.2,0.6,1.0,9.2,577.5,245.25969508604425,13.0,517.8,1.4,170.5,2.500108655642654,121.0,44.75837302036031,9.7,154.5474073770569,2.1,135.1,120.8,108.7,67.8,126.2,9.4,2.2,1.8,66.94993441182851,156.4,229.82747529876696,246.1507590455974,114.18966914199376,1.2,165.9,2.8,23.5,6.1,368.5,169.4,66.4,5.7,1.0,65.13629995680905,19.6,200.3,13.23303863535168,11.510258522142747,356.0,232.2,12.3,17.7,33.5,193.6,23.8,1.2,1.2,130.9,0.8,7.3,1.1,241.0,2.2,97.4,71.3,39.908555899723176,7.0771974993242,0.46815518309353465,2.7,58.6,90.0,0.6,128.0,7.6,72.9,85.1,58.07012597681573,9.4,0.3566823315046267,210.65304136526828,6.9,0.1,62.0,124.9,20.8,135.6,82.6,5.0,2.2397513583192135,45.77472671833793,107.2,4.6,127.8,62.8,49.4,12.6,287.7,37.7,153.1,93.0,11.6,0.1,0.6,126.5,53.4,12.1,41.7,10.096361670778233,0.6635180696584269,27.2,0.1,0.1,0.2,180.28003987387524,14.6,132.9447470624139,11.1,40.3
40,125.1,88.2,76.2,256.4852499521913,158.2251899413131,264.1,114.5,260.6,195.7,214.2925920286217,324.3953374776697,253.9,349.7,294.740307022351,146.2,255.5,101.0,282.8,291.4,405.347259588065,233.93709446572797,181.17564945631864,319.31689068576964,137.8,273.06137253039924,141.4,152.0,369.4,220.8,121.7,259.0,105.6,411.3,256.1,182.17955720644184,202.29640389632797,149.15960173001463,236.5,195.7,86.0,250.1,244.6,214.1,328.9887372597735,274.3781049090594,325.0,670.7835733758468,324.2,101.5,148.4,263.78233486006854,78.4,163.6,476.54270013897343,275.8,204.9,185.63306349042765,110.6,169.3,372.376103731121,128.5,174.0086740788759,282.6,86.9,25.8,594.4152531055101,200.55617394436766,291.7,173.1333171809538,278.80944478618983,230.7523386323258,1133.7,267.0,177.7,330.2,416.5,168.1,205.0,192.30169556957856,141.50328930200328,589.5,215.2,249.16102481680366,437.44500251953184,187.6,216.9,29.6,365.0,95.38461527868502,345.0,247.2,152.5,252.16286187616188,243.0,293.8,178.98583711159276,98.64997363193856,373.36311657050726,278.0589493881345,151.65283208328623,384.3158968552575,132.9,84.4,254.6,429.0,270.5,147.2,105.8,90.8,231.5,323.1,171.21540557321515,302.4,186.4,151.3,91.15871598878714,806.4,278.9,303.9983024550483,419.8,93.4,117.8,284.0,217.50054593562945,281.3571798478747,188.1,249.1,161.7,226.0,267.2,201.4,283.8,263.1,111.4,187.4464021802601,91.5,119.01707443980996,111.8,81.0,224.2,164.4,88.9,282.7,342.3,271.1,80.0,153.29607865220044,282.3,67.6,201.1956682693072,115.2,115.3,147.6,71.9,1.6,221.96706031609543,258.74624870006846,156.2,109.4,2.093281683903161,122.6,217.73995468189008,252.4,65.5,27.7,156.8,132.8,63.1,40.87850488918718,42.9,69.91138226619918,102.3,405.4,172.8,134.0,85.22558665975681,68.3,108.4,155.2,0.8,108.6,248.0,59.5,218.9788878482045,8.301608725656193,120.7,696.846101112845,83.3,38.993111890550146,7.5,126.05957376913425,275.13737387092823,241.29882631419727,27.7,0.1,139.2,412.5281477263894,416.4,406.4,215.3,69.4,18.2,2.9,121.1,300.4,0.2,0.5,0.2,177.7,0.1,1.6081714099427495,0.1,0.1,0.2,0.6,1.0,9.2,577.5,250.3932230419802,13.0,517.8,1.4,170.5,3.1326081492531874,121.0,44.34552521852657,9.7,185.49441158507918,2.1,135.1,120.8,108.7,67.8,126.2,9.4,2.2,1.8,65.45523891196353,156.4,219.45441757749768,263.13752962808053,119.51065424721683,1.2,165.9,2.8,23.5,6.1,368.5,169.4,66.4,5.7,1.0,76.51476062201033,19.6,200.3,12.653491947704229,11.06840940026076,356.0,232.2,12.3,17.7,33.5,193.6,23.8,1.2,1.2,130.9,0.8,7.3,1.1,241.0,2.2,97.4,71.3,47.59411631410195,9.363587160011596,0.41635875642103415,2.7,58.6,90.0,0.6,128.0,7.6,72.9,85.1,74.41346006235713,9.4,0.3443757669080651,148.16252661050797,6.9,0.1,62.0,124.9,20.8,135.6,82.6,5.0,2.564380398301813,35.06287935409648,107.2,4.6,127.8,62.8,49.4,12.6,287.7,37.7,153.1,93.0,11.6,0.1,0.6,126.5,53.4,12.1,41.7,8.322362796996124,0.5542467495253551,27.2,0.1,0.1,0.2,126.66758284860326,14.6,145.91411280759766,11.1,40.3
41,125.1,88.2,76.2,201.08896603496328,156.1229225870132,264.1,114.5,260.6,195.7,195.97778285328258,393.580762019983,253.9,349.7,260.23156796262526,146.2,255.5,101.0,282.8,291.4,443.4025781784245,255.75537286744975,163.29778239422504,312.20745095673277,137.8,278.15397536984017,141.4,152.0,369.4,220.8,121.7,259.0,105.6,411.3,256.1,183.1487989095207,221.0237842373696,139.86335596246346,236.5,195.7,86.0,250.1,244.6,214.1,271.9692818083875,303.5696054980981,325.0,873.0535964624139,324.2,101.5,148.4,234.81485822007204,78.4,163.6,441.0217359121666,275.8,204.9,238.55118354447967,110.6,169.3,370.6738564171514,128.5,146.31871745848883,282.6,86.9,25.8,589.4613830181086,247.73851621608046,291.7,165.93437675460603,271.4353187315596,248.64492679351335,1133.7,267.0,177.7,330.2,416.5,168.1,205.0,198.41608091976295,112.3188113224771,589.5,215.2,210.41407725994264,502.16476395219934,187.6,216.9,29.6,365.0,118.95119547834979,345.0,247.2,152.5,211.07952082078398,243.0,293.8,240.66333173482928,75.69773452492618,391.5925506682477,192.080430899308,191.84444764479812,395.6622706629181,132.9,84.4,254.6,429.0,270.5,147.2,105.8,90.8,231.5,323.1,170.18339494424555,302.4,186.4,151.3,101.14117224914557,806.4,278.9,391.51727940483795,419.8,93.4,117.8,284.0,266.2706279435216,247.27511948887522,188.1,249.1,161.7,226.0,267.2,201.4,283.8,263.1,111.4,195.5643997802054,91.5,132.73670393462402,111.8,81.0,224.2,164.4,88.9,282.7,342.3,271.1,80.0,181.818650611819,282.3,67.6,197.68022821402994,115.2,115.3,147.6,71.9,1.6,232.74989311831484,297.7209554521021,156.2,109.4,2.272542786674319,122.6,245.9166582970069,252.4,65.5,27.7,156.8,132.8,63.1,55.404152757094685,42.9,73.16590175382618,102.3,405.4,172.8,134.0,93.54349818844794,68.3,108.4,155.2,0.8,108.6,248.0,59.5,218.3558407612022,8.722062774617775,120.7,688.7253700638917,83.3,39.94797051838496,7.5,115.86909342462062,326.9942428204064,311.61745459508654,27.7,0.1,139.2,407.99142561606493,416.4,406.4,215.3,69.4,18.2,2.9,121.1,300.4,0.2,0.5,0.2,177.7,0.1,1.745951666996105,0.1,0.1,0.2,0.6,1.0,9.2,577.5,257.7669240395383,13.0,517.8,1.4,170.5,2.7644692007698253,121.0,40.08663939506116,9.7,152.09908249432306,2.1,135.1,120.8,108.7,67.8,126.2,9.4,2.2,1.8,50.75890803754075,156.4,156.9723969413554,248.62512472454165,149.35737942128753,1.2,165.9,2.8,23.5,6.1,368.5,169.4,66.4,5.7,1.0,53.594549047775956,19.6,200.3,17.633275746889932,14.779423850643765,356.0,232.2,12.3,17.7,33.5,193.6,23.8,1.2,1.2,130.9,0.8,7.3,1.1,241.0,2.2,97.4,71.3,41.647543325813466,8.933475159701239,0.4683905248690627,2.7,58.6,90.0,0.6,128.0,7.6,72.9,85.1,59.626822323736015,9.4,0.35663276919724457,202.72277872277806,6.9,0.1,62.0,124.9,20.8,135.6,82.6,5.0,2.3461953391121977,47.531404128178764,107.2,4.6,127.8,62.8,49.4,12.6,287.7,37.7,153.1,93.0,11.6,0.1,0.6,126.5,53.4,12.1,41.7,8.5890697620268,0.653177249120808,27.2,0.1,0.1,0.2,182.23943042735527,14.6,172.38494173605957,11.1,40.3
42,125.1,88.2,76.2,244.2462462485704,130.216067156794,264.1,114.5,260.6,195.7,175.78731347857126,318.18565697985946,253.9,349.7,260.3697484355485,146.2,255.5,101.0,282.8,291.4,391.86285672386117,231.16902405356853,138.725630470633,355.50390560321176,137.8,266.7623529312558,141.4,152.0,369.4,220.8,121.7,259.0,105.6,411.3,256.1,152.57920389932394,194.8092520100526,182.71210448647778,236.5,195.7,86.0,250.1,244.6,214.1,346.2464290607748,311.1852409085542,325.0,787.6870411824568,324.2,101.5,148.4,206.34523303563395,78.4,163.6,446.4816129168871,275.8,204.9,246.68311976856893,110.6,169.3,426.58475248009756,128.5,178.58104254049937,282.6,86.9,25.8,677.416646627144,288.8014409295014,291.7,215.63842512512105,254.51525124997207,228.0917008731831,1133.7,267.0,177.7,330.2,416.5,168.1,205.0,166.15359402104136,109.1551252342776,589.5,215.2,191.3579475378879,381.85313583591494,187.6,216.9,29.6,365.0,122.53594621915151,345.0,247.2,152.5,257.61135604029846,243.0,293.8,202.56994665998937,108.23565207316989,367.18045463000954,227.23340553754085,219.42645216010504,279.33727866411726,132.9,84.4,254.6,429.0,270.5,147.2,105.8,90.8,231.5,323.1,122.22894611349625,302.4,186.4,151.3,73.22547796354901,806.4,278.9,305.56857672597596,419.8,93.4,117.8,284.0,297.0459115033981,287.0891721604292,188.1,249.1,161.7,226.0,267.2,201.4,283.8,263.1,111.4,203.66131235516167,91.5,103.24030341808803,111.8,81.0,224.2,164.4,88.9,282.7,342.3,271.1,80.0,136.9006953146371,282.3,67.6,156.17167642465537,115.2,115.3,147.6,71.9,1.6,250.56886375317447,246.914502943683,156.2,109.4,2.0150874787550244,122.6,228.62105536794027,252.4,65.5,27.7,156.8,132.8,63.1,40.736136184251585,42.9,88.59103603426628,102.3,405.4,172.8,134.0,80.02998472048951,68.3,108.4,155.2,0.8,108.6,248.0,59.5,183.70883466399806,7.436120820406812,120.7,636.0900886307702,83.3,46.293519656380205,7.5,109.35992763597758,257.8552128714344,323.25320453134316,27.7,0.1,139.2,415.4682417464429,416.4,406.4,215.3,69.4,18.2,2.9,121.1,300.4,0.2,0.5,0.2,177.7,0.1,1.5983917029496495,0.1,0.1,0.2,0.6,1.0,9.2,577.5,203.1267990043781,13.0,517.8,1.4,170.5,3.4861653822911722,121.0,32.31537983726814,9.7,147.35276264280472,2.1,135.1,120.8,108.7,67.8,126.2,9.4,2.2,1.8,66.46089588454973,156.4,214.192319474418,223.2922857991542,114.10101436796181,1.2,165.9,2.8,23.5,6.1,368.5,169.4,66.4,5.7,1.0,54.72313615953663,19.6,200.3,15.067021097993681,11.237531175370023,356.0,232.2,12.3,17.7,33.5,193.6,23.8,1.2,1.2,130.9,0.8,7.3,1.1,241.0,2.2,97.4,71.3,46.990477397574644,8.161841779736712,0.4989258026422994,2.7,58.6,90.0,0.6,128.0,7.6,72.9,85.1,68.09364450886709,9.4,0.372090319679037,172.2653474239351,6.9,0.1,62.0,124.9,20.8,135.6,82.6,5.0,2.6668685294549035,46.52319519115192,107.2,4.6,127.8,62.8,49.4,12.6,287.7,37.7,153.1,93.0,11.6,0.1,0.6,126.5,53.4,12.1,41.7,7.348527874236164,0.5743728740709546,27.2,0.1,0.1,0.2,159.5666350260233,14.6,177.54493576022327,11.1,40.3
43,125.1,88.2,76.2,218.01930308319854,140.24216543101153,264.1,114.5,260.6,195.7,201.943371828137,397.43316568491736,253.9,349.7,276.3207913871943,146.2,255.5,101.0,282.8,291.4,333.3013081319607,192.5257549559795,172.57130077196237,288.6987580666986,137.8,257.1742723292025,141.4,152.0,369.4,220.8,121.7,259.0,105.6,411.3,256.1,151.4959261913821,246.40464326401923,184.80548025269582,236.5,195.7,86.0,250.1,244.6,214.1,248.06149964221916,337.4290897663308,325.0,911.9357631984508,324.2,101.5,148.4,265.37971177725376,78.4,163.6,506.84941500956916,275.8,204.9,209.64507520789402,110.6,169.3,403.30781828174753,128.5,143.66770025830417,282.6,86.9,25.8,623.0538503697142,279.8428938554947,291.7,201.2852104290368,245.1788968467812,292.92739350626067,1133.7,267.0,177.7,330.2,416.5,168.1,205.0,163.2767717848408,155.27889590838123,589.5,215.2,260.97225434349104,454.44883556704195,187.6,216.9,29.6,365.0,97.88142087992803,345.0,247.2,152.5,221.31534398107502,243.0,293.8,233.0515386715363,93.47327736902272,373.8456426073131,202.88666319848042,176.6954088114944,339.4552852777616,132.9,84.4,254.6,429.0,270.5,147.2,105.8,90.8,231.5,323.1,127.94158249953175,302.4,186.4,151.3,71.39339647151748,806.4,278.9,339.495656492438,419.8,93.4,117.8,284.0,219.08462272205202,212.79686680023605,188.1,249.1,161.7,226.0,267.2,201.4,283.8,263.1,111.4,173.93010605488422,91.5,143.1660850474137,111.8,81.0,224.2,164.4,88.9,282.7,342.3,271.1,80.0,148.5471764846812,282.3,67.6,164.15280512558147,115.2,115.3,147.6,71.9,1.6,279.80910928300534,289.6027277251352,156.2,109.4,1.9874832098380912,122.6,263.3537946418063,252.4,65.5,27.7,156.8,132.8,63.1,47.21551039362851,42.9,79.58254558389487,102.3,405.4,172.8,134.0,85.44426252934588,68.3,108.4,155.2,0.8,108.6,248.0,59.5,210.09064684567895,8.441638612822066,120.7,741.8847272700077,83.3,39.14868767372159,7.5,120.3012341553329,313.8691870092693,346.04806604853115,27.7,0.1,139.2,448.54274280940814,416.4,406.4,215.3,69.4,18.2,2.9,121.1,300.4,0.2,0.5,0.2,177.7,0.1,1.565578785653693,0.1,0.1,0.2,0.6,1.0,9.2,577.5,233.4360862911439,13.0,517.8,1.4,170.5,3.325272517954619,121.0,31.38912425706394,9.7,177.5686380144323,2.1,135.1,120.8,108.7,67.8,126.2,9.4,2.2,1.8,70.867914464623,156.4,201.93502800410653,273.13387122159185,109.73937952550494,1.2,165.9,2.8,23.5,6.1,368.5,169.4,66.4,5.7,1.0,74.94963201256537,19.6,200.3,17.3713440613272,14.524013588052421,356.0,232.2,12.3,17.7,33.5,193.6,23.8,1.2,1.2,130.9,0.8,7.3,1.1,241.0,2.2,97.4,71.3,55.81283730897191,7.9182973906138585,0.5930746165893426,2.7,58.6,90.0,0.6,128.0,7.6,72.9,85.1,53.84669922058566,9.4,0.3334171293289911,197.01378905315912,6.9,0.1,62.0,124.9,20.8,135.6,82.6,5.0,2.4148914356738183,39.90849379026832,107.2,4.6,127.8,62.8,49.4,12.6,287.7,37.7,153.1,93.0,11.6,0.1,0.6,126.5,53.4,12.1,41.7,9.295696062537221,0.5409677655896168,27.2,0.1,0.1,0.2,129.52898418448288,14.6,135.49338333285368,11.1,40.3
44,125.1,88.2,76.2,213.63333819865522,163.36033090571772,264.1,114.5,260.6,195.7,213.44259156062998,436.62929899323376,253.9,349.7,267.41821575156644,146.2,255.5,101.0,282.8,291.4,411.72989242950416,255.01937043739005,189.7194045090007,327.4647379657763,137.8,255.18983951864206,141.4,152.0,369.4,220.8,121.7,259.0,105.6,411.3,256.1,155.63694610887956,228.49690251858487,165.817456722101,236.5,195.7,86.0,250.1,244.6,214.1,319.29221618618453,255.6462926120754,325.0,720.329986019563,324.2,101.5,148.4,248.5355598198644,78.4,163.6,472.69920881733276,275.8,204.9,225.19601622720606,110.6,169.3,375.34975634951104,128.5,149.999197013869,282.6,86.9,25.8,467.91423605800946,282.7708344508598,291.7,172.75280212769547,297.9195779148314,228.38396842140259,1133.7,267.0,177.7,330.2,416.5,168.1,205.0,216.91135814627586,117.24853677731576,589.5,215.2,223.3226348152566,465.50651355939107,187.6,216.9,29.6,365.0,129.94596904487577,345.0,247.2,152.5,291.5265738612744,243.0,293.8,232.79304038915961,101.39855596697167,365.2944710342413,269.7472300867565,171.6446152029297,276.64146246600103,132.9,84.4,254.6,429.0,270.5,147.2,105.8,90.8,231.5,323.1,122.79065859945914,302.4,186.4,151.3,93.90912371840986,806.4,278.9,338.4185935179528,419.8,93.4,117.8,284.0,244.98073652420507,211.52979428381988,188.1,249.1,161.7,226.0,267.2,201.4,283.8,263.1,111.4,208.24010844532884,91.5,128.89194900006828,111.8,81.0,224.2,164.4,88.9,282.7,342.3,271.1,80.0,135.02446174338087,282.3,67.6,213.8149135771951,115.2,115.3,147.6,71.9,1.6,228.2765244945861,277.86808288444195,156.2,109.4,2.352788115459694,122.6,318.9830368668588,252.4,65.5,27.7,156.8,132.8,63.1,57.31601681016494,42.9,89.96190676081488,102.3,405.4,172.8,134.0,100.28060828888022,68.3,108.4,155.2,0.8,108.6,248.0,59.5,225.50654714074795,7.690969206781882,120.7,611.2144286213104,83.3,46.19525665056847,7.5,126.24218704912221,337.05021066791755,349.3084243370219,27.7,0.1,139.2,372.38898118117396,416.4,406.4,215.3,69.4,18.2,2.9,121.1,300.4,0.2,0.5,0.2,177.7,0.1,1.5268440171166477,0.1,0.1,0.2,0.6,1.0,9.2,577.5,192.8201620280439,13.0,517.8,1.4,170.5,2.5152964514605247,121.0,33.97600995168684,9.7,127.99439389167675,2.1,135.1,120.8,108.7,67.8,126.2,9.4,2.2,1.8,56.03501596699094,156.4,176.67110568344987,224.29061732142947,100.89703330735892,1.2,165.9,2.8,23.5,6.1,368.5,169.4,66.4,5.7,1.0,51.568494076730154,19.6,200.3,15.24319173738283,13.01875153091038,356.0,232.2,12.3,17.7,33.5,193.6,23.8,1.2,1.2,130.9,0.8,7.3,1.1,241.0,2.2,97.4,71.3,52.1080758384342,7.533422441161598,0.48426624892149744,2.7,58.6,90.0,0.6,128.0,7.6,72.9,85.1,72.37182721420524,9.4,0.47512800467406596,186.5729060226252,6.9,0.1,62.0,124.9,20.8,135.6,82.6,5.0,2.786521457430443,40.47943578639752,107.2,4.6,127.8,62.8,49.4,12.6,287.7,37.7,153.1,93.0,11.6,0.1,0.6,126.5,53.4,12.1,41.7,8.51085980927934,0.4828432470992619,27.2,0.1,0.1,0.2,170.68863420975995,14.6,170.56852829551545,11.1,40.3
45,125.1,88.2,76.2,261.3849262863642,131.94185043075422,264.1,114.5,260.6,195.7,194.73728954834826,425.1351891558957,253.9,349.7,294.822745229131,146.2,255.5,101.0,282.8,291.4,426.84678342176653,230.02399336657305,131.1948726972422,334.108220080137,137.8,265.81892192703594,141.4,152.0,369.4,220.8,121.7,259.0,105.6,411.3,256.1,177.40295329361342,199.85542118267188,184.7111865510442,236.5,195.7,86.0,250.1,244.6,214.1,298.88068306996166,250.00826487908014,325.0,754.8948720617803,324.2,101.5,148.4,269.4448902848189,78.4,163.6,511.2938035343506,275.8,204.9,174.06918715609083,110.6,169.3,360.1337931202622,128.5,158.43094444972064,282.6,86.9,25.8,522.3598444851556,260.34258863185346,291.7,209.39481473357964,256.97093319110894,203.32245852764976,1133.7,267.0,177.7,330.2,416.5,168.1,205.0,191.07662589423276,137.0876699714346,589.5,215.2,270.9687341996279,391.3765945758264,187.6,216.9,29.6,365.0,114.62047175220731,345.0,247.2,152.5,266.46175951182454,243.0,293.8,230.57543822954307,80.68909770161302,389.75447972781376,199.24563267270574,183.6672114696604,297.5027996301066,132.9,84.4,254.6,429.0,270.5,147.2,105.8,90.8,231.5,323.1,122.92262397086378,302.4,186.4,151.3,89.87554179430595,806.4,278.9,387.7207745674613,419.8,93.4,117.8,284.0,269.8188204546455,303.7398540918678,188.1,249.1,161.7,226.0,267.2,201.4,283.8,263.1,111.4,193.62901855592398,91.5,121.03547370442988,111.8,81.0,224.2,164.4,88.9,282.7,342.3,271.1,80.0,148.4551005546677,282.3,67.6,168.10838947337652,115.2,115.3,147.6,71.9,1.6,251.79652464309518,230.66073233733565,156.2,109.4,2.4312431345685472,122.6,220.32816962169107,252.4,65.5,27.7,156.8,132.8,63.1,49.93692102922262,42.9,80.75711976254269,102.3,405.4,172.8,134.0,77.46823782893922,68.3,108.4,155.2,0.8,108.6,248.0,59.5,240.03366772229515,8.767560783910623,120.7,757.357930153127,83.3,35.239107139104554,7.5,113.70877755724733,252.8693946679896,319.6956068233225,27.7,0.1,139.2,446.31188439197075,416.4,406.4,215.3,69.4,18.2,2.9,121.1,300.4,0.2,0.5,0.2,177.7,0.1,1.3377965404768273,0.1,0.1,0.2,0.6,1.0,9.2,577.5,204.24887488617577,13.0,517.8,1.4,170.5,2.8529731839205814,121.0,32.08543280005666,9.7,125.86920099498302,2.1,135.1,120.8,108.7,67.8,126.2,9.4,2.2,1.8,56.47074130225778,156.4,203.20595514025717,233.1239267566364,136.00014381669544,1.2,165.9,2.8,23.5,6.1,368.5,169.4,66.4,5.7,1.0,58.7399611909949,19.6,200.3,17.392321466251847,10.478027259107645,356.0,232.2,12.3,17.7,33.5,193.6,23.8,1.2,1.2,130.9,0.8,7.3,1.1,241.0,2.2,97.4,71.3,46.84346177619486,6.7702173000315895,0.59447162597941,2.7,58.6,90.0,0.6,128.0,7.6,72.9,85.1,68.60707462242378,9.4,0.37020213783990064,181.850951671011,6.9,0.1,62.0,124.9,20.8,135.6,82.6,5.0,2.380250511672295,34.47555022374884,107.2,4.6,127.8,62.8,49.4,12.6,287.7,37.7,153.1,93.0,11.6,0.1,0.6,126.5,53.4,12.1,41.7,6.959901330286763,0.59808836928533,27.2,0.1,0.1,0.2,168.01597902394548,14.6,160.88839580392914,11.1,40.3
46,125.1,88.2,76.2,201.91676602122254,164.9247329633576,264.1,114.5,260.6,195.7,168.18237601081415,410.82587035306716,253.9,349.7,274.24391814545146,146.2,255.5,101.0,282.8,291.4,400.60533186883634,181.04025461382165,164.00509690825072,291.1032464526601,137.8,302.67035129113947,141.4,152.0,369.4,220.8,121.7,259.0,105.6,411.3,256.1,179.90616695036297,203.05357653577747,179.13659474304026,236.5,195.7,86.0,250.1,244.6,214.1,288.9155076453029,260.38646158019117,325.0,694.7966450925696,324.2,101.5,148.4,214.40624922054175,78.4,163.6,368.0534234716859,275.8,204.9,222.50328864304242,110.6,169.3,308.34419667051134,128.5,166.1122523674115,282.6,86.9,25.8,506.21454900991546,265.65031034706124,291.7,160.685041534322,322.302158391727,278.8731645980248,1133.7,267.0,177.7,330.2,416.5,168.1,205.0,208.67753206075682,108.2630846754815,589.5,215.2,278.76513900405786,460.9481668313864,187.6,216.9,29.6,365.0,125.58954068839779,345.0,247.2,152.5,248.3204992507558,243.0,293.8,223.00107049285575,89.18187382331323,427.111672013297,248.18326208170413,152.92771801161103,345.2572896901204,132.9,84.4,254.6,429.0,270.5,147.2,105.8,90.8,231.5,323.1,141.58371270057526,302.4,186.4,151.3,86.09966796946743,806.4,278.9,299.4884583516733,419.8,93.4,117.8,284.0,242.1170473384909,217.98015809749015,188.1,249.1,161.7,226.0,267.2,201.4,283.8,263.1,111.4,204.91460164360115,91.5,120.93506638151028,111.8,81.0,224.2,164.4,88.9,282.7,342.3,271.1,80.0,150.4036677032716,282.3,67.6,189.99985306473476,115.2,115.3,147.6,71.9,1.6,240.8232928881891,269.13885397080105,156.2,109.4,2.1812141450566602,122.6,227.87324133282993,252.4,65.5,27.7,156.8,132.8,63.1,48.10007772007306,42.9,90.31965932635644,102.3,405.4,172.8,134.0,105.09022260618929,68.3,108.4,155.2,0.8,108.6,248.0,59.5,202.93186295364143,6.95193013861412,120.7,808.823007037052,83.3,36.747547489076254,7.5,90.7215344108667,362.85601183486136,237.84727471385094,27.7,0.1,139.2,450.973863503913,416.4,406.4,215.3,69.4,18.2,2.9,121.1,300.4,0.2,0.5,0.2,177.7,0.1,1.8221824503387793,0.1,0.1,0.2,0.6,1.0,9.2,577.5,211.9855531313247,13.0,517.8,1.4,170.5,3.0375981559453855,121.0,39.90073113273877,9.7,181.42452054872007,2.1,135.1,120.8,108.7,67.8,126.2,9.4,2.2,1.8,51.94860658868806,156.4,158.52383296938143,276.0378752532335,100.86574516046167,1.2,165.9,2.8,23.5,6.1,368.5,169.4,66.4,5.7,1.0,55.09610359061627,19.6,200.3,17.067767697853654,13.086559464702038,356.0,232.2,12.3,17.7,33.5,193.6,23.8,1.2,1.2,130.9,0.8,7.3,1.1,241.0,2.2,97.4,71.3,50.90119342274615,9.67163452680563,0.45003752614427367,2.7,58.6,90.0,0.6,128.0,7.6,72.9,85.1,68.5328661368325,9.4,0.374107269963341,196.7733421351202,6.9,0.1,62.0,124.9,20.8,135.6,82.6,5.0,2.861466216986536,43.7523745014079,107.2,4.6,127.8,62.8,49.4,12.6,287.7,37.7,153.1,93.0,11.6,0.1,0.6,126.5,53.4,12.1,41.7,9.83840642711597,0.5345826893948448,27.2,0.1,0.1,0.2,138.9036329870248,14.6,125.82949057249695,11.1,40.3
47,125.1,88.2,76.2,267.1436095128623,168.82467599445988,264.1,114.5,260.6,195.7,213.61447294470787,338.2127186624507,253.9,349.7,326.10489234242107,146.2,255.5,101.0,282.8,291.4,472.0834875358024,232.27042281334627,135.33977134978642,339.4320095023203,137.8,228.68045418474838,141.4,152.0,369.4,220.8,121.7,259.0,105.6,411.3,256.1,167.86421991330243,194.4885924763692,167.1247466913659,236.5,195.7,86.0,250.1,244.6,214.1,284.9348661397382,362.3218792738206,325.0,660.8495835310237,324.2,101.5,148.4,263.17399865876064,78.4,163.6,360.91874525309345,275.8,204.9,205.3196477246737,110.6,169.3,306.5794857733064,128.5,163.04559584437328,282.6,86.9,25.8,597.2561828467949,217.08786756132577,291.7,157.83228493035998,231.86768016849743,207.22382174686823,1133.7,267.0,177.7,330.2,416.5,168.1,205.0,203.05809072138481,129.50245995909495,589.5,215.2,236.37997356590984,416.5167598228917,187.6,216.9,29.6,365.0,106.57114557380001,345.0,247.2,152.5,255.81755033768394,243.0,293.8,213.02022292933754,76.34930634252089,329.57695357163783,216.79146408901352,181.95785766667416,395.33622777183905,132.9,84.4,254.6,429.0,270.5,147.2,105.8,90.8,231.5,323.1,127.17767184516369,302.4,186.4,151.3,86.23302749834333,806.4,278.9,340.1124080320578,419.8,93.4,117.8,284.0,214.67854519499213,248.80377276677658,188.1,249.1,161.7,226.0,267.2,201.4,283.8,263.1,111.4,202.9396676377575,91.5,115.13942183633847,111.8,81.0,224.2,164.4,88.9,282.7,342.3,271.1,80.0,160.96137821920576,282.3,67.6,164.10163885600304,115.2,115.3,147.6,71.9,1.6,243.78206622875166,210.12970229075802,156.2,109.4,2.2159801894095765,122.6,309.99012187948074,252.4,65.5,27.7,156.8,132.8,63.1,42.63471558962873,42.9,83.9528629531467,102.3,405.4,172.8,134.0,107.13576544851576,68.3,108.4,155.2,0.8,108.6,248.0,59.5,195.56872150774154,7.567984170241092,120.7,572.5959359953833,83.3,43.767171138728415,7.5,89.08546085169709,268.025331790326,355.4134227265909,27.7,0.1,139.2,433.4715945457531,416.4,406.4,215.3,69.4,18.2,2.9,121.1,300.4,0.2,0.5,0.2,177.7,0.1,1.831411664983422,0.1,0.1,0.2,0.6,1.0,9.2,577.5,237.12881690238842,13.0,517.8,1.4,170.5,2.7524118133262734,121.0,39.47206417971371,9.7,139.71399484804792,2.1,135.1,120.8,108.7,67.8,126.2,9.4,2.2,1.8,60.224261559644724,156.4,229.67183686021758,198.25651951170175,134.8888568484619,1.2,165.9,2.8,23.5,6.1,368.5,169.4,66.4,5.7,1.0,60.99297425120099,19.6,200.3,14.521116998452555,12.971939532463885,356.0,232.2,12.3,17.7,33.5,193.6,23.8,1.2,1.2,130.9,0.8,7.3,1.1,241.0,2.2,97.4,71.3,43.410211696020276,8.8142600256285,0.4781477123458522,2.7,58.6,90.0,0.6,128.0,7.6,72.9,85.1,68.60153913381252,9.4,0.4712553499501092,168.02463366373223,6.9,0.1,62.0,124.9,20.8,135.6,82.6,5.0,2.701570286844274,33.68424896648208,107.2,4.6,127.8,62.8,49.4,12.6,287.7,37.7,153.1,93.0,11.6,0.1,0.6,126.5,53.4,12.1,41.7,7.036950027428804,0.5593036876857844,27.2,0.1,0.1,0.2,171.24417893827666,14.6,146.84293408503743,11.1,40.3
48,125.1,88.2,76.2,252.54218526640346,169.0514951580264,264.1,114.5,260.6,195.7,227.005761082118,352.8153744313624,253.9,349.7,323.7844441218751,146.2,255.5,101.0,282.8,291.4,366.07830998741747,188.72744156499937,180.58575559286922,270.3067599809729,137.8,246.55075635593886,141.4,152.0,369.4,220.8,121.7,259.0,105.6,411.3,256.1,184.3773178922779,226.7393949665556,152.78756327981435,236.5,195.7,86.0,250.1,244.6,214.1,309.5148575806153,346.3325381113552,325.0,687.1748605915077,324.2,101.5,148.4,222.1742581798764,78.4,163.6,499.66601097225816,275.8,204.9,192.0551674477414,110.6,169.3,356.31430213890843,128.5,152.57937117616174,282.6,86.9,25.8,622.6374377410178,197.85110311393123,291.7,184.96080364894044,341.3055266568276,256.4973820104296,1133.7,267.0,177.7,330.2,416.5,168.1,205.0,203.03026673098265,105.54739627787441,589.5,215.2,246.65559776375724,479.07238645037194,187.6,216.9,29.6,365.0,109.94221888041383,345.0,247.2,152.5,270.2196635748902,243.0,293.8,210.32762179781253,102.8599417065921,306.57062589295373,235.238827879338,183.17756194700385,332.45497667453833,132.9,84.4,254.6,429.0,270.5,147.2,105.8,90.8,231.5,323.1,126.5698863703757,302.4,186.4,151.3,87.09569306095065,806.4,278.9,300.58398876509614,419.8,93.4,117.8,284.0,200.41534795048108,218.78334724745523,188.1,249.1,161.7,226.0,267.2,201.4,283.8,263.1,111.4,182.5897178013758,91.5,138.81036125094448,111.8,81.0,224.2,164.4,88.9,282.7,342.3,271.1,80.0,164.84884026227118,282.3,67.6,161.94007596951323,115.2,115.3,147.6,71.9,1.6,248.2291683578795,286.2707700311243,156.2,109.4,2.085990600146356,122.6,276.67010686554033,252.4,65.5,27.7,156.8,132.8,63.1,57.2492651202895,42.9,95.75021333464079,102.3,405.4,172.8,134.0,88.74993989145081,68.3,108.4,155.2,0.8,108.6,248.0,59.5,245.0202411146708,8.323254996249375,120.7,659.2106563974553,83.3,44.32060651776636,7.5,88.4091302383297,355.04409274934125,306.9346355611849,27.7,0.1,139.2,445.1053066927358,416.4,406.4,215.3,69.4,18.2,2.9,121.1,300.4,0.2,0.5,0.2,177.7,0.1,1.508871012932664,0.1,0.1,0.2,0.6,1.0,9.2,577.5,258.319772568835,13.0,517.8,1.4,170.5,2.664844808238345,121.0,32.584703922613066,9.7,130.75169492171824,2.1,135.1,120.8,108.7,67.8,126.2,9.4,2.2,1.8,66.1334965559791,156.4,213.15455958353687,266.27166588096827,131.774727900723,1.2,165.9,2.8,23.5,6.1,368.5,169.4,66.4,5.7,1.0,54.12998164134251,19.6,200.3,13.434749751432467,12.741005235425876,356.0,232.2,12.3,17.7,33.5,193.6,23.8,1.2,1.2,130.9,0.8,7.3,1.1,241.0,2.2,97.4,71.3,43.80031882488124,7.7670752938254335,0.5870047989371598,2.7,58.6,90.0,0.6,128.0,7.6,72.9,85.1,62.936387804520265,9.4,0.380280286172242,149.76125646707277,6.9,0.1,62.0,124.9,20.8,135.6,82.6,5.0,2.7755452546744057,39.20387552659608,107.2,4.6,127.8,62.8,49.4,12.6,287.7,37.7,153.1,93.0,11.6,0.1,0.6,126.5,53.4,12.1,41.7,7.594361897844038,0.5544407055996419,27.2,0.1,0.1,0.2,186.63464766787322,14.6,151.2775189880319,11.1,40.3
49,125.1,88.2,76.2,179.13489669433005,168.78363319003262,264.1,114.5,260.6,195.7,241.114470105279,321.60579798058853,253.9,349.7,303.75171274360827,146.2,255.5,101.0,282.8,291.4,403.96461983892715,227.3426309888561,166.05806309679022,342.4123366255511,137.8,295.25490182429564,141.4,152.0,369.4,220.8,121.7,259.0,105.6,411.3,256.1,187.050059469251,220.42579511494725,172.73731439510607,236.5,195.7,86.0,250.1,244.6,214.1,264.81064357666787,311.4199950469993,325.0,905.7050896072017,324.2,101.5,148.4,195.99652424156153,78.4,163.6,421.51880525378255,275.8,204.9,253.35139133965282,110.6,169.3,412.0146899233455,128.5,122.25988167624136,282.6,86.9,25.8,563.5706965709039,233.48360707878604,291.7,175.0593196521263,249.39820573359162,216.24891774127116,1133.7,267.0,177.7,330.2,416.5,168.1,205.0,184.569028985933,113.78798633486167,589.5,215.2,194.1703769342944,431.6250601150856,187.6,216.9,29.6,365.0,93.56357360817414,345.0,247.2,152.5,290.6344054022783,243.0,293.8,169.20438386766037,83.87619507781912,333.2428159866188,223.09849853774548,161.55749785557748,281.49067320807336,132.9,84.4,254.6,429.0,270.5,147.2,105.8,90.8,231.5,323.1,176.52487411517768,302.4,186.4,151.3,99.31855290065677,806.4,278.9,349.27043672966266,419.8,93.4,117.8,284.0,292.4829762076033,296.29092303379485,188.1,249.1,161.7,226.0,267.2,201.4,283.8,263.1,111.4,214.4214825200798,91.5,127.1347356662433,111.8,81.0,224.2,164.4,88.9,282.7,342.3,271.1,80.0,127.6021979767777,282.3,67.6,151.42470291713758,115.2,115.3,147.6,71.9,1.6,221.67497667613003,206.408307441468,156.2,109.4,1.8292751649574308,122.6,249.72395730954207,252.4,65.5,27.7,156.8,132.8,63.1,56.16913230837878,42.9,92.20320073357769,102.3,405.4,172.8,134.0,80.83648643502326,68.3,108.4,155.2,0.8,108.6,248.0,59.5,178.33782902322267,7.260946942156621,120.7,617.9959983389442,83.3,49.7268579768404,7.5,92.95655796930262,300.0484238942512,302.3793326811357,27.7,0.1,139.2,344.0738438969431,416.4,406.4,215.3,69.4,18.2,2.9,121.1,300.4,0.2,0.5,0.2,177.7,0.1,1.4780406512978683,0.1,0.1,0.2,0.6,1.0,9.2,577.5,234.58569812956503,13.0,517.8,1.4,170.5,2.5700874968480614,121.0,41.086887314457094,9.7,167.90407533552053,2.1,135.1,120.8,108.7,67.8,126.2,9.4,2.2,1.8,55.11017301013894,156.4,203.99453925867215,217.92515699390734,144.10849315672198,1.2,165.9,2.8,23.5,6.1,368.5,169.4,66.4,5.7,1.0,59.896621020663645,19.6,200.3,14.444124105318703,14.680834085017072,356.0,232.2,12.3,17.7,33.5,193.6,23.8,1.2,1.2,130.9,0.8,7.3,1.1,241.0,2.2,97.4,71.3,54.925397570779026,7.21901099219658,0.416499011710543,2.7,58.6,90.0,0.6,128.0,7.6,72.9,85.1,55.71662679812698,9.4,0.38914814102951506,204.7924981463267,6.9,0.1,62.0,124.9,20.8,135.6,82.6,5.0,2.7691465239843125,32.399507666063585,107.2,4.6,127.8,62.8,49.4,12.6,287.7,37.7,153.1,93.0,11.6,0.1,0.6,126.5,53.4,12.1,41.7,9.473820201835913,0.5009631626690861,27.2,0.1,0.1,0.2,172.30633585497515,14.6,177.34639748111678,11.1,40.3
50,125.1,88.2,76.2,240.33473371188012,174.3505832603103,264.1,114.5,260.6,195.7,210.57595729290284,412.3955253791938,253.9,349.7,247.06221455877755,146.2,255.5,101.0,282.8,291.4,365.30717537864587,248.37089472535078,161.14582460165173,280.46485670195796,137.8,254.5288148235339,141.4,152.0,369.4,220.8,121.7,259.0,105.6,411.3,256.1,145.79785105178556,198.27809720319166,177.75321599318153,236.5,195.7,86.0,250.1,244.6,214.1,302.71467433640646,305.55327439710766,325.0,928.4381602557945,324.2,101.5,148.4,243.44936634358703,78.4,163.6,527.2531062217563,275.8,204.9,182.4799141839817,110.6,169.3,426.2453216561946,128.5,135.45718425941274,282.6,86.9,25.8,505.9446732042837,262.3488350083238,291.7,195.8861420878139,288.8624609377023,210.99679409863845,1133.7,267.0,177.7,330.2,416.5,168.1,205.0,174.92419038231952,126.32931095397473,589.5,215.2,199.43136076250394,411.72054280490886,187.6,216.9,29.6,365.0,129.98573596448313,345.0,247.2,152.5,219.6320597770572,243.0,293.8,180.178368766578,98.91662505989916,369.14650678225115,238.03025666578029,167.14920545158944,271.2071214936336,132.9,84.4,254.6,429.0,270.5,147.2,105.8,90.8,231.5,323.1,150.87206312450758,302.4,186.4,151.3,97.72543346480973,806.4,278.9,305.5498198738407,419.8,93.4,117.8,284.0,292.8555729873773,306.69683375639784,188.1,249.1,161.7,226.0,267.2,201.4,283.8,263.1,111.4,237.1128258052055,91.5,114.17073081462843,111.8,81.0,224.2,164.4,88.9,282.7,342.3,271.1,80.0,146.92466184476422,282.3,67.6,205.58523873174582,115.2,115.3,147.6,71.9,1.6,204.3918783123735,226.29852334292838,156.2,109.4,1.8550949996882278,122.6,241.96377212955906,252.4,65.5,27.7,156.8,132.8,63.1,50.30836614531049,42.9,82.58656501669832,102.3,405.4,172.8,134.0,78.29637201118051,68.3,108.4,155.2,0.8,108.6,248.0,59.5,179.49884497654728,9.372142803154976,120.7,699.1927393936907,83.3,41.475816438858104,7.5,131.16509397673744,293.858893808934,350.86913185342644,27.7,0.1,139.2,346.77115768786393,416.4,406.4,215.3,69.4,18.2,2.9,121.1,300.4,0.2,0.5,0.2,177.7,0.1,1.4387041570404744,0.1,0.1,0.2,0.6,1.0,9.2,577.5,188.21344407745096,13.0,517.8,1.4,170.5,2.7367917646190154,121.0,35.63379267654685,9.7,142.38581616374108,2.1,135.1,120.8,108.7,67.8,126.2,9.4,2.2,1.8,72.55253671152552,156.4,224.62038799922354,286.05954693219087,127.13043833276686,1.2,165.9,2.8,23.5,6.1,368.5,169.4,66.4,5.7,1.0,54.76107739692244,19.6,200.3,17.054835393225574,10.633897964763317,356.0,232.2,12.3,17.7,33.5,193.6,23.8,1.2,1.2,130.9,0.8,7.3,1.1,241.0,2.2,97.4,71.3,45.39286475684723,7.306274759338061,0.45773985149943053,2.7,58.6,90.0,0.6,128.0,7.6,72.9,85.1,56.29092079826535,9.4,0.324409822140147,149.9450003848031,6.9,0.1,62.0,124.9,20.8,135.6,82.6,5.0,2.7462616049251656,38.376713108351424,107.2,4.6,127.8,62.8,49.4,12.6,287.7,37.7,153.1,93.0,11.6,0.1,0.6,126.5,53.4,12.1,41.7,7.257038887855857,0.49532038884500895,27.2,0.1,0.1,0.2,175.23399942138616,14.6,165.94226211012446,11.1,40.3
51,125.1,88.2,76.2,247.1889533926477,152.24727595983532,264.1,114.5,260.6,195.7,187.27968220087735,349.97977586108397,253.9,349.7,278.7830129126639,146.2,255.5,101.0,282.8,291.4,345.91126512426047,201.78932240893505,189.65024074104116,336.4745814482047,137.8,264.5507436020445,141.4,152.0,369.4,220.8,121.7,259.0,105.6,411.3,256.1,188.70715074180825,241.11372142330706,150.33665404145754,236.5,195.7,86.0,250.1,244.6,214.1,287.6125678034026,314.2291367154835,325.0,650.8034059153983,324.2,101.5,148.4,220.02124058605514,78.4,163.6,390.90917157505066,275.8,204.9,192.1534064183142,110.6,169.3,316.8010947276966,128.5,153.76423475429615,282.6,86.9,25.8,474.5028264560111,215.43377148824015,291.7,177.90390967373696,286.70732077143674,199.81208502433387,1133.7,267.0,177.7,330.2,416.5,168.1,205.0,171.03816640924137,128.82727689576438,589.5,215.2,212.17396171222333,429.20947875108965,187.6,216.9,29.6,365.0,92.73593175763028,345.0,247.2,152.5,250.78755500714635,243.0,293.8,164.0249572503159,104.9561320383545,326.35797223615924,261.07802931227286,147.9032846101019,380.7353419790212,132.9,84.4,254.6,429.0,270.5,147.2,105.8,90.8,231.5,323.1,151.56987476004056,302.4,186.4,151.3,95.40368137237645,806.4,278.9,375.3571744051644,419.8,93.4,117.8,284.0,250.4167592841236,241.3213409290883,188.1,249.1,161.7,226.0,267.2,201.4,283.8,263.1,111.4,215.98619614273707,91.5,126.38503652803318,111.8,81.0,224.2,164.4,88.9,282.7,342.3,271.1,80.0,136.5811019784724,282.3,67.6,210.3481147218684,115.2,115.3,147.6,71.9,1.6,210.1350240759079,267.3285693640794,156.2,109.4,2.1374769068848694,122.6,242.75068624625715,252.4,65.5,27.7,156.8,132.8,63.1,47.92645019445685,42.9,75.09789086452729,102.3,405.4,172.8,134.0,96.71842318906424,68.3,108.4,155.2,0.8,108.6,248.0,59.5,167.11802944177677,8.560213667692079,120.7,591.6679621558184,83.3,46.66801676627768,7.5,100.00222067031258,270.85302320524056,351.30919134552374,27.7,0.1,139.2,397.42107729028936,416.4,406.4,215.3,69.4,18.2,2.9,121.1,300.4,0.2,0.5,0.2,177.7,0.1,1.855091382842848,0.1,0.1,0.2,0.6,1.0,9.2,577.5,261.224533429041,13.0,517.8,1.4,170.5,3.199477287489686,121.0,35.1741402666823,9.7,155.439378120419,2.1,135.1,120.8,108.7,67.8,126.2,9.4,2.2,1.8,55.28995133405476,156.4,226.3067813373348,242.1037724750802,122.23419275323755,1.2,165.9,2.8,23.5,6.1,368.5,169.4,66.4,5.7,1.0,60.49641008081667,19.6,200.3,14.41564976655117,11.411395462882199,356.0,232.2,12.3,17.7,33.5,193.6,23.8,1.2,1.2,130.9,0.8,7.3,1.1,241.0,2.2,97.4,71.3,42.760182525649796,9.343228013018543,0.4926176500992516,2.7,58.6,90.0,0.6,128.0,7.6,72.9,85.1,71.2770955652534,9.4,0.38443627445993334,168.03207475041694,6.9,0.1,62.0,124.9,20.8,135.6,82.6,5.0,2.564979411240026,34.254339148883666,107.2,4.6,127.8,62.8,49.4,12.6,287.7,37.7,153.1,93.0,11.6,0.1,0.6,126.5,53.4,12.1,41.7,9.090824726482232,0.5511004258038276,27.2,0.1,0.1,0.2,147.97365970099725,14.6,151.7097323551056,11.1,40.3
52,125.1,88.2,76.2,244.76865032781546,162.01431838649927,264.1,114.5,260.6,195.7,237.75135681751652,355.50618230030665,253.9,349.7,269.01480398441794,146.2,255.5,101.0,282.8,291.4,444.6690451364875,172.3606800856581,143.73459016895893,293.3701632858787,137.8,246.4390368125203,141.4,152.0,369.4,220.8,121.7,259.0,105.6,411.3,256.1,177.27489026484352,214.49393632823455,146.1971154287157,236.5,195.7,86.0,250.1,244.6,214.1,310.6239215746929,274.4916193367966,325.0,679.3724212949844,324.2,101.5,148.4,225.5786595580467,78.4,163.6,400.50842712289074,275.8,204.9,253.26184055310864,110.6,169.3,337.7108186766237,128.5,132.69559258841485,282.6,86.9,25.8,599.9228020484915,274.7209427808127,291.7,196.4420486449933,258.26600547848096,232.51378199837382,1133.7,267.0,177.7,330.2,416.5,168.1,205.0,192.09529279085314,112.93110928471845,589.5,215.2,211.77407558488676,508.9523597859745,187.6,216.9,29.6,365.0,96.65181515666704,345.0,247.2,152.5,259.3147047407828,243.0,293.8,219.0466252414414,90.40672004873419,442.52287494601035,255.28509977477313,197.59559316194319,282.0564558990993,132.9,84.4,254.6,429.0,270.5,147.2,105.8,90.8,231.5,323.1,132.31341659593383,302.4,186.4,151.3,102.91703768088821,806.4,278.9,291.7192094786582,419.8,93.4,117.8,284.0,218.72200993227406,226.355727548844,188.1,249.1,161.7,226.0,267.2,201.4,283.8,263.1,111.4,173.41456919122976,91.5,112.41557503601155,111.8,81.0,224.2,164.4,88.9,282.7,342.3,271.1,80.0,142.9682726209795,282.3,67.6,155.50920670833156,115.2,115.3,147.6,71.9,1.6,298.0384258016063,237.80901027979104,156.2,109.4,1.9534603612038293,122.6,247.40570308625203,252.4,65.5,27.7,156.8,132.8,63.1,51.12492880929355,42.9,87.75273335180282,102.3,405.4,172.8,134.0,78.60916287796861,68.3,108.4,155.2,0.8,108.6,248.0,59.5,203.98697988245158,8.899458718097648,120.7,765.8714101482063,83.3,40.42860564930988,7.5,124.59956490168702,288.5282261915122,244.4395941422312,27.7,0.1,139.2,392.8343327500568,416.4,406.4,215.3,69.4,18.2,2.9,121.1,300.4,0.2,0.5,0.2,177.7,0.1,1.4406674389151046,0.1,0.1,0.2,0.6,1.0,9.2,577.5,255.18130949929272,13.0,517.8,1.4,170.5,3.447430967257747,121.0,34.551683203462915,9.7,172.8183741415436,2.1,135.1,120.8,108.7,67.8,126.2,9.4,2.2,1.8,70.9235433074904,156.4,184.18307677883,206.3651143355009,114.48747211140702,1.2,165.9,2.8,23.5,6.1,368.5,169.4,66.4,5.7,1.0,67.16201716851914,19.6,200.3,16.37445006712941,15.470126282862678,356.0,232.2,12.3,17.7,33.5,193.6,23.8,1.2,1.2,130.9,0.8,7.3,1.1,241.0,2.2,97.4,71.3,41.782243227462416,7.612372372674363,0.5447455182512859,2.7,58.6,90.0,0.6,128.0,7.6,72.9,85.1,71.97784257334816,9.4,0.3681471985412409,173.6062641040814,6.9,0.1,62.0,124.9,20.8,135.6,82.6,5.0,2.4694239320378832,40.69567956360485,107.2,4.6,127.8,62.8,49.4,12.6,287.7,37.7,153.1,93.0,11.6,0.1,0.6,126.5,53.4,12.1,41.7,8.396087105526231,0.5617769348606118,27.2,0.1,0.1,0.2,170.58709602048165,14.6,143.5041707034976,11.1,40.3
53,125.1,88.2,76.2,205.5965876086523,166.3200193896532,264.1,114.5,260.6,195.7,203.36623884966804,442.4256169899904,253.9,349.7,327.024579022502,146.2,255.5,101.0,282.8,291.4,476.29696768887396,193.25177082743437,135.28695991283038,309.33074627892387,137.8,263.7814354853963,141.4,152.0,369.4,220.8,121.7,259.0,105.6,411.3,256.1,181.2545454729767,221.71538330674758,163.42983333361278,236.5,195.7,86.0,250.1,244.6,214.1,250.5794840030956,327.8257420383983,325.0,908.9652779409319,324.2,101.5,148.4,224.7110040731297,78.4,163.6,535.036407320354,275.8,204.9,250.25683629246305,110.6,169.3,387.4586841521795,128.5,120.09697539697143,282.6,86.9,25.8,481.00836614701007,266.7177355861751,291.7,188.64821198499558,277.5773260238627,233.9132912233217,1133.7,267.0,177.7,330.2,416.5,168.1,205.0,173.7777227297324,151.3216919916522,589.5,215.2,225.99148294902454,483.0957780085736,187.6,216.9,29.6,365.0,124.09283639380932,345.0,247.2,152.5,293.31888651066083,243.0,293.8,186.04896874934124,105.30234022736995,413.17021638810945,237.22748072747953,210.78949555611382,391.37336473783023,132.9,84.4,254.6,429.0,270.5,147.2,105.8,90.8,231.5,323.1,158.95563166053776,302.4,186.4,151.3,97.43985840155106,806.4,278.9,297.1283614080976,419.8,93.4,117.8,284.0,279.84567891753557,298.8917662952857,188.1,249.1,161.7,226.0,267.2,201.4,283.8,263.1,111.4,168.92619232574643,91.5,108.58378827795684,111.8,81.0,224.2,164.4,88.9,282.7,342.3,271.1,80.0,143.5103133426319,282.3,67.6,180.42271603176047,115.2,115.3,147.6,71.9,1.6,251.382287978722,230.70871670431086,156.2,109.4,2.174693556025425,122.6,256.50774780173276,252.4,65.5,27.7,156.8,132.8,63.1,51.71609463395181,42.9,89.86472805488725,102.3,405.4,172.8,134.0,90.89066516318887,68.3,108.4,155.2,0.8,108.6,248.0,59.5,233.17314762161587,8.68243640522765,120.7,685.7032194067401,83.3,43.05738484488983,7.5,93.50327550970016,332.8602005134144,242.39435992961688,27.7,0.1,139.2,370.81029799024,416.4,406.4,215.3,69.4,18.2,2.9,121.1,300.4,0.2,0.5,0.2,177.7,0.1,1.8805947310819249,0.1,0.1,0.2,0.6,1.0,9.2,577.5,204.333260241047,13.0,517.8,1.4,170.5,2.6326100425847567,121.0,35.75490673964337,9.7,151.6787401439955,2.1,135.1,120.8,108.7,67.8,126.2,9.4,2.2,1.8,52.305495856480704,156.4,220.89106769407744,286.11858372876543,115.32199458245427,1.2,165.9,2.8,23.5,6.1,368.5,169.4,66.4,5.7,1.0,76.15179345329634,19.6,200.3,17.169001990044215,12.62538754247992,356.0,232.2,12.3,17.7,33.5,193.6,23.8,1.2,1.2,130.9,0.8,7.3,1.1,241.0,2.2,97.4,71.3,44.20848234590468,8.768415277894926,0.4067641765340721,2.7,58.6,90.0,0.6,128.0,7.6,72.9,85.1,64.9477420512372,9.4,0.35087083412439896,177.49588485177281,6.9,0.1,62.0,124.9,20.8,135.6,82.6,5.0,2.262408663169876,45.50084523033238,107.2,4.6,127.8,62.8,49.4,12.6,287.7,37.7,153.1,93.0,11.6,0.1,0.6,126.5,53.4,12.1,41.7,7.973815834600371,0.5621037461237701,27.2,0.1,0.1,0.2,136.6908154276653,14.6,133.72392724047003,11.1,40.3
54,125.1,88.2,76.2,235.24691806270062,165.50866737074932,264.1,114.5,260.6,195.7,225.7122749859352,311.0867629007487,253.9,349.7,249.0537031184994,146.2,255.5,101.0,282.8,291.4,484.89447108177,213.26095480922012,136.26541194174914,282.6436005931451,137.8,239.32905890784073,141.4,152.0,369.4,220.8,121.7,259.0,105.6,411.3,256.1,158.75640819750257,241.52879827101648,167.14871907844199,236.5,195.7,86.0,250.1,244.6,214.1,289.85184337668665,336.48448013194746,325.0,940.1525372917225,324.2,101.5,148.4,254.24255728451863,78.4,163.6,514.0436108826083,275.8,204.9,255.93917196634249,110.6,169.3,352.13044507811,128.5,139.80975662865322,282.6,86.9,25.8,536.7258554195157,201.0324376764132,291.7,189.06120322538203,273.6925738401755,209.88651352759092,1133.7,267.0,177.7,330.2,416.5,168.1,205.0,192.34491412601562,108.60163185178719,589.5,215.2,262.3956084051127,408.67009735437784,187.6,216.9,29.6,365.0,98.48319279945024,345.0,247.2,152.5,303.4926124253065,243.0,293.8,236.09063487065356,86.16929407996605,343.6680229523151,201.5648515765408,155.11988499318102,379.9756326208874,132.9,84.4,254.6,429.0,270.5,147.2,105.8,90.8,231.5,323.1,123.13034658278573,302.4,186.4,151.3,76.64620026216376,806.4,278.9,302.2100599344549,419.8,93.4,117.8,284.0,276.34334765830624,221.19093217456222,188.1,249.1,161.7,226.0,267.2,201.4,283.8,263.1,111.4,194.66582741044303,91.5,115.27222072228416,111.8,81.0,224.2,164.4,88.9,282.7,342.3,271.1,80.0,153.50211572792557,282.3,67.6,197.86188017111851,115.2,115.3,147.6,71.9,1.6,276.25551030630623,265.8883214630728,156.2,109.4,1.7252521558436114,122.6,248.47927057943033,252.4,65.5,27.7,156.8,132.8,63.1,52.67212514731972,42.9,98.22206605742765,102.3,405.4,172.8,134.0,111.16879292161661,68.3,108.4,155.2,0.8,108.6,248.0,59.5,192.2085836390499,8.916212848623745,120.7,583.5762170346198,83.3,40.24532506707852,7.5,131.33969265722203,339.98735195414247,286.760554013109,27.7,0.1,139.2,453.53789581411434,416.4,406.4,215.3,69.4,18.2,2.9,121.1,300.4,0.2,0.5,0.2,177.7,0.1,1.8957499597816287,0.1,0.1,0.2,0.6,1.0,9.2,577.5,242.83600525037198,13.0,517.8,1.4,170.5,3.081363518587938,121.0,30.483889211744057,9.7,158.77435165624223,2.1,135.1,120.8,108.7,67.8,126.2,9.4,2.2,1.8,59.49632706629438,156.4,163.02860916195047,214.98690594655153,145.97037981948606,1.2,165.9,2.8,23.5,6.1,368.5,169.4,66.4,5.7,1.0,51.115490444883385,19.6,200.3,13.39994268590788,13.04085945688563,356.0,232.2,12.3,17.7,33.5,193.6,23.8,1.2,1.2,130.9,0.8,7.3,1.1,241.0,2.2,97.4,71.3,41.55470251071745,8.715023088637425,0.4115588806160673,2.7,58.6,90.0,0.6,128.0,7.6,72.9,85.1,70.06938629546036,9.4,0.3763154379663275,185.21431412668733,6.9,0.1,62.0,124.9,20.8,135.6,82.6,5.0,2.285146390443257,41.62490209656241,107.2,4.6,127.8,62.8,49.4,12.6,287.7,37.7,153.1,93.0,11.6,0.1,0.6,126.5,53.4,12.1,41.7,6.904929744449528,0.6834315257495582,27.2,0.1,0.1,0.2,132.01127523129512,14.6,156.13392225810838,11.1,40.3
55,125.1,88.2,76.2,232.66447637542174,163.6343101216144,264.1,114.5,260.6,195.7,228.08225798211566,372.9069455313387,253.9,349.7,272.6502515001671,146.2,255.5,101.0,282.8,291.4,330.51125329934797,211.37072115271374,136.22745972186476,379.93307438089016,137.8,284.08289238624104,141.4,152.0,369.4,220.8,121.7,259.0,105.6,411.3,256.1,170.80463261925806,191.23680191163226,146.22154123943395,236.5,195.7,86.0,250.1,244.6,214.1,346.12925004713793,329.54729141683805,325.0,761.3869006181656,324.2,101.5,148.4,213.99576478616058,78.4,163.6,519.7786557759924,275.8,204.9,230.37570974306473,110.6,169.3,359.0512341562189,128.5,133.68927058746328,282.6,86.9,25.8,664.909347139482,276.2936712690827,291.7,162.01303036248706,335.9824694118345,234.8464656065729,1133.7,267.0,177.7,330.2,416.5,168.1,205.0,189.4989429334952,130.0321999883967,589.5,215.2,193.69150043340989,426.03227899939935,187.6,216.9,29.6,365.0,104.27408091545979,345.0,247.2,152.5,285.8014291472003,243.0,293.8,183.14962851896288,98.492292895104,331.5836850016423,266.3414189805492,164.80936003954153,325.04943370301646,132.9,84.4,254.6,429.0,270.5,147.2,105.8,90.8,231.5,323.1,142.49736511692018,302.4,186.4,151.3,82.80133627376682,806.4,278.9,309.72431942605033,419.8,93.4,117.8,284.0,291.5269617301718,279.8849616331509,188.1,249.1,161.7,226.0,267.2,201.4,283.8,263.1,111.4,166.99340311901616,91.5,149.2701486410814,111.8,81.0,224.2,164.4,88.9,282.7,342.3,271.1,80.0,136.20377603777484,282.3,67.6,157.06428503987098,115.2,115.3,147.6,71.9,1.6,208.07367175181724,293.7216083152271,156.2,109.4,2.228376003230976,122.6,269.72701180284866,252.4,65.5,27.7,156.8,132.8,63.1,55.77851393138758,42.9,90.58821030244673,102.3,405.4,172.8,134.0,109.05240789797486,68.3,108.4,155.2,0.8,108.6,248.0,59.5,213.15143170719793,8.122313283618404,120.7,596.6501106478927,83.3,46.59346163331938,7.5,126.23776766286879,362.3534409550021,262.05410172188044,27.7,0.1,139.2,399.7254941763283,416.4,406.4,215.3,69.4,18.2,2.9,121.1,300.4,0.2,0.5,0.2,177.7,0.1,1.512368867320316,0.1,0.1,0.2,0.6,1.0,9.2,577.5,221.40065989987713,13.0,517.8,1.4,170.5,3.471718649334745,121.0,42.02787504177758,9.7,144.4445111526839,2.1,135.1,120.8,108.7,67.8,126.2,9.4,2.2,1.8,56.83825106600946,156.4,195.33625614966647,206.48948347878684,102.99898418605672,1.2,165.9,2.8,23.5,6.1,368.5,169.4,66.4,5.7,1.0,76.28155806473258,19.6,200.3,16.88453384075709,10.998088693713992,356.0,232.2,12.3,17.7,33.5,193.6,23.8,1.2,1.2,130.9,0.8,7.3,1.1,241.0,2.2,97.4,71.3,44.396708929383315,6.572730193624552,0.4715066819137218,2.7,58.6,90.0,0.6,128.0,7.6,72.9,85.1,68.61020001224244,9.4,0.3351675126538551,209.1200123468916,6.9,0.1,62.0,124.9,20.8,135.6,82.6,5.0,2.6120587750337103,34.90820371739465,107.2,4.6,127.8,62.8,49.4,12.6,287.7,37.7,153.1,93.0,11.6,0.1,0.6,126.5,53.4,12.1,41.7,7.6807217204855345,0.5398859257846841,27.2,0.1,0.1,0.2,129.78057068594393,14.6,145.62879816470135,11.1,40.3
56,125.1,88.2,76.2,256.4626159182151,124.75093246833255,264.1,114.5,260.6,195.7,203.57310947864198,444.8853316797438,253.9,349.7,308.4277078908493,146.2,255.5,101.0,282.8,291.4,455.1013599831562,234.79891138706944,164.92440044144473,292.0830953795973,137.8,277.181352464223,141.4,152.0,369.4,220.8,121.7,259.0,105.6,411.3,256.1,154.88318137333619,235.30471973035463,133.72747504245447,236.5,195.7,86.0,250.1,244.6,214.1,317.33397580858264,357.3713731891253,325.0,677.4272089229196,324.2,101.5,148.4,267.35928762963493,78.4,163.6,504.11320909138107,275.8,204.9,252.08707761055177,110.6,169.3,395.35506529062735,128.5,129.17312229542867,282.6,86.9,25.8,610.3245978442853,266.34373616065557,291.7,176.21329885447278,258.7546117438969,230.87368146821638,1133.7,267.0,177.7,330.2,416.5,168.1,205.0,162.2411583156615,139.83214766108898,589.5,215.2,215.3718274658253,460.82345843862686,187.6,216.9,29.6,365.0,119.12037465007299,345.0,247.2,152.5,241.85813149209815,243.0,293.8,236.52705193541152,83.629608058902,440.3484906781256,262.2938810939528,163.61934265977587,368.99380762825535,132.9,84.4,254.6,429.0,270.5,147.2,105.8,90.8,231.5,323.1,180.2823618340934,302.4,186.4,151.3,97.23050183701014,806.4,278.9,314.8963051948552,419.8,93.4,117.8,284.0,271.3027687923195,240.62922700535404,188.1,249.1,161.7,226.0,267.2,201.4,283.8,263.1,111.4,183.35265752186868,91.5,138.11038151385614,111.8,81.0,224.2,164.4,88.9,282.7,342.3,271.1,80.0,169.2274269023384,282.3,67.6,151.60004719309364,115.2,115.3,147.6,71.9,1.6,232.2351394264942,243.78847357278886,156.2,109.4,1.681414214772817,122.6,219.76781069657196,252.4,65.5,27.7,156.8,132.8,63.1,43.295389943927006,42.9,88.71398635241398,102.3,405.4,172.8,134.0,88.00105948211589,68.3,108.4,155.2,0.8,108.6,248.0,59.5,236.3998435291598,8.983549329267483,120.7,770.9172091404903,83.3,47.14844239469858,7.5,97.89569255979794,338.49988236058795,289.0959545263096,27.7,0.1,139.2,397.97093408811793,416.4,406.4,215.3,69.4,18.2,2.9,121.1,300.4,0.2,0.5,0.2,177.7,0.1,1.7655697208423489,0.1,0.1,0.2,0.6,1.0,9.2,577.5,241.22367574478312,13.0,517.8,1.4,170.5,3.1831620820092166,121.0,40.6930213469913,9.7,146.98838361747295,2.1,135.1,120.8,108.7,67.8,126.2,9.4,2.2,1.8,53.13510172789586,156.4,180.07423807486495,224.92077399904846,146.2422942780267,1.2,165.9,2.8,23.5,6.1,368.5,169.4,66.4,5.7,1.0,73.41496908463202,19.6,200.3,16.02872352050821,13.344151553925732,356.0,232.2,12.3,17.7,33.5,193.6,23.8,1.2,1.2,130.9,0.8,7.3,1.1,241.0,2.2,97.4,71.3,38.12640323373155,7.523494242464023,0.5461301461781695,2.7,58.6,90.0,0.6,128.0,7.6,72.9,85.1,61.12520046914757,9.4,0.3229919878298036,175.062416952666,6.9,0.1,62.0,124.9,20.8,135.6,82.6,5.0,2.27815352210697,36.310754470344094,107.2,4.6,127.8,62.8,49.4,12.6,287.7,37.7,153.1,93.0,11.6,0.1,0.6,126.5,53.4,12.1,41.7,7.954528771520279,0.6805910284185284,27.2,0.1,0.1,0.2,168.5107489903139,14.6,156.73943247481307,11.1,40.3
57,125.1,88.2,76.2,227.54006818662188,139.07007410597842,264.1,114.5,260.6,195.7,174.7514995823084,381.82862760999274,253.9,349.7,258.5774951501529,146.2,255.5,101.0,282.8,291.4,396.40467752820655,180.36328566910873,153.9274914242248,317.07387775585977,137.8,240.56235461265507,141.4,152.0,369.4,220.8,121.7,259.0,105.6,411.3,256.1,184.64018854819147,248.99943280180798,190.81625780047622,236.5,195.7,86.0,250.1,244.6,214.1,342.5323404213132,312.3744228143845,325.0,899.9836409476172,324.2,101.5,148.4,261.0588530316888,78.4,163.6,464.01772271807283,275.8,204.9,192.4737021495879,110.6,169.3,363.64866612446895,128.5,158.54207503423004,282.6,86.9,25.8,519.1511168436988,257.84794776282735,291.7,179.09387492829754,255.99668161449515,230.56942691705376,1133.7,267.0,177.7,330.2,416.5,168.1,205.0,170.97451120246674,119.03115310348383,589.5,215.2,214.26438898313108,502.9119415357777,187.6,216.9,29.6,365.0,94.10164003137105,345.0,247.2,152.5,285.2256144011087,243.0,293.8,165.49357747599555,97.51109805428342,400.8848900329281,234.1507570462882,173.33161703252827,274.5743347145656,132.9,84.4,254.6,429.0,270.5,147.2,105.8,90.8,231.5,323.1,139.28340730900538,302.4,186.4,151.3,97.60816913794616,806.4,278.9,351.14962522161375,419.8,93.4,117.8,284.0,238.88248158066426,278.6910824935392,188.1,249.1,161.7,226.0,267.2,201.4,283.8,263.1,111.4,231.9272542682966,91.5,108.5412375809127,111.8,81.0,224.2,164.4,88.9,282.7,342.3,271.1,80.0,170.78559429324093,282.3,67.6,152.26583006551428,115.2,115.3,147.6,71.9,1.6,213.3330143734384,285.4296711701868,156.2,109.4,1.928772170601258,122.6,229.52644893986997,252.4,65.5,27.7,156.8,132.8,63.1,52.49873150124081,42.9,90.69336550816365,102.3,405.4,172.8,134.0,110.98525159685786,68.3,108.4,155.2,0.8,108.6,248.0,59.5,202.49505346360195,6.577019469564153,120.7,708.6948557001989,83.3,48.79212399875528,7.5,131.09555257156177,348.37046952720436,342.74338123255603,27.7,0.1,139.2,440.9733860422912,416.4,406.4,215.3,69.4,18.2,2.9,121.1,300.4,0.2,0.5,0.2,177.7,0.1,1.8135306052167803,0.1,0.1,0.2,0.6,1.0,9.2,577.5,187.01585398725624,13.0,517.8,1.4,170.5,3.156690965783465,121.0,38.284220117198316,9.7,139.9457105234215,2.1,135.1,120.8,108.7,67.8,126.2,9.4,2.2,1.8,69.98197542954384,156.4,230.12359715442074,217.3926947408956,137.31349180080556,1.2,165.9,2.8,23.5,6.1,368.5,169.4,66.4,5.7,1.0,75.4536650109122,19.6,200.3,16.848975533802378,13.621662719771287,356.0,232.2,12.3,17.7,33.5,193.6,23.8,1.2,1.2,130.9,0.8,7.3,1.1,241.0,2.2,97.4,71.3,46.68232503349307,8.244929707064319,0.4477694657001853,2.7,58.6,90.0,0.6,128.0,7.6,72.9,85.1,68.64941039430475,9.4,0.32348417767551774,155.09067420140013,6.9,0.1,62.0,124.9,20.8,135.6,82.6,5.0,2.7261235219328808,44.94534341883478,107.2,4.6,127.8,62.8,49.4,12.6,287.7,37.7,153.1,93.0,11.6,0.1,0.6,126.5,53.4,12.1,41.7,7.855945447052095,0.5508833192783166,27.2,0.1,0.1,0.2,170.1334335903383,14.6,119.4596062297539,11.1,40.3
58,125.1,88.2,76.2,207.49379578587317,150.05871866173163,264.1,114.5,260.6,195.7,196.77513509766243,338.92102296229785,253.9,349.7,292.95175532178934,146.2,255.5,101.0,282.8,291.4,407.64233601418334,243.53123843021183,186.98019086883215,316.0716957803181,137.8,272.1380362170608,141.4,152.0,369.4,220.8,121.7,259.0,105.6,411.3,256.1,137.34418721819688,267.7162441606423,173.6791525251765,236.5,195.7,86.0,250.1,244.6,214.1,247.51504483982603,331.45126528786784,325.0,896.7606202759385,324.2,101.5,148.4,283.49649332427373,78.4,163.6,373.66049735998826,275.8,204.9,250.3321617496851,110.6,169.3,300.34946016246244,128.5,128.9460801625012,282.6,86.9,25.8,623.7419583968899,213.85601409491392,291.7,166.3605708400189,248.71580696949258,276.42920799706644,1133.7,267.0,177.7,330.2,416.5,168.1,205.0,195.32078584018984,108.2810792806599,589.5,215.2,258.24029196657557,375.0315747475014,187.6,216.9,29.6,365.0,116.81107487656219,345.0,247.2,152.5,297.9660650946583,243.0,293.8,183.04252713737756,96.62796511020757,362.1637871477375,251.9360006482502,171.31605972637334,362.7347429473727,132.9,84.4,254.6,429.0,270.5,147.2,105.8,90.8,231.5,323.1,171.82449892089983,302.4,186.4,151.3,101.59654158658152,806.4,278.9,365.1290151113018,419.8,93.4,117.8,284.0,250.80504453096626,307.3339356156679,188.1,249.1,161.7,226.0,267.2,201.4,283.8,263.1,111.4,199.09675923427548,91.5,137.1214020774437,111.8,81.0,224.2,164.4,88.9,282.7,342.3,271.1,80.0,182.56581529208503,282.3,67.6,151.93550639581503,115.2,115.3,147.6,71.9,1.6,232.8263302681698,304.04958973981275,156.2,109.4,1.7174543408777154,122.6,228.63679839060734,252.4,65.5,27.7,156.8,132.8,63.1,50.63281995894665,42.9,68.79615988753595,102.3,405.4,172.8,134.0,90.64026945665553,68.3,108.4,155.2,0.8,108.6,248.0,59.5,196.6222525505735,7.756672405236868,120.7,826.9911771431448,83.3,39.754882817551845,7.5,108.97040219846906,333.0669896502854,338.3038514051057,27.7,0.1,139.2,482.16920652878747,416.4,406.4,215.3,69.4,18.2,2.9,121.1,300.4,0.2,0.5,0.2,177.7,0.1,1.8813830484578096,0.1,0.1,0.2,0.6,1.0,9.2,577.5,180.6437632236398,13.0,517.8,1.4,170.5,2.533103354686943,121.0,30.293115931647538,9.7,155.38779733860295,2.1,135.1,120.8,108.7,67.8,126.2,9.4,2.2,1.8,61.86844411142772,156.4,156.5024013077491,220.41355830661217,106.84854351515573,1.2,165.9,2.8,23.5,6.1,368.5,169.4,66.4,5.7,1.0,62.92295830459091,19.6,200.3,13.080735463365881,12.397084142971183,356.0,232.2,12.3,17.7,33.5,193.6,23.8,1.2,1.2,130.9,0.8,7.3,1.1,241.0,2.2,97.4,71.3,56.52338651497605,8.662284603683425,0.4101815133648179,2.7,58.6,90.0,0.6,128.0,7.6,72.9,85.1,66.05189460974249,9.4,0.36972835290529305,184.00305998110838,6.9,0.1,62.0,124.9,20.8,135.6,82.6,5.0,2.42759673175619,44.06858820636222,107.2,4.6,127.8,62.8,49.4,12.6,287.7,37.7,153.1,93.0,11.6,0.1,0.6,126.5,53.4,12.1,41.7,9.138399732358165,0.48548682801330817,27.2,0.1,0.1,0.2,150.20942283045716,14.6,178.18097761656622,11.1,40.3
59,125.1,88.2,76.2,247.6158496657588,149.9476899181575,264.1,114.5,260.6,195.7,175.38147425126212,396.483521434334,253.9,349.7,289.128962435925,146.2,255.5,101.0,282.8,291.4,339.2888168786341,194.2825467270699,149.10421930495002,340.0368087328246,137.8,248.13071428804346,141.4,152.0,369.4,220.8,121.7,259.0,105.6,411.3,256.1,132.3211135559053,236.67386263662118,171.50514790378654,236.5,195.7,86.0,250.1,244.6,214.1,308.8990669114893,334.00290901110884,325.0,948.515852993526,324.2,101.5,148.4,269.2740212471298,78.4,163.6,528.2474358929214,275.8,204.9,230.19743820648713,110.6,169.3,307.5282823481828,128.5,145.75118008109848,282.6,86.9,25.8,543.9398006409217,230.11064380040088,291.7,211.62886918776798,345.6859775632201,242.8741967375597,1133.7,267.0,177.7,330.2,416.5,168.1,205.0,188.3605117220452,155.48891497684065,589.5,215.2,233.91593288308638,393.1801749962776,187.6,216.9,29.6,365.0,110.00516123431383,345.0,247.2,152.5,275.9999117940389,243.0,293.8,216.23977276460636,93.59318052288603,351.36207388899993,260.6524475389466,180.48212928266,282.3826538198342,132.9,84.4,254.6,429.0,270.5,147.2,105.8,90.8,231.5,323.1,124.69170961267085,302.4,186.4,151.3,89.05024496101935,806.4,278.9,269.4700791568754,419.8,93.4,117.8,284.0,201.11708053841784,219.9400596215601,188.1,249.1,161.7,226.0,267.2,201.4,283.8,263.1,111.4,197.5751198645318,91.5,117.45275611482623,111.8,81.0,224.2,164.4,88.9,282.7,342.3,271.1,80.0,170.3770492753369,282.3,67.6,150.44846419817287,115.2,115.3,147.6,71.9,1.6,289.4364100363611,224.1324116949874,156.2,109.4,1.938990063429708,122.6,245.98015194697365,252.4,65.5,27.7,156.8,132.8,63.1,48.847096139834825,42.9,79.47423130812496,102.3,405.4,172.8,134.0,96.04778911737341,68.3,108.4,155.2,0.8,108.6,248.0,59.5,233.94926768213702,6.996178585622494,120.7,667.7114080506261,83.3,49.25181225717068,7.5,118.99347032811082,305.10670370790166,335.23750942403717,27.7,0.1,139.2,423.5691826738999,416.4,406.4,215.3,69.4,18.2,2.9,121.1,300.4,0.2,0.5,0.2,177.7,0.1,1.2836718840611099,0.1,0.1,0.2,0.6,1.0,9.2,577.5,224.78014588750327,13.0,517.8,1.4,170.5,3.1764382902645663,121.0,42.291752162530685,9.7,147.54804775641927,2.1,135.1,120.8,108.7,67.8,126.2,9.4,2.2,1.8,74.35789181769692,156.4,154.42603951150952,260.7378982512969,121.23215235747762,1.2,165.9,2.8,23.5,6.1,368.5,169.4,66.4,5.7,1.0,71.96446173422939,19.6,200.3,12.668722301711277,15.436685396968931,356.0,232.2,12.3,17.7,33.5,193.6,23.8,1.2,1.2,130.9,0.8,7.3,1.1,241.0,2.2,97.4,71.3,47.275275496589046,6.800167235093285,0.5592468053457639,2.7,58.6,90.0,0.6,128.0,7.6,72.9,85.1,74.54760997798132,9.4,0.3327013441055121,170.82620401710685,6.9,0.1,62.0,124.9,20.8,135.6,82.6,5.0,2.5308717938180587,34.4060291566932,107.2,4.6,127.8,62.8,49.4,12.6,287.7,37.7,153.1,93.0,11.6,0.1,0.6,126.5,53.4,12.1,41.7,8.543131312385388,0.6119146591465084,27.2,0.1,0.1,0.2,186.83293420404192,14.6,130.78630706697425,11.1,40.3
60,125.1,88.2,76.2,202.58751894861436,158.0517340449873,264.1,114.5,260.6,195.7,201.88620337429575,342.3313888169,253.9,349.7,292.5149285873906,146.2,255.5,101.0,282.8,291.4,407.2757348125622,187.96336795810865,129.93919391758132,319.7340737246351,137.8,238.8561544572331,141.4,152.0,369.4,220.8,121.7,259.0,105.6,411.3,256.1,134.98581114690896,257.1348486118204,146.67397430764103,236.5,195.7,86.0,250.1,244.6,214.1,306.80572577250445,366.01848529458334,325.0,911.5271684784615,324.2,101.5,148.4,207.0629164500028,78.4,163.6,458.66215924113067,275.8,204.9,212.0599089098302,110.6,169.3,334.77073019280647,128.5,168.7401510335016,282.6,86.9,25.8,542.35887120488,194.1186220456037,291.7,158.10515896019882,243.74176912800434,252.80162810979994,1133.7,267.0,177.7,330.2,416.5,168.1,205.0,169.3251041519709,142.16647102481707,589.5,215.2,281.77757342371706,420.0968395032463,187.6,216.9,29.6,365.0,137.7589887464211,345.0,247.2,152.5,263.3877804435744,243.0,293.8,168.87819148663587,109.4420553486795,387.2887528168731,240.20680871747606,165.9776142551449,363.99730294972505,132.9,84.4,254.6,429.0,270.5,147.2,105.8,90.8,231.5,323.1,145.85250119343834,302.4,186.4,151.3,97.49583453408971,806.4,278.9,365.29387292676,419.8,93.4,117.8,284.0,208.76847507063053,230.55396593636473,188.1,249.1,161.7,226.0,267.2,201.4,283.8,263.1,111.4,211.13307811847585,91.5,143.0817943648184,111.8,81.0,224.2,164.4,88.9,282.7,342.3,271.1,80.0,175.24059578722682,282.3,67.6,204.72606940040205,115.2,115.3,147.6,71.9,1.6,235.47669270489695,229.84713292310553,156.2,109.4,1.825833223974391,122.6,304.54741027862303,252.4,65.5,27.7,156.8,132.8,63.1,55.81554473922753,42.9,81.40107172819782,102.3,405.4,172.8,134.0,101.9453122281987,68.3,108.4,155.2,0.8,108.6,248.0,59.5,200.40719285186424,9.717812077816394,120.7,717.872233667989,83.3,38.03921206455442,7.5,90.28511029368974,326.1000305540896,273.77322322845606,27.7,0.1,139.2,344.7031360688994,416.4,406.4,215.3,69.4,18.2,2.9,121.1,300.4,0.2,0.5,0.2,177.7,0.1,1.8328873628405624,0.1,0.1,0.2,0.6,1.0,9.2,577.5,184.34389117258652,13.0,517.8,1.4,170.5,2.8918640778889224,121.0,43.86306887069898,9.7,158.4324491898664,2.1,135.1,120.8,108.7,67.8,126.2,9.4,2.2,1.8,65.78408716231151,156.4,216.86876846098926,266.81256672966174,134.73714811499207,1.2,165.9,2.8,23.5,6.1,368.5,169.4,66.4,5.7,1.0,72.27697906268432,19.6,200.3,12.834831047985661,11.910739372230136,356.0,232.2,12.3,17.7,33.5,193.6,23.8,1.2,1.2,130.9,0.8,7.3,1.1,241.0,2.2,97.4,71.3,54.47652344472529,9.589412507388532,0.5862368612674851,2.7,58.6,90.0,0.6,128.0,7.6,72.9,85.1,56.25121064371375,9.4,0.4667009576684277,162.4172492948433,6.9,0.1,62.0,124.9,20.8,135.6,82.6,5.0,2.3034033314486617,35.06834105699297,107.2,4.6,127.8,62.8,49.4,12.6,287.7,37.7,153.1,93.0,11.6,0.1,0.6,126.5,53.4,12.1,41.7,9.077584217489779,0.6191581792511061,27.2,0.1,0.1,0.2,160.76104964152574,14.6,175.0824286456099,11.1,40.3
61,125.1,88.2,76.2,204.74134405063643,130.8818996319087,264.1,114.5,260.6,195.7,201.6615767045209,363.5178007976943,253.9,349.7,267.9097238435,146.2,255.5,101.0,282.8,291.4,411.11154214469695,177.74086736888788,141.7393484509514,325.6022186446373,137.8,267.81483589359436,141.4,152.0,369.4,220.8,121.7,259.0,105.6,411.3,256.1,146.2829173784547,231.76767468440414,138.0446924530235,236.5,195.7,86.0,250.1,244.6,214.1,278.73382654417696,259.319574356054,325.0,811.6207652839298,324.2,101.5,148.4,268.1992076018605,78.4,163.6,524.4616612268067,275.8,204.9,187.99826485671744,110.6,169.3,363.1371509154579,128.5,140.08224773984554,282.6,86.9,25.8,516.7487722693883,224.63159846191067,291.7,175.19176812491455,294.5936539233571,279.3333748167007,1133.7,267.0,177.7,330.2,416.5,168.1,205.0,171.61683201366418,129.57868125519155,589.5,215.2,220.1849146031678,421.6143324491873,187.6,216.9,29.6,365.0,138.68271462234264,345.0,247.2,152.5,265.67754526711826,243.0,293.8,176.4341940599053,99.15190819575065,383.0327577011123,203.2345587038588,178.54889954711533,372.5461218904701,132.9,84.4,254.6,429.0,270.5,147.2,105.8,90.8,231.5,323.1,177.30947266273185,302.4,186.4,151.3,87.35717595892575,806.4,278.9,306.04741042403924,419.8,93.4,117.8,284.0,200.43014913307698,257.0497323014954,188.1,249.1,161.7,226.0,267.2,201.4,283.8,263.1,111.4,227.50476695612747,91.5,118.32802356501784,111.8,81.0,224.2,164.4,88.9,282.7,342.3,271.1,80.0,184.21401518424236,282.3,67.6,156.60952020977416,115.2,115.3,147.6,71.9,1.6,241.37914861847815,263.87531925578287,156.2,109.4,2.256452177873722,122.6,297.1742980385971,252.4,65.5,27.7,156.8,132.8,63.1,51.262859278063274,42.9,94.90613404637155,102.3,405.4,172.8,134.0,97.08700076052916,68.3,108.4,155.2,0.8,108.6,248.0,59.5,178.25599534090622,8.448865255827815,120.7,750.0692714812619,83.3,49.433481085057096,7.5,125.07198420733724,373.12100121005,276.2819728031715,27.7,0.1,139.2,443.3989132073915,416.4,406.4,215.3,69.4,18.2,2.9,121.1,300.4,0.2,0.5,0.2,177.7,0.1,1.3770506939972151,0.1,0.1,0.2,0.6,1.0,9.2,577.5,248.72459531170352,13.0,517.8,1.4,170.5,2.5356234598600054,121.0,39.22934575667002,9.7,125.62696908144316,2.1,135.1,120.8,108.7,67.8,126.2,9.4,2.2,1.8,51.28990840571672,156.4,171.2848331484077,251.05206837975578,136.02300568403837,1.2,165.9,2.8,23.5,6.1,368.5,169.4,66.4,5.7,1.0,58.6996555804792,19.6,200.3,17.262064020031044,13.526894902209621,356.0,232.2,12.3,17.7,33.5,193.6,23.8,1.2,1.2,130.9,0.8,7.3,1.1,241.0,2.2,97.4,71.3,43.0713239062424,6.925302812145305,0.4889487374566357,2.7,58.6,90.0,0.6,128.0,7.6,72.9,85.1,56.30119331793232,9.4,0.45183603673311573,144.87132995702146,6.9,0.1,62.0,124.9,20.8,135.6,82.6,5.0,2.7528070260172237,47.48096564191114,107.2,4.6,127.8,62.8,49.4,12.6,287.7,37.7,153.1,93.0,11.6,0.1,0.6,126.5,53.4,12.1,41.7,10.025837109916427,0.5293823016990364,27.2,0.1,0.1,0.2,174.04475191090447,14.6,166.8621601797628,11.1,40.3
62,125.1,88.2,76.2,239.1045536796575,178.8895570119946,264.1,114.5,260.6,195.7,192.53237609376706,316.1249700458126,253.9,349.7,249.49084261284003,146.2,255.5,101.0,282.8,291.4,459.1864224406795,180.16610614212854,150.03679470946938,256.6039104593627,137.8,257.646449670682,141.4,152.0,369.4,220.8,121.7,259.0,105.6,411.3,256.1,130.684522602231,277.31050054541095,171.12574384190947,236.5,195.7,86.0,250.1,244.6,214.1,297.36417356076777,319.9753227170075,325.0,731.0879735308179,324.2,101.5,148.4,274.2693738267626,78.4,163.6,428.0188867421567,275.8,204.9,222.82552658897865,110.6,169.3,406.9059077422732,128.5,157.5333409182988,282.6,86.9,25.8,551.0973509743288,223.3963557832483,291.7,153.44458131157248,278.0030038411312,279.2472972252491,1133.7,267.0,177.7,330.2,416.5,168.1,205.0,194.79282403591597,106.94937368057455,589.5,215.2,222.12628935191248,551.4085379279645,187.6,216.9,29.6,365.0,130.0831492804276,345.0,247.2,152.5,220.2144353675633,243.0,293.8,163.77170296463186,82.06478384270757,426.0361188889501,217.7885063925572,194.8083820608039,360.20483168586156,132.9,84.4,254.6,429.0,270.5,147.2,105.8,90.8,231.5,323.1,174.8436320803576,302.4,186.4,151.3,90.71849504075097,806.4,278.9,299.6917381582954,419.8,93.4,117.8,284.0,296.0009531278514,214.12778682701622,188.1,249.1,161.7,226.0,267.2,201.4,283.8,263.1,111.4,205.72785801539027,91.5,130.6859683563336,111.8,81.0,224.2,164.4,88.9,282.7,342.3,271.1,80.0,172.19033183318658,282.3,67.6,164.57051124677065,115.2,115.3,147.6,71.9,1.6,289.3335832188549,307.5509537184873,156.2,109.4,1.9409337598817118,122.6,325.37104873829384,252.4,65.5,27.7,156.8,132.8,63.1,51.368690325109746,42.9,66.68487569834924,102.3,405.4,172.8,134.0,90.68746459561883,68.3,108.4,155.2,0.8,108.6,248.0,59.5,220.0910030839006,7.775723167573135,120.7,773.171168813493,83.3,40.91491341800378,7.5,122.29550191674761,299.7298364303422,306.8021782122244,27.7,0.1,139.2,387.8652646533735,416.4,406.4,215.3,69.4,18.2,2.9,121.1,300.4,0.2,0.5,0.2,177.7,0.1,1.776034246046163,0.1,0.1,0.2,0.6,1.0,9.2,577.5,260.06738173416005,13.0,517.8,1.4,170.5,2.7473487106738173,121.0,39.010162772645614,9.7,167.71969977691387,2.1,135.1,120.8,108.7,67.8,126.2,9.4,2.2,1.8,54.87930118997193,156.4,176.99263652983007,198.3629297862012,142.651476191031,1.2,165.9,2.8,23.5,6.1,368.5,169.4,66.4,5.7,1.0,57.9293824037238,19.6,200.3,17.178020831159394,15.227276652649536,356.0,232.2,12.3,17.7,33.5,193.6,23.8,1.2,1.2,130.9,0.8,7.3,1.1,241.0,2.2,97.4,71.3,54.79627111950309,8.304270233448017,0.4165812720330658,2.7,58.6,90.0,0.6,128.0,7.6,72.9,85.1,57.19303100303131,9.4,0.45738458354571565,187.12897292466818,6.9,0.1,62.0,124.9,20.8,135.6,82.6,5.0,2.6914584149519327,33.55162429284487,107.2,4.6,127.8,62.8,49.4,12.6,287.7,37.7,153.1,93.0,11.6,0.1,0.6,126.5,53.4,12.1,41.7,9.20037346307247,0.5018264801970204,27.2,0.1,0.1,0.2,131.7427684600889,14.6,153.55919252580162,11.1,40.3
63,125.1,88.2,76.2,219.63385917745507,162.33064764340668,264.1,114.5,260.6,195.7,177.49359072711061,342.00131401739606,253.9,349.7,286.2797953737549,146.2,255.5,101.0,282.8,291.4,452.0575927789166,192.68545662061248,154.5033107282238,336.92340992517643,137.8,277.6114580778777,141.4,152.0,369.4,220.8,121.7,259.0,105.6,411.3,256.1,149.69226992617493,216.22666241103497,163.73576707727517,236.5,195.7,86.0,250.1,244.6,214.1,345.3665021644213,261.2553432329558,325.0,774.7333609892619,324.2,101.5,148.4,202.52107593534933,78.4,163.6,402.4001593606588,275.8,204.9,259.1607252186809,110.6,169.3,392.9834972834007,128.5,145.61554036528818,282.6,86.9,25.8,487.93619981370097,258.73495586166223,291.7,209.81794809399295,281.4556944315913,275.942295659205,1133.7,267.0,177.7,330.2,416.5,168.1,205.0,178.39062067669948,115.85525473731569,589.5,215.2,197.7927132015959,390.937011980853,187.6,216.9,29.6,365.0,93.91323060767239,345.0,247.2,152.5,212.20971582264974,243.0,293.8,184.64724102425618,102.50958518299782,435.0626993857127,264.6860165514188,178.6204624794775,287.33577886765454,132.9,84.4,254.6,429.0,270.5,147.2,105.8,90.8,231.5,323.1,163.14470408058676,302.4,186.4,151.3,87.9586296776065,806.4,278.9,325.523298873663,419.8,93.4,117.8,284.0,297.85388807275694,208.66587772321242,188.1,249.1,161.7,226.0,267.2,201.4,283.8,263.1,111.4,224.16573382665234,91.5,102.99325568166238,111.8,81.0,224.2,164.4,88.9,282.7,342.3,271.1,80.0,183.95170592254897,282.3,67.6,152.8579271363589,115.2,115.3,147.6,71.9,1.6,211.58170057158156,297.79544310924837,156.2,109.4,1.9255987346285404,122.6,240.31021313753183,252.4,65.5,27.7,156.8,132.8,63.1,45.40443317888709,42.9,70.96625525573458,102.3,405.4,172.8,134.0,113.71477700213009,68.3,108.4,155.2,0.8,108.6,248.0,59.5,211.9236244161545,9.162455095707816,120.7,795.8921997396484,83.3,45.573103132184286,7.5,128.89126768804272,341.35460383989374,330.2873503181896,27.7,0.1,139.2,409.42886681642443,416.4,406.4,215.3,69.4,18.2,2.9,121.1,300.4,0.2,0.5,0.2,177.7,0.1,1.4400447665783076,0.1,0.1,0.2,0.6,1.0,9.2,577.5,194.79686552975778,13.0,517.8,1.4,170.5,3.325414946421619,121.0,32.04220898902475,9.7,135.33683767590708,2.1,135.1,120.8,108.7,67.8,126.2,9.4,2.2,1.8,64.95037229753915,156.4,178.23987452732888,262.2097277305959,120.22499740762237,1.2,165.9,2.8,23.5,6.1,368.5,169.4,66.4,5.7,1.0,68.15349266559564,19.6,200.3,16.215710437841146,14.688002484114765,356.0,232.2,12.3,17.7,33.5,193.6,23.8,1.2,1.2,130.9,0.8,7.3,1.1,241.0,2.2,97.4,71.3,53.20899558356392,8.5890645383088,0.4520508904682767,2.7,58.6,90.0,0.6,128.0,7.6,72.9,85.1,67.9176055753028,9.4,0.37116012632238515,157.20741007006785,6.9,0.1,62.0,124.9,20.8,135.6,82.6,5.0,2.844272961172131,47.941286403299685,107.2,4.6,127.8,62.8,49.4,12.6,287.7,37.7,153.1,93.0,11.6,0.1,0.6,126.5,53.4,12.1,41.7,9.186538615004675,0.6943314524923856,27.2,0.1,0.1,0.2,173.38164403201853,14.6,155.22312141450973,11.1,40.3
64,125.1,88.2,76.2,264.7127773113762,171.91093938336928,264.1,114.5,260.6,195.7,196.9604103811684,418.2064996169886,253.9,349.7,249.79123540899278,146.2,255.5,101.0,282.8,291.4,424.67165938402627,204.47438074693773,177.64273432578415,288.04263256334514,137.8,226.24205713856585,141.4,152.0,369.4,220.8,121.7,259.0,105.6,411.3,256.1,140.62375975314592,198.8568103425154,146.16883376400875,236.5,195.7,86.0,250.1,244.6,214.1,275.47229474223894,322.64727849427624,325.0,671.8062371584183,324.2,101.5,148.4,266.43111685396497,78.4,163.6,361.05512447488337,275.8,204.9,232.79795198586268,110.6,169.3,406.1838787319313,128.5,142.41878503891687,282.6,86.9,25.8,490.95667405329976,249.53350884475321,291.7,208.00478211198742,320.1619182684101,292.6546689933837,1133.7,267.0,177.7,330.2,416.5,168.1,205.0,228.4214143879871,123.26544345551812,589.5,215.2,252.02740087762368,458.035674278958,187.6,216.9,29.6,365.0,133.85567959370812,345.0,247.2,152.5,294.26177354847744,243.0,293.8,197.40272658796087,74.43325542650673,437.1051048193427,209.1839016519637,193.72554969277436,389.57274633446247,132.9,84.4,254.6,429.0,270.5,147.2,105.8,90.8,231.5,323.1,161.46088041964794,302.4,186.4,151.3,93.9487881495811,806.4,278.9,296.3920233158297,419.8,93.4,117.8,284.0,226.89539605689154,259.6332029195438,188.1,249.1,161.7,226.0,267.2,201.4,283.8,263.1,111.4,239.1840464349039,91.5,126.24481544613596,111.8,81.0,224.2,164.4,88.9,282.7,342.3,271.1,80.0,180.51311961440874,282.3,67.6,179.78903773485104,115.2,115.3,147.6,71.9,1.6,218.55553645574014,267.9943424110194,156.2,109.4,1.821215145163097,122.6,281.5053011171158,252.4,65.5,27.7,156.8,132.8,63.1,57.60596205451356,42.9,82.02310901943062,102.3,405.4,172.8,134.0,94.90292187983191,68.3,108.4,155.2,0.8,108.6,248.0,59.5,239.81976041934388,9.420490393251239,120.7,797.7128247692438,83.3,40.20035054418255,7.5,109.58144320636926,293.7076172089373,322.1702399987565,27.7,0.1,139.2,458.3813373192886,416.4,406.4,215.3,69.4,18.2,2.9,121.1,300.4,0.2,0.5,0.2,177.7,0.1,1.7757515661522216,0.1,0.1,0.2,0.6,1.0,9.2,577.5,263.7469458643865,13.0,517.8,1.4,170.5,3.3998059933289233,121.0,37.22164903931257,9.7,155.0084639880235,2.1,135.1,120.8,108.7,67.8,126.2,9.4,2.2,1.8,70.51016560563184,156.4,189.07471644928427,243.44805947580633,126.98186250435586,1.2,165.9,2.8,23.5,6.1,368.5,169.4,66.4,5.7,1.0,57.93849765339,19.6,200.3,15.3688840499265,15.212287593199775,356.0,232.2,12.3,17.7,33.5,193.6,23.8,1.2,1.2,130.9,0.8,7.3,1.1,241.0,2.2,97.4,71.3,46.293686940644925,9.39386509517666,0.4209263293669616,2.7,58.6,90.0,0.6,128.0,7.6,72.9,85.1,67.56776866978119,9.4,0.3363919445267984,186.9004988372962,6.9,0.1,62.0,124.9,20.8,135.6,82.6,5.0,2.694256992534336,34.849410813018004,107.2,4.6,127.8,62.8,49.4,12.6,287.7,37.7,153.1,93.0,11.6,0.1,0.6,126.5,53.4,12.1,41.7,9.148070256885013,0.5389656790650454,27.2,0.1,0.1,0.2,179.56116824200907,14.6,153.31462738552466,11.1,40.3
65,125.1,88.2,76.2,251.73020607126546,173.04180309650766,264.1,114.5,260.6,195.7,205.36816932828134,375.53659023047265,253.9,349.7,321.1584722039893,146.2,255.5,101.0,282.8,291.4,408.6522860586093,208.42517800964555,177.42484394575246,258.09419841335443,137.8,281.7815625734636,141.4,152.0,369.4,220.8,121.7,259.0,105.6,411.3,256.1,140.95524588679928,198.67124993012342,144.21646736210596,236.5,195.7,86.0,250.1,244.6,214.1,262.0654747908194,252.34065954504732,325.0,921.8483685055469,324.2,101.5,148.4,277.6429715380592,78.4,163.6,431.287619179499,275.8,204.9,198.34517365932504,110.6,169.3,345.3002525214575,128.5,162.56417006731536,282.6,86.9,25.8,565.7772502089442,266.85822510347003,291.7,181.69573770523567,270.1866089632364,293.35681520143646,1133.7,267.0,177.7,330.2,416.5,168.1,205.0,192.29279730008432,123.43062242678558,589.5,215.2,193.51120367934692,542.2550507001774,187.6,216.9,29.6,365.0,117.80864810959058,345.0,247.2,152.5,304.49055641469045,243.0,293.8,214.97738552780257,76.28606207347704,335.7825026090145,202.2505773738769,194.1907142405584,353.34992475642,132.9,84.4,254.6,429.0,270.5,147.2,105.8,90.8,231.5,323.1,157.97460299786556,302.4,186.4,151.3,76.14343541926839,806.4,278.9,335.78528264615284,419.8,93.4,117.8,284.0,236.6049604789423,288.47324026641246,188.1,249.1,161.7,226.0,267.2,201.4,283.8,263.1,111.4,178.44145477405883,91.5,146.7310182321201,111.8,81.0,224.2,164.4,88.9,282.7,342.3,271.1,80.0,165.93047439674473,282.3,67.6,148.94521413411724,115.2,115.3,147.6,71.9,1.6,268.0115096289909,281.052467113105,156.2,109.4,1.702369446234089,122.6,283.3219797614555,252.4,65.5,27.7,156.8,132.8,63.1,49.62126735800655,42.9,91.2569442072354,102.3,405.4,172.8,134.0,85.29568226974712,68.3,108.4,155.2,0.8,108.6,248.0,59.5,180.08120515268982,8.748451493633617,120.7,726.257808581171,83.3,51.23601454400234,7.5,92.32568169294251,289.19592263791645,304.5414335677726,27.7,0.1,139.2,488.6501068973635,416.4,406.4,215.3,69.4,18.2,2.9,121.1,300.4,0.2,0.5,0.2,177.7,0.1,1.6701597909312373,0.1,0.1,0.2,0.6,1.0,9.2,577.5,220.34544961810172,13.0,517.8,1.4,170.5,2.6631281609106088,121.0,34.69678794690955,9.7,159.56745514137458,2.1,135.1,120.8,108.7,67.8,126.2,9.4,2.2,1.8,67.87212703164748,156.4,211.70535624877297,203.96468712105968,122.06905954154448,1.2,165.9,2.8,23.5,6.1,368.5,169.4,66.4,5.7,1.0,63.5433156893981,19.6,200.3,17.85757682404878,12.904810110482806,356.0,232.2,12.3,17.7,33.5,193.6,23.8,1.2,1.2,130.9,0.8,7.3,1.1,241.0,2.2,97.4,71.3,54.89665641392063,9.454413723139282,0.42586092575336354,2.7,58.6,90.0,0.6,128.0,7.6,72.9,85.1,67.05139791675614,9.4,0.4226444486689762,179.9569089074708,6.9,0.1,62.0,124.9,20.8,135.6,82.6,5.0,2.3399725583177724,32.41371168647493,107.2,4.6,127.8,62.8,49.4,12.6,287.7,37.7,153.1,93.0,11.6,0.1,0.6,126.5,53.4,12.1,41.7,8.834991518333986,0.663383772525565,27.2,0.1,0.1,0.2,158.7442894358248,14.6,143.12904322389295,11.1,40.3
66,125.1,88.2,76.2,228.21384841064196,149.29571350067982,264.1,114.5,260.6,195.7,185.48728860692162,351.0754168276622,253.9,349.7,313.7751664638991,146.2,255.5,101.0,282.8,291.4,449.92299832575463,177.68250967713334,132.65062203867774,335.9514810292357,137.8,290.94515535795244,141.4,152.0,369.4,220.8,121.7,259.0,105.6,411.3,256.1,175.98297454390365,234.6505593046744,158.9241983107445,236.5,195.7,86.0,250.1,244.6,214.1,351.41166489531633,255.71439587461347,325.0,940.6070699056603,324.2,101.5,148.4,236.40110475638173,78.4,163.6,469.7582319051982,275.8,204.9,241.62493854053304,110.6,169.3,388.93320464676947,128.5,160.71272837571422,282.6,86.9,25.8,668.5933398277156,269.89435558570665,291.7,210.13073437991602,291.50739491268934,239.7278220937527,1133.7,267.0,177.7,330.2,416.5,168.1,205.0,185.23873925781692,120.47969257797398,589.5,215.2,207.64744901081377,468.25538254870526,187.6,216.9,29.6,365.0,111.16261475045268,345.0,247.2,152.5,268.82706900426854,243.0,293.8,234.51692379736994,76.45304814808047,360.21554588844384,215.87416109657585,186.4856576246583,379.9520326145392,132.9,84.4,254.6,429.0,270.5,147.2,105.8,90.8,231.5,323.1,179.61594406378498,302.4,186.4,151.3,95.3801258019618,806.4,278.9,274.96379577185155,419.8,93.4,117.8,284.0,200.27556160480862,216.41643346113128,188.1,249.1,161.7,226.0,267.2,201.4,283.8,263.1,111.4,244.09933206244955,91.5,143.72699882406417,111.8,81.0,224.2,164.4,88.9,282.7,342.3,271.1,80.0,155.61619686679973,282.3,67.6,206.91916020456316,115.2,115.3,147.6,71.9,1.6,296.9782610109396,259.91972848780154,156.2,109.4,1.9792844396794076,122.6,219.43544914324866,252.4,65.5,27.7,156.8,132.8,63.1,41.564798768067476,42.9,67.9321717606926,102.3,405.4,172.8,134.0,93.70084130846391,68.3,108.4,155.2,0.8,108.6,248.0,59.5,165.21847768363,8.715453783184778,120.7,779.6011536138104,83.3,44.44362353530634,7.5,92.64477367025815,365.99882182728834,269.40272985328994,27.7,0.1,139.2,435.3310565336608,416.4,406.4,215.3,69.4,18.2,2.9,121.1,300.4,0.2,0.5,0.2,177.7,0.1,1.650959099225526,0.1,0.1,0.2,0.6,1.0,9.2,577.5,208.3167205782068,13.0,517.8,1.4,170.5,2.531014920826763,121.0,32.65638658770948,9.7,186.51935673208175,2.1,135.1,120.8,108.7,67.8,126.2,9.4,2.2,1.8,61.5986828216165,156.4,155.64978004850727,200.8151019218521,129.71093996927846,1.2,165.9,2.8,23.5,6.1,368.5,169.4,66.4,5.7,1.0,54.443632356921725,19.6,200.3,15.054192721589509,15.317844620075753,356.0,232.2,12.3,17.7,33.5,193.6,23.8,1.2,1.2,130.9,0.8,7.3,1.1,241.0,2.2,97.4,71.3,45.22106168711922,8.249188977666257,0.5617157422761925,2.7,58.6,90.0,0.6,128.0,7.6,72.9,85.1,54.72096581641569,9.4,0.35797548650197375,183.27412096291005,6.9,0.1,62.0,124.9,20.8,135.6,82.6,5.0,1.9558954614115984,42.078504286299506,107.2,4.6,127.8,62.8,49.4,12.6,287.7,37.7,153.1,93.0,11.6,0.1,0.6,126.5,53.4,12.1,41.7,8.845977543248843,0.6585477479144322,27.2,0.1,0.1,0.2,155.54161081150568,14.6,133.15868138153255,11.1,40.3
67,125.1,88.2,76.2,179.48907042099347,171.32895719956926,264.1,114.5,260.6,195.7,161.9249074468487,383.15463805921246,253.9,349.7,257.02898794770726,146.2,255.5,101.0,282.8,291.4,471.0075023849479,189.7608335260982,174.00278764360203,363.89322781612486,137.8,248.36350794014385,141.4,152.0,369.4,220.8,121.7,259.0,105.6,411.3,256.1,192.41158641177574,197.85957379699857,168.14906523588067,236.5,195.7,86.0,250.1,244.6,214.1,283.6241767082755,355.9075929855868,325.0,837.5453300965396,324.2,101.5,148.4,261.6714912156923,78.4,163.6,422.51159199570054,275.8,204.9,229.5395147039485,110.6,169.3,374.05937972984896,128.5,155.28726488331927,282.6,86.9,25.8,656.3377997562325,248.9853499029697,291.7,149.9288452860066,341.288498461198,210.5071146175492,1133.7,267.0,177.7,330.2,416.5,168.1,205.0,187.20933844670952,142.70879657398035,589.5,215.2,280.403774635461,443.8757676910174,187.6,216.9,29.6,365.0,96.25608700688169,345.0,247.2,152.5,280.8481903172859,243.0,293.8,198.44439194290982,94.03838768861465,355.90835050353286,194.02710698928612,210.1821737700851,328.92380788540225,132.9,84.4,254.6,429.0,270.5,147.2,105.8,90.8,231.5,323.1,158.5614352444687,302.4,186.4,151.3,71.32489644399051,806.4,278.9,379.35984927424283,419.8,93.4,117.8,284.0,265.47618012236603,271.77042110447314,188.1,249.1,161.7,226.0,267.2,201.4,283.8,263.1,111.4,177.69640985775325,91.5,125.8193104770898,111.8,81.0,224.2,164.4,88.9,282.7,342.3,271.1,80.0,138.94634897513188,282.3,67.6,173.8641348051656,115.2,115.3,147.6,71.9,1.6,226.56271099177175,241.6683300006392,156.2,109.4,2.472391504725849,122.6,310.95899779393136,252.4,65.5,27.7,156.8,132.8,63.1,47.124228410051415,42.9,92.79900803637558,102.3,405.4,172.8,134.0,79.89470512849815,68.3,108.4,155.2,0.8,108.6,248.0,59.5,209.9864820601105,7.042211928201513,120.7,713.3418399107906,83.3,35.219646653873966,7.5,103.63396715426326,257.85319541808553,293.02001266240046,27.7,0.1,139.2,477.1012192508049,416.4,406.4,215.3,69.4,18.2,2.9,121.1,300.4,0.2,0.5,0.2,177.7,0.1,1.5734402736807473,0.1,0.1,0.2,0.6,1.0,9.2,577.5,235.8221812161201,13.0,517.8,1.4,170.5,2.739086309672824,121.0,38.079173923745294,9.7,135.88834246295096,2.1,135.1,120.8,108.7,67.8,126.2,9.4,2.2,1.8,50.653667839428934,156.4,204.4404544680625,199.5692591466663,100.24988250299528,1.2,165.9,2.8,23.5,6.1,368.5,169.4,66.4,5.7,1.0,66.7894862545239,19.6,200.3,12.87930726802055,13.187937144584483,356.0,232.2,12.3,17.7,33.5,193.6,23.8,1.2,1.2,130.9,0.8,7.3,1.1,241.0,2.2,97.4,71.3,47.27421686911316,7.469392170747762,0.40503339520506093,2.7,58.6,90.0,0.6,128.0,7.6,72.9,85.1,63.588667517984796,9.4,0.38033690194718145,184.15171728971822,6.9,0.1,62.0,124.9,20.8,135.6,82.6,5.0,2.4552995417165113,40.31870727208921,107.2,4.6,127.8,62.8,49.4,12.6,287.7,37.7,153.1,93.0,11.6,0.1,0.6,126.5,53.4,12.1,41.7,7.341976416289751,0.69787621235694,27.2,0.1,0.1,0.2,134.47320261421038,14.6,128.98054992855404,11.1,40.3
68,125.1,88.2,76.2,245.97287914794924,135.75952909981132,264.1,114.5,260.6,195.7,202.32289026782445,376.1104421699532,253.9,349.7,298.2448571209394,146.2,255.5,101.0,282.8,291.4,380.93176462144606,230.2145099262054,145.26319202560933,304.6592992158065,137.8,305.47866600093494,141.4,152.0,369.4,220.8,121.7,259.0,105.6,411.3,256.1,131.94149352360546,201.21208537006427,134.8100168352008,236.5,195.7,86.0,250.1,244.6,214.1,316.96863201225983,340.35498333673235,325.0,678.2053766472649,324.2,101.5,148.4,219.86150906335232,78.4,163.6,376.3198155192276,275.8,204.9,227.97881969199207,110.6,169.3,298.1158833957721,128.5,131.11009866186524,282.6,86.9,25.8,493.02537931637585,194.41323563962266,291.7,163.62433817149267,316.09329907670065,260.0094628178538,1133.7,267.0,177.7,330.2,416.5,168.1,205.0,192.92687219206329,143.65412373239354,589.5,215.2,200.08391457564977,412.7140166617727,187.6,216.9,29.6,365.0,95.61667095036624,345.0,247.2,152.5,280.96905256878256,243.0,293.8,176.02192038793837,79.5067349271035,381.9636620269549,264.05206317027034,151.21511018679809,340.0598023150218,132.9,84.4,254.6,429.0,270.5,147.2,105.8,90.8,231.5,323.1,182.2311403733103,302.4,186.4,151.3,83.0097030122179,806.4,278.9,272.72759123151025,419.8,93.4,117.8,284.0,296.14887223536914,226.26501331963183,188.1,249.1,161.7,226.0,267.2,201.4,283.8,263.1,111.4,193.34011533165943,91.5,116.60345059077586,111.8,81.0,224.2,164.4,88.9,282.7,342.3,271.1,80.0,158.11781104021836,282.3,67.6,177.51265276935916,115.2,115.3,147.6,71.9,1.6,271.64724973925297,221.93231876068737,156.2,109.4,2.350240225452758,122.6,244.91403296518942,252.4,65.5,27.7,156.8,132.8,63.1,42.46468711010512,42.9,90.92609066697959,102.3,405.4,172.8,134.0,82.62882156469415,68.3,108.4,155.2,0.8,108.6,248.0,59.5,166.4226759491018,7.692708669541896,120.7,677.1549780259272,83.3,49.61560792289094,7.5,111.98561308937703,357.99541599665577,239.43257998633752,27.7,0.1,139.2,418.3812360652655,416.4,406.4,215.3,69.4,18.2,2.9,121.1,300.4,0.2,0.5,0.2,177.7,0.1,1.8127327912316769,0.1,0.1,0.2,0.6,1.0,9.2,577.5,177.05192991441024,13.0,517.8,1.4,170.5,3.6101165137501727,121.0,40.20515700235063,9.7,125.60216824259096,2.1,135.1,120.8,108.7,67.8,126.2,9.4,2.2,1.8,50.76309932399883,156.4,177.59685075408845,211.12888886211803,123.73772220509545,1.2,165.9,2.8,23.5,6.1,368.5,169.4,66.4,5.7,1.0,64.55845252974406,19.6,200.3,13.671361993873937,10.766699843411569,356.0,232.2,12.3,17.7,33.5,193.6,23.8,1.2,1.2,130.9,0.8,7.3,1.1,241.0,2.2,97.4,71.3,47.79620110068031,7.667277364655704,0.5462834151149212,2.7,58.6,90.0,0.6,128.0,7.6,72.9,85.1,61.02674471381569,9.4,0.35530848018046945,201.71476071864214,6.9,0.1,62.0,124.9,20.8,135.6,82.6,5.0,2.1061279179377497,32.71320887630573,107.2,4.6,127.8,62.8,49.4,12.6,287.7,37.7,153.1,93.0,11.6,0.1,0.6,126.5,53.4,12.1,41.7,7.873102261409613,0.5068908391551681,27.2,0.1,0.1,0.2,128.5522118286641,14.6,165.25504782901743,11.1,40.3
69,125.1,88.2,76.2,188.46608002083286,132.23767573412178,264.1,114.5,260.6,195.7,190.65287668768093,317.3710069761854,253.9,349.7,322.4792886273617,146.2,255.5,101.0,282.8,291.4,419.3948304205725,179.50262625219034,134.71587590921047,379.01211771724473,137.8,300.4724975327235,141.4,152.0,369.4,220.8,121.7,259.0,105.6,411.3,256.1,183.05671183647524,258.33511407461174,142.14809154164675,236.5,195.7,86.0,250.1,244.6,214.1,341.3387501564995,293.61581107235884,325.0,853.687570670491,324.2,101.5,148.4,256.1455480366511,78.4,163.6,473.7515849196233,275.8,204.9,181.32271296785484,110.6,169.3,404.7669612240236,128.5,143.72809945717793,282.6,86.9,25.8,472.82914898666496,198.74133203430617,291.7,171.40771182147375,295.6744019065893,200.45265745782433,1133.7,267.0,177.7,330.2,416.5,168.1,205.0,180.77289794769231,139.1991706230554,589.5,215.2,280.2027952400728,400.233119348458,187.6,216.9,29.6,365.0,99.07389807449304,345.0,247.2,152.5,255.09137038242062,243.0,293.8,166.50499524640594,77.4880650754262,419.3143843684021,282.451259092123,188.0761880557514,384.1835214060143,132.9,84.4,254.6,429.0,270.5,147.2,105.8,90.8,231.5,323.1,174.3623720017464,302.4,186.4,151.3,88.86782134476834,806.4,278.9,306.2186662733346,419.8,93.4,117.8,284.0,279.2050879320028,229.64990119690694,188.1,249.1,161.7,226.0,267.2,201.4,283.8,263.1,111.4,214.82149200623167,91.5,115.34656674280045,111.8,81.0,224.2,164.4,88.9,282.7,342.3,271.1,80.0,183.38144685816673,282.3,67.6,204.94367299336778,115.2,115.3,147.6,71.9,1.6,282.6635983005067,307.96938651049135,156.2,109.4,2.3316626372020455,122.6,314.6256615922873,252.4,65.5,27.7,156.8,132.8,63.1,42.963184823414515,42.9,81.53276647029084,102.3,405.4,172.8,134.0,94.44561347873008,68.3,108.4,155.2,0.8,108.6,248.0,59.5,208.0264973992747,9.426769919587997,120.7,715.5588116614431,83.3,34.65285478709861,7.5,122.75632373866493,370.3523218968706,242.09847310045836,27.7,0.1,139.2,464.6105146217096,416.4,406.4,215.3,69.4,18.2,2.9,121.1,300.4,0.2,0.5,0.2,177.7,0.1,1.5387509449828651,0.1,0.1,0.2,0.6,1.0,9.2,577.5,203.29096739390224,13.0,517.8,1.4,170.5,3.57785829892774,121.0,43.11301953872961,9.7,154.40928789248844,2.1,135.1,120.8,108.7,67.8,126.2,9.4,2.2,1.8,63.13076619863346,156.4,229.066131384402,253.29873983844868,101.0984263473415,1.2,165.9,2.8,23.5,6.1,368.5,169.4,66.4,5.7,1.0,75.60143288343082,19.6,200.3,15.072432157315404,11.745725153818775,356.0,232.2,12.3,17.7,33.5,193.6,23.8,1.2,1.2,130.9,0.8,7.3,1.1,241.0,2.2,97.4,71.3,47.5337548674947,8.83139245232766,0.4955623832613881,2.7,58.6,90.0,0.6,128.0,7.6,72.9,85.1,55.36926599821877,9.4,0.41521559170086764,173.5458551455466,6.9,0.1,62.0,124.9,20.8,135.6,82.6,5.0,2.7011260284722303,37.47274428869448,107.2,4.6,127.8,62.8,49.4,12.6,287.7,37.7,153.1,93.0,11.6,0.1,0.6,126.5,53.4,12.1,41.7,7.217171295926006,0.5374531661521217,27.2,0.1,0.1,0.2,141.29490808362252,14.6,153.59299619015133,11.1,40.3
70,125.1,88.2,76.2,180.43141240122782,153.1449205573632,264.1,114.5,260.6,195.7,195.57653505449997,309.34120806468843,253.9,349.7,286.4984513120175,146.2,255.5,101.0,282.8,291.4,331.5502375080697,240.2835494442768,153.03517507032686,307.8160777491415,137.8,292.4436740001932,141.4,152.0,369.4,220.8,121.7,259.0,105.6,411.3,256.1,165.34746041705966,227.36997673392457,157.86365713023667,236.5,195.7,86.0,250.1,244.6,214.1,272.72679567758473,295.3577280635844,325.0,675.8079106934244,324.2,101.5,148.4,267.54029827290503,78.4,163.6,386.51726547477716,275.8,204.9,235.87622855940796,110.6,169.3,369.6029315493512,128.5,137.48052375950547,282.6,86.9,25.8,593.3544125177463,206.63401505327047,291.7,184.36280653329555,250.74150937370496,293.1981493860347,1133.7,267.0,177.7,330.2,416.5,168.1,205.0,183.96748944956693,114.79138113997301,589.5,215.2,273.82624052259746,428.85001180255006,187.6,216.9,29.6,365.0,128.82237781063805,345.0,247.2,152.5,292.25116913925547,243.0,293.8,210.48448818673208,75.58336545413788,297.39334139406026,208.83950601911965,166.46219070844597,301.50637299846073,132.9,84.4,254.6,429.0,270.5,147.2,105.8,90.8,231.5,323.1,160.3583690268868,302.4,186.4,151.3,93.47296306321172,806.4,278.9,334.41516001277733,419.8,93.4,117.8,284.0,275.90593839433575,279.2385323943597,188.1,249.1,161.7,226.0,267.2,201.4,283.8,263.1,111.4,185.21386078391782,91.5,119.47859529982566,111.8,81.0,224.2,164.4,88.9,282.7,342.3,271.1,80.0,142.36066585295342,282.3,67.6,210.2091610068299,115.2,115.3,147.6,71.9,1.6,284.202907473446,286.3384662108032,156.2,109.4,2.1887174192735768,122.6,272.5730941853678,252.4,65.5,27.7,156.8,132.8,63.1,60.51985285006509,42.9,72.86374558402377,102.3,405.4,172.8,134.0,85.27927674752613,68.3,108.4,155.2,0.8,108.6,248.0,59.5,201.5283219195873,8.529055906759716,120.7,744.3144557433554,83.3,49.10563526750329,7.5,114.18143770799716,254.29776923221613,248.64131726969103,27.7,0.1,139.2,354.928630818585,416.4,406.4,215.3,69.4,18.2,2.9,121.1,300.4,0.2,0.5,0.2,177.7,0.1,1.6435999207157233,0.1,0.1,0.2,0.6,1.0,9.2,577.5,190.69084650339175,13.0,517.8,1.4,170.5,3.06583104331575,121.0,40.87453796231123,9.7,162.71673209409013,2.1,135.1,120.8,108.7,67.8,126.2,9.4,2.2,1.8,71.21884399244206,156.4,222.1115939130525,264.32146775143093,100.69474455069847,1.2,165.9,2.8,23.5,6.1,368.5,169.4,66.4,5.7,1.0,60.20599314982958,19.6,200.3,14.837668814887664,13.122938108138834,356.0,232.2,12.3,17.7,33.5,193.6,23.8,1.2,1.2,130.9,0.8,7.3,1.1,241.0,2.2,97.4,71.3,49.84893894177537,9.59130931343978,0.47079784603379105,2.7,58.6,90.0,0.6,128.0,7.6,72.9,85.1,52.63114478694442,9.4,0.47713268492648797,153.7121721383995,6.9,0.1,62.0,124.9,20.8,135.6,82.6,5.0,2.651238787031561,43.84724554341293,107.2,4.6,127.8,62.8,49.4,12.6,287.7,37.7,153.1,93.0,11.6,0.1,0.6,126.5,53.4,12.1,41.7,9.441695236016617,0.6405978527462901,27.2,0.1,0.1,0.2,160.77174808813004,14.6,132.45797810226057,11.1,40.3
71,125.1,88.2,76.2,250.9513970718599,159.93792964193074,264.1,114.5,260.6,195.7,210.1197251692601,372.78768301126087,253.9,349.7,240.99323241294198,146.2,255.5,101.0,282.8,291.4,477.9205551281317,252.15487939208595,175.36527154334811,327.0603882648228,137.8,242.61529738271713,141.4,152.0,369.4,220.8,121.7,259.0,105.6,411.3,256.1,167.12354502760454,283.7860083217331,153.2642652128742,236.5,195.7,86.0,250.1,244.6,214.1,279.6348555701823,256.3407398807589,325.0,915.3268329599839,324.2,101.5,148.4,231.57615118891545,78.4,163.6,522.5537557056751,275.8,204.9,216.969400524716,110.6,169.3,323.97601030568944,128.5,172.17661896750167,282.6,86.9,25.8,666.2967501208225,260.5752591218493,291.7,179.52340422096685,247.41361610601766,221.11477339363398,1133.7,267.0,177.7,330.2,416.5,168.1,205.0,220.91476831560965,110.14512346669822,589.5,215.2,225.32005835400824,438.15048934881384,187.6,216.9,29.6,365.0,111.7525845200347,345.0,247.2,152.5,212.45424716612357,243.0,293.8,163.4934136440274,88.9629459737177,411.1814176758373,210.29001585015726,147.55857465400362,377.86460418763585,132.9,84.4,254.6,429.0,270.5,147.2,105.8,90.8,231.5,323.1,150.31800711866728,302.4,186.4,151.3,75.78135287420479,806.4,278.9,358.20725277758834,419.8,93.4,117.8,284.0,277.2670778620501,296.39505282400955,188.1,249.1,161.7,226.0,267.2,201.4,283.8,263.1,111.4,236.25675268440068,91.5,100.97019381589203,111.8,81.0,224.2,164.4,88.9,282.7,342.3,271.1,80.0,138.5106967056171,282.3,67.6,161.6493256626323,115.2,115.3,147.6,71.9,1.6,231.5276294021017,257.60471647735375,156.2,109.4,2.0499043450840717,122.6,260.52185227983523,252.4,65.5,27.7,156.8,132.8,63.1,57.46897321215717,42.9,88.69019382336333,102.3,405.4,172.8,134.0,101.7691623555737,68.3,108.4,155.2,0.8,108.6,248.0,59.5,203.5150299548815,8.326485178509586,120.7,757.5910112247419,83.3,49.648431851446006,7.5,109.29300496990282,280.86585627313417,328.21633199758674,27.7,0.1,139.2,482.9516294599523,416.4,406.4,215.3,69.4,18.2,2.9,121.1,300.4,0.2,0.5,0.2,177.7,0.1,1.438925357298234,0.1,0.1,0.2,0.6,1.0,9.2,577.5,234.148996333052,13.0,517.8,1.4,170.5,3.392916032285419,121.0,34.11746191563901,9.7,176.32873016185837,2.1,135.1,120.8,108.7,67.8,126.2,9.4,2.2,1.8,62.03422986412346,156.4,207.58235735950066,233.68326298072625,146.55138978415732,1.2,165.9,2.8,23.5,6.1,368.5,169.4,66.4,5.7,1.0,57.98203233645268,19.6,200.3,16.275592471643456,14.237625509286305,356.0,232.2,12.3,17.7,33.5,193.6,23.8,1.2,1.2,130.9,0.8,7.3,1.1,241.0,2.2,97.4,71.3,39.22145492495843,7.276811379971763,0.42752643220107267,2.7,58.6,90.0,0.6,128.0,7.6,72.9,85.1,76.40472591775162,9.4,0.41184176561653896,210.5473956806567,6.9,0.1,62.0,124.9,20.8,135.6,82.6,5.0,2.6209495108487086,40.61412711032231,107.2,4.6,127.8,62.8,49.4,12.6,287.7,37.7,153.1,93.0,11.6,0.1,0.6,126.5,53.4,12.1,41.7,8.187182346286276,0.5728413237874869,27.2,0.1,0.1,0.2,158.29836682039092,14.6,156.69967626421655,11.1,40.3
72,125.1,88.2,76.2,217.62861409783721,154.1192728226316,264.1,114.5,260.6,195.7,234.67590666316903,432.3647242541834,253.9,349.7,275.6955533686546,146.2,255.5,101.0,282.8,291.4,388.2966275174024,253.7568981405369,187.81890589550628,328.56279340635564,137.8,290.8309481235557,141.4,152.0,369.4,220.8,121.7,259.0,105.6,411.3,256.1,128.9688757969635,240.1792671330876,189.44152234487237,236.5,195.7,86.0,250.1,244.6,214.1,343.50830404239605,353.55558511207903,325.0,777.6312817300384,324.2,101.5,148.4,280.55949400637996,78.4,163.6,388.1014862504242,275.8,204.9,226.0472394671404,110.6,169.3,355.73117183153505,128.5,172.06600113920055,282.6,86.9,25.8,616.7626003684416,215.01689201475557,291.7,220.08771467850084,331.1432457004097,224.27397952718513,1133.7,267.0,177.7,330.2,416.5,168.1,205.0,208.44711145282935,146.59676052459866,589.5,215.2,277.7888057111754,453.0715984540642,187.6,216.9,29.6,365.0,96.16616696144703,345.0,247.2,152.5,287.71881258404517,243.0,293.8,227.36238428485535,77.46263363677642,316.2915267682965,196.1787526311332,172.9438394995527,360.5871524290663,132.9,84.4,254.6,429.0,270.5,147.2,105.8,90.8,231.5,323.1,164.15719088924533,302.4,186.4,151.3,96.57307552872436,806.4,278.9,305.20370811807567,419.8,93.4,117.8,284.0,240.03134907510366,226.1700638971757,188.1,249.1,161.7,226.0,267.2,201.4,283.8,263.1,111.4,200.0307800549245,91.5,111.74406550712685,111.8,81.0,224.2,164.4,88.9,282.7,342.3,271.1,80.0,134.35382042906812,282.3,67.6,173.50837282129396,115.2,115.3,147.6,71.9,1.6,286.59412530239854,289.2972427309469,156.2,109.4,2.3289195595475807,122.6,272.54811122108634,252.4,65.5,27.7,156.8,132.8,63.1,59.80090348686956,42.9,95.33205177910948,102.3,405.4,172.8,134.0,102.40526691759479,68.3,108.4,155.2,0.8,108.6,248.0,59.5,221.6058110220192,9.273378611000103,120.7,828.3156997763499,83.3,44.94186843183935,7.5,94.04663200199212,273.9821954569916,287.0408385634021,27.7,0.1,139.2,464.9672572695903,416.4,406.4,215.3,69.4,18.2,2.9,121.1,300.4,0.2,0.5,0.2,177.7,0.1,1.4461850780840926,0.1,0.1,0.2,0.6,1.0,9.2,577.5,199.34986397480205,13.0,517.8,1.4,170.5,3.238365170792392,121.0,35.48313880980484,9.7,126.94344396749968,2.1,135.1,120.8,108.7,67.8,126.2,9.4,2.2,1.8,52.25518666432652,156.4,222.20506906742906,221.61089721465362,102.97565424847797,1.2,165.9,2.8,23.5,6.1,368.5,169.4,66.4,5.7,1.0,58.63029936606366,19.6,200.3,17.13479087560409,11.000829310301011,356.0,232.2,12.3,17.7,33.5,193.6,23.8,1.2,1.2,130.9,0.8,7.3,1.1,241.0,2.2,97.4,71.3,42.2475213720477,7.995732728603438,0.5246267211219839,2.7,58.6,90.0,0.6,128.0,7.6,72.9,85.1,55.642596014200635,9.4,0.3479429075809839,200.97383116863392,6.9,0.1,62.0,124.9,20.8,135.6,82.6,5.0,2.750743636054989,40.329215370632554,107.2,4.6,127.8,62.8,49.4,12.6,287.7,37.7,153.1,93.0,11.6,0.1,0.6,126.5,53.4,12.1,41.7,9.371692651454019,0.5046737723033659,27.2,0.1,0.1,0.2,170.31273152923765,14.6,130.3194059632669,11.1,40.3
73,125.1,88.2,76.2,191.35277212616484,160.4512085561127,264.1,114.5,260.6,195.7,222.68993236329345,380.3369635916447,253.9,349.7,301.3649762818463,146.2,255.5,101.0,282.8,291.4,450.1042553112321,254.83944555973093,187.40419214490083,295.3561914420954,137.8,261.6623343062087,141.4,152.0,369.4,220.8,121.7,259.0,105.6,411.3,256.1,154.964490911285,229.0259369615844,162.02402930855197,236.5,195.7,86.0,250.1,244.6,214.1,242.66715255032796,348.61125997229476,325.0,650.2864415225108,324.2,101.5,148.4,270.68767732637133,78.4,163.6,396.30771691768877,275.8,204.9,235.00559257773293,110.6,169.3,400.83047974518183,128.5,162.61600703256755,282.6,86.9,25.8,487.018407249092,218.84107347597586,291.7,209.3652715626129,322.29150501679777,242.88633445941446,1133.7,267.0,177.7,330.2,416.5,168.1,205.0,172.98419768210775,133.6148616335652,589.5,215.2,276.83013718992373,399.6620611171927,187.6,216.9,29.6,365.0,119.35916083593344,345.0,247.2,152.5,296.3710774035434,243.0,293.8,214.19843681389676,107.39530215634082,377.22425146372063,251.21333084466204,149.40415674350197,266.35356369015426,132.9,84.4,254.6,429.0,270.5,147.2,105.8,90.8,231.5,323.1,147.08125699268112,302.4,186.4,151.3,97.6815941553165,806.4,278.9,358.388463192777,419.8,93.4,117.8,284.0,228.57172865899196,232.1505884379448,188.1,249.1,161.7,226.0,267.2,201.4,283.8,263.1,111.4,234.02780464525907,91.5,108.8818817524573,111.8,81.0,224.2,164.4,88.9,282.7,342.3,271.1,80.0,146.73576303952476,282.3,67.6,211.24969729127747,115.2,115.3,147.6,71.9,1.6,241.501521066801,223.01187868109264,156.2,109.4,1.859612531148346,122.6,317.90600040114896,252.4,65.5,27.7,156.8,132.8,63.1,56.4246643157774,42.9,97.48206412909478,102.3,405.4,172.8,134.0,105.3747806048716,68.3,108.4,155.2,0.8,108.6,248.0,59.5,203.82010195433432,8.392060757157859,120.7,666.4705004699939,83.3,36.55284079158432,7.5,117.50749314298538,280.939071459001,348.8159228317485,27.7,0.1,139.2,460.20282667421844,416.4,406.4,215.3,69.4,18.2,2.9,121.1,300.4,0.2,0.5,0.2,177.7,0.1,1.7724403440354397,0.1,0.1,0.2,0.6,1.0,9.2,577.5,207.0336823621303,13.0,517.8,1.4,170.5,3.164589012486648,121.0,39.67305148465294,9.7,152.3291274774307,2.1,135.1,120.8,108.7,67.8,126.2,9.4,2.2,1.8,57.123271760162496,156.4,155.28953360371065,264.99120653039887,102.67807229646608,1.2,165.9,2.8,23.5,6.1,368.5,169.4,66.4,5.7,1.0,69.9462707689095,19.6,200.3,15.405699213179444,13.646448060693139,356.0,232.2,12.3,17.7,33.5,193.6,23.8,1.2,1.2,130.9,0.8,7.3,1.1,241.0,2.2,97.4,71.3,45.93379037469425,7.957815016798398,0.5731749744326086,2.7,58.6,90.0,0.6,128.0,7.6,72.9,85.1,62.96921315427124,9.4,0.41576033458395795,147.93528336081775,6.9,0.1,62.0,124.9,20.8,135.6,82.6,5.0,2.1284562128529148,37.11631115494854,107.2,4.6,127.8,62.8,49.4,12.6,287.7,37.7,153.1,93.0,11.6,0.1,0.6,126.5,53.4,12.1,41.7,8.763398653347105,0.6194702515684578,27.2,0.1,0.1,0.2,179.46317092155618,14.6,144.61895838064052,11.1,40.3
74,125.1,88.2,76.2,257.88560222684544,179.9070369473039,264.1,114.5,260.6,195.7,170.81667773159367,335.7043236731246,253.9,349.7,324.45437971671225,146.2,255.5,101.0,282.8,291.4,388.65148980132403,201.49948722249252,129.9683561731247,261.51985963412665,137.8,235.843155626613,141.4,152.0,369.4,220.8,121.7,259.0,105.6,411.3,256.1,170.86143625350823,275.06319701017617,170.32276457363594,236.5,195.7,86.0,250.1,244.6,214.1,237.62428494485388,350.2784560645749,325.0,783.3108925023013,324.2,101.5,148.4,265.42186400742526,78.4,163.6,475.4680062776159,275.8,204.9,229.84598328258,110.6,169.3,361.16992816795096,128.5,158.83771642115516,282.6,86.9,25.8,608.0483152653351,220.57872637553052,291.7,208.7412803394928,342.1439326337907,279.63884968167577,1133.7,267.0,177.7,330.2,416.5,168.1,205.0,235.04326094359652,149.1576566897091,589.5,215.2,262.658641884958,486.8112806901439,187.6,216.9,29.6,365.0,115.39757724946605,345.0,247.2,152.5,228.08433134649403,243.0,293.8,196.75420089432097,97.41067308324433,343.34342240267296,213.01617732035402,189.17738918157775,269.68176894119966,132.9,84.4,254.6,429.0,270.5,147.2,105.8,90.8,231.5,323.1,182.2329999984879,302.4,186.4,151.3,75.09349055348697,806.4,278.9,277.35346218299276,419.8,93.4,117.8,284.0,251.1901102633316,263.6560835113105,188.1,249.1,161.7,226.0,267.2,201.4,283.8,263.1,111.4,225.9105429339815,91.5,125.48780525561516,111.8,81.0,224.2,164.4,88.9,282.7,342.3,271.1,80.0,125.31551780902832,282.3,67.6,197.29569147627694,115.2,115.3,147.6,71.9,1.6,215.18081520816068,277.0320947116693,156.2,109.4,2.497488735052792,122.6,313.5494140847428,252.4,65.5,27.7,156.8,132.8,63.1,60.099108203362974,42.9,78.50572770103635,102.3,405.4,172.8,134.0,88.52616486817836,68.3,108.4,155.2,0.8,108.6,248.0,59.5,169.81700304481743,6.930177827580765,120.7,794.4661451705034,83.3,41.79510850032286,7.5,128.83865185243144,377.1270231526871,345.11550828660296,27.7,0.1,139.2,453.0047510162111,416.4,406.4,215.3,69.4,18.2,2.9,121.1,300.4,0.2,0.5,0.2,177.7,0.1,1.7342820313302303,0.1,0.1,0.2,0.6,1.0,9.2,577.5,259.7821273911819,13.0,517.8,1.4,170.5,3.2981373764982376,121.0,40.693557675186405,9.7,156.91452167073578,2.1,135.1,120.8,108.7,67.8,126.2,9.4,2.2,1.8,64.6004625120479,156.4,160.34607197327927,260.8505692517402,133.65654844507952,1.2,165.9,2.8,23.5,6.1,368.5,169.4,66.4,5.7,1.0,69.37943342411712,19.6,200.3,16.786717164828634,13.037713582495435,356.0,232.2,12.3,17.7,33.5,193.6,23.8,1.2,1.2,130.9,0.8,7.3,1.1,241.0,2.2,97.4,71.3,51.80299434713844,9.339571029466587,0.42566123993916133,2.7,58.6,90.0,0.6,128.0,7.6,72.9,85.1,61.991811601516986,9.4,0.37058043700242294,199.2223232425069,6.9,0.1,62.0,124.9,20.8,135.6,82.6,5.0,2.7089819038279033,43.965183731590244,107.2,4.6,127.8,62.8,49.4,12.6,287.7,37.7,153.1,93.0,11.6,0.1,0.6,126.5,53.4,12.1,41.7,8.188597686710747,0.5866433136203084,27.2,0.1,0.1,0.2,167.27704449753045,14.6,174.75039433275467,11.1,40.3
75,125.1,88.2,76.2,238.5461151567695,137.77307035107302,264.1,114.5,260.6,195.7,168.00315602623104,303.7209696085256,253.9,349.7,269.4730277475285,146.2,255.5,101.0,282.8,291.4,369.8605191836484,221.626898248155,129.66339279200994,359.2162898719358,137.8,263.61539188864487,141.4,152.0,369.4,220.8,121.7,259.0,105.6,411.3,256.1,185.8242347487447,281.82755966541004,191.91815550115248,236.5,195.7,86.0,250.1,244.6,214.1,322.33962724498,259.13910200032416,325.0,702.4048365144038,324.2,101.5,148.4,234.1747484413861,78.4,163.6,414.10932992407373,275.8,204.9,230.543803641223,110.6,169.3,397.23204997624526,128.5,163.7806810844777,282.6,86.9,25.8,560.5397092841513,247.42568386001528,291.7,202.93871155607604,319.6266276330788,238.77403086612344,1133.7,267.0,177.7,330.2,416.5,168.1,205.0,218.79081572242134,112.87482445478535,589.5,215.2,254.58779320997914,425.40722888198235,187.6,216.9,29.6,365.0,112.85553826685697,345.0,247.2,152.5,309.348879551541,243.0,293.8,187.98107194154875,105.42163595432942,314.5797028771985,251.68398959590616,166.23724040495767,348.3755435844647,132.9,84.4,254.6,429.0,270.5,147.2,105.8,90.8,231.5,323.1,126.70540794799729,302.4,186.4,151.3,70.6626705153357,806.4,278.9,349.9333893898303,419.8,93.4,117.8,284.0,280.32208099598904,222.54031979862214,188.1,249.1,161.7,226.0,267.2,201.4,283.8,263.1,111.4,204.9093956733382,91.5,102.8582391347031,111.8,81.0,224.2,164.4,88.9,282.7,342.3,271.1,80.0,158.4436595394963,282.3,67.6,148.8395720917564,115.2,115.3,147.6,71.9,1.6,223.90451466280751,236.23496750478427,156.2,109.4,2.503649171954663,122.6,253.27253422521557,252.4,65.5,27.7,156.8,132.8,63.1,44.71702945975323,42.9,96.58593438390172,102.3,405.4,172.8,134.0,95.32983259349936,68.3,108.4,155.2,0.8,108.6,248.0,59.5,194.7598343423859,8.560779487382506,120.7,631.5358177666851,83.3,49.660539402595255,7.5,87.7321156579656,369.7597144574071,354.4009823928473,27.7,0.1,139.2,452.27752285059677,416.4,406.4,215.3,69.4,18.2,2.9,121.1,300.4,0.2,0.5,0.2,177.7,0.1,1.624076685905508,0.1,0.1,0.2,0.6,1.0,9.2,577.5,255.9058518233825,13.0,517.8,1.4,170.5,3.1725220569043184,121.0,30.44446630793221,9.7,154.77698528692702,2.1,135.1,120.8,108.7,67.8,126.2,9.4,2.2,1.8,75.01845322038619,156.4,187.26677480476422,222.22916976383792,125.11548505939554,1.2,165.9,2.8,23.5,6.1,368.5,169.4,66.4,5.7,1.0,58.825669274013805,19.6,200.3,14.825397390048842,15.146979976807767,356.0,232.2,12.3,17.7,33.5,193.6,23.8,1.2,1.2,130.9,0.8,7.3,1.1,241.0,2.2,97.4,71.3,46.03463401669298,6.9449634511596114,0.4146266434693982,2.7,58.6,90.0,0.6,128.0,7.6,72.9,85.1,60.20774952089726,9.4,0.3215067900090065,197.46969753031624,6.9,0.1,62.0,124.9,20.8,135.6,82.6,5.0,2.622368047411994,45.01263313027276,107.2,4.6,127.8,62.8,49.4,12.6,287.7,37.7,153.1,93.0,11.6,0.1,0.6,126.5,53.4,12.1,41.7,10.180251648775792,0.5397690795018918,27.2,0.1,0.1,0.2,166.17464153975232,14.6,174.23249056392584,11.1,40.3
76,125.1,88.2,76.2,185.7986252437277,131.18831803897433,264.1,114.5,260.6,195.7,189.531063260448,349.5286211432443,253.9,349.7,262.4848930673592,146.2,255.5,101.0,282.8,291.4,393.57044555818584,232.31110560251298,179.46430910488115,272.90261717635894,137.8,222.5506373093239,141.4,152.0,369.4,220.8,121.7,259.0,105.6,411.3,256.1,159.10146255371814,207.54612846872948,143.07224833092874,236.5,195.7,86.0,250.1,244.6,214.1,269.28537337564035,344.2617940616761,325.0,824.1704053923071,324.2,101.5,148.4,260.86450245715474,78.4,163.6,407.53677369136204,275.8,204.9,177.5507345642472,110.6,169.3,392.90929097863375,128.5,129.6350947561567,282.6,86.9,25.8,584.0997608794506,269.8566953519057,291.7,215.09885809806968,335.4941420912683,223.92954336649507,1133.7,267.0,177.7,330.2,416.5,168.1,205.0,221.00712621217866,113.63888306841679,589.5,215.2,271.7165703006362,408.3360873135854,187.6,216.9,29.6,365.0,127.16670863353616,345.0,247.2,152.5,217.75022882575308,243.0,293.8,196.5311123942117,80.8074631551199,433.0278898421151,281.63309790473375,175.96884021765518,375.5714494688374,132.9,84.4,254.6,429.0,270.5,147.2,105.8,90.8,231.5,323.1,135.0566499512299,302.4,186.4,151.3,84.23438812757571,806.4,278.9,281.3108524039272,419.8,93.4,117.8,284.0,247.55291580497044,249.7347865591773,188.1,249.1,161.7,226.0,267.2,201.4,283.8,263.1,111.4,166.6225627925322,91.5,103.8698593365558,111.8,81.0,224.2,164.4,88.9,282.7,342.3,271.1,80.0,180.66888081572898,282.3,67.6,205.87529177478288,115.2,115.3,147.6,71.9,1.6,247.03446291138974,208.15063807485114,156.2,109.4,2.317307032484043,122.6,318.17471088932376,252.4,65.5,27.7,156.8,132.8,63.1,51.56499223020652,42.9,96.22191552963294,102.3,405.4,172.8,134.0,96.64464826107839,68.3,108.4,155.2,0.8,108.6,248.0,59.5,244.14202594274786,8.231983289767376,120.7,577.8356417695815,83.3,46.455322935895495,7.5,97.82314616863405,329.54762261301863,336.60811278353106,27.7,0.1,139.2,477.25081514359044,416.4,406.4,215.3,69.4,18.2,2.9,121.1,300.4,0.2,0.5,0.2,177.7,0.1,1.5812685561006095,0.1,0.1,0.2,0.6,1.0,9.2,577.5,234.03880123911105,13.0,517.8,1.4,170.5,3.2871477019567523,121.0,32.11999541942886,9.7,177.4071483091212,2.1,135.1,120.8,108.7,67.8,126.2,9.4,2.2,1.8,56.61068969370848,156.4,159.79927709720928,213.66458360050572,119.89767019588177,1.2,165.9,2.8,23.5,6.1,368.5,169.4,66.4,5.7,1.0,65.91142289990098,19.6,200.3,15.680093026407683,12.14034139947794,356.0,232.2,12.3,17.7,33.5,193.6,23.8,1.2,1.2,130.9,0.8,7.3,1.1,241.0,2.2,97.4,71.3,54.648020119527715,9.348730464133382,0.5477431765565663,2.7,58.6,90.0,0.6,128.0,7.6,72.9,85.1,59.572398364723284,9.4,0.4047856054545618,200.93389219649606,6.9,0.1,62.0,124.9,20.8,135.6,82.6,5.0,2.687920704286994,36.43350797076859,107.2,4.6,127.8,62.8,49.4,12.6,287.7,37.7,153.1,93.0,11.6,0.1,0.6,126.5,53.4,12.1,41.7,6.8868461152967555,0.6662012625611144,27.2,0.1,0.1,0.2,182.7460322210357,14.6,170.8732814588842,11.1,40.3
77,125.1,88.2,76.2,188.43518368185062,146.8311742456566,264.1,114.5,260.6,195.7,197.33851966092507,379.2670392844901,253.9,349.7,306.602852396555,146.2,255.5,101.0,282.8,291.4,413.92034403629066,187.4334338564991,178.55172851425476,355.3429944504175,137.8,258.46884978355666,141.4,152.0,369.4,220.8,121.7,259.0,105.6,411.3,256.1,137.30962061532856,198.51175885804105,180.9551245795438,236.5,195.7,86.0,250.1,244.6,214.1,256.7245040627069,305.821782815589,325.0,741.0938921537581,324.2,101.5,148.4,264.91829236258184,78.4,163.6,531.4907743188908,275.8,204.9,176.88018928516144,110.6,169.3,343.3001615316292,128.5,174.22272483372882,282.6,86.9,25.8,549.8205167428633,274.4508204332265,291.7,200.70927836217408,265.2432440163118,267.93513794284974,1133.7,267.0,177.7,330.2,416.5,168.1,205.0,178.61537083778163,109.31012729432064,589.5,215.2,204.8929915501232,433.8475332201302,187.6,216.9,29.6,365.0,135.9324938333777,345.0,247.2,152.5,237.63297527914563,243.0,293.8,218.44257236278426,79.73521270873465,324.15726135611203,211.51028021597412,180.0705675459818,395.83488120125844,132.9,84.4,254.6,429.0,270.5,147.2,105.8,90.8,231.5,323.1,157.28314920959443,302.4,186.4,151.3,79.87454977787831,806.4,278.9,303.5446837906477,419.8,93.4,117.8,284.0,274.06208562003144,231.8682673636165,188.1,249.1,161.7,226.0,267.2,201.4,283.8,263.1,111.4,179.1422735619455,91.5,135.40621682263605,111.8,81.0,224.2,164.4,88.9,282.7,342.3,271.1,80.0,174.04083660291252,282.3,67.6,163.70487615424432,115.2,115.3,147.6,71.9,1.6,266.5920313365539,302.580024135994,156.2,109.4,1.9027718732408068,122.6,219.07921883090836,252.4,65.5,27.7,156.8,132.8,63.1,59.971652546081046,42.9,86.3702560464633,102.3,405.4,172.8,134.0,85.98197339755902,68.3,108.4,155.2,0.8,108.6,248.0,59.5,240.15504629127696,8.021438411813712,120.7,821.0589935791065,83.3,44.58710901591219,7.5,93.58221696797652,298.5727166672316,327.9357349883918,27.7,0.1,139.2,462.1334325857857,416.4,406.4,215.3,69.4,18.2,2.9,121.1,300.4,0.2,0.5,0.2,177.7,0.1,1.747318525927801,0.1,0.1,0.2,0.6,1.0,9.2,577.5,246.98280059367988,13.0,517.8,1.4,170.5,3.2249513699784105,121.0,31.147753413511733,9.7,144.80962031691584,2.1,135.1,120.8,108.7,67.8,126.2,9.4,2.2,1.8,70.41986102534008,156.4,167.94757474561348,266.1231268825809,113.47368983126317,1.2,165.9,2.8,23.5,6.1,368.5,169.4,66.4,5.7,1.0,53.066202773096904,19.6,200.3,16.01744839037144,11.573551097079179,356.0,232.2,12.3,17.7,33.5,193.6,23.8,1.2,1.2,130.9,0.8,7.3,1.1,241.0,2.2,97.4,71.3,39.69766785788778,7.130211182938673,0.5168722598859604,2.7,58.6,90.0,0.6,128.0,7.6,72.9,85.1,53.109546029404015,9.4,0.40902036086465393,209.16569153807419,6.9,0.1,62.0,124.9,20.8,135.6,82.6,5.0,1.9415655945557309,43.77475823138799,107.2,4.6,127.8,62.8,49.4,12.6,287.7,37.7,153.1,93.0,11.6,0.1,0.6,126.5,53.4,12.1,41.7,7.876088146207976,0.5120028770919827,27.2,0.1,0.1,0.2,136.02605061596057,14.6,169.8303471097851,11.1,40.3
78,125.1,88.2,76.2,215.55294780867453,172.78360207446553,264.1,114.5,260.6,195.7,224.47481420214734,339.3523593264485,253.9,349.7,293.30082284098023,146.2,255.5,101.0,282.8,291.4,487.71247418278176,243.93247866816748,173.88134896951948,341.6460041706799,137.8,296.59689971399916,141.4,152.0,369.4,220.8,121.7,259.0,105.6,411.3,256.1,167.49156587923346,271.188697808859,181.96600846660942,236.5,195.7,86.0,250.1,244.6,214.1,275.03558316155045,354.2476786279981,325.0,896.9578106617778,324.2,101.5,148.4,228.40474349937895,78.4,163.6,422.5763307504926,275.8,204.9,231.19259104736193,110.6,169.3,433.3379400272693,128.5,129.32701648147253,282.6,86.9,25.8,487.18692411176346,276.73137057006954,291.7,208.41617334367228,345.298122376674,279.38930554428975,1133.7,267.0,177.7,330.2,416.5,168.1,205.0,210.89258680429722,148.23430299953827,589.5,215.2,212.64315644003915,460.248210625261,187.6,216.9,29.6,365.0,118.2916350876635,345.0,247.2,152.5,234.16258186840855,243.0,293.8,209.75502407337268,82.60646125371153,398.683713605753,272.8075180918387,166.13811622096534,361.22832577060717,132.9,84.4,254.6,429.0,270.5,147.2,105.8,90.8,231.5,323.1,123.14451112032417,302.4,186.4,151.3,98.72239754574272,806.4,278.9,393.38286789315134,419.8,93.4,117.8,284.0,254.40782816171162,245.43079964539893,188.1,249.1,161.7,226.0,267.2,201.4,283.8,263.1,111.4,216.985750020647,91.5,146.17085830359107,111.8,81.0,224.2,164.4,88.9,282.7,342.3,271.1,80.0,160.8147736560593,282.3,67.6,168.0570892004289,115.2,115.3,147.6,71.9,1.6,216.38636026277163,297.72715494833966,156.2,109.4,1.778544773746619,122.6,302.1010313296953,252.4,65.5,27.7,156.8,132.8,63.1,58.778235416762854,42.9,90.23112430720772,102.3,405.4,172.8,134.0,79.71591418150248,68.3,108.4,155.2,0.8,108.6,248.0,59.5,169.9204685810798,7.199037645642434,120.7,826.8243521173688,83.3,48.41209302483955,7.5,93.6098339250703,355.69000061639395,307.05795293004024,27.7,0.1,139.2,446.1023023188317,416.4,406.4,215.3,69.4,18.2,2.9,121.1,300.4,0.2,0.5,0.2,177.7,0.1,1.6151657971754079,0.1,0.1,0.2,0.6,1.0,9.2,577.5,232.1194092500798,13.0,517.8,1.4,170.5,3.4640651051852895,121.0,42.391545899193915,9.7,183.46342323474863,2.1,135.1,120.8,108.7,67.8,126.2,9.4,2.2,1.8,74.95055351824399,156.4,220.16690528176355,228.02612505340602,130.59306654955373,1.2,165.9,2.8,23.5,6.1,368.5,169.4,66.4,5.7,1.0,71.9090876664981,19.6,200.3,17.999970636846477,10.549109754163803,356.0,232.2,12.3,17.7,33.5,193.6,23.8,1.2,1.2,130.9,0.8,7.3,1.1,241.0,2.2,97.4,71.3,56.20194871579378,7.315937799822805,0.5668865069444096,2.7,58.6,90.0,0.6,128.0,7.6,72.9,85.1,72.29198045660732,9.4,0.4587296340896631,202.8418186422149,6.9,0.1,62.0,124.9,20.8,135.6,82.6,5.0,1.9690895996656401,40.336779584286695,107.2,4.6,127.8,62.8,49.4,12.6,287.7,37.7,153.1,93.0,11.6,0.1,0.6,126.5,53.4,12.1,41.7,8.896306747978509,0.5555675701014852,27.2,0.1,0.1,0.2,187.11431366613624,14.6,155.89230509943263,11.1,40.3
79,125.1,88.2,76.2,187.35573202338423,131.51044722423478,264.1,114.5,260.6,195.7,221.5445602025209,366.6685443154428,253.9,349.7,263.66767435255656,146.2,255.5,101.0,282.8,291.4,446.15481666429025,189.69762626472888,189.17711702050835,355.99473274852613,137.8,314.68852626520004,141.4,152.0,369.4,220.8,121.7,259.0,105.6,411.3,256.1,155.7414897216342,242.695408126021,178.5841729036952,236.5,195.7,86.0,250.1,244.6,214.1,327.1918636370805,362.3601883550216,325.0,802.5840284991918,324.2,101.5,148.4,274.950124919665,78.4,163.6,425.592174085102,275.8,204.9,259.7078903500644,110.6,169.3,423.2075423723679,128.5,125.67393983460155,282.6,86.9,25.8,464.3934848634904,265.02172491948727,291.7,164.21212715337072,261.1693013842545,210.55723682363939,1133.7,267.0,177.7,330.2,416.5,168.1,205.0,189.36721177280555,140.49459986817493,589.5,215.2,209.5310915921181,440.52811914773594,187.6,216.9,29.6,365.0,135.4831666973658,345.0,247.2,152.5,260.93856390186005,243.0,293.8,203.3488470639158,91.05091380545,433.74861564522837,258.9369330005395,195.93795611014923,319.6431271462257,132.9,84.4,254.6,429.0,270.5,147.2,105.8,90.8,231.5,323.1,180.61474928578372,302.4,186.4,151.3,101.14081222846998,806.4,278.9,327.83911815643717,419.8,93.4,117.8,284.0,297.7982850427343,222.1160684986214,188.1,249.1,161.7,226.0,267.2,201.4,283.8,263.1,111.4,172.1101886465498,91.5,145.18444764329493,111.8,81.0,224.2,164.4,88.9,282.7,342.3,271.1,80.0,170.31752856657613,282.3,67.6,169.8557078658414,115.2,115.3,147.6,71.9,1.6,268.825986140818,212.8580206697252,156.2,109.4,1.7375306525745058,122.6,255.94770145927305,252.4,65.5,27.7,156.8,132.8,63.1,54.99651052049425,42.9,84.99775064881322,102.3,405.4,172.8,134.0,87.26629018741482,68.3,108.4,155.2,0.8,108.6,248.0,59.5,169.68575488386765,7.404015812925531,120.7,588.6758320376832,83.3,44.7473971632939,7.5,117.56407524090903,261.01558702101295,290.451875656324,27.7,0.1,139.2,498.20064229305484,416.4,406.4,215.3,69.4,18.2,2.9,121.1,300.4,0.2,0.5,0.2,177.7,0.1,1.8281904812955179,0.1,0.1,0.2,0.6,1.0,9.2,577.5,239.69319356756338,13.0,517.8,1.4,170.5,2.6943367953976023,121.0,34.45840831419796,9.7,167.09583069451358,2.1,135.1,120.8,108.7,67.8,126.2,9.4,2.2,1.8,75.31375686081216,156.4,178.20914846327636,288.20302589220483,114.92980881118926,1.2,165.9,2.8,23.5,6.1,368.5,169.4,66.4,5.7,1.0,74.16242920579494,19.6,200.3,12.821346545877722,14.922015745940556,356.0,232.2,12.3,17.7,33.5,193.6,23.8,1.2,1.2,130.9,0.8,7.3,1.1,241.0,2.2,97.4,71.3,43.85639577893709,7.356846153396497,0.5083382883428079,2.7,58.6,90.0,0.6,128.0,7.6,72.9,85.1,64.89625200553313,9.4,0.38056633378921223,205.27517691052014,6.9,0.1,62.0,124.9,20.8,135.6,82.6,5.0,2.2369629044921417,44.65503284804147,107.2,4.6,127.8,62.8,49.4,12.6,287.7,37.7,153.1,93.0,11.6,0.1,0.6,126.5,53.4,12.1,41.7,8.328159092938632,0.6207810499281925,27.2,0.1,0.1,0.2,142.52265632023438,14.6,154.25556492889953,11.1,40.3
80,125.1,88.2,76.2,246.1162824565111,179.13178072882113,264.1,114.5,260.6,195.7,203.56698067796208,445.3557844523614,253.9,349.7,307.51180133435804,146.2,255.5,101.0,282.8,291.4,451.27204646771065,247.89208087809374,163.0159123678332,290.0513613993622,137.8,310.0419309209486,141.4,152.0,369.4,220.8,121.7,259.0,105.6,411.3,256.1,144.01082712498112,222.49828874018596,163.72817286903017,236.5,195.7,86.0,250.1,244.6,214.1,249.74095357668932,348.6560165587307,325.0,641.9926356478855,324.2,101.5,148.4,264.34937550935894,78.4,163.6,376.36969749915636,275.8,204.9,181.9419151897996,110.6,169.3,427.3607139056959,128.5,173.6929359184815,282.6,86.9,25.8,582.448198975711,280.33357729777225,291.7,158.39405468883373,345.98402146688954,203.59627889932324,1133.7,267.0,177.7,330.2,416.5,168.1,205.0,160.13771995743866,124.43897671751495,589.5,215.2,210.10988509267293,526.6512432677141,187.6,216.9,29.6,365.0,118.01711043422378,345.0,247.2,152.5,264.6946427374155,243.0,293.8,175.0238988269286,95.85437790498598,351.85010104634296,243.39572386050307,191.6256271573308,279.75206659817104,132.9,84.4,254.6,429.0,270.5,147.2,105.8,90.8,231.5,323.1,155.30468378902827,302.4,186.4,151.3,89.51330600422715,806.4,278.9,357.84565343676144,419.8,93.4,117.8,284.0,247.33312987917265,304.49561871795197,188.1,249.1,161.7,226.0,267.2,201.4,283.8,263.1,111.4,241.3752124091489,91.5,131.67617009119422,111.8,81.0,224.2,164.4,88.9,282.7,342.3,271.1,80.0,167.1034009806186,282.3,67.6,165.45310999265413,115.2,115.3,147.6,71.9,1.6,282.0719170338813,302.94169725582697,156.2,109.4,1.9652463228353345,122.6,249.88838404074426,252.4,65.5,27.7,156.8,132.8,63.1,52.52030853669479,42.9,77.77996065372699,102.3,405.4,172.8,134.0,92.3376748658565,68.3,108.4,155.2,0.8,108.6,248.0,59.5,215.50286628747477,8.133669376051394,120.7,580.2359159874476,83.3,50.655366903960186,7.5,115.91412200800875,294.8951867350044,308.71039569434595,27.7,0.1,139.2,448.2698557063411,416.4,406.4,215.3,69.4,18.2,2.9,121.1,300.4,0.2,0.5,0.2,177.7,0.1,1.8152698580100155,0.1,0.1,0.2,0.6,1.0,9.2,577.5,189.40937615354926,13.0,517.8,1.4,170.5,3.515626572150266,121.0,38.81312285072448,9.7,140.5821113086354,2.1,135.1,120.8,108.7,67.8,126.2,9.4,2.2,1.8,55.2573210975169,156.4,230.44128293598314,274.99428451539404,119.66474067121494,1.2,165.9,2.8,23.5,6.1,368.5,169.4,66.4,5.7,1.0,54.87442250630886,19.6,200.3,17.77820731133379,12.562721679374867,356.0,232.2,12.3,17.7,33.5,193.6,23.8,1.2,1.2,130.9,0.8,7.3,1.1,241.0,2.2,97.4,71.3,52.001316288539066,9.556762448888666,0.41180500539724124,2.7,58.6,90.0,0.6,128.0,7.6,72.9,85.1,69.00082660744017,9.4,0.3746377066459891,161.70805971373113,6.9,0.1,62.0,124.9,20.8,135.6,82.6,5.0,1.9858385080267278,34.70660330687314,107.2,4.6,127.8,62.8,49.4,12.6,287.7,37.7,153.1,93.0,11.6,0.1,0.6,126.5,53.4,12.1,41.7,7.537037772687412,0.541189754172704,27.2,0.1,0.1,0.2,154.31121849959231,14.6,119.28977231013417,11.1,40.3
81,125.1,88.2,76.2,208.50747924587438,160.0105384497263,264.1,114.5,260.6,195.7,220.63752477084014,326.6889107718145,253.9,349.7,262.4269457085763,146.2,255.5,101.0,282.8,291.4,350.2720855601514,235.22821801760617,157.00524089902137,335.4417148170975,137.8,218.77894887126382,141.4,152.0,369.4,220.8,121.7,259.0,105.6,411.3,256.1,172.03177885733345,229.03005095363662,189.9710079876583,236.5,195.7,86.0,250.1,244.6,214.1,287.35852481928174,316.2063193191224,325.0,932.1987137359499,324.2,101.5,148.4,255.33595456018824,78.4,163.6,509.71865246457315,275.8,204.9,239.8324663396922,110.6,169.3,409.8282455341542,128.5,171.59902483349032,282.6,86.9,25.8,549.0562890521817,209.64239799004957,291.7,174.87655102149014,270.837086483398,273.78664607786334,1133.7,267.0,177.7,330.2,416.5,168.1,205.0,224.96340331166834,129.0757500176847,589.5,215.2,274.28137385461366,459.4424696923591,187.6,216.9,29.6,365.0,120.9544395648557,345.0,247.2,152.5,253.5872897101739,243.0,293.8,233.29525847910168,73.41638916682582,431.4360764479684,234.2177914969569,180.4986119054809,382.26087385422056,132.9,84.4,254.6,429.0,270.5,147.2,105.8,90.8,231.5,323.1,162.4607077340523,302.4,186.4,151.3,96.39265482237073,806.4,278.9,367.3707377855974,419.8,93.4,117.8,284.0,245.5376071418057,285.0650706314119,188.1,249.1,161.7,226.0,267.2,201.4,283.8,263.1,111.4,164.08640583164993,91.5,147.17843895098858,111.8,81.0,224.2,164.4,88.9,282.7,342.3,271.1,80.0,152.71621608067025,282.3,67.6,201.85204556667503,115.2,115.3,147.6,71.9,1.6,278.02532716913066,231.42121763299286,156.2,109.4,2.3470511769601146,122.6,290.7667560522657,252.4,65.5,27.7,156.8,132.8,63.1,52.34070838982692,42.9,98.41209659919485,102.3,405.4,172.8,134.0,95.25342970486179,68.3,108.4,155.2,0.8,108.6,248.0,59.5,206.2010521971547,8.483350576807501,120.7,588.2570403489331,83.3,46.305116201140045,7.5,105.33289553808055,374.6713295484627,294.57384762089157,27.7,0.1,139.2,479.60980503607226,416.4,406.4,215.3,69.4,18.2,2.9,121.1,300.4,0.2,0.5,0.2,177.7,0.1,1.3253818137455498,0.1,0.1,0.2,0.6,1.0,9.2,577.5,257.018469164414,13.0,517.8,1.4,170.5,2.859951445016627,121.0,31.732930206689105,9.7,153.01397777708937,2.1,135.1,120.8,108.7,67.8,126.2,9.4,2.2,1.8,50.645780254625684,156.4,200.5808242737262,281.69258092228677,124.61345471068216,1.2,165.9,2.8,23.5,6.1,368.5,169.4,66.4,5.7,1.0,65.33797229588859,19.6,200.3,12.789640141814576,14.628115786658789,356.0,232.2,12.3,17.7,33.5,193.6,23.8,1.2,1.2,130.9,0.8,7.3,1.1,241.0,2.2,97.4,71.3,53.38349115420259,6.6685994923777185,0.46147747440457165,2.7,58.6,90.0,0.6,128.0,7.6,72.9,85.1,73.01726741500171,9.4,0.38397240593743565,181.83555226692204,6.9,0.1,62.0,124.9,20.8,135.6,82.6,5.0,2.447550513124649,37.6972370594919,107.2,4.6,127.8,62.8,49.4,12.6,287.7,37.7,153.1,93.0,11.6,0.1,0.6,126.5,53.4,12.1,41.7,7.644734952563267,0.5318760029104511,27.2,0.1,0.1,0.2,130.53636408423748,14.6,175.7124443154834,11.1,40.3
82,125.1,88.2,76.2,263.3106036154725,126.23649625189803,264.1,114.5,260.6,195.7,172.8853350801465,345.99337385755206,253.9,349.7,330.75792147651407,146.2,255.5,101.0,282.8,291.4,431.9243131057945,235.54644485676704,167.7202329468984,271.164805694496,137.8,213.77559133268795,141.4,152.0,369.4,220.8,121.7,259.0,105.6,411.3,256.1,161.73320359052937,219.5162552839293,141.3829576172991,236.5,195.7,86.0,250.1,244.6,214.1,354.07509819069503,369.6051187006424,325.0,728.1738816000584,324.2,101.5,148.4,262.76010887391953,78.4,163.6,462.11255301254926,275.8,204.9,260.20538162600104,110.6,169.3,338.5189190024608,128.5,140.38834101335806,282.6,86.9,25.8,629.7083152315531,284.310107370042,291.7,189.98149190704075,232.56765921095612,208.06177382524015,1133.7,267.0,177.7,330.2,416.5,168.1,205.0,193.57902589061578,147.61327695408076,589.5,215.2,241.4821130955928,485.2362334933391,187.6,216.9,29.6,365.0,92.90995841641805,345.0,247.2,152.5,214.90738949102897,243.0,293.8,172.33380389803676,108.77416543041718,432.80096958367056,212.67147596950954,171.69186807201456,315.96284882838944,132.9,84.4,254.6,429.0,270.5,147.2,105.8,90.8,231.5,323.1,147.14119953678778,302.4,186.4,151.3,93.6958582345356,806.4,278.9,383.0336064868022,419.8,93.4,117.8,284.0,282.7823304289859,256.1289570292058,188.1,249.1,161.7,226.0,267.2,201.4,283.8,263.1,111.4,214.52109759719772,91.5,116.53203099321277,111.8,81.0,224.2,164.4,88.9,282.7,342.3,271.1,80.0,179.04120932378376,282.3,67.6,209.03203293728728,115.2,115.3,147.6,71.9,1.6,243.25753117285637,280.3655401391235,156.2,109.4,2.0359701164074866,122.6,304.17879683181593,252.4,65.5,27.7,156.8,132.8,63.1,43.816850938964876,42.9,86.03593045574087,102.3,405.4,172.8,134.0,87.10954500880435,68.3,108.4,155.2,0.8,108.6,248.0,59.5,233.54835792686,7.6016497239330025,120.7,664.6101349873501,83.3,44.70397367427083,7.5,87.73542894120736,268.4527473946059,246.5954062346329,27.7,0.1,139.2,337.91647313719056,416.4,406.4,215.3,69.4,18.2,2.9,121.1,300.4,0.2,0.5,0.2,177.7,0.1,1.7384104320641904,0.1,0.1,0.2,0.6,1.0,9.2,577.5,237.93077116606796,13.0,517.8,1.4,170.5,2.9213634957085133,121.0,40.37614391780154,9.7,174.13166446595596,2.1,135.1,120.8,108.7,67.8,126.2,9.4,2.2,1.8,59.19226423940123,156.4,158.45696079245064,270.4067039943556,105.89104947112857,1.2,165.9,2.8,23.5,6.1,368.5,169.4,66.4,5.7,1.0,59.55441744821083,19.6,200.3,16.855205564470406,15.454162983983288,356.0,232.2,12.3,17.7,33.5,193.6,23.8,1.2,1.2,130.9,0.8,7.3,1.1,241.0,2.2,97.4,71.3,55.3301204104467,8.177757627721693,0.4865458037052711,2.7,58.6,90.0,0.6,128.0,7.6,72.9,85.1,67.02810827076266,9.4,0.34853563896392903,165.21414366516998,6.9,0.1,62.0,124.9,20.8,135.6,82.6,5.0,2.1703508373774145,45.20398051574583,107.2,4.6,127.8,62.8,49.4,12.6,287.7,37.7,153.1,93.0,11.6,0.1,0.6,126.5,53.4,12.1,41.7,9.792726992110778,0.5475723600297164,27.2,0.1,0.1,0.2,166.9749517072613,14.6,161.3864829949991,11.1,40.3
83,125.1,88.2,76.2,230.73572556092859,140.18718310150985,264.1,114.5,260.6,195.7,163.07147987609807,448.98828014666947,253.9,349.7,327.1589812363722,146.2,255.5,101.0,282.8,291.4,470.95902958941207,249.76270557994192,155.51187714608824,259.38911357533954,137.8,303.1529109456545,141.4,152.0,369.4,220.8,121.7,259.0,105.6,411.3,256.1,137.28386783552574,269.63064610157846,138.9391670782041,236.5,195.7,86.0,250.1,244.6,214.1,269.8556589427186,253.04075306947695,325.0,918.7202232915976,324.2,101.5,148.4,227.0044867832521,78.4,163.6,362.83414592245884,275.8,204.9,201.1242541565199,110.6,169.3,353.49166533880725,128.5,136.95201316725527,282.6,86.9,25.8,592.6127585643051,225.6573711580077,291.7,197.9094251204621,342.8653992276608,296.93260973429665,1133.7,267.0,177.7,330.2,416.5,168.1,205.0,179.50974912401628,154.6050593390717,589.5,215.2,245.16556680651297,427.3593396966707,187.6,216.9,29.6,365.0,135.1171326186019,345.0,247.2,152.5,311.46618850133586,243.0,293.8,212.9880706649496,101.02394429991091,425.3103543580762,242.4158242583838,204.12386551686947,317.03338689536565,132.9,84.4,254.6,429.0,270.5,147.2,105.8,90.8,231.5,323.1,136.872809249755,302.4,186.4,151.3,96.63524721384374,806.4,278.9,392.756356383256,419.8,93.4,117.8,284.0,294.8337132614434,270.2071007112463,188.1,249.1,161.7,226.0,267.2,201.4,283.8,263.1,111.4,168.0012938096674,91.5,134.05626888352617,111.8,81.0,224.2,164.4,88.9,282.7,342.3,271.1,80.0,176.32865068176307,282.3,67.6,205.50629414146866,115.2,115.3,147.6,71.9,1.6,211.60318239723767,295.0563838086906,156.2,109.4,1.8290530630665391,122.6,298.7107926049071,252.4,65.5,27.7,156.8,132.8,63.1,59.810747174848906,42.9,89.60034170725396,102.3,405.4,172.8,134.0,110.04798712080904,68.3,108.4,155.2,0.8,108.6,248.0,59.5,189.203778342031,7.3063832039805865,120.7,644.480470216531,83.3,38.590048327223,7.5,105.64817210522541,267.57520755291785,318.000884614249,27.7,0.1,139.2,492.12919797089387,416.4,406.4,215.3,69.4,18.2,2.9,121.1,300.4,0.2,0.5,0.2,177.7,0.1,1.834063527789922,0.1,0.1,0.2,0.6,1.0,9.2,577.5,213.08781829019765,13.0,517.8,1.4,170.5,3.6545053322238212,121.0,31.44065499366416,9.7,169.71373062395594,2.1,135.1,120.8,108.7,67.8,126.2,9.4,2.2,1.8,60.74054401567204,156.4,178.18202485841985,217.23037690784204,137.84178259975985,1.2,165.9,2.8,23.5,6.1,368.5,169.4,66.4,5.7,1.0,68.3308076764907,19.6,200.3,12.817743120826341,10.508521049016876,356.0,232.2,12.3,17.7,33.5,193.6,23.8,1.2,1.2,130.9,0.8,7.3,1.1,241.0,2.2,97.4,71.3,50.504676194693545,6.764653739330281,0.42766762321795204,2.7,58.6,90.0,0.6,128.0,7.6,72.9,85.1,54.668795394043315,9.4,0.3293855360802511,204.16083018113568,6.9,0.1,62.0,124.9,20.8,135.6,82.6,5.0,2.5921407306436324,42.357032378038,107.2,4.6,127.8,62.8,49.4,12.6,287.7,37.7,153.1,93.0,11.6,0.1,0.6,126.5,53.4,12.1,41.7,7.119557066210736,0.6949658983405927,27.2,0.1,0.1,0.2,161.1623655901201,14.6,174.5460804186103,11.1,40.3
84,125.1,88.2,76.2,197.7247952459021,126.92903744868505,264.1,114.5,260.6,195.7,231.57101211482137,305.0656020525183,253.9,349.7,264.46908208414607,146.2,255.5,101.0,282.8,291.4,346.3676944776117,249.74483242944132,127.15747998497493,349.0880411573607,137.8,311.314559585908,141.4,152.0,369.4,220.8,121.7,259.0,105.6,411.3,256.1,188.3217048605899,231.93773073250904,133.17410771769033,236.5,195.7,86.0,250.1,244.6,214.1,350.5563403539459,279.07305349430953,325.0,940.5585422349952,324.2,101.5,148.4,244.2808042742854,78.4,163.6,467.19644920833747,275.8,204.9,230.50135122921114,110.6,169.3,306.3620739797871,128.5,138.02053739199548,282.6,86.9,25.8,555.4665757953387,216.5408522048644,291.7,218.62106712881908,282.3747393747934,267.61357722830905,1133.7,267.0,177.7,330.2,416.5,168.1,205.0,226.77419666649274,107.31832326117608,589.5,215.2,280.315748395587,388.632416382286,187.6,216.9,29.6,365.0,128.17634678334807,345.0,247.2,152.5,215.76408861472785,243.0,293.8,213.8782013853631,73.32176224291392,423.30320710947836,218.5642582312355,193.1820553909995,295.79378235643594,132.9,84.4,254.6,429.0,270.5,147.2,105.8,90.8,231.5,323.1,155.9982890194628,302.4,186.4,151.3,87.04275529600417,806.4,278.9,269.4633384605169,419.8,93.4,117.8,284.0,221.9569390157947,300.65829585651363,188.1,249.1,161.7,226.0,267.2,201.4,283.8,263.1,111.4,208.36612682252905,91.5,120.63698299774725,111.8,81.0,224.2,164.4,88.9,282.7,342.3,271.1,80.0,171.27222777922177,282.3,67.6,174.09100742845908,115.2,115.3,147.6,71.9,1.6,276.72632884900884,234.05605272359756,156.2,109.4,1.8421447693847386,122.6,230.4314151728111,252.4,65.5,27.7,156.8,132.8,63.1,58.933094036206676,42.9,83.27674204226788,102.3,405.4,172.8,134.0,81.74172032294545,68.3,108.4,155.2,0.8,108.6,248.0,59.5,211.2493682452394,8.084358915208188,120.7,712.1272455356996,83.3,39.39909832683358,7.5,114.43161614883199,270.2594896234382,269.2953401304081,27.7,0.1,139.2,499.4940449518248,416.4,406.4,215.3,69.4,18.2,2.9,121.1,300.4,0.2,0.5,0.2,177.7,0.1,1.5313400229260425,0.1,0.1,0.2,0.6,1.0,9.2,577.5,217.9559707884481,13.0,517.8,1.4,170.5,3.283455809785511,121.0,44.657808758479455,9.7,155.13293091147045,2.1,135.1,120.8,108.7,67.8,126.2,9.4,2.2,1.8,57.139702301480106,156.4,199.5895117673393,286.81655603441493,147.5678305569669,1.2,165.9,2.8,23.5,6.1,368.5,169.4,66.4,5.7,1.0,54.543873817159735,19.6,200.3,17.44958764444716,14.83711279375368,356.0,232.2,12.3,17.7,33.5,193.6,23.8,1.2,1.2,130.9,0.8,7.3,1.1,241.0,2.2,97.4,71.3,49.41743769137024,6.7078903044724925,0.4596648448418172,2.7,58.6,90.0,0.6,128.0,7.6,72.9,85.1,69.38927615669407,9.4,0.38785774067846573,141.27853588079233,6.9,0.1,62.0,124.9,20.8,135.6,82.6,5.0,2.3954606166684917,38.7490721774522,107.2,4.6,127.8,62.8,49.4,12.6,287.7,37.7,153.1,93.0,11.6,0.1,0.6,126.5,53.4,12.1,41.7,6.8088964803399,0.5971192833362844,27.2,0.1,0.1,0.2,157.94380131604802,14.6,119.40239555156121,11.1,40.3
85,125.1,88.2,76.2,233.77256272020796,131.98073559257,264.1,114.5,260.6,195.7,165.71647027076517,325.52726479422574,253.9,349.7,272.6820019684482,146.2,255.5,101.0,282.8,291.4,418.6078298742402,250.59510170054165,150.69902934502267,317.4802033552162,137.8,234.80749473832248,141.4,152.0,369.4,220.8,121.7,259.0,105.6,411.3,256.1,185.5001935273935,253.17070550516684,189.18458278096975,236.5,195.7,86.0,250.1,244.6,214.1,321.3460953791929,308.44478233075745,325.0,814.7820612667646,324.2,101.5,148.4,246.05854527996382,78.4,163.6,472.3252948265341,275.8,204.9,253.7012374514423,110.6,169.3,394.89252347528554,128.5,161.81846449434417,282.6,86.9,25.8,648.3125630920856,236.18987553198014,291.7,161.8188765278383,289.5085795893739,207.31721331377491,1133.7,267.0,177.7,330.2,416.5,168.1,205.0,161.89084967696058,147.55730506174976,589.5,215.2,258.216735120293,476.0789242282252,187.6,216.9,29.6,365.0,96.4187949951694,345.0,247.2,152.5,216.67618627962983,243.0,293.8,199.77839676319076,105.0663625341736,418.1623842847748,228.8891589395585,149.30907902009892,293.6029149600346,132.9,84.4,254.6,429.0,270.5,147.2,105.8,90.8,231.5,323.1,128.0466181763771,302.4,186.4,151.3,80.63211343825999,806.4,278.9,312.42689764894243,419.8,93.4,117.8,284.0,225.57438047605334,293.8655201412314,188.1,249.1,161.7,226.0,267.2,201.4,283.8,263.1,111.4,235.89640529266833,91.5,100.6352719830223,111.8,81.0,224.2,164.4,88.9,282.7,342.3,271.1,80.0,158.01238290917246,282.3,67.6,158.69678378001166,115.2,115.3,147.6,71.9,1.6,246.61186356491956,211.19630408344798,156.2,109.4,2.450639790095983,122.6,241.02214107017238,252.4,65.5,27.7,156.8,132.8,63.1,59.64955743812497,42.9,79.72441274148683,102.3,405.4,172.8,134.0,77.95114481527138,68.3,108.4,155.2,0.8,108.6,248.0,59.5,186.9044235867066,6.6267058416836635,120.7,832.9326164817037,83.3,46.973398773114184,7.5,95.82349111946277,338.1645977158132,240.1861977485442,27.7,0.1,139.2,421.4938605890303,416.4,406.4,215.3,69.4,18.2,2.9,121.1,300.4,0.2,0.5,0.2,177.7,0.1,1.7920831683684713,0.1,0.1,0.2,0.6,1.0,9.2,577.5,261.3514232666946,13.0,517.8,1.4,170.5,3.610755930872502,121.0,38.59048764755764,9.7,175.49622537887416,2.1,135.1,120.8,108.7,67.8,126.2,9.4,2.2,1.8,70.54258102758519,156.4,182.80428844707987,223.23070344341497,126.04127219942359,1.2,165.9,2.8,23.5,6.1,368.5,169.4,66.4,5.7,1.0,67.51361919899492,19.6,200.3,15.828361833337944,12.648808407625824,356.0,232.2,12.3,17.7,33.5,193.6,23.8,1.2,1.2,130.9,0.8,7.3,1.1,241.0,2.2,97.4,71.3,41.90298522767594,9.24091075056075,0.43434864372415777,2.7,58.6,90.0,0.6,128.0,7.6,72.9,85.1,60.31828821984335,9.4,0.45498560548638334,188.8260883510217,6.9,0.1,62.0,124.9,20.8,135.6,82.6,5.0,2.1595776916623532,47.75907615692059,107.2,4.6,127.8,62.8,49.4,12.6,287.7,37.7,153.1,93.0,11.6,0.1,0.6,126.5,53.4,12.1,41.7,8.54783326724714,0.6950681323796606,27.2,0.1,0.1,0.2,176.92427385460286,14.6,122.86012123809934,11.1,40.3
86,125.1,88.2,76.2,181.79415571705368,123.84986325822754,264.1,114.5,260.6,195.7,185.52271432950013,450.5859696017843,253.9,349.7,246.64326825297462,146.2,255.5,101.0,282.8,291.4,383.7061391310986,171.1382067132316,172.30909440221922,318.4066518622442,137.8,262.8935348357019,141.4,152.0,369.4,220.8,121.7,259.0,105.6,411.3,256.1,185.59521617819277,215.68308305065054,170.8643300930143,236.5,195.7,86.0,250.1,244.6,214.1,348.88048061360087,307.00832010366565,325.0,842.212037777803,324.2,101.5,148.4,220.69533984460432,78.4,163.6,399.4344158841566,275.8,204.9,186.73571485712046,110.6,169.3,303.2619338222074,128.5,150.70783080463437,282.6,86.9,25.8,647.5527641547626,229.5228143626858,291.7,166.855479700795,311.32130630996573,238.46136375933048,1133.7,267.0,177.7,330.2,416.5,168.1,205.0,172.8903669159595,146.71319485305744,589.5,215.2,279.2849748342048,380.7602554978827,187.6,216.9,29.6,365.0,112.71600016909557,345.0,247.2,152.5,250.8509952870997,243.0,293.8,170.55521598901475,77.20159363911944,423.4889700263708,252.33509739165845,174.26344931201905,331.9163309994953,132.9,84.4,254.6,429.0,270.5,147.2,105.8,90.8,231.5,323.1,153.8170282877069,302.4,186.4,151.3,104.12760933925149,806.4,278.9,298.21013122542513,419.8,93.4,117.8,284.0,214.2864894519046,256.426083894923,188.1,249.1,161.7,226.0,267.2,201.4,283.8,263.1,111.4,222.96311292621738,91.5,134.5324571560287,111.8,81.0,224.2,164.4,88.9,282.7,342.3,271.1,80.0,183.83520269767226,282.3,67.6,166.3975652318186,115.2,115.3,147.6,71.9,1.6,249.3968345743781,242.62811681815197,156.2,109.4,2.28437842985927,122.6,283.46928197813304,252.4,65.5,27.7,156.8,132.8,63.1,46.916764452932206,42.9,71.46868414801703,102.3,405.4,172.8,134.0,82.27092906091714,68.3,108.4,155.2,0.8,108.6,248.0,59.5,229.77317434693794,8.71838305852107,120.7,693.20807068254,83.3,45.00129719164184,7.5,87.67916348595813,312.79899918592844,284.1487659515642,27.7,0.1,139.2,470.7839125129839,416.4,406.4,215.3,69.4,18.2,2.9,121.1,300.4,0.2,0.5,0.2,177.7,0.1,1.3734317214331992,0.1,0.1,0.2,0.6,1.0,9.2,577.5,257.3342361507259,13.0,517.8,1.4,170.5,3.134797274807555,121.0,35.39896114694653,9.7,159.19287115669627,2.1,135.1,120.8,108.7,67.8,126.2,9.4,2.2,1.8,60.4375012830987,156.4,155.84408770869737,221.54336793163185,105.06286126224254,1.2,165.9,2.8,23.5,6.1,368.5,169.4,66.4,5.7,1.0,74.82930695456243,19.6,200.3,14.236265336143227,14.71448631890893,356.0,232.2,12.3,17.7,33.5,193.6,23.8,1.2,1.2,130.9,0.8,7.3,1.1,241.0,2.2,97.4,71.3,43.055420245751336,9.591188035761125,0.5257547897732,2.7,58.6,90.0,0.6,128.0,7.6,72.9,85.1,71.13565230221965,9.4,0.344830807245177,185.62028126450005,6.9,0.1,62.0,124.9,20.8,135.6,82.6,5.0,2.7669077898500785,35.55381337957868,107.2,4.6,127.8,62.8,49.4,12.6,287.7,37.7,153.1,93.0,11.6,0.1,0.6,126.5,53.4,12.1,41.7,7.341333331069059,0.5629835056033466,27.2,0.1,0.1,0.2,172.7439444216992,14.6,147.6071403210701,11.1,40.3
87,125.1,88.2,76.2,232.57406930633266,145.20613548450254,264.1,114.5,260.6,195.7,184.27954197348328,340.312760542592,253.9,349.7,239.21440846616764,146.2,255.5,101.0,282.8,291.4,340.4982031707949,199.92220788434673,154.16395934184465,363.3380720421399,137.8,261.86280676298753,141.4,152.0,369.4,220.8,121.7,259.0,105.6,411.3,256.1,137.5989813085007,218.587539248825,174.0287363946493,236.5,195.7,86.0,250.1,244.6,214.1,280.098907482406,364.76677656571945,325.0,885.0947757692625,324.2,101.5,148.4,214.2298035398505,78.4,163.6,416.99609104141143,275.8,204.9,217.15357104707837,110.6,169.3,341.15643440332235,128.5,137.1702141279168,282.6,86.9,25.8,515.1515265483816,286.16355953256806,291.7,207.7601794150039,280.0405928834969,244.94187474489019,1133.7,267.0,177.7,330.2,416.5,168.1,205.0,234.87843611251938,129.35724407353865,589.5,215.2,238.8841550015341,415.35286849369606,187.6,216.9,29.6,365.0,127.52665462547961,345.0,247.2,152.5,277.0183665189109,243.0,293.8,204.77564380429493,91.2794877930432,326.2767010417804,205.55485019287414,172.90305148239207,382.8392587733882,132.9,84.4,254.6,429.0,270.5,147.2,105.8,90.8,231.5,323.1,149.93395606569464,302.4,186.4,151.3,89.4962309328267,806.4,278.9,302.196644821385,419.8,93.4,117.8,284.0,269.1637865487168,289.1452245518981,188.1,249.1,161.7,226.0,267.2,201.4,283.8,263.1,111.4,213.95548742603575,91.5,103.42263681831393,111.8,81.0,224.2,164.4,88.9,282.7,342.3,271.1,80.0,157.79987584573428,282.3,67.6,150.0529662866537,115.2,115.3,147.6,71.9,1.6,232.09825687762373,258.41983642386737,156.2,109.4,2.0701797759044758,122.6,288.34456530597595,252.4,65.5,27.7,156.8,132.8,63.1,47.81147561702507,42.9,78.5056422642892,102.3,405.4,172.8,134.0,95.45531034980667,68.3,108.4,155.2,0.8,108.6,248.0,59.5,189.30824605810855,7.897625286120164,120.7,782.1059152412687,83.3,38.9048672397994,7.5,122.15550312569833,342.83266794413976,250.56945877360928,27.7,0.1,139.2,447.3147471907242,416.4,406.4,215.3,69.4,18.2,2.9,121.1,300.4,0.2,0.5,0.2,177.7,0.1,1.4313915992143196,0.1,0.1,0.2,0.6,1.0,9.2,577.5,220.54990286834925,13.0,517.8,1.4,170.5,2.486662820314747,121.0,37.596408939678284,9.7,183.5848906405426,2.1,135.1,120.8,108.7,67.8,126.2,9.4,2.2,1.8,51.64059341401935,156.4,202.30755711602103,212.11332264650207,114.63033312370082,1.2,165.9,2.8,23.5,6.1,368.5,169.4,66.4,5.7,1.0,67.91387455616389,19.6,200.3,16.167745190072413,12.471640282934997,356.0,232.2,12.3,17.7,33.5,193.6,23.8,1.2,1.2,130.9,0.8,7.3,1.1,241.0,2.2,97.4,71.3,43.325870050935464,8.030476217570124,0.5313082336308484,2.7,58.6,90.0,0.6,128.0,7.6,72.9,85.1,53.66176498970664,9.4,0.3539101232992935,161.33979499212413,6.9,0.1,62.0,124.9,20.8,135.6,82.6,5.0,2.1191229445862168,44.972458222885535,107.2,4.6,127.8,62.8,49.4,12.6,287.7,37.7,153.1,93.0,11.6,0.1,0.6,126.5,53.4,12.1,41.7,8.738842075451018,0.6913294844370123,27.2,0.1,0.1,0.2,146.63104488704894,14.6,157.94357721016672,11.1,40.3
88,125.1,88.2,76.2,190.79626172876328,169.53378778800501,264.1,114.5,260.6,195.7,174.86660682148968,338.7664986960164,253.9,349.7,297.0801512537536,146.2,255.5,101.0,282.8,291.4,348.3412573099711,224.44137894531946,159.07141573032854,339.34000923358235,137.8,255.72307999369352,141.4,152.0,369.4,220.8,121.7,259.0,105.6,411.3,256.1,184.477553633588,226.19258148882557,179.3690787730108,236.5,195.7,86.0,250.1,244.6,214.1,287.42059307947346,289.2460490889426,325.0,704.6682812218713,324.2,101.5,148.4,233.8331046275002,78.4,163.6,423.94537395535053,275.8,204.9,256.0592121069767,110.6,169.3,323.86788596394547,128.5,143.21773709703754,282.6,86.9,25.8,653.2344390857131,257.8469623817994,291.7,211.63216037291,277.8787713192943,221.9242489832514,1133.7,267.0,177.7,330.2,416.5,168.1,205.0,181.09062751815313,143.43699668237676,589.5,215.2,256.6421542580468,470.30564593074405,187.6,216.9,29.6,365.0,111.6929378572321,345.0,247.2,152.5,291.7300536443408,243.0,293.8,197.07081046186096,104.94802161791239,367.6687163024268,241.5259536173599,203.02150763234866,323.0147930137448,132.9,84.4,254.6,429.0,270.5,147.2,105.8,90.8,231.5,323.1,144.67549576699588,302.4,186.4,151.3,85.37671370780062,806.4,278.9,307.2029920216714,419.8,93.4,117.8,284.0,271.6070030471215,276.45328670170704,188.1,249.1,161.7,226.0,267.2,201.4,283.8,263.1,111.4,243.01117696990673,91.5,124.09388234660258,111.8,81.0,224.2,164.4,88.9,282.7,342.3,271.1,80.0,182.18973803639375,282.3,67.6,170.0476024836372,115.2,115.3,147.6,71.9,1.6,224.25252335222535,246.35236829049296,156.2,109.4,2.332202724769285,122.6,236.2205839166697,252.4,65.5,27.7,156.8,132.8,63.1,59.59584305276891,42.9,84.16819252368549,102.3,405.4,172.8,134.0,95.14740735097145,68.3,108.4,155.2,0.8,108.6,248.0,59.5,167.16662674539785,9.345827175677753,120.7,700.6174862310063,83.3,46.73907989606057,7.5,95.3911315950483,329.7664139977711,330.26472534681585,27.7,0.1,139.2,476.4912788220545,416.4,406.4,215.3,69.4,18.2,2.9,121.1,300.4,0.2,0.5,0.2,177.7,0.1,1.3670197362821506,0.1,0.1,0.2,0.6,1.0,9.2,577.5,263.76216423769097,13.0,517.8,1.4,170.5,3.071268547313701,121.0,35.548883775424194,9.7,151.85966968390028,2.1,135.1,120.8,108.7,67.8,126.2,9.4,2.2,1.8,52.54789711489213,156.4,180.23523081423826,282.2628307798066,126.41169861717921,1.2,165.9,2.8,23.5,6.1,368.5,169.4,66.4,5.7,1.0,62.251402876524224,19.6,200.3,16.702580792601044,12.683394234846899,356.0,232.2,12.3,17.7,33.5,193.6,23.8,1.2,1.2,130.9,0.8,7.3,1.1,241.0,2.2,97.4,71.3,39.162479479423546,9.054734973197416,0.4057018851495855,2.7,58.6,90.0,0.6,128.0,7.6,72.9,85.1,54.536501073127305,9.4,0.32828874224488663,144.07610483539048,6.9,0.1,62.0,124.9,20.8,135.6,82.6,5.0,2.6042665395814026,41.170691564174916,107.2,4.6,127.8,62.8,49.4,12.6,287.7,37.7,153.1,93.0,11.6,0.1,0.6,126.5,53.4,12.1,41.7,9.821564727784946,0.5979996144566142,27.2,0.1,0.1,0.2,172.3501197178974,14.6,175.5276730425785,11.1,40.3
89,125.1,88.2,76.2,191.44435015998314,165.26361824748716,264.1,114.5,260.6,195.7,232.81950178419913,398.7087382716129,253.9,349.7,255.87060450285105,146.2,255.5,101.0,282.8,291.4,473.2536006202721,182.628352767431,141.12937197585202,340.5251071224198,137.8,283.95061330730505,141.4,152.0,369.4,220.8,121.7,259.0,105.6,411.3,256.1,158.81993450126566,227.78906090230836,146.6406918002824,236.5,195.7,86.0,250.1,244.6,214.1,300.0499552989137,269.3437204276017,325.0,732.8533384252759,324.2,101.5,148.4,286.53060397642525,78.4,163.6,499.55318707546587,275.8,204.9,256.79541190983235,110.6,169.3,420.66283752038123,128.5,126.86506749066872,282.6,86.9,25.8,479.5105436312658,248.52953673886245,291.7,222.0494790692712,250.4412391519604,234.4559740628759,1133.7,267.0,177.7,330.2,416.5,168.1,205.0,184.14160941769063,117.38063848430676,589.5,215.2,253.27770538467394,405.13761316514353,187.6,216.9,29.6,365.0,114.31494144675133,345.0,247.2,152.5,212.39164060900998,243.0,293.8,199.93844602333405,87.94647792791787,354.9657712566896,280.173971849744,167.4413207330267,332.9978840220989,132.9,84.4,254.6,429.0,270.5,147.2,105.8,90.8,231.5,323.1,124.06504957897837,302.4,186.4,151.3,81.19788000558509,806.4,278.9,360.3941395225827,419.8,93.4,117.8,284.0,223.87129466891065,221.3734985265216,188.1,249.1,161.7,226.0,267.2,201.4,283.8,263.1,111.4,242.55697901906825,91.5,111.27248378354984,111.8,81.0,224.2,164.4,88.9,282.7,342.3,271.1,80.0,175.93699872737957,282.3,67.6,183.05098078785318,115.2,115.3,147.6,71.9,1.6,248.8641245292065,248.1444986304866,156.2,109.4,2.1254171621731377,122.6,234.83924095719885,252.4,65.5,27.7,156.8,132.8,63.1,41.55095689273099,42.9,86.04456747527803,102.3,405.4,172.8,134.0,103.54474473929834,68.3,108.4,155.2,0.8,108.6,248.0,59.5,245.67944531497923,7.781737981474415,120.7,801.8771559643351,83.3,46.300557740337254,7.5,95.80121032936056,276.25110652312657,339.75214701179897,27.7,0.1,139.2,371.0859272228545,416.4,406.4,215.3,69.4,18.2,2.9,121.1,300.4,0.2,0.5,0.2,177.7,0.1,1.8312389218832605,0.1,0.1,0.2,0.6,1.0,9.2,577.5,230.99624498839498,13.0,517.8,1.4,170.5,3.100291297559674,121.0,44.49019457976812,9.7,163.6057405567664,2.1,135.1,120.8,108.7,67.8,126.2,9.4,2.2,1.8,65.31522184733251,156.4,193.08715738651074,226.6027701605169,109.90503428663537,1.2,165.9,2.8,23.5,6.1,368.5,169.4,66.4,5.7,1.0,75.06671083727306,19.6,200.3,12.83613972379667,11.887822077991913,356.0,232.2,12.3,17.7,33.5,193.6,23.8,1.2,1.2,130.9,0.8,7.3,1.1,241.0,2.2,97.4,71.3,39.458323682920465,8.751445409273376,0.4075968936388276,2.7,58.6,90.0,0.6,128.0,7.6,72.9,85.1,69.0672537659669,9.4,0.46748536702219956,179.32697803358255,6.9,0.1,62.0,124.9,20.8,135.6,82.6,5.0,2.293422429438852,36.58762019478858,107.2,4.6,127.8,62.8,49.4,12.6,287.7,37.7,153.1,93.0,11.6,0.1,0.6,126.5,53.4,12.1,41.7,8.271795324702168,0.4857973078824959,27.2,0.1,0.1,0.2,135.49794623091864,14.6,175.8974237862265,11.1,40.3
90,125.1,88.2,76.2,200.96012588159147,168.0690890295787,264.1,114.5,260.6,195.7,221.13796817594547,361.0434981515794,253.9,349.7,320.84774024771673,146.2,255.5,101.0,282.8,291.4,480.2042049897667,188.73360837959586,148.74928280731234,311.18906081433687,137.8,251.25998749950372,141.4,152.0,369.4,220.8,121.7,259.0,105.6,411.3,256.1,138.15427152619512,282.68615192613055,149.1291009691005,236.5,195.7,86.0,250.1,244.6,214.1,245.42402609779538,339.9519234645766,325.0,716.6247513530997,324.2,101.5,148.4,202.93984865631722,78.4,163.6,506.2385128774908,275.8,204.9,205.44565009644262,110.6,169.3,405.9296970183293,128.5,135.0301213784994,282.6,86.9,25.8,634.5120238578255,201.5471180365667,291.7,208.3001068696472,264.4146395793488,264.8730366663361,1133.7,267.0,177.7,330.2,416.5,168.1,205.0,206.8584151953623,154.6603926115961,589.5,215.2,254.93855998701528,530.4769139700188,187.6,216.9,29.6,365.0,114.37174972890085,345.0,247.2,152.5,295.3030513163452,243.0,293.8,207.37877012902462,83.73081722024754,382.82467933413096,272.631425612785,200.24603643220237,279.5808960939626,132.9,84.4,254.6,429.0,270.5,147.2,105.8,90.8,231.5,323.1,148.2353336795352,302.4,186.4,151.3,72.73010443966056,806.4,278.9,335.2880693919011,419.8,93.4,117.8,284.0,257.2817413721226,267.6089798984504,188.1,249.1,161.7,226.0,267.2,201.4,283.8,263.1,111.4,209.94792757087583,91.5,141.528581490902,111.8,81.0,224.2,164.4,88.9,282.7,342.3,271.1,80.0,132.28817919247976,282.3,67.6,209.40462262745785,115.2,115.3,147.6,71.9,1.6,200.30619468291877,242.53620735198007,156.2,109.4,2.212855255655947,122.6,253.70759006799804,252.4,65.5,27.7,156.8,132.8,63.1,45.082840380991755,42.9,96.1346279721543,102.3,405.4,172.8,134.0,113.48619914848754,68.3,108.4,155.2,0.8,108.6,248.0,59.5,181.8946290334065,7.666783383907633,120.7,760.7900701579581,83.3,44.81685429072438,7.5,102.36497869877631,375.5615572564084,324.8156001725319,27.7,0.1,139.2,421.3648583131543,416.4,406.4,215.3,69.4,18.2,2.9,121.1,300.4,0.2,0.5,0.2,177.7,0.1,1.4515690790257252,0.1,0.1,0.2,0.6,1.0,9.2,577.5,188.08550302733914,13.0,517.8,1.4,170.5,3.084909866931584,121.0,42.765564384511784,9.7,155.1772493634256,2.1,135.1,120.8,108.7,67.8,126.2,9.4,2.2,1.8,54.331597287369505,156.4,178.3763377691067,282.5845088274939,112.8678973637943,1.2,165.9,2.8,23.5,6.1,368.5,169.4,66.4,5.7,1.0,70.93929017518704,19.6,200.3,14.218852392363154,12.368285720581854,356.0,232.2,12.3,17.7,33.5,193.6,23.8,1.2,1.2,130.9,0.8,7.3,1.1,241.0,2.2,97.4,71.3,43.51993099182957,9.198346357129836,0.5354225437025035,2.7,58.6,90.0,0.6,128.0,7.6,72.9,85.1,58.63631014450226,9.4,0.46566661006967636,183.0996978792431,6.9,0.1,62.0,124.9,20.8,135.6,82.6,5.0,2.6433471747509154,46.159565709591625,107.2,4.6,127.8,62.8,49.4,12.6,287.7,37.7,153.1,93.0,11.6,0.1,0.6,126.5,53.4,12.1,41.7,9.12178900318738,0.4942169039938726,27.2,0.1,0.1,0.2,185.78340044724868,14.6,145.96083488396874,11.1,40.3
91,125.1,88.2,76.2,261.9038567075037,155.75674286357133,264.1,114.5,260.6,195.7,228.8764139420469,393.5616915941312,253.9,349.7,226.17050846146782,146.2,255.5,101.0,282.8,291.4,465.00372462114194,211.13545420581943,145.31995725646422,344.4025739965651,137.8,299.44477633068647,141.4,152.0,369.4,220.8,121.7,259.0,105.6,411.3,256.1,155.35157166642185,236.85499442064403,168.22424300809948,236.5,195.7,86.0,250.1,244.6,214.1,314.9578469707054,280.12414882233963,325.0,668.250214432717,324.2,101.5,148.4,265.59166147882104,78.4,163.6,406.3899607440177,275.8,204.9,226.0579431450264,110.6,169.3,346.91248477458214,128.5,178.66599246448965,282.6,86.9,25.8,570.5242562276576,272.5752854606819,291.7,209.29331928080234,315.89078251007965,222.8269970785345,1133.7,267.0,177.7,330.2,416.5,168.1,205.0,178.25670365950282,141.53697930623682,589.5,215.2,279.1713894743516,382.7555311012624,187.6,216.9,29.6,365.0,124.5353656243438,345.0,247.2,152.5,286.39796065993426,243.0,293.8,171.55255470388326,92.02749234011904,408.0478740845986,204.59969392675583,206.4548113864177,302.1400726069488,132.9,84.4,254.6,429.0,270.5,147.2,105.8,90.8,231.5,323.1,174.95793146400732,302.4,186.4,151.3,77.8589466381996,806.4,278.9,399.3570754147106,419.8,93.4,117.8,284.0,270.3970388437686,269.5859437211533,188.1,249.1,161.7,226.0,267.2,201.4,283.8,263.1,111.4,164.91902719166566,91.5,109.88703399347527,111.8,81.0,224.2,164.4,88.9,282.7,342.3,271.1,80.0,154.9546393912442,282.3,67.6,168.20187134643984,115.2,115.3,147.6,71.9,1.6,270.2838265518068,271.63856243945935,156.2,109.4,2.4267554062517345,122.6,261.3329238242904,252.4,65.5,27.7,156.8,132.8,63.1,56.287348681825144,42.9,86.75122885145639,102.3,405.4,172.8,134.0,98.323642224751,68.3,108.4,155.2,0.8,108.6,248.0,59.5,224.10698373318743,6.772589793277537,120.7,835.2544651015403,83.3,45.65700175636585,7.5,107.2341507804853,376.62909309522865,263.82958430997644,27.7,0.1,139.2,494.85474368340806,416.4,406.4,215.3,69.4,18.2,2.9,121.1,300.4,0.2,0.5,0.2,177.7,0.1,1.7506846737191588,0.1,0.1,0.2,0.6,1.0,9.2,577.5,204.95917214081214,13.0,517.8,1.4,170.5,3.703488748855096,121.0,42.43649586747371,9.7,178.7444459140096,2.1,135.1,120.8,108.7,67.8,126.2,9.4,2.2,1.8,65.59088789103141,156.4,198.6974768181995,272.50959695276174,143.44154493191434,1.2,165.9,2.8,23.5,6.1,368.5,169.4,66.4,5.7,1.0,52.58258790428769,19.6,200.3,17.976425926849046,13.933853080079182,356.0,232.2,12.3,17.7,33.5,193.6,23.8,1.2,1.2,130.9,0.8,7.3,1.1,241.0,2.2,97.4,71.3,51.96638658261705,8.399977854975118,0.43037105041364604,2.7,58.6,90.0,0.6,128.0,7.6,72.9,85.1,71.55397569715932,9.4,0.3344303737630201,184.34235609044777,6.9,0.1,62.0,124.9,20.8,135.6,82.6,5.0,2.2912474431524235,41.38450685985161,107.2,4.6,127.8,62.8,49.4,12.6,287.7,37.7,153.1,93.0,11.6,0.1,0.6,126.5,53.4,12.1,41.7,8.662019427462319,0.6418881549883617,27.2,0.1,0.1,0.2,134.11029163475524,14.6,165.13643702548785,11.1,40.3
92,125.1,88.2,76.2,180.33676046268573,158.72262862851687,264.1,114.5,260.6,195.7,227.93981517623232,364.9773977435485,253.9,349.7,239.52380821468168,146.2,255.5,101.0,282.8,291.4,345.48395813139916,172.67618188401934,133.56490424410626,373.72871883585225,137.8,213.86647776675778,141.4,152.0,369.4,220.8,121.7,259.0,105.6,411.3,256.1,180.28726401764112,219.20991934209115,187.4113183851823,236.5,195.7,86.0,250.1,244.6,214.1,280.2627247102216,326.02637673649366,325.0,925.7608456798657,324.2,101.5,148.4,202.98062768162515,78.4,163.6,538.2075708496355,275.8,204.9,222.65313781142916,110.6,169.3,325.19899891972466,128.5,124.95994424230267,282.6,86.9,25.8,502.371286456346,277.19135835555994,291.7,166.10481568076344,247.90266070893153,280.5006935927221,1133.7,267.0,177.7,330.2,416.5,168.1,205.0,230.45096040561947,151.5704931020615,589.5,215.2,279.5113375587529,443.7381691224927,187.6,216.9,29.6,365.0,121.39018796334592,345.0,247.2,152.5,259.4754898864523,243.0,293.8,166.16271642967584,89.7707374541405,378.6407935169237,238.1869791997828,169.4218141319535,310.79762413765894,132.9,84.4,254.6,429.0,270.5,147.2,105.8,90.8,231.5,323.1,126.30841590246898,302.4,186.4,151.3,98.74843099248656,806.4,278.9,302.64816548812655,419.8,93.4,117.8,284.0,212.14925098418811,276.1080938806197,188.1,249.1,161.7,226.0,267.2,201.4,283.8,263.1,111.4,165.9506965292376,91.5,106.14839987558935,111.8,81.0,224.2,164.4,88.9,282.7,342.3,271.1,80.0,151.03482922074974,282.3,67.6,192.23189742720766,115.2,115.3,147.6,71.9,1.6,244.78313411950606,250.93316673770295,156.2,109.4,1.8042091479360785,122.6,237.34574130052613,252.4,65.5,27.7,156.8,132.8,63.1,44.49114238625022,42.9,77.54107469171147,102.3,405.4,172.8,134.0,89.93001754415177,68.3,108.4,155.2,0.8,108.6,248.0,59.5,230.94777017674176,9.701784982563801,120.7,767.3502681490015,83.3,48.07742445391261,7.5,94.86063310651201,290.5119221773158,331.8103622037114,27.7,0.1,139.2,456.6915720509431,416.4,406.4,215.3,69.4,18.2,2.9,121.1,300.4,0.2,0.5,0.2,177.7,0.1,1.9004704045196736,0.1,0.1,0.2,0.6,1.0,9.2,577.5,238.66541424740055,13.0,517.8,1.4,170.5,2.757155234855548,121.0,44.00259074690158,9.7,149.5084503106467,2.1,135.1,120.8,108.7,67.8,126.2,9.4,2.2,1.8,50.54512629399563,156.4,226.2876160583569,267.0469824202901,144.32030305238231,1.2,165.9,2.8,23.5,6.1,368.5,169.4,66.4,5.7,1.0,62.70668215998941,19.6,200.3,13.657625116322198,12.040477427882394,356.0,232.2,12.3,17.7,33.5,193.6,23.8,1.2,1.2,130.9,0.8,7.3,1.1,241.0,2.2,97.4,71.3,41.66136258997482,7.428395114750321,0.5025633977273828,2.7,58.6,90.0,0.6,128.0,7.6,72.9,85.1,54.25903270068365,9.4,0.38692351720547535,200.54754189322855,6.9,0.1,62.0,124.9,20.8,135.6,82.6,5.0,2.614365738093629,40.50288865069698,107.2,4.6,127.8,62.8,49.4,12.6,287.7,37.7,153.1,93.0,11.6,0.1,0.6,126.5,53.4,12.1,41.7,7.688549113046951,0.6777818931296193,27.2,0.1,0.1,0.2,148.9758477962605,14.6,160.3685411823265,11.1,40.3
93,125.1,88.2,76.2,262.836209144412,157.1023017914054,264.1,114.5,260.6,195.7,202.42600183650626,395.97247050521906,253.9,349.7,312.2979571495844,146.2,255.5,101.0,282.8,291.4,343.4203982440148,252.3085599082352,146.94480577084525,327.21371808456973,137.8,243.48106818396852,141.4,152.0,369.4,220.8,121.7,259.0,105.6,411.3,256.1,150.71783697198038,231.8868311877008,196.12962456938993,236.5,195.7,86.0,250.1,244.6,214.1,328.1350369136502,279.0426741317844,325.0,847.9491543084557,324.2,101.5,148.4,234.33328883742428,78.4,163.6,475.51841808306597,275.8,204.9,249.43976831733042,110.6,169.3,317.9557033336159,128.5,132.16097742384684,282.6,86.9,25.8,655.1195142723311,194.70514361441005,291.7,194.09750210907737,262.7806036823625,283.1065833239154,1133.7,267.0,177.7,330.2,416.5,168.1,205.0,205.18256608295513,118.30352921089127,589.5,215.2,246.26668610054992,434.7312599936704,187.6,216.9,29.6,365.0,104.86787294057524,345.0,247.2,152.5,236.0348032745179,243.0,293.8,195.40049523619902,81.50269818750766,428.1421945282359,281.0310638009678,175.63554971152357,371.1751476251938,132.9,84.4,254.6,429.0,270.5,147.2,105.8,90.8,231.5,323.1,154.2100586586002,302.4,186.4,151.3,73.91835565618831,806.4,278.9,365.2566822216405,419.8,93.4,117.8,284.0,240.67467740632603,246.3914813653282,188.1,249.1,161.7,226.0,267.2,201.4,283.8,263.1,111.4,224.39332073565424,91.5,121.17449922928554,111.8,81.0,224.2,164.4,88.9,282.7,342.3,271.1,80.0,146.8374233678107,282.3,67.6,184.54362124121116,115.2,115.3,147.6,71.9,1.6,250.34602244830205,287.5502310545842,156.2,109.4,2.480286882556152,122.6,307.0172395276321,252.4,65.5,27.7,156.8,132.8,63.1,57.84751125124069,42.9,76.38209453848935,102.3,405.4,172.8,134.0,85.86979032938059,68.3,108.4,155.2,0.8,108.6,248.0,59.5,176.91753627333046,9.3638823124742,120.7,651.3816900683651,83.3,45.44506976229576,7.5,97.72470048674461,290.1018266630401,314.0340959930556,27.7,0.1,139.2,472.73820498759403,416.4,406.4,215.3,69.4,18.2,2.9,121.1,300.4,0.2,0.5,0.2,177.7,0.1,1.8684785795882002,0.1,0.1,0.2,0.6,1.0,9.2,577.5,240.201127078313,13.0,517.8,1.4,170.5,2.8427883503645224,121.0,30.819730588749458,9.7,131.18906592416957,2.1,135.1,120.8,108.7,67.8,126.2,9.4,2.2,1.8,72.68049459263531,156.4,181.1480083234347,278.6010986365301,110.275485309749,1.2,165.9,2.8,23.5,6.1,368.5,169.4,66.4,5.7,1.0,66.44203749582984,19.6,200.3,17.402443057795264,15.045773357644475,356.0,232.2,12.3,17.7,33.5,193.6,23.8,1.2,1.2,130.9,0.8,7.3,1.1,241.0,2.2,97.4,71.3,45.40632549829605,8.655935458560718,0.5580701384121299,2.7,58.6,90.0,0.6,128.0,7.6,72.9,85.1,54.14999706140553,9.4,0.38861485965650827,169.75625495728008,6.9,0.1,62.0,124.9,20.8,135.6,82.6,5.0,2.8122242699673596,35.527844690040624,107.2,4.6,127.8,62.8,49.4,12.6,287.7,37.7,153.1,93.0,11.6,0.1,0.6,126.5,53.4,12.1,41.7,9.142558373512648,0.48246395611271253,27.2,0.1,0.1,0.2,153.07728204378606,14.6,137.88144302257746,11.1,40.3
94,125.1,88.2,76.2,185.82288987892392,132.9696869989133,264.1,114.5,260.6,195.7,169.18186272622154,416.297915602647,253.9,349.7,273.5214724544352,146.2,255.5,101.0,282.8,291.4,353.9624655423781,191.7418657416579,171.104904969421,372.309121622993,137.8,268.73836536540836,141.4,152.0,369.4,220.8,121.7,259.0,105.6,411.3,256.1,182.66276769412718,246.39984744238217,146.83651428848958,236.5,195.7,86.0,250.1,244.6,214.1,283.01407248494974,296.1655141855688,325.0,782.2217380150745,324.2,101.5,148.4,226.60198762365712,78.4,163.6,417.3562636575207,275.8,204.9,239.97234877420735,110.6,169.3,425.38442978510136,128.5,137.8676791777308,282.6,86.9,25.8,508.86884750895746,281.85988078046995,291.7,177.8144495924716,307.3067243314308,297.31559821661045,1133.7,267.0,177.7,330.2,416.5,168.1,205.0,164.1349062955992,128.95970671562486,589.5,215.2,218.7255498844083,509.2886500722808,187.6,216.9,29.6,365.0,104.96952575025362,345.0,247.2,152.5,294.79038953212324,243.0,293.8,180.48185695357753,106.88343919240239,429.07982453892174,269.71366026101026,193.32114192438843,295.5425433020725,132.9,84.4,254.6,429.0,270.5,147.2,105.8,90.8,231.5,323.1,138.9042893557799,302.4,186.4,151.3,96.33977435428937,806.4,278.9,333.49643024575386,419.8,93.4,117.8,284.0,250.31753182765073,257.7342659157699,188.1,249.1,161.7,226.0,267.2,201.4,283.8,263.1,111.4,208.39577973434825,91.5,137.33391477806222,111.8,81.0,224.2,164.4,88.9,282.7,342.3,271.1,80.0,125.25740948734668,282.3,67.6,167.59679791499946,115.2,115.3,147.6,71.9,1.6,219.71330871323153,214.60967325981795,156.2,109.4,2.496088889515176,122.6,314.30916641892577,252.4,65.5,27.7,156.8,132.8,63.1,49.89179740880862,42.9,81.20345521478997,102.3,405.4,172.8,134.0,84.67841696268812,68.3,108.4,155.2,0.8,108.6,248.0,59.5,240.63681116141117,6.906911317278093,120.7,739.0793414675929,83.3,38.11263429327745,7.5,94.99349794308692,374.36728503580304,300.49467875556087,27.7,0.1,139.2,384.50245204366365,416.4,406.4,215.3,69.4,18.2,2.9,121.1,300.4,0.2,0.5,0.2,177.7,0.1,1.4187560197660165,0.1,0.1,0.2,0.6,1.0,9.2,577.5,247.84289520114731,13.0,517.8,1.4,170.5,2.729076684540271,121.0,37.00376724103207,9.7,183.40007337328836,2.1,135.1,120.8,108.7,67.8,126.2,9.4,2.2,1.8,68.02598701951204,156.4,224.9298855403813,287.5643861770684,148.21583530262285,1.2,165.9,2.8,23.5,6.1,368.5,169.4,66.4,5.7,1.0,65.66943805632135,19.6,200.3,14.025945820248152,11.84006558202475,356.0,232.2,12.3,17.7,33.5,193.6,23.8,1.2,1.2,130.9,0.8,7.3,1.1,241.0,2.2,97.4,71.3,54.76530439434797,8.086945723208368,0.45319915194536037,2.7,58.6,90.0,0.6,128.0,7.6,72.9,85.1,55.95110386334902,9.4,0.4525134946266697,147.81800521941798,6.9,0.1,62.0,124.9,20.8,135.6,82.6,5.0,2.8117900319163667,42.53972758509788,107.2,4.6,127.8,62.8,49.4,12.6,287.7,37.7,153.1,93.0,11.6,0.1,0.6,126.5,53.4,12.1,41.7,7.337868306021072,0.6924666917693983,27.2,0.1,0.1,0.2,149.36186183658353,14.6,154.17033581746716,11.1,40.3
95,125.1,88.2,76.2,209.2715806749631,164.6395287912414,264.1,114.5,260.6,195.7,175.75161203324333,379.6321146568088,253.9,349.7,275.6844799036665,146.2,255.5,101.0,282.8,291.4,410.89020586257857,224.16531997997686,161.8057385331131,361.74362185905744,137.8,218.14311924811201,141.4,152.0,369.4,220.8,121.7,259.0,105.6,411.3,256.1,161.28388177351405,269.29831742692767,154.25444156827058,236.5,195.7,86.0,250.1,244.6,214.1,340.2346844126009,250.95762516832926,325.0,664.1708066905354,324.2,101.5,148.4,283.5817554496606,78.4,163.6,408.28492765807925,275.8,204.9,217.57280558394783,110.6,169.3,317.82447516673113,128.5,175.14914806695094,282.6,86.9,25.8,589.1637219447155,279.2651270436529,291.7,161.66872260287022,295.4988547937978,297.6131856650348,1133.7,267.0,177.7,330.2,416.5,168.1,205.0,171.39107928535412,127.67174049981027,589.5,215.2,237.83910699956257,451.870207007339,187.6,216.9,29.6,365.0,95.46849468475139,345.0,247.2,152.5,281.5942664220169,243.0,293.8,213.8840197410458,109.36088038210045,394.69607828282705,212.11235694372388,169.25283854748702,296.99638538226867,132.9,84.4,254.6,429.0,270.5,147.2,105.8,90.8,231.5,323.1,146.16098884080165,302.4,186.4,151.3,99.2987930433863,806.4,278.9,392.9391187105962,419.8,93.4,117.8,284.0,277.4731456254122,246.35568193625744,188.1,249.1,161.7,226.0,267.2,201.4,283.8,263.1,111.4,236.4586524758467,91.5,127.57203027862343,111.8,81.0,224.2,164.4,88.9,282.7,342.3,271.1,80.0,155.52514141043113,282.3,67.6,188.44855861360654,115.2,115.3,147.6,71.9,1.6,207.78077759567256,276.9255986126193,156.2,109.4,1.7316853089421882,122.6,290.72487603486593,252.4,65.5,27.7,156.8,132.8,63.1,42.78841516214922,42.9,98.57267718306372,102.3,405.4,172.8,134.0,102.29257627128487,68.3,108.4,155.2,0.8,108.6,248.0,59.5,180.21267463857558,7.580898565072925,120.7,762.3424614915562,83.3,44.22075601997406,7.5,125.20181571419381,325.4077794732415,294.20175913615634,27.7,0.1,139.2,479.56701937546546,416.4,406.4,215.3,69.4,18.2,2.9,121.1,300.4,0.2,0.5,0.2,177.7,0.1,1.32778615706204,0.1,0.1,0.2,0.6,1.0,9.2,577.5,181.93258378548,13.0,517.8,1.4,170.5,3.280629635164424,121.0,30.684958208864586,9.7,176.93357292666357,2.1,135.1,120.8,108.7,67.8,126.2,9.4,2.2,1.8,54.85725996693509,156.4,162.3451354738352,250.8249485838103,104.11991915370135,1.2,165.9,2.8,23.5,6.1,368.5,169.4,66.4,5.7,1.0,55.27012279488898,19.6,200.3,16.019453756971764,12.767738327838206,356.0,232.2,12.3,17.7,33.5,193.6,23.8,1.2,1.2,130.9,0.8,7.3,1.1,241.0,2.2,97.4,71.3,38.01749421777566,7.501317773010052,0.5240055221202679,2.7,58.6,90.0,0.6,128.0,7.6,72.9,85.1,60.436063867619836,9.4,0.4576103804619629,181.5925982133021,6.9,0.1,62.0,124.9,20.8,135.6,82.6,5.0,1.9744249636953115,34.72614910964522,107.2,4.6,127.8,62.8,49.4,12.6,287.7,37.7,153.1,93.0,11.6,0.1,0.6,126.5,53.4,12.1,41.7,7.096212598271129,0.6703165352808718,27.2,0.1,0.1,0.2,126.71715603004027,14.6,161.0475460733425,11.1,40.3
96,125.1,88.2,76.2,247.26592138629283,161.12840355040498,264.1,114.5,260.6,195.7,216.56338474990872,432.08801145642695,253.9,349.7,284.69685768022805,146.2,255.5,101.0,282.8,291.4,367.6062850949703,243.25196725639185,183.84410780815136,363.75513919192485,137.8,283.2199326561178,141.4,152.0,369.4,220.8,121.7,259.0,105.6,411.3,256.1,164.63991760382922,270.5570101281136,138.60211521752365,236.5,195.7,86.0,250.1,244.6,214.1,327.12675275345026,288.1699486465666,325.0,713.1744696018903,324.2,101.5,148.4,222.32675682240588,78.4,163.6,514.3957180745296,275.8,204.9,188.75940858921663,110.6,169.3,336.4605924445118,128.5,163.47406316421598,282.6,86.9,25.8,602.6600892070526,228.8182175316324,291.7,217.77774257230072,335.8739674211563,291.0584940391253,1133.7,267.0,177.7,330.2,416.5,168.1,205.0,217.04291330168408,114.11384122986624,589.5,215.2,252.6571784436567,477.02786640013284,187.6,216.9,29.6,365.0,115.69904681912968,345.0,247.2,152.5,295.8107855207252,243.0,293.8,226.8215510562435,99.73498779269124,337.25402709080674,190.65498236073483,187.78797091776033,266.1123838245067,132.9,84.4,254.6,429.0,270.5,147.2,105.8,90.8,231.5,323.1,153.3119474285496,302.4,186.4,151.3,74.26293645170541,806.4,278.9,294.9770413258017,419.8,93.4,117.8,284.0,215.63025146834448,225.07962255606458,188.1,249.1,161.7,226.0,267.2,201.4,283.8,263.1,111.4,195.64440060168127,91.5,122.88712136350493,111.8,81.0,224.2,164.4,88.9,282.7,342.3,271.1,80.0,160.48999748409685,282.3,67.6,175.40716420958856,115.2,115.3,147.6,71.9,1.6,238.90841110964567,251.1337217457542,156.2,109.4,2.1855241400969163,122.6,227.98068462708184,252.4,65.5,27.7,156.8,132.8,63.1,46.28886798635181,42.9,95.80607486865723,102.3,405.4,172.8,134.0,84.27254588926434,68.3,108.4,155.2,0.8,108.6,248.0,59.5,190.93615978278078,9.17100510667639,120.7,601.6075753747261,83.3,46.64632739220595,7.5,112.74090100455894,364.23214643221246,282.5884036165174,27.7,0.1,139.2,462.37050147665445,416.4,406.4,215.3,69.4,18.2,2.9,121.1,300.4,0.2,0.5,0.2,177.7,0.1,1.6360033796299447,0.1,0.1,0.2,0.6,1.0,9.2,577.5,236.53906392718014,13.0,517.8,1.4,170.5,2.7345076833257846,121.0,35.481514175489245,9.7,143.50574852838787,2.1,135.1,120.8,108.7,67.8,126.2,9.4,2.2,1.8,64.23590435213113,156.4,226.84287877911254,225.82101343640016,125.11037849727056,1.2,165.9,2.8,23.5,6.1,368.5,169.4,66.4,5.7,1.0,55.42859267997611,19.6,200.3,15.344673953218223,10.606183117237938,356.0,232.2,12.3,17.7,33.5,193.6,23.8,1.2,1.2,130.9,0.8,7.3,1.1,241.0,2.2,97.4,71.3,51.99675877026958,7.874064714318073,0.41133658755438224,2.7,58.6,90.0,0.6,128.0,7.6,72.9,85.1,68.08365000539878,9.4,0.38201185813078053,196.3366950857269,6.9,0.1,62.0,124.9,20.8,135.6,82.6,5.0,2.7177851610448522,42.58176097923111,107.2,4.6,127.8,62.8,49.4,12.6,287.7,37.7,153.1,93.0,11.6,0.1,0.6,126.5,53.4,12.1,41.7,8.190353750668407,0.6589530287483716,27.2,0.1,0.1,0.2,186.25711074006787,14.6,156.74825605462198,11.1,40.3
97,125.1,88.2,76.2,225.75706691470393,177.28338390583772,264.1,114.5,260.6,195.7,205.73407692577945,354.6704622117972,253.9,349.7,298.5796837188749,146.2,255.5,101.0,282.8,291.4,361.32803659358774,255.57277778074666,185.9496251525993,308.0457015848473,137.8,299.7935426411591,141.4,152.0,369.4,220.8,121.7,259.0,105.6,411.3,256.1,160.5883606647967,282.4664409245473,146.19133105338446,236.5,195.7,86.0,250.1,244.6,214.1,318.52017484765315,368.6598173854112,325.0,878.6687290592046,324.2,101.5,148.4,246.96535126113605,78.4,163.6,480.6199589222038,275.8,204.9,189.97367533750688,110.6,169.3,361.32692111052216,128.5,138.617259892109,282.6,86.9,25.8,645.234070391959,249.0954981748465,291.7,213.32228702364347,316.1356343751081,240.21171632958226,1133.7,267.0,177.7,330.2,416.5,168.1,205.0,196.92358142940205,108.44374405622584,589.5,215.2,278.2950221959021,451.2930518754731,187.6,216.9,29.6,365.0,100.72711505991013,345.0,247.2,152.5,229.2148419899138,243.0,293.8,196.8518009515688,76.9691308641981,365.85439434072464,231.29940568902416,148.37414794200492,387.06192520598586,132.9,84.4,254.6,429.0,270.5,147.2,105.8,90.8,231.5,323.1,153.646625231424,302.4,186.4,151.3,95.29163373973454,806.4,278.9,396.5391107234761,419.8,93.4,117.8,284.0,295.5301594609662,236.01407299879662,188.1,249.1,161.7,226.0,267.2,201.4,283.8,263.1,111.4,184.07976703520515,91.5,121.82885959583176,111.8,81.0,224.2,164.4,88.9,282.7,342.3,271.1,80.0,132.1874188743536,282.3,67.6,220.41032415378123,115.2,115.3,147.6,71.9,1.6,243.7857145431575,216.8703594519908,156.2,109.4,2.006354520783418,122.6,286.32033259904273,252.4,65.5,27.7,156.8,132.8,63.1,45.63696212157062,42.9,77.46081997341136,102.3,405.4,172.8,134.0,113.96148480876408,68.3,108.4,155.2,0.8,108.6,248.0,59.5,172.90932440670815,8.448291162216874,120.7,635.4913475867412,83.3,47.86216566416522,7.5,116.59676341777501,320.3905316007715,257.48263279841757,27.7,0.1,139.2,462.1351382869267,416.4,406.4,215.3,69.4,18.2,2.9,121.1,300.4,0.2,0.5,0.2,177.7,0.1,1.396184304249608,0.1,0.1,0.2,0.6,1.0,9.2,577.5,233.7578389003281,13.0,517.8,1.4,170.5,3.1289919858810133,121.0,40.21445882762835,9.7,146.4079798105005,2.1,135.1,120.8,108.7,67.8,126.2,9.4,2.2,1.8,60.448587796097684,156.4,221.97223778848036,278.29372026675924,128.11774537689024,1.2,165.9,2.8,23.5,6.1,368.5,169.4,66.4,5.7,1.0,56.52810567850187,19.6,200.3,14.690876539646492,13.405461234914169,356.0,232.2,12.3,17.7,33.5,193.6,23.8,1.2,1.2,130.9,0.8,7.3,1.1,241.0,2.2,97.4,71.3,50.72491279890474,7.481306686559483,0.5378180900311976,2.7,58.6,90.0,0.6,128.0,7.6,72.9,85.1,62.300057660405066,9.4,0.38353531495616155,146.01499756315167,6.9,0.1,62.0,124.9,20.8,135.6,82.6,5.0,2.3911465727855203,40.524028713314834,107.2,4.6,127.8,62.8,49.4,12.6,287.7,37.7,153.1,93.0,11.6,0.1,0.6,126.5,53.4,12.1,41.7,7.640012523132537,0.48172234701471567,27.2,0.1,0.1,0.2,174.24752514830226,14.6,149.05436118648015,11.1,40.3
98,125.1,88.2,76.2,260.56170218158024,142.95945320587032,264.1,114.5,260.6,195.7,204.34981589351153,422.7883917177477,253.9,349.7,236.06446209472065,146.2,255.5,101.0,282.8,291.4,372.95646065100107,215.919942138493,163.05623817533723,352.9879319050251,137.8,231.2276806818021,141.4,152.0,369.4,220.8,121.7,259.0,105.6,411.3,256.1,159.93519102350473,232.75706700098831,151.952059567167,236.5,195.7,86.0,250.1,244.6,214.1,343.08706526265917,249.91991368035974,325.0,799.5717597917244,324.2,101.5,148.4,227.5924678405359,78.4,163.6,428.45522958726445,275.8,204.9,258.63201504491684,110.6,169.3,389.0542309881438,128.5,175.82539211908608,282.6,86.9,25.8,536.9448933790394,232.54924311272606,291.7,165.90191772803263,237.77986006806609,216.33359574323623,1133.7,267.0,177.7,330.2,416.5,168.1,205.0,202.70352711898164,133.43988290476037,589.5,215.2,193.3218646438237,492.5881729794859,187.6,216.9,29.6,365.0,109.76822813987033,345.0,247.2,152.5,216.58221784156487,243.0,293.8,165.35497272578337,91.22328296321342,301.4779824334572,190.98344612647136,148.38736922539488,318.6900465394552,132.9,84.4,254.6,429.0,270.5,147.2,105.8,90.8,231.5,323.1,164.16112923309402,302.4,186.4,151.3,103.62291506110014,806.4,278.9,284.02029626191904,419.8,93.4,117.8,284.0,299.86093103956745,215.72043649616919,188.1,249.1,161.7,226.0,267.2,201.4,283.8,263.1,111.4,173.84464004888338,91.5,101.2101198387679,111.8,81.0,224.2,164.4,88.9,282.7,342.3,271.1,80.0,133.25152097163777,282.3,67.6,177.38752312665656,115.2,115.3,147.6,71.9,1.6,276.5380466466597,259.6801589856286,156.2,109.4,1.9028326433120497,122.6,277.73104697161847,252.4,65.5,27.7,156.8,132.8,63.1,54.53740477441626,42.9,87.77279722926718,102.3,405.4,172.8,134.0,91.18977692284972,68.3,108.4,155.2,0.8,108.6,248.0,59.5,246.1969696432393,8.42522575676911,120.7,804.9158070405547,83.3,42.54538926080548,7.5,115.54311731803645,321.42236558822196,287.7664250707424,27.7,0.1,139.2,400.31384834536107,416.4,406.4,215.3,69.4,18.2,2.9,121.1,300.4,0.2,0.5,0.2,177.7,0.1,1.7062714068315898,0.1,0.1,0.2,0.6,1.0,9.2,577.5,241.85335934287787,13.0,517.8,1.4,170.5,2.690157424202115,121.0,38.05618284964003,9.7,144.31797791762034,2.1,135.1,120.8,108.7,67.8,126.2,9.4,2.2,1.8,51.28579074444948,156.4,179.43309988669452,238.08212754995122,116.54924443886419,1.2,165.9,2.8,23.5,6.1,368.5,169.4,66.4,5.7,1.0,66.97065898336356,19.6,200.3,13.51155387903841,14.601527265755337,356.0,232.2,12.3,17.7,33.5,193.6,23.8,1.2,1.2,130.9,0.8,7.3,1.1,241.0,2.2,97.4,71.3,50.32910553646325,9.415299365619637,0.520558131302906,2.7,58.6,90.0,0.6,128.0,7.6,72.9,85.1,54.0628506152885,9.4,0.3740316987875454,167.19024514191364,6.9,0.1,62.0,124.9,20.8,135.6,82.6,5.0,2.2888505927668374,33.314542011918306,107.2,4.6,127.8,62.8,49.4,12.6,287.7,37.7,153.1,93.0,11.6,0.1,0.6,126.5,53.4,12.1,41.7,8.575817371218951,0.686063912629358,27.2,0.1,0.1,0.2,135.69585435256866,14.6,150.24699546572018,11.1,40.3
99,125.1,88.2,76.2,248.92653856590798,134.55104222352892,264.1,114.5,260.6,195.7,237.7253404583248,333.5512792445081,253.9,349.7,275.402467026293,146.2,255.5,101.0,282.8,291.4,478.5065651301909,206.16890111550055,136.44344143331958,274.9985038614413,137.8,273.3485402634589,141.4,152.0,369.4,220.8,121.7,259.0,105.6,411.3,256.1,187.1775008699226,192.44176170120707,175.4521143347505,236.5,195.7,86.0,250.1,244.6,214.1,343.90069333688706,272.3433165252949,325.0,818.280385426674,324.2,101.5,148.4,195.83204660619631,78.4,163.6,450.4852245662855,275.8,204.9,236.33949821346198,110.6,169.3,365.22705604608007,128.5,161.53055876218858,282.6,86.9,25.8,515.078503675177,273.4043586579136,291.7,154.66832988209794,263.92056575351677,288.9464770760791,1133.7,267.0,177.7,330.2,416.5,168.1,205.0,181.68722301070116,109.07575868264637,589.5,215.2,212.3554392297792,407.09501253790046,187.6,216.9,29.6,365.0,101.16642066246285,345.0,247.2,152.5,283.59680168475376,243.0,293.8,185.9393768621309,97.74172842283119,300.73318530491645,232.41720286804605,185.62065608021936,325.06704696651616,132.9,84.4,254.6,429.0,270.5,147.2,105.8,90.8,231.5,323.1,159.8796349845919,302.4,186.4,151.3,102.05446828711318,806.4,278.9,344.2793592500751,419.8,93.4,117.8,284.0,205.8918784983182,267.3988248478831,188.1,249.1,161.7,226.0,267.2,201.4,283.8,263.1,111.4,171.5872839585744,91.5,107.5064242558191,111.8,81.0,224.2,164.4,88.9,282.7,342.3,271.1,80.0,172.02079877181424,282.3,67.6,186.6676811218892,115.2,115.3,147.6,71.9,1.6,287.11890537559765,304.6415637659163,156.2,109.4,1.8570482435310265,122.6,301.5214178671825,252.4,65.5,27.7,156.8,132.8,63.1,42.15461054012775,42.9,92.0230588070977,102.3,405.4,172.8,134.0,100.22346722193151,68.3,108.4,155.2,0.8,108.6,248.0,59.5,167.7869167524296,6.775872867580777,120.7,846.0072922904947,83.3,50.33890252634096,7.5,96.28291525517498,324.462021800431,252.02521644122163,27.7,0.1,139.2,457.08081725193404,416.4,406.4,215.3,69.4,18.2,2.9,121.1,300.4,0.2,0.5,0.2,177.7,0.1,1.4369144474878943,0.1,0.1,0.2,0.6,1.0,9.2,577.5,244.68443865058322,13.0,517.8,1.4,170.5,3.601921239655595,121.0,44.74128949311191,9.7,161.20558427427156,2.1,135.1,120.8,108.7,67.8,126.2,9.4,2.2,1.8,62.69378803945441,156.4,199.77067237286514,236.62198875591423,125.79230409902522,1.2,165.9,2.8,23.5,6.1,368.5,169.4,66.4,5.7,1.0,54.373760025584055,19.6,200.3,13.102240535872529,12.101772275722182,356.0,232.2,12.3,17.7,33.5,193.6,23.8,1.2,1.2,130.9,0.8,7.3,1.1,241.0,2.2,97.4,71.3,50.22938426495655,8.853441159483522,0.44425004496014503,2.7,58.6,90.0,0.6,128.0,7.6,72.9,85.1,70.30115712901625,9.4,0.47311094156234657,198.12503770686848,6.9,0.1,62.0,124.9,20.8,135.6,82.6,5.0,2.619578456095955,32.922745163423286,107.2,4.6,127.8,62.8,49.4,12.6,287.7,37.7,153.1,93.0,11.6,0.1,0.6,126.5,53.4,12.1,41.7,7.39818165955508,0.696078848278409,27.2,0.1,0.1,0.2,161.20910195824223,14.6,122.24137458581266,11.1,40.3
100,125.1,88.2,76.2,204.550890135967,176.36487523883596,264.1,114.5,260.6,195.7,200.74767513725516,375.25965658261873,253.9,349.7,287.23207438062036,146.2,255.5,101.0,282.8,291.4,390.62344837560744,233.20941572533573,150.26109728875463,291.5235353710681,137.8,277.6448054396481,141.4,152.0,369.4,220.8,121.7,259.0,105.6,411.3,256.1,140.7866696035185,189.464801328223,174.831231214894,236.5,195.7,86.0,250.1,244.6,214.1,245.70944071144666,368.427935848937,325.0,683.6833332083871,324.2,101.5,148.4,206.29562893172448,78.4,163.6,478.80694197675643,275.8,204.9,205.52012803350354,110.6,169.3,331.7804285532425,128.5,173.18394373418192,282.6,86.9,25.8,628.7838963179427,193.43512484771406,291.7,183.9396838135371,296.3668583038918,269.3302817847149,1133.7,267.0,177.7,330.2,416.5,168.1,205.0,171.4732045985254,155.31485345176313,589.5,215.2,249.92235062030556,435.9034128082852,187.6,216.9,29.6,365.0,125.36351982945828,345.0,247.2,152.5,253.59509387370514,243.0,293.8,191.80512142107466,99.22453023113731,356.68752191162355,253.6459036080024,184.1115173901796,298.8844106327162,132.9,84.4,254.6,429.0,270.5,147.2,105.8,90.8,231.5,323.1,158.67441688017556,302.4,186.4,151.3,71.02079441358802,806.4,278.9,387.0352973059586,419.8,93.4,117.8,284.0,248.89670268521215,276.07772232207816,188.1,249.1,161.7,226.0,267.2,201.4,283.8,263.1,111.4,178.89886523761317,91.5,108.31993985858315,111.8,81.0,224.2,164.4,88.9,282.7,342.3,271.1,80.0,139.87706102411846,282.3,67.6,173.75766787906235,115.2,115.3,147.6,71.9,1.6,240.99582066640093,303.5306624311098,156.2,109.4,2.1834330311798036,122.6,307.11816177029317,252.4,65.5,27.7,156.8,132.8,63.1,54.67448738779631,42.9,84.70116677109192,102.3,405.4,172.8,134.0,107.92965545414108,68.3,108.4,155.2,0.8,108.6,248.0,59.5,240.198885436563,9.065680154976867,120.7,662.5628502287719,83.3,38.05199757029131,7.5,130.3895872917103,322.961777217474,355.0897527896162,27.7,0.1,139.2,338.3558844907575,416.4,406.4,215.3,69.4,18.2,2.9,121.1,300.4,0.2,0.5,0.2,177.7,0.1,1.315420763027775,0.1,0.1,0.2,0.6,1.0,9.2,577.5,188.3067469427354,13.0,517.8,1.4,170.5,2.6318251705432507,121.0,35.04443359673242,9.7,164.62260573826296,2.1,135.1,120.8,108.7,67.8,126.2,9.4,2.2,1.8,62.24690986037737,156.4,215.57555684055922,291.4827311934946,113.07347886551136,1.2,165.9,2.8,23.5,6.1,368.5,169.4,66.4,5.7,1.0,53.001598014303596,19.6,200.3,12.268397130694494,14.378393499560655,356.0,232.2,12.3,17.7,33.5,193.6,23.8,1.2,1.2,130.9,0.8,7.3,1.1,241.0,2.2,97.4,71.3,47.498622755899845,7.515483540430195,0.46359437677967696,2.7,58.6,90.0,0.6,128.0,7.6,72.9,85.1,58.30870507454433,9.4,0.4728342615287144,175.60453327141101,6.9,0.1,62.0,124.9,20.8,135.6,82.6,5.0,2.4817602899007793,35.67350891748601,107.2,4.6,127.8,62.8,49.4,12.6,287.7,37.7,153.1,93.0,11.6,0.1,0.6,126.5,53.4,12.1,41.7,10.109903377268887,0.5860401904568457,27.2,0.1,0.1,0.2,174.82473605751437,14.6,150.52974890639896,11.1,40.3
101,125.1,88.2,76.2,217.6891392671184,138.17873913656135,264.1,114.5,260.6,195.7,176.26967006179652,338.1730606004494,253.9,349.7,304.8336514999698,146.2,255.5,101.0,282.8,291.4,484.8498924577261,233.34393528841767,179.82428098208135,304.64869187849297,137.8,286.43056698657796,141.4,152.0,369.4,220.8,121.7,259.0,105.6,411.3,256.1,143.72456605537226,246.2042833550248,195.2034444406707,236.5,195.7,86.0,250.1,244.6,214.1,266.84308592102303,302.66761115832696,325.0,874.6789376824713,324.2,101.5,148.4,261.6442726736732,78.4,163.6,374.00156010924246,275.8,204.9,222.41041040776588,110.6,169.3,358.65662970786394,128.5,124.73092483811101,282.6,86.9,25.8,619.4371667477521,215.84807343982925,291.7,213.69406412075847,255.6076361087509,286.17206351114686,1133.7,267.0,177.7,330.2,416.5,168.1,205.0,232.6048564471761,105.92960711251162,589.5,215.2,262.77021939031715,390.0271456342111,187.6,216.9,29.6,365.0,93.8714385238638,345.0,247.2,152.5,220.35597070514856,243.0,293.8,163.06151687101504,104.0126141593529,379.5843048265726,226.9200698179378,156.4592642624563,277.5262592278851,132.9,84.4,254.6,429.0,270.5,147.2,105.8,90.8,231.5,323.1,149.99930631208764,302.4,186.4,151.3,96.87953258958753,806.4,278.9,300.34927828313744,419.8,93.4,117.8,284.0,248.7561736383707,236.60876139097735,188.1,249.1,161.7,226.0,267.2,201.4,283.8,263.1,111.4,229.7442950584021,91.5,105.99933022909283,111.8,81.0,224.2,164.4,88.9,282.7,342.3,271.1,80.0,167.6573650787375,282.3,67.6,212.41444029343987,115.2,115.3,147.6,71.9,1.6,257.2242245482047,259.1936518141307,156.2,109.4,1.9976682345040628,122.6,232.63435544593563,252.4,65.5,27.7,156.8,132.8,63.1,46.942660359856006,42.9,97.23045283782108,102.3,405.4,172.8,134.0,110.51555602528575,68.3,108.4,155.2,0.8,108.6,248.0,59.5,176.12566162172521,9.331880436048838,120.7,650.5417108736165,83.3,51.13018136694221,7.5,122.29847745254759,264.0589442108971,330.96242366455897,27.7,0.1,139.2,419.9948110940086,416.4,406.4,215.3,69.4,18.2,2.9,121.1,300.4,0.2,0.5,0.2,177.7,0.1,1.7775370322990343,0.1,0.1,0.2,0.6,1.0,9.2,577.5,223.77872301714027,13.0,517.8,1.4,170.5,3.1504282486249586,121.0,41.372500034861666,9.7,162.22421096798095,2.1,135.1,120.8,108.7,67.8,126.2,9.4,2.2,1.8,65.29561641536586,156.4,218.38984346639285,290.96077672445614,123.36255864838755,1.2,165.9,2.8,23.5,6.1,368.5,169.4,66.4,5.7,1.0,71.04461001942408,19.6,200.3,17.320664745592403,14.466942035836393,356.0,232.2,12.3,17.7,33.5,193.6,23.8,1.2,1.2,130.9,0.8,7.3,1.1,241.0,2.2,97.4,71.3,46.09260745808328,8.688754657599937,0.5026947574139161,2.7,58.6,90.0,0.6,128.0,7.6,72.9,85.1,56.40673574560413,9.4,0.38253172346763004,163.00127690168637,6.9,0.1,62.0,124.9,20.8,135.6,82.6,5.0,2.141838536632925,42.911352536177304,107.2,4.6,127.8,62.8,49.4,12.6,287.7,37.7,153.1,93.0,11.6,0.1,0.6,126.5,53.4,12.1,41.7,7.992152127569656,0.6918726930745291,27.2,0.1,0.1,0.2,131.43858885061277,14.6,132.24573746144253,11.1,40.3
102,125.1,88.2,76.2,219.77726668731827,159.69102719321867,264.1,114.5,260.6,195.7,193.93391632771915,444.6672025752089,253.9,349.7,251.50080084482798,146.2,255.5,101.0,282.8,291.4,396.61885132296675,198.25518452493756,174.32450044417288,271.6204197359128,137.8,214.031785849285,141.4,152.0,369.4,220.8,121.7,259.0,105.6,411.3,256.1,191.38081421746787,197.97956468995113,187.22405016773652,236.5,195.7,86.0,250.1,244.6,214.1,258.3321434149451,275.57584944504987,325.0,782.0053769180671,324.2,101.5,148.4,260.4719635837396,78.4,163.6,386.3772050569404,275.8,204.9,258.8901382468592,110.6,169.3,314.6078297106137,128.5,139.97044746885817,282.6,86.9,25.8,614.7299351063856,242.4570207198149,291.7,159.07824528372515,263.1265307589255,276.9536571449319,1133.7,267.0,177.7,330.2,416.5,168.1,205.0,234.63286286070047,153.57145876593324,589.5,215.2,217.99242776276785,453.5085671222899,187.6,216.9,29.6,365.0,111.66542719620776,345.0,247.2,152.5,276.00213564528326,243.0,293.8,209.18238754877729,98.35880222633175,377.5404560421139,250.52771450968572,202.77617917215917,353.2769757392908,132.9,84.4,254.6,429.0,270.5,147.2,105.8,90.8,231.5,323.1,139.99324067715702,302.4,186.4,151.3,96.9502707740672,806.4,278.9,298.40486976170456,419.8,93.4,117.8,284.0,248.70208980559227,286.8549902251628,188.1,249.1,161.7,226.0,267.2,201.4,283.8,263.1,111.4,175.8925748234067,91.5,119.99173448424261,111.8,81.0,224.2,164.4,88.9,282.7,342.3,271.1,80.0,176.34697088444278,282.3,67.6,196.80967864571764,115.2,115.3,147.6,71.9,1.6,252.6445251029768,268.535967020588,156.2,109.4,2.2702572340700873,122.6,242.8207133176936,252.4,65.5,27.7,156.8,132.8,63.1,49.9092932095338,42.9,83.09024712563111,102.3,405.4,172.8,134.0,84.28533555662241,68.3,108.4,155.2,0.8,108.6,248.0,59.5,223.06857134832484,7.408719798267563,120.7,604.5782883236678,83.3,43.90735583372314,7.5,123.68979824010674,311.39938938951644,325.2161182433073,27.7,0.1,139.2,377.6017999163434,416.4,406.4,215.3,69.4,18.2,2.9,121.1,300.4,0.2,0.5,0.2,177.7,0.1,1.3361310780511666,0.1,0.1,0.2,0.6,1.0,9.2,577.5,180.74444216472355,13.0,517.8,1.4,170.5,3.2658445227137256,121.0,43.293410014416736,9.7,161.03263575606536,2.1,135.1,120.8,108.7,67.8,126.2,9.4,2.2,1.8,59.08501825190021,156.4,176.77484593866347,244.51707272591472,103.85405391359424,1.2,165.9,2.8,23.5,6.1,368.5,169.4,66.4,5.7,1.0,61.819981360623196,19.6,200.3,16.880173662515368,12.062953771270104,356.0,232.2,12.3,17.7,33.5,193.6,23.8,1.2,1.2,130.9,0.8,7.3,1.1,241.0,2.2,97.4,71.3,46.413484825193116,7.1769351756421775,0.5359488043293291,2.7,58.6,90.0,0.6,128.0,7.6,72.9,85.1,71.42450906263164,9.4,0.37705404811185217,142.86152839771762,6.9,0.1,62.0,124.9,20.8,135.6,82.6,5.0,2.8515866048792775,42.41881420166604,107.2,4.6,127.8,62.8,49.4,12.6,287.7,37.7,153.1,93.0,11.6,0.1,0.6,126.5,53.4,12.1,41.7,9.38432176978877,0.6774780431006459,27.2,0.1,0.1,0.2,181.12816970139167,14.6,141.48893079325637,11.1,40.3
103,125.1,88.2,76.2,191.57967711962382,157.80607152344658,264.1,114.5,260.6,195.7,222.34086554767606,362.14277185477806,253.9,349.7,301.11592043484177,146.2,255.5,101.0,282.8,291.4,418.82485944153757,216.44047092265066,132.60796070288384,332.27694936854243,137.8,294.3321683186394,141.4,152.0,369.4,220.8,121.7,259.0,105.6,411.3,256.1,174.87539200949504,278.31400027592906,168.89599342574652,236.5,195.7,86.0,250.1,244.6,214.1,291.26263806317985,269.1390601740232,325.0,882.7217448862896,324.2,101.5,148.4,281.206879916636,78.4,163.6,382.17733854512284,275.8,204.9,181.01774106352752,110.6,169.3,433.2760774858135,128.5,168.15685116558893,282.6,86.9,25.8,590.8539905870549,259.8556051620187,291.7,220.82104293780466,260.78940422409204,201.80549555001375,1133.7,267.0,177.7,330.2,416.5,168.1,205.0,200.14540768566025,121.71907494092243,589.5,215.2,238.8379146094973,374.9051835341793,187.6,216.9,29.6,365.0,117.57105202416045,345.0,247.2,152.5,309.85541029222327,243.0,293.8,174.23475013735433,76.08402441577985,420.7999628715278,205.01308470064453,154.80738531180444,380.225183794581,132.9,84.4,254.6,429.0,270.5,147.2,105.8,90.8,231.5,323.1,168.91333629074168,302.4,186.4,151.3,88.27614069055244,806.4,278.9,269.62983689981786,419.8,93.4,117.8,284.0,281.24933176006664,295.4419988273443,188.1,249.1,161.7,226.0,267.2,201.4,283.8,263.1,111.4,192.09956130447637,91.5,132.46240346174088,111.8,81.0,224.2,164.4,88.9,282.7,342.3,271.1,80.0,137.17650062233213,282.3,67.6,170.366674943631,115.2,115.3,147.6,71.9,1.6,247.35542377270156,226.19333764620808,156.2,109.4,2.083767036748405,122.6,236.26461340190298,252.4,65.5,27.7,156.8,132.8,63.1,57.058585459036706,42.9,76.87000230432241,102.3,405.4,172.8,134.0,102.47379793655291,68.3,108.4,155.2,0.8,108.6,248.0,59.5,246.57152164404997,6.8529119442276665,120.7,595.7771735798697,83.3,43.89150579365048,7.5,110.88144781317433,354.74249986065826,305.3259840028435,27.7,0.1,139.2,374.75519940524,416.4,406.4,215.3,69.4,18.2,2.9,121.1,300.4,0.2,0.5,0.2,177.7,0.1,1.9143456077097667,0.1,0.1,0.2,0.6,1.0,9.2,577.5,229.0167671333753,13.0,517.8,1.4,170.5,2.531969403767726,121.0,42.449433138969404,9.7,140.43268813388994,2.1,135.1,120.8,108.7,67.8,126.2,9.4,2.2,1.8,50.652430345536786,156.4,190.8572860444623,224.02871079044047,114.20927802544433,1.2,165.9,2.8,23.5,6.1,368.5,169.4,66.4,5.7,1.0,56.85827827378871,19.6,200.3,12.70004636437317,11.321761456346177,356.0,232.2,12.3,17.7,33.5,193.6,23.8,1.2,1.2,130.9,0.8,7.3,1.1,241.0,2.2,97.4,71.3,51.034955234697605,9.814140079226998,0.4467910178220921,2.7,58.6,90.0,0.6,128.0,7.6,72.9,85.1,56.9002670460648,9.4,0.43806815231648266,207.33453022684844,6.9,0.1,62.0,124.9,20.8,135.6,82.6,5.0,2.7503645254191413,33.64269037942907,107.2,4.6,127.8,62.8,49.4,12.6,287.7,37.7,153.1,93.0,11.6,0.1,0.6,126.5,53.4,12.1,41.7,9.071276399871005,0.5868519835247427,27.2,0.1,0.1,0.2,140.9504429065243,14.6,154.26347023289972,11.1,40.3
104,125.1,88.2,76.2,179.44021693322622,178.49031984721603,264.1,114.5,260.6,195.7,235.93811198678463,311.89467303649855,253.9,349.7,224.3049453110811,146.2,255.5,101.0,282.8,291.4,369.5701917948161,207.90340740914246,139.854892215014,331.44239026713154,137.8,308.924778018864,141.4,152.0,369.4,220.8,121.7,259.0,105.6,411.3,256.1,176.08427431226374,202.1394908461821,180.95339842378505,236.5,195.7,86.0,250.1,244.6,214.1,341.65305217073126,301.4195305925854,325.0,892.1974983111561,324.2,101.5,148.4,240.69500955190614,78.4,163.6,539.8944244917801,275.8,204.9,219.18554851478035,110.6,169.3,406.6026620323169,128.5,158.90287188383215,282.6,86.9,25.8,477.8406365905804,244.24899467041982,291.7,184.95375678251992,270.2273015474869,297.381228706806,1133.7,267.0,177.7,330.2,416.5,168.1,205.0,194.35701112177418,115.5275767725788,589.5,215.2,199.46606146589588,423.4632765649328,187.6,216.9,29.6,365.0,115.2108618316253,345.0,247.2,152.5,268.9726273100163,243.0,293.8,214.33362315854114,104.27159707309868,429.99103584096724,229.7601148724128,161.3031465334877,327.0524265804445,132.9,84.4,254.6,429.0,270.5,147.2,105.8,90.8,231.5,323.1,143.41058360045227,302.4,186.4,151.3,95.33739657781841,806.4,278.9,299.72785674007093,419.8,93.4,117.8,284.0,206.67731325500648,296.470973640466,188.1,249.1,161.7,226.0,267.2,201.4,283.8,263.1,111.4,217.45579784392598,91.5,144.01161761788418,111.8,81.0,224.2,164.4,88.9,282.7,342.3,271.1,80.0,146.23858489814944,282.3,67.6,160.88734351471896,115.2,115.3,147.6,71.9,1.6,285.9053466448304,268.14938815574527,156.2,109.4,2.1528739023221575,122.6,263.1648764387129,252.4,65.5,27.7,156.8,132.8,63.1,56.31028681634233,42.9,69.76629455384852,102.3,405.4,172.8,134.0,94.08491351630755,68.3,108.4,155.2,0.8,108.6,248.0,59.5,240.1351796282575,7.069346690742257,120.7,656.2960820944664,83.3,48.31044611751878,7.5,97.10902437083283,355.66194019702914,310.936460655656,27.7,0.1,139.2,345.0677963958032,416.4,406.4,215.3,69.4,18.2,2.9,121.1,300.4,0.2,0.5,0.2,177.7,0.1,1.8561026269814422,0.1,0.1,0.2,0.6,1.0,9.2,577.5,263.5674629188818,13.0,517.8,1.4,170.5,2.9479169960740257,121.0,39.64771532795168,9.7,168.85239992469133,2.1,135.1,120.8,108.7,67.8,126.2,9.4,2.2,1.8,68.22249554922593,156.4,174.37896858951956,268.1502807795771,101.61571253903392,1.2,165.9,2.8,23.5,6.1,368.5,169.4,66.4,5.7,1.0,67.88226857521691,19.6,200.3,16.303294458979877,14.99673695255973,356.0,232.2,12.3,17.7,33.5,193.6,23.8,1.2,1.2,130.9,0.8,7.3,1.1,241.0,2.2,97.4,71.3,38.33497661816169,7.384980012415223,0.5802085329271522,2.7,58.6,90.0,0.6,128.0,7.6,72.9,85.1,71.24303121181835,9.4,0.4113086595558494,160.45686941665977,6.9,0.1,62.0,124.9,20.8,135.6,82.6,5.0,2.577719302359469,35.27876011914091,107.2,4.6,127.8,62.8,49.4,12.6,287.7,37.7,153.1,93.0,11.6,0.1,0.6,126.5,53.4,12.1,41.7,9.300390672735295,0.6218855494027546,27.2,0.1,0.1,0.2,179.35939101137802,14.6,133.66204805377066,11.1,40.3
105,125.1,88.2,76.2,238.5912057302424,161.28129743020557,264.1,114.5,260.6,195.7,173.63544843838892,408.2642063907102,253.9,349.7,261.12337710776706,146.2,255.5,101.0,282.8,291.4,459.54500072286567,232.44857382940316,159.12597344929117,336.966251488254,137.8,295.0513018893787,141.4,152.0,369.4,220.8,121.7,259.0,105.6,411.3,256.1,170.97890782773155,208.38158338175586,156.8777998400965,236.5,195.7,86.0,250.1,244.6,214.1,281.73436974016334,342.9256558952675,325.0,864.1355590685282,324.2,101.5,148.4,192.92018903338425,78.4,163.6,384.06002077677596,275.8,204.9,219.62022307377816,110.6,169.3,382.9146017271525,128.5,126.46518599426892,282.6,86.9,25.8,464.75086002666507,197.2966974119536,291.7,174.70642142299712,232.6125259642414,284.8196807182643,1133.7,267.0,177.7,330.2,416.5,168.1,205.0,186.18916018812067,109.40717324821485,589.5,215.2,232.81380754637348,509.11472040745355,187.6,216.9,29.6,365.0,126.25964502050152,345.0,247.2,152.5,282.2778088212199,243.0,293.8,173.52101941741708,88.93432951699313,435.5810349925117,232.33447135716617,185.19609141349034,311.57959332039366,132.9,84.4,254.6,429.0,270.5,147.2,105.8,90.8,231.5,323.1,165.74477445617117,302.4,186.4,151.3,82.4416456736942,806.4,278.9,335.7299396292704,419.8,93.4,117.8,284.0,298.4998549125552,227.28943617057686,188.1,249.1,161.7,226.0,267.2,201.4,283.8,263.1,111.4,231.79482379995466,91.5,109.5227239047686,111.8,81.0,224.2,164.4,88.9,282.7,342.3,271.1,80.0,144.20389087728222,282.3,67.6,148.56969766145713,115.2,115.3,147.6,71.9,1.6,294.103995406689,272.98038856100766,156.2,109.4,1.684773015252639,122.6,318.364711250171,252.4,65.5,27.7,156.8,132.8,63.1,59.26810587081951,42.9,76.21329086678497,102.3,405.4,172.8,134.0,103.18971293534169,68.3,108.4,155.2,0.8,108.6,248.0,59.5,217.04229625168801,8.980542814798167,120.7,783.4003385856953,83.3,44.79372409494933,7.5,130.44792227825957,259.12902314807627,253.4299509136605,27.7,0.1,139.2,483.2047340800519,416.4,406.4,215.3,69.4,18.2,2.9,121.1,300.4,0.2,0.5,0.2,177.7,0.1,1.3371414516362063,0.1,0.1,0.2,0.6,1.0,9.2,577.5,222.43126798340904,13.0,517.8,1.4,170.5,2.5199060184047926,121.0,36.88889474218364,9.7,167.15242755986358,2.1,135.1,120.8,108.7,67.8,126.2,9.4,2.2,1.8,52.93113132752875,156.4,220.43340323546244,209.66107298856053,120.13704990436031,1.2,165.9,2.8,23.5,6.1,368.5,169.4,66.4,5.7,1.0,61.006843966125125,19.6,200.3,14.428621767349654,12.93516057214253,356.0,232.2,12.3,17.7,33.5,193.6,23.8,1.2,1.2,130.9,0.8,7.3,1.1,241.0,2.2,97.4,71.3,47.9547009760653,7.646914247093564,0.4663657768037669,2.7,58.6,90.0,0.6,128.0,7.6,72.9,85.1,76.39604818354957,9.4,0.37459399252494235,150.87734508544557,6.9,0.1,62.0,124.9,20.8,135.6,82.6,5.0,2.063294510080266,46.36290767977197,107.2,4.6,127.8,62.8,49.4,12.6,287.7,37.7,153.1,93.0,11.6,0.1,0.6,126.5,53.4,12.1,41.7,6.867850660225856,0.5447911158689334,27.2,0.1,0.1,0.2,184.1079096272784,14.6,154.51065712876968,11.1,40.3
106,125.1,88.2,76.2,249.99662991843445,166.89570579846801,264.1,114.5,260.6,195.7,172.00551360555144,304.32934598037866,253.9,349.7,295.7326190862305,146.2,255.5,101.0,282.8,291.4,472.43798403030047,192.6776885020694,180.29418513126785,296.8196404155367,137.8,268.3793909511214,141.4,152.0,369.4,220.8,121.7,259.0,105.6,411.3,256.1,172.13777411897672,260.66115087608824,170.258521050994,236.5,195.7,86.0,250.1,244.6,214.1,316.81994482893066,353.25329178303144,325.0,665.8148423078035,324.2,101.5,148.4,193.06976189341503,78.4,163.6,431.56593321443813,275.8,204.9,200.8210223657739,110.6,169.3,413.65689119552405,128.5,122.11291364463939,282.6,86.9,25.8,490.28385215580226,195.34672539480943,291.7,176.82246436850372,308.00761062034815,239.0200870441736,1133.7,267.0,177.7,330.2,416.5,168.1,205.0,202.18639264413753,106.40699003529406,589.5,215.2,213.07946982226198,481.12011181593823,187.6,216.9,29.6,365.0,120.17322210046035,345.0,247.2,152.5,285.8185201204983,243.0,293.8,190.3956388653616,109.02197617066429,320.9328208517132,194.08044561062786,156.80225335299247,386.719835694279,132.9,84.4,254.6,429.0,270.5,147.2,105.8,90.8,231.5,323.1,145.7957633690337,302.4,186.4,151.3,104.22946556739333,806.4,278.9,275.3780221204854,419.8,93.4,117.8,284.0,228.15914640134412,219.3489627728293,188.1,249.1,161.7,226.0,267.2,201.4,283.8,263.1,111.4,192.77948595469996,91.5,136.9035241499099,111.8,81.0,224.2,164.4,88.9,282.7,342.3,271.1,80.0,159.11406583857078,282.3,67.6,213.67672658353155,115.2,115.3,147.6,71.9,1.6,283.5586098597809,289.2931798828316,156.2,109.4,2.330360177636194,122.6,285.4296524197299,252.4,65.5,27.7,156.8,132.8,63.1,55.38339836898267,42.9,81.39553674596328,102.3,405.4,172.8,134.0,81.9678533016173,68.3,108.4,155.2,0.8,108.6,248.0,59.5,215.191477486079,9.141796129107846,120.7,611.5585090673997,83.3,49.13470473090042,7.5,122.35932828131811,355.8115288402982,335.4821245943389,27.7,0.1,139.2,487.9958780791216,416.4,406.4,215.3,69.4,18.2,2.9,121.1,300.4,0.2,0.5,0.2,177.7,0.1,1.7914350528335627,0.1,0.1,0.2,0.6,1.0,9.2,577.5,203.701258576542,13.0,517.8,1.4,170.5,2.7815996211549656,121.0,34.4253196106083,9.7,175.3889643856958,2.1,135.1,120.8,108.7,67.8,126.2,9.4,2.2,1.8,66.19873539466808,156.4,160.91597747916381,212.6329338122585,105.20110185651659,1.2,165.9,2.8,23.5,6.1,368.5,169.4,66.4,5.7,1.0,55.67964586865728,19.6,200.3,17.44597194530347,10.923317857434185,356.0,232.2,12.3,17.7,33.5,193.6,23.8,1.2,1.2,130.9,0.8,7.3,1.1,241.0,2.2,97.4,71.3,46.92035109402866,9.407599462423844,0.4888654167782612,2.7,58.6,90.0,0.6,128.0,7.6,72.9,85.1,63.93405440693281,9.4,0.37464997887251983,200.99581622581653,6.9,0.1,62.0,124.9,20.8,135.6,82.6,5.0,2.8145309962916456,46.155078398044466,107.2,4.6,127.8,62.8,49.4,12.6,287.7,37.7,153.1,93.0,11.6,0.1,0.6,126.5,53.4,12.1,41.7,7.658611009072251,0.5282310711739596,27.2,0.1,0.1,0.2,164.42103664922152,14.6,137.15673094184058,11.1,40.3
107,125.1,88.2,76.2,201.2136826705866,148.15739480797075,264.1,114.5,260.6,195.7,188.66453756321243,436.15448595451693,253.9,349.7,249.17572512296164,146.2,255.5,101.0,282.8,291.4,419.89668139251614,219.26755755447886,147.53807101541224,344.15255101114303,137.8,247.45554519894213,141.4,152.0,369.4,220.8,121.7,259.0,105.6,411.3,256.1,176.96759372055672,199.79684944239537,136.1568437061697,236.5,195.7,86.0,250.1,244.6,214.1,337.65525486801255,259.86487417955306,325.0,935.9344834227356,324.2,101.5,148.4,251.65778826086068,78.4,163.6,516.3108927219736,275.8,204.9,200.26406277143514,110.6,169.3,356.87487351855077,128.5,164.48614071497164,282.6,86.9,25.8,602.0826352103646,222.57630726286092,291.7,180.37074652057262,252.19266196140063,207.57603342685795,1133.7,267.0,177.7,330.2,416.5,168.1,205.0,160.86850286081813,123.34861308151068,589.5,215.2,240.54376375634274,511.6471613362156,187.6,216.9,29.6,365.0,109.30674435939642,345.0,247.2,152.5,271.57846005034565,243.0,293.8,172.17863410304705,106.85719194666017,377.3095788862736,243.92818368094427,158.99738422712664,394.1368595478855,132.9,84.4,254.6,429.0,270.5,147.2,105.8,90.8,231.5,323.1,168.66862770677804,302.4,186.4,151.3,97.58513280412777,806.4,278.9,355.97614734419585,419.8,93.4,117.8,284.0,234.93092532595745,275.7082445931019,188.1,249.1,161.7,226.0,267.2,201.4,283.8,263.1,111.4,196.31006719160237,91.5,132.30230919955684,111.8,81.0,224.2,164.4,88.9,282.7,342.3,271.1,80.0,165.79751602232392,282.3,67.6,156.07216742995575,115.2,115.3,147.6,71.9,1.6,283.44909718550474,242.27813453171612,156.2,109.4,1.818933336277059,122.6,321.5941290019612,252.4,65.5,27.7,156.8,132.8,63.1,47.63130805569991,42.9,92.30173105281646,102.3,405.4,172.8,134.0,81.68757845659324,68.3,108.4,155.2,0.8,108.6,248.0,59.5,239.65826701286738,7.1546806131364376,120.7,772.5040287782231,83.3,43.76833817422856,7.5,111.96522923158449,357.0287470277042,293.94213170537483,27.7,0.1,139.2,455.3328081343329,416.4,406.4,215.3,69.4,18.2,2.9,121.1,300.4,0.2,0.5,0.2,177.7,0.1,1.8486651015739834,0.1,0.1,0.2,0.6,1.0,9.2,577.5,207.86279378665762,13.0,517.8,1.4,170.5,3.4109787177953343,121.0,34.980161594179876,9.7,168.79234790669463,2.1,135.1,120.8,108.7,67.8,126.2,9.4,2.2,1.8,60.45637001078451,156.4,193.0348530317006,278.5812874505542,130.61648402616655,1.2,165.9,2.8,23.5,6.1,368.5,169.4,66.4,5.7,1.0,57.62765927079125,19.6,200.3,16.942122280997513,14.176252988597117,356.0,232.2,12.3,17.7,33.5,193.6,23.8,1.2,1.2,130.9,0.8,7.3,1.1,241.0,2.2,97.4,71.3,52.144883104038826,8.672046968627674,0.5425737397246618,2.7,58.6,90.0,0.6,128.0,7.6,72.9,85.1,59.49903872123556,9.4,0.3588051824102957,205.3090054303168,6.9,0.1,62.0,124.9,20.8,135.6,82.6,5.0,2.5296034449410536,43.79015933047519,107.2,4.6,127.8,62.8,49.4,12.6,287.7,37.7,153.1,93.0,11.6,0.1,0.6,126.5,53.4,12.1,41.7,7.594935962582181,0.568508510057885,27.2,0.1,0.1,0.2,186.5531013825634,14.6,137.7689546680594,11.1,40.3
108,125.1,88.2,76.2,215.78081138584267,154.32767774708128,264.1,114.5,260.6,195.7,180.8266646264918,438.8721538669573,253.9,349.7,276.74973655629674,146.2,255.5,101.0,282.8,291.4,459.3997687212532,237.1178645062553,140.5417010599101,340.4645979587773,137.8,292.22358437604834,141.4,152.0,369.4,220.8,121.7,259.0,105.6,411.3,256.1,140.00968743007903,246.4017909253221,173.82983979668856,236.5,195.7,86.0,250.1,244.6,214.1,239.7718269397086,361.9209352327833,325.0,822.6220911503517,324.2,101.5,148.4,202.07400476734753,78.4,163.6,423.2650797096926,275.8,204.9,182.71579118651354,110.6,169.3,340.7683294421481,128.5,124.5558099157376,282.6,86.9,25.8,641.6218449720018,280.29009335918244,291.7,160.4631955679871,273.64957907129605,268.5295612812329,1133.7,267.0,177.7,330.2,416.5,168.1,205.0,234.18389290621167,127.25779362249867,589.5,215.2,257.17928497664866,518.7200286983157,187.6,216.9,29.6,365.0,97.61083452001184,345.0,247.2,152.5,241.99801879714119,243.0,293.8,235.61098726402727,79.60424383329959,335.1143671340701,240.57427515242335,168.5312860656157,267.41972921763414,132.9,84.4,254.6,429.0,270.5,147.2,105.8,90.8,231.5,323.1,126.13728281380892,302.4,186.4,151.3,82.17795359242788,806.4,278.9,363.40990174792233,419.8,93.4,117.8,284.0,231.45262015341982,261.2023758813923,188.1,249.1,161.7,226.0,267.2,201.4,283.8,263.1,111.4,238.44327219689524,91.5,104.60685139851658,111.8,81.0,224.2,164.4,88.9,282.7,342.3,271.1,80.0,159.9685931584499,282.3,67.6,181.19930327076344,115.2,115.3,147.6,71.9,1.6,257.9613391923966,271.55732289954597,156.2,109.4,1.8295443850409567,122.6,232.7388292938991,252.4,65.5,27.7,156.8,132.8,63.1,45.21537949418524,42.9,81.53517993531524,102.3,405.4,172.8,134.0,90.19091118952421,68.3,108.4,155.2,0.8,108.6,248.0,59.5,219.51732100491188,9.6410054133279,120.7,707.5331194124794,83.3,40.9065078056014,7.5,129.32874281381245,283.23776882717465,261.001915263243,27.7,0.1,139.2,403.65231603443726,416.4,406.4,215.3,69.4,18.2,2.9,121.1,300.4,0.2,0.5,0.2,177.7,0.1,1.2926124503061733,0.1,0.1,0.2,0.6,1.0,9.2,577.5,246.22413314599117,13.0,517.8,1.4,170.5,3.486621365307215,121.0,38.60394513898359,9.7,154.94426170998403,2.1,135.1,120.8,108.7,67.8,126.2,9.4,2.2,1.8,64.07632476772832,156.4,166.4981884325988,245.47707722003176,107.91469307938445,1.2,165.9,2.8,23.5,6.1,368.5,169.4,66.4,5.7,1.0,66.94829845195468,19.6,200.3,12.1590189161111,10.90421195395612,356.0,232.2,12.3,17.7,33.5,193.6,23.8,1.2,1.2,130.9,0.8,7.3,1.1,241.0,2.2,97.4,71.3,46.866315636133876,9.7030607384952,0.502984803414194,2.7,58.6,90.0,0.6,128.0,7.6,72.9,85.1,67.57169248979432,9.4,0.45400265789607647,201.3070833573916,6.9,0.1,62.0,124.9,20.8,135.6,82.6,5.0,2.4683693585993955,47.48626137498412,107.2,4.6,127.8,62.8,49.4,12.6,287.7,37.7,153.1,93.0,11.6,0.1,0.6,126.5,53.4,12.1,41.7,10.04259738996999,0.6865331501182882,27.2,0.1,0.1,0.2,149.07592741846366,14.6,137.31040401950045,11.1,40.3
109,125.1,88.2,76.2,186.84105691875197,164.99780004704286,264.1,114.5,260.6,195.7,184.5625348333631,339.481628888112,253.9,349.7,241.62094973079292,146.2,255.5,101.0,282.8,291.4,384.68810467461907,183.47614063347487,171.04338877813737,350.8079676888485,137.8,261.7018331060187,141.4,152.0,369.4,220.8,121.7,259.0,105.6,411.3,256.1,177.45053166928182,228.9367485890275,162.8287762913313,236.5,195.7,86.0,250.1,244.6,214.1,301.3560670717377,341.568334485143,325.0,841.3074626559571,324.2,101.5,148.4,258.1878798959094,78.4,163.6,371.3264273001067,275.8,204.9,250.89590027649592,110.6,169.3,311.82409072612523,128.5,171.2940798700935,282.6,86.9,25.8,676.244048297784,270.03976963628276,291.7,176.31621738688187,237.31240971134028,261.83913485715095,1133.7,267.0,177.7,330.2,416.5,168.1,205.0,204.75613548362253,156.58100534879628,589.5,215.2,222.39962918187442,536.6113401458749,187.6,216.9,29.6,365.0,124.57389797651341,345.0,247.2,152.5,293.35865200394477,243.0,293.8,164.4634908507201,77.34455154064786,406.6926709817776,234.3485308158319,155.01412709753373,381.22908870232664,132.9,84.4,254.6,429.0,270.5,147.2,105.8,90.8,231.5,323.1,142.68715755704957,302.4,186.4,151.3,92.47374461024789,806.4,278.9,369.52358072175593,419.8,93.4,117.8,284.0,291.30045910455044,282.40088762650504,188.1,249.1,161.7,226.0,267.2,201.4,283.8,263.1,111.4,194.265181700041,91.5,126.66777199778282,111.8,81.0,224.2,164.4,88.9,282.7,342.3,271.1,80.0,151.7107180677313,282.3,67.6,213.00678289593895,115.2,115.3,147.6,71.9,1.6,213.13653849414965,284.7613228132403,156.2,109.4,2.322702740671616,122.6,299.0300119071727,252.4,65.5,27.7,156.8,132.8,63.1,50.799540110194336,42.9,95.30857424368192,102.3,405.4,172.8,134.0,110.27170655216429,68.3,108.4,155.2,0.8,108.6,248.0,59.5,240.3245147164077,6.689153297073792,120.7,630.2388200244338,83.3,48.00019467943784,7.5,120.55497534732251,282.9971046811904,281.2726202888133,27.7,0.1,139.2,388.58210976374517,416.4,406.4,215.3,69.4,18.2,2.9,121.1,300.4,0.2,0.5,0.2,177.7,0.1,1.7575911752170081,0.1,0.1,0.2,0.6,1.0,9.2,577.5,238.13053184185702,13.0,517.8,1.4,170.5,3.334420623307413,121.0,33.985936613981,9.7,165.39602720083616,2.1,135.1,120.8,108.7,67.8,126.2,9.4,2.2,1.8,55.84700874588973,156.4,158.1479843625956,220.41717088533895,116.19452372289844,1.2,165.9,2.8,23.5,6.1,368.5,169.4,66.4,5.7,1.0,54.84931374097156,19.6,200.3,17.837687373676275,13.651535932531191,356.0,232.2,12.3,17.7,33.5,193.6,23.8,1.2,1.2,130.9,0.8,7.3,1.1,241.0,2.2,97.4,71.3,50.370572924801,9.667069196112656,0.4081471891389027,2.7,58.6,90.0,0.6,128.0,7.6,72.9,85.1,56.24785529920783,9.4,0.4368976946369833,188.6257733183872,6.9,0.1,62.0,124.9,20.8,135.6,82.6,5.0,2.6347084836243666,36.408404083446385,107.2,4.6,127.8,62.8,49.4,12.6,287.7,37.7,153.1,93.0,11.6,0.1,0.6,126.5,53.4,12.1,41.7,7.670829082477336,0.6468009408940204,27.2,0.1,0.1,0.2,149.05479068121363,14.6,157.30652798064554,11.1,40.3
110,125.1,88.2,76.2,265.06870141138415,168.2616652275105,264.1,114.5,260.6,195.7,217.48118239650793,397.90808448445637,253.9,349.7,223.42519356502842,146.2,255.5,101.0,282.8,291.4,387.68514045837526,254.91033628783006,185.20379341079007,322.22295659327233,137.8,274.07386237099087,141.4,152.0,369.4,220.8,121.7,259.0,105.6,411.3,256.1,174.46254561826117,244.8391802833841,149.86081471319733,236.5,195.7,86.0,250.1,244.6,214.1,323.2815875765572,350.7083695453863,325.0,928.7820271425278,324.2,101.5,148.4,211.29967527996246,78.4,163.6,534.1448334537256,275.8,204.9,186.1671253928856,110.6,169.3,333.4902772145621,128.5,171.66193805709648,282.6,86.9,25.8,484.89185994368165,253.7184900790267,291.7,160.10003281575808,330.49482618901203,252.62150062082853,1133.7,267.0,177.7,330.2,416.5,168.1,205.0,206.44975316549503,138.7360102529193,589.5,215.2,208.39541282144995,411.9928770627376,187.6,216.9,29.6,365.0,130.48369680981136,345.0,247.2,152.5,253.28889103643485,243.0,293.8,200.33798180174455,81.22614349678938,398.37720472530975,232.58121219467048,219.77277313399256,277.62912071203556,132.9,84.4,254.6,429.0,270.5,147.2,105.8,90.8,231.5,323.1,174.85942935240593,302.4,186.4,151.3,75.5072517621983,806.4,278.9,359.20379418499596,419.8,93.4,117.8,284.0,249.65727523170858,246.5367805286241,188.1,249.1,161.7,226.0,267.2,201.4,283.8,263.1,111.4,177.18122201417737,91.5,140.6373951443275,111.8,81.0,224.2,164.4,88.9,282.7,342.3,271.1,80.0,132.54918734113048,282.3,67.6,217.1055721358412,115.2,115.3,147.6,71.9,1.6,200.78090013792584,240.33637314167328,156.2,109.4,2.1180610666406086,122.6,223.96101562386912,252.4,65.5,27.7,156.8,132.8,63.1,45.04067488171321,42.9,71.01703454305878,102.3,405.4,172.8,134.0,76.47106560450561,68.3,108.4,155.2,0.8,108.6,248.0,59.5,237.63049250778522,9.707087007347104,120.7,645.434776785351,83.3,45.60630978541486,7.5,95.58459253827057,349.43469957476964,337.9947237689319,27.7,0.1,139.2,477.10062514256776,416.4,406.4,215.3,69.4,18.2,2.9,121.1,300.4,0.2,0.5,0.2,177.7,0.1,1.7778845898544933,0.1,0.1,0.2,0.6,1.0,9.2,577.5,240.47384907891927,13.0,517.8,1.4,170.5,2.9363719235389008,121.0,33.879845177326295,9.7,132.74063728384473,2.1,135.1,120.8,108.7,67.8,126.2,9.4,2.2,1.8,50.44569250079496,156.4,203.1597621177693,282.6247905356431,148.79479658404915,1.2,165.9,2.8,23.5,6.1,368.5,169.4,66.4,5.7,1.0,62.60694743486125,19.6,200.3,16.00971038761065,10.723195474963513,356.0,232.2,12.3,17.7,33.5,193.6,23.8,1.2,1.2,130.9,0.8,7.3,1.1,241.0,2.2,97.4,71.3,44.441186605027674,8.959480626020452,0.5153418521861045,2.7,58.6,90.0,0.6,128.0,7.6,72.9,85.1,56.38841602098498,9.4,0.46832875939681684,145.95579141673235,6.9,0.1,62.0,124.9,20.8,135.6,82.6,5.0,2.3386388994225937,38.847652416346016,107.2,4.6,127.8,62.8,49.4,12.6,287.7,37.7,153.1,93.0,11.6,0.1,0.6,126.5,53.4,12.1,41.7,8.964396635417387,0.6939390038903483,27.2,0.1,0.1,0.2,134.2696218648627,14.6,131.48830748503352,11.1,40.3
111,125.1,88.2,76.2,193.48746671757112,122.69652862034518,264.1,114.5,260.6,195.7,196.92082313410114,392.06403406322636,253.9,349.7,237.2898966728569,146.2,255.5,101.0,282.8,291.4,371.21974238204746,235.94795327576486,161.71341806996733,273.2414079407597,137.8,216.4759913588067,141.4,152.0,369.4,220.8,121.7,259.0,105.6,411.3,256.1,157.7934799140798,213.30652848826733,141.74977124279567,236.5,195.7,86.0,250.1,244.6,214.1,249.06783257079346,279.0877412820577,325.0,644.3955884695985,324.2,101.5,148.4,276.9884584781985,78.4,163.6,363.80429140427196,275.8,204.9,236.84109866305843,110.6,169.3,386.09507999931407,128.5,163.8423443815664,282.6,86.9,25.8,583.6775346200684,206.81047692996788,291.7,165.04619484819068,254.43888133199098,266.51577042488105,1133.7,267.0,177.7,330.2,416.5,168.1,205.0,166.46824315332836,139.34201862624585,589.5,215.2,243.67071933960995,499.7525431928875,187.6,216.9,29.6,365.0,127.94870462285559,345.0,247.2,152.5,274.08509515068823,243.0,293.8,199.8659445958655,88.62092800345745,408.6025388841863,204.83842936704482,197.11884926945402,306.19651812172816,132.9,84.4,254.6,429.0,270.5,147.2,105.8,90.8,231.5,323.1,132.27002743696255,302.4,186.4,151.3,72.66192155885217,806.4,278.9,306.1102021176588,419.8,93.4,117.8,284.0,282.2873440287081,247.3598938607803,188.1,249.1,161.7,226.0,267.2,201.4,283.8,263.1,111.4,233.52016351224216,91.5,115.07413947180245,111.8,81.0,224.2,164.4,88.9,282.7,342.3,271.1,80.0,166.9595338316395,282.3,67.6,168.91822592887044,115.2,115.3,147.6,71.9,1.6,231.56626066921913,214.52791530343407,156.2,109.4,1.7250936130165841,122.6,306.71541536374014,252.4,65.5,27.7,156.8,132.8,63.1,51.15435604360563,42.9,83.59992209032482,102.3,405.4,172.8,134.0,101.99634101853556,68.3,108.4,155.2,0.8,108.6,248.0,59.5,215.76160035919656,9.559385225567334,120.7,833.9249455910538,83.3,35.07203999139018,7.5,118.82624928216387,350.819236071966,260.131244088142,27.7,0.1,139.2,485.50032805594344,416.4,406.4,215.3,69.4,18.2,2.9,121.1,300.4,0.2,0.5,0.2,177.7,0.1,1.6446767252352106,0.1,0.1,0.2,0.6,1.0,9.2,577.5,235.67991309779256,13.0,517.8,1.4,170.5,3.5220145516816928,121.0,38.18028916139767,9.7,151.6934305400307,2.1,135.1,120.8,108.7,67.8,126.2,9.4,2.2,1.8,73.52212609716571,156.4,212.87985282108468,249.3399804141916,122.17874649704433,1.2,165.9,2.8,23.5,6.1,368.5,169.4,66.4,5.7,1.0,53.99198357855991,19.6,200.3,16.365784105983465,13.02052726119208,356.0,232.2,12.3,17.7,33.5,193.6,23.8,1.2,1.2,130.9,0.8,7.3,1.1,241.0,2.2,97.4,71.3,50.94992681276151,9.576017849345686,0.564696543840309,2.7,58.6,90.0,0.6,128.0,7.6,72.9,85.1,53.18776122492308,9.4,0.4286138543191309,153.53545081763755,6.9,0.1,62.0,124.9,20.8,135.6,82.6,5.0,2.5637025437700487,41.13643587683627,107.2,4.6,127.8,62.8,49.4,12.6,287.7,37.7,153.1,93.0,11.6,0.1,0.6,126.5,53.4,12.1,41.7,8.817395578312082,0.6096289950509357,27.2,0.1,0.1,0.2,164.90507102360706,14.6,121.13627707989038,11.1,40.3
112,125.1,88.2,76.2,209.97411334470422,166.12015789662843,264.1,114.5,260.6,195.7,187.90771658808248,372.99880659771287,253.9,349.7,290.06182618588895,146.2,255.5,101.0,282.8,291.4,421.8619772243147,204.2139267993367,164.0400758645853,331.08423310249947,137.8,248.9517365478602,141.4,152.0,369.4,220.8,121.7,259.0,105.6,411.3,256.1,149.95935203238355,237.88547005319066,192.05103726126995,236.5,195.7,86.0,250.1,244.6,214.1,270.57194554432283,284.4610127066691,325.0,925.0268505294343,324.2,101.5,148.4,211.8073355235427,78.4,163.6,465.162793253442,275.8,204.9,247.21954747078104,110.6,169.3,320.4717499457573,128.5,160.9919087488705,282.6,86.9,25.8,457.3952163799642,256.63102586931257,291.7,201.41741531653085,246.13250998387437,290.233351928814,1133.7,267.0,177.7,330.2,416.5,168.1,205.0,169.7370851892292,132.59073667526133,589.5,215.2,242.5543848223033,391.1079134218189,187.6,216.9,29.6,365.0,137.56480109056997,345.0,247.2,152.5,216.86235833411808,243.0,293.8,189.31163782991715,93.16118119913219,305.168955303069,200.42478558117688,208.37689533824155,280.57940211179374,132.9,84.4,254.6,429.0,270.5,147.2,105.8,90.8,231.5,323.1,151.85406639870027,302.4,186.4,151.3,77.28076403441047,806.4,278.9,317.4918098587575,419.8,93.4,117.8,284.0,270.1121488103873,224.91971643169117,188.1,249.1,161.7,226.0,267.2,201.4,283.8,263.1,111.4,183.83213537830733,91.5,100.38834849041952,111.8,81.0,224.2,164.4,88.9,282.7,342.3,271.1,80.0,137.31778900192336,282.3,67.6,170.1654085382124,115.2,115.3,147.6,71.9,1.6,265.95498533855834,222.84048238939135,156.2,109.4,1.9085101335667458,122.6,322.2805841946042,252.4,65.5,27.7,156.8,132.8,63.1,55.45802275589802,42.9,91.1021780092959,102.3,405.4,172.8,134.0,111.83124583307756,68.3,108.4,155.2,0.8,108.6,248.0,59.5,232.33950109780432,9.005379071118636,120.7,732.3240838539609,83.3,37.97998530012978,7.5,102.86802804186085,310.83594855408217,292.0477975089218,27.7,0.1,139.2,349.268050949933,416.4,406.4,215.3,69.4,18.2,2.9,121.1,300.4,0.2,0.5,0.2,177.7,0.1,1.8638997953260605,0.1,0.1,0.2,0.6,1.0,9.2,577.5,229.77614106244977,13.0,517.8,1.4,170.5,3.067112818550398,121.0,36.56212859022349,9.7,152.51552938751468,2.1,135.1,120.8,108.7,67.8,126.2,9.4,2.2,1.8,70.32027322734919,156.4,211.22764501797525,197.28977286384392,123.3429808049746,1.2,165.9,2.8,23.5,6.1,368.5,169.4,66.4,5.7,1.0,62.25883435163008,19.6,200.3,12.336154232745908,12.451828088451647,356.0,232.2,12.3,17.7,33.5,193.6,23.8,1.2,1.2,130.9,0.8,7.3,1.1,241.0,2.2,97.4,71.3,53.911539920539994,7.930225526347064,0.5330141319094625,2.7,58.6,90.0,0.6,128.0,7.6,72.9,85.1,58.668160119550336,9.4,0.42554911777469495,150.06495646073094,6.9,0.1,62.0,124.9,20.8,135.6,82.6,5.0,1.9631934768229335,35.159191381858776,107.2,4.6,127.8,62.8,49.4,12.6,287.7,37.7,153.1,93.0,11.6,0.1,0.6,126.5,53.4,12.1,41.7,8.236982856021525,0.6354902258395134,27.2,0.1,0.1,0.2,160.70642993374247,14.6,175.21976864751105,11.1,40.3
113,125.1,88.2,76.2,222.89014580018744,158.50551996005186,264.1,114.5,260.6,195.7,198.61560690720722,322.84608551626263,253.9,349.7,260.1489972605618,146.2,255.5,101.0,282.8,291.4,333.15968673937965,252.82336902768503,165.29275557545395,310.18377871666723,137.8,277.0581657120864,141.4,152.0,369.4,220.8,121.7,259.0,105.6,411.3,256.1,130.53348334259198,283.0994722132679,172.3457348397762,236.5,195.7,86.0,250.1,244.6,214.1,290.71777152090516,284.6720855962761,325.0,933.8801014012492,324.2,101.5,148.4,198.67734448374253,78.4,163.6,537.6252627044814,275.8,204.9,211.1765881104128,110.6,169.3,291.8152639866827,128.5,136.82868800018366,282.6,86.9,25.8,465.10512023575984,200.22156778189546,291.7,181.25443902428427,341.33768877813145,255.45961471657526,1133.7,267.0,177.7,330.2,416.5,168.1,205.0,197.78170539723044,118.86944631381522,589.5,215.2,276.9834265516116,383.3187089123738,187.6,216.9,29.6,365.0,124.16154503575031,345.0,247.2,152.5,252.04337831898886,243.0,293.8,188.94472253580977,74.25815853785946,318.3977424351651,247.89264945348305,194.7827158919551,266.9110826421828,132.9,84.4,254.6,429.0,270.5,147.2,105.8,90.8,231.5,323.1,148.9309519167504,302.4,186.4,151.3,102.49141149914635,806.4,278.9,278.208173012302,419.8,93.4,117.8,284.0,223.4320948913292,251.78050353222113,188.1,249.1,161.7,226.0,267.2,201.4,283.8,263.1,111.4,164.3198790755812,91.5,129.5762451788313,111.8,81.0,224.2,164.4,88.9,282.7,342.3,271.1,80.0,163.42242137358525,282.3,67.6,203.05152759735878,115.2,115.3,147.6,71.9,1.6,208.5846147854973,230.92687499260697,156.2,109.4,2.2811942419893576,122.6,313.5596055652221,252.4,65.5,27.7,156.8,132.8,63.1,44.82974454093912,42.9,79.15917337923064,102.3,405.4,172.8,134.0,109.97326506259441,68.3,108.4,155.2,0.8,108.6,248.0,59.5,214.37530573922237,9.076980359797352,120.7,586.6833928923431,83.3,38.35626237792162,7.5,92.88885548632975,368.63699209101037,252.68712917477828,27.7,0.1,139.2,444.7379560777614,416.4,406.4,215.3,69.4,18.2,2.9,121.1,300.4,0.2,0.5,0.2,177.7,0.1,1.4113233779993668,0.1,0.1,0.2,0.6,1.0,9.2,577.5,238.9607978535524,13.0,517.8,1.4,170.5,2.906743537419162,121.0,35.049963445013766,9.7,130.77858525320178,2.1,135.1,120.8,108.7,67.8,126.2,9.4,2.2,1.8,64.67797502538494,156.4,174.94780774444956,280.3676413547052,108.45296500825835,1.2,165.9,2.8,23.5,6.1,368.5,169.4,66.4,5.7,1.0,56.00569157462861,19.6,200.3,15.603120998764002,14.565865575592792,356.0,232.2,12.3,17.7,33.5,193.6,23.8,1.2,1.2,130.9,0.8,7.3,1.1,241.0,2.2,97.4,71.3,42.08592767454813,7.798259099512025,0.48089972465320685,2.7,58.6,90.0,0.6,128.0,7.6,72.9,85.1,67.55876751515406,9.4,0.357959758072245,178.1186459462972,6.9,0.1,62.0,124.9,20.8,135.6,82.6,5.0,2.3441973334511195,35.93192137487574,107.2,4.6,127.8,62.8,49.4,12.6,287.7,37.7,153.1,93.0,11.6,0.1,0.6,126.5,53.4,12.1,41.7,7.5484569472837135,0.7019784721556241,27.2,0.1,0.1,0.2,186.15130217142837,14.6,160.38858406420763,11.1,40.3
114,125.1,88.2,76.2,220.54391533737547,144.8264030226825,264.1,114.5,260.6,195.7,234.0215743151429,374.22117688029095,253.9,349.7,243.6758304685467,146.2,255.5,101.0,282.8,291.4,387.3241307478051,219.5090333940429,139.96085540082242,324.3404502741053,137.8,312.0548743551994,141.4,152.0,369.4,220.8,121.7,259.0,105.6,411.3,256.1,151.10146301929845,219.61770891492532,163.43025384431922,236.5,195.7,86.0,250.1,244.6,214.1,266.27907020827786,299.8839854232143,325.0,669.7524694613907,324.2,101.5,148.4,202.6015939477037,78.4,163.6,439.8782456181914,275.8,204.9,244.9625549802519,110.6,169.3,394.276208527192,128.5,135.4229545891939,282.6,86.9,25.8,489.10223245892485,193.83615889589316,291.7,215.94758732752396,301.35627298414346,240.18158464682702,1133.7,267.0,177.7,330.2,416.5,168.1,205.0,232.3515165931949,143.64363545819901,589.5,215.2,229.29993646674308,442.8361675590679,187.6,216.9,29.6,365.0,110.22733834300647,345.0,247.2,152.5,235.29075306539897,243.0,293.8,165.20257744288193,82.54363379132828,387.67129288871274,198.60809524778108,199.44357555937768,273.10992532482845,132.9,84.4,254.6,429.0,270.5,147.2,105.8,90.8,231.5,323.1,160.7901608301894,302.4,186.4,151.3,92.60090838216789,806.4,278.9,295.4146342046604,419.8,93.4,117.8,284.0,297.7546345378923,255.22433023396243,188.1,249.1,161.7,226.0,267.2,201.4,283.8,263.1,111.4,216.36303878549506,91.5,106.79737808983256,111.8,81.0,224.2,164.4,88.9,282.7,342.3,271.1,80.0,183.11614538117757,282.3,67.6,198.31086965196442,115.2,115.3,147.6,71.9,1.6,218.5654521145891,287.00505614229394,156.2,109.4,2.3151728998017136,122.6,261.91314422634247,252.4,65.5,27.7,156.8,132.8,63.1,52.868090859458945,42.9,81.54058998001501,102.3,405.4,172.8,134.0,83.95624930375023,68.3,108.4,155.2,0.8,108.6,248.0,59.5,222.79943349847196,6.941810794410538,120.7,677.4376919148284,83.3,37.167826234753136,7.5,106.82317873376437,284.5448722120133,292.78445597931653,27.7,0.1,139.2,487.0458797357878,416.4,406.4,215.3,69.4,18.2,2.9,121.1,300.4,0.2,0.5,0.2,177.7,0.1,1.4181425017323173,0.1,0.1,0.2,0.6,1.0,9.2,577.5,218.66803624444665,13.0,517.8,1.4,170.5,3.0554171609668126,121.0,38.75016254089235,9.7,171.47407123811513,2.1,135.1,120.8,108.7,67.8,126.2,9.4,2.2,1.8,74.968963225057,156.4,165.56312942298828,236.7830287083495,103.65448970077574,1.2,165.9,2.8,23.5,6.1,368.5,169.4,66.4,5.7,1.0,53.39501285208877,19.6,200.3,12.906377201068823,13.066093605888387,356.0,232.2,12.3,17.7,33.5,193.6,23.8,1.2,1.2,130.9,0.8,7.3,1.1,241.0,2.2,97.4,71.3,45.512310248551685,9.764573638981613,0.41929144604128865,2.7,58.6,90.0,0.6,128.0,7.6,72.9,85.1,54.1790341475457,9.4,0.44177075995467996,180.77142881515647,6.9,0.1,62.0,124.9,20.8,135.6,82.6,5.0,2.146161481814992,44.994272445387686,107.2,4.6,127.8,62.8,49.4,12.6,287.7,37.7,153.1,93.0,11.6,0.1,0.6,126.5,53.4,12.1,41.7,9.597452574304487,0.5362355436661395,27.2,0.1,0.1,0.2,153.11687274964183,14.6,167.02347688835016,11.1,40.3
115,125.1,88.2,76.2,247.20162820746816,171.65868213389317,264.1,114.5,260.6,195.7,182.06088302210748,375.4387062313923,253.9,349.7,262.0258017355227,146.2,255.5,101.0,282.8,291.4,348.348714617463,221.74856250229445,189.91225233786372,281.6725859895495,137.8,273.6194130406604,141.4,152.0,369.4,220.8,121.7,259.0,105.6,411.3,256.1,175.95882725328576,268.4054650389202,171.45338726232762,236.5,195.7,86.0,250.1,244.6,214.1,293.96734067849275,302.17883760400025,325.0,917.5797008251085,324.2,101.5,148.4,201.66830728359315,78.4,163.6,523.4163441116208,275.8,204.9,191.2969085446057,110.6,169.3,411.1695282737967,128.5,170.82044356111732,282.6,86.9,25.8,483.3288450358301,200.1463662894149,291.7,156.26230961301076,287.84086017569246,203.09625832145974,1133.7,267.0,177.7,330.2,416.5,168.1,205.0,229.85569554313514,130.02161871901544,589.5,215.2,225.0327444888858,464.98667240899357,187.6,216.9,29.6,365.0,116.04663409669251,345.0,247.2,152.5,298.33387370323805,243.0,293.8,179.64082873235049,74.78360908956789,402.87820363733454,231.92575776414657,172.62674371455915,267.59594634018197,132.9,84.4,254.6,429.0,270.5,147.2,105.8,90.8,231.5,323.1,165.1139850672393,302.4,186.4,151.3,76.70695003462258,806.4,278.9,309.4600142888353,419.8,93.4,117.8,284.0,239.20615668125183,282.4478782236952,188.1,249.1,161.7,226.0,267.2,201.4,283.8,263.1,111.4,173.76028994976122,91.5,144.03471093963338,111.8,81.0,224.2,164.4,88.9,282.7,342.3,271.1,80.0,150.2101783060369,282.3,67.6,210.4408187129861,115.2,115.3,147.6,71.9,1.6,219.0950017760743,262.1532535351879,156.2,109.4,2.2798762662488543,122.6,220.79046579477108,252.4,65.5,27.7,156.8,132.8,63.1,51.07098317635978,42.9,68.70135518200674,102.3,405.4,172.8,134.0,111.2720307253019,68.3,108.4,155.2,0.8,108.6,248.0,59.5,216.07074222322282,6.72278745512949,120.7,736.7031049573048,83.3,46.580905249590096,7.5,102.81492138556607,350.2869500487967,251.6432180335804,27.7,0.1,139.2,383.34918364429984,416.4,406.4,215.3,69.4,18.2,2.9,121.1,300.4,0.2,0.5,0.2,177.7,0.1,1.7895190620315669,0.1,0.1,0.2,0.6,1.0,9.2,577.5,254.59890766782596,13.0,517.8,1.4,170.5,2.8082207603738,121.0,30.39913213853901,9.7,185.7881904106369,2.1,135.1,120.8,108.7,67.8,126.2,9.4,2.2,1.8,73.01417079582592,156.4,167.1024641870602,207.26002101618562,119.78963130541271,1.2,165.9,2.8,23.5,6.1,368.5,169.4,66.4,5.7,1.0,61.27393035813979,19.6,200.3,17.951368087643615,15.247206387745768,356.0,232.2,12.3,17.7,33.5,193.6,23.8,1.2,1.2,130.9,0.8,7.3,1.1,241.0,2.2,97.4,71.3,52.64994870586592,6.658027613950602,0.5872779589696723,2.7,58.6,90.0,0.6,128.0,7.6,72.9,85.1,74.4320157225721,9.4,0.3804716745510773,171.1747058139931,6.9,0.1,62.0,124.9,20.8,135.6,82.6,5.0,2.2436562111626577,42.03956093573048,107.2,4.6,127.8,62.8,49.4,12.6,287.7,37.7,153.1,93.0,11.6,0.1,0.6,126.5,53.4,12.1,41.7,8.097191563675345,0.6078733421060629,27.2,0.1,0.1,0.2,153.59129855728423,14.6,160.9792616367792,11.1,40.3
116,125.1,88.2,76.2,249.1410823089151,146.37149231451144,264.1,114.5,260.6,195.7,167.9548887410306,347.10639486521234,253.9,349.7,322.438048411743,146.2,255.5,101.0,282.8,291.4,381.6448079331333,238.02154186720955,149.6453394464959,378.75828576238075,137.8,230.45290844518073,141.4,152.0,369.4,220.8,121.7,259.0,105.6,411.3,256.1,129.20183992647574,232.0796399232568,185.55271911088204,236.5,195.7,86.0,250.1,244.6,214.1,317.4337023880006,319.581163335627,325.0,680.151825839601,324.2,101.5,148.4,212.0168798958699,78.4,163.6,474.0306486120657,275.8,204.9,179.89807656284492,110.6,169.3,357.39758493187173,128.5,159.0981093975976,282.6,86.9,25.8,559.1747658304546,246.57869085073867,291.7,181.4494969275583,346.761051932253,244.359612673906,1133.7,267.0,177.7,330.2,416.5,168.1,205.0,169.54601683166183,143.9144972720598,589.5,215.2,193.37661703237941,453.485112558344,187.6,216.9,29.6,365.0,113.40692434824646,345.0,247.2,152.5,254.3971101659364,243.0,293.8,218.0606948400561,81.4590722534892,383.6106199598382,235.7274951626703,149.2675687719845,340.0782081841048,132.9,84.4,254.6,429.0,270.5,147.2,105.8,90.8,231.5,323.1,162.81057948520373,302.4,186.4,151.3,75.85638038741028,806.4,278.9,309.9645178975467,419.8,93.4,117.8,284.0,207.75229945656307,270.45800724475725,188.1,249.1,161.7,226.0,267.2,201.4,283.8,263.1,111.4,200.4962093775076,91.5,116.52353730997942,111.8,81.0,224.2,164.4,88.9,282.7,342.3,271.1,80.0,135.8991279990803,282.3,67.6,198.49787845131237,115.2,115.3,147.6,71.9,1.6,269.4304229725004,264.0858450363087,156.2,109.4,2.150101711051196,122.6,256.0145507795264,252.4,65.5,27.7,156.8,132.8,63.1,49.67605453197382,42.9,97.11360301382402,102.3,405.4,172.8,134.0,96.75344911296705,68.3,108.4,155.2,0.8,108.6,248.0,59.5,196.09636339326363,9.655093201083794,120.7,617.2916567005636,83.3,49.81409165779374,7.5,100.6620946158104,291.40604858982584,322.0529910754449,27.7,0.1,139.2,355.36011044856895,416.4,406.4,215.3,69.4,18.2,2.9,121.1,300.4,0.2,0.5,0.2,177.7,0.1,1.7270164023454528,0.1,0.1,0.2,0.6,1.0,9.2,577.5,177.8619522273854,13.0,517.8,1.4,170.5,2.5976377653912,121.0,38.972603053839826,9.7,159.66960593570775,2.1,135.1,120.8,108.7,67.8,126.2,9.4,2.2,1.8,70.19319339332458,156.4,190.78909276206727,219.31252885049597,105.91563403607766,1.2,165.9,2.8,23.5,6.1,368.5,169.4,66.4,5.7,1.0,60.902177815002005,19.6,200.3,15.532560061307151,15.40585465105647,356.0,232.2,12.3,17.7,33.5,193.6,23.8,1.2,1.2,130.9,0.8,7.3,1.1,241.0,2.2,97.4,71.3,56.529967526293575,8.135041826518389,0.5945622244952565,2.7,58.6,90.0,0.6,128.0,7.6,72.9,85.1,72.30582226570239,9.4,0.38583299031729634,192.920530914006,6.9,0.1,62.0,124.9,20.8,135.6,82.6,5.0,2.19513704264429,44.60542805755058,107.2,4.6,127.8,62.8,49.4,12.6,287.7,37.7,153.1,93.0,11.6,0.1,0.6,126.5,53.4,12.1,41.7,6.852859131607424,0.5875436105061562,27.2,0.1,0.1,0.2,186.14448963660283,14.6,172.22626471883933,11.1,40.3
117,125.1,88.2,76.2,219.779266384604,156.45434151376156,264.1,114.5,260.6,195.7,224.8783366330698,405.9628948163934,253.9,349.7,329.3700019503272,146.2,255.5,101.0,282.8,291.4,458.7056662111886,228.10941263257507,179.22955178562523,381.34328692854206,137.8,259.4558152166219,141.4,152.0,369.4,220.8,121.7,259.0,105.6,411.3,256.1,164.60213992129684,234.65256346894793,151.38257338344545,236.5,195.7,86.0,250.1,244.6,214.1,328.2265124657354,336.65629584611224,325.0,884.3762931861502,324.2,101.5,148.4,222.57109949785186,78.4,163.6,404.92010021763457,275.8,204.9,251.024992609545,110.6,169.3,357.9310377175044,128.5,130.32536133218542,282.6,86.9,25.8,525.4608660466118,211.59772764190416,291.7,155.36179726938968,335.8332132387518,222.66361070790478,1133.7,267.0,177.7,330.2,416.5,168.1,205.0,180.8269215534761,130.3516810284355,589.5,215.2,192.83027914215148,378.30698765815976,187.6,216.9,29.6,365.0,123.66893604537876,345.0,247.2,152.5,230.38620002813826,243.0,293.8,177.52792980067835,82.59973908761312,427.697340130611,267.66766206425694,148.86023926226596,360.71376195511345,132.9,84.4,254.6,429.0,270.5,147.2,105.8,90.8,231.5,323.1,142.0263625286829,302.4,186.4,151.3,87.66694907616319,806.4,278.9,390.45962844206946,419.8,93.4,117.8,284.0,210.0218516841085,235.53657144824683,188.1,249.1,161.7,226.0,267.2,201.4,283.8,263.1,111.4,194.61036479171563,91.5,102.53556282987552,111.8,81.0,224.2,164.4,88.9,282.7,342.3,271.1,80.0,162.32036296166666,282.3,67.6,213.0732892360912,115.2,115.3,147.6,71.9,1.6,282.54019426407564,266.47325554692196,156.2,109.4,2.330809221669873,122.6,256.3167627653259,252.4,65.5,27.7,156.8,132.8,63.1,52.066395433509186,42.9,90.4112046197547,102.3,405.4,172.8,134.0,84.40264367076522,68.3,108.4,155.2,0.8,108.6,248.0,59.5,242.4068287243346,7.0629994695288545,120.7,700.7917115746906,83.3,48.96670915965814,7.5,100.30257748118028,253.27677268173255,355.74768595477394,27.7,0.1,139.2,465.9750700895696,416.4,406.4,215.3,69.4,18.2,2.9,121.1,300.4,0.2,0.5,0.2,177.7,0.1,1.7661434270534746,0.1,0.1,0.2,0.6,1.0,9.2,577.5,200.29642028794566,13.0,517.8,1.4,170.5,2.600157594441235,121.0,36.502186268408174,9.7,133.26488758338334,2.1,135.1,120.8,108.7,67.8,126.2,9.4,2.2,1.8,52.250780172754574,156.4,213.16334740000426,195.24178602007706,119.44570049364293,1.2,165.9,2.8,23.5,6.1,368.5,169.4,66.4,5.7,1.0,72.66293914841617,19.6,200.3,14.353314635386575,12.65563697339815,356.0,232.2,12.3,17.7,33.5,193.6,23.8,1.2,1.2,130.9,0.8,7.3,1.1,241.0,2.2,97.4,71.3,47.98320704025877,7.92248375901642,0.5529856198270096,2.7,58.6,90.0,0.6,128.0,7.6,72.9,85.1,64.6206349139995,9.4,0.43568467930880284,179.00795954019347,6.9,0.1,62.0,124.9,20.8,135.6,82.6,5.0,2.2768578951966467,38.567062038201826,107.2,4.6,127.8,62.8,49.4,12.6,287.7,37.7,153.1,93.0,11.6,0.1,0.6,126.5,53.4,12.1,41.7,6.989564745238125,0.6412506902169572,27.2,0.1,0.1,0.2,162.5844608684431,14.6,139.29094560737545,11.1,40.3
118,125.1,88.2,76.2,216.60832270318875,138.92294123475264,264.1,114.5,260.6,195.7,206.08634962793138,352.41268434570134,253.9,349.7,279.1352128853992,146.2,255.5,101.0,282.8,291.4,347.9621180947312,198.91850815379257,153.69675807197066,272.8502596326976,137.8,224.09268622538082,141.4,152.0,369.4,220.8,121.7,259.0,105.6,411.3,256.1,147.01418925326257,226.73082246720764,189.86830809393678,236.5,195.7,86.0,250.1,244.6,214.1,324.1882881366977,351.3766720872532,325.0,707.5909215949241,324.2,101.5,148.4,264.98625644773256,78.4,163.6,404.97557456169096,275.8,204.9,224.81634339388904,110.6,169.3,338.85996831611124,128.5,121.02377240565845,282.6,86.9,25.8,558.8624896805585,223.84822339874765,291.7,194.45748179628032,314.49831395588035,294.2528854017584,1133.7,267.0,177.7,330.2,416.5,168.1,205.0,170.54012578563703,110.21052773920974,589.5,215.2,229.26237761402953,413.78033404547307,187.6,216.9,29.6,365.0,107.89148291292766,345.0,247.2,152.5,304.99064508183153,243.0,293.8,216.39191677537218,89.51107640806549,432.2175261684057,258.7140813568841,201.73307124356495,390.2918437251351,132.9,84.4,254.6,429.0,270.5,147.2,105.8,90.8,231.5,323.1,160.657904583854,302.4,186.4,151.3,104.08444373768052,806.4,278.9,332.30400085379165,419.8,93.4,117.8,284.0,210.66772198468328,288.8745469560215,188.1,249.1,161.7,226.0,267.2,201.4,283.8,263.1,111.4,224.55919819260103,91.5,111.87845065812068,111.8,81.0,224.2,164.4,88.9,282.7,342.3,271.1,80.0,168.83457211365243,282.3,67.6,169.2064545131153,115.2,115.3,147.6,71.9,1.6,233.5877408475203,293.0835628741106,156.2,109.4,2.3578283462521124,122.6,257.7897796391853,252.4,65.5,27.7,156.8,132.8,63.1,55.12660942456057,42.9,83.84337859658038,102.3,405.4,172.8,134.0,96.2599682390571,68.3,108.4,155.2,0.8,108.6,248.0,59.5,204.90327219830496,6.956409175011802,120.7,677.5023916908028,83.3,48.947160453534046,7.5,98.59716305920347,263.0564855535378,298.067951921136,27.7,0.1,139.2,348.46432156877,416.4,406.4,215.3,69.4,18.2,2.9,121.1,300.4,0.2,0.5,0.2,177.7,0.1,1.4697769992194096,0.1,0.1,0.2,0.6,1.0,9.2,577.5,197.1988870416336,13.0,517.8,1.4,170.5,2.5224617527557323,121.0,39.29829075734178,9.7,169.1122106297896,2.1,135.1,120.8,108.7,67.8,126.2,9.4,2.2,1.8,61.48706749101929,156.4,226.81001887063397,272.29378238055784,150.00945601753654,1.2,165.9,2.8,23.5,6.1,368.5,169.4,66.4,5.7,1.0,70.96254841315496,19.6,200.3,12.97900706509307,12.269342048987479,356.0,232.2,12.3,17.7,33.5,193.6,23.8,1.2,1.2,130.9,0.8,7.3,1.1,241.0,2.2,97.4,71.3,39.72188579717895,9.311106717615518,0.575920025879291,2.7,58.6,90.0,0.6,128.0,7.6,72.9,85.1,55.05659259826729,9.4,0.3919977938204034,185.08018237559187,6.9,0.1,62.0,124.9,20.8,135.6,82.6,5.0,2.1020883524798517,45.115473912478805,107.2,4.6,127.8,62.8,49.4,12.6,287.7,37.7,153.1,93.0,11.6,0.1,0.6,126.5,53.4,12.1,41.7,8.528083022067529,0.6474795596602976,27.2,0.1,0.1,0.2,189.51615719234837,14.6,133.14490121903737,11.1,40.3
119,125.1,88.2,76.2,249.9892001398032,149.5757879252916,264.1,114.5,260.6,195.7,185.16326557384005,447.46214026425446,253.9,349.7,270.4869380709815,146.2,255.5,101.0,282.8,291.4,414.8121133868292,228.6527795712944,171.8029024485515,292.5089389238972,137.8,289.4722745345899,141.4,152.0,369.4,220.8,121.7,259.0,105.6,411.3,256.1,183.60809731989062,227.34134540347054,186.94132247317845,236.5,195.7,86.0,250.1,244.6,214.1,293.21715121000216,337.21230713180773,325.0,890.2220069949125,324.2,101.5,148.4,240.16722292547928,78.4,163.6,487.8052813918734,275.8,204.9,259.0822732429576,110.6,169.3,406.12413797770927,128.5,175.20787272496665,282.6,86.9,25.8,604.9674339173125,199.02213691249065,291.7,172.826320005271,242.8526123012523,203.62663443750145,1133.7,267.0,177.7,330.2,416.5,168.1,205.0,182.79782666905749,141.45605125145335,589.5,215.2,278.07917516149155,411.4045193660005,187.6,216.9,29.6,365.0,104.07194534658402,345.0,247.2,152.5,303.2934820517101,243.0,293.8,234.63562402693967,77.38443771142529,364.3687879265611,196.71139073657938,152.82184638227693,314.9078887620736,132.9,84.4,254.6,429.0,270.5,147.2,105.8,90.8,231.5,323.1,137.83470241704876,302.4,186.4,151.3,97.22236571677253,806.4,278.9,308.43407733138383,419.8,93.4,117.8,284.0,255.29235974908937,299.33461237861354,188.1,249.1,161.7,226.0,267.2,201.4,283.8,263.1,111.4,166.2529062339778,91.5,116.79277554176787,111.8,81.0,224.2,164.4,88.9,282.7,342.3,271.1,80.0,138.3157474520385,282.3,67.6,166.74065938084308,115.2,115.3,147.6,71.9,1.6,209.2458208273164,244.22172993202963,156.2,109.4,1.8769685689760869,122.6,239.09675263032864,252.4,65.5,27.7,156.8,132.8,63.1,53.87502001128287,42.9,96.57724749440018,102.3,405.4,172.8,134.0,110.84292664422418,68.3,108.4,155.2,0.8,108.6,248.0,59.5,182.22607558685752,9.031068872654245,120.7,679.1939869018934,83.3,44.992710662694954,7.5,94.19663347504756,315.1671175624098,330.6897812484468,27.7,0.1,139.2,426.4085505854773,416.4,406.4,215.3,69.4,18.2,2.9,121.1,300.4,0.2,0.5,0.2,177.7,0.1,1.306344266291187,0.1,0.1,0.2,0.6,1.0,9.2,577.5,211.90375000409972,13.0,517.8,1.4,170.5,3.2293229926928877,121.0,42.95133519751332,9.7,158.160200842492,2.1,135.1,120.8,108.7,67.8,126.2,9.4,2.2,1.8,65.24654045526644,156.4,213.98306185878306,288.8817892522111,114.80747031280929,1.2,165.9,2.8,23.5,6.1,368.5,169.4,66.4,5.7,1.0,62.217793573893424,19.6,200.3,17.15693741079813,12.185311597997506,356.0,232.2,12.3,17.7,33.5,193.6,23.8,1.2,1.2,130.9,0.8,7.3,1.1,241.0,2.2,97.4,71.3,49.363433266618145,8.411250083136103,0.48722783048618035,2.7,58.6,90.0,0.6,128.0,7.6,72.9,85.1,65.177936926178,9.4,0.3747954348635463,181.19733666364124,6.9,0.1,62.0,124.9,20.8,135.6,82.6,5.0,2.570147805572736,39.41307351312475,107.2,4.6,127.8,62.8,49.4,12.6,287.7,37.7,153.1,93.0,11.6,0.1,0.6,126.5,53.4,12.1,41.7,9.866976090501351,0.5018218758829255,27.2,0.1,0.1,0.2,160.83491387990045,14.6,161.66055359304136,11.1,40.3
120,125.1,88.2,76.2,248.6841312843494,144.26430868965326,264.1,114.5,260.6,195.7,170.50170149744542,450.57498428675865,253.9,349.7,238.88035339244186,146.2,255.5,101.0,282.8,291.4,477.19570274744365,201.73258805839504,146.43339232074433,342.3554600056752,137.8,242.79453796116317,141.4,152.0,369.4,220.8,121.7,259.0,105.6,411.3,256.1,154.32818877163538,229.99751421186454,195.9826427891969,236.5,195.7,86.0,250.1,244.6,214.1,253.9450391162682,318.68790624333485,325.0,732.359678863866,324.2,101.5,148.4,260.3523745946202,78.4,163.6,441.8063365085315,275.8,204.9,248.19902627758538,110.6,169.3,348.2000812714673,128.5,161.96076551837888,282.6,86.9,25.8,559.8024424406212,200.46070128612163,291.7,199.75429466153787,347.38452886843254,285.14815156142765,1133.7,267.0,177.7,330.2,416.5,168.1,205.0,171.2805393730215,130.63691790786694,589.5,215.2,204.27968180808747,493.20749848796174,187.6,216.9,29.6,365.0,133.7683983331495,345.0,247.2,152.5,229.45094479761522,243.0,293.8,239.1517430243182,91.50370207423029,332.20571871341707,234.97948942723,166.49772502154062,394.30787458794066,132.9,84.4,254.6,429.0,270.5,147.2,105.8,90.8,231.5,323.1,148.49352652908885,302.4,186.4,151.3,99.22970370824248,806.4,278.9,267.2576568651897,419.8,93.4,117.8,284.0,232.73243398702564,217.40158416922503,188.1,249.1,161.7,226.0,267.2,201.4,283.8,263.1,111.4,197.49282887682583,91.5,130.17028918411097,111.8,81.0,224.2,164.4,88.9,282.7,342.3,271.1,80.0,165.95294096689975,282.3,67.6,164.86245797342897,115.2,115.3,147.6,71.9,1.6,278.63954284755164,286.00837579977576,156.2,109.4,2.2822095425950937,122.6,227.36215480299668,252.4,65.5,27.7,156.8,132.8,63.1,56.47940308085016,42.9,76.4018386106338,102.3,405.4,172.8,134.0,99.86439822247044,68.3,108.4,155.2,0.8,108.6,248.0,59.5,215.50081013026983,8.682463890304568,120.7,588.143157615256,83.3,43.76049127221322,7.5,128.5684382278584,338.84923468662697,334.5851978110094,27.7,0.1,139.2,410.02487969299,416.4,406.4,215.3,69.4,18.2,2.9,121.1,300.4,0.2,0.5,0.2,177.7,0.1,1.507503157166504,0.1,0.1,0.2,0.6,1.0,9.2,577.5,249.74186922897866,13.0,517.8,1.4,170.5,3.132138494022639,121.0,35.254766086005844,9.7,169.64848950729757,2.1,135.1,120.8,108.7,67.8,126.2,9.4,2.2,1.8,71.40384735941001,156.4,220.17814787108426,266.56259767887036,139.0435101165323,1.2,165.9,2.8,23.5,6.1,368.5,169.4,66.4,5.7,1.0,64.59931023183665,19.6,200.3,14.699179475069347,10.975112945650496,356.0,232.2,12.3,17.7,33.5,193.6,23.8,1.2,1.2,130.9,0.8,7.3,1.1,241.0,2.2,97.4,71.3,52.47857130939302,6.874485474688775,0.5842878341559254,2.7,58.6,90.0,0.6,128.0,7.6,72.9,85.1,60.38011304897064,9.4,0.4458074772543321,192.21768752826716,6.9,0.1,62.0,124.9,20.8,135.6,82.6,5.0,2.8346875165176924,38.195753176221764,107.2,4.6,127.8,62.8,49.4,12.6,287.7,37.7,153.1,93.0,11.6,0.1,0.6,126.5,53.4,12.1,41.7,6.987104211582223,0.5688343465903343,27.2,0.1,0.1,0.2,184.63923714282072,14.6,140.45401840655865,11.1,40.3
121,125.1,88.2,76.2,223.49340461323698,150.807401769526,264.1,114.5,260.6,195.7,189.06342640989598,318.40702580142784,253.9,349.7,305.6865467032393,146.2,255.5,101.0,282.8,291.4,401.95502274544117,243.8788705337986,188.45986512790986,317.22577442398745,137.8,249.66554142000186,141.4,152.0,369.4,220.8,121.7,259.0,105.6,411.3,256.1,171.20849924079354,201.4217213075911,150.64847773200864,236.5,195.7,86.0,250.1,244.6,214.1,289.02271117098763,269.04011705182415,325.0,876.838343502247,324.2,101.5,148.4,277.76446193513186,78.4,163.6,480.40875740916556,275.8,204.9,200.36056889796598,110.6,169.3,353.3565063710046,128.5,150.14059834258535,282.6,86.9,25.8,561.0841987014388,268.8232625127092,291.7,166.3942876097321,311.9014766420678,205.52946378889263,1133.7,267.0,177.7,330.2,416.5,168.1,205.0,208.4946236493684,123.14314720767796,589.5,215.2,246.96385321093535,408.42515956266095,187.6,216.9,29.6,365.0,121.67853529236268,345.0,247.2,152.5,269.1165223299991,243.0,293.8,184.0310590723474,95.11680086443397,424.95109953097005,226.51598069639,169.62774209241033,365.47420565859386,132.9,84.4,254.6,429.0,270.5,147.2,105.8,90.8,231.5,323.1,131.3355607647151,302.4,186.4,151.3,70.03630286226571,806.4,278.9,339.40702554610056,419.8,93.4,117.8,284.0,274.7471777719171,273.08411898793923,188.1,249.1,161.7,226.0,267.2,201.4,283.8,263.1,111.4,232.34031071811685,91.5,103.90015502365623,111.8,81.0,224.2,164.4,88.9,282.7,342.3,271.1,80.0,182.83000624991334,282.3,67.6,155.70380856058514,115.2,115.3,147.6,71.9,1.6,218.35370014544174,269.9635041383146,156.2,109.4,1.998624466232437,122.6,261.0754156967836,252.4,65.5,27.7,156.8,132.8,63.1,57.87511717031365,42.9,77.9781752372357,102.3,405.4,172.8,134.0,79.6371977199958,68.3,108.4,155.2,0.8,108.6,248.0,59.5,231.40869033012595,8.198493353416275,120.7,635.3062939438214,83.3,49.17048788818314,7.5,92.96580308833543,368.59937594071835,282.1021110292593,27.7,0.1,139.2,459.47988367296057,416.4,406.4,215.3,69.4,18.2,2.9,121.1,300.4,0.2,0.5,0.2,177.7,0.1,1.304235446219693,0.1,0.1,0.2,0.6,1.0,9.2,577.5,184.6134191963303,13.0,517.8,1.4,170.5,3.104662445828099,121.0,41.20448283755712,9.7,148.48722735054247,2.1,135.1,120.8,108.7,67.8,126.2,9.4,2.2,1.8,62.34342553622853,156.4,198.2979853639074,270.73761103981883,132.12166538413868,1.2,165.9,2.8,23.5,6.1,368.5,169.4,66.4,5.7,1.0,70.07601352380621,19.6,200.3,16.15093202817652,13.77192181695224,356.0,232.2,12.3,17.7,33.5,193.6,23.8,1.2,1.2,130.9,0.8,7.3,1.1,241.0,2.2,97.4,71.3,43.6264590684795,8.06304097315,0.413947516623371,2.7,58.6,90.0,0.6,128.0,7.6,72.9,85.1,63.0804328659855,9.4,0.43269098848497534,180.59345707739868,6.9,0.1,62.0,124.9,20.8,135.6,82.6,5.0,2.4904280147777373,41.51859288497603,107.2,4.6,127.8,62.8,49.4,12.6,287.7,37.7,153.1,93.0,11.6,0.1,0.6,126.5,53.4,12.1,41.7,7.438272523793678,0.6638032950381029,27.2,0.1,0.1,0.2,154.17732696989725,14.6,168.00806828511486,11.1,40.3
122,125.1,88.2,76.2,234.97327593755335,158.27690856347326,264.1,114.5,260.6,195.7,238.71240284212286,368.85224092659917,253.9,349.7,274.7193703227482,146.2,255.5,101.0,282.8,291.4,360.7314608124416,235.00475786293816,163.7184019079475,359.6939297346092,137.8,224.99889181336567,141.4,152.0,369.4,220.8,121.7,259.0,105.6,411.3,256.1,160.20181773399955,271.30500386658065,170.24894810560073,236.5,195.7,86.0,250.1,244.6,214.1,300.97395120412006,279.42924484789836,325.0,845.1496144600496,324.2,101.5,148.4,218.12330362015524,78.4,163.6,508.3181950441408,275.8,204.9,189.88015013171088,110.6,169.3,350.90937750011926,128.5,157.3748068692526,282.6,86.9,25.8,651.1084913962613,241.76062474476603,291.7,178.77894777468197,320.7424384469792,285.4086669634661,1133.7,267.0,177.7,330.2,416.5,168.1,205.0,173.79971237009923,156.8096349273847,589.5,215.2,203.3838206893462,466.5049187910447,187.6,216.9,29.6,365.0,104.52293805643454,345.0,247.2,152.5,238.60189995444864,243.0,293.8,205.0905372091153,93.6839388588636,364.8868829095684,264.0855950397202,172.36581775871196,319.4285745687322,132.9,84.4,254.6,429.0,270.5,147.2,105.8,90.8,231.5,323.1,177.80589225348191,302.4,186.4,151.3,96.2785078297277,806.4,278.9,371.61237173671304,419.8,93.4,117.8,284.0,280.47501300612777,227.36254226346892,188.1,249.1,161.7,226.0,267.2,201.4,283.8,263.1,111.4,233.33438166104338,91.5,120.78610172508621,111.8,81.0,224.2,164.4,88.9,282.7,342.3,271.1,80.0,178.8316288384496,282.3,67.6,149.79996967501887,115.2,115.3,147.6,71.9,1.6,287.7302441074487,246.22834482965976,156.2,109.4,1.9761147764773717,122.6,300.6684332818155,252.4,65.5,27.7,156.8,132.8,63.1,54.392550401708014,42.9,90.01968937978182,102.3,405.4,172.8,134.0,93.87103414418495,68.3,108.4,155.2,0.8,108.6,248.0,59.5,200.91650142200191,9.17790824554106,120.7,758.2595599794839,83.3,38.9643326565665,7.5,96.43236393398175,319.7935485987381,304.6187900684678,27.7,0.1,139.2,487.3539421313153,416.4,406.4,215.3,69.4,18.2,2.9,121.1,300.4,0.2,0.5,0.2,177.7,0.1,1.7120695211930976,0.1,0.1,0.2,0.6,1.0,9.2,577.5,247.69015210112906,13.0,517.8,1.4,170.5,3.5562524154658712,121.0,31.96615058832356,9.7,174.37121527397932,2.1,135.1,120.8,108.7,67.8,126.2,9.4,2.2,1.8,65.83736954582253,156.4,171.6777300487633,216.01195562129453,130.4493724980121,1.2,165.9,2.8,23.5,6.1,368.5,169.4,66.4,5.7,1.0,67.78240704966561,19.6,200.3,17.674588344553133,13.113683780928291,356.0,232.2,12.3,17.7,33.5,193.6,23.8,1.2,1.2,130.9,0.8,7.3,1.1,241.0,2.2,97.4,71.3,53.462103157659364,9.057335624648502,0.5378964583851635,2.7,58.6,90.0,0.6,128.0,7.6,72.9,85.1,54.42229323907398,9.4,0.4579470947120398,208.6779745720306,6.9,0.1,62.0,124.9,20.8,135.6,82.6,5.0,1.94332147191326,34.56624443389564,107.2,4.6,127.8,62.8,49.4,12.6,287.7,37.7,153.1,93.0,11.6,0.1,0.6,126.5,53.4,12.1,41.7,8.02221086155781,0.4839682823572857,27.2,0.1,0.1,0.2,141.3408703955802,14.6,171.0442170708719,11.1,40.3
123,125.1,88.2,76.2,235.52868171819216,125.64505917069158,264.1,114.5,260.6,195.7,170.76660018685223,305.0071112797217,253.9,349.7,282.6899497032517,146.2,255.5,101.0,282.8,291.4,419.2781953452038,197.40875492925457,171.57939600971528,282.72213481598845,137.8,267.7281845330795,141.4,152.0,369.4,220.8,121.7,259.0,105.6,411.3,256.1,154.37403393285246,203.6690553942782,161.34999579450164,236.5,195.7,86.0,250.1,244.6,214.1,315.7800137379564,324.09817410985636,325.0,946.5106366685898,324.2,101.5,148.4,193.99013864413124,78.4,163.6,432.5012082280999,275.8,204.9,250.0693938673233,110.6,169.3,345.3713169726071,128.5,149.9752073307685,282.6,86.9,25.8,676.7731864404556,218.20378481238163,291.7,200.88900965572572,253.93447414673508,293.8673986916872,1133.7,267.0,177.7,330.2,416.5,168.1,205.0,170.5095658797832,144.90337731379157,589.5,215.2,219.71087221173772,505.17325923374267,187.6,216.9,29.6,365.0,106.58598645539465,345.0,247.2,152.5,251.99418200114172,243.0,293.8,204.40699108641573,87.76397984969155,443.4000909843543,277.6000793826404,146.82328722264802,366.3941100401893,132.9,84.4,254.6,429.0,270.5,147.2,105.8,90.8,231.5,323.1,157.80273807010602,302.4,186.4,151.3,78.27537489816615,806.4,278.9,346.56545584290717,419.8,93.4,117.8,284.0,201.47081505694348,269.3766294304902,188.1,249.1,161.7,226.0,267.2,201.4,283.8,263.1,111.4,177.61347943669747,91.5,119.7564726170531,111.8,81.0,224.2,164.4,88.9,282.7,342.3,271.1,80.0,160.2764161146048,282.3,67.6,219.742571085845,115.2,115.3,147.6,71.9,1.6,258.9667071388201,221.78472043215186,156.2,109.4,2.024327900329778,122.6,308.8714973822796,252.4,65.5,27.7,156.8,132.8,63.1,52.56345960786528,42.9,80.02189854306175,102.3,405.4,172.8,134.0,98.96566918203843,68.3,108.4,155.2,0.8,108.6,248.0,59.5,215.83248951786373,7.712488203993942,120.7,832.5587560004362,83.3,48.86129211682765,7.5,128.16009402391626,337.65248949863695,298.6388865777617,27.7,0.1,139.2,400.43181103945153,416.4,406.4,215.3,69.4,18.2,2.9,121.1,300.4,0.2,0.5,0.2,177.7,0.1,1.668313506937569,0.1,0.1,0.2,0.6,1.0,9.2,577.5,179.9708835223357,13.0,517.8,1.4,170.5,3.5839175063746675,121.0,40.75534396610797,9.7,135.6799742793908,2.1,135.1,120.8,108.7,67.8,126.2,9.4,2.2,1.8,63.42041063119616,156.4,184.64511807456012,204.10947749957387,111.04969869647078,1.2,165.9,2.8,23.5,6.1,368.5,169.4,66.4,5.7,1.0,64.69153623637092,19.6,200.3,14.57725013345428,13.58261004913069,356.0,232.2,12.3,17.7,33.5,193.6,23.8,1.2,1.2,130.9,0.8,7.3,1.1,241.0,2.2,97.4,71.3,55.06791390402239,8.88514566233291,0.5245014957948508,2.7,58.6,90.0,0.6,128.0,7.6,72.9,85.1,72.2394318714183,9.4,0.37722517211144707,199.1741609246693,6.9,0.1,62.0,124.9,20.8,135.6,82.6,5.0,2.419253493250018,42.62654854327661,107.2,4.6,127.8,62.8,49.4,12.6,287.7,37.7,153.1,93.0,11.6,0.1,0.6,126.5,53.4,12.1,41.7,6.975966824676856,0.6606664613203481,27.2,0.1,0.1,0.2,183.50283697340114,14.6,132.539656545386,11.1,40.3
124,125.1,88.2,76.2,263.7091193006578,171.5177894066729,264.1,114.5,260.6,195.7,202.2735389900152,400.0790179892785,253.9,349.7,331.0876187972997,146.2,255.5,101.0,282.8,291.4,400.0792651041213,176.45632916740186,181.53931143125826,377.9378684668415,137.8,220.58459154728624,141.4,152.0,369.4,220.8,121.7,259.0,105.6,411.3,256.1,157.05663164216426,242.93338463296837,174.32240174840084,236.5,195.7,86.0,250.1,244.6,214.1,344.2987727040704,262.1262648643782,325.0,704.6778950145081,324.2,101.5,148.4,197.39716353423117,78.4,163.6,496.64587261180696,275.8,204.9,221.05940402757753,110.6,169.3,297.78766005538233,128.5,147.3783555487093,282.6,86.9,25.8,588.4090993849711,288.6839520633447,291.7,214.40299512841966,245.68180609411223,232.13203092972756,1133.7,267.0,177.7,330.2,416.5,168.1,205.0,206.92887767788426,149.52513177207075,589.5,215.2,258.96607360497757,383.5785887647968,187.6,216.9,29.6,365.0,117.53284329839452,345.0,247.2,152.5,290.1282788014097,243.0,293.8,187.77474296055783,80.41900513879183,336.9510996604016,199.83733053285613,202.52164517092166,353.46125104348516,132.9,84.4,254.6,429.0,270.5,147.2,105.8,90.8,231.5,323.1,152.73297766857436,302.4,186.4,151.3,97.4050848672623,806.4,278.9,400.3147855192818,419.8,93.4,117.8,284.0,233.61216687708418,224.33411757849646,188.1,249.1,161.7,226.0,267.2,201.4,283.8,263.1,111.4,232.68082185819668,91.5,107.48563467245626,111.8,81.0,224.2,164.4,88.9,282.7,342.3,271.1,80.0,181.37510979272764,282.3,67.6,174.98111288667633,115.2,115.3,147.6,71.9,1.6,297.60016021646595,267.9593872463256,156.2,109.4,2.1733183827197964,122.6,265.09666970761896,252.4,65.5,27.7,156.8,132.8,63.1,57.48632481316503,42.9,68.46891644729945,102.3,405.4,172.8,134.0,110.61622010458333,68.3,108.4,155.2,0.8,108.6,248.0,59.5,239.7035995250067,6.920627632771328,120.7,602.5830356279054,83.3,38.32780258113453,7.5,102.15629284116325,276.82682122865947,258.0653825361807,27.7,0.1,139.2,348.73006095057843,416.4,406.4,215.3,69.4,18.2,2.9,121.1,300.4,0.2,0.5,0.2,177.7,0.1,1.7613014781974945,0.1,0.1,0.2,0.6,1.0,9.2,577.5,256.28479978077706,13.0,517.8,1.4,170.5,2.7725152455288393,121.0,33.0610218201371,9.7,173.1729332034169,2.1,135.1,120.8,108.7,67.8,126.2,9.4,2.2,1.8,62.43512245840557,156.4,204.01054945175474,205.80588747014627,114.80804893296387,1.2,165.9,2.8,23.5,6.1,368.5,169.4,66.4,5.7,1.0,65.1516885256382,19.6,200.3,16.37736836505561,13.753286941203159,356.0,232.2,12.3,17.7,33.5,193.6,23.8,1.2,1.2,130.9,0.8,7.3,1.1,241.0,2.2,97.4,71.3,46.92015240037203,8.554701581737275,0.554973674531904,2.7,58.6,90.0,0.6,128.0,7.6,72.9,85.1,66.47011964835883,9.4,0.3530724863538595,176.85171329790893,6.9,0.1,62.0,124.9,20.8,135.6,82.6,5.0,2.7323867886911266,33.80166985959233,107.2,4.6,127.8,62.8,49.4,12.6,287.7,37.7,153.1,93.0,11.6,0.1,0.6,126.5,53.4,12.1,41.7,9.166243723368442,0.5475685290483121,27.2,0.1,0.1,0.2,143.38540462261258,14.6,137.68176843572195,11.1,40.3
125,125.1,88.2,76.2,253.08796966101772,140.94272983897199,264.1,114.5,260.6,195.7,197.82662299944317,443.5587851981697,253.9,349.7,246.23932768221772,146.2,255.5,101.0,282.8,291.4,438.6352185559,181.9338896195659,131.73766672128755,266.76419948522994,137.8,255.99851249042928,141.4,152.0,369.4,220.8,121.7,259.0,105.6,411.3,256.1,173.86526997195924,194.92993336805688,177.4621659192893,236.5,195.7,86.0,250.1,244.6,214.1,294.75895234272565,326.837190887508,325.0,761.6183795877049,324.2,101.5,148.4,213.71181419874793,78.4,163.6,449.86289766291554,275.8,204.9,255.4320049101795,110.6,169.3,426.9614995920163,128.5,119.76348375641658,282.6,86.9,25.8,522.7302780056871,232.20047352956846,291.7,193.21449789886736,235.69227328811363,221.55963515198067,1133.7,267.0,177.7,330.2,416.5,168.1,205.0,164.3691939369878,117.4342470718892,589.5,215.2,192.59961748867346,417.6489021008143,187.6,216.9,29.6,365.0,113.21516449580471,345.0,247.2,152.5,301.23117636095157,243.0,293.8,164.93201999401515,91.6282966729273,362.05543730736616,198.33949183456843,174.26598628538073,378.01682440396786,132.9,84.4,254.6,429.0,270.5,147.2,105.8,90.8,231.5,323.1,182.88522731568787,302.4,186.4,151.3,87.73043329952128,806.4,278.9,304.31880750445407,419.8,93.4,117.8,284.0,202.8835497732296,217.46138798969542,188.1,249.1,161.7,226.0,267.2,201.4,283.8,263.1,111.4,221.9158127227011,91.5,111.07118772508741,111.8,81.0,224.2,164.4,88.9,282.7,342.3,271.1,80.0,131.46378780048997,282.3,67.6,198.50346159059322,115.2,115.3,147.6,71.9,1.6,224.78351178825224,246.0361856966556,156.2,109.4,1.836517653412648,122.6,301.0269780415027,252.4,65.5,27.7,156.8,132.8,63.1,56.89962575296656,42.9,84.28212536231207,102.3,405.4,172.8,134.0,85.73793703037535,68.3,108.4,155.2,0.8,108.6,248.0,59.5,200.6949262052741,9.235565924555525,120.7,769.2256285155629,83.3,43.293873104649236,7.5,94.7558826902446,344.47538283221166,279.67463488902496,27.7,0.1,139.2,382.35230285632684,416.4,406.4,215.3,69.4,18.2,2.9,121.1,300.4,0.2,0.5,0.2,177.7,0.1,1.7024148491114794,0.1,0.1,0.2,0.6,1.0,9.2,577.5,245.3326343970458,13.0,517.8,1.4,170.5,3.1081717905557413,121.0,36.895729275481614,9.7,173.62789208180178,2.1,135.1,120.8,108.7,67.8,126.2,9.4,2.2,1.8,61.05080844253649,156.4,229.23206366234547,218.53434100116408,146.9958004135317,1.2,165.9,2.8,23.5,6.1,368.5,169.4,66.4,5.7,1.0,55.12376900896755,19.6,200.3,17.005522611166214,14.462349208444923,356.0,232.2,12.3,17.7,33.5,193.6,23.8,1.2,1.2,130.9,0.8,7.3,1.1,241.0,2.2,97.4,71.3,39.86472500410196,7.942353416401604,0.5823959569007844,2.7,58.6,90.0,0.6,128.0,7.6,72.9,85.1,72.90506647515085,9.4,0.4064577412078918,197.40220427109688,6.9,0.1,62.0,124.9,20.8,135.6,82.6,5.0,2.1272108724075793,43.21947867610716,107.2,4.6,127.8,62.8,49.4,12.6,287.7,37.7,153.1,93.0,11.6,0.1,0.6,126.5,53.4,12.1,41.7,9.296051104705672,0.4922952044009902,27.2,0.1,0.1,0.2,172.8365606883907,14.6,165.73044164893258,11.1,40.3
126,125.1,88.2,76.2,252.0562378101888,169.34364343728893,264.1,114.5,260.6,195.7,184.12642401603142,419.6671266600116,253.9,349.7,242.79497908095826,146.2,255.5,101.0,282.8,291.4,425.77689880506466,199.614875355339,158.59980007624233,275.0981988648327,137.8,230.20781527219714,141.4,152.0,369.4,220.8,121.7,259.0,105.6,411.3,256.1,156.58308772659214,235.29487601931476,184.83056832434966,236.5,195.7,86.0,250.1,244.6,214.1,281.802157758656,258.83332251685573,325.0,717.1344275109982,324.2,101.5,148.4,237.45608310095616,78.4,163.6,519.3207290809074,275.8,204.9,213.65969523533892,110.6,169.3,389.0643603025552,128.5,131.58343860015114,282.6,86.9,25.8,551.8045169586272,276.6398154248526,291.7,186.10565393920646,319.11228188561836,258.95387767324127,1133.7,267.0,177.7,330.2,416.5,168.1,205.0,198.79465084520479,106.99555866840288,589.5,215.2,212.28820875750372,426.9385979750551,187.6,216.9,29.6,365.0,121.16404753252041,345.0,247.2,152.5,287.93524454046315,243.0,293.8,193.79387868740037,109.82545155544048,366.32270841610585,274.48256211042775,153.00846875349686,309.69229064779523,132.9,84.4,254.6,429.0,270.5,147.2,105.8,90.8,231.5,323.1,175.16932351142162,302.4,186.4,151.3,88.49724632353087,806.4,278.9,291.76602445015726,419.8,93.4,117.8,284.0,298.16766943024265,228.07637480444953,188.1,249.1,161.7,226.0,267.2,201.4,283.8,263.1,111.4,225.6622618775315,91.5,133.23185766777954,111.8,81.0,224.2,164.4,88.9,282.7,342.3,271.1,80.0,168.90272958235872,282.3,67.6,210.77467840659676,115.2,115.3,147.6,71.9,1.6,203.14242328654794,284.1084829965014,156.2,109.4,2.29144245451496,122.6,280.08566166923515,252.4,65.5,27.7,156.8,132.8,63.1,56.55484349415221,42.9,94.17385724530597,102.3,405.4,172.8,134.0,89.41594451706541,68.3,108.4,155.2,0.8,108.6,248.0,59.5,236.7189731434314,7.947158152189488,120.7,607.4667927501445,83.3,49.87454098419714,7.5,101.3291012333694,349.15730453884,268.1223683244424,27.7,0.1,139.2,432.74450490525294,416.4,406.4,215.3,69.4,18.2,2.9,121.1,300.4,0.2,0.5,0.2,177.7,0.1,1.7002857377869653,0.1,0.1,0.2,0.6,1.0,9.2,577.5,258.19170856280834,13.0,517.8,1.4,170.5,2.5744336544383626,121.0,38.29669112256889,9.7,127.83866149009071,2.1,135.1,120.8,108.7,67.8,126.2,9.4,2.2,1.8,68.79688962154592,156.4,173.28023515609144,237.67070162538658,121.9784863459732,1.2,165.9,2.8,23.5,6.1,368.5,169.4,66.4,5.7,1.0,66.18480763749291,19.6,200.3,12.465161610152819,15.025770179974948,356.0,232.2,12.3,17.7,33.5,193.6,23.8,1.2,1.2,130.9,0.8,7.3,1.1,241.0,2.2,97.4,71.3,50.09022104127895,6.704993227545392,0.5841416420543308,2.7,58.6,90.0,0.6,128.0,7.6,72.9,85.1,70.81863495012263,9.4,0.3911760075356381,194.15699518407945,6.9,0.1,62.0,124.9,20.8,135.6,82.6,5.0,2.746331690196076,39.39711699997634,107.2,4.6,127.8,62.8,49.4,12.6,287.7,37.7,153.1,93.0,11.6,0.1,0.6,126.5,53.4,12.1,41.7,6.992168224112297,0.6383397082994567,27.2,0.1,0.1,0.2,176.675712006328,14.6,163.50028784442088,11.1,40.3
127,125.1,88.2,76.2,227.34429761941715,133.10962089429498,264.1,114.5,260.6,195.7,233.72311566237585,317.98249363278296,253.9,349.7,272.06839452489527,146.2,255.5,101.0,282.8,291.4,376.72762091025857,249.70503602025934,189.49722373017866,316.14117784236,137.8,291.7252884695316,141.4,152.0,369.4,220.8,121.7,259.0,105.6,411.3,256.1,143.2695251639003,261.4000374148408,191.07781492011438,236.5,195.7,86.0,250.1,244.6,214.1,263.9078386345429,352.2652986044611,325.0,894.6432781862974,324.2,101.5,148.4,225.73552492918117,78.4,163.6,506.68356078743415,275.8,204.9,178.1898279563029,110.6,169.3,375.026543205327,128.5,145.03808380701096,282.6,86.9,25.8,458.5747532354672,271.51863931000753,291.7,216.16761945380318,286.55018474517067,293.918594974459,1133.7,267.0,177.7,330.2,416.5,168.1,205.0,227.24688199252637,153.27030628260337,589.5,215.2,271.70564544263874,435.8243157135355,187.6,216.9,29.6,365.0,116.48172324736852,345.0,247.2,152.5,308.4311861445882,243.0,293.8,205.11694457208534,80.6515165910139,382.59370843672286,271.087761192264,165.7426849577344,367.65453444388214,132.9,84.4,254.6,429.0,270.5,147.2,105.8,90.8,231.5,323.1,168.56937213726917,302.4,186.4,151.3,76.80908624098535,806.4,278.9,295.38325312926304,419.8,93.4,117.8,284.0,265.431382685694,283.3658180582231,188.1,249.1,161.7,226.0,267.2,201.4,283.8,263.1,111.4,168.04218525524917,91.5,139.99204934868456,111.8,81.0,224.2,164.4,88.9,282.7,342.3,271.1,80.0,150.64767660858257,282.3,67.6,202.77935884582035,115.2,115.3,147.6,71.9,1.6,231.7692685419388,306.15449873172156,156.2,109.4,2.189116527982834,122.6,264.1895638904406,252.4,65.5,27.7,156.8,132.8,63.1,45.948544708571305,42.9,76.05901511174976,102.3,405.4,172.8,134.0,80.77700317676027,68.3,108.4,155.2,0.8,108.6,248.0,59.5,177.65467309873858,8.550937911265292,120.7,618.0814075378552,83.3,50.54178091733979,7.5,129.75739476633387,319.6556930786634,341.48382471588724,27.7,0.1,139.2,464.2030887313834,416.4,406.4,215.3,69.4,18.2,2.9,121.1,300.4,0.2,0.5,0.2,177.7,0.1,1.7440090849584586,0.1,0.1,0.2,0.6,1.0,9.2,577.5,199.33407795126828,13.0,517.8,1.4,170.5,3.059101515509402,121.0,39.67515453487757,9.7,178.38845904428652,2.1,135.1,120.8,108.7,67.8,126.2,9.4,2.2,1.8,50.37028529168102,156.4,227.12015861831622,204.5136249910451,106.06742561722623,1.2,165.9,2.8,23.5,6.1,368.5,169.4,66.4,5.7,1.0,51.57893976694521,19.6,200.3,15.139446095068253,13.419131565434997,356.0,232.2,12.3,17.7,33.5,193.6,23.8,1.2,1.2,130.9,0.8,7.3,1.1,241.0,2.2,97.4,71.3,51.70503736424502,7.591211528857801,0.5290821325314317,2.7,58.6,90.0,0.6,128.0,7.6,72.9,85.1,76.48223222989171,9.4,0.4270099577870833,193.59137211764713,6.9,0.1,62.0,124.9,20.8,135.6,82.6,5.0,2.101843035425403,37.631909415400976,107.2,4.6,127.8,62.8,49.4,12.6,287.7,37.7,153.1,93.0,11.6,0.1,0.6,126.5,53.4,12.1,41.7,10.144649750932862,0.6822063972680538,27.2,0.1,0.1,0.2,151.70577606835806,14.6,159.18313208974223,11.1,40.3
128,125.1,88.2,76.2,231.04960761690717,158.5144642590056,264.1,114.5,260.6,195.7,188.94089552357286,332.17794815734544,253.9,349.7,252.82680849027773,146.2,255.5,101.0,282.8,291.4,393.1595292764468,251.13596003695653,177.0303806344005,288.08319469271754,137.8,298.21545374567893,141.4,152.0,369.4,220.8,121.7,259.0,105.6,411.3,256.1,182.18346784685517,254.76497908289417,153.64082644422342,236.5,195.7,86.0,250.1,244.6,214.1,320.48428283303565,366.32258750436336,325.0,896.6391519729514,324.2,101.5,148.4,255.61863768743757,78.4,163.6,444.3171888556464,275.8,204.9,193.87709041040216,110.6,169.3,396.33183605027745,128.5,172.44862306075078,282.6,86.9,25.8,654.796529157861,289.7200966251955,291.7,215.08397186706324,292.0528365032311,222.29930886712677,1133.7,267.0,177.7,330.2,416.5,168.1,205.0,168.76529433155576,128.77464502642536,589.5,215.2,211.1862110531715,448.70658706721633,187.6,216.9,29.6,365.0,122.37141183460683,345.0,247.2,152.5,253.94419073115623,243.0,293.8,222.38564210988346,108.90099918381719,377.28514339536474,235.98352162451795,157.01654840354956,330.9003737749716,132.9,84.4,254.6,429.0,270.5,147.2,105.8,90.8,231.5,323.1,127.98114473461504,302.4,186.4,151.3,83.01258513551325,806.4,278.9,398.5575488720805,419.8,93.4,117.8,284.0,212.69428062414778,255.14488376720502,188.1,249.1,161.7,226.0,267.2,201.4,283.8,263.1,111.4,222.93872928339528,91.5,148.1528430228437,111.8,81.0,224.2,164.4,88.9,282.7,342.3,271.1,80.0,181.9137014726512,282.3,67.6,181.8853113428385,115.2,115.3,147.6,71.9,1.6,215.90491542957932,239.40916878277818,156.2,109.4,2.1255577164211528,122.6,291.03441658597234,252.4,65.5,27.7,156.8,132.8,63.1,52.066401679169836,42.9,66.55822910661932,102.3,405.4,172.8,134.0,86.31332881419347,68.3,108.4,155.2,0.8,108.6,248.0,59.5,236.5146787271295,7.616219030521824,120.7,666.5903014068728,83.3,43.06675703015573,7.5,124.34424355858492,263.5592270091881,265.1221193990655,27.7,0.1,139.2,416.45734655696134,416.4,406.4,215.3,69.4,18.2,2.9,121.1,300.4,0.2,0.5,0.2,177.7,0.1,1.357090623528588,0.1,0.1,0.2,0.6,1.0,9.2,577.5,193.77581954683146,13.0,517.8,1.4,170.5,2.525416343972501,121.0,44.895328138651394,9.7,175.49183621751575,2.1,135.1,120.8,108.7,67.8,126.2,9.4,2.2,1.8,61.041598016292596,156.4,173.14119977665766,290.14131819268084,102.70606748835355,1.2,165.9,2.8,23.5,6.1,368.5,169.4,66.4,5.7,1.0,75.97345358452338,19.6,200.3,15.27175018517036,15.019143616767273,356.0,232.2,12.3,17.7,33.5,193.6,23.8,1.2,1.2,130.9,0.8,7.3,1.1,241.0,2.2,97.4,71.3,49.69205148850768,8.168684264142673,0.5614136216877785,2.7,58.6,90.0,0.6,128.0,7.6,72.9,85.1,64.04228595161396,9.4,0.4084914034096887,188.45758584446392,6.9,0.1,62.0,124.9,20.8,135.6,82.6,5.0,2.822290205477121,45.41304120703656,107.2,4.6,127.8,62.8,49.4,12.6,287.7,37.7,153.1,93.0,11.6,0.1,0.6,126.5,53.4,12.1,41.7,7.415430557472182,0.5429727309080218,27.2,0.1,0.1,0.2,157.83582922631754,14.6,129.93386997398466,11.1,40.3
129,125.1,88.2,76.2,188.2037706503669,154.5154432559293,264.1,114.5,260.6,195.7,196.71583661729366,445.5063386564244,253.9,349.7,239.73064237143802,146.2,255.5,101.0,282.8,291.4,459.2895103845263,195.7003967206023,183.0509361993193,359.89600796682305,137.8,235.22210114350491,141.4,152.0,369.4,220.8,121.7,259.0,105.6,411.3,256.1,169.2750934514801,241.54502252574505,157.20204488003506,236.5,195.7,86.0,250.1,244.6,214.1,260.2497939958172,350.4867798000397,325.0,695.6335241691121,324.2,101.5,148.4,233.88647816147412,78.4,163.6,459.97139259245546,275.8,204.9,174.95240891995914,110.6,169.3,348.91782134918054,128.5,146.0526830227374,282.6,86.9,25.8,575.3099997383196,246.53543997428108,291.7,222.62221016284565,313.82444923769145,239.80517953056497,1133.7,267.0,177.7,330.2,416.5,168.1,205.0,208.75827360350644,140.087152026479,589.5,215.2,242.27009832490282,390.43012530416445,187.6,216.9,29.6,365.0,110.28273688403762,345.0,247.2,152.5,231.10884104730505,243.0,293.8,194.8797672688649,82.21720994382935,394.9971290187025,227.28829504983145,173.69349007503135,302.8484772842472,132.9,84.4,254.6,429.0,270.5,147.2,105.8,90.8,231.5,323.1,162.75336941606838,302.4,186.4,151.3,95.03781572392855,806.4,278.9,316.6320712284353,419.8,93.4,117.8,284.0,219.44869529593964,217.48125406800878,188.1,249.1,161.7,226.0,267.2,201.4,283.8,263.1,111.4,223.97753640093578,91.5,120.52687865478502,111.8,81.0,224.2,164.4,88.9,282.7,342.3,271.1,80.0,128.84014923867832,282.3,67.6,185.9723413133539,115.2,115.3,147.6,71.9,1.6,224.82836020730986,281.4434313890655,156.2,109.4,1.7949052922661402,122.6,281.6461555301611,252.4,65.5,27.7,156.8,132.8,63.1,46.15856565658042,42.9,88.98721501482146,102.3,405.4,172.8,134.0,101.92964728190903,68.3,108.4,155.2,0.8,108.6,248.0,59.5,194.8154025163944,8.996503079675762,120.7,595.7079215667435,83.3,36.80745532438607,7.5,105.59024387593996,331.5749835892551,316.0849197702326,27.7,0.1,139.2,348.4726296536214,416.4,406.4,215.3,69.4,18.2,2.9,121.1,300.4,0.2,0.5,0.2,177.7,0.1,1.8732101569337698,0.1,0.1,0.2,0.6,1.0,9.2,577.5,193.91132056330054,13.0,517.8,1.4,170.5,2.6016637811715575,121.0,41.36125551588573,9.7,184.45604557275377,2.1,135.1,120.8,108.7,67.8,126.2,9.4,2.2,1.8,57.57513606326742,156.4,159.28475696654436,232.1206040629417,131.86088951074152,1.2,165.9,2.8,23.5,6.1,368.5,169.4,66.4,5.7,1.0,63.606416690969816,19.6,200.3,17.829800108268664,10.972415707352875,356.0,232.2,12.3,17.7,33.5,193.6,23.8,1.2,1.2,130.9,0.8,7.3,1.1,241.0,2.2,97.4,71.3,38.788366607794075,9.185567604367346,0.4365450329814283,2.7,58.6,90.0,0.6,128.0,7.6,72.9,85.1,61.091742614572055,9.4,0.35883141169087096,151.07656592834775,6.9,0.1,62.0,124.9,20.8,135.6,82.6,5.0,2.4304788971096305,42.90746984177182,107.2,4.6,127.8,62.8,49.4,12.6,287.7,37.7,153.1,93.0,11.6,0.1,0.6,126.5,53.4,12.1,41.7,10.029482740233444,0.7165694354374856,27.2,0.1,0.1,0.2,155.8614771238532,14.6,170.31580731377073,11.1,40.3
130,125.1,88.2,76.2,265.52488246060926,127.54181384878234,264.1,114.5,260.6,195.7,202.13179887639777,394.7488449781947,253.9,349.7,283.08551701515023,146.2,255.5,101.0,282.8,291.4,458.93154939899625,224.09656384758102,160.19568561470135,267.2673651439635,137.8,291.2356423514159,141.4,152.0,369.4,220.8,121.7,259.0,105.6,411.3,256.1,150.82508671411298,271.34121685631294,164.38790406845231,236.5,195.7,86.0,250.1,244.6,214.1,294.068233976919,337.2463481343026,325.0,819.9696847811697,324.2,101.5,148.4,204.13169333620644,78.4,163.6,453.9267546208632,275.8,204.9,230.7308259916884,110.6,169.3,353.9747183591283,128.5,171.8879283407185,282.6,86.9,25.8,519.0670814824085,240.17232415060363,291.7,211.31777233556224,345.8656948530876,234.01958623043146,1133.7,267.0,177.7,330.2,416.5,168.1,205.0,178.03187860775637,157.15271797524068,589.5,215.2,270.88239197870513,495.5011100113928,187.6,216.9,29.6,365.0,115.74413351698514,345.0,247.2,152.5,233.89095442025763,243.0,293.8,219.4690823253402,99.95525841736281,410.32140311493004,191.2396189403119,190.18253632106428,379.95602174930326,132.9,84.4,254.6,429.0,270.5,147.2,105.8,90.8,231.5,323.1,137.88273432239933,302.4,186.4,151.3,83.406843610935,806.4,278.9,349.5076946289208,419.8,93.4,117.8,284.0,262.5327012663604,265.5714259498437,188.1,249.1,161.7,226.0,267.2,201.4,283.8,263.1,111.4,203.60106661263342,91.5,130.2690985729497,111.8,81.0,224.2,164.4,88.9,282.7,342.3,271.1,80.0,162.0042885144349,282.3,67.6,180.30257726691872,115.2,115.3,147.6,71.9,1.6,246.30064194866227,217.67018631103164,156.2,109.4,2.0555648293462156,122.6,253.75671596615223,252.4,65.5,27.7,156.8,132.8,63.1,48.621815381564325,42.9,83.53300456441046,102.3,405.4,172.8,134.0,76.77118624127259,68.3,108.4,155.2,0.8,108.6,248.0,59.5,174.35214139275033,8.560029836559215,120.7,807.7187832813729,83.3,36.43064589904609,7.5,125.0529139681937,342.895333007766,252.22698419396818,27.7,0.1,139.2,487.5892517575286,416.4,406.4,215.3,69.4,18.2,2.9,121.1,300.4,0.2,0.5,0.2,177.7,0.1,1.4849065894620126,0.1,0.1,0.2,0.6,1.0,9.2,577.5,217.81119355399446,13.0,517.8,1.4,170.5,3.3939584914449874,121.0,36.71756980980978,9.7,135.1060705760592,2.1,135.1,120.8,108.7,67.8,126.2,9.4,2.2,1.8,69.84070405734576,156.4,195.87386955995595,279.5985182861458,132.36394021825794,1.2,165.9,2.8,23.5,6.1,368.5,169.4,66.4,5.7,1.0,61.11675712066736,19.6,200.3,13.228272474550865,15.005588116083592,356.0,232.2,12.3,17.7,33.5,193.6,23.8,1.2,1.2,130.9,0.8,7.3,1.1,241.0,2.2,97.4,71.3,41.058381200517644,7.376649298615958,0.46233800031748873,2.7,58.6,90.0,0.6,128.0,7.6,72.9,85.1,55.61141242060769,9.4,0.34674622201410293,165.54860146703467,6.9,0.1,62.0,124.9,20.8,135.6,82.6,5.0,2.385646679268105,32.20993762136255,107.2,4.6,127.8,62.8,49.4,12.6,287.7,37.7,153.1,93.0,11.6,0.1,0.6,126.5,53.4,12.1,41.7,8.950470310546448,0.6419513444292989,27.2,0.1,0.1,0.2,135.89404724353568,14.6,153.4808989221866,11.1,40.3
131,125.1,88.2,76.2,234.03620427848978,164.39121618343233,264.1,114.5,260.6,195.7,202.10829154519428,405.02814160160654,253.9,349.7,250.30279549351198,146.2,255.5,101.0,282.8,291.4,429.8628769587968,182.4183242518724,147.1083572977054,330.2851886546545,137.8,304.93753776426,141.4,152.0,369.4,220.8,121.7,259.0,105.6,411.3,256.1,151.14515112667138,231.7891570900904,186.28233841414965,236.5,195.7,86.0,250.1,244.6,214.1,282.4544824940815,284.0496239267122,325.0,790.113995496099,324.2,101.5,148.4,201.52309378760182,78.4,163.6,369.4290604660006,275.8,204.9,192.46015554444347,110.6,169.3,410.1250544078926,128.5,140.71470385688073,282.6,86.9,25.8,508.97137163147465,204.50875852017685,291.7,160.48352886693598,242.27032611450545,265.30661096094343,1133.7,267.0,177.7,330.2,416.5,168.1,205.0,223.0963709730854,113.56539639765849,589.5,215.2,248.84549141979758,548.4506709689991,187.6,216.9,29.6,365.0,113.44488840684295,345.0,247.2,152.5,216.51351323397347,243.0,293.8,183.8391228241219,97.74376558822657,376.0097907136086,243.86186971187675,192.7872590324142,296.7761210750526,132.9,84.4,254.6,429.0,270.5,147.2,105.8,90.8,231.5,323.1,168.02419715605905,302.4,186.4,151.3,98.06788458493456,806.4,278.9,375.45317081173096,419.8,93.4,117.8,284.0,233.5283909543479,264.54587862753806,188.1,249.1,161.7,226.0,267.2,201.4,283.8,263.1,111.4,201.93455161139258,91.5,144.24689599040212,111.8,81.0,224.2,164.4,88.9,282.7,342.3,271.1,80.0,158.33974508206038,282.3,67.6,203.42303319924383,115.2,115.3,147.6,71.9,1.6,260.655845374141,307.1132615735802,156.2,109.4,1.7451779897281732,122.6,227.00468857660476,252.4,65.5,27.7,156.8,132.8,63.1,47.30709688287511,42.9,82.78184548719543,102.3,405.4,172.8,134.0,102.54316450157717,68.3,108.4,155.2,0.8,108.6,248.0,59.5,209.89032779205195,9.422955190179723,120.7,813.0313138140575,83.3,47.06954919332438,7.5,121.14174897545824,290.81466070383476,244.7083454628165,27.7,0.1,139.2,385.8325883431027,416.4,406.4,215.3,69.4,18.2,2.9,121.1,300.4,0.2,0.5,0.2,177.7,0.1,1.9163956978229084,0.1,0.1,0.2,0.6,1.0,9.2,577.5,176.9115040142552,13.0,517.8,1.4,170.5,3.537987855489107,121.0,40.88460788627487,9.7,140.98293423337893,2.1,135.1,120.8,108.7,67.8,126.2,9.4,2.2,1.8,72.14978344193185,156.4,162.78732860132212,253.99008141084363,118.3286204284156,1.2,165.9,2.8,23.5,6.1,368.5,169.4,66.4,5.7,1.0,73.34287477297929,19.6,200.3,16.735713032278458,13.490422621705527,356.0,232.2,12.3,17.7,33.5,193.6,23.8,1.2,1.2,130.9,0.8,7.3,1.1,241.0,2.2,97.4,71.3,52.91819219481323,7.927158604934855,0.43386770498082083,2.7,58.6,90.0,0.6,128.0,7.6,72.9,85.1,70.21834595291902,9.4,0.3473271003072267,188.8838123494324,6.9,0.1,62.0,124.9,20.8,135.6,82.6,5.0,2.12845965486933,45.845644869709574,107.2,4.6,127.8,62.8,49.4,12.6,287.7,37.7,153.1,93.0,11.6,0.1,0.6,126.5,53.4,12.1,41.7,7.5447734116732,0.7095499167027696,27.2,0.1,0.1,0.2,128.21503729192392,14.6,143.59583580265658,11.1,40.3
132,125.1,88.2,76.2,218.2360232718604,157.2417774030133,264.1,114.5,260.6,195.7,239.7784013649515,437.38994956893816,253.9,349.7,305.72915453687796,146.2,255.5,101.0,282.8,291.4,368.4492002475176,237.71937154034902,185.9545630286005,335.48876845480083,137.8,313.7685360496262,141.4,152.0,369.4,220.8,121.7,259.0,105.6,411.3,256.1,180.77487023722605,227.7741058432241,158.45586282645925,236.5,195.7,86.0,250.1,244.6,214.1,337.2008153562818,300.2432480713196,325.0,767.7561023656963,324.2,101.5,148.4,232.64706348207147,78.4,163.6,407.97731504310167,275.8,204.9,248.99721209913832,110.6,169.3,380.1749573347921,128.5,176.75673776513395,282.6,86.9,25.8,465.42053628679156,229.39918213626837,291.7,149.93732938449583,331.40320953087644,253.17973195221595,1133.7,267.0,177.7,330.2,416.5,168.1,205.0,221.50412162643278,106.3268717948429,589.5,215.2,192.57109958117462,398.2769458116378,187.6,216.9,29.6,365.0,120.54808532068867,345.0,247.2,152.5,279.39177309945285,243.0,293.8,211.07833602413876,76.2062352068952,365.1725996976027,262.1687934057767,186.2123134828537,336.12363958563674,132.9,84.4,254.6,429.0,270.5,147.2,105.8,90.8,231.5,323.1,142.5097972391001,302.4,186.4,151.3,83.78367288295064,806.4,278.9,309.6167752526593,419.8,93.4,117.8,284.0,205.23631880916668,249.98256177792854,188.1,249.1,161.7,226.0,267.2,201.4,283.8,263.1,111.4,226.12570549678063,91.5,106.82699972397926,111.8,81.0,224.2,164.4,88.9,282.7,342.3,271.1,80.0,156.29388633158874,282.3,67.6,164.8607670043143,115.2,115.3,147.6,71.9,1.6,264.7103480828467,247.15058763409093,156.2,109.4,1.950813279162021,122.6,282.65665456502677,252.4,65.5,27.7,156.8,132.8,63.1,48.55526134044609,42.9,85.67098204114366,102.3,405.4,172.8,134.0,83.60072456394707,68.3,108.4,155.2,0.8,108.6,248.0,59.5,224.25614812132824,8.289896886792286,120.7,657.4140865191531,83.3,48.94367560408539,7.5,128.62091256169037,373.49635489527026,294.9701273409714,27.7,0.1,139.2,434.478408025412,416.4,406.4,215.3,69.4,18.2,2.9,121.1,300.4,0.2,0.5,0.2,177.7,0.1,1.4953654090194626,0.1,0.1,0.2,0.6,1.0,9.2,577.5,212.61887843360915,13.0,517.8,1.4,170.5,3.648208471256269,121.0,34.412359740202646,9.7,152.19381921100697,2.1,135.1,120.8,108.7,67.8,126.2,9.4,2.2,1.8,71.89386252006915,156.4,226.65468406514492,289.1766506688447,132.0946582547969,1.2,165.9,2.8,23.5,6.1,368.5,169.4,66.4,5.7,1.0,67.15564129944592,19.6,200.3,12.724356712534195,13.05444104277294,356.0,232.2,12.3,17.7,33.5,193.6,23.8,1.2,1.2,130.9,0.8,7.3,1.1,241.0,2.2,97.4,71.3,38.547011636648314,8.301638274610214,0.5302471550863257,2.7,58.6,90.0,0.6,128.0,7.6,72.9,85.1,67.02052633027591,9.4,0.4207323795235276,180.8544903518424,6.9,0.1,62.0,124.9,20.8,135.6,82.6,5.0,2.659114130741493,42.73957022882601,107.2,4.6,127.8,62.8,49.4,12.6,287.7,37.7,153.1,93.0,11.6,0.1,0.6,126.5,53.4,12.1,41.7,10.143288049553576,0.5803535596286415,27.2,0.1,0.1,0.2,147.83853369269667,14.6,161.85348137668632,11.1,40.3
133,125.1,88.2,76.2,253.88162728598195,120.74038001473923,264.1,114.5,260.6,195.7,234.5791245289706,354.47716723411,253.9,349.7,283.6376228472902,146.2,255.5,101.0,282.8,291.4,380.3366701398715,171.81691107197202,165.3801331003314,293.1405569612973,137.8,274.53050649428087,141.4,152.0,369.4,220.8,121.7,259.0,105.6,411.3,256.1,134.51148597829172,257.00750099541267,144.47502649975306,236.5,195.7,86.0,250.1,244.6,214.1,261.97397247272056,288.17329319818754,325.0,798.5093684164535,324.2,101.5,148.4,259.3871716853927,78.4,163.6,504.26900185905515,275.8,204.9,240.07494594524093,110.6,169.3,405.19990330477475,128.5,171.33554422325022,282.6,86.9,25.8,474.9159686148618,281.38930422012555,291.7,210.74333187999764,271.2895928351069,210.41584910283345,1133.7,267.0,177.7,330.2,416.5,168.1,205.0,167.82395072115645,121.31723026290152,589.5,215.2,247.5381433533412,370.7996252796796,187.6,216.9,29.6,365.0,113.4298879996827,345.0,247.2,152.5,301.23474716179237,243.0,293.8,199.3226458613205,96.1140175494355,301.08630739518674,223.9633291927388,179.09007496185242,352.2153334955648,132.9,84.4,254.6,429.0,270.5,147.2,105.8,90.8,231.5,323.1,155.8889354911318,302.4,186.4,151.3,74.33544173336232,806.4,278.9,313.245971815222,419.8,93.4,117.8,284.0,280.5522728554255,248.41635695918902,188.1,249.1,161.7,226.0,267.2,201.4,283.8,263.1,111.4,175.84508257426796,91.5,108.78613058123643,111.8,81.0,224.2,164.4,88.9,282.7,342.3,271.1,80.0,182.2677212240655,282.3,67.6,155.04997098807934,115.2,115.3,147.6,71.9,1.6,277.0553711261384,220.46563211689227,156.2,109.4,2.0354203666915254,122.6,302.6842739605865,252.4,65.5,27.7,156.8,132.8,63.1,42.86334281604759,42.9,83.5475632665084,102.3,405.4,172.8,134.0,82.71963119494357,68.3,108.4,155.2,0.8,108.6,248.0,59.5,184.02308415547753,9.466842078471625,120.7,591.3065247395158,83.3,38.04444408299078,7.5,99.9840687054819,345.851258281271,264.4104228195531,27.7,0.1,139.2,495.6604049998215,416.4,406.4,215.3,69.4,18.2,2.9,121.1,300.4,0.2,0.5,0.2,177.7,0.1,1.8388446085184245,0.1,0.1,0.2,0.6,1.0,9.2,577.5,175.96042991397917,13.0,517.8,1.4,170.5,2.8311979777345333,121.0,42.92853948593086,9.7,176.515879793516,2.1,135.1,120.8,108.7,67.8,126.2,9.4,2.2,1.8,65.89265987233655,156.4,198.79543771121865,225.94352417032994,140.41795030106445,1.2,165.9,2.8,23.5,6.1,368.5,169.4,66.4,5.7,1.0,51.514149552420136,19.6,200.3,17.844081674895,12.24568089517197,356.0,232.2,12.3,17.7,33.5,193.6,23.8,1.2,1.2,130.9,0.8,7.3,1.1,241.0,2.2,97.4,71.3,48.6079299096574,9.65512667750134,0.5023210274132975,2.7,58.6,90.0,0.6,128.0,7.6,72.9,85.1,68.99767849680902,9.4,0.41878832805872407,178.71266603584405,6.9,0.1,62.0,124.9,20.8,135.6,82.6,5.0,2.1143935822969433,37.58017247534933,107.2,4.6,127.8,62.8,49.4,12.6,287.7,37.7,153.1,93.0,11.6,0.1,0.6,126.5,53.4,12.1,41.7,9.973633557767489,0.5783733223017029,27.2,0.1,0.1,0.2,173.8665965711209,14.6,126.08521493297167,11.1,40.3
134,125.1,88.2,76.2,259.23659082089864,173.03420727378915,264.1,114.5,260.6,195.7,220.79559379871122,442.95196865839364,253.9,349.7,310.87492090855113,146.2,255.5,101.0,282.8,291.4,487.381501981523,173.3921310592284,136.851382905618,318.33967557647924,137.8,240.3209017128779,141.4,152.0,369.4,220.8,121.7,259.0,105.6,411.3,256.1,174.46753068033735,261.09287129677864,172.3594296629575,236.5,195.7,86.0,250.1,244.6,214.1,283.9304206543226,274.7335472205757,325.0,917.7218717114102,324.2,101.5,148.4,227.9404498791389,78.4,163.6,507.73551150112814,275.8,204.9,250.79532823550392,110.6,169.3,363.08287522844256,128.5,165.8369342866445,282.6,86.9,25.8,577.9140685713189,282.34404140679794,291.7,218.62502436924035,268.5387826700899,239.1530967056308,1133.7,267.0,177.7,330.2,416.5,168.1,205.0,163.48030735297192,120.61613772666905,589.5,215.2,260.63922923561904,498.95178317994885,187.6,216.9,29.6,365.0,124.84531218617687,345.0,247.2,152.5,273.83000220927585,243.0,293.8,182.20966955393897,76.46634798248063,333.55625193512486,281.57451500121044,181.8914273026719,310.628143920064,132.9,84.4,254.6,429.0,270.5,147.2,105.8,90.8,231.5,323.1,130.50833072295308,302.4,186.4,151.3,101.42707794226759,806.4,278.9,353.47455026190534,419.8,93.4,117.8,284.0,248.07236027454167,217.58035697739797,188.1,249.1,161.7,226.0,267.2,201.4,283.8,263.1,111.4,210.49703652286655,91.5,135.9174142089118,111.8,81.0,224.2,164.4,88.9,282.7,342.3,271.1,80.0,172.02987271572667,282.3,67.6,157.42467030431996,115.2,115.3,147.6,71.9,1.6,200.3930329943713,271.00924005369006,156.2,109.4,1.8271081257332462,122.6,318.0584449628386,252.4,65.5,27.7,156.8,132.8,63.1,43.0537623790954,42.9,77.06869283496012,102.3,405.4,172.8,134.0,89.72533042473695,68.3,108.4,155.2,0.8,108.6,248.0,59.5,187.0386515791134,9.420325617780827,120.7,584.423163516947,83.3,37.16823914065388,7.5,119.26357412722254,360.7948351465617,270.19094185065467,27.7,0.1,139.2,381.87064922971,416.4,406.4,215.3,69.4,18.2,2.9,121.1,300.4,0.2,0.5,0.2,177.7,0.1,1.6639908831559742,0.1,0.1,0.2,0.6,1.0,9.2,577.5,241.9511763040303,13.0,517.8,1.4,170.5,3.489336754692733,121.0,37.42678342502668,9.7,170.6001400220471,2.1,135.1,120.8,108.7,67.8,126.2,9.4,2.2,1.8,65.14880770528653,156.4,229.1584228380981,270.6343979135032,108.32423957882408,1.2,165.9,2.8,23.5,6.1,368.5,169.4,66.4,5.7,1.0,73.73526381591505,19.6,200.3,12.406462852571797,13.684698801547002,356.0,232.2,12.3,17.7,33.5,193.6,23.8,1.2,1.2,130.9,0.8,7.3,1.1,241.0,2.2,97.4,71.3,38.73675094353547,8.307611667706633,0.5308924265590768,2.7,58.6,90.0,0.6,128.0,7.6,72.9,85.1,70.17037287757472,9.4,0.47063526596861105,204.23637104330203,6.9,0.1,62.0,124.9,20.8,135.6,82.6,5.0,2.351788160725186,37.74775239587302,107.2,4.6,127.8,62.8,49.4,12.6,287.7,37.7,153.1,93.0,11.6,0.1,0.6,126.5,53.4,12.1,41.7,9.875100119229447,0.615772607835912,27.2,0.1,0.1,0.2,138.1670015397779,14.6,127.34977471177368,11.1,40.3
135,125.1,88.2,76.2,193.82861190172574,141.34027402614691,264.1,114.5,260.6,195.7,209.62465621092076,414.5302598368947,253.9,349.7,318.19819164638045,146.2,255.5,101.0,282.8,291.4,462.3033942150795,177.28268571511077,145.53549638596482,351.36789292236335,137.8,315.3807072219806,141.4,152.0,369.4,220.8,121.7,259.0,105.6,411.3,256.1,156.7890733585721,279.86111733423195,136.49413814153021,236.5,195.7,86.0,250.1,244.6,214.1,340.8631910250741,258.0291787418671,325.0,862.9042722471528,324.2,101.5,148.4,233.84086008180012,78.4,163.6,373.81056705801905,275.8,204.9,241.5923364875941,110.6,169.3,337.70537234164544,128.5,165.54080336276448,282.6,86.9,25.8,483.26735896838755,230.69498726947853,291.7,166.39371015683332,258.9017391674424,253.52518186434338,1133.7,267.0,177.7,330.2,416.5,168.1,205.0,190.8848583269484,120.66238747995698,589.5,215.2,229.8151511002307,501.4126933805828,187.6,216.9,29.6,365.0,94.50078409973305,345.0,247.2,152.5,251.1237601395709,243.0,293.8,194.27406160874577,84.09710089718061,354.2945147357338,258.066947585237,196.82959940756433,265.68191647719783,132.9,84.4,254.6,429.0,270.5,147.2,105.8,90.8,231.5,323.1,176.46506365422093,302.4,186.4,151.3,101.11112448926578,806.4,278.9,334.7483224977082,419.8,93.4,117.8,284.0,292.78539039941177,237.0482920348672,188.1,249.1,161.7,226.0,267.2,201.4,283.8,263.1,111.4,197.05414791461516,91.5,148.2397801530608,111.8,81.0,224.2,164.4,88.9,282.7,342.3,271.1,80.0,148.17714754339124,282.3,67.6,180.54766839992166,115.2,115.3,147.6,71.9,1.6,279.3886911255343,240.24930651116713,156.2,109.4,1.9212515006827227,122.6,324.49741351338594,252.4,65.5,27.7,156.8,132.8,63.1,42.77247242125615,42.9,70.60057652856818,102.3,405.4,172.8,134.0,84.3706225092868,68.3,108.4,155.2,0.8,108.6,248.0,59.5,240.33384959242977,6.987784834465073,120.7,725.9665732778033,83.3,44.75171468621765,7.5,95.50337883585175,340.0307836979587,307.7198355259116,27.7,0.1,139.2,369.41918684796707,416.4,406.4,215.3,69.4,18.2,2.9,121.1,300.4,0.2,0.5,0.2,177.7,0.1,1.2902112434732635,0.1,0.1,0.2,0.6,1.0,9.2,577.5,249.92785518355925,13.0,517.8,1.4,170.5,2.535483542946893,121.0,38.91935879835914,9.7,166.00661888489418,2.1,135.1,120.8,108.7,67.8,126.2,9.4,2.2,1.8,53.85101503234218,156.4,227.82769888321076,242.32789365457478,120.38432715914419,1.2,165.9,2.8,23.5,6.1,368.5,169.4,66.4,5.7,1.0,71.07666143457747,19.6,200.3,14.52806231552221,14.36823058378867,356.0,232.2,12.3,17.7,33.5,193.6,23.8,1.2,1.2,130.9,0.8,7.3,1.1,241.0,2.2,97.4,71.3,53.64142059674678,8.71210197736695,0.46705374719551973,2.7,58.6,90.0,0.6,128.0,7.6,72.9,85.1,61.48269580584218,9.4,0.4251862053234723,147.61093285656852,6.9,0.1,62.0,124.9,20.8,135.6,82.6,5.0,2.7485661192576725,41.674579835018505,107.2,4.6,127.8,62.8,49.4,12.6,287.7,37.7,153.1,93.0,11.6,0.1,0.6,126.5,53.4,12.1,41.7,9.455272921996851,0.513819131620094,27.2,0.1,0.1,0.2,170.48903857430417,14.6,148.43701533084612,11.1,40.3
136,125.1,88.2,76.2,221.0689033831075,134.78403915937182,264.1,114.5,260.6,195.7,167.4629836486919,367.233129268913,253.9,349.7,311.3313772115941,146.2,255.5,101.0,282.8,291.4,437.3752761553514,220.2577170770882,187.92431525955323,300.7989626219244,137.8,302.3073662081396,141.4,152.0,369.4,220.8,121.7,259.0,105.6,411.3,256.1,171.97279253297464,241.9855342425272,165.92614726189615,236.5,195.7,86.0,250.1,244.6,214.1,301.2947036653804,352.6817691876505,325.0,717.6612128079846,324.2,101.5,148.4,267.723152876129,78.4,163.6,451.4742290576622,275.8,204.9,213.14708579713823,110.6,169.3,294.9411493529226,128.5,127.24735851848241,282.6,86.9,25.8,595.9756145553567,229.47431028059174,291.7,194.37080939110479,306.74343953564767,200.89633275408536,1133.7,267.0,177.7,330.2,416.5,168.1,205.0,169.46319430071213,143.2364632594222,589.5,215.2,271.7292528961426,367.97118375407445,187.6,216.9,29.6,365.0,116.31392196262323,345.0,247.2,152.5,304.38041480652305,243.0,293.8,206.13475566160338,76.51422444376898,327.4721712267809,267.95275976232415,207.90427095596323,336.99014776682174,132.9,84.4,254.6,429.0,270.5,147.2,105.8,90.8,231.5,323.1,134.46158240882772,302.4,186.4,151.3,76.68124780025664,806.4,278.9,369.57760329810867,419.8,93.4,117.8,284.0,290.0684483524603,268.9719449814935,188.1,249.1,161.7,226.0,267.2,201.4,283.8,263.1,111.4,170.78325323045308,91.5,132.00386009389473,111.8,81.0,224.2,164.4,88.9,282.7,342.3,271.1,80.0,131.48690815843295,282.3,67.6,179.5467017323998,115.2,115.3,147.6,71.9,1.6,279.1490367627398,238.25345180624228,156.2,109.4,1.702787819522095,122.6,296.43536556259033,252.4,65.5,27.7,156.8,132.8,63.1,44.98847617351369,42.9,93.34364847544019,102.3,405.4,172.8,134.0,89.82983604332476,68.3,108.4,155.2,0.8,108.6,248.0,59.5,212.4089492818174,9.024455659865845,120.7,708.348262094702,83.3,36.525311667155165,7.5,103.07466757293362,314.5823256696805,322.63201149876375,27.7,0.1,139.2,495.93966387580394,416.4,406.4,215.3,69.4,18.2,2.9,121.1,300.4,0.2,0.5,0.2,177.7,0.1,1.3491815565162906,0.1,0.1,0.2,0.6,1.0,9.2,577.5,230.55810016752935,13.0,517.8,1.4,170.5,2.861571725712608,121.0,37.82317596572046,9.7,174.47521755446803,2.1,135.1,120.8,108.7,67.8,126.2,9.4,2.2,1.8,65.68520632003037,156.4,227.642081004258,234.72847501831657,125.80453572449704,1.2,165.9,2.8,23.5,6.1,368.5,169.4,66.4,5.7,1.0,63.86715939829335,19.6,200.3,17.470146022981673,14.65488579865796,356.0,232.2,12.3,17.7,33.5,193.6,23.8,1.2,1.2,130.9,0.8,7.3,1.1,241.0,2.2,97.4,71.3,54.07257271017433,9.262765519792808,0.44155120808542775,2.7,58.6,90.0,0.6,128.0,7.6,72.9,85.1,69.74586833805591,9.4,0.32690048425669593,143.22814800098243,6.9,0.1,62.0,124.9,20.8,135.6,82.6,5.0,1.990757070886168,37.544025313764834,107.2,4.6,127.8,62.8,49.4,12.6,287.7,37.7,153.1,93.0,11.6,0.1,0.6,126.5,53.4,12.1,41.7,7.531338178374377,0.5334558666698641,27.2,0.1,0.1,0.2,179.60645921229457,14.6,161.9841609753297,11.1,40.3
137,125.1,88.2,76.2,186.06956957489905,140.49910752379526,264.1,114.5,260.6,195.7,171.87842269814652,429.8931788865887,253.9,349.7,316.5461552444654,146.2,255.5,101.0,282.8,291.4,442.31472777854617,185.79177533070592,128.57841352519,355.5856026889402,137.8,220.33469051793685,141.4,152.0,369.4,220.8,121.7,259.0,105.6,411.3,256.1,171.27372818136075,205.51827383033833,183.59518522631095,236.5,195.7,86.0,250.1,244.6,214.1,317.7616818747588,257.2283580564001,325.0,712.8254635961468,324.2,101.5,148.4,285.6546027831853,78.4,163.6,502.5316732226423,275.8,204.9,255.7789816214766,110.6,169.3,409.099713587481,128.5,156.90169236156567,282.6,86.9,25.8,676.0137727482645,244.41673866347148,291.7,166.98254868927987,327.0560665165964,219.73597477082356,1133.7,267.0,177.7,330.2,416.5,168.1,205.0,189.37394307535152,107.05031557250967,589.5,215.2,204.66520752171976,472.55373006694816,187.6,216.9,29.6,365.0,98.11484714179848,345.0,247.2,152.5,267.4768850562556,243.0,293.8,181.17322243724897,89.1934835102291,404.3498379438189,213.3150169785405,167.93467536005275,344.50439282144015,132.9,84.4,254.6,429.0,270.5,147.2,105.8,90.8,231.5,323.1,171.28369637736344,302.4,186.4,151.3,90.37046519402361,806.4,278.9,343.5552536023293,419.8,93.4,117.8,284.0,264.4032516877936,283.34116176857714,188.1,249.1,161.7,226.0,267.2,201.4,283.8,263.1,111.4,239.66770238204725,91.5,140.92226751777432,111.8,81.0,224.2,164.4,88.9,282.7,342.3,271.1,80.0,173.02586696441634,282.3,67.6,166.92032876832428,115.2,115.3,147.6,71.9,1.6,274.71487368459367,294.78571014052875,156.2,109.4,2.3829226630959464,122.6,267.15108035504943,252.4,65.5,27.7,156.8,132.8,63.1,59.253869672352565,42.9,70.69984389873873,102.3,405.4,172.8,134.0,105.37623732317115,68.3,108.4,155.2,0.8,108.6,248.0,59.5,170.28740221390618,9.792592749451794,120.7,578.635238080178,83.3,48.68206634268334,7.5,117.95678747741222,371.25784930003067,253.06741702545494,27.7,0.1,139.2,384.58023272400675,416.4,406.4,215.3,69.4,18.2,2.9,121.1,300.4,0.2,0.5,0.2,177.7,0.1,1.747063911507734,0.1,0.1,0.2,0.6,1.0,9.2,577.5,186.68053472227137,13.0,517.8,1.4,170.5,2.847120375209545,121.0,30.419503073516164,9.7,151.4118382867133,2.1,135.1,120.8,108.7,67.8,126.2,9.4,2.2,1.8,54.88742205176465,156.4,191.9800431640722,232.1064173133287,122.14219133535642,1.2,165.9,2.8,23.5,6.1,368.5,169.4,66.4,5.7,1.0,68.10477022179995,19.6,200.3,12.681771045672445,14.257249181256114,356.0,232.2,12.3,17.7,33.5,193.6,23.8,1.2,1.2,130.9,0.8,7.3,1.1,241.0,2.2,97.4,71.3,44.27224000701918,8.855312130262968,0.49017247526113883,2.7,58.6,90.0,0.6,128.0,7.6,72.9,85.1,56.51510526547794,9.4,0.47530717620418317,188.07655976065806,6.9,0.1,62.0,124.9,20.8,135.6,82.6,5.0,2.6503854285537836,37.348253899454896,107.2,4.6,127.8,62.8,49.4,12.6,287.7,37.7,153.1,93.0,11.6,0.1,0.6,126.5,53.4,12.1,41.7,8.337703555578672,0.5153301851550822,27.2,0.1,0.1,0.2,160.49677695239953,14.6,165.8894296098385,11.1,40.3
138,125.1,88.2,76.2,202.69413948901712,162.95453656528352,264.1,114.5,260.6,195.7,231.87824151865203,308.8486113970408,253.9,349.7,309.54577219099855,146.2,255.5,101.0,282.8,291.4,425.07271460721813,223.4401579536045,156.713832104583,309.34152907731146,137.8,251.22002033503583,141.4,152.0,369.4,220.8,121.7,259.0,105.6,411.3,256.1,153.91173632473883,189.76109982217466,184.63912658181533,236.5,195.7,86.0,250.1,244.6,214.1,354.7778802556362,283.758866964776,325.0,642.4654576576394,324.2,101.5,148.4,252.34402235885747,78.4,163.6,460.04378669604796,275.8,204.9,213.3758050823001,110.6,169.3,352.68641551657083,128.5,139.947149162714,282.6,86.9,25.8,510.5971111146614,266.61985292636444,291.7,167.88778342228127,328.72688359805176,222.36295862519307,1133.7,267.0,177.7,330.2,416.5,168.1,205.0,174.88284118230612,121.11032293236237,589.5,215.2,281.83229442522907,436.0304238553688,187.6,216.9,29.6,365.0,123.87553136194799,345.0,247.2,152.5,214.429883332561,243.0,293.8,224.00694394900535,84.95326706703999,359.4582790980577,233.5293173845504,162.94601685578218,371.76121935081346,132.9,84.4,254.6,429.0,270.5,147.2,105.8,90.8,231.5,323.1,144.4942882181521,302.4,186.4,151.3,100.17543396344773,806.4,278.9,355.26776742751815,419.8,93.4,117.8,284.0,235.00136309731198,289.2449818049143,188.1,249.1,161.7,226.0,267.2,201.4,283.8,263.1,111.4,217.87100705983622,91.5,113.79124682007259,111.8,81.0,224.2,164.4,88.9,282.7,342.3,271.1,80.0,157.64732801567362,282.3,67.6,215.21563951454775,115.2,115.3,147.6,71.9,1.6,227.6723866316368,208.84536081235396,156.2,109.4,2.4950300507809824,122.6,280.8779689235291,252.4,65.5,27.7,156.8,132.8,63.1,48.797473348555684,42.9,97.62511867646006,102.3,405.4,172.8,134.0,81.45877616235109,68.3,108.4,155.2,0.8,108.6,248.0,59.5,175.08572940326562,9.323835513243615,120.7,570.6626665556483,83.3,46.067732551438105,7.5,88.17797231427724,313.7650379229175,348.08398110676455,27.7,0.1,139.2,470.5227508273592,416.4,406.4,215.3,69.4,18.2,2.9,121.1,300.4,0.2,0.5,0.2,177.7,0.1,1.4109629409424085,0.1,0.1,0.2,0.6,1.0,9.2,577.5,231.51108500405599,13.0,517.8,1.4,170.5,3.3096774407266896,121.0,38.68477875836277,9.7,134.1757236183343,2.1,135.1,120.8,108.7,67.8,126.2,9.4,2.2,1.8,51.34128495821016,156.4,219.79462897373577,255.7603349345625,109.4846178610717,1.2,165.9,2.8,23.5,6.1,368.5,169.4,66.4,5.7,1.0,57.48933406544093,19.6,200.3,16.19452475735978,13.541131954674007,356.0,232.2,12.3,17.7,33.5,193.6,23.8,1.2,1.2,130.9,0.8,7.3,1.1,241.0,2.2,97.4,71.3,45.32570850515698,8.198834522042024,0.4925996462000725,2.7,58.6,90.0,0.6,128.0,7.6,72.9,85.1,53.50571633971853,9.4,0.44102115149655013,193.84541383342926,6.9,0.1,62.0,124.9,20.8,135.6,82.6,5.0,1.982361858210662,34.90747913451736,107.2,4.6,127.8,62.8,49.4,12.6,287.7,37.7,153.1,93.0,11.6,0.1,0.6,126.5,53.4,12.1,41.7,6.914426659447726,0.6635952203002167,27.2,0.1,0.1,0.2,189.573082986954,14.6,148.30757745843542,11.1,40.3
139,125.1,88.2,76.2,228.69563640067605,172.8207400108085,264.1,114.5,260.6,195.7,237.57175389033173,428.3109712579343,253.9,349.7,328.8443944029525,146.2,255.5,101.0,282.8,291.4,432.6543930366616,175.08208966476352,154.52093719308897,268.39434068597683,137.8,267.3362478770294,141.4,152.0,369.4,220.8,121.7,259.0,105.6,411.3,256.1,183.38156641322348,209.87852579730963,181.38950608558645,236.5,195.7,86.0,250.1,244.6,214.1,347.08420150090757,339.4935935645164,325.0,697.7582759792369,324.2,101.5,148.4,210.02020160260923,78.4,163.6,392.87494203434863,275.8,204.9,195.38925603998382,110.6,169.3,426.9504522706601,128.5,174.34819477528063,282.6,86.9,25.8,476.15675575264964,199.90138196368153,291.7,168.23487394814813,248.51574178797574,297.5586744931865,1133.7,267.0,177.7,330.2,416.5,168.1,205.0,190.7311914876119,118.28806893831052,589.5,215.2,209.90171857530964,372.9550827373954,187.6,216.9,29.6,365.0,102.64710858164878,345.0,247.2,152.5,221.6252959278793,243.0,293.8,177.85055407676577,96.83230151728426,319.81433349976174,238.6173497165758,169.94059971626766,319.0971259840757,132.9,84.4,254.6,429.0,270.5,147.2,105.8,90.8,231.5,323.1,141.56196301982632,302.4,186.4,151.3,91.58873563910157,806.4,278.9,394.9646333871073,419.8,93.4,117.8,284.0,226.10034442963743,249.77925619886435,188.1,249.1,161.7,226.0,267.2,201.4,283.8,263.1,111.4,213.79043449566814,91.5,101.83697102584571,111.8,81.0,224.2,164.4,88.9,282.7,342.3,271.1,80.0,153.5348709209719,282.3,67.6,203.07881791852725,115.2,115.3,147.6,71.9,1.6,252.48448201407774,234.90098702823133,156.2,109.4,1.843865574424333,122.6,319.32586033690814,252.4,65.5,27.7,156.8,132.8,63.1,49.12275859785735,42.9,70.6791232078155,102.3,405.4,172.8,134.0,97.09914147768417,68.3,108.4,155.2,0.8,108.6,248.0,59.5,216.16999840582577,8.337172236618072,120.7,571.7615409297391,83.3,46.44598039084782,7.5,96.27934447817034,260.9315019048526,353.5096414456142,27.7,0.1,139.2,366.17566655438924,416.4,406.4,215.3,69.4,18.2,2.9,121.1,300.4,0.2,0.5,0.2,177.7,0.1,1.6082694577453547,0.1,0.1,0.2,0.6,1.0,9.2,577.5,252.2775379242786,13.0,517.8,1.4,170.5,2.965937394639071,121.0,39.97034543882256,9.7,159.0967712611691,2.1,135.1,120.8,108.7,67.8,126.2,9.4,2.2,1.8,59.40037848631138,156.4,201.8080909669934,273.10124466548257,107.47210259840122,1.2,165.9,2.8,23.5,6.1,368.5,169.4,66.4,5.7,1.0,66.04527664755011,19.6,200.3,14.960169630544392,14.192434341033216,356.0,232.2,12.3,17.7,33.5,193.6,23.8,1.2,1.2,130.9,0.8,7.3,1.1,241.0,2.2,97.4,71.3,51.90305917752759,8.725871053864143,0.4545683859982442,2.7,58.6,90.0,0.6,128.0,7.6,72.9,85.1,74.7210363398023,9.4,0.34176568570606775,183.3061606260456,6.9,0.1,62.0,124.9,20.8,135.6,82.6,5.0,2.456529372507819,44.89091514246922,107.2,4.6,127.8,62.8,49.4,12.6,287.7,37.7,153.1,93.0,11.6,0.1,0.6,126.5,53.4,12.1,41.7,7.275973425018863,0.6240684304508495,27.2,0.1,0.1,0.2,188.0638063385195,14.6,175.5833064250714,11.1,40.3
140,125.1,88.2,76.2,186.43471660183133,124.90921353298663,264.1,114.5,260.6,195.7,218.17877329170815,427.3836746022193,253.9,349.7,306.77564322975354,146.2,255.5,101.0,282.8,291.4,408.9105417084126,252.34866134178026,134.5262649952247,348.67353003042416,137.8,307.8128211651606,141.4,152.0,369.4,220.8,121.7,259.0,105.6,411.3,256.1,176.13238677660073,209.81687736423578,196.10952431730925,236.5,195.7,86.0,250.1,244.6,214.1,304.73134162334014,285.61494750605834,325.0,772.2884600274833,324.2,101.5,148.4,235.96574381633943,78.4,163.6,527.5827728336556,275.8,204.9,177.59012682788713,110.6,169.3,354.25002969996444,128.5,127.2488485694212,282.6,86.9,25.8,618.6812399885812,205.0760427811,291.7,193.75784088504298,327.9924006080051,200.8737907318213,1133.7,267.0,177.7,330.2,416.5,168.1,205.0,167.14840333045728,110.72148576316557,589.5,215.2,222.16815680927755,430.2469065999967,187.6,216.9,29.6,365.0,108.3434761260701,345.0,247.2,152.5,228.6940088776985,243.0,293.8,226.1892760784787,105.84631246230546,313.38243480252265,283.02533271402365,219.08215582836146,328.3092037730746,132.9,84.4,254.6,429.0,270.5,147.2,105.8,90.8,231.5,323.1,131.65642314650276,302.4,186.4,151.3,70.4020142773755,806.4,278.9,281.55011764428787,419.8,93.4,117.8,284.0,208.45994111895254,287.87486379905533,188.1,249.1,161.7,226.0,267.2,201.4,283.8,263.1,111.4,228.8922317076571,91.5,105.48424731622475,111.8,81.0,224.2,164.4,88.9,282.7,342.3,271.1,80.0,184.77937891786442,282.3,67.6,150.44806526635182,115.2,115.3,147.6,71.9,1.6,261.92707587252596,216.5296540823521,156.2,109.4,2.3217698461907816,122.6,296.0964009242895,252.4,65.5,27.7,156.8,132.8,63.1,43.92421415610171,42.9,98.49299478079587,102.3,405.4,172.8,134.0,114.02351810407299,68.3,108.4,155.2,0.8,108.6,248.0,59.5,197.91817846097592,9.029171138435556,120.7,746.407830566983,83.3,43.60338904774792,7.5,92.10952678753117,264.9778856702717,349.2105107743573,27.7,0.1,139.2,403.27732984686827,416.4,406.4,215.3,69.4,18.2,2.9,121.1,300.4,0.2,0.5,0.2,177.7,0.1,1.5775367330856556,0.1,0.1,0.2,0.6,1.0,9.2,577.5,229.13338368254998,13.0,517.8,1.4,170.5,2.7871022964079044,121.0,43.34141798194358,9.7,133.23937824294015,2.1,135.1,120.8,108.7,67.8,126.2,9.4,2.2,1.8,67.74365041843049,156.4,166.90220274443607,222.52735125740412,135.05954148439702,1.2,165.9,2.8,23.5,6.1,368.5,169.4,66.4,5.7,1.0,69.80293356406878,19.6,200.3,14.7561853651239,12.380492268079838,356.0,232.2,12.3,17.7,33.5,193.6,23.8,1.2,1.2,130.9,0.8,7.3,1.1,241.0,2.2,97.4,71.3,40.66324514566139,9.71625070251318,0.5866484352657672,2.7,58.6,90.0,0.6,128.0,7.6,72.9,85.1,65.6670334117368,9.4,0.4030911525440883,168.4145069229097,6.9,0.1,62.0,124.9,20.8,135.6,82.6,5.0,2.402612285574988,44.67476992877283,107.2,4.6,127.8,62.8,49.4,12.6,287.7,37.7,153.1,93.0,11.6,0.1,0.6,126.5,53.4,12.1,41.7,8.069266099640666,0.6224102713255988,27.2,0.1,0.1,0.2,172.49237605998394,14.6,165.45781394657885,11.1,40.3
141,125.1,88.2,76.2,196.6485481764903,131.81229828724187,264.1,114.5,260.6,195.7,230.77123963329427,306.8333364500748,253.9,349.7,272.74495578876576,146.2,255.5,101.0,282.8,291.4,351.82860923274995,201.0450582873099,146.66074920098268,294.6999392317622,137.8,285.71153113801705,141.4,152.0,369.4,220.8,121.7,259.0,105.6,411.3,256.1,139.60595760986126,279.8602414375977,186.4351805748181,236.5,195.7,86.0,250.1,244.6,214.1,346.9632225539441,302.32236209091104,325.0,784.8563795741206,324.2,101.5,148.4,247.2937427309179,78.4,163.6,426.3008493927794,275.8,204.9,183.14442358154855,110.6,169.3,314.10500582648336,128.5,167.89042221706617,282.6,86.9,25.8,475.17653085679103,248.03797996027066,291.7,188.1165699530688,344.0376647999038,242.34198638940802,1133.7,267.0,177.7,330.2,416.5,168.1,205.0,225.8583645973319,127.08448725054454,589.5,215.2,203.6240432689059,525.3623654734563,187.6,216.9,29.6,365.0,123.67932833120982,345.0,247.2,152.5,256.72652149967143,243.0,293.8,168.5469746108881,105.79017234078657,397.41766217851455,265.2862098467704,181.98321788996327,368.7529622588552,132.9,84.4,254.6,429.0,270.5,147.2,105.8,90.8,231.5,323.1,135.8820904310436,302.4,186.4,151.3,87.25136022266136,806.4,278.9,321.2536369698946,419.8,93.4,117.8,284.0,214.03335364533572,217.60233324205436,188.1,249.1,161.7,226.0,267.2,201.4,283.8,263.1,111.4,227.22516182274907,91.5,127.71182142727417,111.8,81.0,224.2,164.4,88.9,282.7,342.3,271.1,80.0,168.5033701044252,282.3,67.6,154.77801542249605,115.2,115.3,147.6,71.9,1.6,282.3007443005135,215.3098706622455,156.2,109.4,2.506674492700908,122.6,268.8974519595985,252.4,65.5,27.7,156.8,132.8,63.1,59.4524439055305,42.9,80.64706247573184,102.3,405.4,172.8,134.0,88.1021871369135,68.3,108.4,155.2,0.8,108.6,248.0,59.5,240.98743574551122,8.689790978802796,120.7,677.457723003042,83.3,38.233734975552686,7.5,110.12643660742158,369.7629481860004,324.409000016565,27.7,0.1,139.2,388.9587061446698,416.4,406.4,215.3,69.4,18.2,2.9,121.1,300.4,0.2,0.5,0.2,177.7,0.1,1.8169981516011458,0.1,0.1,0.2,0.6,1.0,9.2,577.5,205.55623138882078,13.0,517.8,1.4,170.5,2.674540759592058,121.0,35.79789434299515,9.7,149.45243610343587,2.1,135.1,120.8,108.7,67.8,126.2,9.4,2.2,1.8,59.92447562503399,156.4,184.20299961783473,213.7147194770018,140.96629404716697,1.2,165.9,2.8,23.5,6.1,368.5,169.4,66.4,5.7,1.0,58.11612017944719,19.6,200.3,16.727929837161383,14.328960541132977,356.0,232.2,12.3,17.7,33.5,193.6,23.8,1.2,1.2,130.9,0.8,7.3,1.1,241.0,2.2,97.4,71.3,50.07873544105868,6.623578995004697,0.5643413323512758,2.7,58.6,90.0,0.6,128.0,7.6,72.9,85.1,60.623722251792515,9.4,0.3743065615557349,143.51224912253647,6.9,0.1,62.0,124.9,20.8,135.6,82.6,5.0,2.491288103848669,46.57706502303304,107.2,4.6,127.8,62.8,49.4,12.6,287.7,37.7,153.1,93.0,11.6,0.1,0.6,126.5,53.4,12.1,41.7,7.427126978327211,0.6750669213852782,27.2,0.1,0.1,0.2,132.23925328693264,14.6,127.54963727289459,11.1,40.3
142,125.1,88.2,76.2,234.32989430546257,165.21112606998287,264.1,114.5,260.6,195.7,200.06149814420735,329.1831008243444,253.9,349.7,274.1405317098443,146.2,255.5,101.0,282.8,291.4,438.824458307444,199.7749533143209,162.43360451477545,331.9431045726935,137.8,294.4117708309057,141.4,152.0,369.4,220.8,121.7,259.0,105.6,411.3,256.1,171.813580551954,206.85924284196858,145.9591360216907,236.5,195.7,86.0,250.1,244.6,214.1,247.9741523064016,312.4155943440701,325.0,846.1596942001997,324.2,101.5,148.4,256.70601139644054,78.4,163.6,531.2298003169723,275.8,204.9,246.45682154533978,110.6,169.3,302.07081274338657,128.5,179.25663065240974,282.6,86.9,25.8,521.7635505220495,256.59130068551866,291.7,185.73527648942826,281.7761769735443,267.71904775063183,1133.7,267.0,177.7,330.2,416.5,168.1,205.0,202.41775767075995,121.84340074172593,589.5,215.2,193.40386872523146,548.6484676310415,187.6,216.9,29.6,365.0,111.48731298737667,345.0,247.2,152.5,212.76568646589757,243.0,293.8,180.3612058551581,91.86805712259219,436.0424882651547,261.9987155842407,160.65089638601015,272.23510171938267,132.9,84.4,254.6,429.0,270.5,147.2,105.8,90.8,231.5,323.1,181.95647729640547,302.4,186.4,151.3,87.83751359584703,806.4,278.9,317.071720461605,419.8,93.4,117.8,284.0,274.89549648781224,270.9583088512381,188.1,249.1,161.7,226.0,267.2,201.4,283.8,263.1,111.4,180.7272448072906,91.5,113.64190141853662,111.8,81.0,224.2,164.4,88.9,282.7,342.3,271.1,80.0,182.6307206552431,282.3,67.6,190.03833729591673,115.2,115.3,147.6,71.9,1.6,280.1418574090626,259.6163589872083,156.2,109.4,1.6822209246674715,122.6,250.37064038096477,252.4,65.5,27.7,156.8,132.8,63.1,57.669032633996956,42.9,69.03843296014779,102.3,405.4,172.8,134.0,84.4432077229264,68.3,108.4,155.2,0.8,108.6,248.0,59.5,202.0520507432903,8.977614198974731,120.7,830.3427666954497,83.3,44.29770067769108,7.5,108.91564686379309,311.57097982512903,270.1915577477184,27.7,0.1,139.2,437.8979748797126,416.4,406.4,215.3,69.4,18.2,2.9,121.1,300.4,0.2,0.5,0.2,177.7,0.1,1.4821364042455945,0.1,0.1,0.2,0.6,1.0,9.2,577.5,215.28004957855126,13.0,517.8,1.4,170.5,3.4984537343343485,121.0,36.340221561970914,9.7,175.21919349714227,2.1,135.1,120.8,108.7,67.8,126.2,9.4,2.2,1.8,50.45513653617864,156.4,171.5046832362059,282.4040029900361,103.89869860816414,1.2,165.9,2.8,23.5,6.1,368.5,169.4,66.4,5.7,1.0,63.88431570962948,19.6,200.3,12.283765911991441,15.097653914213188,356.0,232.2,12.3,17.7,33.5,193.6,23.8,1.2,1.2,130.9,0.8,7.3,1.1,241.0,2.2,97.4,71.3,50.24043268784801,8.376073236214033,0.514121045387421,2.7,58.6,90.0,0.6,128.0,7.6,72.9,85.1,56.58699470134525,9.4,0.32977769729343065,185.62433335814887,6.9,0.1,62.0,124.9,20.8,135.6,82.6,5.0,1.9528175507007752,45.14725648259049,107.2,4.6,127.8,62.8,49.4,12.6,287.7,37.7,153.1,93.0,11.6,0.1,0.6,126.5,53.4,12.1,41.7,7.227418566435224,0.614229931848415,27.2,0.1,0.1,0.2,157.356143949826,14.6,124.44962778951655,11.1,40.3
143,125.1,88.2,76.2,211.33609580859908,126.48724781664669,264.1,114.5,260.6,195.7,188.34275545563892,327.2676818651606,253.9,349.7,236.45429912795893,146.2,255.5,101.0,282.8,291.4,328.8868383598153,229.3441925674691,179.00892006144707,285.7317905070121,137.8,225.16173974722915,141.4,152.0,369.4,220.8,121.7,259.0,105.6,411.3,256.1,150.49019329164034,237.31813420412186,181.07741311957636,236.5,195.7,86.0,250.1,244.6,214.1,248.14283297647154,334.664175527011,325.0,758.5420323904428,324.2,101.5,148.4,267.7402580875739,78.4,163.6,403.0388949112961,275.8,204.9,211.93414792175764,110.6,169.3,436.26978983847977,128.5,176.0536736912701,282.6,86.9,25.8,573.225336395231,231.02039275217848,291.7,202.66826094672103,298.8888203653322,210.79284819481214,1133.7,267.0,177.7,330.2,416.5,168.1,205.0,197.114512277397,105.569926517567,589.5,215.2,220.00561016432874,433.8882533467912,187.6,216.9,29.6,365.0,109.82420787159839,345.0,247.2,152.5,278.87234855010587,243.0,293.8,164.50938204798092,85.56754583392473,374.6453942195757,256.8408837857591,148.3679196581179,267.02787853477884,132.9,84.4,254.6,429.0,270.5,147.2,105.8,90.8,231.5,323.1,152.24326566885594,302.4,186.4,151.3,70.46018037067864,806.4,278.9,373.65891523824206,419.8,93.4,117.8,284.0,283.83246207301136,300.2348069755445,188.1,249.1,161.7,226.0,267.2,201.4,283.8,263.1,111.4,211.45666541847666,91.5,128.13303428226612,111.8,81.0,224.2,164.4,88.9,282.7,342.3,271.1,80.0,174.1072132902163,282.3,67.6,212.9509106524174,115.2,115.3,147.6,71.9,1.6,210.56950702734437,218.47117267611077,156.2,109.4,2.234506190436004,122.6,305.70875874413423,252.4,65.5,27.7,156.8,132.8,63.1,58.51471710640254,42.9,66.81536222895096,102.3,405.4,172.8,134.0,111.29940312606709,68.3,108.4,155.2,0.8,108.6,248.0,59.5,207.33416613661305,6.612507080387221,120.7,656.3409340027139,83.3,35.4558493213872,7.5,110.5754073551876,292.970889552248,355.0670654824599,27.7,0.1,139.2,472.44373678294494,416.4,406.4,215.3,69.4,18.2,2.9,121.1,300.4,0.2,0.5,0.2,177.7,0.1,1.3597002025627711,0.1,0.1,0.2,0.6,1.0,9.2,577.5,203.52509471477842,13.0,517.8,1.4,170.5,2.7244118270538094,121.0,34.81417125578762,9.7,142.15783197165388,2.1,135.1,120.8,108.7,67.8,126.2,9.4,2.2,1.8,60.3883737720151,156.4,190.19425320084565,269.04441825275376,125.57504877324324,1.2,165.9,2.8,23.5,6.1,368.5,169.4,66.4,5.7,1.0,71.15984296166947,19.6,200.3,15.136200983125637,13.313339178297948,356.0,232.2,12.3,17.7,33.5,193.6,23.8,1.2,1.2,130.9,0.8,7.3,1.1,241.0,2.2,97.4,71.3,52.28856221760464,8.836555182846986,0.42043391871531854,2.7,58.6,90.0,0.6,128.0,7.6,72.9,85.1,55.85579270581162,9.4,0.33114301093061693,143.16358612496208,6.9,0.1,62.0,124.9,20.8,135.6,82.6,5.0,2.72400243275415,36.813976228604204,107.2,4.6,127.8,62.8,49.4,12.6,287.7,37.7,153.1,93.0,11.6,0.1,0.6,126.5,53.4,12.1,41.7,8.718170808045262,0.6041184183387944,27.2,0.1,0.1,0.2,169.8199554137321,14.6,157.75763460570406,11.1,40.3
144,125.1,88.2,76.2,189.16635180680822,172.19824828899945,264.1,114.5,260.6,195.7,241.7721700274244,308.6784541956375,253.9,349.7,286.9768829118565,146.2,255.5,101.0,282.8,291.4,379.7749477314862,236.41033040529962,154.623784602139,360.4261992223852,137.8,217.93944367661956,141.4,152.0,369.4,220.8,121.7,259.0,105.6,411.3,256.1,181.80697252956168,199.95993754551915,186.6069771459559,236.5,195.7,86.0,250.1,244.6,214.1,341.1396234915526,261.633942659732,325.0,732.4992649886709,324.2,101.5,148.4,269.0955007940631,78.4,163.6,503.5340261049781,275.8,204.9,224.97488565551177,110.6,169.3,428.0057074316022,128.5,134.18683069083457,282.6,86.9,25.8,645.543808633877,199.93194770394797,291.7,210.62742120352505,293.534410430687,284.3295486246427,1133.7,267.0,177.7,330.2,416.5,168.1,205.0,187.1895835360409,107.4610974950366,589.5,215.2,206.85631196021498,389.64667979627563,187.6,216.9,29.6,365.0,119.4895236872201,345.0,247.2,152.5,242.37106817908796,243.0,293.8,220.07462334565153,91.62769441821618,437.592361084602,282.9544866739271,208.97526793318593,264.7378614424453,132.9,84.4,254.6,429.0,270.5,147.2,105.8,90.8,231.5,323.1,177.76736110978695,302.4,186.4,151.3,79.73833763127206,806.4,278.9,294.97483049567467,419.8,93.4,117.8,284.0,259.6976114123352,220.5584900109687,188.1,249.1,161.7,226.0,267.2,201.4,283.8,263.1,111.4,217.5330313494576,91.5,140.1395008154118,111.8,81.0,224.2,164.4,88.9,282.7,342.3,271.1,80.0,155.13421111582227,282.3,67.6,209.60475064625396,115.2,115.3,147.6,71.9,1.6,210.79109656291686,305.29957446248284,156.2,109.4,2.3198451891021112,122.6,273.76299815871954,252.4,65.5,27.7,156.8,132.8,63.1,51.1817006325756,42.9,71.75923430393831,102.3,405.4,172.8,134.0,85.6425904372122,68.3,108.4,155.2,0.8,108.6,248.0,59.5,241.28312377123794,6.727933186234343,120.7,733.816120127266,83.3,37.91324971001264,7.5,113.28746259751328,348.08649009252076,305.2826091582426,27.7,0.1,139.2,498.2918723168246,416.4,406.4,215.3,69.4,18.2,2.9,121.1,300.4,0.2,0.5,0.2,177.7,0.1,1.6038285414981077,0.1,0.1,0.2,0.6,1.0,9.2,577.5,223.53532454534502,13.0,517.8,1.4,170.5,3.249068650186788,121.0,35.309338036854776,9.7,158.9751648809429,2.1,135.1,120.8,108.7,67.8,126.2,9.4,2.2,1.8,72.11012883640203,156.4,156.56724535367871,220.58649921816337,135.42738116833573,1.2,165.9,2.8,23.5,6.1,368.5,169.4,66.4,5.7,1.0,63.78924882743619,19.6,200.3,16.830319890929232,11.708739335242184,356.0,232.2,12.3,17.7,33.5,193.6,23.8,1.2,1.2,130.9,0.8,7.3,1.1,241.0,2.2,97.4,71.3,45.47081068112111,9.381402394422157,0.4401592031612929,2.7,58.6,90.0,0.6,128.0,7.6,72.9,85.1,64.62274221315232,9.4,0.32275124225978563,208.35819652474686,6.9,0.1,62.0,124.9,20.8,135.6,82.6,5.0,2.691763451061844,42.97078728102863,107.2,4.6,127.8,62.8,49.4,12.6,287.7,37.7,153.1,93.0,11.6,0.1,0.6,126.5,53.4,12.1,41.7,7.835741676061896,0.5574061318750372,27.2,0.1,0.1,0.2,141.6020048666304,14.6,151.74839944658538,11.1,40.3
145,125.1,88.2,76.2,214.3065200668353,149.4616052836913,264.1,114.5,260.6,195.7,182.4262498020089,438.6481174714641,253.9,349.7,310.98160813692846,146.2,255.5,101.0,282.8,291.4,458.0568744181617,224.03224160348316,159.22475331514127,339.05687515674356,137.8,276.46457421078054,141.4,152.0,369.4,220.8,121.7,259.0,105.6,411.3,256.1,171.51026234461006,240.39225510484349,179.66066418939937,236.5,195.7,86.0,250.1,244.6,214.1,268.63090769572983,342.59073976118026,325.0,854.168842510713,324.2,101.5,148.4,250.43749379450372,78.4,163.6,488.2865032287393,275.8,204.9,235.7060902335694,110.6,169.3,356.84257600913793,128.5,162.07792885553778,282.6,86.9,25.8,514.4361218242184,260.4548453440502,291.7,172.72585021659185,332.41374908662203,286.7078188813997,1133.7,267.0,177.7,330.2,416.5,168.1,205.0,180.87968625662444,107.20395962485794,589.5,215.2,223.42286348296912,413.2977107406329,187.6,216.9,29.6,365.0,106.71837793038738,345.0,247.2,152.5,279.5520586834731,243.0,293.8,237.31903756426462,76.4950652190179,431.7075928493143,243.81582377394483,195.6690324940655,364.38063409750305,132.9,84.4,254.6,429.0,270.5,147.2,105.8,90.8,231.5,323.1,179.2456081933307,302.4,186.4,151.3,92.77882474072808,806.4,278.9,324.27023446462556,419.8,93.4,117.8,284.0,241.82884130547984,214.60133948936254,188.1,249.1,161.7,226.0,267.2,201.4,283.8,263.1,111.4,232.6514317942823,91.5,123.61425329332322,111.8,81.0,224.2,164.4,88.9,282.7,342.3,271.1,80.0,135.04953699951494,282.3,67.6,150.8020457979108,115.2,115.3,147.6,71.9,1.6,253.45536382253133,258.26180500892247,156.2,109.4,1.9094211700964205,122.6,313.71808063435174,252.4,65.5,27.7,156.8,132.8,63.1,43.75302881686832,42.9,82.0722163418955,102.3,405.4,172.8,134.0,96.43321924228658,68.3,108.4,155.2,0.8,108.6,248.0,59.5,186.68811847781006,9.421584609902416,120.7,678.7034540074714,83.3,50.57928645013371,7.5,112.50816165680338,259.8113691827678,348.8010779190792,27.7,0.1,139.2,460.79558924129543,416.4,406.4,215.3,69.4,18.2,2.9,121.1,300.4,0.2,0.5,0.2,177.7,0.1,1.7798192829731425,0.1,0.1,0.2,0.6,1.0,9.2,577.5,231.13898734098697,13.0,517.8,1.4,170.5,3.445604035274274,121.0,34.27406364155559,9.7,159.4148824116042,2.1,135.1,120.8,108.7,67.8,126.2,9.4,2.2,1.8,64.06785267720575,156.4,169.77934241927153,251.4663917116448,110.77574962952457,1.2,165.9,2.8,23.5,6.1,368.5,169.4,66.4,5.7,1.0,57.20582101755678,19.6,200.3,12.30431635552304,13.814631384065766,356.0,232.2,12.3,17.7,33.5,193.6,23.8,1.2,1.2,130.9,0.8,7.3,1.1,241.0,2.2,97.4,71.3,47.31692341262496,9.82805211127967,0.5318654258147995,2.7,58.6,90.0,0.6,128.0,7.6,72.9,85.1,75.25284552204013,9.4,0.47651827452533574,182.85430836254622,6.9,0.1,62.0,124.9,20.8,135.6,82.6,5.0,2.697680810641231,38.454681261573626,107.2,4.6,127.8,62.8,49.4,12.6,287.7,37.7,153.1,93.0,11.6,0.1,0.6,126.5,53.4,12.1,41.7,8.101702695188596,0.7159108897718449,27.2,0.1,0.1,0.2,166.56844823019168,14.6,141.42203057129453,11.1,40.3
146,125.1,88.2,76.2,196.2883816309901,157.81422862707709,264.1,114.5,260.6,195.7,235.3457746550368,363.2716306082368,253.9,349.7,285.5242706603558,146.2,255.5,101.0,282.8,291.4,367.44770612450526,238.7171543711306,157.57869370501638,308.41610481410896,137.8,238.0876750669754,141.4,152.0,369.4,220.8,121.7,259.0,105.6,411.3,256.1,182.19236449937128,225.61500710050353,148.7618262264913,236.5,195.7,86.0,250.1,244.6,214.1,279.9910787208734,369.60720669421903,325.0,741.8208003639892,324.2,101.5,148.4,216.55569595253678,78.4,163.6,456.9012005561674,275.8,204.9,203.7076775279442,110.6,169.3,374.1168627388174,128.5,175.98678440344486,282.6,86.9,25.8,591.9523096099597,270.25071275018314,291.7,224.11501585154002,262.5299669983744,211.6490716614175,1133.7,267.0,177.7,330.2,416.5,168.1,205.0,198.78303457918616,152.2721217892812,589.5,215.2,194.50928158568146,421.9886580665708,187.6,216.9,29.6,365.0,107.6871957051947,345.0,247.2,152.5,218.41008117548284,243.0,293.8,228.40378653507503,95.10299634506762,349.5590810677145,228.0478947837879,215.07127135896832,340.7100811952298,132.9,84.4,254.6,429.0,270.5,147.2,105.8,90.8,231.5,323.1,130.70712471654818,302.4,186.4,151.3,70.8773809427937,806.4,278.9,391.7430499652828,419.8,93.4,117.8,284.0,241.44804780467666,292.288932673251,188.1,249.1,161.7,226.0,267.2,201.4,283.8,263.1,111.4,172.38570607119448,91.5,105.28918959625875,111.8,81.0,224.2,164.4,88.9,282.7,342.3,271.1,80.0,173.44118624843276,282.3,67.6,213.3482520349597,115.2,115.3,147.6,71.9,1.6,222.5351649855631,303.8006169720529,156.2,109.4,1.8932676663542498,122.6,322.44850154814014,252.4,65.5,27.7,156.8,132.8,63.1,46.60020068524424,42.9,81.48229494650734,102.3,405.4,172.8,134.0,107.04095201630291,68.3,108.4,155.2,0.8,108.6,248.0,59.5,185.65144895863855,8.461197796906193,120.7,581.1693758360508,83.3,49.98871918614793,7.5,116.16419393239858,310.84199770082677,244.51023934682007,27.7,0.1,139.2,408.3838621659984,416.4,406.4,215.3,69.4,18.2,2.9,121.1,300.4,0.2,0.5,0.2,177.7,0.1,1.4213330461336515,0.1,0.1,0.2,0.6,1.0,9.2,577.5,232.02388031422572,13.0,517.8,1.4,170.5,2.9411534913017103,121.0,31.593817541671022,9.7,131.80882689063853,2.1,135.1,120.8,108.7,67.8,126.2,9.4,2.2,1.8,66.65238468818924,156.4,188.16233660053973,253.74952233333053,128.6239276203992,1.2,165.9,2.8,23.5,6.1,368.5,169.4,66.4,5.7,1.0,59.88857657241648,19.6,200.3,14.754669880645606,11.164270591574631,356.0,232.2,12.3,17.7,33.5,193.6,23.8,1.2,1.2,130.9,0.8,7.3,1.1,241.0,2.2,97.4,71.3,53.68902848944868,8.813055190313184,0.5792781214202593,2.7,58.6,90.0,0.6,128.0,7.6,72.9,85.1,63.65154381456383,9.4,0.35723597436775717,188.30690117697253,6.9,0.1,62.0,124.9,20.8,135.6,82.6,5.0,2.712819104186805,32.496402098348014,107.2,4.6,127.8,62.8,49.4,12.6,287.7,37.7,153.1,93.0,11.6,0.1,0.6,126.5,53.4,12.1,41.7,9.804670435921194,0.6854184015954453,27.2,0.1,0.1,0.2,142.86811231129957,14.6,176.52843381670584,11.1,40.3
147,125.1,88.2,76.2,243.06740551056515,174.6116366864546,264.1,114.5,260.6,195.7,201.62727697862704,430.78607413646273,253.9,349.7,222.9834156389093,146.2,255.5,101.0,282.8,291.4,356.31432926746487,244.51244089984198,167.09628664034585,282.78723443014496,137.8,233.83429805759337,141.4,152.0,369.4,220.8,121.7,259.0,105.6,411.3,256.1,162.42717578383855,198.10262947048884,189.51320549124557,236.5,195.7,86.0,250.1,244.6,214.1,246.2991300020785,343.2558614955033,325.0,760.659623893173,324.2,101.5,148.4,276.39257426697236,78.4,163.6,537.4525199827762,275.8,204.9,183.02573478939692,110.6,169.3,334.3423671062488,128.5,125.38206423645596,282.6,86.9,25.8,475.8271944716317,209.28960967649934,291.7,207.51135030717217,319.71185205969977,258.7168875684701,1133.7,267.0,177.7,330.2,416.5,168.1,205.0,168.2606285479662,119.96351941676762,589.5,215.2,232.93258720770243,520.9159619487102,187.6,216.9,29.6,365.0,120.51307518580492,345.0,247.2,152.5,229.60155788784326,243.0,293.8,188.9399361390868,84.0832492777668,302.1063513807425,204.85411655030376,184.21438398274316,378.52786923026594,132.9,84.4,254.6,429.0,270.5,147.2,105.8,90.8,231.5,323.1,155.72403357082396,302.4,186.4,151.3,82.94065888766474,806.4,278.9,325.13037784649134,419.8,93.4,117.8,284.0,251.6941175751508,307.29158080687733,188.1,249.1,161.7,226.0,267.2,201.4,283.8,263.1,111.4,221.25284550553417,91.5,132.77486618539038,111.8,81.0,224.2,164.4,88.9,282.7,342.3,271.1,80.0,166.52126757509757,282.3,67.6,209.0442642902503,115.2,115.3,147.6,71.9,1.6,223.38155758511598,271.1433792583386,156.2,109.4,2.2502819265364655,122.6,266.8879528740998,252.4,65.5,27.7,156.8,132.8,63.1,44.229198026801555,42.9,92.1765569559525,102.3,405.4,172.8,134.0,104.22914947923827,68.3,108.4,155.2,0.8,108.6,248.0,59.5,232.67868138465002,6.7287149300588975,120.7,722.5595843758317,83.3,42.49201963670404,7.5,92.32429284405622,338.8230883300746,283.1721316857196,27.7,0.1,139.2,400.8847279260449,416.4,406.4,215.3,69.4,18.2,2.9,121.1,300.4,0.2,0.5,0.2,177.7,0.1,1.566165307468151,0.1,0.1,0.2,0.6,1.0,9.2,577.5,234.31099125043193,13.0,517.8,1.4,170.5,3.6932261270400035,121.0,35.74345528723349,9.7,182.95484996695185,2.1,135.1,120.8,108.7,67.8,126.2,9.4,2.2,1.8,59.99531207219216,156.4,224.89811176891618,198.05889180180966,100.84459985575096,1.2,165.9,2.8,23.5,6.1,368.5,169.4,66.4,5.7,1.0,66.32226304369638,19.6,200.3,17.183036375332364,12.63384133903131,356.0,232.2,12.3,17.7,33.5,193.6,23.8,1.2,1.2,130.9,0.8,7.3,1.1,241.0,2.2,97.4,71.3,42.24540998233084,7.221960295600624,0.5860474391363854,2.7,58.6,90.0,0.6,128.0,7.6,72.9,85.1,57.699556926873086,9.4,0.4564149226711013,165.11187997514298,6.9,0.1,62.0,124.9,20.8,135.6,82.6,5.0,2.635228150934001,39.31758691642288,107.2,4.6,127.8,62.8,49.4,12.6,287.7,37.7,153.1,93.0,11.6,0.1,0.6,126.5,53.4,12.1,41.7,8.489528479173742,0.49219357003190345,27.2,0.1,0.1,0.2,146.1366654997369,14.6,173.5772361676414,11.1,40.3
148,125.1,88.2,76.2,197.5094812115977,180.1399720194676,264.1,114.5,260.6,195.7,204.27400525335256,399.0930156655121,253.9,349.7,249.0406111485922,146.2,255.5,101.0,282.8,291.4,333.80879978878835,192.92796327392367,169.70683325707398,296.0703735817041,137.8,249.79291133857743,141.4,152.0,369.4,220.8,121.7,259.0,105.6,411.3,256.1,130.609894852856,245.86887386261384,152.26284946055895,236.5,195.7,86.0,250.1,244.6,214.1,268.5007211253738,293.06452406200077,325.0,942.3704774561543,324.2,101.5,148.4,193.1036580009877,78.4,163.6,520.7164283302404,275.8,204.9,215.4379816820728,110.6,169.3,318.94638783661014,128.5,123.41260191963985,282.6,86.9,25.8,589.3476061621236,226.18222501845133,291.7,201.82225041807848,320.64883646379207,293.13597789659985,1133.7,267.0,177.7,330.2,416.5,168.1,205.0,173.22079684165112,118.9939952733684,589.5,215.2,240.83630925120778,529.8797868853071,187.6,216.9,29.6,365.0,108.47143325210533,345.0,247.2,152.5,275.20021616761665,243.0,293.8,241.39229074014983,92.04942843484858,412.3335292931241,265.31813822190793,148.49581206257722,383.24788127824957,132.9,84.4,254.6,429.0,270.5,147.2,105.8,90.8,231.5,323.1,173.22591622841634,302.4,186.4,151.3,102.40345978506366,806.4,278.9,280.8129635708823,419.8,93.4,117.8,284.0,211.81300796526781,230.39821593249752,188.1,249.1,161.7,226.0,267.2,201.4,283.8,263.1,111.4,186.2989164886221,91.5,146.0291275732916,111.8,81.0,224.2,164.4,88.9,282.7,342.3,271.1,80.0,164.09392291253425,282.3,67.6,190.07468182786005,115.2,115.3,147.6,71.9,1.6,291.5312535770446,217.32758425580298,156.2,109.4,1.9737089373056411,122.6,317.4147946951295,252.4,65.5,27.7,156.8,132.8,63.1,52.468239161133155,42.9,69.865407982607,102.3,405.4,172.8,134.0,78.2625253369057,68.3,108.4,155.2,0.8,108.6,248.0,59.5,233.61593983542485,9.336353004650574,120.7,646.5148923788805,83.3,44.36046695509008,7.5,99.28800407864004,377.72143209193615,345.5835014761727,27.7,0.1,139.2,399.3578366775538,416.4,406.4,215.3,69.4,18.2,2.9,121.1,300.4,0.2,0.5,0.2,177.7,0.1,1.6329970294317648,0.1,0.1,0.2,0.6,1.0,9.2,577.5,193.08523156282658,13.0,517.8,1.4,170.5,2.555354711378225,121.0,44.27622315216004,9.7,170.60251719860133,2.1,135.1,120.8,108.7,67.8,126.2,9.4,2.2,1.8,53.63066038523179,156.4,206.06707950614623,254.42096755981777,122.82533430645702,1.2,165.9,2.8,23.5,6.1,368.5,169.4,66.4,5.7,1.0,69.64118750927975,19.6,200.3,12.550757076268468,12.827002484269208,356.0,232.2,12.3,17.7,33.5,193.6,23.8,1.2,1.2,130.9,0.8,7.3,1.1,241.0,2.2,97.4,71.3,49.23588983301684,8.997475629403358,0.44286033290624466,2.7,58.6,90.0,0.6,128.0,7.6,72.9,85.1,62.12461419038937,9.4,0.4449037623382319,158.8161906994157,6.9,0.1,62.0,124.9,20.8,135.6,82.6,5.0,2.4790324641699293,46.7408330621019,107.2,4.6,127.8,62.8,49.4,12.6,287.7,37.7,153.1,93.0,11.6,0.1,0.6,126.5,53.4,12.1,41.7,9.061959913388732,0.7163916736266918,27.2,0.1,0.1,0.2,155.89934059805535,14.6,119.8107525495195,11.1,40.3
149,125.1,88.2,76.2,191.1139197524283,168.4474853736457,264.1,114.5,260.6,195.7,215.21669170265426,401.1078428728191,253.9,349.7,245.67938199832068,146.2,255.5,101.0,282.8,291.4,428.7871679523064,179.01826845191377,178.18009864776164,289.0960428003205,137.8,233.65479398800386,141.4,152.0,369.4,220.8,121.7,259.0,105.6,411.3,256.1,149.58728264694182,245.57318027802444,138.27073971983862,236.5,195.7,86.0,250.1,244.6,214.1,281.8349701244131,281.74587324679146,325.0,755.3740560911355,324.2,101.5,148.4,220.22984267107182,78.4,163.6,411.7428902189105,275.8,204.9,256.21210539833555,110.6,169.3,366.1893544460144,128.5,154.42006880652195,282.6,86.9,25.8,582.2492805189489,203.87084188221976,291.7,159.16401890603714,260.800811111127,257.2145224054497,1133.7,267.0,177.7,330.2,416.5,168.1,205.0,236.7719235748175,155.2845348994517,589.5,215.2,235.88564310570374,547.6579862483875,187.6,216.9,29.6,365.0,117.17856047126016,345.0,247.2,152.5,293.0928949485358,243.0,293.8,163.8901572932259,77.3967826988528,331.506104438336,220.22300013627466,203.2001750932788,364.0816350831097,132.9,84.4,254.6,429.0,270.5,147.2,105.8,90.8,231.5,323.1,142.4493502592369,302.4,186.4,151.3,82.56324398224154,806.4,278.9,284.5167752899153,419.8,93.4,117.8,284.0,281.65374975252234,254.25975099017637,188.1,249.1,161.7,226.0,267.2,201.4,283.8,263.1,111.4,207.31652621354243,91.5,100.61979754088999,111.8,81.0,224.2,164.4,88.9,282.7,342.3,271.1,80.0,148.38327176073722,282.3,67.6,208.0052719152165,115.2,115.3,147.6,71.9,1.6,264.7334577939311,253.368557456988,156.2,109.4,2.0580496389739187,122.6,301.0979128306043,252.4,65.5,27.7,156.8,132.8,63.1,53.79506130612535,42.9,93.95805092093782,102.3,405.4,172.8,134.0,94.46571733420197,68.3,108.4,155.2,0.8,108.6,248.0,59.5,223.977975606232,9.165705397784482,120.7,589.3899808897261,83.3,48.00006383621093,7.5,126.78193652171797,369.29581815732433,242.73525969575618,27.7,0.1,139.2,354.8816596551308,416.4,406.4,215.3,69.4,18.2,2.9,121.1,300.4,0.2,0.5,0.2,177.7,0.1,1.5565149612970532,0.1,0.1,0.2,0.6,1.0,9.2,577.5,209.18438675893648,13.0,517.8,1.4,170.5,3.049912259716926,121.0,40.72651721733174,9.7,126.91564157951474,2.1,135.1,120.8,108.7,67.8,126.2,9.4,2.2,1.8,62.87249027490934,156.4,226.31033995474127,214.68900209686632,102.5233500072587,1.2,165.9,2.8,23.5,6.1,368.5,169.4,66.4,5.7,1.0,72.6316662218315,19.6,200.3,13.73939464640906,12.72731725946582,356.0,232.2,12.3,17.7,33.5,193.6,23.8,1.2,1.2,130.9,0.8,7.3,1.1,241.0,2.2,97.4,71.3,38.865474821286156,9.04838816600753,0.4964022710722893,2.7,58.6,90.0,0.6,128.0,7.6,72.9,85.1,66.91664073035554,9.4,0.3366916886711225,202.30782730123062,6.9,0.1,62.0,124.9,20.8,135.6,82.6,5.0,2.0327034599287805,42.50370714433064,107.2,4.6,127.8,62.8,49.4,12.6,287.7,37.7,153.1,93.0,11.6,0.1,0.6,126.5,53.4,12.1,41.7,6.830161909282053,0.6059982943358201,27.2,0.1,0.1,0.2,151.1177984329327,14.6,124.17186704503125,11.1,40.3
150,125.1,88.2,76.2,256.1388794704369,120.49400523098062,264.1,114.5,260.6,195.7,205.79188930650602,335.3773303354842,253.9,349.7,296.47944339910555,146.2,255.5,101.0,282.8,291.4,352.0234239729513,170.7200395000359,185.39306397322187,377.57183548809644,137.8,291.44000620216275,141.4,152.0,369.4,220.8,121.7,259.0,105.6,411.3,256.1,149.4600128203151,277.00656041903096,171.12872178833953,236.5,195.7,86.0,250.1,244.6,214.1,266.3005658467508,351.7906044655366,325.0,672.3408362076342,324.2,101.5,148.4,204.173864135988,78.4,163.6,365.4027207960002,275.8,204.9,221.01702701050124,110.6,169.3,334.11629277071756,128.5,122.41613406157076,282.6,86.9,25.8,589.9958261652871,215.64099437553918,291.7,224.29032321901573,260.32357390524714,270.40591969927607,1133.7,267.0,177.7,330.2,416.5,168.1,205.0,176.89991893873656,144.07146105218482,589.5,215.2,266.25796332740913,418.6312242274233,187.6,216.9,29.6,365.0,96.21132211295391,345.0,247.2,152.5,301.7220555188852,243.0,293.8,172.49296410790691,83.9531790317748,350.31516346868864,277.59007757652364,176.93075342918098,371.18661894239585,132.9,84.4,254.6,429.0,270.5,147.2,105.8,90.8,231.5,323.1,142.0405826297579,302.4,186.4,151.3,72.01943773530223,806.4,278.9,352.67985244023055,419.8,93.4,117.8,284.0,236.87571472159982,226.75614947657084,188.1,249.1,161.7,226.0,267.2,201.4,283.8,263.1,111.4,202.1737219683283,91.5,147.4884812191166,111.8,81.0,224.2,164.4,88.9,282.7,342.3,271.1,80.0,129.52060513349613,282.3,67.6,219.75635892938533,115.2,115.3,147.6,71.9,1.6,237.83523385956514,254.4487643972425,156.2,109.4,1.8044949191229838,122.6,300.1327924060291,252.4,65.5,27.7,156.8,132.8,63.1,59.11034250739384,42.9,90.40111302952884,102.3,405.4,172.8,134.0,100.80177939984168,68.3,108.4,155.2,0.8,108.6,248.0,59.5,205.95526670699513,8.95246284824489,120.7,845.9074492071031,83.3,44.06652431363611,7.5,111.71722639431752,367.923779850197,337.43761067047956,27.7,0.1,139.2,459.5485262302791,416.4,406.4,215.3,69.4,18.2,2.9,121.1,300.4,0.2,0.5,0.2,177.7,0.1,1.3149556720228666,0.1,0.1,0.2,0.6,1.0,9.2,577.5,211.8677949418309,13.0,517.8,1.4,170.5,2.9950261082959244,121.0,44.85632158271675,9.7,172.89678753668463,2.1,135.1,120.8,108.7,67.8,126.2,9.4,2.2,1.8,73.16904279889715,156.4,203.33435895906803,202.9119908057764,124.37850941424594,1.2,165.9,2.8,23.5,6.1,368.5,169.4,66.4,5.7,1.0,51.62450934823067,19.6,200.3,14.746768093141569,13.882292727149386,356.0,232.2,12.3,17.7,33.5,193.6,23.8,1.2,1.2,130.9,0.8,7.3,1.1,241.0,2.2,97.4,71.3,44.15288415385154,8.608090528261359,0.4461913646399904,2.7,58.6,90.0,0.6,128.0,7.6,72.9,85.1,57.2941512927092,9.4,0.35358845071406475,141.9024469635307,6.9,0.1,62.0,124.9,20.8,135.6,82.6,5.0,2.441811617029319,38.546090146854574,107.2,4.6,127.8,62.8,49.4,12.6,287.7,37.7,153.1,93.0,11.6,0.1,0.6,126.5,53.4,12.1,41.7,10.150150661239065,0.6225751204636238,27.2,0.1,0.1,0.2,145.5208470168234,14.6,176.7796685753028,11.1,40.3
151,125.1,88.2,76.2,210.15541030677687,171.48644153142754,264.1,114.5,260.6,195.7,222.23572041060677,323.9174946519483,253.9,349.7,273.8953748256363,146.2,255.5,101.0,282.8,291.4,391.5009943034149,226.09138376642377,177.0719953835466,372.59510532667434,137.8,270.30807546035896,141.4,152.0,369.4,220.8,121.7,259.0,105.6,411.3,256.1,144.5009232318701,207.80154411351177,140.5684173218107,236.5,195.7,86.0,250.1,244.6,214.1,334.80551990279463,366.36101189885005,325.0,947.4085438514019,324.2,101.5,148.4,238.1580097816281,78.4,163.6,397.3313936158828,275.8,204.9,251.0182120988834,110.6,169.3,410.3673049203279,128.5,124.20307513326041,282.6,86.9,25.8,667.6974689129892,272.0993843343688,291.7,210.9148764100994,279.4912511455905,256.48122065528537,1133.7,267.0,177.7,330.2,416.5,168.1,205.0,217.93468233605844,132.30924552436844,589.5,215.2,247.11770956832396,401.82011549304,187.6,216.9,29.6,365.0,132.52283504240108,345.0,247.2,152.5,274.69555563923683,243.0,293.8,223.3012935710757,85.72877104184363,390.1731189412983,231.20099430257847,176.20156693899605,379.7874914607163,132.9,84.4,254.6,429.0,270.5,147.2,105.8,90.8,231.5,323.1,157.21752337064035,302.4,186.4,151.3,102.21853291225938,806.4,278.9,382.7167975398491,419.8,93.4,117.8,284.0,258.25708581763047,275.18941146167555,188.1,249.1,161.7,226.0,267.2,201.4,283.8,263.1,111.4,171.09662249668634,91.5,121.23920151537666,111.8,81.0,224.2,164.4,88.9,282.7,342.3,271.1,80.0,127.34683700098677,282.3,67.6,157.73102822995997,115.2,115.3,147.6,71.9,1.6,227.9222971876314,269.53215655144123,156.2,109.4,1.8620876959891788,122.6,255.79936906270672,252.4,65.5,27.7,156.8,132.8,63.1,40.7498121660602,42.9,73.65273725577498,102.3,405.4,172.8,134.0,98.83320560003462,68.3,108.4,155.2,0.8,108.6,248.0,59.5,233.2003860936303,8.64356326446826,120.7,829.8355253747791,83.3,34.86236432935144,7.5,110.16952785058237,264.8688408083646,276.88931123932764,27.7,0.1,139.2,425.0416843715684,416.4,406.4,215.3,69.4,18.2,2.9,121.1,300.4,0.2,0.5,0.2,177.7,0.1,1.7706107318364988,0.1,0.1,0.2,0.6,1.0,9.2,577.5,229.6918826537444,13.0,517.8,1.4,170.5,3.4591701430864843,121.0,41.24329286051782,9.7,177.9523670472374,2.1,135.1,120.8,108.7,67.8,126.2,9.4,2.2,1.8,64.63613614106633,156.4,217.20494980286907,220.07397034425077,119.86623240549753,1.2,165.9,2.8,23.5,6.1,368.5,169.4,66.4,5.7,1.0,61.08463666424736,19.6,200.3,17.50572166073944,11.118647331366086,356.0,232.2,12.3,17.7,33.5,193.6,23.8,1.2,1.2,130.9,0.8,7.3,1.1,241.0,2.2,97.4,71.3,41.043375959911344,8.0450299414288,0.5482124670888203,2.7,58.6,90.0,0.6,128.0,7.6,72.9,85.1,71.6439130470904,9.4,0.43020929769442035,156.6940346237113,6.9,0.1,62.0,124.9,20.8,135.6,82.6,5.0,1.9931984857406593,46.92014073239446,107.2,4.6,127.8,62.8,49.4,12.6,287.7,37.7,153.1,93.0,11.6,0.1,0.6,126.5,53.4,12.1,41.7,6.879846137035193,0.5684732691360108,27.2,0.1,0.1,0.2,128.8567501195876,14.6,162.654178099496,11.1,40.3
152,125.1,88.2,76.2,238.489538624528,133.9648235667067,264.1,114.5,260.6,195.7,220.68112151768497,398.5760683744798,253.9,349.7,307.2918045301688,146.2,255.5,101.0,282.8,291.4,394.14359542560027,216.8211973300679,127.42915369420977,337.1596231873077,137.8,271.26063888604574,141.4,152.0,369.4,220.8,121.7,259.0,105.6,411.3,256.1,146.08564877348476,191.86890478363253,158.97517177352205,236.5,195.7,86.0,250.1,244.6,214.1,285.97873334501674,304.42383050554423,325.0,791.3832326519761,324.2,101.5,148.4,259.18298127725956,78.4,163.6,501.8565247783888,275.8,204.9,186.41970985500922,110.6,169.3,318.68011323593527,128.5,170.35610645674066,282.6,86.9,25.8,564.9213027475896,287.794647552138,291.7,164.79573149372231,286.45006807806374,243.16381822358997,1133.7,267.0,177.7,330.2,416.5,168.1,205.0,209.90966985520615,122.48764783185882,589.5,215.2,233.42259991884782,423.5811412014103,187.6,216.9,29.6,365.0,119.50635565057415,345.0,247.2,152.5,221.08609059623046,243.0,293.8,210.24539854230187,93.5205157276335,315.65386384373744,260.90033389183867,183.0504747331708,371.640503192149,132.9,84.4,254.6,429.0,270.5,147.2,105.8,90.8,231.5,323.1,142.27206718047333,302.4,186.4,151.3,94.59649819079172,806.4,278.9,278.47006271623417,419.8,93.4,117.8,284.0,249.44921199726116,282.3787994788634,188.1,249.1,161.7,226.0,267.2,201.4,283.8,263.1,111.4,229.6300042583039,91.5,134.24149475891574,111.8,81.0,224.2,164.4,88.9,282.7,342.3,271.1,80.0,181.18078577898495,282.3,67.6,152.4470636593819,115.2,115.3,147.6,71.9,1.6,223.66083793815915,298.87260577266557,156.2,109.4,2.051990781030061,122.6,315.89857068016244,252.4,65.5,27.7,156.8,132.8,63.1,50.35457513940859,42.9,88.04469929444501,102.3,405.4,172.8,134.0,98.22135534347186,68.3,108.4,155.2,0.8,108.6,248.0,59.5,219.14444746676924,8.866602941106425,120.7,730.3495742230604,83.3,40.06315081406007,7.5,120.70091422022696,373.1401663852879,269.25228853106427,27.7,0.1,139.2,441.973415966952,416.4,406.4,215.3,69.4,18.2,2.9,121.1,300.4,0.2,0.5,0.2,177.7,0.1,1.3120258960790432,0.1,0.1,0.2,0.6,1.0,9.2,577.5,242.18277339427075,13.0,517.8,1.4,170.5,3.49893437824493,121.0,35.5471156751634,9.7,134.15985547950504,2.1,135.1,120.8,108.7,67.8,126.2,9.4,2.2,1.8,58.544462657663324,156.4,201.19052474947506,251.38047466775075,102.21054410130267,1.2,165.9,2.8,23.5,6.1,368.5,169.4,66.4,5.7,1.0,52.57779389799455,19.6,200.3,14.106663816423364,11.29481185741035,356.0,232.2,12.3,17.7,33.5,193.6,23.8,1.2,1.2,130.9,0.8,7.3,1.1,241.0,2.2,97.4,71.3,52.079379259999186,8.646967110928951,0.5386155745388543,2.7,58.6,90.0,0.6,128.0,7.6,72.9,85.1,60.36788198887828,9.4,0.3882088847145372,201.70780609605256,6.9,0.1,62.0,124.9,20.8,135.6,82.6,5.0,2.4803961838069797,32.761427747791494,107.2,4.6,127.8,62.8,49.4,12.6,287.7,37.7,153.1,93.0,11.6,0.1,0.6,126.5,53.4,12.1,41.7,9.067514361720546,0.5173776104148703,27.2,0.1,0.1,0.2,166.85695260647122,14.6,163.1074545934172,11.1,40.3
153,125.1,88.2,76.2,260.1202749646178,165.08346534543125,264.1,114.5,260.6,195.7,232.6164060643045,449.98276293691526,253.9,349.7,302.9110215886068,146.2,255.5,101.0,282.8,291.4,475.9453035731717,229.52742368163985,172.0225482379024,307.1096657915422,137.8,310.3001944582392,141.4,152.0,369.4,220.8,121.7,259.0,105.6,411.3,256.1,142.73757910907688,246.63085545383382,151.1249342262414,236.5,195.7,86.0,250.1,244.6,214.1,296.538631006357,350.8217591225571,325.0,840.5792523917144,324.2,101.5,148.4,258.8198013163218,78.4,163.6,522.9085894795853,275.8,204.9,241.6539220614717,110.6,169.3,304.06071415583506,128.5,131.0076211636315,282.6,86.9,25.8,517.5843088165427,282.23156286600266,291.7,210.52141062489102,300.86422479599196,257.3282151308888,1133.7,267.0,177.7,330.2,416.5,168.1,205.0,231.32662801569148,120.6026675669973,589.5,215.2,192.66133913529964,491.89358882858045,187.6,216.9,29.6,365.0,112.41892801232527,345.0,247.2,152.5,260.704919330895,243.0,293.8,202.52233997043905,92.68947769771296,415.36409717578607,268.725025618447,176.6665523943896,379.2912977818603,132.9,84.4,254.6,429.0,270.5,147.2,105.8,90.8,231.5,323.1,127.28883104644595,302.4,186.4,151.3,70.92359471365853,806.4,278.9,273.14979531473597,419.8,93.4,117.8,284.0,246.75136940533315,279.2715062389135,188.1,249.1,161.7,226.0,267.2,201.4,283.8,263.1,111.4,222.2671134747704,91.5,112.66501120560932,111.8,81.0,224.2,164.4,88.9,282.7,342.3,271.1,80.0,167.64948578196663,282.3,67.6,183.01487931268747,115.2,115.3,147.6,71.9,1.6,218.89639755665922,229.2755966099242,156.2,109.4,1.9081956648820417,122.6,296.6550202784472,252.4,65.5,27.7,156.8,132.8,63.1,48.98332803394722,42.9,88.20160586002415,102.3,405.4,172.8,134.0,110.48767315523156,68.3,108.4,155.2,0.8,108.6,248.0,59.5,185.9310685422319,7.830787234337715,120.7,591.9769522781841,83.3,46.00046342544292,7.5,100.04632727104281,256.880325197831,327.6239230950979,27.7,0.1,139.2,401.7438982083174,416.4,406.4,215.3,69.4,18.2,2.9,121.1,300.4,0.2,0.5,0.2,177.7,0.1,1.434615252451269,0.1,0.1,0.2,0.6,1.0,9.2,577.5,213.24609067147668,13.0,517.8,1.4,170.5,3.6168602564875103,121.0,45.04072867728149,9.7,154.11496871986134,2.1,135.1,120.8,108.7,67.8,126.2,9.4,2.2,1.8,57.53492113577951,156.4,165.3421638731927,213.07195125145608,141.9986586848777,1.2,165.9,2.8,23.5,6.1,368.5,169.4,66.4,5.7,1.0,57.99707091281414,19.6,200.3,17.506296339433185,14.106536874469267,356.0,232.2,12.3,17.7,33.5,193.6,23.8,1.2,1.2,130.9,0.8,7.3,1.1,241.0,2.2,97.4,71.3,47.33051772472557,8.68103985407705,0.5070242789566738,2.7,58.6,90.0,0.6,128.0,7.6,72.9,85.1,66.7515753018202,9.4,0.41797039129230595,158.0393705619962,6.9,0.1,62.0,124.9,20.8,135.6,82.6,5.0,2.4223084143178926,40.51909508513889,107.2,4.6,127.8,62.8,49.4,12.6,287.7,37.7,153.1,93.0,11.6,0.1,0.6,126.5,53.4,12.1,41.7,7.193886354204945,0.6135391779417159,27.2,0.1,0.1,0.2,156.58770265186718,14.6,156.10726936064464,11.1,40.3
154,125.1,88.2,76.2,257.521045305651,129.81984101883324,264.1,114.5,260.6,195.7,227.18757266702195,423.29353020231576,253.9,349.7,319.8885097283478,146.2,255.5,101.0,282.8,291.4,337.1350690639479,207.61183484827882,167.52953796394777,293.26979770623274,137.8,290.8225451695009,141.4,152.0,369.4,220.8,121.7,259.0,105.6,411.3,256.1,175.11184658604873,277.50200307367373,173.79033505587208,236.5,195.7,86.0,250.1,244.6,214.1,338.32725961129916,312.9082536561581,325.0,682.6106725826983,324.2,101.5,148.4,206.3251835118861,78.4,163.6,514.8210589386736,275.8,204.9,183.03743266221176,110.6,169.3,334.02580936683466,128.5,125.38424228577227,282.6,86.9,25.8,569.1457592422807,206.55276098323137,291.7,208.06529694739658,237.10936918139822,248.3631409621868,1133.7,267.0,177.7,330.2,416.5,168.1,205.0,185.54817825266727,156.35077363966695,589.5,215.2,256.2566181957598,377.3516637045575,187.6,216.9,29.6,365.0,133.69766888451767,345.0,247.2,152.5,281.78546464511123,243.0,293.8,218.82380021563677,76.6295055809627,312.3744987000471,230.99664272554713,179.01622739079556,364.82938569347266,132.9,84.4,254.6,429.0,270.5,147.2,105.8,90.8,231.5,323.1,170.9500747585661,302.4,186.4,151.3,92.6448187414548,806.4,278.9,352.237212833484,419.8,93.4,117.8,284.0,248.0172738463442,223.73432333171405,188.1,249.1,161.7,226.0,267.2,201.4,283.8,263.1,111.4,192.25745893070373,91.5,143.8536870893769,111.8,81.0,224.2,164.4,88.9,282.7,342.3,271.1,80.0,179.46443690444218,282.3,67.6,210.6150536852047,115.2,115.3,147.6,71.9,1.6,284.7421589785424,249.47105403437172,156.2,109.4,2.488144430054254,122.6,273.9555379389441,252.4,65.5,27.7,156.8,132.8,63.1,50.900956711960504,42.9,68.05822314392356,102.3,405.4,172.8,134.0,108.62927498420537,68.3,108.4,155.2,0.8,108.6,248.0,59.5,237.42090898098138,8.763869440934233,120.7,790.8953731786735,83.3,49.408256667990486,7.5,94.8038787205332,348.77270995013725,289.3671281889531,27.7,0.1,139.2,402.771006028095,416.4,406.4,215.3,69.4,18.2,2.9,121.1,300.4,0.2,0.5,0.2,177.7,0.1,1.8655049667762544,0.1,0.1,0.2,0.6,1.0,9.2,577.5,220.2497630303886,13.0,517.8,1.4,170.5,3.563269822512118,121.0,32.22140931379347,9.7,156.15955373178625,2.1,135.1,120.8,108.7,67.8,126.2,9.4,2.2,1.8,71.11606945584825,156.4,211.59358630189416,236.13918997790137,123.41841079542269,1.2,165.9,2.8,23.5,6.1,368.5,169.4,66.4,5.7,1.0,53.99897234193187,19.6,200.3,17.750406382482105,13.238482795144023,356.0,232.2,12.3,17.7,33.5,193.6,23.8,1.2,1.2,130.9,0.8,7.3,1.1,241.0,2.2,97.4,71.3,39.49855843369936,7.285049808904351,0.40183313720527875,2.7,58.6,90.0,0.6,128.0,7.6,72.9,85.1,56.47136555598762,9.4,0.47992268878538125,173.5789402263034,6.9,0.1,62.0,124.9,20.8,135.6,82.6,5.0,2.4184203643665825,38.22094610565857,107.2,4.6,127.8,62.8,49.4,12.6,287.7,37.7,153.1,93.0,11.6,0.1,0.6,126.5,53.4,12.1,41.7,6.959878183469766,0.5678228203018022,27.2,0.1,0.1,0.2,141.67724629870338,14.6,124.63612784560479,11.1,40.3
155,125.1,88.2,76.2,185.28596348681245,168.2438043251343,264.1,114.5,260.6,195.7,198.16903524912192,386.9229136714115,253.9,349.7,251.476453989703,146.2,255.5,101.0,282.8,291.4,412.3930123561602,225.79584650273165,188.7984846976683,334.82564314050825,137.8,272.99151326894565,141.4,152.0,369.4,220.8,121.7,259.0,105.6,411.3,256.1,130.43702752286677,227.81885219156126,160.23499850578014,236.5,195.7,86.0,250.1,244.6,214.1,340.63304543580324,275.5999427940062,325.0,797.5771714054117,324.2,101.5,148.4,253.1244478159456,78.4,163.6,390.52732736444534,275.8,204.9,243.53810090258278,110.6,169.3,298.41429607614566,128.5,173.20469247622148,282.6,86.9,25.8,517.5789665488018,218.7685510805519,291.7,159.82350054321512,316.5352942531409,244.3305167604119,1133.7,267.0,177.7,330.2,416.5,168.1,205.0,234.40092112100416,139.0189419802529,589.5,215.2,195.12626832262896,471.12609922773083,187.6,216.9,29.6,365.0,94.66568107053409,345.0,247.2,152.5,222.48438714640167,243.0,293.8,218.63915951313763,91.8198690556066,327.75069068498465,220.69888947335136,216.87968732275928,392.8046118350509,132.9,84.4,254.6,429.0,270.5,147.2,105.8,90.8,231.5,323.1,149.26367244937992,302.4,186.4,151.3,89.04928651750299,806.4,278.9,373.96308932796387,419.8,93.4,117.8,284.0,294.6623294512406,250.2522986639258,188.1,249.1,161.7,226.0,267.2,201.4,283.8,263.1,111.4,190.72913959372838,91.5,149.2344979519232,111.8,81.0,224.2,164.4,88.9,282.7,342.3,271.1,80.0,184.91762044959208,282.3,67.6,186.60242641812067,115.2,115.3,147.6,71.9,1.6,237.7009365140703,206.5925566380848,156.2,109.4,1.7526686622576413,122.6,232.3262607066015,252.4,65.5,27.7,156.8,132.8,63.1,45.1196346485507,42.9,66.17398666058418,102.3,405.4,172.8,134.0,85.49654973252652,68.3,108.4,155.2,0.8,108.6,248.0,59.5,212.37530058157898,8.732972982513648,120.7,706.2484299618018,83.3,45.404524528182336,7.5,102.30773267025569,278.0305240746643,337.18235205740683,27.7,0.1,139.2,432.0135995901879,416.4,406.4,215.3,69.4,18.2,2.9,121.1,300.4,0.2,0.5,0.2,177.7,0.1,1.7694860436758917,0.1,0.1,0.2,0.6,1.0,9.2,577.5,256.8871669238713,13.0,517.8,1.4,170.5,3.0984320455974763,121.0,38.27478624051306,9.7,160.36997046544116,2.1,135.1,120.8,108.7,67.8,126.2,9.4,2.2,1.8,75.39574855858544,156.4,173.42503666056263,288.1097678676837,104.73608482051073,1.2,165.9,2.8,23.5,6.1,368.5,169.4,66.4,5.7,1.0,58.493395672125885,19.6,200.3,17.655797309481635,12.173767608163775,356.0,232.2,12.3,17.7,33.5,193.6,23.8,1.2,1.2,130.9,0.8,7.3,1.1,241.0,2.2,97.4,71.3,39.70170945187493,6.813478467919701,0.4397396680624003,2.7,58.6,90.0,0.6,128.0,7.6,72.9,85.1,66.37243362279568,9.4,0.4777955147516455,152.6557504585132,6.9,0.1,62.0,124.9,20.8,135.6,82.6,5.0,2.707073741845849,47.297559105638285,107.2,4.6,127.8,62.8,49.4,12.6,287.7,37.7,153.1,93.0,11.6,0.1,0.6,126.5,53.4,12.1,41.7,8.10453828666433,0.6900955903453962,27.2,0.1,0.1,0.2,148.76910846116158,14.6,147.34409301599243,11.1,40.3
156,125.1,88.2,76.2,248.96755035765244,131.28453179106188,264.1,114.5,260.6,195.7,186.88524923650442,445.35009240493014,253.9,349.7,283.791090419445,146.2,255.5,101.0,282.8,291.4,374.73783658897105,204.52375373923473,147.10191145796512,375.75555003950006,137.8,278.4854619415491,141.4,152.0,369.4,220.8,121.7,259.0,105.6,411.3,256.1,130.26883703146248,222.362518132813,168.3837400971941,236.5,195.7,86.0,250.1,244.6,214.1,311.8256117615441,336.13119977492204,325.0,923.0758983415415,324.2,101.5,148.4,254.5229417273329,78.4,163.6,497.20601056216435,275.8,204.9,210.08771198201796,110.6,169.3,341.2435589234899,128.5,124.85949163908616,282.6,86.9,25.8,634.4099572172662,248.47337705840414,291.7,178.37419404164038,247.98475853285157,290.71998846753166,1133.7,267.0,177.7,330.2,416.5,168.1,205.0,219.47412358832418,118.86683287984795,589.5,215.2,259.2254567987436,427.5293106342302,187.6,216.9,29.6,365.0,137.87867038218428,345.0,247.2,152.5,296.6533759694012,243.0,293.8,184.5798923066238,83.4916872135666,375.38759690562597,233.11603539788626,169.8596831445259,389.82982604122554,132.9,84.4,254.6,429.0,270.5,147.2,105.8,90.8,231.5,323.1,164.63887405102645,302.4,186.4,151.3,75.22960701970428,806.4,278.9,279.8626969012388,419.8,93.4,117.8,284.0,202.2764872627538,246.91410152805992,188.1,249.1,161.7,226.0,267.2,201.4,283.8,263.1,111.4,234.0675219761319,91.5,141.93241025079922,111.8,81.0,224.2,164.4,88.9,282.7,342.3,271.1,80.0,171.27430951338482,282.3,67.6,170.88432015086536,115.2,115.3,147.6,71.9,1.6,226.88352623518682,244.91470555967626,156.2,109.4,2.1679416525486266,122.6,243.435471532668,252.4,65.5,27.7,156.8,132.8,63.1,57.980159062306505,42.9,81.47091931515811,102.3,405.4,172.8,134.0,95.22538038957043,68.3,108.4,155.2,0.8,108.6,248.0,59.5,245.29415969227114,8.066161462981553,120.7,825.6957268723972,83.3,39.864673617709016,7.5,106.69421925992205,378.7587858035412,313.9716207164862,27.7,0.1,139.2,444.22807553440055,416.4,406.4,215.3,69.4,18.2,2.9,121.1,300.4,0.2,0.5,0.2,177.7,0.1,1.5961474496885577,0.1,0.1,0.2,0.6,1.0,9.2,577.5,215.60587015267782,13.0,517.8,1.4,170.5,3.3552826174170223,121.0,42.62863214749885,9.7,170.63005075061395,2.1,135.1,120.8,108.7,67.8,126.2,9.4,2.2,1.8,67.80092814696366,156.4,215.77126606892045,261.52536236388096,130.23569101716348,1.2,165.9,2.8,23.5,6.1,368.5,169.4,66.4,5.7,1.0,60.447826409763536,19.6,200.3,15.138282988909417,14.997379407686367,356.0,232.2,12.3,17.7,33.5,193.6,23.8,1.2,1.2,130.9,0.8,7.3,1.1,241.0,2.2,97.4,71.3,45.060463456443976,8.983579859498535,0.5446127635849591,2.7,58.6,90.0,0.6,128.0,7.6,72.9,85.1,70.10174189185989,9.4,0.4164398560712634,191.52344339736268,6.9,0.1,62.0,124.9,20.8,135.6,82.6,5.0,2.6425308523011104,32.89452613206186,107.2,4.6,127.8,62.8,49.4,12.6,287.7,37.7,153.1,93.0,11.6,0.1,0.6,126.5,53.4,12.1,41.7,8.495751587980973,0.6987556926978041,27.2,0.1,0.1,0.2,142.84289336532044,14.6,157.9918212790199,11.1,40.3
157,125.1,88.2,76.2,198.43473145681176,160.6536686185731,264.1,114.5,260.6,195.7,175.0701334920197,309.66563483877883,253.9,349.7,315.3596437984699,146.2,255.5,101.0,282.8,291.4,467.4741239372037,213.25530773042743,180.95963782748734,267.5116184525763,137.8,219.8852305645344,141.4,152.0,369.4,220.8,121.7,259.0,105.6,411.3,256.1,160.06459722091788,212.0761972222213,133.28690702961612,236.5,195.7,86.0,250.1,244.6,214.1,249.3930217825714,250.7953850400311,325.0,650.5050274364839,324.2,101.5,148.4,259.37471452987677,78.4,163.6,406.1357858948578,275.8,204.9,205.26735022693777,110.6,169.3,312.9676380770564,128.5,149.7897362128024,282.6,86.9,25.8,564.4920007339244,248.71390746283643,291.7,217.92768193777664,294.6145049810733,236.3545858622076,1133.7,267.0,177.7,330.2,416.5,168.1,205.0,218.83903072518544,148.42665925823937,589.5,215.2,284.61248388094447,373.3498564004816,187.6,216.9,29.6,365.0,94.80287735094106,345.0,247.2,152.5,297.7689392593654,243.0,293.8,174.32680828915798,74.8386184446336,398.36581450967793,211.59245070350457,172.82581315828423,287.0840783839691,132.9,84.4,254.6,429.0,270.5,147.2,105.8,90.8,231.5,323.1,141.2106921217661,302.4,186.4,151.3,74.81677515732949,806.4,278.9,306.2072098553864,419.8,93.4,117.8,284.0,215.1424575592298,248.17988206400065,188.1,249.1,161.7,226.0,267.2,201.4,283.8,263.1,111.4,181.87810713541612,91.5,137.17142173002281,111.8,81.0,224.2,164.4,88.9,282.7,342.3,271.1,80.0,126.4411851159334,282.3,67.6,153.1921990984431,115.2,115.3,147.6,71.9,1.6,215.11922476338302,263.7913672199787,156.2,109.4,2.2363264958540507,122.6,320.8876235148611,252.4,65.5,27.7,156.8,132.8,63.1,42.97850708735846,42.9,77.42208257048661,102.3,405.4,172.8,134.0,110.9985502905332,68.3,108.4,155.2,0.8,108.6,248.0,59.5,224.37502879183242,6.7829578884910715,120.7,590.8474193698584,83.3,45.23798665610247,7.5,117.05119406567944,256.15696799593144,306.6362867781628,27.7,0.1,139.2,494.0475891714487,416.4,406.4,215.3,69.4,18.2,2.9,121.1,300.4,0.2,0.5,0.2,177.7,0.1,1.7549641524777586,0.1,0.1,0.2,0.6,1.0,9.2,577.5,263.746700678528,13.0,517.8,1.4,170.5,3.3426679836147724,121.0,43.572580166844716,9.7,150.68486336820226,2.1,135.1,120.8,108.7,67.8,126.2,9.4,2.2,1.8,68.5312860704596,156.4,176.74222846927492,275.0510199434451,124.2008201185741,1.2,165.9,2.8,23.5,6.1,368.5,169.4,66.4,5.7,1.0,75.5127024201415,19.6,200.3,16.367771090353052,13.581921406438182,356.0,232.2,12.3,17.7,33.5,193.6,23.8,1.2,1.2,130.9,0.8,7.3,1.1,241.0,2.2,97.4,71.3,48.72597120917557,7.998729088403427,0.4444092963128914,2.7,58.6,90.0,0.6,128.0,7.6,72.9,85.1,70.97134169676342,9.4,0.41179773524112895,155.96876606374622,6.9,0.1,62.0,124.9,20.8,135.6,82.6,5.0,2.094039307588137,45.38290274179795,107.2,4.6,127.8,62.8,49.4,12.6,287.7,37.7,153.1,93.0,11.6,0.1,0.6,126.5,53.4,12.1,41.7,7.324048188233151,0.5598015315603744,27.2,0.1,0.1,0.2,180.21123927889397,14.6,122.90387236803241,11.1,40.3
158,125.1,88.2,76.2,239.63851038883226,164.7727318170933,264.1,114.5,260.6,195.7,223.85380666459668,384.3564938130555,253.9,349.7,277.13531992285453,146.2,255.5,101.0,282.8,291.4,417.051411282038,251.81597017489986,166.3221034309481,265.04766060307946,137.8,242.90618883833562,141.4,152.0,369.4,220.8,121.7,259.0,105.6,411.3,256.1,165.5640409990715,194.16840189566736,145.0022116109188,236.5,195.7,86.0,250.1,244.6,214.1,295.12109291902044,314.1440458506067,325.0,795.50766123875,324.2,101.5,148.4,238.76939038533675,78.4,163.6,422.58863623217076,275.8,204.9,187.49241028450587,110.6,169.3,298.66382981688054,128.5,149.55757437178931,282.6,86.9,25.8,544.1022793684322,276.77437838460634,291.7,185.65997209410241,287.20456774580856,290.52929710581486,1133.7,267.0,177.7,330.2,416.5,168.1,205.0,214.78066639219475,114.55879940771496,589.5,215.2,258.5002328306777,386.4687606858855,187.6,216.9,29.6,365.0,126.44795959408793,345.0,247.2,152.5,273.1778393478573,243.0,293.8,203.08386728642853,83.95662712899593,403.57566876751673,218.29096057350912,148.1073422418082,372.9987465027303,132.9,84.4,254.6,429.0,270.5,147.2,105.8,90.8,231.5,323.1,168.6608443088901,302.4,186.4,151.3,92.71111323975892,806.4,278.9,298.3665560839872,419.8,93.4,117.8,284.0,285.7316962215324,218.20392906518092,188.1,249.1,161.7,226.0,267.2,201.4,283.8,263.1,111.4,171.25350382307016,91.5,127.38299963769373,111.8,81.0,224.2,164.4,88.9,282.7,342.3,271.1,80.0,141.2765523636356,282.3,67.6,197.78669630512084,115.2,115.3,147.6,71.9,1.6,246.4892312428516,242.08024641874985,156.2,109.4,2.1497507976632044,122.6,320.8056174859215,252.4,65.5,27.7,156.8,132.8,63.1,42.38787181813984,42.9,98.46013745400327,102.3,405.4,172.8,134.0,108.6699521392019,68.3,108.4,155.2,0.8,108.6,248.0,59.5,212.49034311389383,7.755850257017904,120.7,717.934912333699,83.3,45.58641359292895,7.5,128.95463452339675,302.45710291965673,305.6550151476498,27.7,0.1,139.2,474.4300825415011,416.4,406.4,215.3,69.4,18.2,2.9,121.1,300.4,0.2,0.5,0.2,177.7,0.1,1.5647293771572341,0.1,0.1,0.2,0.6,1.0,9.2,577.5,248.74852465072468,13.0,517.8,1.4,170.5,3.2344028303364105,121.0,38.39387681865206,9.7,154.2593888861448,2.1,135.1,120.8,108.7,67.8,126.2,9.4,2.2,1.8,68.87592060366845,156.4,213.00113984143456,217.5486404979871,126.87042102508313,1.2,165.9,2.8,23.5,6.1,368.5,169.4,66.4,5.7,1.0,71.2088151126764,19.6,200.3,17.125385755039716,12.6972867887213,356.0,232.2,12.3,17.7,33.5,193.6,23.8,1.2,1.2,130.9,0.8,7.3,1.1,241.0,2.2,97.4,71.3,53.95683399752792,7.225009500928458,0.5041920644327267,2.7,58.6,90.0,0.6,128.0,7.6,72.9,85.1,62.94459125061123,9.4,0.3732640750332377,175.78395475576903,6.9,0.1,62.0,124.9,20.8,135.6,82.6,5.0,2.5665965131719854,46.8005205073934,107.2,4.6,127.8,62.8,49.4,12.6,287.7,37.7,153.1,93.0,11.6,0.1,0.6,126.5,53.4,12.1,41.7,8.02888731847255,0.5174360682762695,27.2,0.1,0.1,0.2,179.92343165143032,14.6,136.34153971005756,11.1,40.3
159,125.1,88.2,76.2,188.70319105539164,120.4507626515158,264.1,114.5,260.6,195.7,170.7535510283143,314.2135084667499,253.9,349.7,323.7564328027787,146.2,255.5,101.0,282.8,291.4,486.21019035196014,243.47042641145407,154.2400371161131,269.00322830021634,137.8,240.75790870756626,141.4,152.0,369.4,220.8,121.7,259.0,105.6,411.3,256.1,176.0873624129236,194.54107614468265,193.3538850947903,236.5,195.7,86.0,250.1,244.6,214.1,264.6885183862624,279.5814119300787,325.0,798.6002078029262,324.2,101.5,148.4,233.5229722222452,78.4,163.6,451.8466633602153,275.8,204.9,222.14463952154603,110.6,169.3,329.9589221044874,128.5,121.24939952026632,282.6,86.9,25.8,512.5090576455433,246.92303126746071,291.7,199.73479585004378,309.9752792497413,239.33114698049573,1133.7,267.0,177.7,330.2,416.5,168.1,205.0,184.3455435100426,120.94313964323212,589.5,215.2,261.1651189308224,541.2492133669833,187.6,216.9,29.6,365.0,97.52949311615619,345.0,247.2,152.5,254.61492060248156,243.0,293.8,231.0403690379958,92.89776518822069,350.38571842054284,258.6254182742126,154.57213660586694,286.15243144959294,132.9,84.4,254.6,429.0,270.5,147.2,105.8,90.8,231.5,323.1,160.27258851904003,302.4,186.4,151.3,94.51758107434932,806.4,278.9,284.4401021440761,419.8,93.4,117.8,284.0,205.91272189017565,254.74519258859232,188.1,249.1,161.7,226.0,267.2,201.4,283.8,263.1,111.4,201.27709197290707,91.5,128.2957604783757,111.8,81.0,224.2,164.4,88.9,282.7,342.3,271.1,80.0,177.21479890021612,282.3,67.6,157.00374090797132,115.2,115.3,147.6,71.9,1.6,283.8253294785191,219.2408640197709,156.2,109.4,2.3490513509359268,122.6,290.56578500102745,252.4,65.5,27.7,156.8,132.8,63.1,49.379796447889454,42.9,68.47832471061768,102.3,405.4,172.8,134.0,97.77736739503203,68.3,108.4,155.2,0.8,108.6,248.0,59.5,202.17852848757127,9.193670753859617,120.7,781.3776412263746,83.3,39.3863823254067,7.5,122.24612439888064,292.0744660179904,317.7070622854194,27.7,0.1,139.2,358.4472451373981,416.4,406.4,215.3,69.4,18.2,2.9,121.1,300.4,0.2,0.5,0.2,177.7,0.1,1.7816629421775443,0.1,0.1,0.2,0.6,1.0,9.2,577.5,244.90973351893626,13.0,517.8,1.4,170.5,3.4343917222762106,121.0,38.29910286888262,9.7,159.92044428709974,2.1,135.1,120.8,108.7,67.8,126.2,9.4,2.2,1.8,72.60282722139932,156.4,181.98106654380834,235.6368123119911,134.4122519908954,1.2,165.9,2.8,23.5,6.1,368.5,169.4,66.4,5.7,1.0,52.7132843130008,19.6,200.3,14.73049213531164,13.141115686944486,356.0,232.2,12.3,17.7,33.5,193.6,23.8,1.2,1.2,130.9,0.8,7.3,1.1,241.0,2.2,97.4,71.3,38.233394095810155,6.826174037316815,0.5482459933171085,2.7,58.6,90.0,0.6,128.0,7.6,72.9,85.1,75.05100932562243,9.4,0.4481429223671949,197.9970488067457,6.9,0.1,62.0,124.9,20.8,135.6,82.6,5.0,2.724847859548201,33.40813509565735,107.2,4.6,127.8,62.8,49.4,12.6,287.7,37.7,153.1,93.0,11.6,0.1,0.6,126.5,53.4,12.1,41.7,9.762066832386795,0.6395161062691702,27.2,0.1,0.1,0.2,169.54336909844645,14.6,153.7044296890529,11.1,40.3
160,125.1,88.2,76.2,215.3220193854801,158.33761337454231,264.1,114.5,260.6,195.7,214.42596507277096,366.46216000968457,253.9,349.7,277.7014228564624,146.2,255.5,101.0,282.8,291.4,410.89732009049794,176.09534068386114,158.4259241336309,328.3334002941509,137.8,221.50053545499887,141.4,152.0,369.4,220.8,121.7,259.0,105.6,411.3,256.1,150.01295310153407,197.73543432308855,157.23293390805327,236.5,195.7,86.0,250.1,244.6,214.1,246.2704521422803,336.53635993683196,325.0,807.0600666979387,324.2,101.5,148.4,286.856717250321,78.4,163.6,437.4394003985366,275.8,204.9,181.4198346918532,110.6,169.3,428.5915624867278,128.5,178.5579351531226,282.6,86.9,25.8,538.0176905161791,226.5412139486391,291.7,213.81192025008374,268.94250669163426,269.18649073899985,1133.7,267.0,177.7,330.2,416.5,168.1,205.0,202.15184707203946,148.60454275764155,589.5,215.2,218.32615611961847,405.9955526589359,187.6,216.9,29.6,365.0,127.33097536400015,345.0,247.2,152.5,232.54309280287566,243.0,293.8,199.7547264480121,105.56376435564584,410.1729745856627,214.875252064753,165.0884063641609,345.59124874758186,132.9,84.4,254.6,429.0,270.5,147.2,105.8,90.8,231.5,323.1,150.7444969060906,302.4,186.4,151.3,95.5695225365995,806.4,278.9,330.8139760423235,419.8,93.4,117.8,284.0,234.0643432437437,297.2271921349232,188.1,249.1,161.7,226.0,267.2,201.4,283.8,263.1,111.4,237.7435589400069,91.5,148.86909338869802,111.8,81.0,224.2,164.4,88.9,282.7,342.3,271.1,80.0,131.08504908010337,282.3,67.6,167.3472045871712,115.2,115.3,147.6,71.9,1.6,256.6442157763078,241.9784810418965,156.2,109.4,2.510610472133551,122.6,290.66700291049256,252.4,65.5,27.7,156.8,132.8,63.1,53.427028297984236,42.9,92.44638546949147,102.3,405.4,172.8,134.0,111.32703498611087,68.3,108.4,155.2,0.8,108.6,248.0,59.5,166.13452812043766,7.75611605404795,120.7,591.998006745409,83.3,34.77295613867063,7.5,99.44148731896307,301.0549187437134,270.2488422981167,27.7,0.1,139.2,339.79341980956764,416.4,406.4,215.3,69.4,18.2,2.9,121.1,300.4,0.2,0.5,0.2,177.7,0.1,1.61668526670238,0.1,0.1,0.2,0.6,1.0,9.2,577.5,200.5529113956142,13.0,517.8,1.4,170.5,2.5300811849926172,121.0,34.76689517594799,9.7,172.18670737252532,2.1,135.1,120.8,108.7,67.8,126.2,9.4,2.2,1.8,54.90405684384443,156.4,210.7555499412622,268.13153316991736,112.25017019541467,1.2,165.9,2.8,23.5,6.1,368.5,169.4,66.4,5.7,1.0,69.88598472276459,19.6,200.3,12.08217029702344,11.056409606924404,356.0,232.2,12.3,17.7,33.5,193.6,23.8,1.2,1.2,130.9,0.8,7.3,1.1,241.0,2.2,97.4,71.3,53.557848305411596,9.773514196799391,0.4813465540909562,2.7,58.6,90.0,0.6,128.0,7.6,72.9,85.1,58.59715226137986,9.4,0.4171473599612655,184.21651202333828,6.9,0.1,62.0,124.9,20.8,135.6,82.6,5.0,1.9791574068101574,35.42540266463522,107.2,4.6,127.8,62.8,49.4,12.6,287.7,37.7,153.1,93.0,11.6,0.1,0.6,126.5,53.4,12.1,41.7,7.946966137185515,0.66301846325686,27.2,0.1,0.1,0.2,183.15660873682188,14.6,143.38561974798466,11.1,40.3
161,125.1,88.2,76.2,222.20867276878988,123.05997779866665,264.1,114.5,260.6,195.7,171.46064188006272,385.7573916851333,253.9,349.7,273.0537585829108,146.2,255.5,101.0,282.8,291.4,336.65594363192105,205.46923409150983,137.1997394275252,270.6384653891748,137.8,315.7009094837097,141.4,152.0,369.4,220.8,121.7,259.0,105.6,411.3,256.1,176.24655452103542,236.69048118501547,193.67434972667246,236.5,195.7,86.0,250.1,244.6,214.1,329.30046745909436,320.02222455388903,325.0,735.0911010296003,324.2,101.5,148.4,257.0444406208072,78.4,163.6,435.0789257604076,275.8,204.9,244.68482108137243,110.6,169.3,405.76263884421365,128.5,141.66503198313447,282.6,86.9,25.8,671.7278938779758,267.7794537987039,291.7,179.19061961132297,248.03577264447728,252.45339445350442,1133.7,267.0,177.7,330.2,416.5,168.1,205.0,223.72633738983382,134.48802013208436,589.5,215.2,192.70377833860508,418.34148787649025,187.6,216.9,29.6,365.0,104.2632519298559,345.0,247.2,152.5,292.11800245883455,243.0,293.8,189.98666481934407,93.08136806846808,302.22792984205915,202.33287917654627,164.2578884591239,275.2031643798159,132.9,84.4,254.6,429.0,270.5,147.2,105.8,90.8,231.5,323.1,178.9165440238783,302.4,186.4,151.3,72.89356451759056,806.4,278.9,281.1727137721078,419.8,93.4,117.8,284.0,203.12427777912197,293.7750332255418,188.1,249.1,161.7,226.0,267.2,201.4,283.8,263.1,111.4,237.08022523244153,91.5,136.16574384933273,111.8,81.0,224.2,164.4,88.9,282.7,342.3,271.1,80.0,152.69943525940818,282.3,67.6,193.7657158700893,115.2,115.3,147.6,71.9,1.6,243.37637393391094,232.1266789908953,156.2,109.4,1.9826906889492066,122.6,230.14526093578303,252.4,65.5,27.7,156.8,132.8,63.1,58.11294705728079,42.9,78.65970320474987,102.3,405.4,172.8,134.0,92.72774945892725,68.3,108.4,155.2,0.8,108.6,248.0,59.5,192.01513609035646,7.841447767171679,120.7,632.7202498001192,83.3,48.45252044457526,7.5,127.59014772234738,365.37357057776774,337.8514221570679,27.7,0.1,139.2,346.2225644838777,416.4,406.4,215.3,69.4,18.2,2.9,121.1,300.4,0.2,0.5,0.2,177.7,0.1,1.4997401095107254,0.1,0.1,0.2,0.6,1.0,9.2,577.5,186.57806880645927,13.0,517.8,1.4,170.5,3.234776957133472,121.0,37.63834967206354,9.7,133.47699095808665,2.1,135.1,120.8,108.7,67.8,126.2,9.4,2.2,1.8,56.512168198449274,156.4,229.3418193474655,224.06202168765773,109.94354132332658,1.2,165.9,2.8,23.5,6.1,368.5,169.4,66.4,5.7,1.0,62.493271554568786,19.6,200.3,16.091960448883015,14.21380022498985,356.0,232.2,12.3,17.7,33.5,193.6,23.8,1.2,1.2,130.9,0.8,7.3,1.1,241.0,2.2,97.4,71.3,46.844756249875346,6.9347060792675554,0.4516540306185776,2.7,58.6,90.0,0.6,128.0,7.6,72.9,85.1,61.97505981839367,9.4,0.3712917360266852,179.1693029393505,6.9,0.1,62.0,124.9,20.8,135.6,82.6,5.0,2.2789805136184307,34.413322413166924,107.2,4.6,127.8,62.8,49.4,12.6,287.7,37.7,153.1,93.0,11.6,0.1,0.6,126.5,53.4,12.1,41.7,8.840974592561079,0.5001138238680517,27.2,0.1,0.1,0.2,133.1506298909197,14.6,128.00985211866907,11.1,40.3
162,125.1,88.2,76.2,215.1777384910976,175.89740269798418,264.1,114.5,260.6,195.7,239.24505970591568,417.49702858972404,253.9,349.7,288.65904130400463,146.2,255.5,101.0,282.8,291.4,338.5139829951374,224.4549576077643,177.2751319122028,284.9817926060281,137.8,258.62033208832895,141.4,152.0,369.4,220.8,121.7,259.0,105.6,411.3,256.1,148.48392827812432,217.1012074175184,136.50669970778478,236.5,195.7,86.0,250.1,244.6,214.1,338.69610774567394,352.17390440353785,325.0,676.5149863016867,324.2,101.5,148.4,259.69001292125853,78.4,163.6,396.02303182824164,275.8,204.9,256.0457148168024,110.6,169.3,342.75530943038683,128.5,178.34620767744104,282.6,86.9,25.8,484.41136307986295,270.21387054530214,291.7,178.80990635092894,316.2146563709246,228.46206780127713,1133.7,267.0,177.7,330.2,416.5,168.1,205.0,211.82613336845344,133.71024414317884,589.5,215.2,275.48257234651635,398.9923919786941,187.6,216.9,29.6,365.0,114.8213625522257,345.0,247.2,152.5,243.38338565481467,243.0,293.8,204.92366206210446,78.11514227249899,323.72337672130453,202.35119945768793,214.1882264210983,315.25590769230087,132.9,84.4,254.6,429.0,270.5,147.2,105.8,90.8,231.5,323.1,163.39444891332064,302.4,186.4,151.3,92.21048274640026,806.4,278.9,331.6635924412146,419.8,93.4,117.8,284.0,283.9565202770734,305.05379993629833,188.1,249.1,161.7,226.0,267.2,201.4,283.8,263.1,111.4,202.17084981639294,91.5,135.31187821043497,111.8,81.0,224.2,164.4,88.9,282.7,342.3,271.1,80.0,159.30114732881245,282.3,67.6,219.69114929469578,115.2,115.3,147.6,71.9,1.6,219.5852002558191,253.23369721126335,156.2,109.4,2.281856485488907,122.6,306.6583162556897,252.4,65.5,27.7,156.8,132.8,63.1,45.053493411095744,42.9,98.06945349463388,102.3,405.4,172.8,134.0,109.08985890050045,68.3,108.4,155.2,0.8,108.6,248.0,59.5,233.2772239211332,8.175771211318338,120.7,573.9470043667988,83.3,48.79085638980694,7.5,102.92999008220033,298.281005640119,270.4718031137345,27.7,0.1,139.2,454.59263633182917,416.4,406.4,215.3,69.4,18.2,2.9,121.1,300.4,0.2,0.5,0.2,177.7,0.1,1.3429525966922864,0.1,0.1,0.2,0.6,1.0,9.2,577.5,187.0139990706072,13.0,517.8,1.4,170.5,3.343749923057683,121.0,31.44998512072249,9.7,164.8142253955078,2.1,135.1,120.8,108.7,67.8,126.2,9.4,2.2,1.8,73.62799653593694,156.4,230.17493823779373,229.4064008024261,121.65324018613958,1.2,165.9,2.8,23.5,6.1,368.5,169.4,66.4,5.7,1.0,71.23572275187641,19.6,200.3,17.55802915342729,13.506229461782564,356.0,232.2,12.3,17.7,33.5,193.6,23.8,1.2,1.2,130.9,0.8,7.3,1.1,241.0,2.2,97.4,71.3,45.11779343246674,9.640614956793565,0.48266364019663843,2.7,58.6,90.0,0.6,128.0,7.6,72.9,85.1,53.97338026753565,9.4,0.4011869827827376,142.0000205603443,6.9,0.1,62.0,124.9,20.8,135.6,82.6,5.0,2.2215144925293666,44.80661097001389,107.2,4.6,127.8,62.8,49.4,12.6,287.7,37.7,153.1,93.0,11.6,0.1,0.6,126.5,53.4,12.1,41.7,9.418712669141442,0.4883784711041005,27.2,0.1,0.1,0.2,168.94764951353974,14.6,156.94426655983415,11.1,40.3
163,125.1,88.2,76.2,206.11724755504503,160.08818416807816,264.1,114.5,260.6,195.7,189.40354873829048,440.1569259203118,253.9,349.7,305.3756415923555,146.2,255.5,101.0,282.8,291.4,435.4496166100855,173.0073692421526,169.178176593765,260.3229994351332,137.8,268.5783334850146,141.4,152.0,369.4,220.8,121.7,259.0,105.6,411.3,256.1,155.31569870728381,270.32630543070894,168.60380341816204,236.5,195.7,86.0,250.1,244.6,214.1,353.7374734835645,326.1349773145664,325.0,681.1348584022551,324.2,101.5,148.4,273.4803868505816,78.4,163.6,392.0995985381443,275.8,204.9,238.43504849050248,110.6,169.3,425.5045858175566,128.5,131.81476817122874,282.6,86.9,25.8,513.889516380286,215.43793231568048,291.7,190.11383891669686,346.1309003731726,265.4477156815388,1133.7,267.0,177.7,330.2,416.5,168.1,205.0,194.2370847141226,132.05676681763754,589.5,215.2,246.54147123374568,373.05530492761324,187.6,216.9,29.6,365.0,111.14154627485273,345.0,247.2,152.5,231.2312478168282,243.0,293.8,190.39619462734376,106.37831431971131,364.65245821273066,222.2439510482441,150.97456403796633,280.6420747323439,132.9,84.4,254.6,429.0,270.5,147.2,105.8,90.8,231.5,323.1,151.56815655363454,302.4,186.4,151.3,99.63277496077973,806.4,278.9,379.48521299900557,419.8,93.4,117.8,284.0,281.7218800494463,268.7334676007943,188.1,249.1,161.7,226.0,267.2,201.4,283.8,263.1,111.4,207.94909592840241,91.5,131.58948442602195,111.8,81.0,224.2,164.4,88.9,282.7,342.3,271.1,80.0,136.01628372980764,282.3,67.6,191.27418053012866,115.2,115.3,147.6,71.9,1.6,291.02252637921293,218.72082135737983,156.2,109.4,2.1681615100827227,122.6,243.42852677454397,252.4,65.5,27.7,156.8,132.8,63.1,59.35231870032569,42.9,72.95119189362016,102.3,405.4,172.8,134.0,102.58172091942757,68.3,108.4,155.2,0.8,108.6,248.0,59.5,238.1354582050575,9.692766670286582,120.7,658.2687338428287,83.3,35.08727296747487,7.5,113.64558018090898,266.3751297399191,315.0252344611603,27.7,0.1,139.2,453.5193661660225,416.4,406.4,215.3,69.4,18.2,2.9,121.1,300.4,0.2,0.5,0.2,177.7,0.1,1.6287101197319533,0.1,0.1,0.2,0.6,1.0,9.2,577.5,246.61628242830926,13.0,517.8,1.4,170.5,2.530316552141271,121.0,41.14418357320956,9.7,138.6813252787136,2.1,135.1,120.8,108.7,67.8,126.2,9.4,2.2,1.8,74.95823849311338,156.4,222.076947305452,275.4465545083337,132.36444694146513,1.2,165.9,2.8,23.5,6.1,368.5,169.4,66.4,5.7,1.0,63.49514878391003,19.6,200.3,16.113053697444258,14.5977738204231,356.0,232.2,12.3,17.7,33.5,193.6,23.8,1.2,1.2,130.9,0.8,7.3,1.1,241.0,2.2,97.4,71.3,42.703049657154224,8.041446711249941,0.5870807986091762,2.7,58.6,90.0,0.6,128.0,7.6,72.9,85.1,66.91415199282636,9.4,0.3998511481266852,199.53421083256623,6.9,0.1,62.0,124.9,20.8,135.6,82.6,5.0,2.5339471791413417,38.56982087473159,107.2,4.6,127.8,62.8,49.4,12.6,287.7,37.7,153.1,93.0,11.6,0.1,0.6,126.5,53.4,12.1,41.7,7.402982286292025,0.6894843280253602,27.2,0.1,0.1,0.2,184.32124188580215,14.6,127.47868476142992,11.1,40.3
164,125.1,88.2,76.2,221.17638799126718,144.2495154794722,264.1,114.5,260.6,195.7,181.0196727013612,377.75314245183233,253.9,349.7,288.31470835100174,146.2,255.5,101.0,282.8,291.4,347.3647522979772,171.17332344499286,165.73780717408073,258.0183415083745,137.8,286.304464776829,141.4,152.0,369.4,220.8,121.7,259.0,105.6,411.3,256.1,142.93228630105227,267.15466698331267,177.68180256772533,236.5,195.7,86.0,250.1,244.6,214.1,332.2943432712829,327.97193846771694,325.0,889.1281135924953,324.2,101.5,148.4,248.12162431863692,78.4,163.6,525.6415761319221,275.8,204.9,177.88460637963595,110.6,169.3,301.1133212678273,128.5,139.7195681275459,282.6,86.9,25.8,518.9439694100113,214.67531927169438,291.7,162.84557792305122,233.26852404842026,222.3409592954274,1133.7,267.0,177.7,330.2,416.5,168.1,205.0,165.81243726791666,109.79441344124761,589.5,215.2,229.7675098931414,460.85519848986655,187.6,216.9,29.6,365.0,95.74257438663813,345.0,247.2,152.5,246.3438740622799,243.0,293.8,234.50476393973585,83.5806691249164,320.6397906627958,273.53511975809954,170.3129041395652,294.14324269731185,132.9,84.4,254.6,429.0,270.5,147.2,105.8,90.8,231.5,323.1,137.03663620223216,302.4,186.4,151.3,92.98108999194898,806.4,278.9,267.772318826803,419.8,93.4,117.8,284.0,201.72909632196226,276.9814835020842,188.1,249.1,161.7,226.0,267.2,201.4,283.8,263.1,111.4,188.85809041287013,91.5,133.1627805131909,111.8,81.0,224.2,164.4,88.9,282.7,342.3,271.1,80.0,152.14654144279942,282.3,67.6,213.3806092059508,115.2,115.3,147.6,71.9,1.6,224.55281550315812,245.37849208517588,156.2,109.4,1.8982668315355575,122.6,224.6932246403733,252.4,65.5,27.7,156.8,132.8,63.1,60.298568985593164,42.9,84.67649793531133,102.3,405.4,172.8,134.0,100.61820202357045,68.3,108.4,155.2,0.8,108.6,248.0,59.5,189.25487316389018,6.622897491824021,120.7,676.8954699869637,83.3,36.83081435637205,7.5,111.57832724193213,289.534284668046,252.39235535942402,27.7,0.1,139.2,375.3946304172881,416.4,406.4,215.3,69.4,18.2,2.9,121.1,300.4,0.2,0.5,0.2,177.7,0.1,1.685788905413521,0.1,0.1,0.2,0.6,1.0,9.2,577.5,222.06772086902964,13.0,517.8,1.4,170.5,2.6638857830611644,121.0,37.84979825761097,9.7,136.90327991915177,2.1,135.1,120.8,108.7,67.8,126.2,9.4,2.2,1.8,54.83622131780154,156.4,172.60384578968512,285.79381783320605,120.0404191903402,1.2,165.9,2.8,23.5,6.1,368.5,169.4,66.4,5.7,1.0,51.40598291313267,19.6,200.3,13.251671302318016,13.249996526915043,356.0,232.2,12.3,17.7,33.5,193.6,23.8,1.2,1.2,130.9,0.8,7.3,1.1,241.0,2.2,97.4,71.3,48.2789626140316,7.2442657782225846,0.5553167688623616,2.7,58.6,90.0,0.6,128.0,7.6,72.9,85.1,61.54327384413775,9.4,0.34285656358413896,180.34529644872225,6.9,0.1,62.0,124.9,20.8,135.6,82.6,5.0,2.391997787910751,43.38272468825231,107.2,4.6,127.8,62.8,49.4,12.6,287.7,37.7,153.1,93.0,11.6,0.1,0.6,126.5,53.4,12.1,41.7,9.51699140584098,0.5288660380324466,27.2,0.1,0.1,0.2,138.52364449342915,14.6,142.3201604698387,11.1,40.3
165,125.1,88.2,76.2,240.81978855423074,159.66298437302368,264.1,114.5,260.6,195.7,211.25800030191573,314.7852903012593,253.9,349.7,223.9815509771611,146.2,255.5,101.0,282.8,291.4,431.32558805918484,191.60158898026216,168.88204648831734,335.521723815659,137.8,299.59268153638584,141.4,152.0,369.4,220.8,121.7,259.0,105.6,411.3,256.1,139.0005392645584,269.42477770499397,156.97429661716285,236.5,195.7,86.0,250.1,244.6,214.1,246.10292271072865,256.67544341627524,325.0,773.1182499173083,324.2,101.5,148.4,217.8914010276684,78.4,163.6,527.3219396526478,275.8,204.9,189.1545604939433,110.6,169.3,319.1818480876138,128.5,130.1076691029106,282.6,86.9,25.8,500.63174733308375,258.4956268987761,291.7,150.5727684952183,304.972902190671,276.8483108114467,1133.7,267.0,177.7,330.2,416.5,168.1,205.0,222.49359805957118,115.35298615842477,589.5,215.2,268.21588909255263,399.4616320006121,187.6,216.9,29.6,365.0,112.50593024736968,345.0,247.2,152.5,295.5420670979212,243.0,293.8,212.227245536084,80.01979720784267,359.1432055794758,243.32969832322854,204.8352419032543,300.85599765259735,132.9,84.4,254.6,429.0,270.5,147.2,105.8,90.8,231.5,323.1,156.45766765369106,302.4,186.4,151.3,72.25006620674421,806.4,278.9,329.2373627583623,419.8,93.4,117.8,284.0,233.78100566276453,233.2117484659974,188.1,249.1,161.7,226.0,267.2,201.4,283.8,263.1,111.4,207.70400958399875,91.5,109.98391267168645,111.8,81.0,224.2,164.4,88.9,282.7,342.3,271.1,80.0,127.7624046005917,282.3,67.6,167.53882496856528,115.2,115.3,147.6,71.9,1.6,295.7162054464796,275.75697566734755,156.2,109.4,2.1710477574813822,122.6,246.90215873892163,252.4,65.5,27.7,156.8,132.8,63.1,41.97869994493959,42.9,94.03555422815461,102.3,405.4,172.8,134.0,91.09141515314604,68.3,108.4,155.2,0.8,108.6,248.0,59.5,167.04186542861981,8.875147888735867,120.7,628.0085564100154,83.3,43.90794678851957,7.5,119.99912723832043,273.6704341218075,321.1336718173998,27.7,0.1,139.2,417.70367536943417,416.4,406.4,215.3,69.4,18.2,2.9,121.1,300.4,0.2,0.5,0.2,177.7,0.1,1.768921065980111,0.1,0.1,0.2,0.6,1.0,9.2,577.5,213.87716831062895,13.0,517.8,1.4,170.5,2.5197203530422314,121.0,39.44339358853709,9.7,175.05131803115245,2.1,135.1,120.8,108.7,67.8,126.2,9.4,2.2,1.8,64.58286771098639,156.4,216.84317211504003,196.9154449506291,102.61710435735128,1.2,165.9,2.8,23.5,6.1,368.5,169.4,66.4,5.7,1.0,57.43528048309495,19.6,200.3,17.060076145450616,12.942413774945589,356.0,232.2,12.3,17.7,33.5,193.6,23.8,1.2,1.2,130.9,0.8,7.3,1.1,241.0,2.2,97.4,71.3,40.46632170391564,7.558774546690876,0.46991792379618136,2.7,58.6,90.0,0.6,128.0,7.6,72.9,85.1,70.87987454084998,9.4,0.39586195771034516,180.0128787613237,6.9,0.1,62.0,124.9,20.8,135.6,82.6,5.0,2.012662584569431,40.0176753626779,107.2,4.6,127.8,62.8,49.4,12.6,287.7,37.7,153.1,93.0,11.6,0.1,0.6,126.5,53.4,12.1,41.7,8.504435278644372,0.6329251968249507,27.2,0.1,0.1,0.2,175.22597171087585,14.6,124.29086648286741,11.1,40.3
166,125.1,88.2,76.2,247.40362407917104,121.5300882531736,264.1,114.5,260.6,195.7,167.56831246759535,375.999180796352,253.9,349.7,304.2014468277014,146.2,255.5,101.0,282.8,291.4,381.00256251289346,249.56783951756023,137.36373016233594,335.34067333864516,137.8,313.5380153331705,141.4,152.0,369.4,220.8,121.7,259.0,105.6,411.3,256.1,147.1930672527056,205.59608380272854,145.80641687090187,236.5,195.7,86.0,250.1,244.6,214.1,319.9968336221682,280.65218127192315,325.0,862.1175669124161,324.2,101.5,148.4,224.53313615085824,78.4,163.6,536.4006377602243,275.8,204.9,222.1178214035593,110.6,169.3,432.5515968170489,128.5,131.10675768289113,282.6,86.9,25.8,635.8208616816164,233.53355354063572,291.7,195.7910392953222,339.981175689636,246.59163667097093,1133.7,267.0,177.7,330.2,416.5,168.1,205.0,163.17409065265744,132.1002617536439,589.5,215.2,215.4763942512576,471.95996035767564,187.6,216.9,29.6,365.0,112.50572648112271,345.0,247.2,152.5,237.93508301993765,243.0,293.8,195.49433071368682,107.28986780257014,369.5809061693347,269.86939246100223,217.56137588541688,295.9975604388137,132.9,84.4,254.6,429.0,270.5,147.2,105.8,90.8,231.5,323.1,171.51756697006127,302.4,186.4,151.3,96.16781096927262,806.4,278.9,313.67671500017116,419.8,93.4,117.8,284.0,235.52584932595596,210.91208705254303,188.1,249.1,161.7,226.0,267.2,201.4,283.8,263.1,111.4,227.13801731956443,91.5,121.55658633668246,111.8,81.0,224.2,164.4,88.9,282.7,342.3,271.1,80.0,131.94072982675786,282.3,67.6,181.8537459582047,115.2,115.3,147.6,71.9,1.6,285.06276952990714,268.4045756908413,156.2,109.4,1.946057919515941,122.6,225.50944544306344,252.4,65.5,27.7,156.8,132.8,63.1,55.003579894031546,42.9,85.22947136693861,102.3,405.4,172.8,134.0,110.11157636893338,68.3,108.4,155.2,0.8,108.6,248.0,59.5,233.74977472043048,6.813778513513105,120.7,661.8578065599235,83.3,45.18100837675449,7.5,127.45988371688924,281.7785493076726,315.58635150528175,27.7,0.1,139.2,423.59661366194416,416.4,406.4,215.3,69.4,18.2,2.9,121.1,300.4,0.2,0.5,0.2,177.7,0.1,1.860547330143095,0.1,0.1,0.2,0.6,1.0,9.2,577.5,179.63007871482841,13.0,517.8,1.4,170.5,2.8586547755669436,121.0,33.99722041326976,9.7,185.26040989413818,2.1,135.1,120.8,108.7,67.8,126.2,9.4,2.2,1.8,67.52258272953362,156.4,179.58848587284336,245.97692186638093,118.42098520569854,1.2,165.9,2.8,23.5,6.1,368.5,169.4,66.4,5.7,1.0,73.80614278346067,19.6,200.3,16.785326238415266,12.207488042903599,356.0,232.2,12.3,17.7,33.5,193.6,23.8,1.2,1.2,130.9,0.8,7.3,1.1,241.0,2.2,97.4,71.3,43.8343366918422,7.4244833002650115,0.4981349679769472,2.7,58.6,90.0,0.6,128.0,7.6,72.9,85.1,62.50960713292459,9.4,0.4072869573350411,175.3287218822897,6.9,0.1,62.0,124.9,20.8,135.6,82.6,5.0,2.310257389057342,35.18640096786816,107.2,4.6,127.8,62.8,49.4,12.6,287.7,37.7,153.1,93.0,11.6,0.1,0.6,126.5,53.4,12.1,41.7,7.426103213859851,0.6135085010653294,27.2,0.1,0.1,0.2,164.83483879150424,14.6,137.29919921279327,11.1,40.3
167,125.1,88.2,76.2,265.3458826816024,137.43460960667525,264.1,114.5,260.6,195.7,223.37512936012044,434.82802742246446,253.9,349.7,297.84081213793536,146.2,255.5,101.0,282.8,291.4,471.3239569839021,221.8699380586662,177.3247536405921,368.18407002388005,137.8,306.1225791792219,141.4,152.0,369.4,220.8,121.7,259.0,105.6,411.3,256.1,158.5322453183896,235.84167082268053,153.03384799648038,236.5,195.7,86.0,250.1,244.6,214.1,326.1744684379336,334.92898464887196,325.0,686.5958158383055,324.2,101.5,148.4,275.00741639674715,78.4,163.6,473.06712280284967,275.8,204.9,175.29018875812912,110.6,169.3,320.10027265444984,128.5,147.9453949265592,282.6,86.9,25.8,607.8113821040163,254.11156178313962,291.7,203.00922590811408,267.85760142290036,278.04885820221904,1133.7,267.0,177.7,330.2,416.5,168.1,205.0,178.71517349082262,112.69257884879373,589.5,215.2,241.7387579763046,495.58946220468044,187.6,216.9,29.6,365.0,102.82094649278841,345.0,247.2,152.5,245.17789005178378,243.0,293.8,185.57656849702013,75.29230784541201,442.2227574371205,211.45646243540673,211.2402533653848,350.0121394885822,132.9,84.4,254.6,429.0,270.5,147.2,105.8,90.8,231.5,323.1,170.83192390576568,302.4,186.4,151.3,98.33618718186555,806.4,278.9,394.23966675632676,419.8,93.4,117.8,284.0,243.30744958757668,210.53990841221508,188.1,249.1,161.7,226.0,267.2,201.4,283.8,263.1,111.4,164.61014789633316,91.5,116.93222184259285,111.8,81.0,224.2,164.4,88.9,282.7,342.3,271.1,80.0,161.66549377050794,282.3,67.6,148.53515204267796,115.2,115.3,147.6,71.9,1.6,209.67774940127825,304.4404937902463,156.2,109.4,1.797027238638532,122.6,220.80346623131615,252.4,65.5,27.7,156.8,132.8,63.1,41.63120768360109,42.9,83.32026006258728,102.3,405.4,172.8,134.0,81.85707652967423,68.3,108.4,155.2,0.8,108.6,248.0,59.5,196.27053429264978,8.12062151367913,120.7,658.9852891824069,83.3,50.80667250738192,7.5,113.12892208592129,369.1309195412879,322.5555662762404,27.7,0.1,139.2,420.62242484754114,416.4,406.4,215.3,69.4,18.2,2.9,121.1,300.4,0.2,0.5,0.2,177.7,0.1,1.6315186265365371,0.1,0.1,0.2,0.6,1.0,9.2,577.5,237.19637408964462,13.0,517.8,1.4,170.5,3.3367713084895048,121.0,36.7218974027044,9.7,182.5572262802553,2.1,135.1,120.8,108.7,67.8,126.2,9.4,2.2,1.8,69.3516542638332,156.4,158.44428193623304,288.98342663298433,125.85228229089695,1.2,165.9,2.8,23.5,6.1,368.5,169.4,66.4,5.7,1.0,68.58816835756834,19.6,200.3,14.569451129071432,12.584288783943554,356.0,232.2,12.3,17.7,33.5,193.6,23.8,1.2,1.2,130.9,0.8,7.3,1.1,241.0,2.2,97.4,71.3,52.26371528412105,8.57684466678883,0.46931075447503784,2.7,58.6,90.0,0.6,128.0,7.6,72.9,85.1,58.19111489536446,9.4,0.39052620470351274,192.7515709387044,6.9,0.1,62.0,124.9,20.8,135.6,82.6,5.0,2.4436439303043613,40.202420892063024,107.2,4.6,127.8,62.8,49.4,12.6,287.7,37.7,153.1,93.0,11.6,0.1,0.6,126.5,53.4,12.1,41.7,7.860142500571548,0.49282339826014687,27.2,0.1,0.1,0.2,168.85761636062395,14.6,165.76144662810742,11.1,40.3
168,125.1,88.2,76.2,191.6376953348712,169.7923356908,264.1,114.5,260.6,195.7,207.62687557181678,405.44285546677054,253.9,349.7,238.22505287462704,146.2,255.5,101.0,282.8,291.4,476.52995252765675,229.27551889002282,179.40429683634818,312.7698130140094,137.8,226.09394929149542,141.4,152.0,369.4,220.8,121.7,259.0,105.6,411.3,256.1,139.18260332409022,244.19932901801988,185.8709908482876,236.5,195.7,86.0,250.1,244.6,214.1,261.14329498626444,262.0437728202051,325.0,865.1035011882308,324.2,101.5,148.4,266.81352241424713,78.4,163.6,450.2375661572054,275.8,204.9,214.82631299207208,110.6,169.3,419.1121192804902,128.5,174.48997971037085,282.6,86.9,25.8,600.8373941639509,283.95005834111237,291.7,201.80615658396363,272.18923899278207,218.6875221294473,1133.7,267.0,177.7,330.2,416.5,168.1,205.0,168.21131068631217,131.2724769324223,589.5,215.2,274.48511251290586,424.1836219432961,187.6,216.9,29.6,365.0,96.35501941153996,345.0,247.2,152.5,250.8710894781381,243.0,293.8,218.2971850221926,76.45998732618125,365.6477872139074,246.35718952060762,174.08597551432712,301.0022564315208,132.9,84.4,254.6,429.0,270.5,147.2,105.8,90.8,231.5,323.1,155.99459686288162,302.4,186.4,151.3,99.06647349973863,806.4,278.9,389.71055282804946,419.8,93.4,117.8,284.0,217.8648246510686,210.93141534868525,188.1,249.1,161.7,226.0,267.2,201.4,283.8,263.1,111.4,192.3044671970217,91.5,126.70743702530439,111.8,81.0,224.2,164.4,88.9,282.7,342.3,271.1,80.0,168.32113283550132,282.3,67.6,148.81651635625425,115.2,115.3,147.6,71.9,1.6,237.15201729209727,217.4053051872102,156.2,109.4,2.006578494876385,122.6,304.09385218634714,252.4,65.5,27.7,156.8,132.8,63.1,55.413512196219685,42.9,79.39823873670689,102.3,405.4,172.8,134.0,95.07366245375783,68.3,108.4,155.2,0.8,108.6,248.0,59.5,186.82312552543777,9.598700030471418,120.7,839.8057471348789,83.3,42.468159202178974,7.5,94.51794250795358,285.1913144203433,273.23934876831896,27.7,0.1,139.2,426.76131365805577,416.4,406.4,215.3,69.4,18.2,2.9,121.1,300.4,0.2,0.5,0.2,177.7,0.1,1.8065578199142083,0.1,0.1,0.2,0.6,1.0,9.2,577.5,216.167590323523,13.0,517.8,1.4,170.5,2.699769710763047,121.0,37.91286479049766,9.7,178.23681991988508,2.1,135.1,120.8,108.7,67.8,126.2,9.4,2.2,1.8,57.33427448270192,156.4,181.48019602709613,258.8485225107268,116.1882397933012,1.2,165.9,2.8,23.5,6.1,368.5,169.4,66.4,5.7,1.0,61.563137906574894,19.6,200.3,14.756603524728066,14.110909036205822,356.0,232.2,12.3,17.7,33.5,193.6,23.8,1.2,1.2,130.9,0.8,7.3,1.1,241.0,2.2,97.4,71.3,55.61716510900439,7.605398850895679,0.43150436844995077,2.7,58.6,90.0,0.6,128.0,7.6,72.9,85.1,60.875682981082676,9.4,0.4091577253668382,176.64138641370505,6.9,0.1,62.0,124.9,20.8,135.6,82.6,5.0,2.0864168216765933,44.645859112251586,107.2,4.6,127.8,62.8,49.4,12.6,287.7,37.7,153.1,93.0,11.6,0.1,0.6,126.5,53.4,12.1,41.7,8.556524121923278,0.5025659447810005,27.2,0.1,0.1,0.2,130.38831202672802,14.6,160.0744683017404,11.1,40.3
169,125.1,88.2,76.2,182.6714270474883,169.21680607477234,264.1,114.5,260.6,195.7,236.5064885086412,389.1249346865119,253.9,349.7,221.96936153560006,146.2,255.5,101.0,282.8,291.4,486.827472370684,247.2592552739075,140.48797131221988,333.1947994217844,137.8,287.4940042148818,141.4,152.0,369.4,220.8,121.7,259.0,105.6,411.3,256.1,161.08642108150838,248.4232716004243,179.25167843905558,236.5,195.7,86.0,250.1,244.6,214.1,266.3215279856445,354.5854058173993,325.0,821.9712973823072,324.2,101.5,148.4,240.13702242386262,78.4,163.6,468.72368792668743,275.8,204.9,208.82083136998304,110.6,169.3,366.1916391800652,128.5,133.8567342146329,282.6,86.9,25.8,559.1935448132193,221.34286107389758,291.7,158.5278021313083,318.4425568750978,257.92550501127477,1133.7,267.0,177.7,330.2,416.5,168.1,205.0,235.37499760664815,112.59722488137531,589.5,215.2,208.68622354039815,427.93733561932277,187.6,216.9,29.6,365.0,107.03531519174291,345.0,247.2,152.5,297.6648779123012,243.0,293.8,171.6521621698114,96.17557280938425,329.4173474797107,281.39221654098407,175.7367346157414,330.795137442155,132.9,84.4,254.6,429.0,270.5,147.2,105.8,90.8,231.5,323.1,148.03316025724817,302.4,186.4,151.3,97.40783133865881,806.4,278.9,371.5272153143379,419.8,93.4,117.8,284.0,275.59823887448863,265.4120696499288,188.1,249.1,161.7,226.0,267.2,201.4,283.8,263.1,111.4,182.73915519488867,91.5,104.39723231881834,111.8,81.0,224.2,164.4,88.9,282.7,342.3,271.1,80.0,144.9539020074246,282.3,67.6,170.04038425041813,115.2,115.3,147.6,71.9,1.6,246.29231909912392,292.2572444734953,156.2,109.4,2.261448919679556,122.6,319.1851879186366,252.4,65.5,27.7,156.8,132.8,63.1,57.832342413101316,42.9,84.56893487501232,102.3,405.4,172.8,134.0,108.19727932130846,68.3,108.4,155.2,0.8,108.6,248.0,59.5,187.15825490650178,7.0061818399755325,120.7,797.5955727771401,83.3,47.75355599220177,7.5,89.71476132756511,260.87428507017967,264.4612012645321,27.7,0.1,139.2,381.8814404098003,416.4,406.4,215.3,69.4,18.2,2.9,121.1,300.4,0.2,0.5,0.2,177.7,0.1,1.69313482682979,0.1,0.1,0.2,0.6,1.0,9.2,577.5,225.26251368870825,13.0,517.8,1.4,170.5,3.295063447393373,121.0,43.44772951079584,9.7,130.5433022052835,2.1,135.1,120.8,108.7,67.8,126.2,9.4,2.2,1.8,59.87703850178501,156.4,205.2395179937988,212.67022071599285,117.92691224992825,1.2,165.9,2.8,23.5,6.1,368.5,169.4,66.4,5.7,1.0,62.59540179396076,19.6,200.3,15.031512841249729,13.048782087198134,356.0,232.2,12.3,17.7,33.5,193.6,23.8,1.2,1.2,130.9,0.8,7.3,1.1,241.0,2.2,97.4,71.3,38.74229699850214,9.61030512544163,0.5817752241713962,2.7,58.6,90.0,0.6,128.0,7.6,72.9,85.1,55.05858239950444,9.4,0.4077130930241292,152.03060469482864,6.9,0.1,62.0,124.9,20.8,135.6,82.6,5.0,2.0063135150893006,42.73201502512575,107.2,4.6,127.8,62.8,49.4,12.6,287.7,37.7,153.1,93.0,11.6,0.1,0.6,126.5,53.4,12.1,41.7,10.178426876902297,0.6050905321613264,27.2,0.1,0.1,0.2,135.7781107652197,14.6,143.6918726127451,11.1,40.3
170,125.1,88.2,76.2,206.72173261995056,172.47539922123025,264.1,114.5,260.6,195.7,164.29504331947356,362.51074042892236,253.9,349.7,264.7126143119268,146.2,255.5,101.0,282.8,291.4,472.75173412999357,190.71081107962692,184.70575158845025,284.67857479057056,137.8,243.15416394338854,141.4,152.0,369.4,220.8,121.7,259.0,105.6,411.3,256.1,158.11807019582292,247.04951841726916,172.93933311980317,236.5,195.7,86.0,250.1,244.6,214.1,345.09483171988416,301.35323178877655,325.0,818.1654583504895,324.2,101.5,148.4,232.37029084867194,78.4,163.6,372.4435983212466,275.8,204.9,195.2915215588191,110.6,169.3,330.4764210039121,128.5,160.55165293321886,282.6,86.9,25.8,555.6487206512098,199.8104820688134,291.7,209.41733064878275,285.0919653598219,257.33998046961096,1133.7,267.0,177.7,330.2,416.5,168.1,205.0,232.97351395429342,156.69096082995497,589.5,215.2,216.8854933212869,464.8966385832997,187.6,216.9,29.6,365.0,109.70564555931172,345.0,247.2,152.5,222.81271241759742,243.0,293.8,178.63419073716813,84.43785333182522,384.87582508549144,208.65516404180173,189.8393715778999,390.2328127714468,132.9,84.4,254.6,429.0,270.5,147.2,105.8,90.8,231.5,323.1,149.2975216924634,302.4,186.4,151.3,91.78123626475477,806.4,278.9,382.8976931703312,419.8,93.4,117.8,284.0,299.57990757045627,266.23649645549386,188.1,249.1,161.7,226.0,267.2,201.4,283.8,263.1,111.4,217.60091537319983,91.5,121.72266962906392,111.8,81.0,224.2,164.4,88.9,282.7,342.3,271.1,80.0,128.8904990005598,282.3,67.6,200.93745762897186,115.2,115.3,147.6,71.9,1.6,211.0777476115187,229.543518385442,156.2,109.4,1.6835501161117084,122.6,301.3346351222637,252.4,65.5,27.7,156.8,132.8,63.1,54.66610398384661,42.9,84.513950364974,102.3,405.4,172.8,134.0,113.16730490252515,68.3,108.4,155.2,0.8,108.6,248.0,59.5,181.1219907597418,8.824447469131387,120.7,762.1582203366531,83.3,48.4587531521622,7.5,99.25854575624876,308.1055617782438,246.77445825514616,27.7,0.1,139.2,341.1066232469065,416.4,406.4,215.3,69.4,18.2,2.9,121.1,300.4,0.2,0.5,0.2,177.7,0.1,1.489541512120067,0.1,0.1,0.2,0.6,1.0,9.2,577.5,220.66003590218386,13.0,517.8,1.4,170.5,2.5378990360428624,121.0,43.564439451864565,9.7,180.02617143886445,2.1,135.1,120.8,108.7,67.8,126.2,9.4,2.2,1.8,52.976064568016504,156.4,179.27527916106249,240.61498263790747,104.14108613763904,1.2,165.9,2.8,23.5,6.1,368.5,169.4,66.4,5.7,1.0,56.95204009695463,19.6,200.3,16.168765611208464,13.691519329364777,356.0,232.2,12.3,17.7,33.5,193.6,23.8,1.2,1.2,130.9,0.8,7.3,1.1,241.0,2.2,97.4,71.3,54.82725960612039,8.617946969615554,0.40206824772634375,2.7,58.6,90.0,0.6,128.0,7.6,72.9,85.1,76.93934716446856,9.4,0.44802120148433877,174.2092746248515,6.9,0.1,62.0,124.9,20.8,135.6,82.6,5.0,2.2327171868057687,44.5175314217323,107.2,4.6,127.8,62.8,49.4,12.6,287.7,37.7,153.1,93.0,11.6,0.1,0.6,126.5,53.4,12.1,41.7,8.243146457216604,0.6243048993678644,27.2,0.1,0.1,0.2,142.09273375771298,14.6,133.42870784719605,11.1,40.3
171,125.1,88.2,76.2,180.04551349680483,178.73696704574004,264.1,114.5,260.6,195.7,184.737774176075,427.6200506493807,253.9,349.7,315.8575917136916,146.2,255.5,101.0,282.8,291.4,437.9144883490702,249.009135924643,178.98801594327236,286.2000625528248,137.8,287.94994318495185,141.4,152.0,369.4,220.8,121.7,259.0,105.6,411.3,256.1,159.2047653598925,191.72474418392426,133.66661296345663,236.5,195.7,86.0,250.1,244.6,214.1,285.2287274687532,351.3549869880979,325.0,646.9076786687708,324.2,101.5,148.4,279.5444753110124,78.4,163.6,423.0596786995079,275.8,204.9,257.08093421299066,110.6,169.3,424.6647633494854,128.5,176.92807409287798,282.6,86.9,25.8,571.4983494166069,236.98655763452254,291.7,200.57993629901603,281.651587760805,296.05094325957657,1133.7,267.0,177.7,330.2,416.5,168.1,205.0,226.4765347340824,152.92097917751533,589.5,215.2,226.1270723100563,540.371171527044,187.6,216.9,29.6,365.0,94.87805461846264,345.0,247.2,152.5,313.1972676917511,243.0,293.8,206.44665545223376,101.29531338453586,416.88187907940136,223.04023955990598,205.1710404588796,323.5360479027117,132.9,84.4,254.6,429.0,270.5,147.2,105.8,90.8,231.5,323.1,151.1541063517254,302.4,186.4,151.3,91.56283054537532,806.4,278.9,377.96930093630726,419.8,93.4,117.8,284.0,274.40502598070407,232.12136242517892,188.1,249.1,161.7,226.0,267.2,201.4,283.8,263.1,111.4,216.8312808581994,91.5,129.4428633456898,111.8,81.0,224.2,164.4,88.9,282.7,342.3,271.1,80.0,148.46487645598003,282.3,67.6,185.40936808479825,115.2,115.3,147.6,71.9,1.6,284.8865605855542,221.29095985941092,156.2,109.4,1.7574484209060175,122.6,290.5113748850598,252.4,65.5,27.7,156.8,132.8,63.1,47.78930410673976,42.9,94.36153884242908,102.3,405.4,172.8,134.0,97.56963643601567,68.3,108.4,155.2,0.8,108.6,248.0,59.5,216.25970441195705,7.114390818871773,120.7,776.2224622795109,83.3,50.8462601418488,7.5,118.9323048002153,368.1916359116715,243.79125295375897,27.7,0.1,139.2,423.96863575693163,416.4,406.4,215.3,69.4,18.2,2.9,121.1,300.4,0.2,0.5,0.2,177.7,0.1,1.8700598359680796,0.1,0.1,0.2,0.6,1.0,9.2,577.5,228.98068318128662,13.0,517.8,1.4,170.5,2.582778975316163,121.0,30.913316873726636,9.7,183.79040226621825,2.1,135.1,120.8,108.7,67.8,126.2,9.4,2.2,1.8,53.3721806562243,156.4,160.12600184356216,279.8546989300512,148.99576461418758,1.2,165.9,2.8,23.5,6.1,368.5,169.4,66.4,5.7,1.0,52.47316697938102,19.6,200.3,13.072834654399706,11.952071723980126,356.0,232.2,12.3,17.7,33.5,193.6,23.8,1.2,1.2,130.9,0.8,7.3,1.1,241.0,2.2,97.4,71.3,40.49337003621269,9.353528030977825,0.5108378435859353,2.7,58.6,90.0,0.6,128.0,7.6,72.9,85.1,66.23264872330452,9.4,0.35087947664217767,192.92485136149998,6.9,0.1,62.0,124.9,20.8,135.6,82.6,5.0,2.374674053421588,42.295308297822,107.2,4.6,127.8,62.8,49.4,12.6,287.7,37.7,153.1,93.0,11.6,0.1,0.6,126.5,53.4,12.1,41.7,9.016302253422838,0.5236389953689956,27.2,0.1,0.1,0.2,153.55373452587082,14.6,147.47987902108676,11.1,40.3
