member,pumping_objective_reeval_cfs,baseline_streamflow_cfs,baseline_depletion_cfs,expected_streamflow_cfs,expected_depletion_cfs,expected_streamflow_bias_from_baseline_cfs,expected_depletion_bias_from_baseline_cfs,probability_weighted_absolute_streamflow_error_cfs,probability_weighted_absolute_depletion_error_cfs,probability_weighted_streamflow_shortfall_cfs,probability_of_streamflow_shortfall,shortfall_tolerance_cfs,streamflow_std_cfs,depletion_std_cfs,streamflow_p05_cfs,streamflow_p50_cfs,streamflow_p95_cfs,depletion_p05_cfs,depletion_p50_cfs,depletion_p95_cfs,best_case_streamflow_cfs,worst_case_streamflow_cfs,best_case_T_factor,best_case_S_factor,best_case_diffusivity_factor,worst_case_T_factor,worst_case_S_factor,worst_case_diffusivity_factor,expected_diffusivity_factor,min_diffusivity_factor,max_diffusivity_factor,n_joint_scenarios
152,39.0854414587126,3.817417778672291,4.782582221327709,3.8117587176084915,4.788241282391509,-0.005659061063799431,0.005659061063799875,0.25674475840178823,0.25674475840178823,0.131201909732794,0.3563452770013061,1e-10,0.33521436406089705,0.33521436406089705,3.2464126680523435,3.792959683174533,4.298855375838375,4.24284555120025,4.782582221327708,5.288543530232326,4.754161266717762,2.782548723681728,0.8,1.2,0.6666666666666667,1.2,0.8,1.4999999999999998,1.00947408415698,0.6666666666666667,1.4999999999999998,25
gen=36_member=6021_pso,15.730428646974955,7.788916635028518,0.8110833649714815,7.784758193528668,0.8152418064713326,-0.0041584414998503405,0.004158441499851118,0.0765755784922495,0.07657557849224952,0.040367009996050314,0.3563452770013061,1e-10,0.10016484149528075,0.10016484149528075,7.611767508213246,7.788916635028518,7.92711997766618,0.6568420937995797,0.8110833649714815,0.9673214947352462,8.048334602261082,7.456610062834434,0.8,1.2,0.6666666666666667,1.2,0.8,1.4999999999999998,1.00947408415698,0.6666666666666667,1.4999999999999998,25
16,38.46752870631738,4.1107264072597065,4.489273592740293,4.104789341748209,4.495210658251791,-0.005937065511497863,0.005937065511497863,0.24773175868321815,0.24773175868321812,0.12683441209735807,0.3563452770013061,1e-10,0.3234674248447488,0.3234674248447487,3.558419627310622,4.08710724900093,4.574222497191099,3.969802254505962,4.489273592740291,4.9785073110910245,5.010687888805313,3.1078288806752976,0.8,1.2,0.6666666666666667,1.2,0.8,1.4999999999999998,1.00947408415698,0.6666666666666667,1.4999999999999998,25
130,38.60014577795708,3.909289396566261,4.690710603433739,3.903472534595973,4.696527465404027,-0.0058168619702878566,0.005816861970288301,0.2528739741984186,0.2528739741984186,0.12934541808435332,0.3563452770013061,1e-10,0.3301523505007238,0.3301523505007239,3.346158686827283,3.885193910275091,4.382790493220149,4.159865637737168,4.690710603433737,5.1895572715440785,4.829720787055079,2.8876345088201028,0.8,1.2,0.6666666666666667,1.2,0.8,1.4999999999999998,1.00947408415698,0.6666666666666667,1.4999999999999998,25
95,38.90068138512153,3.8987316375181695,4.701268362481829,3.89268960960875,4.70731039039125,-0.006042027909419545,0.006042027909420433,0.25596216783601733,0.2559621678360171,0.13100209787271866,0.3563452770013061,1e-10,0.3341635984435951,0.334163598443595,3.3283343982151705,3.8743328782904207,4.377622707602464,4.164334595973905,4.701268362481828,5.206523374961797,4.828662941951984,2.8639400226867986,0.8,1.2,0.6666666666666667,1.2,0.8,1.4999999999999998,1.00947408415698,0.6666666666666667,1.4999999999999998,25
156,37.61379239712806,4.173504185956189,4.42649581404381,4.167623857632791,4.432376142367209,-0.005880328323398132,0.00588032832339902,0.2428712758256356,0.24287127582563567,0.12437580207451723,0.3563452770013061,1e-10,0.3171289661222104,0.31712896612221053,3.63181965090822,4.150350219566938,4.627695766218878,3.917402216305781,4.426495814043809,4.906253590973094,5.055501915984427,3.1892386164834683,0.8,1.2,0.6666666666666667,1.2,0.8,1.4999999999999998,1.00947408415698,0.6666666666666667,1.4999999999999998,25
gen=47_member=7948_pso,28.52993245450245,7.029701362701273,1.5702986372987264,7.023567568974681,1.57643243102532,-0.006133793726592174,0.006133793726593506,0.12822064263083133,0.12822064263083127,0.06717721817871214,0.3563452770013061,1e-10,0.16765003827441413,0.16765003827441416,6.735278864094882,7.017348580017846,7.262930558900754,1.3097456440679018,1.5702986372987262,1.8301478703271639,7.470670428787432,6.481887394734432,0.8,1.2,0.6666666666666667,1.2,0.8,1.4999999999999998,1.00947408415698,0.6666666666666667,1.4999999999999998,25
gen=48_member=8161_pso,24.508282368015493,7.429739108582357,1.1702608914176431,7.4248731500731555,1.175126849926845,-0.004865958509201462,0.004865958509201906,0.11145029297947986,0.11145029297947999,0.058158125744341094,0.3563452770013061,1e-10,0.14559590254524013,0.14559590254524027,7.175262845617415,7.429739108582356,7.633435384779896,0.9426416236735854,1.159977259120815,1.3951126427948854,7.815418749106184,6.960338265983285,0.8,1.2,0.6666666666666667,1.2,0.8,1.4999999999999998,1.00947408415698,0.6666666666666667,1.4999999999999998,25
gen=33_member=5661_pso,36.89173247767671,4.384245798156488,4.215754201843512,4.378297063655821,4.221702936344179,-0.005948734500667463,0.005948734500666575,0.23632686533303515,0.23632686533303526,0.12113779991685127,0.3563452770013061,1e-10,0.3086004304693423,0.3086004304693423,3.8564730877701154,4.361699903690149,4.825683765440618,3.7209571661827776,4.215754201843511,4.683052963830251,5.240404011305266,3.4242986900465207,0.8,1.2,0.6666666666666667,1.2,0.8,1.4999999999999998,1.00947408415698,0.6666666666666667,1.4999999999999998,25
gen=47_member=7921_pso,37.029124549782175,4.328992385422142,4.271007614577858,4.322941150583586,4.277058849416414,-0.006051234838555963,0.006051234838555963,0.23743106202659273,0.23743106202659278,0.12174114843257444,0.3563452770013061,1e-10,0.3100397065290966,0.3100397065290967,3.798488511521668,4.328992385422141,4.772324234004934,3.7741818071978614,4.271007614577858,4.740743905067861,5.188284345525805,3.36416464807401,0.8,1.2,0.6666666666666667,1.2,0.8,1.4999999999999998,1.00947408415698,0.6666666666666667,1.4999999999999998,25
gen=40_member=6722_pso,29.206608318766545,6.944390199200969,1.6556098007990303,6.938078952364487,1.661921047635513,-0.006311246836482098,0.0063112468364827645,0.1325251484220154,0.1325251484220154,0.06941819762924888,0.3563452770013061,1e-10,0.17330532595062237,0.17330532595062248,6.6401118483319275,6.931628422217567,7.185522164853428,1.3861791260196474,1.6556098007990296,1.9241328625089433,7.401086460533927,6.377810208674147,0.8,1.2,0.6666666666666667,1.2,0.8,1.4999999999999998,1.00947408415698,0.6666666666666667,1.4999999999999998,25
gen=48_member=8113_pso,37.01352492542517,4.367598270003123,4.232401729996877,4.361488555371095,4.238511444628903,-0.006109714632027696,0.006109714632026808,0.23639458754431786,0.23639458754431777,0.12125215108817276,0.3563452770013061,1e-10,0.3086905187942289,0.30869051879422876,3.8391934491740884,4.367598270003122,4.8088122206586625,3.7378972056850697,4.232401729996877,4.7002089886498,5.222615207236433,3.4062839379782544,0.8,1.2,0.6666666666666667,1.2,0.8,1.4999999999999998,1.00947408415698,0.6666666666666667,1.4999999999999998,25
gen=48_member=8218_pso,36.62363801974855,4.566011808360062,4.033988191639938,4.5595607346997316,4.040439265300268,-0.006451073660330486,0.006451073660330486,0.22857380425773316,0.22857380425773324,0.11751243895903182,0.3563452770013061,1e-10,0.29849361061297863,0.2984936106129787,4.053699452099893,4.566011808360062,4.991474841367926,3.557315396290241,4.033988191639936,4.487426763425767,5.3883349910458485,3.632069993314026,0.8,1.2,0.6666666666666667,1.2,0.8,1.4999999999999998,1.00947408415698,0.6666666666666667,1.4999999999999998,25
gen=42_member=7058_pso,17.82511697626178,7.735417742788297,0.8645822572117029,7.730826226963093,0.8691737730369065,-0.004591515825203452,0.004591515825203563,0.08577515299672278,0.08577515299672273,0.04518333441096318,0.3563452770013061,1e-10,0.11215626544868534,0.11215626544868527,7.537148701668387,7.735417742788297,7.890360641678666,0.6916649368025594,0.8645822572117029,1.039489930023156,8.02606110927827,7.366147572375916,0.8,1.2,0.6666666666666667,1.2,0.8,1.4999999999999998,1.00947408415698,0.6666666666666667,1.4999999999999998,25
gen=48_member=8245_pso,36.87888641911074,4.428793109285431,4.1712068907145685,4.422799183505999,4.177200816494,-0.005993925779431919,0.005993925779431919,0.23540329552633224,0.2354032955263322,0.12069861065288218,0.3563452770013061,1e-10,0.3074028602407471,0.30740286024074714,3.9028520356998713,4.406332441868602,4.868407701901139,3.678509883739804,4.171206890714568,4.636811152235163,5.281226174897096,3.4719916244869777,0.8,1.2,0.6666666666666667,1.2,0.8,1.4999999999999998,1.00947408415698,0.6666666666666667,1.4999999999999998,25
gen=41_member=6922_pso,32.11592080418332,6.351789168161293,2.248210831838707,6.344644225418788,2.2553557745812123,-0.007144942742504767,0.0071449427425052114,0.15962041262327453,0.15962041262327462,0.08338267768288997,0.3563452770013061,1e-10,0.20875163881387876,0.20875163881387881,5.986512116497382,6.3517891681612895,6.643206344294,1.9223713236767455,2.233520166231039,2.570641420387743,6.907090534628502,5.672367486695908,0.8,1.2,0.6666666666666667,1.2,0.8,1.4999999999999998,1.00947408415698,0.6666666666666667,1.4999999999999998,25
gen=41_member=6885_pso,16.94814371857778,7.771434562059899,0.8285654379401006,7.76718201806009,0.8328179819399097,-0.0042525439998089,0.004252543999809122,0.08023464510706449,0.0802346451070644,0.04224359455343691,0.3563452770013061,1e-10,0.1049234069308266,0.10492340693082655,7.586081600009631,7.771434562059898,7.916465959554488,0.6666822398015778,0.8212045455098579,0.9920761929331864,8.043891645181727,7.425434074013512,0.8,1.2,0.6666666666666667,1.2,0.8,1.4999999999999998,1.00947408415698,0.6666666666666667,1.4999999999999998,25
gen=37_member=6262_pso,25.372800727077287,7.35750189008454,1.2424981099154595,7.352603362424909,1.247396637575091,-0.004898527659631391,0.004898527659631391,0.11365906045304627,0.11365906045304625,0.059278794056338915,0.3563452770013061,1e-10,0.14848921879732357,0.14848921879732352,7.098236065808197,7.3575018900845395,7.565373944735181,1.0101969526055459,1.232007199152326,1.4716080561943607,7.751272643606134,6.877348335283784,0.8,1.2,0.6666666666666667,1.2,0.8,1.4999999999999998,1.00947408415698,0.6666666666666667,1.4999999999999998,25
gen=39_member=6554_pso,22.91493475179726,7.524014684405143,1.0759853155948564,7.519059646070408,1.0809403539295923,-0.004955038334735207,0.004955038334735873,0.10515943605641533,0.1051594360564154,0.05505723719557561,0.3563452770013061,1e-10,0.13740981434358307,0.13740981434358304,7.282871244198036,7.524014684405143,7.715425125891875,0.8622003712839984,1.0663006053545994,1.2889454851417632,7.885092213244883,7.078226099437576,0.8,1.2,0.6666666666666667,1.2,0.8,1.4999999999999998,1.00947408415698,0.6666666666666667,1.4999999999999998,25
gen=44_member=7409_pso,29.02617500954204,6.981807724645755,1.6181922753542444,6.975621642401658,1.624378357598342,-0.006186082244096447,0.006186082244097557,0.12993114951660772,0.12993114951660759,0.06805861588035239,0.3563452770013061,1e-10,0.16990724500501903,0.16990724500501891,6.683501415724988,6.969294735179235,7.218215862534445,1.3540490921426545,1.6181922753542437,1.881453727234895,7.429810869110094,6.426506103860127,0.8,1.2,0.6666666666666667,1.2,0.8,1.4999999999999998,1.00947408415698,0.6666666666666667,1.4999999999999998,25
gen=33_member=5597_pso,20.42544700516081,7.606280688038594,0.9937193119614058,7.601872388413351,0.9981276115866495,-0.0044082996252434725,0.0044082996252436946,0.09418647341368266,0.09418647341368261,0.049297386519463346,0.3563452770013061,1e-10,0.12309073031663208,0.12309073031663212,7.390360921000668,7.606280688038593,7.777787940331066,0.8021302925672986,0.9850465921517326,1.1843914371686766,7.930379243023498,7.206300250468267,0.8,1.2,0.6666666666666667,1.2,0.8,1.4999999999999998,1.00947408415698,0.6666666666666667,1.4999999999999998,25
gen=35_member=5926_pso,28.75848621927199,6.994155876481956,1.6058441235180438,6.987877125103482,1.6121228748965175,-0.006278751378473224,0.006278751378473668,0.12957077325938202,0.1295707732593821,0.06792476231892768,0.3563452770013061,1e-10,0.16945903123665176,0.16945903123665182,6.696353899705479,6.981674394253972,7.229655951116935,1.3427394230435843,1.6058441235180436,1.8686184072472969,7.440994598648128,6.439185081337689,0.8,1.2,0.6666666666666667,1.2,0.8,1.4999999999999998,1.00947408415698,0.6666666666666667,1.4999999999999998,25
gen=42_member=7147_pso,36.78548226240043,4.474642478923138,4.125357521076862,4.468637137885217,4.131362862114783,-0.0060053410379206085,0.006005341037921497,0.2340475012434875,0.23404750124348764,0.12002642114070439,0.3563452770013061,1e-10,0.3056135506376826,0.3056135506376827,3.9516981318497884,4.4523164057391735,4.911544592910601,3.6355847330097038,4.125357521076862,4.588388214493884,5.321890789756729,3.523441554385805,0.8,1.2,0.6666666666666667,1.2,0.8,1.4999999999999998,1.00947408415698,0.6666666666666667,1.4999999999999998,25
gen=47_member=7992_pso,37.30318347661641,4.184647125278167,4.415352874721832,4.178725677202608,4.421274322797392,-0.00592144807555961,0.00592144807555961,0.2424403013341405,0.24244030133414043,0.12418087470485019,0.3563452770013061,1e-10,0.31655617713033907,0.31655617713033907,3.643951171692471,4.161526679235794,4.63784088783885,3.907305251113549,4.415352874721832,4.8943491815112585,5.064253390537446,3.201644844197414,0.8,1.2,0.6666666666666667,1.2,0.8,1.4999999999999998,1.00947408415698,0.6666666666666667,1.4999999999999998,25
gen=44_member=7479_pso,29.726992928553692,6.827295500554288,1.7727044994457113,6.82091700734625,1.7790829926537497,-0.006378493208037739,0.006378493208038405,0.1387403025159112,0.1387403025159113,0.07255939786197445,0.3563452770013061,1e-10,0.18141793192922456,0.18141793192922462,6.509378793646463,6.827295500554287,7.080233018427769,1.490005619726223,1.7599377094176964,2.0533224486763557,7.307389130000454,6.23612166098328,0.8,1.2,0.6666666666666667,1.2,0.8,1.4999999999999998,1.00947408415698,0.6666666666666667,1.4999999999999998,25
gen=46_member=7840_pso,27.838357196260656,7.13740674699663,1.4625932530033692,7.132155851448999,1.4678441485510008,-0.005250895547630918,0.005250895547631584,0.12286715217011815,0.12286715217011823,0.06405902385887469,0.3563452770013061,1e-10,0.16081186511956877,0.16081186511956877,6.856402999392347,7.13740674699663,7.362419321443534,1.2108839302192498,1.4512875603240292,1.7104675676801628,7.56693602656417,6.612691921807473,0.8,1.2,0.6666666666666667,1.2,0.8,1.4999999999999998,1.00947408415698,0.6666666666666667,1.4999999999999998,25
gen=36_member=6076_pso,37.07165394641189,4.285591750068875,4.314408249931125,4.2796347864085185,4.320365213591481,-0.0059569636603562515,0.0059569636603562515,0.23972649351545186,0.23972649351545205,0.12284172858790396,0.3563452770013061,1e-10,0.3130271884349429,0.31302718843494315,3.7505028612611193,4.26273254161151,4.733600192045638,3.812147952194899,4.314408249931123,4.788227043267597,5.155300534527976,3.3131858751268464,0.8,1.2,0.6666666666666667,1.2,0.8,1.4999999999999998,1.00947408415698,0.6666666666666667,1.4999999999999998,25
gen=39_member=6576_pso,24.57679423226629,7.389358682126496,1.2106413178735036,7.384649281314872,1.2153507186851282,-0.004709400811623965,0.004709400811624631,0.11035045252518966,0.11035045252518964,0.05752992666840723,0.3563452770013061,1e-10,0.14420362345778692,0.14420362345778695,7.137819673346577,7.389358682126495,7.591290851043702,0.9849386201548354,1.2004567430476578,1.4328962324284273,7.772473068949719,6.921776607175724,0.8,1.2,0.6666666666666667,1.2,0.8,1.4999999999999998,1.00947408415698,0.6666666666666667,1.4999999999999998,25
gen=46_member=7833_pso,30.273822445456965,6.762605183780384,1.837394816219615,6.756273524184817,1.8437264758151832,-0.006331659595567807,0.006331659595568251,0.14173313285869615,0.14173313285869593,0.07403239622713205,0.3563452770013061,1e-10,0.185298628586813,0.1852986285868128,6.438370682468934,6.7489725649608445,7.021390452036413,1.5481220887689018,1.8373948162196143,2.123666131137195,7.254268956315804,6.160902339851251,0.8,1.2,0.6666666666666667,1.2,0.8,1.4999999999999998,1.00947408415698,0.6666666666666667,1.4999999999999998,25
gen=36_member=6039_pso,34.236759922666806,5.713420907461048,2.8865790925389523,5.706287479715836,2.8937125202841645,-0.007133427745212195,0.007133427745212195,0.18977700026861347,0.18977700026861358,0.0984552140069129,0.3563452770013061,1e-10,0.24801393293141874,0.24801393293141877,5.283017198462544,5.695225384798151,6.062835441337141,2.4955688282498953,2.886579092538951,3.2669714708479756,6.3832117983199925,4.920088263948131,0.8,1.2,0.6666666666666667,1.2,0.8,1.4999999999999998,1.00947408415698,0.6666666666666667,1.4999999999999998,25
gen=45_member=7630_pso,20.273425248681576,7.635685795159002,0.9643142048409978,7.630782332118597,0.9692176678814043,-0.004903463040405676,0.004903463040406453,0.09511653797189298,0.09511653797189278,0.05001000050614994,0.3563452770013061,1e-10,0.12433809175527034,0.12433809175527025,7.4163726903726594,7.635685795159001,7.807906203648908,0.7720752831244173,0.9555770372944566,1.1578577316344494,7.959169364001021,7.228304510933217,0.8,1.2,0.6666666666666667,1.2,0.8,1.4999999999999998,1.00947408415698,0.6666666666666667,1.4999999999999998,25
gen=41_member=7002_pso,31.456010064777686,6.50676668571727,2.0932333142827297,6.499996640332365,2.1000033596676357,-0.00677004538490511,0.006770045384905998,0.1534242667079378,0.1534242667079378,0.08009715604642202,0.3563452770013061,1e-10,0.20061489640632818,0.20061489640632824,6.155945984888411,6.50676668571727,6.7871010015096545,1.7797977783019876,2.093233314282729,2.40295779954367,7.040447586019239,5.855341619173128,0.8,1.2,0.6666666666666667,1.2,0.8,1.4999999999999998,1.00947408415698,0.6666666666666667,1.4999999999999998,25
gen=44_member=7416_pso,22.53949283051267,7.562654399840738,1.0373456001592622,7.557631476102125,1.0423685238978753,-0.0050229237386130166,0.0050229237386130166,0.10260836579506707,0.10260836579506707,0.05381564476684007,0.3563452770013061,1e-10,0.13409933724869538,0.13409933724869544,7.326824674667921,7.562654399840737,7.749016358818697,0.82924974136545,1.0279059517509548,1.2455503580246916,7.913571232000751,7.125802353208295,0.8,1.2,0.6666666666666667,1.2,0.8,1.4999999999999998,1.00947408415698,0.6666666666666667,1.4999999999999998,25
gen=48_member=8130_pso,30.29664546331896,6.733698320330934,1.8663016796690663,6.727358603708987,1.8726413962910131,-0.006339716621946323,0.006339716621946767,0.1425709105313112,0.14257091053131132,0.07445531357662914,0.3563452770013061,1e-10,0.18640461187201385,0.18640461187201388,6.40761119782903,6.733698320330934,6.994083019481255,1.575216980601316,1.8663016796690663,2.1542014597416586,7.228750835227999,6.128312441510516,0.8,1.2,0.6666666666666667,1.2,0.8,1.4999999999999998,1.00947408415698,0.6666666666666667,1.4999999999999998,25
gen=42_member=7150_pso,23.018345966531463,7.512751084270679,1.087248915729321,7.507780471200674,1.0922195287993255,-0.004970613070004681,0.004970613070004459,0.10121021277205727,0.10121021277205734,0.05309041292103099,0.3563452770013061,1e-10,0.13229413571813803,0.13229413571813817,7.280147907831598,7.512751084270678,7.696541772576896,0.8820232262485089,1.0779394990565834,1.2925977983437298,7.858857081572594,7.079463955273866,0.8,1.2,0.6666666666666667,1.2,0.8,1.4999999999999998,1.00947408415698,0.6666666666666667,1.4999999999999998,25
gen=46_member=7861_pso,36.57795625745423,4.592398918242795,4.007601081757205,4.586325392584148,4.013674607415851,-0.00607352565864705,0.006073525658646162,0.23036531922071227,0.2303653192207124,0.11821942243967955,0.3563452770013061,1e-10,0.300816089343381,0.3008160893433811,4.077365963596403,4.570411625130425,5.022078537604659,3.526072891867877,4.007601081757204,4.463705812089969,5.424781597597461,3.654412743906793,0.8,1.2,0.6666666666666667,1.2,0.8,1.4999999999999998,1.00947408415698,0.6666666666666667,1.4999999999999998,25
gen=47_member=8013_pso,24.18988587830649,7.452237678911723,1.147762321088277,7.447302535595334,1.1526974644046661,-0.004935143316388668,0.004935143316389112,0.10817012762064897,0.10817012762064891,0.05655263546851896,0.3563452770013061,1e-10,0.1413353942850495,0.14133539428504946,7.204657977390352,7.452237678911722,7.649479291568969,0.9274138852310481,1.1377925475791066,1.3664547717215871,7.824980859220926,6.994164237567106,0.8,1.2,0.6666666666666667,1.2,0.8,1.4999999999999998,1.00947408415698,0.6666666666666667,1.4999999999999998,25
gen=34_member=5833_pso,37.05546674905064,4.3065435066022655,4.293456493397734,4.300656101417466,4.299343898582535,-0.00588740518479991,0.005887405184800798,0.23857021805641987,0.23857021805641995,0.12222881162061028,0.3563452770013061,1e-10,0.3115188389367902,0.31151883893679033,3.7741659995248247,4.2837895687445835,4.752389055267221,3.7936388417753486,4.293456493397733,4.764940497929671,5.171748840782241,3.3385026616571265,0.8,1.2,0.6666666666666667,1.2,0.8,1.4999999999999998,1.00947408415698,0.6666666666666667,1.4999999999999998,25
gen=29_member=4835_pso,31.16289112554577,6.575014360023404,2.024985639976596,6.568335576262533,2.031664423737467,-0.006678783760871276,0.006678783760870832,0.15113861416362226,0.15113861416362204,0.07890869896224689,0.3563452770013061,1e-10,0.1976058051207582,0.19760580512075815,6.229454025669499,6.575014360023402,6.851137650541968,1.7162950344320491,2.011064005123916,2.330086371424298,7.100158481792553,5.93335778897119,0.8,1.2,0.6666666666666667,1.2,0.8,1.4999999999999998,1.00947408415698,0.6666666666666667,1.4999999999999998,25
gen=43_member=7309_pso,28.362383210764136,7.063589597449552,1.5364104025504484,7.057636679879498,1.5423633201205025,-0.005952917570054339,0.005952917570054117,0.12643390733558002,0.12643390733558024,0.0661934124528175,0.3563452770013061,1e-10,0.1655140604563908,0.16551406045639094,6.773271873695152,7.051434848486738,7.294007657253007,1.2785542335650508,1.536410402550448,1.79253145388547,7.505167712622836,6.5219120173227765,0.8,1.2,0.6666666666666667,1.2,0.8,1.4999999999999998,1.00947408415698,0.6666666666666667,1.4999999999999998,25
gen=42_member=7162_pso,34.265693983561704,5.67901004605478,2.9209899539452198,5.671722723760925,2.9282772762390747,-0.007287322293855425,0.007287322293854981,0.19051008169940076,0.19051008169940062,0.09889870199662792,0.3563452770013061,1e-10,0.24901674304675464,0.2490167430467545,5.246484248087307,5.679010046054779,6.029519876278096,2.528756007637066,2.9033907561706274,3.3031497946641304,6.35093197349882,4.880960373633775,0.8,1.2,0.6666666666666667,1.2,0.8,1.4999999999999998,1.00947408415698,0.6666666666666667,1.4999999999999998,25
gen=43_member=7394_pso,29.69937939750987,6.85907675375209,1.7409232462479096,6.852723895039257,1.747276104960743,-0.006352858712832976,0.00635285871283342,0.13688066313409733,0.1368806631340973,0.07161676092346533,0.3563452770013061,1e-10,0.17899017785032498,0.17899017785032495,6.545255812402734,6.84590317783936,7.108494033884586,1.4621794656566651,1.7409232462479094,2.0179107572176527,7.332213922095142,6.275304642547688,0.8,1.2,0.6666666666666667,1.2,0.8,1.4999999999999998,1.00947408415698,0.6666666666666667,1.4999999999999998,25
gen=47_member=7994_pso,27.707961235794844,7.174490003312835,1.4255099966871652,7.169478044245543,1.4305219557544568,-0.0050119590672919045,0.0050119590672916825,0.12134917637001923,0.12134917637001909,0.06318056771865561,0.3563452770013061,1e-10,0.1587389541941613,0.15873895419416126,6.897627280257117,7.174490003312834,7.396986528943645,1.1767011908531642,1.4143141044407974,1.669781524852929,7.598072507271696,6.657778362592926,0.8,1.2,0.6666666666666667,1.2,0.8,1.4999999999999998,1.00947408415698,0.6666666666666667,1.4999999999999998,25
gen=48_member=8212_pso,25.50891213870453,7.333601761230064,1.266398238769936,7.328787604460215,1.2712123955397847,-0.00481415676984831,0.004814156769848754,0.1139986543962861,0.11399865439628623,0.05940640558306731,0.3563452770013061,1e-10,0.14896068018086914,0.14896068018086922,7.073932878666542,7.333601761230063,7.5423175772016,1.033117044250491,1.25587232416307,1.4958464172329409,7.7294350537314305,6.8508824427217405,0.8,1.2,0.6666666666666667,1.2,0.8,1.4999999999999998,1.00947408415698,0.6666666666666667,1.4999999999999998,25
gen=34_member=5718_pso,19.217975104740983,7.672470311191279,0.9275296888087196,7.667932812899553,0.9320671871004461,-0.004537498291725228,0.0045374982917265605,0.08549110584639696,0.08549110584639702,0.04501430206906121,0.3563452770013061,1e-10,0.11183063332112272,0.11183063332112277,7.475025827472128,7.672470311191279,7.826995264949681,0.7550516127998966,0.9196872529288146,1.1016333560581595,7.962694789402995,7.301535377331395,0.8,1.2,0.6666666666666667,1.2,0.8,1.4999999999999998,1.00947408415698,0.6666666666666667,1.4999999999999998,25
gen=40_member=6749_pso,32.03382245921868,6.373670999560371,2.226329000439628,6.366461499523446,2.2335385004765542,-0.0072095000369252205,0.007209500036926109,0.15967084813313265,0.15967084813313276,0.08344017408502918,0.3563452770013061,1e-10,0.2088081268423822,0.20880812684238242,6.008089309946562,6.358318335963298,6.665055237237992,1.9005812020841077,2.2263290004396263,2.5490122925337784,6.928068904873422,5.693864952056384,0.8,1.2,0.6666666666666667,1.2,0.8,1.4999999999999998,1.00947408415698,0.6666666666666667,1.4999999999999998,25
gen=45_member=7712_pso,31.96441941761888,6.393056356563795,2.206943643436204,6.385959648264931,2.2140403517350684,-0.007096708298863774,0.007096708298864218,0.15868902924663691,0.15868902924663686,0.08289286877275023,0.3563452770013061,1e-10,0.20752048969415393,0.20752048969415393,6.029926055583386,6.37780093702754,6.6827934299561464,1.8830181239669244,2.206943643436203,2.527478544128947,6.944569891966907,5.717786648023718,0.8,1.2,0.6666666666666667,1.2,0.8,1.4999999999999998,1.00947408415698,0.6666666666666667,1.4999999999999998,25
gen=49_member=8286_pso,31.88574680923485,6.414481197193633,2.1855188028063663,6.407415702863431,2.1925842971365688,-0.0070654943302024265,0.0070654943302024265,0.15800797310880524,0.1580079731088052,0.08253673371950355,0.3563452770013061,1e-10,0.20662575003574993,0.20662575003574982,6.052916045850611,6.414481197193632,6.702983728159661,1.8629833772050066,2.170972687279411,2.5046818687386714,6.963409247496891,5.742190395519366,0.8,1.2,0.6666666666666667,1.2,0.8,1.4999999999999998,1.00947408415698,0.6666666666666667,1.4999999999999998,25
gen=47_member=7987_pso,32.3379503115816,6.291776607726359,2.308223392273641,6.284580040096639,2.315419959903361,-0.007196567629719652,0.0071965676297200964,0.1627020093314025,0.1627020093314026,0.0849492884805613,0.3563452770013061,1e-10,0.21274465293105685,0.2127446529310569,5.919721548556538,6.291776607726359,6.58899805496468,1.9759132337655942,2.3082233922736406,2.636691563612822,6.857849852438909,5.600816105565944,0.8,1.2,0.6666666666666667,1.2,0.8,1.4999999999999998,1.00947408415698,0.6666666666666667,1.4999999999999998,25
gen=42_member=7104_pso,37.1305477391165,4.247723524139242,4.352276475860758,4.24183141828921,4.35816858171079,-0.005892105850032081,0.005892105850032081,0.2406890972682762,0.24068909726827628,0.12329060155915411,0.3563452770013061,1e-10,0.31429181092035113,0.3142918109203512,3.7106269289849396,4.224769123473785,4.697751204080305,3.847855130448956,4.352276475860757,4.827801092172821,5.121287151002294,3.271680870544212,0.8,1.2,0.6666666666666667,1.2,0.8,1.4999999999999998,1.00947408415698,0.6666666666666667,1.4999999999999998,25
gen=44_member=7536_pso,23.46684587614881,7.48014819105545,1.119851808944549,7.475319542002435,1.124680457997565,-0.00482864905301561,0.004828649053016054,0.10419746719357412,0.1041974671935742,0.05451305812329496,0.3563452770013061,1e-10,0.1361713241535111,0.1361713241535112,7.2415022550570445,7.48014819105545,7.66998905827489,0.9077884249826449,1.1102527286562425,1.3306226843141336,7.838670313512944,7.036512613800861,0.8,1.2,0.6666666666666667,1.2,0.8,1.4999999999999998,1.00947408415698,0.6666666666666667,1.4999999999999998,25
gen=38_member=6480_pso,31.40713306593588,6.525518949741783,2.0744810502582167,6.5184679557343825,2.081532044265618,-0.007050994007400391,0.007050994007401279,0.15465678809027592,0.15465678809027578,0.08085389104883847,0.3563452770013061,1e-10,0.20223469662802104,0.20223469662802093,6.1712659071579985,6.525518949741782,6.807606322986244,1.7591660776342444,2.0602487573108594,2.3871851593642632,7.061528885393475,5.867146647214709,0.8,1.2,0.6666666666666667,1.2,0.8,1.4999999999999998,1.00947408415698,0.6666666666666667,1.4999999999999998,25
gen=43_member=7269_pso,36.83339971387087,4.456283809734449,4.14371619026555,4.4502410971590445,4.149758902840957,-0.006042712575404785,0.006042712575406561,0.23455500652219652,0.23455500652219638,0.12029885954880098,0.3563452770013061,1e-10,0.3063002383101084,0.3063002383101082,3.9320751365218136,4.433904027371385,4.894245532321641,3.6529333481003032,4.1437161902655495,4.607788231451756,5.305438932006027,3.5026460705200355,0.8,1.2,0.6666666666666667,1.2,0.8,1.4999999999999998,1.00947408415698,0.6666666666666667,1.4999999999999998,25
gen=35_member=5948_pso,37.07384621264411,4.260758125752932,4.339241874247068,4.254926992237282,4.345073007762719,-0.005831133515649789,0.005831133515650677,0.2402894936597844,0.24028949365978436,0.12306031358771721,0.3563452770013061,1e-10,0.3137617002310484,0.31376170023104843,3.7248591240309143,4.237844092029704,4.710150296071351,3.8354924484973916,4.339241874247065,4.813939257196142,5.133373435183728,3.287372285030284,0.8,1.2,0.6666666666666667,1.2,0.8,1.4999999999999998,1.00947408415698,0.6666666666666667,1.4999999999999998,25
gen=29_member=4871_pso,17.843497187733753,7.718456365090395,0.8815436349096046,7.714203515741531,0.8857964842584695,-0.004252849348864274,0.004252849348864829,0.08346414451890458,0.08346414451890473,0.04385849693388473,0.3563452770013061,1e-10,0.10912991853130496,0.1091299185313051,7.526133778139542,7.718456365090395,7.869693759113118,0.7126821515445377,0.8738778295603729,1.051257896872281,8.003252450297083,7.359834807097549,0.8,1.2,0.6666666666666667,1.2,0.8,1.4999999999999998,1.00947408415698,0.6666666666666667,1.4999999999999998,25
gen=36_member=6031_pso,31.338390787551678,6.545847233359204,2.054152766640796,6.538976853429029,2.0610231465709723,-0.006870379930175474,0.006870379930176362,0.15309874180260322,0.15309874180260333,0.07998456086638983,0.3563452770013061,1e-10,0.20019442448101873,0.20019442448101885,6.195462005936962,6.545847233359204,6.825332704625147,1.7417161300276192,2.054152766640796,2.363449838957221,7.077248547395371,5.894645816609817,0.8,1.2,0.6666666666666667,1.2,0.8,1.4999999999999998,1.00947408415698,0.6666666666666667,1.4999999999999998,25
gen=39_member=6689_pso,29.416418185838467,6.921290500188534,1.6787094998114656,6.915060089994519,1.6849399100054818,-0.006230410194015157,0.006230410194016267,0.13352428025220736,0.13352428025220742,0.06987734522311181,0.3563452770013061,1e-10,0.1745954175706373,0.17459541757063735,6.615085482001595,6.921290500188534,7.164516798993679,1.4069056243534641,1.6787094998114653,1.9489759738956098,7.382355627122522,6.351742806965624,0.8,1.2,0.6666666666666667,1.2,0.8,1.4999999999999998,1.00947408415698,0.6666666666666667,1.4999999999999998,25
gen=46_member=7811_pso,30.84800808580873,6.640381135980052,1.9596188640199477,6.633829685000284,1.9661703149997163,-0.00655145097976817,0.006551450979768614,0.1479707660119246,0.14797076601192444,0.07726110849584643,0.3563452770013061,1e-10,0.19345340357373314,0.19345340357373297,6.3020403182837015,6.640381135980052,6.910686547661246,1.657445696287084,1.9596188640199477,2.258358277791422,7.154278568138003,6.012568245239846,0.8,1.2,0.6666666666666667,1.2,0.8,1.4999999999999998,1.00947408415698,0.6666666666666667,1.4999999999999998,25
gen=36_member=6150_pso,29.51027094900253,6.884637529467785,1.715362470532215,6.8784135555994075,1.7215864444005926,-0.006223973868377364,0.006223973868377586,0.1354958123676932,0.13549581236769317,0.0708598931180355,0.3563452770013061,1e-10,0.17715798042946274,0.17715798042946268,6.574196553650541,6.871597464168288,7.131665453126518,1.4392862782302964,1.7153624705322148,1.9894059148411658,7.353214890920003,6.307819016883913,0.8,1.2,0.6666666666666667,1.2,0.8,1.4999999999999998,1.00947408415698,0.6666666666666667,1.4999999999999998,25
gen=28_member=4698_pso,19.62453473077234,7.651146524895162,0.9488534751048376,7.646461527870645,0.9535384721293535,-0.004684997024516413,0.004684997024515858,0.0923822912672314,0.09238229126723144,0.04853364414587345,0.3563452770013061,1e-10,0.12076614147911519,0.12076614147911517,7.438346521596746,7.651146524895162,7.8185873767025225,0.7619165302764285,0.9403647967684593,1.136661977678241,7.966117772986131,7.255676691294726,0.8,1.2,0.6666666666666667,1.2,0.8,1.4999999999999998,1.00947408415698,0.6666666666666667,1.4999999999999998,25
gen=45_member=7580_pso,29.41977376399195,6.907203242054345,1.692796757945654,6.900944473372507,1.699055526627493,-0.006258768681838056,0.006258768681838944,0.1340104501378328,0.1340104501378328,0.07013460940983574,0.3563452770013061,1e-10,0.17523519421789432,0.1752351942178943,6.599861773932195,6.894303436030751,7.151303999995781,1.4200129997525406,1.6927967579456538,1.9640608206601051,7.36998326796703,6.335445014566973,0.8,1.2,0.6666666666666667,1.2,0.8,1.4999999999999998,1.00947408415698,0.6666666666666667,1.4999999999999998,25
gen=37_member=6318_pso,36.35850397821222,4.707369578522565,3.8926304214774334,4.700961653827937,3.8990383461720635,-0.006407924694627809,0.0064079246946300294,0.22464200139950286,0.22464200139950286,0.11552496304706573,0.3563452770013061,1e-10,0.29336611622573955,0.2933661162257396,4.203664383753294,4.707369578522565,5.125365498810359,3.424369304672784,3.8717560357845255,4.338472235156147,5.515011014261041,3.788726054426269,0.8,1.2,0.6666666666666667,1.2,0.8,1.4999999999999998,1.00947408415698,0.6666666666666667,1.4999999999999998,25
gen=39_member=6634_pso,37.24656995207669,4.220798606210672,4.379201393789328,4.214883035518841,4.385116964481159,-0.005915570691831462,0.005915570691830574,0.24149777440170062,0.2414977744017007,0.12370667254676615,0.3563452770013061,1e-10,0.3153306187981098,0.31533061879810975,3.682098036306504,4.197767388535991,4.672183005417553,3.8731425200704894,4.379201393789327,4.856376748168369,5.096869412103731,3.2413722513873333,0.8,1.2,0.6666666666666667,1.2,0.8,1.4999999999999998,1.00947408415698,0.6666666666666667,1.4999999999999998,25
gen=46_member=7788_pso,32.533172613400616,6.245558410362484,2.354441589637516,6.238527346469687,2.361472653530313,-0.007031063892797285,0.0070310638927968405,0.16568992716841435,0.16568992716841424,0.08636049553060568,0.3563452770013061,1e-10,0.2165798592269132,0.2165798592269131,5.867578714348526,6.229635392339335,6.548883628151459,2.0152755017830377,2.3544415896375157,2.6882888066374364,6.823306555180905,5.545766489686076,0.8,1.2,0.6666666666666667,1.2,0.8,1.4999999999999998,1.00947408415698,0.6666666666666667,1.4999999999999998,25
gen=46_member=7881_pso,27.192862415219388,7.223465064862035,1.376534935137965,7.2187170444190425,1.381282955580958,-0.0047480204429923845,0.004748020442993051,0.12143872708759816,0.12143872708759819,0.06309337376529567,0.3563452770013061,1e-10,0.15866392783253447,0.15866392783253455,6.947914720083449,7.223465064862034,7.446628550869012,1.126991009473525,1.3653033522769555,1.6200681956355998,7.648177345697255,6.712016234465436,0.8,1.2,0.6666666666666667,1.2,0.8,1.4999999999999998,1.00947408415698,0.6666666666666667,1.4999999999999998,25
gen=27_member=4566_pso,34.20265674649548,5.72427439788265,2.87572560211735,5.716843669544483,2.883156330455517,-0.0074307283381669365,0.0074307283381669365,0.19117252324336131,0.19117252324336131,0.09930162579076408,0.3563452770013061,1e-10,0.24983634420501408,0.24983634420501408,5.2900130859981385,5.724274397882649,6.075730141893963,2.4824969459761177,2.8580669844419697,3.259499935088217,6.397054642869064,4.924415635517528,0.8,1.2,0.6666666666666667,1.2,0.8,1.4999999999999998,1.00947408415698,0.6666666666666667,1.4999999999999998,25
gen=39_member=6698_pso,33.52015097310551,5.950298606555352,2.6497013934446474,5.94329759571865,2.6567024042813503,-0.007001010836702015,0.007001010836702903,0.1790471297680165,0.17904712976801637,0.09302407030235929,0.3563452770013061,1e-10,0.23400326930736717,0.23400326930736703,5.54349080599265,5.9331182794291655,6.2793579805699125,2.281548488115079,2.6497013934446474,3.0091799914022155,6.580050184381536,5.199699287000261,0.8,1.2,0.6666666666666667,1.2,0.8,1.4999999999999998,1.00947408415698,0.6666666666666667,1.4999999999999998,25
gen=41_member=6986_pso,35.767651554973604,5.013269614655328,3.586730385344672,5.006883530428844,3.593116469571156,-0.006386084226483568,0.006386084226484012,0.21839546088691145,0.21839546088691147,0.11239077255669774,0.3563452770013061,1e-10,0.2852088585824948,0.2852088585824948,4.523287177375841,5.013269614655327,5.419309371065115,3.131902154317772,3.5867303853446715,4.020468768103536,5.797243125239296,4.119018374720296,0.8,1.2,0.6666666666666667,1.2,0.8,1.4999999999999998,1.00947408415698,0.6666666666666667,1.4999999999999998,25
gen=41_member=6973_pso,35.15947657236159,5.316115040107832,3.283884959892168,5.309500048570476,3.2904999514295232,-0.00661499153735523,0.00661499153735523,0.20858318638806198,0.20858318638806195,0.10759908896270856,0.3563452770013061,1e-10,0.272425304965601,0.2724253049656009,4.84660690803276,5.316115040107832,5.702783874935074,2.8509215801208643,3.283884959892168,3.699309811683212,6.060343689799129,4.457324561105237,0.8,1.2,0.6666666666666667,1.2,0.8,1.4999999999999998,1.00947408415698,0.6666666666666667,1.4999999999999998,25
gen=27_member=4568_pso,32.558684654753776,6.2295768518680905,2.370423148131909,6.222506453848464,2.3774935461515363,-0.007070398019626722,0.0070703980196271665,0.16526714279304516,0.16526714279304516,0.08616877040633611,0.3563452770013061,1e-10,0.21604901334575563,0.21604901334575566,5.8523775578992465,6.2295768518680905,6.531996336434144,2.03225805691817,2.370423148131907,2.70354778453892,6.805967501338377,5.530680626620237,0.8,1.2,0.6666666666666667,1.2,0.8,1.4999999999999998,1.00947408415698,0.6666666666666667,1.4999999999999998,25
gen=37_member=6357_pso,32.62572860768373,6.211297802785942,2.388702197214058,6.204209446368828,2.3957905536311728,-0.007088356417114028,0.007088356417114916,0.16744007777437198,0.16744007777437214,0.08726421709574322,0.3563452770013061,1e-10,0.21887045327175977,0.21887045327175988,5.829363773528254,6.21129780278594,6.517862167010255,2.0459029398370734,2.3732610936264176,2.726042407078116,6.795315538573727,5.504129002029025,0.8,1.2,0.6666666666666667,1.2,0.8,1.4999999999999998,1.00947408415698,0.6666666666666667,1.4999999999999998,25
gen=47_member=8006_pso,36.761407828424296,4.503958191739184,4.096041808260816,4.497536064140865,4.102463935859134,-0.006422127598319172,0.0064221275983182835,0.23064745261716663,0.23064745261716674,0.11853479010774265,0.3563452770013061,1e-10,0.30119309836304625,0.30119309836304625,3.987237966851182,4.503958191739184,4.9334560731343995,3.6148227574378926,4.096041808260815,4.5534339071629075,5.334313585177357,3.5623273668731894,0.8,1.2,0.6666666666666667,1.2,0.8,1.4999999999999998,1.00947408415698,0.6666666666666667,1.4999999999999998,25
gen=41_member=6898_pso,31.489447863162184,6.480664144576812,2.119335855423188,6.473565461810971,2.1264345381890295,-0.007098682765841247,0.007098682765841691,0.15567822390470304,0.15567822390470298,0.08138845333527217,0.3563452770013061,1e-10,0.20357157203148543,0.20357157203148554,6.124073233707366,6.48066414457681,6.764613368432257,1.8019395449799132,2.105009694742527,2.4341039407565535,7.020244215896521,5.817873034355814,0.8,1.2,0.6666666666666667,1.2,0.8,1.4999999999999998,1.00947408415698,0.6666666666666667,1.4999999999999998,25
gen=39_member=6668_pso,33.933030846740984,5.829008768099383,2.7709912319006165,5.82199868700752,2.778001312992479,-0.007010081091863185,0.007010081091862741,0.18476674023206713,0.18476674023206713,0.09588841066196506,0.3563452770013061,1e-10,0.24146945978631376,0.24146945978631376,5.40980495667876,5.829008768099383,6.1690472158081,2.3904875481871617,2.7709912319006142,3.1414780608385793,6.480699905380675,5.055993052612216,0.8,1.2,0.6666666666666667,1.2,0.8,1.4999999999999998,1.00947408415698,0.6666666666666667,1.4999999999999998,25
gen=48_member=8200_pso,34.89080581472363,5.432754119426754,3.1672458805732453,5.425929402373934,3.1740705976260655,-0.006824717052819729,0.006824717052820173,0.20349662691107256,0.20349662691107245,0.10516067198194626,0.3563452770013061,1e-10,0.26579828788586807,0.26579828788586796,4.97370967935536,5.432754119426754,5.8091882237641155,2.7458573602308487,3.167245880573245,3.573333028136982,6.155768102709336,4.591851703648952,0.8,1.2,0.6666666666666667,1.2,0.8,1.4999999999999998,1.00947408415698,0.6666666666666667,1.4999999999999998,25
gen=32_member=5452_pso,34.84753054005696,5.458182447828408,3.141817552171591,5.451185835669661,3.1488141643303384,-0.006996612158746807,0.006996612158747251,0.20151768377749707,0.20151768377749713,0.10425714796812205,0.3563452770013061,1e-10,0.26324154541127714,0.26324154541127714,5.002880458123855,5.438873492207582,5.8304317437062405,2.725148639404976,3.1418175521715908,3.5444739837765877,6.172816360751963,4.623257798267087,0.8,1.2,0.6666666666666667,1.2,0.8,1.4999999999999998,1.00947408415698,0.6666666666666667,1.4999999999999998,25
gen=44_member=7522_pso,33.16311565476033,6.060631752418826,2.539368247581174,6.053597351926686,2.5464026480733133,-0.007034400492139881,0.0070344004921394365,0.17351300332204056,0.17351300332204045,0.09027370190709008,0.3563452770013061,1e-10,0.22680228620373505,0.226802286203735,5.6656806853155235,6.060631752418826,6.378992751837037,2.1832409457782784,2.539368247581174,2.8882872949466227,6.669139447059902,5.330751672559503,0.8,1.2,0.6666666666666667,1.2,0.8,1.4999999999999998,1.00947408415698,0.6666666666666667,1.4999999999999998,25
gen=45_member=7699_pso,25.671464649350018,7.315339904098618,1.2846600959013812,7.3104395488848395,1.28956045111516,-0.004900355213778518,0.00490035521377874,0.11261366561053787,0.11261366561053794,0.05875701041215823,0.3563452770013061,1e-10,0.14730215563697477,0.1473021556369748,7.057895403110973,7.315339904098618,7.521258352276895,1.0544741159094628,1.2846600959013812,1.5117524913587135,7.70636685823605,6.83389727635006,0.8,1.2,0.6666666666666667,1.2,0.8,1.4999999999999998,1.00947408415698,0.6666666666666667,1.4999999999999998,25
gen=38_member=6478_pso,35.27857906393331,5.246238298125714,3.3537617018742854,5.239703866632916,3.360296133367084,-0.006534431492798198,0.0065344314927986424,0.2112466991832334,0.2112466991832333,0.10889056533801587,0.3563452770013061,1e-10,0.27589771400604357,0.2758977140060435,4.771183216139348,5.246238298125713,5.638202483387529,2.9147920156608307,3.353761701874285,3.774142804867895,6.0014824242443705,4.378047978826848,0.8,1.2,0.6666666666666667,1.2,0.8,1.4999999999999998,1.00947408415698,0.6666666666666667,1.4999999999999998,25
gen=48_member=8105_pso,36.55273076856624,4.609801879421751,3.9901981205782486,4.603437242670608,3.996562757329392,-0.00636463675114296,0.006364636751143404,0.22808695320268818,0.22808695320268826,0.11722579497691554,0.3563452770013061,1e-10,0.2978584535490699,0.2978584535490699,4.098807932231266,4.60980187942175,5.034532962270876,3.514308868767787,3.9901981205782477,4.442547745559553,5.431315775664941,3.678551290932467,0.8,1.2,0.6666666666666667,1.2,0.8,1.4999999999999998,1.00947408415698,0.6666666666666667,1.4999999999999998,25
gen=47_member=7995_pso,36.49744644974915,4.624893517251559,3.975106482748441,4.618748701248801,3.981251298751199,-0.006144816002757736,0.00614481600275818,0.23031826191272303,0.23031826191272303,0.11823153895774073,0.3563452770013061,1e-10,0.30076412661663987,0.30076412661663976,4.109662156904431,4.6029116210956795,5.0544645671695,3.493701469426437,3.97510648274844,4.431230676164388,5.45708139385437,3.687143355477102,0.8,1.2,0.6666666666666667,1.2,0.8,1.4999999999999998,1.00947408415698,0.6666666666666667,1.4999999999999998,25
gen=38_member=6507_pso,36.243072285057984,4.773142943501968,3.826857056498032,4.766731140626135,3.8332688593738653,-0.006411802875833317,0.006411802875833317,0.22306590220453032,0.22306590220453046,0.11473885254018189,0.3563452770013061,1e-10,0.29131722418434797,0.291317224184348,4.272874481565081,4.773142943501968,5.1881138707044725,3.361942544006428,3.8268570564980315,4.269695342597816,5.574988446362841,3.860595669643547,0.8,1.2,0.6666666666666667,1.2,0.8,1.4999999999999998,1.00947408415698,0.6666666666666667,1.4999999999999998,25
gen=47_member=8017_pso,26.33332130996634,7.28888737779146,1.3111126222085394,7.284010295271149,1.3159897047288505,-0.004877082520311049,0.004877082520311049,0.11623812954216227,0.11623812954216226,0.06055760603123656,0.3563452770013061,1e-10,0.15191464572244365,0.1519146457224437,7.024135667296541,7.28888737779146,7.50177884013833,1.0731402211692662,1.3003803164727572,1.5449302506913096,7.693002234265742,6.795959417340028,0.8,1.2,0.6666666666666667,1.2,0.8,1.4999999999999998,1.00947408415698,0.6666666666666667,1.4999999999999998,25
gen=28_member=4806_pso,36.335363024535646,4.7242640815916594,3.87573591840834,4.717873404942372,3.8821265950576276,-0.006390676649287386,0.006390676649287386,0.22418066290026675,0.22418066290026667,0.1152856697747768,0.3563452770013061,1e-10,0.29276781934526414,0.29276781934526414,4.221617095883948,4.7242640815916594,5.141406419856365,3.408395999857883,3.8757359184083393,4.3206685834272935,5.53044652002214,3.80756717600056,0.8,1.2,0.6666666666666667,1.2,0.8,1.4999999999999998,1.00947408415698,0.6666666666666667,1.4999999999999998,25
gen=33_member=5559_pso,32.1440689013816,6.322293838709859,2.27770616129014,6.315311099683141,2.284688900316859,-0.006982739026717866,0.006982739026718754,0.16314947069325525,0.16314947069325514,0.08506610485998672,0.3563452770013061,1e-10,0.21332193816407158,0.21332193816407155,5.949826096511083,6.306622489792476,6.620863941771104,1.9438162316366783,2.2777061612901384,2.60658114824635,6.891615349488664,5.6311571914769205,0.8,1.2,0.6666666666666667,1.2,0.8,1.4999999999999998,1.00947408415698,0.6666666666666667,1.4999999999999998,25
gen=28_member=4728_pso,25.063855919912235,7.3840688165316175,1.215931183468382,7.379159219685024,1.2208407803149752,-0.0049095968465930895,0.0049095968465933115,0.11146779261319067,0.11146779261319047,0.05818869472989195,0.3563452770013061,1e-10,0.14564175888724737,0.14564175888724726,7.12949581035893,7.384068816531617,7.587706672006277,0.9883856121481576,1.2056487023970348,1.4408552214375787,7.769545214823172,6.912088366192768,0.8,1.2,0.6666666666666667,1.2,0.8,1.4999999999999998,1.00947408415698,0.6666666666666667,1.4999999999999998,25
gen=30_member=4999_pso,33.98794532305361,5.810575510010488,2.7894244899895115,5.803209398786275,2.796790601213725,-0.0073661112242131566,0.007366111224213601,0.18776524752992244,0.1877652475299224,0.09756567937706795,0.3563452770013061,1e-10,0.24540367683037378,0.24540367683037376,5.383848892481525,5.792559424590816,6.155623019642086,2.4033910481915077,2.7894244899895115,3.166479168082167,6.470730230177506,5.023439645725654,0.8,1.2,0.6666666666666667,1.2,0.8,1.4999999999999998,1.00947408415698,0.6666666666666667,1.4999999999999998,25
gen=47_member=7949_pso,31.06896850977157,6.606224711421528,1.9937752885784716,6.599552479493356,2.000447520506644,-0.00667223192817179,0.006672231928172234,0.14979011622135802,0.14979011622135807,0.07823117407476521,0.3563452770013061,1e-10,0.19585925665812484,0.19585925665812481,6.263576198449508,6.591822359320877,6.879776506058397,1.6879671402502578,1.9937752885784716,2.296264842988904,7.126371803231956,5.969440900040124,0.8,1.2,0.6666666666666667,1.2,0.8,1.4999999999999998,1.00947408415698,0.6666666666666667,1.4999999999999998,25
gen=37_member=6216_pso,34.76111558406628,5.496000163176588,3.1039998368234114,5.48888889664746,3.111111103352541,-0.007111266529128635,0.007111266529129523,0.19893000094262253,0.1989300009426226,0.10302063373587607,0.3563452770013061,1e-10,0.25990751131449613,0.25990751131449613,5.045916841406112,5.496000163176587,5.863043762577085,2.6931772799277094,3.085589991047537,3.501956721939506,6.200594157937356,4.6694046168730505,0.8,1.2,0.6666666666666667,1.2,0.8,1.4999999999999998,1.00947408415698,0.6666666666666667,1.4999999999999998,25
gen=35_member=5892_pso,33.6250096550061,5.930698715999201,2.669301284000799,5.923719715223993,2.6762802847760065,-0.006979000775207744,0.006979000775207744,0.18006071183905392,0.18006071183905395,0.09351985630713067,0.3563452770013061,1e-10,0.23532797460952462,0.23532797460952468,5.521757487034232,5.913424456254463,6.261762400781368,2.2988757659836545,2.6693012840007984,3.030675133394723,6.564665869304799,5.176371194271793,0.8,1.2,0.6666666666666667,1.2,0.8,1.4999999999999998,1.00947408415698,0.6666666666666667,1.4999999999999998,25
gen=47_member=7933_pso,26.49956968298791,7.263301788144414,1.336698211855586,7.258450836738609,1.341549163261392,-0.0048509514058050485,0.004850951405806159,0.11737216093924362,0.11737216093924369,0.06111155617252486,0.3563452770013061,1e-10,0.15345415683582328,0.15345415683582336,6.995937971114982,7.263301788144413,7.47845359642768,1.0961508017921475,1.3258617107735924,1.5726729823084373,7.672323049139092,6.764473783286835,0.8,1.2,0.6666666666666667,1.2,0.8,1.4999999999999998,1.00947408415698,0.6666666666666667,1.4999999999999998,25
gen=42_member=7127_pso,33.183068642146345,6.039056179861639,2.5609438201383607,6.032367639423492,2.567632360576508,-0.00668854043814715,0.00668854043814715,0.17501138120693005,0.1750113812069299,0.0908499608225385,0.3563452770013061,1e-10,0.22875560916919468,0.22875560916919457,5.641770089420963,6.039056179861639,6.361075706134135,2.2005796041286416,2.5609438201383607,2.9120072199358846,6.65634586060412,5.305872128130707,0.8,1.2,0.6666666666666667,1.2,0.8,1.4999999999999998,1.00947408415698,0.6666666666666667,1.4999999999999998,25
gen=46_member=7815_pso,30.209600453547942,6.779068312966639,1.8209316870333607,6.77284977895639,1.8271502210436108,-0.006218534010248966,0.006218534010250076,0.14070694132120015,0.14070694132120024,0.07346273766572513,0.3563452770013061,1e-10,0.18395196385268486,0.18395196385268497,6.457369660186129,6.779068312966638,7.036126655718406,1.5335684792566568,1.8209316870333607,2.104982540067542,7.267695976248556,6.182282505927629,0.8,1.2,0.6666666666666667,1.2,0.8,1.4999999999999998,1.00947408415698,0.6666666666666667,1.4999999999999998,25
gen=41_member=6988_pso,27.935094147883344,7.115219343038519,1.4847806569614803,7.1087958175482875,1.4912041824517124,-0.0064235254902316186,0.006423525490232063,0.1247861406261557,0.12478614062615559,0.06560483305819373,0.3563452770013061,1e-10,0.163217637867874,0.1632176378678739,6.82743115505269,7.115219343038519,7.3414897177250875,1.231935092602536,1.4847806569614803,1.7387754535542108,7.542037601578926,6.580715161473609,0.8,1.2,0.6666666666666667,1.2,0.8,1.4999999999999998,1.00947408415698,0.6666666666666667,1.4999999999999998,25
gen=39_member=6630_pso,32.28667995166453,6.319768506434497,2.280231493565503,6.312603493422705,2.2873965065772954,-0.007165013011792176,0.00716501301179262,0.16096068797752627,0.16096068797752627,0.08406285049465936,0.3563452770013061,1e-10,0.21050608125021097,0.21050608125021106,5.9515375079201975,6.319768506434497,6.613726039339825,1.951540018013952,2.2802314935655006,2.6052705550357573,6.879998272457702,5.634646894356614,0.8,1.2,0.6666666666666667,1.2,0.8,1.4999999999999998,1.00947408415698,0.6666666666666667,1.4999999999999998,25
gen=46_member=7750_pso,33.35737322320111,5.985186632560167,2.6148133674398326,5.977895785833315,2.622104214166685,-0.007290846726851541,0.007290846726852429,0.17965672842798208,0.17965672842798225,0.09347378757741714,0.3563452770013061,1e-10,0.23475608329147557,0.23475608329147563,5.576368932949242,5.985186632560166,6.314752452384952,2.2462263087993564,2.598225295891937,2.9760933978522512,6.614403487606085,5.231854447950851,0.8,1.2,0.6666666666666667,1.2,0.8,1.4999999999999998,1.00947408415698,0.6666666666666667,1.4999999999999998,25
gen=47_member=8066_pso,36.14526258672567,4.831887372960975,3.7681126270390246,4.825547303702364,3.774452696297637,-0.006340069258611081,0.006340069258612413,0.2216906465573303,0.22169064655733045,0.11401535790797124,0.3563452770013061,1e-10,0.289525745345649,0.2895257453456492,4.334800191876086,4.831887372960973,5.2443320853831334,3.306017452628783,3.7475152809014216,4.2081473216162655,5.629027372028705,3.924843455937435,0.8,1.2,0.6666666666666667,1.2,0.8,1.4999999999999998,1.00947408415698,0.6666666666666667,1.4999999999999998,25
gen=49_member=8375_pso,33.01442462041577,6.114650844592058,2.4853491554079423,6.107592093204078,2.492407906795923,-0.007058751387980067,0.007058751387980511,0.17091951199266026,0.17091951199266034,0.0889891316903206,0.3563452770013061,1e-10,0.22341326005240977,0.22341326005240986,5.725259212736923,6.114650844592056,6.427961162435445,2.134928717604074,2.469581105361057,2.829323894143852,6.71279791905693,5.394515638841604,0.8,1.2,0.6666666666666667,1.2,0.8,1.4999999999999998,1.00947408415698,0.6666666666666667,1.4999999999999998,25
gen=48_member=8129_pso,36.63353389800296,4.53729638454503,4.06270361545497,4.530919556684514,4.069080443315485,-0.0063768278605156326,0.0063768278605156326,0.2296255680958214,0.22962556809582146,0.11800119797816869,0.3563452770013061,1e-10,0.299863337890293,0.2998633378902931,4.022932274030753,4.53729638454503,4.964939684484383,3.583562464052803,4.062703615454969,4.518078135956816,5.364264992773222,3.60000790320942,0.8,1.2,0.6666666666666667,1.2,0.8,1.4999999999999998,1.00947408415698,0.6666666666666667,1.4999999999999998,25
gen=39_member=6585_pso,34.78292178056862,5.490999340351926,3.109000659648074,5.483893831694649,3.1161061683053513,-0.007105508657276438,0.007105508657277326,0.19874976962639818,0.19874976962639826,0.1029276391418377,0.3563452770013061,1e-10,0.2596799694291307,0.25967996942913085,5.041314060520557,5.490999340351925,5.857713634283797,2.6985416513189597,3.0906085727277723,3.506603131063435,6.195068021278374,4.664917771126216,0.8,1.2,0.6666666666666667,1.2,0.8,1.4999999999999998,1.00947408415698,0.6666666666666667,1.4999999999999998,25
gen=47_member=8011_pso,35.12122980345115,5.335967344979789,3.2640326550202103,5.329297555397672,3.2707024446023283,-0.006669789582116614,0.0066697895821179465,0.20724212570215284,0.20724212570215272,0.10695595764213513,0.3563452770013061,1e-10,0.27068250995139675,0.27068250995139653,4.869157376718691,5.335967344979787,5.7199454480016065,2.83411047569379,3.244807983019263,3.6769683309933523,6.074648361541682,4.481844258554656,0.8,1.2,0.6666666666666667,1.2,0.8,1.4999999999999998,1.00947408415698,0.6666666666666667,1.4999999999999998,25
gen=40_member=6726_pso,31.242517549639818,6.562932702252165,2.037067297747835,6.556170018757394,2.043829981242606,-0.00676268349477116,0.00676268349477116,0.1519648522851919,0.15196485228519202,0.07936376788998126,0.3563452770013061,1e-10,0.19869924780887663,0.19869924780887674,6.2153295918164435,6.562932702252165,6.840464563901748,1.7268091489436486,2.037067297747835,2.343938077414557,7.0906731972299575,5.917065698546927,0.8,1.2,0.6666666666666667,1.2,0.8,1.4999999999999998,1.00947408415698,0.6666666666666667,1.4999999999999998,25
gen=44_member=7543_pso,35.18705597340057,5.301665638531258,3.298334361468742,5.295068788066854,3.304931211933146,-0.006596850464403836,0.006596850464403836,0.2090276781879653,0.20902767818796522,0.10781226432618479,0.3563452770013061,1e-10,0.27300390992441687,0.2730039099244169,4.831240335012309,5.301665638531257,5.689217494620592,2.8643502350239527,3.2789391628077276,3.7145688514138935,6.047782378544846,4.441325868577824,0.8,1.2,0.6666666666666667,1.2,0.8,1.4999999999999998,1.00947408415698,0.6666666666666667,1.4999999999999998,25
gen=43_member=7287_pso,33.64656535247972,5.918761010244685,2.6812389897553146,5.911776386988299,2.6882236130117003,-0.006984623256386158,0.006984623256385714,0.18041637906536784,0.18041637906536778,0.09370050116087658,0.3563452770013061,1e-10,0.235789311946228,0.23578931194622788,5.509037192979429,5.918761010244685,6.250491577729408,2.3100711940625067,2.6812389897553146,3.043307948531734,6.553965839163862,5.163032587801213,0.8,1.2,0.6666666666666667,1.2,0.8,1.4999999999999998,1.00947408415698,0.6666666666666667,1.4999999999999998,25
gen=41_member=6982_pso,36.278668778733376,4.759717945031253,3.840282054968746,4.7534606526986805,3.8465393473013196,-0.006257292332572106,0.006257292332573439,0.22449497587291822,0.22449497587291822,0.11537613410274546,0.3563452770013061,1e-10,0.2931770133200738,0.2931770133200737,4.256790799765147,4.759717945031253,5.177736606956664,3.3718776041226413,3.840282054968746,4.285539262163075,5.56826866655352,3.842702753838336,0.8,1.2,0.6666666666666667,1.2,0.8,1.4999999999999998,1.00947408415698,0.6666666666666667,1.4999999999999998,25
gen=33_member=5577_pso,34.00137781832889,5.797190683947761,2.802809316052238,5.789605711495058,2.8103942885049413,-0.007584972452702843,0.007584972452703287,0.1897065132235912,0.18970651322359133,0.09864574283814703,0.3563452770013061,1e-10,0.24789374918528517,0.24789374918528512,5.365775133191247,5.797190683947761,6.145460887693927,2.4132403610314745,2.785291709313912,3.1840890022309387,6.462638396994185,5.002784097553596,0.8,1.2,0.6666666666666667,1.2,0.8,1.4999999999999998,1.00947408415698,0.6666666666666667,1.4999999999999998,25
gen=48_member=8183_pso,34.70587203703935,5.5227024109055005,3.077297589094499,5.5156296992530045,3.0843703007469947,-0.007072711652496011,0.007072711652495567,0.19698682965998202,0.19698682965998188,0.10202977065623883,0.3563452770013061,1e-10,0.2573972794328577,0.2573972794328576,5.076876765845412,5.522702410905499,5.886103984595113,2.670539207475059,3.0590720327602976,3.4714425752226075,6.220513851670758,4.703058622831184,0.8,1.2,0.6666666666666667,1.2,0.8,1.4999999999999998,1.00947408415698,0.6666666666666667,1.4999999999999998,25
gen=48_member=8234_pso,23.781937390842728,7.473200432076856,1.1267995679231435,7.468390613374344,1.131609386625656,-0.004809818702512736,0.004809818702512514,0.10444192691802767,0.10444192691802764,0.054625872810270294,0.3563452770013061,1e-10,0.13650268494591783,0.13650268494591794,7.234115077630888,7.473200432076855,7.66355553371156,0.9141479895363321,1.1171771594388262,1.3379544809961306,7.83287355099394,7.027987255535235,0.8,1.2,0.6666666666666667,1.2,0.8,1.4999999999999998,1.00947408415698,0.6666666666666667,1.4999999999999998,25
gen=42_member=7080_pso,35.21819334968434,5.287002650424236,3.312997349575764,5.280419618436976,3.3195803815630245,-0.006583031987259957,0.0065830319872604015,0.2096148169036553,0.2096148169036552,0.10809892444545777,0.3563452770013061,1e-10,0.2737742140509474,0.2737742140509473,4.8153848812949285,5.287002650424235,5.675732625927273,2.877680323886904,3.29354732126824,3.730344162788306,6.035604434073457,4.42456185083025,0.8,1.2,0.6666666666666667,1.2,0.8,1.4999999999999998,1.00947408415698,0.6666666666666667,1.4999999999999998,25
gen=47_member=8007_pso,34.13470291303967,5.7478807047383285,2.8521192952616707,5.740588123598364,2.8594118764016367,-0.007292581139964227,0.0072925811399660034,0.19215537641401537,0.19215537641401537,0.09972397877699032,0.3563452770013061,1e-10,0.2510415261393054,0.25104152613930547,5.312027814726217,5.7294410067760655,6.1014854892641965,2.45652106999262,2.8521192952616703,3.2374252738242717,6.4240638715520255,4.946563365837834,0.8,1.2,0.6666666666666667,1.2,0.8,1.4999999999999998,1.00947408415698,0.6666666666666667,1.4999999999999998,25
gen=35_member=5961_pso,36.87726444522587,4.436025662971654,4.163974337028345,4.429711548986359,4.170288451013643,-0.0063141139852955774,0.006314113985297354,0.2335050407542177,0.2335050407542177,0.11990957736975695,0.3563452770013061,1e-10,0.3049197361499002,0.30491973614990026,3.913440562712773,4.436025662971652,4.871294913805739,3.6762565748896128,4.142254760807798,4.626584746645143,5.278493290586364,3.484357801642431,0.8,1.2,0.6666666666666667,1.2,0.8,1.4999999999999998,1.00947408415698,0.6666666666666667,1.4999999999999998,25
gen=31_member=5281_pso,33.11569694121411,6.072344449464824,2.527655550535176,6.065237234358593,2.5347627656414065,-0.007107215106231024,0.00710721510623058,0.1730798263471138,0.17307982634711383,0.0900935207266724,0.3563452770013061,1e-10,0.22622612337941447,0.22622612337941445,5.678158170635486,6.072344449464824,6.389699972397363,2.1727083295647796,2.5276555505351737,2.8758884066096475,6.678214651270914,5.3437055427066085,0.8,1.2,0.6666666666666667,1.2,0.8,1.4999999999999998,1.00947408415698,0.6666666666666667,1.4999999999999998,25
gen=44_member=7417_pso,28.04007293817745,7.097665897164395,1.5023341028356043,7.091135541704043,1.5088644582959563,-0.0065303554603524105,0.0065303554603519665,0.1243955844860043,0.12439558448600449,0.0654629699731781,0.3563452770013061,1e-10,0.16268203875967585,0.16268203875967607,6.8106412706063315,7.0976658971643936,7.322727842303095,1.2509514406149838,1.4909420369633242,1.7556516297939564,7.52402340138357,6.563902868023254,0.8,1.2,0.6666666666666667,1.2,0.8,1.4999999999999998,1.00947408415698,0.6666666666666667,1.4999999999999998,25
gen=32_member=5429_pso,36.21459753522952,4.792202859610511,3.807797140389488,4.785888869617103,3.814111130382897,-0.0063139899934085975,0.0063139899934090415,0.22331825162693134,0.2233182516269313,0.11481612081016991,0.3563452770013061,1e-10,0.2916471450445926,0.2916471450445926,4.291602470742329,4.79220285961051,5.207863208821555,3.342096671760266,3.807797140389488,4.250898703644911,5.595899028771468,3.8792715261327775,0.8,1.2,0.6666666666666667,1.2,0.8,1.4999999999999998,1.00947408415698,0.6666666666666667,1.4999999999999998,25
gen=37_member=6347_pso,35.66303769617801,5.070794822614138,3.5292051773858613,5.0643535894259415,3.5356464105740586,-0.006441233188196449,0.006441233188197337,0.21621843237987143,0.21621843237987134,0.11132983278403397,0.3563452770013061,1e-10,0.28238021465257623,0.28238021465257607,4.585248725731303,5.070794822614137,5.472524600474312,3.0792343304689203,3.509125079591092,3.9588830158018458,5.845846133770024,4.184067790251732,0.8,1.2,0.6666666666666667,1.2,0.8,1.4999999999999998,1.00947408415698,0.6666666666666667,1.4999999999999998,25
gen=42_member=7094_pso,32.72396444274264,6.195375918492072,2.404624081507928,6.188277172046413,2.411722827953587,-0.00709874644565911,0.00709874644565911,0.16685546660538284,0.16685546660538275,0.08697710652552125,0.3563452770013061,1e-10,0.21811736165823506,0.21811736165823495,5.814665459271583,6.179341648196786,6.50078881500207,2.0630974910609554,2.404624081507928,2.7408685312272922,6.777622016253382,5.490512555459819,0.8,1.2,0.6666666666666667,1.2,0.8,1.4999999999999998,1.00947408415698,0.6666666666666667,1.4999999999999998,25
gen=45_member=7577_pso,33.348578128286576,6.006567769780321,2.593432230219679,5.999676058106195,2.6003239418938047,-0.006891711674125389,0.006891711674125833,0.17631923932666826,0.17631923932666826,0.0916054755003971,0.3563452770013061,1e-10,0.2304873539957704,0.23048735399577033,5.605919670606711,5.9896560377333845,6.330647213274416,2.230784440186231,2.5934322302196784,2.9474156135084697,6.627722108155321,5.2657900502987065,0.8,1.2,0.6666666666666667,1.2,0.8,1.4999999999999998,1.00947408415698,0.6666666666666667,1.4999999999999998,25
gen=38_member=6402_pso,30.51186014513365,6.707297073498245,1.8927029265017543,6.700836453841111,1.899163546158889,-0.006460619657134181,0.006460619657134625,0.14470419595336598,0.14470419595336603,0.07558240780525041,0.3563452770013061,1e-10,0.18918600851886125,0.18918600851886125,6.376274035860653,6.693379534316612,6.971516278874097,1.5973501007291093,1.8927029265017536,2.1849664302485206,7.209372221766494,6.092902112182644,0.8,1.2,0.6666666666666667,1.2,0.8,1.4999999999999998,1.00947408415698,0.6666666666666667,1.4999999999999998,25
gen=31_member=5196_pso,37.154036317385696,4.220990016000799,4.3790099839992,4.215118955806486,4.384881044193515,-0.005871060194313493,0.005871060194314381,0.24098354472987144,0.2409835447298714,0.12342730246209291,0.3563452770013061,1e-10,0.3146497834460734,0.31464978344607336,3.6835893292330772,4.19800883463577,4.671509973702113,3.8739950712639173,4.3790099839992,4.855090196587984,5.095393672028711,3.244122230976121,0.8,1.2,0.6666666666666667,1.2,0.8,1.4999999999999998,1.00947408415698,0.6666666666666667,1.4999999999999998,25
gen=41_member=6995_pso,33.05810757863159,6.091770931165506,2.5082290688344937,6.084702868876838,2.515297131123162,-0.0070680622886678535,0.0070680622886682976,0.1719564067539477,0.17195640675394772,0.08951223452130774,0.3563452770013061,1e-10,0.22476435490635782,0.22476435490635788,5.70010920401703,6.091770931165506,6.407053261346873,2.1555924582245,2.5082290688344937,2.8542190985088305,6.693809436128404,5.367695953463978,0.8,1.2,0.6666666666666667,1.2,0.8,1.4999999999999998,1.00947408415698,0.6666666666666667,1.4999999999999998,25
gen=39_member=6611_pso,35.89623286365389,4.936881730185421,3.663118269814579,4.930511389607306,3.6694886103926936,-0.006370340578115474,0.006370340578114586,0.2185691782715277,0.21856917827152747,0.11246975942482146,0.3563452770013061,1e-10,0.28545086359346855,0.2854508635934684,4.446455399256051,4.936881730185419,5.34326157954478,3.2078720344775027,3.6428159427111098,4.097204934744896,5.721724042589495,4.041620066020233,0.8,1.2,0.6666666666666667,1.2,0.8,1.4999999999999998,1.00947408415698,0.6666666666666667,1.4999999999999998,25
gen=49_member=8310_pso,30.43676948862573,6.718577599868747,1.8814224001312525,6.71205974179112,1.8879402582088798,-0.006517858077627281,0.006517858077627281,0.14473866191684776,0.1447386619168477,0.07562825999723757,0.3563452770013061,1e-10,0.18923737196448742,0.18923737196448742,6.387314876610633,6.718577599868747,6.982740364793881,1.5861487870805182,1.881422400131252,2.173876002816248,7.220358066425171,6.103510132741874,0.8,1.2,0.6666666666666667,1.2,0.8,1.4999999999999998,1.00947408415698,0.6666666666666667,1.4999999999999998,25
gen=41_member=6917_pso,30.7026693264571,6.665519702936601,1.9344802970633983,6.659029586989267,1.9409704130107328,-0.006490115947333841,0.006490115947334507,0.14646787739957184,0.1464678773995718,0.076478996673453,0.3563452770013061,1e-10,0.19148716603244784,0.19148716603244778,6.330595797713203,6.665519702936601,6.933065257929675,1.6353934171375724,1.9344802970633974,2.23020008881941,7.174133400998272,6.0441571330958,0.8,1.2,0.6666666666666667,1.2,0.8,1.4999999999999998,1.00947408415698,0.6666666666666667,1.4999999999999998,25
gen=42_member=7156_pso,30.610510708305725,6.681773255026086,1.9182267449739132,6.675161042990823,1.9248389570091777,-0.0066122120352636315,0.00661221203526452,0.14596173346993901,0.14596173346993907,0.07628697275260149,0.3563452770013061,1e-10,0.19084800650825928,0.19084800650825928,6.347595774796571,6.681773255026084,6.948076448322817,1.6205556630227675,1.9047904879954893,2.213236286247086,7.18782777146488,6.060974496240435,0.8,1.2,0.6666666666666667,1.2,0.8,1.4999999999999998,1.00947408415698,0.6666666666666667,1.4999999999999998,25
gen=29_member=4898_pso,35.92717187396659,4.919625997874902,3.680374002125098,4.913449875679907,3.686550124320093,-0.006176122194994527,0.006176122194994971,0.22306073463930115,0.2230607346393012,0.11461842841714807,0.3563452770013061,1e-10,0.2912958259887165,0.2912958259887165,4.419900749185334,4.898319720383821,5.335069312908726,3.2149050503508265,3.680374002125098,4.122653888854191,5.722786918557927,4.008758100248489,0.8,1.2,0.6666666666666667,1.2,0.8,1.4999999999999998,1.00947408415698,0.6666666666666667,1.4999999999999998,25
gen=47_member=7961_pso,32.81846706326812,6.173729043911783,2.4262709560882163,6.166621515281392,2.433378484718609,-0.007107528630391435,0.007107528630392768,0.16824588605636961,0.16824588605636953,0.087676707343381,0.3563452770013061,1e-10,0.21992113089894233,0.2199211308989423,5.789994632559442,6.17372904391178,6.481795258753983,2.081784032013585,2.4107551282995434,2.7652078456709943,6.760895900709255,5.463596471941261,0.8,1.2,0.6666666666666667,1.2,0.8,1.4999999999999998,1.00947408415698,0.6666666666666667,1.4999999999999998,25
gen=31_member=5213_pso,34.37459988167344,5.653023341816385,2.9469766581836145,5.646082492558921,2.95391750744108,-0.006940849257464521,0.006940849257465409,0.19074444349675262,0.19074444349675268,0.09884264637710871,0.3563452770013061,1e-10,0.24925893517790387,0.249258935177904,5.221076700455852,5.634744022869988,6.0047056582710985,2.5533553522474817,2.9469766581836114,3.328809759858326,6.3282106058306375,4.857843796371865,0.8,1.2,0.6666666666666667,1.2,0.8,1.4999999999999998,1.00947408415698,0.6666666666666667,1.4999999999999998,25
gen=33_member=5529_pso,18.32982475749499,7.697706206181449,0.9022937938185508,7.693405220762999,0.906594779237001,-0.004300985418449699,0.004300985418450254,0.08551261244097949,0.0855126124409796,0.044906798929714914,0.3563452770013061,1e-10,0.11180181416868239,0.11180181416868253,7.5008231396200244,7.697706206181448,7.852777306682126,0.7291364986706239,0.8944368709814935,1.0760502153815996,7.989905555160694,7.33081173510887,0.8,1.2,0.6666666666666667,1.2,0.8,1.4999999999999998,1.00947408415698,0.6666666666666667,1.4999999999999998,25
gen=41_member=6902_pso,29.628353465378915,6.870249411680776,1.7297505883192237,6.863881050578511,1.7361189494214888,-0.006368361102264686,0.00636836110226513,0.13635164185984894,0.13635164185984888,0.07136000148105692,0.3563452770013061,1e-10,0.17830242248485376,0.17830242248485373,6.557528399968556,6.857125105871553,7.11861574072283,1.452192790951802,1.729750588319223,2.0057553067902334,7.341244175512965,6.288353976840716,0.8,1.2,0.6666666666666667,1.2,0.8,1.4999999999999998,1.00947408415698,0.6666666666666667,1.4999999999999998,25
gen=43_member=7373_pso,30.566917442941545,6.691593787689148,1.908406212310852,6.6850936221693535,1.9149063778306463,-0.006500165519794265,0.006500165519794265,0.14560903030726682,0.14560903030726677,0.07605459791353052,0.3563452770013061,1e-10,0.19037163029445395,0.1903716302944539,6.35850031297403,6.691593787689147,6.957467955349198,1.6112000400104556,1.8949963689596838,2.2024958837032567,7.1968672216041725,6.073288731807192,0.8,1.2,0.6666666666666667,1.2,0.8,1.4999999999999998,1.00947408415698,0.6666666666666667,1.4999999999999998,25
gen=43_member=7354_pso,36.365559376347385,4.68795491615867,3.912045083841329,4.681619584851632,3.918380415148368,-0.006335331307037784,0.006335331307039116,0.22613537806819117,0.2261353780681911,0.11623535468761492,0.3563452770013061,1e-10,0.2953105391498201,0.29531053914982,4.181265832546257,4.687954916158668,5.108952354800081,3.4403536338360654,3.89102644217893,4.360586544352115,5.501867601262526,3.764114488310086,0.8,1.2,0.6666666666666667,1.2,0.8,1.4999999999999998,1.00947408415698,0.6666666666666667,1.4999999999999998,25
gen=48_member=8255_pso,18.692080334260165,7.692793607070044,0.9072063929299552,7.688111828943205,0.911888171056795,-0.00468177812683912,0.004681778126839786,0.08597729582606817,0.0859772958260682,0.04532953697645377,0.3563452770013061,1e-10,0.11245269753944188,0.1124526975394419,7.493903247086352,7.692793607070044,7.847934535661378,0.7340873263461921,0.8993237687419623,1.0826292531201476,7.983549733556488,7.319696338615961,0.8,1.2,0.6666666666666667,1.2,0.8,1.4999999999999998,1.00947408415698,0.6666666666666667,1.4999999999999998,25
gen=38_member=6443_pso,31.67115470758055,6.452536342374366,2.1474636576256336,6.445460494465209,2.1545395055347907,-0.007075847909156607,0.007075847909157051,0.15596958778795297,0.15596958778795308,0.08152271784855478,0.3563452770013061,1e-10,0.20396123633124058,0.20396123633124066,6.095369156598165,6.452536342374364,6.737079134161249,1.829384185668851,2.13310958129912,2.462730151357754,6.993767851301508,5.788377940440717,0.8,1.2,0.6666666666666667,1.2,0.8,1.4999999999999998,1.00947408415698,0.6666666666666667,1.4999999999999998,25
gen=47_member=7988_pso,30.769795007202468,6.655377554420699,1.9446224455793009,6.64883822639713,1.9511617736028706,-0.006539328023569269,0.006539328023569713,0.14729688193853582,0.14729688193853574,0.07691810498105298,0.3563452770013061,1e-10,0.192575623909194,0.19257562390919394,6.3185206352985634,6.655377554420698,6.9244102754707155,1.643874458565949,1.9446224455793004,2.242040512106495,7.166790743256004,6.030175583228027,0.8,1.2,0.6666666666666667,1.2,0.8,1.4999999999999998,1.00947408415698,0.6666666666666667,1.4999999999999998,25
gen=37_member=6360_pso,28.056013799679008,7.088069246900554,1.5119307530994452,7.082333801698376,1.517666198301624,-0.005735445202177836,0.005735445202178724,0.1268694469241206,0.1268694469241205,0.06630244606314957,0.3563452770013061,1e-10,0.16583268320065714,0.1658326832006571,6.797712134725827,7.0758573986935245,7.31955868666714,1.2532407721822798,1.5119307530994441,1.7683162070209708,7.5266454948179105,6.549751319519303,0.8,1.2,0.6666666666666667,1.2,0.8,1.4999999999999998,1.00947408415698,0.6666666666666667,1.4999999999999998,25
gen=48_member=8171_pso,34.99403631605541,5.390216786591238,3.2097832134087616,5.383454644362042,3.2165453556379586,-0.006762142229195689,0.006762142229197021,0.2052440154049655,0.20524401540496545,0.10600307881708118,0.3563452770013061,1e-10,0.2680764551847049,0.2680764551847049,4.92756871848721,5.390216786591238,5.770157098554948,2.784413663415137,3.209783213408761,3.61907371543618,6.120639436610827,4.543204340198608,0.8,1.2,0.6666666666666667,1.2,0.8,1.4999999999999998,1.00947408415698,0.6666666666666667,1.4999999999999998,25
gen=45_member=7732_pso,28.232171596528566,7.072956965638179,1.5270430343618209,7.067050608128347,1.5329493918716528,-0.005906357509831928,0.005906357509831928,0.1260733366494654,0.12607333664946535,0.06598984707964857,0.3563452770013061,1e-10,0.1650547189159076,0.16505471891590753,6.7835108585977135,7.072956965638179,7.302818672584075,1.269794858271334,1.5270430343618202,1.7823846283838067,7.5135945173142495,6.532767503607838,0.8,1.2,0.6666666666666667,1.2,0.8,1.4999999999999998,1.00947408415698,0.6666666666666667,1.4999999999999998,25
gen=35_member=5956_pso,34.07740547464268,5.77015754947076,2.8298424505292394,5.762655490660226,2.837344509339774,-0.007502058810533896,0.00750205881053434,0.1918235668874575,0.19182356688745753,0.0996628128489957,0.3563452770013061,1e-10,0.2505945591851968,0.25059455918519685,5.334489550242621,5.751732576189388,6.122635063070133,2.435592188565692,2.829842450529239,3.214952087066997,6.443258196767197,4.969236805973914,0.8,1.2,0.6666666666666667,1.2,0.8,1.4999999999999998,1.00947408415698,0.6666666666666667,1.4999999999999998,25
gen=45_member=7623_pso,26.86788661943628,7.241254527133208,1.3587454728667916,7.2365026258279075,1.3634973741720922,-0.004751901305300343,0.004751901305300565,0.11977486561140879,0.11977486561140907,0.06226338345835454,0.3563452770013061,1e-10,0.15651381971831724,0.1565138197183175,6.969237751300783,7.241254527133208,7.4612165134665815,1.112792647160833,1.3587454728667916,1.599062652181731,7.659747369560568,6.73558753445301,0.8,1.2,0.6666666666666667,1.2,0.8,1.4999999999999998,1.00947408415698,0.6666666666666667,1.4999999999999998,25
gen=34_member=5765_pso,30.92338623359191,6.618273859737847,1.9817261402621529,6.611688516289525,1.9883114837104756,-0.0065853434483225115,0.0065853434483227336,0.14887824573519012,0.14887824573519,0.07773179459175676,0.3563452770013061,1e-10,0.1946389562710578,0.19463895627105768,6.2778733547265775,6.618273859737847,6.890247589440828,1.677685121554785,1.9817261402621529,2.2822874679141942,7.135365537373598,5.986684789715408,0.8,1.2,0.6666666666666667,1.2,0.8,1.4999999999999998,1.00947408415698,0.6666666666666667,1.4999999999999998,25
gen=38_member=6501_pso,32.396349530682755,6.279589574880478,2.3204104251195217,6.272573950058421,2.327426049941579,-0.007015624822057198,0.007015624822057198,0.16365770484781084,0.1636577048478108,0.08533666483493393,0.3563452770013061,1e-10,0.2139533936737059,0.2139533936737059,5.906030476009092,6.263862828018312,6.5790440558284935,1.9855731924292157,2.3204104251195217,2.6503034206917606,6.850045640347409,5.586610839254679,0.8,1.2,0.6666666666666667,1.2,0.8,1.4999999999999998,1.00947408415698,0.6666666666666667,1.4999999999999998,25
gen=48_member=8203_pso,32.453841272609736,6.264787202656155,2.335212797343845,6.257667668728914,2.342332331271087,-0.007119533927241406,0.00711953392724185,0.16405008476489927,0.16405008476489907,0.08558480934607049,0.3563452770013061,1e-10,0.21452766404671417,0.21452766404671403,5.889992039118137,6.249026777668704,6.564779691329157,1.999728028251153,2.3352127973438415,2.666098897530997,6.8371547768569565,5.568318699940683,0.8,1.2,0.6666666666666667,1.2,0.8,1.4999999999999998,1.00947408415698,0.6666666666666667,1.4999999999999998,25
gen=47_member=7974_pso,35.04236881028093,5.368327818425125,3.231672181574875,5.36160089526473,3.2383991047352696,-0.006726923160394804,0.006726923160394804,0.20642759912414244,0.20642759912414238,0.10657726114226858,0.3563452770013061,1e-10,0.2696156709432433,0.26961567094324324,4.90322181958011,5.368327818425124,5.75061472171865,2.803656968607022,3.212530657364124,3.6431716771775524,6.103481257773018,4.517052007096697,0.8,1.2,0.6666666666666667,1.2,0.8,1.4999999999999998,1.00947408415698,0.6666666666666667,1.4999999999999998,25
gen=42_member=7123_pso,34.396745119239434,5.640360929242174,2.959639070757825,5.633620848230312,2.9663791517696887,-0.006740081011861854,0.00674008101186363,0.189809993330595,0.18980999333059484,0.09827503717122892,0.3563452770013061,1e-10,0.24803939451295615,0.2480393945129561,5.210980284797982,5.622179526090537,5.99069327578051,2.5674464355415827,2.959639070757824,3.339246481031394,6.314024687673864,4.850522852177397,0.8,1.2,0.6666666666666667,1.2,0.8,1.4999999999999998,1.00947408415698,0.6666666666666667,1.4999999999999998,25
gen=30_member=5110_pso,36.39534938259375,4.667490621782703,3.932509378217297,4.6611882304946,3.9388117695054006,-0.0063023912881021715,0.006302391288103504,0.22617616299747187,0.22617616299747192,0.11623927714278753,0.3563452770013061,1e-10,0.29536705863773677,0.2953670586377369,4.160793860560083,4.667490621782701,5.088645316654983,3.4606154109225384,3.911485679541152,4.381050744990873,5.481961309387686,3.7436861242774304,0.8,1.2,0.6666666666666667,1.2,0.8,1.4999999999999998,1.00947408415698,0.6666666666666667,1.4999999999999998,25
gen=40_member=6879_pso,35.52547804840835,5.124049536092631,3.475950463907369,5.117627723552868,3.4823722764471317,-0.006421812539763039,0.006421812539762595,0.21598243465397704,0.2159824346539772,0.11120212359686987,0.3563452770013061,1e-10,0.28205777628438594,0.282057776284386,4.639184495061952,5.124049536092631,5.525383876020625,3.026439417133062,3.4759504639073686,3.905105862444808,5.898394346748505,4.238936211190461,0.8,1.2,0.6666666666666667,1.2,0.8,1.4999999999999998,1.00947408415698,0.6666666666666667,1.4999999999999998,25
gen=31_member=5217_pso,36.4522647735805,4.659119723704,3.940880276296,4.65290297600591,3.94709702399409,-0.00621674769809033,0.00621674769809033,0.22827338435000694,0.22827338435000688,0.11724506602404869,0.3563452770013061,1e-10,0.29809942942836504,0.298099429428365,4.148231950338477,4.637321559975261,5.084564572598819,3.464137805382949,3.9408802762959994,4.393243124155897,5.482847738900006,3.728525633929628,0.8,1.2,0.6666666666666667,1.2,0.8,1.4999999999999998,1.00947408415698,0.6666666666666667,1.4999999999999998,25
gen=42_member=7215_pso,34.92253563470857,5.424170842804221,3.175829157195778,5.41723878628056,3.182761213719439,-0.006932056523661245,0.006932056523661245,0.2027935667182851,0.20279356671828502,0.10486281162097294,0.3563452770013061,1e-10,0.26489351527188143,0.26489351527188143,4.966307471139936,5.4047431994944635,5.799010187322042,2.7562466671031114,3.1758291571957775,3.5808057758075464,6.143898944625537,4.584968106047871,0.8,1.2,0.6666666666666667,1.2,0.8,1.4999999999999998,1.00947408415698,0.6666666666666667,1.4999999999999998,25
gen=37_member=6211_pso,20.656455308041814,7.586308592987697,1.0136914070123024,7.581634054700138,1.0183659452998624,-0.004674538287559038,0.004674538287559926,0.09426552814925945,0.09426552814925951,0.049470033218409405,0.3563452770013061,1e-10,0.12324311256326015,0.12324311256326019,7.369548789037029,7.586308592987697,7.757395812595104,0.8226456502665122,1.0050252603657273,1.2050181569636165,7.908648312483598,7.181455373812451,0.8,1.2,0.6666666666666667,1.2,0.8,1.4999999999999998,1.00947408415698,0.6666666666666667,1.4999999999999998,25
gen=40_member=6803_pso,33.822321012801254,5.876405684423834,2.723594315576165,5.869448937643545,2.7305510623564544,-0.006956746780288903,0.006956746780289347,0.18271449351809227,0.18271449351809216,0.09483562014919086,0.3563452770013061,1e-10,0.238785197890625,0.23878519789062494,5.461790770435696,5.876405684423834,6.212616096901008,2.3473765497825156,2.723594315576165,3.0900217249568116,6.520685102305858,5.112109445084869,0.8,1.2,0.6666666666666667,1.2,0.8,1.4999999999999998,1.00947408415698,0.6666666666666667,1.4999999999999998,25
gen=30_member=5155_pso,34.12094915647915,5.751968388986981,2.848031611013018,5.7451297157003225,2.854870284299677,-0.006838673286658548,0.006838673286658992,0.1864723012398449,0.18647230123984485,0.0966554872632516,0.3563452770013061,1e-10,0.24368570623966562,0.24368570623966562,5.329539658611409,5.734096895365804,6.09566421260652,2.4633456973117913,2.848031611013017,3.2214306333249216,6.411838035729484,4.974169451759602,0.8,1.2,0.6666666666666667,1.2,0.8,1.4999999999999998,1.00947408415698,0.6666666666666667,1.4999999999999998,25
gen=32_member=5405_pso,27.86653650330677,7.128207340015209,1.4717926599847913,7.121726705622084,1.4782732943779158,-0.006480634393124518,0.006480634393124518,0.12464705187548586,0.12464705187548586,0.06556384313430531,0.3563452770013061,1e-10,0.16283523242055378,0.1628352324205539,6.841143918646052,7.128207340015209,7.353182613000196,1.2205033088713901,1.4602966575768093,1.7252974221788737,7.554597916938398,6.596420187874693,0.8,1.2,0.6666666666666667,1.2,0.8,1.4999999999999998,1.00947408415698,0.6666666666666667,1.4999999999999998,25
gen=37_member=6224_pso,35.24434680969291,5.273762832867133,3.326237167132866,5.267186945006523,3.3328130549934754,-0.006575887860609697,0.006575887860609253,0.2101795235521429,0.21017952355214278,0.10837770570637607,0.3563452770013061,1e-10,0.2745105486864903,0.2745105486864901,4.800945704020786,5.273762832867133,5.663594480671483,2.8896790817291715,3.306733583462121,3.7446546480188614,6.024591016790996,4.409219296877258,0.8,1.2,0.6666666666666667,1.2,0.8,1.4999999999999998,1.00947408415698,0.6666666666666667,1.4999999999999998,25
gen=36_member=6188_pso,26.54503702240775,7.257729931824501,1.342270068175498,7.252901453001848,1.3470985469981516,-0.004828478822653359,0.004828478822653581,0.11675168626754172,0.11675168626754177,0.06079008254509746,0.3563452770013061,1e-10,0.1526666138586029,0.1526666138586028,6.99165223167376,7.257729931824501,7.471749848616055,1.1029819661090718,1.3314924765137168,1.5770676531219656,7.664620127817824,6.761050110702028,0.8,1.2,0.6666666666666667,1.2,0.8,1.4999999999999998,1.00947408415698,0.6666666666666667,1.4999999999999998,25
gen=44_member=7508_pso,35.030748929325185,5.378674898163598,3.2213251018364017,5.371935918420025,3.228064081579975,-0.006738979743572848,0.006738979743573292,0.20587508741122595,0.2058750874112259,0.10630703357739954,0.3563452770013061,1e-10,0.26889925299129425,0.2688992529912942,4.914640329487988,5.378674898163596,5.759861664741114,2.7945599869339017,3.2022339919838547,3.63178630487099,6.111489922225388,4.529235603249979,0.8,1.2,0.6666666666666667,1.2,0.8,1.4999999999999998,1.00947408415698,0.6666666666666667,1.4999999999999998,25
gen=48_member=8233_pso,34.67641402474263,5.537553600135759,3.0624463998642413,5.530428438621853,3.069571561378148,-0.007125161513905631,0.007125161513906519,0.1962940447452656,0.19629404474526568,0.10170960312958612,0.3563452770013061,1e-10,0.2565056771252924,0.2565056771252924,5.093066565319733,5.518742786812003,5.8995171235382395,2.6573097056962047,3.062446399864241,3.45537603675936,6.232479477521279,4.720017464750784,0.8,1.2,0.6666666666666667,1.2,0.8,1.4999999999999998,1.00947408415698,0.6666666666666667,1.4999999999999998,25
gen=27_member=4602_pso,31.534063129350688,6.4726280205698,2.1273719794302,6.465685499918832,2.1343145000811687,-0.00694252065096812,0.006942520650968564,0.15672629202978128,0.1567262920297812,0.08183440634037537,0.3563452770013061,1e-10,0.2048831731722766,0.2048831731722766,6.114268103659339,6.4726280205698,6.758911379613764,1.807343540224372,2.1273719794302,2.443814997089777,7.016848179235544,5.80861126288365,0.8,1.2,0.6666666666666667,1.2,0.8,1.4999999999999998,1.00947408415698,0.6666666666666667,1.4999999999999998,25
gen=34_member=5714_pso,35.289422752427136,5.225475986213207,3.3745240137867936,5.2184910919816065,3.381508908018394,-0.006984894231600869,0.006984894231600425,0.20298226962956117,0.20298226962956095,0.1049835819305813,0.3563452770013061,1e-10,0.26524028419453105,0.26524028419453105,4.766895566681039,5.225475986213204,5.600607185860247,2.9545136273668375,3.3557328810680604,3.7799987988487707,5.947661690284166,4.382821604204599,0.8,1.2,0.6666666666666667,1.2,0.8,1.4999999999999998,1.00947408415698,0.6666666666666667,1.4999999999999998,25
gen=33_member=5592_pso,32.90581117439859,6.139909815389103,2.4600901846108965,6.132812370216146,2.4671876297838535,-0.007097445172957073,0.007097445172957073,0.1695562207562457,0.1695562207562456,0.0883268329646013,0.3563452770013061,1e-10,0.2216438544458089,0.22164385444580884,5.753347002188171,6.139909815389102,6.450522196114733,2.1127034425449587,2.460090184610896,2.801537452075575,6.732644552383476,5.424705128093732,0.8,1.2,0.6666666666666667,1.2,0.8,1.4999999999999998,1.00947408415698,0.6666666666666667,1.4999999999999998,25
gen=46_member=7897_pso,34.66001472979494,5.545616914802227,3.054383085197773,5.538623497598124,3.061376502401876,-0.0069934172041028475,0.006993417204103292,0.19505090454891227,0.1950509045489124,0.10102216087650748,0.3563452770013061,1e-10,0.25489056408734095,0.25489056408734106,5.104179352522984,5.526932072780992,5.905473646007044,2.6515750689553594,3.054383085197772,3.444608077552458,6.237002510774642,4.733111157692443,0.8,1.2,0.6666666666666667,1.2,0.8,1.4999999999999998,1.00947408415698,0.6666666666666667,1.4999999999999998,25
gen=44_member=7516_pso,36.10912532430648,4.846231770384616,3.753768229615384,4.8398788641664785,3.7601211358335203,-0.006352906218137555,0.006352906218136223,0.2210937359875776,0.22109373598757764,0.11372332110285724,0.3563452770013061,1e-10,0.28874745758974546,0.28874745758974546,4.350399928112255,4.846231770384614,5.257501074693762,3.292999544365496,3.7332277166073133,4.192682644249092,5.640969583210497,3.9413696499148623,0.8,1.2,0.6666666666666667,1.2,0.8,1.4999999999999998,1.00947408415698,0.6666666666666667,1.4999999999999998,25
gen=47_member=8023_pso,36.0756878960716,4.863712724231258,3.736287275768742,4.857345838604931,3.742654161395069,-0.0063668856263268125,0.0063668856263268125,0.22042566945672737,0.22042566945672734,0.11339627754152688,0.3563452770013061,1e-10,0.28787754025728496,0.28787754025728485,4.369295415861305,4.863712724231256,5.27367973086329,3.2770065846072844,3.715810285881234,4.1739558404912955,5.655841108797243,3.961323930086373,0.8,1.2,0.6666666666666667,1.2,0.8,1.4999999999999998,1.00947408415698,0.6666666666666667,1.4999999999999998,25
gen=43_member=7367_pso,35.86655852747779,4.953547268878685,3.646452731121315,4.947195236078772,3.652804763921228,-0.006352032799912699,0.006352032799913143,0.22026134445085904,0.22026134445085893,0.1133066886253862,0.3563452770013061,1e-10,0.2876455181309678,0.2876455181309677,4.459494739753857,4.953547268878684,5.3632530238368545,3.1874527313597993,3.646452731121315,4.083658566548833,5.744929369547563,4.052380893658719,0.8,1.2,0.6666666666666667,1.2,0.8,1.4999999999999998,1.00947408415698,0.6666666666666667,1.4999999999999998,25
gen=41_member=6969_pso,34.01408910075473,5.782266361609008,2.817733638390992,5.774747616968813,2.825252383031188,-0.007518744640195862,0.007518744640195862,0.19111076951633393,0.1911107695163338,0.09931475707826518,0.3563452770013061,1e-10,0.24967065178666525,0.2496706517866651,5.348105044141552,5.763909212425747,6.13334750527592,2.425048153040372,2.8177336383909917,3.2015113628533483,6.452704816013928,4.983945308576484,0.8,1.2,0.6666666666666667,1.2,0.8,1.4999999999999998,1.00947408415698,0.6666666666666667,1.4999999999999998,25
gen=34_member=5825_pso,21.6872977704652,7.568339012265948,1.031660987734052,7.56354011247215,1.0364598875278497,-0.004798899793797773,0.004798899793797773,0.09772147132832171,0.09772147132832162,0.051260185561059976,0.3563452770013061,1e-10,0.1277355086879344,0.12773550868793437,7.343729270385452,7.568339012265948,7.745797214380768,0.833500697871248,1.031660987734052,1.2299474289947758,7.902607616328034,7.150093896794679,0.8,1.2,0.6666666666666667,1.2,0.8,1.4999999999999998,1.00947408415698,0.6666666666666667,1.4999999999999998,25
gen=40_member=6799_pso,34.952751930942966,5.410122826340224,3.189877173659776,5.403328953885383,3.1966710461146164,-0.006793872454840866,0.006793872454840422,0.20427811255622252,0.20427811255622264,0.10553599250553161,0.3563452770013061,1e-10,0.2668222644993193,0.2668222644993194,4.949429497443915,5.410122826340222,5.788126974232003,2.766697294403521,3.1898771736597755,3.5974093682204376,6.13653606563639,4.5663612690550925,0.8,1.2,0.6666666666666667,1.2,0.8,1.4999999999999998,1.00947408415698,0.6666666666666667,1.4999999999999998,25
gen=36_member=6120_pso,35.95802982865704,4.910817663744501,3.6891823362554974,4.904430291952403,3.6955697080475973,-0.006387371792097696,0.006387371792099916,0.21896805434938624,0.2189680543493864,0.11267771307074237,0.3563452770013061,1e-10,0.2859757132737973,0.2859757132737973,4.419496556480984,4.910817663744499,5.317942297401186,3.233113291725851,3.6688433727506204,4.124090353361516,5.697167640891989,4.013877299346664,0.8,1.2,0.6666666666666667,1.2,0.8,1.4999999999999998,1.00947408415698,0.6666666666666667,1.4999999999999998,25
gen=43_member=7295_pso,35.51686845465705,5.137383948180831,3.462616051819169,5.130825207949493,3.469174792050507,-0.006558740231338511,0.006558740231338067,0.21289844747744102,0.21289844747744077,0.10972859385438986,0.3563452770013061,1e-10,0.27805592520069755,0.2780559252006974,4.658676975022628,5.1373839481808306,5.532471768304207,3.0201397003741106,3.462616051819169,3.8861908216879097,5.898880767647361,4.262553320803302,0.8,1.2,0.6666666666666667,1.2,0.8,1.4999999999999998,1.00947408415698,0.6666666666666667,1.4999999999999998,25
gen=37_member=6202_pso,29.765572548609317,6.812301524147651,1.7876984758523486,6.805897417113391,1.7941025828866093,-0.00640410703426042,0.006404107034260642,0.13905216796054543,0.13905216796054554,0.07272813749740303,0.3563452770013061,1e-10,0.18182575206504942,0.18182575206504953,6.493639692711758,6.812301524147651,7.06578214167221,1.5043962123011516,1.7876984758523486,2.0689744080890478,7.29339589187636,6.219757458404921,0.8,1.2,0.6666666666666667,1.2,0.8,1.4999999999999998,1.00947408415698,0.6666666666666667,1.4999999999999998,25
gen=41_member=6991_pso,36.393381324833584,4.681883444419088,3.918116555580912,4.675478342881704,3.924521657118296,-0.006405101537383828,0.006405101537384272,0.2278241036547558,0.2278241036547558,0.11711460259606997,0.3563452770013061,1e-10,0.2975076172887622,0.29750761728876224,4.171329196420469,4.681883444419087,5.105992981744271,3.442938124532889,3.9181165555809114,4.370072817290643,5.501530968471785,3.751388898159071,0.8,1.2,0.6666666666666667,1.2,0.8,1.4999999999999998,1.00947408415698,0.6666666666666667,1.4999999999999998,25
gen=34_member=5786_pso,35.69845644451818,5.044403593021277,3.5555964069787223,5.038025696273327,3.5619743037266733,-0.006377896747950196,0.006377896747951084,0.21760397687203867,0.21760397687203864,0.11199093680999474,0.3563452770013061,1e-10,0.28418007971647086,0.2841800797164708,4.556088823346578,5.0444035930212765,5.448911780822783,3.1024419914408634,3.555596406978722,3.987852575709556,5.825202540961051,4.153044528492647,0.8,1.2,0.6666666666666667,1.2,0.8,1.4999999999999998,1.00947408415698,0.6666666666666667,1.4999999999999998,25
gen=46_member=7820_pso,35.860377441964175,4.96735808955882,3.63264191044118,4.960947142474938,3.6390528575250625,-0.006410947083882235,0.006410947083882679,0.21854635453015375,0.21854635453015378,0.11247865080701812,0.3563452770013061,1e-10,0.2854207556732747,0.28542075567327474,4.47685977905565,4.967358089558818,5.373631036363347,3.1775464291572564,3.6123417874352155,4.0667418690734385,5.751737938975651,4.071862702856843,0.8,1.2,0.6666666666666667,1.2,0.8,1.4999999999999998,1.00947408415698,0.6666666666666667,1.4999999999999998,25
gen=49_member=8399_pso,35.85181623963164,4.973781436640269,3.626218563359731,4.967371242711552,3.6326287572884475,-0.0064101939287164456,0.0064101939287164456,0.2183110104185732,0.2183110104185733,0.11236060217364487,0.3563452770013061,1e-10,0.285112582811315,0.285112582811315,4.483807017701738,4.973781436640268,5.3795796217272045,3.171629629804987,3.605941541014599,4.059888543454761,5.757164205256114,4.079227090199023,0.8,1.2,0.6666666666666667,1.2,0.8,1.4999999999999998,1.00947408415698,0.6666666666666667,1.4999999999999998,25
gen=34_member=5808_pso,36.496093279758526,4.642294787321861,3.957705212678139,4.635866748678885,3.9641332513211154,-0.0064280386429755865,0.006428038642976475,0.22646707638282493,0.22646707638282487,0.11644755751290037,0.3563452770013061,1e-10,0.2957465754826477,0.29574657548264766,4.1345905780578684,4.642294787321861,5.063746555139698,3.485526358761953,3.9577052126781385,4.407067800536555,5.456773162603765,3.716508270837479,0.8,1.2,0.6666666666666667,1.2,0.8,1.4999999999999998,1.00947408415698,0.6666666666666667,1.4999999999999998,25
gen=43_member=7329_pso,34.981147257172495,5.403335053462497,3.196664946537503,5.396545791244982,3.2034542087550175,-0.006789262217514747,0.0067892622175143025,0.20463448856970284,0.20463448856970284,0.10571187539360861,0.3563452770013061,1e-10,0.26728551772232645,0.26728551772232656,4.9418972596895,5.403335053462496,5.782026947825414,2.7727168386172063,3.1966649465375028,3.6048783991996336,6.131077781864203,4.55822773196063,0.8,1.2,0.6666666666666667,1.2,0.8,1.4999999999999998,1.00947408415698,0.6666666666666667,1.4999999999999998,25
gen=42_member=7088_pso,35.79047148072272,4.9967680322420165,3.603231967757983,4.990379905773215,3.609620094226784,-0.0063881264688010475,0.0063881264688010475,0.21826844015769337,0.2182684401576934,0.11232828331324697,0.3563452770013061,1e-10,0.2850610395090184,0.2850610395090184,4.506874487957537,4.9967680322420165,5.40256381092106,3.148679259308374,3.6032319677579827,4.036813784645929,5.780247076097421,4.102589892988881,0.8,1.2,0.6666666666666667,1.2,0.8,1.4999999999999998,1.00947408415698,0.6666666666666667,1.4999999999999998,25
gen=45_member=7708_pso,33.85718549462576,5.857101265807211,2.742898734192789,5.850000154763142,2.749999845236858,-0.007101111044068631,0.007101111044069075,0.18430648843288855,0.18430648843288855,0.0957037997384789,0.3563452770013061,1e-10,0.24086568328473076,0.2408656832847307,5.438640900738832,5.857101265807211,6.196058066605728,2.3636553090593835,2.7428987341927886,3.1126971580243348,6.50600263840625,5.085326016157904,0.8,1.2,0.6666666666666667,1.2,0.8,1.4999999999999998,1.00947408415698,0.6666666666666667,1.4999999999999998,25
gen=32_member=5495_pso,25.92224315458362,7.30068883407416,1.2993111659258398,7.296052569930516,1.3039474300694849,-0.004636264143644375,0.004636264143645041,0.11572812333170963,0.11572812333170956,0.060182193737677456,0.3563452770013061,1e-10,0.15123810281580852,0.1512381028158085,7.0377231809812395,7.300688834074159,7.513125671537205,1.0617857083666642,1.2886147892382938,1.531589000357493,7.7046596844935475,6.811252211664457,0.8,1.2,0.6666666666666667,1.2,0.8,1.4999999999999998,1.00947408415698,0.6666666666666667,1.4999999999999998,25
gen=41_member=6992_pso,35.82539989519937,4.987470109081931,3.612529890918069,4.98106677969882,3.6189332203011793,-0.006403329383110723,0.006403329383110279,0.21779337162815396,0.21779337162815385,0.11209835050563235,0.3563452770013061,1e-10,0.284438547004425,0.28443854700442506,4.498624837709266,4.987470109081929,5.392289379511498,3.159038630921318,3.5923015832859018,4.045183024586588,5.768990974833482,4.094920487720279,0.8,1.2,0.6666666666666667,1.2,0.8,1.4999999999999998,1.00947408415698,0.6666666666666667,1.4999999999999998,25
gen=44_member=7474_pso,35.60659604089044,5.099939995135369,3.500060004864631,5.093494310995677,3.506505689004323,-0.006445684139691821,0.006445684139692265,0.21604821907489058,0.2160482190748904,0.11124695160729124,0.3563452770013061,1e-10,0.28215831947203673,0.2821583194720366,4.614726123275997,5.099939995135368,5.501328081255537,3.050452468137035,3.5000600048646304,3.9294612411257392,5.874377382348092,4.213994881618429,0.8,1.2,0.6666666666666667,1.2,0.8,1.4999999999999998,1.00947408415698,0.6666666666666667,1.4999999999999998,25
gen=38_member=6529_pso,34.611036113818564,5.558888244545841,3.041111755454159,5.551883842319,3.0481161576810005,-0.0070044022268414,0.0070044022268414,0.19441197873458763,0.19441197873458757,0.10070819048071464,0.3563452770013061,1e-10,0.2540640195165354,0.25406401951653546,5.118799525242421,5.55888824454584,5.917495064751285,2.639706618652131,3.0411117554541587,3.430131726770741,6.247821115998004,4.748513399446559,0.8,1.2,0.6666666666666667,1.2,0.8,1.4999999999999998,1.00947408415698,0.6666666666666667,1.4999999999999998,25
gen=38_member=6418_pso,34.44301031817496,5.621670913998743,2.978329086001256,5.614882737600255,2.9851172623997444,-0.006788176398488055,0.006788176398488499,0.1907968913599705,0.19079689135997047,0.09879253387922937,0.3563452770013061,1e-10,0.24932685428226192,0.2493268542822619,5.190024033671584,5.603394157270616,5.973786999588435,2.5841522277117783,2.9783290860012555,3.3599369776324206,6.298636645609411,4.8275742321935695,0.8,1.2,0.6666666666666667,1.2,0.8,1.4999999999999998,1.00947408415698,0.6666666666666667,1.4999999999999998,25
gen=42_member=7193_pso,33.44556490244684,5.976142858150999,2.6238571418490007,5.96920808984533,2.6307919101546697,-0.006934768305669081,0.006934768305669081,0.17816403112763246,0.17816403112763246,0.09254939971665102,0.3563452770013061,1e-10,0.23284168801006502,0.23284168801006494,5.571436176644914,5.976142858150999,6.303651506124873,2.25744399940127,2.6238571418489984,2.9814840656651245,6.60280240506466,5.229504055372999,0.8,1.2,0.6666666666666667,1.2,0.8,1.4999999999999998,1.00947408415698,0.6666666666666667,1.4999999999999998,25
gen=40_member=6846_pso,33.07610629167887,6.087804557504599,2.5121954424954005,6.0805703210881115,2.5194296789118886,-0.007234236416487683,0.007234236416488127,0.17313227166745213,0.173132271667452,0.09018325404197014,0.3563452770013061,1e-10,0.2263024111126218,0.22630241111262173,5.69314479919192,6.071172310649995,6.404995717708782,2.1574840131263797,2.5121954424953987,2.8608025608776493,6.692586148773451,5.357728382854148,0.8,1.2,0.6666666666666667,1.2,0.8,1.4999999999999998,1.00947408415698,0.6666666666666667,1.4999999999999998,25
gen=42_member=7137_pso,31.799870105395676,6.433491358944343,2.166508641055657,6.426396749517034,2.1736032504829663,-0.0070946094273089955,0.0070946094273094396,0.15775308513450242,0.15775308513450237,0.08242384728090585,0.3563452770013061,1e-10,0.20629251304721363,0.2062925130472136,6.072391083886169,6.433491358944341,6.721445901442266,1.8445947087216485,2.1519883706219582,2.48525736188428,6.981200653408061,5.7622124611634415,0.8,1.2,0.6666666666666667,1.2,0.8,1.4999999999999998,1.00947408415698,0.6666666666666667,1.4999999999999998,25
gen=41_member=6951_pso,31.788273688982024,6.433859297840965,2.1661407021590344,6.427045882332662,2.1729541176673384,-0.0068134155083035,0.006813415508303944,0.15593878496538163,0.1559387849653816,0.08137610023684266,0.3563452770013061,1e-10,0.20390842407419763,0.20390842407419754,6.077487994809614,6.433859297840965,6.718941705329944,1.847352395893931,2.1661407021590344,2.4807839476755955,6.977230782034811,5.772040608840512,0.8,1.2,0.6666666666666667,1.2,0.8,1.4999999999999998,1.00947408415698,0.6666666666666667,1.4999999999999998,25
gen=44_member=7514_pso,34.40775328560086,5.630164909226297,2.969835090773703,5.623251062111049,2.9767489378889507,-0.006913847115247229,0.006913847115247673,0.19139760198577255,0.1913976019857726,0.09915572455051014,0.3563452770013061,1e-10,0.2501096555454612,0.2501096555454613,5.19687813094797,5.611825287808291,5.983161007860659,2.5747270964410447,2.969835090773701,3.352865644138201,6.308093448766122,4.832705952534985,0.8,1.2,0.6666666666666667,1.2,0.8,1.4999999999999998,1.00947408415698,0.6666666666666667,1.4999999999999998,25
gen=26_member=4423_pso,32.826298754166096,6.15576754967293,2.4442324503270694,6.148659463410798,2.4513405365892016,-0.007108086262132218,0.007108086262132218,0.16882855434690175,0.16882855434690186,0.08796832030451693,0.3563452770013061,1e-10,0.22068147821416884,0.22068147821416895,5.770777152431525,6.15576754967293,6.464948149764235,2.098488042024185,2.444232450327067,2.78429134082725,6.74522399661592,5.443410156969742,0.8,1.2,0.6666666666666667,1.2,0.8,1.4999999999999998,1.00947408415698,0.6666666666666667,1.4999999999999998,25
gen=30_member=5151_pso,36.2973927021264,4.7448131259584345,3.855186874041565,4.7384184271928005,3.861581572807201,-0.006394698765634033,0.006394698765635809,0.22381776212279725,0.22381776212279714,0.11510623044421628,0.3563452770013061,1e-10,0.2922999936591322,0.29229999365913206,4.242971230596976,4.7448131259584345,5.161277859986824,3.3885936961591563,3.8551868740415647,4.299434530946883,5.549770512210989,3.829525320009691,0.8,1.2,0.6666666666666667,1.2,0.8,1.4999999999999998,1.00947408415698,0.6666666666666667,1.4999999999999998,25
gen=36_member=6144_pso,34.510550189225945,5.593140826129258,3.0068591738707413,5.58627152030742,3.0137284796925803,-0.00686930582183809,0.006869305821838978,0.19229439152825933,0.19229439152825945,0.09958184867504905,0.3563452770013061,1e-10,0.2512787068455251,0.2512787068455252,5.15803270543186,5.574718971194682,5.947958424674123,2.609686385473705,3.006859173870738,3.391517156562945,6.274915255675491,4.792574769095035,0.8,1.2,0.6666666666666667,1.2,0.8,1.4999999999999998,1.00947408415698,0.6666666666666667,1.4999999999999998,25
gen=41_member=6946_pso,35.683385394119824,5.055700658145608,3.5442993418543915,5.049256945167011,3.550743054832989,-0.006443712978597027,0.006443712978597471,0.2166182639346136,0.21661826393461367,0.11153098845660564,0.3563452770013061,1e-10,0.2829030663461002,0.2829030663461002,4.569272140236766,5.055700658145607,5.458192294649056,3.0934241085978904,3.544299341854391,3.9747760810134234,5.832478631164018,4.167616127027403,0.8,1.2,0.6666666666666667,1.2,0.8,1.4999999999999998,1.00947408415698,0.6666666666666667,1.4999999999999998,25
gen=43_member=7239_pso,35.72083483075705,5.031110362852526,3.568889637147474,5.024713222540882,3.5752867774591177,-0.006397140311643845,0.006397140311643845,0.2178548277696275,0.2178548277696275,0.11212598404063544,0.3563452770013061,1e-10,0.28451935673770873,0.2845193567377087,4.542086609272599,5.031110362852525,5.436095997577772,3.1152685622922696,3.5688896371474734,4.001703904062861,5.812794634125311,4.138486244342372,0.8,1.2,0.6666666666666667,1.2,0.8,1.4999999999999998,1.00947408415698,0.6666666666666667,1.4999999999999998,25
gen=20_member=3413_pso,32.95461211746549,6.123557692494081,2.476442307505919,6.116406733891792,2.4835932661082074,-0.007150958602288426,0.007150958602288426,0.17051679551479135,0.17051679551479137,0.08883387705853979,0.3563452770013061,1e-10,0.22288848732447714,0.2228884873244772,5.734792094580229,6.123557692494081,6.435893372363482,2.1271552949789974,2.4764423075059163,2.819842235972845,6.7192310629930425,5.404311696199205,0.8,1.2,0.6666666666666667,1.2,0.8,1.4999999999999998,1.00947408415698,0.6666666666666667,1.4999999999999998,25
gen=35_member=5913_pso,21.261970620979778,7.583668586504026,1.0163314134959738,7.578858070437713,1.021141929562287,-0.00481051606631322,0.00481051606631322,0.09609912898259997,0.0960991289825999,0.05045482252445672,0.3563452770013061,1e-10,0.12562399267083005,0.1256239926708301,7.362510969826024,7.583668586504025,7.757982262312033,0.821703180081324,1.0074979897434397,1.211539771618398,7.9118045258166845,7.171858973652556,0.8,1.2,0.6666666666666667,1.2,0.8,1.4999999999999998,1.00947408415698,0.6666666666666667,1.4999999999999998,25
gen=47_member=7945_pso,34.610460392456865,5.565141783043986,3.034858216956013,5.55818791735665,3.0418120826433492,-0.006953865687335359,0.006953865687336247,0.1939738668319999,0.1939738668319997,0.1004638662596679,0.3563452770013061,1e-10,0.2534818336947438,0.25348183369474386,5.126158184818038,5.5465593655046765,5.923010667940511,2.6342735147666603,3.034858216956013,3.4229289029380565,6.252730845038864,4.757123849239816,0.8,1.2,0.6666666666666667,1.2,0.8,1.4999999999999998,1.00947408415698,0.6666666666666667,1.4999999999999998,25
gen=31_member=5214_pso,35.44276706150495,5.17747134148582,3.42252865851418,5.170998685621349,3.429001314378652,-0.006472655864470767,0.006472655864472099,0.21402608688274863,0.21402608688274855,0.1102493713736102,0.3563452770013061,1e-10,0.27952238617414593,0.2795223861741459,4.696544783540773,5.177471341485819,5.574910289299053,2.9773827179178567,3.4225286585141794,3.8481260193568776,5.943809968016893,4.299017905403047,0.8,1.2,0.6666666666666667,1.2,0.8,1.4999999999999998,1.00947408415698,0.6666666666666667,1.4999999999999998,25
gen=35_member=5893_pso,16.002041893722712,7.786711607504359,0.8132883924956406,7.782592106186548,0.8174078938134526,-0.004119501317811469,0.004119501317812024,0.07704305917200863,0.07704305917200849,0.04058128024491037,0.3563452770013061,1e-10,0.10076601729131893,0.10076601729131882,7.608655306297725,7.786711607504359,7.925897245147996,0.6579337499450688,0.8062229784024476,0.9703484434055312,8.048184049384986,7.4531384051553875,0.8,1.2,0.6666666666666667,1.2,0.8,1.4999999999999998,1.00947408415698,0.6666666666666667,1.4999999999999998,25
gen=42_member=7082_pso,33.697411190937146,5.901590496445281,2.698409503554718,5.894655947427547,2.7053440525724533,-0.0069345490177337155,0.006934549017735048,0.18160726692130794,0.181607266921308,0.09427090796952114,0.3563452770013061,1e-10,0.23734362141320892,0.23734362141320897,5.48942284576419,5.88417248983423,6.235724226665217,2.3245154877668774,2.6984095035547178,3.062668629846095,6.541868017314844,5.141698843946058,0.8,1.2,0.6666666666666667,1.2,0.8,1.4999999999999998,1.00947408415698,0.6666666666666667,1.4999999999999998,25
gen=44_member=7534_pso,34.34682017838482,5.6661495876584365,2.9338504123415627,5.659279871689753,2.940720128310246,-0.006869715968683465,0.006869715968683465,0.18963840608367694,0.18963840608367694,0.09825406102618021,0.3563452770013061,1e-10,0.24782108170384068,0.2478210817038406,5.23678102996842,5.666149587658435,6.015856629020576,2.5424139584921654,2.9163098862614243,3.3134011385235467,6.337919953921598,4.875590145196419,0.8,1.2,0.6666666666666667,1.2,0.8,1.4999999999999998,1.00947408415698,0.6666666666666667,1.4999999999999998,25
gen=45_member=7645_pso,35.61911037390231,5.083308652666455,3.516691347333545,5.07678021879845,3.5232197812015507,-0.006528433868004946,0.006528433868005834,0.21605322045198558,0.21605322045198563,0.11129082715999522,0.3563452770013061,1e-10,0.2821636409562935,0.28216364095629354,4.597949951125335,5.083308652666454,5.484544851513239,3.067332203259286,3.4966305162183198,3.9462985481360002,5.856835139667398,4.196741759929906,0.8,1.2,0.6666666666666667,1.2,0.8,1.4999999999999998,1.00947408415698,0.6666666666666667,1.4999999999999998,25
gen=39_member=6590_pso,36.73640015568762,4.508793273068267,4.091206726931732,4.502385450413722,4.097614549586279,-0.006407822654545647,0.0064078226545465355,0.23044486901361635,0.23044486901361635,0.11842634583408107,0.3563452770013061,1e-10,0.3009280942155776,0.3009280942155776,3.9925502245188706,4.508793273068267,4.937947043388657,3.610402324269356,4.091206726931731,4.548210148050398,5.338449342260031,3.568060513287455,0.8,1.2,0.6666666666666667,1.2,0.8,1.4999999999999998,1.00947408415698,0.6666666666666667,1.4999999999999998,25
gen=38_member=6398_pso,35.09741973001883,5.345510106711024,3.254489893288976,5.33883253263762,3.2611674673623807,-0.006677574073403747,0.006677574073404635,0.20725377707535614,0.2072537770753562,0.10696567557438062,0.3563452770013061,1e-10,0.27069584642164946,0.27069584642164946,4.878670397366187,5.345510106711022,5.729482509414234,2.824567524670457,3.2352669104230856,3.667469170969409,6.0842045564018825,4.4913333444517125,0.8,1.2,0.6666666666666667,1.2,0.8,1.4999999999999998,1.00947408415698,0.6666666666666667,1.4999999999999998,25
gen=45_member=7594_pso,36.31039554746737,4.739401291050738,3.860598708949262,4.732995968681768,3.8670040313182303,-0.006405322368969735,0.0064053223689684025,0.22385533067304186,0.22385533067304186,0.1151303265210053,0.3563452770013061,1e-10,0.29234625358841254,0.2923462535884125,4.237426677052508,4.739401291050738,5.155894593179391,3.393979103147608,3.8605987089492615,4.304939228856067,5.544300875111771,3.823841651731806,0.8,1.2,0.6666666666666667,1.2,0.8,1.4999999999999998,1.00947408415698,0.6666666666666667,1.4999999999999998,25
gen=48_member=8227_pso,33.90734269461019,5.844700499596605,2.7552995004033938,5.837584266806546,2.762415733193454,-0.007116232790059129,0.0071162327900600175,0.18504371015606919,0.18504371015606924,0.09607997147306425,0.3563452770013061,1e-10,0.2418279770942639,0.24182797709426404,5.42460625353989,5.826950174888802,6.18504220020732,2.374502377133065,2.7552995004033938,3.126553211122058,6.496302216753487,5.06997976474972,0.8,1.2,0.6666666666666667,1.2,0.8,1.4999999999999998,1.00947408415698,0.6666666666666667,1.4999999999999998,25
gen=30_member=5150_pso,36.47794126781239,4.644825573375638,3.9551744266243625,4.638430776942031,3.9615692230579684,-0.006394796433606409,0.006394796433605965,0.22659960692604902,0.2265996069260491,0.11649720167982748,0.3563452770013061,1e-10,0.2959195973324562,0.29591959733245626,4.136920403108309,4.644825573375638,5.066616091498781,3.4826406012022155,3.955174426624362,4.4047386028712765,5.460088058676562,3.7187586516437454,0.8,1.2,0.6666666666666667,1.2,0.8,1.4999999999999998,1.00947408415698,0.6666666666666667,1.4999999999999998,25
gen=49_member=8327_pso,30.10695679161178,6.793262069335095,1.8067379306649052,6.786708811824486,1.8132911881755134,-0.006553257510609534,0.006553257510608201,0.1411111145104289,0.14111111451042882,0.07383218601051897,0.3563452770013061,1e-10,0.18451751281970716,0.18451751281970716,6.469741578569856,6.793262069335093,7.050368460766868,1.5193898799039474,1.793756379974319,2.09230491690859,7.28123321536739,6.191881596549968,0.8,1.2,0.6666666666666667,1.2,0.8,1.4999999999999998,1.00947408415698,0.6666666666666667,1.4999999999999998,25
gen=43_member=7261_pso,34.48623759426499,5.610640078837369,2.989359921162631,5.603828445839984,2.996171554160016,-0.006811632997385075,0.006811632997385075,0.1913650793626399,0.19136507936263986,0.09908835618001229,0.3563452770013061,1e-10,0.2500684890479176,0.25006848904791756,5.177700357347737,5.610640078837367,5.963796103011728,2.5940233185622446,2.971653946647557,3.372108277650293,6.289556860088864,4.814122181945885,0.8,1.2,0.6666666666666667,1.2,0.8,1.4999999999999998,1.00947408415698,0.6666666666666667,1.4999999999999998,25
gen=36_member=6133_pso,35.87203034437702,4.946209566307273,3.6537904336927274,4.939818058635575,3.6601819413644243,-0.006391507671697383,0.006391507671696939,0.21892934446906054,0.21892934446906037,0.11266042607037882,0.3563452770013061,1e-10,0.28591903584865613,0.285919035848656,4.454933710213817,4.946209566307271,5.353261879223032,3.1978131894217867,3.633453145620298,4.088577972469728,5.732213140059431,4.049417279259485,0.8,1.2,0.6666666666666667,1.2,0.8,1.4999999999999998,1.00947408415698,0.6666666666666667,1.4999999999999998,25
gen=41_member=6892_pso,29.76585730134148,6.806778411567837,1.7932215884321627,6.800423530794803,1.7995764692051965,-0.006354880773034033,0.006354880773033811,0.1392804736251619,0.13928047362516188,0.07281767719909782,0.3563452770013061,1e-10,0.18211112251336165,0.18211112251336156,6.487790407761607,6.806778411567837,7.060788533897896,1.5093021650984666,1.7932215884321627,2.0748222207150127,7.289307460407094,6.214148335188094,0.8,1.2,0.6666666666666667,1.2,0.8,1.4999999999999998,1.00947408415698,0.6666666666666667,1.4999999999999998,25
gen=47_member=8012_pso,35.984022812402536,4.898889035931683,3.701110964068317,4.8925128753736145,3.7074871246263856,-0.006376160558068555,0.006376160558068555,0.22012714784145812,0.22012714784145807,0.11325165419976353,0.3563452770013061,1e-10,0.2874816709181006,0.2874816709181005,4.40505213708314,4.898889035931681,5.308281877659543,3.242482777727322,3.6806578991051935,4.1381343584923425,5.689825294567374,3.997721420158223,0.8,1.2,0.6666666666666667,1.2,0.8,1.4999999999999998,1.00947408415698,0.6666666666666667,1.4999999999999998,25
gen=47_member=7966_pso,33.72345101193558,5.89876595342618,2.7012340465738194,5.891795861220754,2.7082041387792453,-0.006970092205425438,0.006970092205425882,0.18158721005027434,0.18158721005027434,0.09427865112784975,0.3563452770013061,1e-10,0.2373151621266155,0.23731516212661546,5.4865521971475335,5.8813478598092415,6.232779980866602,2.327491892544561,2.7012340465738194,3.0655204937833482,6.53859713134281,5.13869221601291,0.8,1.2,0.6666666666666667,1.2,0.8,1.4999999999999998,1.00947408415698,0.6666666666666667,1.4999999999999998,25
gen=49_member=8363_pso,35.477807888172215,5.160247163506703,3.4397528364932968,5.153713256392,3.4462867436080002,-0.006533907114703474,0.006533907114703474,0.21268703054941615,0.2126870305494162,0.10961046883206005,0.3563452770013061,1e-10,0.27777941304448694,0.27777941304448694,4.682072750797779,5.160247163506703,5.554980702072536,2.9976909820600923,3.4397528364932963,3.862894393885221,5.921046581085965,4.286330545297183,0.8,1.2,0.6666666666666667,1.2,0.8,1.4999999999999998,1.00947408415698,0.6666666666666667,1.4999999999999998,25
gen=44_member=7456_pso,35.454985598383615,5.168843150808998,3.431156849191001,5.16240982667463,3.4375901733253698,-0.006433324134367702,0.00643332413436859,0.21428478242279803,0.21428478242279808,0.11035905327858293,0.3563452770013061,1e-10,0.2798615942768434,0.2798615942768434,4.687455451598819,5.168843150808998,5.5668947471523795,2.985371903537285,3.4311568491910007,3.8571919880859196,5.936412077094342,4.28963797480144,0.8,1.2,0.6666666666666667,1.2,0.8,1.4999999999999998,1.00947408415698,0.6666666666666667,1.4999999999999998,25
gen=40_member=6804_pso,34.528979791643806,5.583129992594539,3.016870007405461,5.576292153081393,3.0237078469186067,-0.006837839513145205,0.006837839513145649,0.19236622411994314,0.19236622411994306,0.09960203181654434,0.3563452770013061,1e-10,0.2513828039734338,0.25138280397343377,5.147952342551044,5.583129992594538,5.938156505603711,2.619433650867971,3.0168700074054593,3.401595038282271,6.265743755903966,4.782162650215998,0.8,1.2,0.6666666666666667,1.2,0.8,1.4999999999999998,1.00947408415698,0.6666666666666667,1.4999999999999998,25
gen=38_member=6471_pso,35.06049322067706,5.355736863713895,3.2442631362861047,5.349069642879514,3.2509303571204864,-0.0066672208343812045,0.006667220834381649,0.20697477477844223,0.20697477477844228,0.1068209978064121,0.3563452770013061,1e-10,0.27032958445385624,0.2703295844538563,4.889600166769621,5.355736863713895,5.739189717180805,2.814927872114871,3.2250635783266346,3.6567105334142376,6.093341334404354,4.502647775221162,0.8,1.2,0.6666666666666667,1.2,0.8,1.4999999999999998,1.00947408415698,0.6666666666666667,1.4999999999999998,25
gen=22_member=3634_pso,33.48751472965719,5.965041364475086,2.6349586355249133,5.958052740911064,2.6419472590889352,-0.006988623564021523,0.006988623564021967,0.1783963735502946,0.17839637355029464,0.09269249855715819,0.3563452770013061,1e-10,0.2331541700591149,0.23315417005911487,5.559674760084758,5.947923282580413,6.292878770160889,2.268176993351093,2.6349586355249133,2.9931524875725093,6.592395539015596,5.217020286745964,0.8,1.2,0.6666666666666667,1.2,0.8,1.4999999999999998,1.00947408415698,0.6666666666666667,1.4999999999999998,25
gen=44_member=7539_pso,36.01086498046887,4.88425532365653,3.71574467634347,4.8778714534782335,3.7221285465217675,-0.006383870178296114,0.006383870178297446,0.21974080682239486,0.21974080682239486,0.11306233850034599,0.3563452770013061,1e-10,0.2869838078745122,0.2869838078745122,4.391271564036872,4.884255323656528,5.292867991366484,3.257993947896294,3.6953328945011963,4.152131155913846,5.6735911387801465,3.984367978922356,0.8,1.2,0.6666666666666667,1.2,0.8,1.4999999999999998,1.00947408415698,0.6666666666666667,1.4999999999999998,25
gen=49_member=8356_pso,32.88362932713905,6.144921845162317,2.455078154837682,6.137734181994333,2.462265818005667,-0.007187663167983693,0.007187663167985026,0.16947075863379374,0.16947075863379382,0.08832921090088895,0.3563452770013061,1e-10,0.22152560340342334,0.22152560340342328,5.758319217549794,6.144921845162315,6.455165350417185,2.1081620692613416,2.439451203419783,2.7965451763643365,6.736208664030731,5.429351099428146,0.8,1.2,0.6666666666666667,1.2,0.8,1.4999999999999998,1.00947408415698,0.6666666666666667,1.4999999999999998,25
gen=46_member=7849_pso,33.7256272553146,5.885362144286633,2.714637855713367,5.878397574089222,2.721602425910778,-0.006964570197411035,0.006964570197411035,0.18225006597022342,0.18225006597022342,0.09460731808381743,0.3563452770013061,1e-10,0.23817883795235908,0.2381788379523591,5.47173183502116,5.885362144286632,6.22066295644837,2.3394460952407106,2.714637855713367,3.0801861803111423,6.527788310254572,5.122820138341581,0.8,1.2,0.6666666666666667,1.2,0.8,1.4999999999999998,1.00947408415698,0.6666666666666667,1.4999999999999998,25
gen=42_member=7200_pso,35.33222140569574,5.224853448693191,3.375146551306809,5.218323124345435,3.381676875654565,-0.006530324347755467,0.006530324347755911,0.2122034417112498,0.21220344171124983,0.10936688302950259,0.3563452770013061,1e-10,0.27714066946362,0.27714066946362,4.74773814847241,5.224853448693189,5.618687928040419,2.9341150693024876,3.3554460716238808,3.79725675401684,5.983665547625479,4.352924965893597,0.8,1.2,0.6666666666666667,1.2,0.8,1.4999999999999998,1.00947408415698,0.6666666666666667,1.4999999999999998,25
gen=38_member=6459_pso,36.73590992805043,4.520918902240124,4.079081097759876,4.514446746158742,4.085553253841257,-0.006472156081382074,0.006472156081381186,0.22987585985096004,0.22987585985095996,0.11817400796617086,0.3563452770013061,1e-10,0.300193876746116,0.3001938767461161,4.005736430619204,4.520918902240123,4.948841065354353,3.5996469340027484,4.057716977597928,4.535097183886958,5.347949063122234,3.5817630569174552,0.8,1.2,0.6666666666666667,1.2,0.8,1.4999999999999998,1.00947408415698,0.6666666666666667,1.4999999999999998,25
gen=40_member=6838_pso,27.54385585819388,7.179823143071503,1.4201768569284965,7.174838029157139,1.4251619708428616,-0.004985113914363737,0.004985113914365069,0.1212246693390877,0.12122466933908772,0.06310489162672628,0.3563452770013061,1e-10,0.15858646091924417,0.1585864609192442,6.903268336984343,7.179823143071502,7.402144438050174,1.171547956558431,1.408992738569607,1.664167020177783,7.60329783485045,6.663556810327917,0.8,1.2,0.6666666666666667,1.2,0.8,1.4999999999999998,1.00947408415698,0.6666666666666667,1.4999999999999998,25
gen=35_member=5994_pso,34.68326987798987,5.523972972870556,3.076027027129444,5.516660388116006,3.0833396118839946,-0.007312584754550322,0.007312584754550766,0.19759639057723322,0.19759639057723327,0.10245448766589205,0.3563452770013061,1e-10,0.2582102934308371,0.25821029343083723,5.076134117140208,5.523972972870555,5.8880335947131375,2.668571112708923,3.0577584160730416,3.471901961140572,6.22260641647795,4.700542280895751,0.8,1.2,0.6666666666666667,1.2,0.8,1.4999999999999998,1.00947408415698,0.6666666666666667,1.4999999999999998,25
gen=39_member=6670_pso,32.43577512726643,6.268633446375267,2.331366553624733,6.261551489893597,2.3384485101064034,-0.007081956481670204,0.007081956481670204,0.16373363285764175,0.16373363285764186,0.08540779466965609,0.3563452770013061,1e-10,0.21406371266501745,0.2140637126650175,5.8947104461665,6.268633446375267,6.568082618064199,1.996540995205915,2.3313665536247323,2.6615547693378994,6.83915006062707,5.57481367063133,0.8,1.2,0.6666666666666667,1.2,0.8,1.4999999999999998,1.00947408415698,0.6666666666666667,1.4999999999999998,25
gen=48_member=8120_pso,36.049477181493145,4.876149046939426,3.7238509530605737,4.869771139049317,3.730228860950683,-0.006377907890109391,0.006377907890109391,0.21992477452148737,0.21992477452148732,0.11315134120579853,0.3563452770013061,1e-10,0.28722463943189624,0.28722463943189624,4.382785907314593,4.876149046939425,5.28513175020767,3.2656840019357416,3.70342162380335,4.160581241284568,5.666271819504299,3.97559497245744,0.8,1.2,0.6666666666666667,1.2,0.8,1.4999999999999998,1.00947408415698,0.6666666666666667,1.4999999999999998,25
gen=47_member=7929_pso,33.27569117913837,6.019334387662045,2.5806656123379543,6.01218710042547,2.5878128995745304,-0.00714728723657565,0.007147287236576094,0.17663692123891453,0.17663692123891458,0.09189210423774541,0.3563452770013061,1e-10,0.23088327681293253,0.23088327681293258,5.6173001570250785,6.0023777041870945,6.343449948337466,2.2181142385326704,2.580665612337953,2.935831547888825,6.638790465774767,5.276317029303788,0.8,1.2,0.6666666666666667,1.2,0.8,1.4999999999999998,1.00947408415698,0.6666666666666667,1.4999999999999998,25
gen=32_member=5467_pso,35.42529510560696,5.190773292342048,3.4092267076579525,5.184285825325647,3.415714174674354,-0.00648746701640146,0.00648746701640146,0.21343391492397162,0.21343391492397157,0.10996069097018692,0.3563452770013061,1e-10,0.2787461466792924,0.27874614667929254,4.7111089449808,5.190773292342046,5.5870716769120685,2.9654155482495974,3.3894090727887707,3.833607914601279,5.954701618093134,4.314423695082933,0.8,1.2,0.6666666666666667,1.2,0.8,1.4999999999999998,1.00947408415698,0.6666666666666667,1.4999999999999998,25
gen=45_member=7589_pso,35.264548182297666,5.258306150613514,3.3416938493864854,5.251719580721566,3.3482804192784332,-0.006586569891947391,0.0065865698919478355,0.2097395302437119,0.20973953024371172,0.10816305006782967,0.3563452770013061,1e-10,0.27393492530849506,0.2739349253084949,4.786391034920266,5.258306150613514,5.647248937836658,2.9061432184359215,3.3416938493864854,3.7592823100781287,6.007287998528547,4.395255514714765,0.8,1.2,0.6666666666666667,1.2,0.8,1.4999999999999998,1.00947408415698,0.6666666666666667,1.4999999999999998,25
gen=42_member=7063_pso,32.77998072785285,6.184220424491894,2.4157795755081053,6.177095869190971,2.422904130809029,-0.007124555300922708,0.007124555300923596,0.16738630543438598,0.16738630543438615,0.0872554303676546,0.3563452770013061,1e-10,0.21880938075669704,0.21880938075669715,5.802290603311654,6.184220424491892,6.490595188379249,2.073183717650125,2.4003469536021376,2.753104701464777,6.76821700075533,5.477102260871417,0.8,1.2,0.6666666666666667,1.2,0.8,1.4999999999999998,1.00947408415698,0.6666666666666667,1.4999999999999998,25
gen=46_member=7783_pso,35.250884894283324,5.264953444990326,3.335046555009673,5.258418455921494,3.341581544078506,-0.006534989068831543,0.006534989068832875,0.2108069816526035,0.21080698165260364,0.10867098536071765,0.3563452770013061,1e-10,0.27532034388470594,0.27532034388470594,4.790837425329586,5.264953444990325,5.656077732969482,2.897043539769394,3.3154798954743185,3.7544869169922834,6.018346112485029,4.398289472972077,0.8,1.2,0.6666666666666667,1.2,0.8,1.4999999999999998,1.00947408415698,0.6666666666666667,1.4999999999999998,25
gen=42_member=7112_pso,29.954952265185444,6.795861739526821,1.8041382604731795,6.789525689711483,1.8104743102885175,-0.006336049815337752,0.006336049815337974,0.13972143407847692,0.1397214340784769,0.0730287419469076,0.3563452770013061,1e-10,0.1826875865379993,0.1826875865379992,6.475950224373856,6.795861739526821,7.0507746378517675,1.5192102052926941,1.8041382604731793,2.086552258788398,7.279977972680621,6.201504953346948,0.8,1.2,0.6666666666666667,1.2,0.8,1.4999999999999998,1.00947408415698,0.6666666666666667,1.4999999999999998,25
gen=43_member=7278_pso,26.96102909294159,7.233593824488368,1.3664061755116317,7.228865309927935,1.371134690072065,-0.004728514560433439,0.004728514560433217,0.12019426638664012,0.12019426638664014,0.062461390473536715,0.3563452770013061,1e-10,0.15707070813144902,0.15707070813144905,6.9606994761381875,7.233593824488368,7.454416078887893,1.1194764781779256,1.3664061755116317,1.6074628154783115,7.653913324415114,6.726080955206504,0.8,1.2,0.6666666666666667,1.2,0.8,1.4999999999999998,1.00947408415698,0.6666666666666667,1.4999999999999998,25
gen=48_member=8123_pso,35.70569359544761,5.031782670418231,3.568217329581769,5.025237463647931,3.574762536352068,-0.006545206770299572,0.006545206770298684,0.2175080616100559,0.21750806161005576,0.11202663419017737,0.3563452770013061,1e-10,0.2840594501827569,0.2840594501827569,4.5431969568581625,5.03178267041823,5.435771266976165,3.1157314939179863,3.548019979211138,4.000657825818648,5.810744171784902,4.139640030664332,0.8,1.2,0.6666666666666667,1.2,0.8,1.4999999999999998,1.00947408415698,0.6666666666666667,1.4999999999999998,25
gen=38_member=6409_pso,35.558655547749574,5.114658407960842,3.4853415920391573,5.1082237545639435,3.491776245436056,-0.0064346533968988595,0.0064346533968988595,0.21642146687306782,0.2164214668730678,0.11142806013498334,0.3563452770013061,1e-10,0.2826322088229723,0.28263220882297235,4.628817562166264,5.114658407960842,5.516806784051152,3.034920221725173,3.485341592039157,3.9153789552298215,5.890575826286373,4.22768031261135,0.8,1.2,0.6666666666666667,1.2,0.8,1.4999999999999998,1.00947408415698,0.6666666666666667,1.4999999999999998,25
gen=36_member=6139_pso,36.722176673504485,4.523754365125514,4.0762456348744855,4.517282549692213,4.082717450307787,-0.006471815433300776,0.006471815433301664,0.22974812828060684,0.2297481282806069,0.11810997185695415,0.3563452770013061,1e-10,0.30002698492214686,0.3000269849221469,4.0088495055291995,4.523754365125513,4.951429385305247,3.597091062483516,4.054893233510007,4.532017740879496,5.350286288505442,3.585087682205621,0.8,1.2,0.6666666666666667,1.2,0.8,1.4999999999999998,1.00947408415698,0.6666666666666667,1.4999999999999998,25
gen=40_member=6783_pso,34.28795088667764,5.670166560384464,2.929833439615535,5.663182573131695,2.9368174268683047,-0.006983987252769275,0.006983987252769719,0.1968970934194369,0.1968970934194369,0.10194054033610309,0.3563452770013061,1e-10,0.2571705764577199,0.25717057645771985,5.224953967805685,5.670166560384463,6.033558929660431,2.5232075031069137,2.9115953103850343,3.323553532799307,6.36565852288342,4.853755644452283,0.8,1.2,0.6666666666666667,1.2,0.8,1.4999999999999998,1.00947408415698,0.6666666666666667,1.4999999999999998,25
gen=29_member=4924_pso,33.32221023991749,6.012171977593315,2.587828022406685,6.0050850092800925,2.594914990719908,-0.007086968313222641,0.007086968313223085,0.17658169971504187,0.17658169971504192,0.09183433401413243,0.3563452770013061,1e-10,0.2307906189427963,0.23079061894279623,5.6104680536496545,5.995220522475352,6.336308039014224,2.2252537709526736,2.5878280224066845,2.9427443937929425,6.631529348696473,5.270149767461776,0.8,1.2,0.6666666666666667,1.2,0.8,1.4999999999999998,1.00947408415698,0.6666666666666667,1.4999999999999998,25
gen=46_member=7822_pso,36.69936383186918,4.533914339526446,4.066085660473553,4.527487437907878,4.072512562092122,-0.006426901618568515,0.006426901618568515,0.22990149186941194,0.22990149186941197,0.11816419674399031,0.3563452770013061,1e-10,0.30021858494792336,0.3002185849479234,4.018792902615458,4.533914339526446,4.961965699702658,3.586494086927289,4.0660856604735525,4.522068561548237,5.3613120529889375,3.595106661511076,0.8,1.2,0.6666666666666667,1.2,0.8,1.4999999999999998,1.00947408415698,0.6666666666666667,1.4999999999999998,25
gen=33_member=5655_pso,35.630370058555734,5.082815049796297,3.517184950203703,5.076373230926902,3.523626769073099,-0.0064418188693950995,0.006441818869395988,0.21584052490401961,0.2158405249040195,0.11114117188670782,0.3563452770013061,1e-10,0.2818869048628055,0.28188690486280543,4.5980686873554015,5.082815049796295,5.483829479603707,3.068034894235692,3.497139779359574,3.946106363445335,5.8564380229657225,4.197545150824517,0.8,1.2,0.6666666666666667,1.2,0.8,1.4999999999999998,1.00947408415698,0.6666666666666667,1.4999999999999998,25
gen=31_member=5227_pso,33.191986899653344,6.029488358549334,2.5705116414506657,6.022564614997844,2.5774353850021563,-0.006923743551490169,0.006923743551490613,0.17517995379732237,0.17517995379732232,0.09105184867440655,0.3563452770013061,1e-10,0.2289854092985369,0.22898540929853692,5.631202759769809,6.029488358549334,6.35131542470687,2.2104350793300713,2.5705116414506657,2.9224076968687607,6.645492031999924,5.29379472746718,0.8,1.2,0.6666666666666667,1.2,0.8,1.4999999999999998,1.00947408415698,0.6666666666666667,1.4999999999999998,25
gen=46_member=7810_pso,34.57406416730866,5.57657704156893,3.0234229584310697,5.569722123504382,3.0302778764956178,-0.006854918064547633,0.006854918064548077,0.1930979173690024,0.1930979173690025,0.09997641771677507,0.3563452770013061,1e-10,0.2523259249442717,0.2523259249442718,5.139768985891453,5.57657704156893,5.932970708423359,2.6244736508953808,3.0234229584310675,3.4095918671440453,6.261559010471707,4.773045872293436,0.8,1.2,0.6666666666666667,1.2,0.8,1.4999999999999998,1.00947408415698,0.6666666666666667,1.4999999999999998,25
gen=28_member=4720_pso,35.38488870745046,5.202064059359213,3.397935940640787,5.195582021190826,3.404417978809175,-0.006482038168386772,0.0064820381683881045,0.2130679766303999,0.21306797663039986,0.1097750073993938,0.3563452770013061,1e-10,0.27827306018065123,0.27827306018065123,4.7231846906763835,5.202064059359212,5.597632309292562,2.954887835426726,3.3979359406407865,3.8217227449378055,5.964616777319279,4.327204763164519,0.8,1.2,0.6666666666666667,1.2,0.8,1.4999999999999998,1.00947408415698,0.6666666666666667,1.4999999999999998,25
gen=31_member=5250_pso,34.05351185359164,5.776153116234049,2.8238468837659503,5.768673459867666,2.8313265401323338,-0.007479656366382592,0.00747965636638348,0.1916532555564861,0.19165325555648594,0.09956645596143449,0.3563452770013061,1e-10,0.2503667310892554,0.2503667310892553,5.340925854960361,5.75774419719909,6.128352067759852,2.4299119865758265,2.82384688376595,3.20856903014723,6.44866497511463,4.9761275369288445,0.8,1.2,0.6666666666666667,1.2,0.8,1.4999999999999998,1.00947408415698,0.6666666666666667,1.4999999999999998,25
gen=46_member=7862_pso,34.50190548961805,5.601701092092536,2.998298907907464,5.594893513473708,3.0051064865262918,-0.006807578618827748,0.006807578618827748,0.19142659330955467,0.19142659330955458,0.09911708596419112,0.3563452770013061,1e-10,0.2501469121973537,0.2501469121973537,5.168639372883691,5.601701092092534,5.954980154879203,2.6028261011586182,2.9805867187105477,3.3811589897119205,6.280844445173603,4.805018675550876,0.8,1.2,0.6666666666666667,1.2,0.8,1.4999999999999998,1.00947408415698,0.6666666666666667,1.4999999999999998,25
gen=29_member=4911_pso,33.86401239624249,5.845853767363025,2.7541462326369746,5.8389312539953355,2.761068746004665,-0.00692251336768912,0.006922513367690453,0.1835885566667923,0.18358855666679236,0.09525553501724096,0.3563452770013061,1e-10,0.23992390343078568,0.23992390343078562,5.429441474462989,5.828249459281743,6.1838182256266645,2.3759442780395967,2.7541462326369746,3.1221844917112476,6.493790276996588,5.078484863584853,0.8,1.2,0.6666666666666667,1.2,0.8,1.4999999999999998,1.00947408415698,0.6666666666666667,1.4999999999999998,25
gen=43_member=7385_pso,26.117703630103588,7.2956847145088,1.304315285491199,7.290944482687618,1.3090555173123823,-0.004740231821181773,0.004740231821183327,0.11524951099728842,0.1152495109972885,0.059994871409235574,0.3563452770013061,1e-10,0.15065669285113592,0.15065669285113592,7.0333174891196935,7.2956847145088,7.506988073318985,1.0680748541026266,1.2936719800052596,1.5359286030223602,7.697307190283491,6.806433320083927,0.8,1.2,0.6666666666666667,1.2,0.8,1.4999999999999998,1.00947408415698,0.6666666666666667,1.4999999999999998,25
gen=34_member=5724_pso,35.55966917902097,5.110908516617083,3.489091483382917,5.104491033571344,3.4955089664286545,-0.006417483045738415,0.0064174830457375265,0.21640939221482058,0.21640939221482067,0.1114134376302791,0.3563452770013061,1e-10,0.2826185136109863,0.28261851361098633,4.625064876368843,5.110908516617082,5.513081239579099,3.0386094908740002,3.4689963712159284,3.9190306389838527,5.886966906479515,4.2241614249043,0.8,1.2,0.6666666666666667,1.2,0.8,1.4999999999999998,1.00947408415698,0.6666666666666667,1.4999999999999998,25
gen=39_member=6557_pso,30.95190437561837,6.616475027502981,1.9835249724970192,6.609891196392251,1.9901088036077488,-0.006583831110729577,0.006583831110729577,0.14894817352434875,0.1489481735243488,0.07776600231753918,0.3563452770013061,1e-10,0.19473003818577098,0.194730038185771,6.275928239772422,6.6021518783109965,6.888586725148461,1.6793282249321655,1.983524972497019,2.284218345161052,7.133853617689862,5.984651896001527,0.8,1.2,0.6666666666666667,1.2,0.8,1.4999999999999998,1.00947408415698,0.6666666666666667,1.4999999999999998,25
gen=43_member=7341_pso,35.69752068422161,5.052234814339759,3.547765185660241,5.045816691321713,3.5541833086782866,-0.006418123018045563,0.006418123018045563,0.21714452016502392,0.21714452016502395,0.11178132159153469,0.3563452770013061,1e-10,0.2835899006154049,0.2835899006154049,4.564714495535967,5.052234814339759,5.455793159921954,3.0957166744559035,3.5477651856602406,3.979224982919694,5.831126876452534,4.162253171782688,0.8,1.2,0.6666666666666667,1.2,0.8,1.4999999999999998,1.00947408415698,0.6666666666666667,1.4999999999999998,25
gen=37_member=6349_pso,33.862942575484915,5.856530923064636,2.7434690769353645,5.849480199839636,2.750519800160364,-0.0070507232249994445,0.0070507232249994445,0.18423592186534335,0.1842359218653435,0.09564332254517148,0.3563452770013061,1e-10,0.24077043240804227,0.24077043240804236,5.438372936335614,5.838859791288141,6.195458877295051,2.3642401114526055,2.743469076935364,3.113024396596038,6.505626515858831,5.085491304052316,0.8,1.2,0.6666666666666667,1.2,0.8,1.4999999999999998,1.00947408415698,0.6666666666666667,1.4999999999999998,25
gen=41_member=6889_pso,27.38432060845482,7.189398024545817,1.4106019754541828,7.184569142723212,1.4154308572767877,-0.004828881822604991,0.004828881822604991,0.12102617850613098,0.12102617850613101,0.06292753016436788,0.3563452770013061,1e-10,0.15823976114788427,0.15823976114788418,6.914074974496415,7.189398024545817,7.411634120960829,1.162078399537867,1.3994206075624371,1.6536098633514527,7.612544944118122,6.676156519205195,0.8,1.2,0.6666666666666667,1.2,0.8,1.4999999999999998,1.00947408415698,0.6666666666666667,1.4999999999999998,25
gen=47_member=8010_pso,33.48339815320258,5.96574054338119,2.6342594566188096,5.958680511162741,2.641319488837259,-0.007060032218449308,0.007060032218449308,0.17894285213411393,0.17894285213411387,0.09300144217628145,0.3563452770013061,1e-10,0.23386735804923986,0.2338673580492399,5.5590003308742775,5.96574054338119,6.2944780919976875,2.266504438159912,2.634259456618809,2.993660185839567,6.594318220265069,5.214893709868289,0.8,1.2,0.6666666666666667,1.2,0.8,1.4999999999999998,1.00947408415698,0.6666666666666667,1.4999999999999998,25
gen=38_member=6465_pso,35.58483752237572,5.102888675949717,3.497111324050283,5.0965049081766525,3.5034950918233476,-0.006383767773064264,0.006383767773064708,0.21670849564323907,0.21670849564323896,0.11154613170815154,0.3563452770013061,1e-10,0.28301095925817993,0.2830109592581798,4.616413738527406,5.102888675949716,5.505688034883881,3.045888016999319,3.497111324050283,3.9275708265631954,5.880223304440218,4.215033265586514,0.8,1.2,0.6666666666666667,1.2,0.8,1.4999999999999998,1.00947408415698,0.6666666666666667,1.4999999999999998,25
gen=29_member=4976_pso,32.85346614458213,6.155115797795029,2.4448842022049715,6.1480041244989865,2.451995875501014,-0.00711167329604212,0.007111673296042564,0.168849599100723,0.16884959910072306,0.08798063619838299,0.3563452770013061,1e-10,0.2207099301549737,0.22070993015497364,5.770068204848431,6.155115797795028,6.4643305619549745,2.099102072137498,2.4448842022049693,2.784992090971164,6.74464592497898,5.44263517122519,0.8,1.2,0.6666666666666667,1.2,0.8,1.4999999999999998,1.00947408415698,0.6666666666666667,1.4999999999999998,25
gen=34_member=5729_pso,36.12729970982421,4.837518904976652,3.762481095023348,4.83113123865349,3.7688687613465106,-0.006387666323162122,0.006387666323162566,0.22110288671340453,0.22110288671340453,0.11374527651828341,0.3563452770013061,1e-10,0.2887605882291614,0.28876058822916134,4.34158794599104,4.837518904976651,5.2487586539104365,3.3017876586496633,3.7419410374890796,4.201499971225023,5.632116667107059,3.93247322099192,0.8,1.2,0.6666666666666667,1.2,0.8,1.4999999999999998,1.00947408415698,0.6666666666666667,1.4999999999999998,25
gen=46_member=7888_pso,32.783404919650515,6.181569422511238,2.418430577488762,6.1744544135864015,2.425545586413598,-0.00711500892483663,0.007115008924836186,0.1675175258104042,0.16751752581040433,0.08731626736762042,0.3563452770013061,1e-10,0.2189806539059925,0.21898065390599258,5.799378260387512,6.181569422511238,6.488217561092838,2.075521155155209,2.418430577488762,2.755989844725424,6.766185997037038,5.474074406251179,0.8,1.2,0.6666666666666667,1.2,0.8,1.4999999999999998,1.00947408415698,0.6666666666666667,1.4999999999999998,25
gen=46_member=7821_pso,31.019254054929405,6.6067285118236345,1.993271488176365,6.600150509932849,1.9998494900671517,-0.006578001890785501,0.006578001890786833,0.14935565601335182,0.149355656013352,0.07796682895206913,0.3563452770013061,1e-10,0.19526022650885297,0.19526022650885308,6.2653155318186675,6.606728511823633,6.879637450755599,1.6881744246034125,1.993271488176365,2.294730847359066,7.125736784369893,5.97344885540778,0.8,1.2,0.6666666666666667,1.2,0.8,1.4999999999999998,1.00947408415698,0.6666666666666667,1.4999999999999998,25
gen=48_member=8165_pso,35.08459194378328,5.352859115934146,3.2471408840658538,5.346169486859986,3.253830513140015,-0.006689629074160486,0.006689629074161374,0.20694790850165948,0.2069479085016595,0.10681876878791051,0.3563452770013061,1e-10,0.2702952606795156,0.27029526067951565,4.886692208057092,5.352859115934145,5.736237191880282,2.8178747311493058,3.2279497206221137,3.6595471698282274,6.090412396961968,4.49991179756995,0.8,1.2,0.6666666666666667,1.2,0.8,1.4999999999999998,1.00947408415698,0.6666666666666667,1.4999999999999998,25
gen=36_member=6131_pso,36.00986073528155,4.891506589586692,3.708493410413307,4.885139745210681,3.714860254789319,-0.006366844376010761,0.006366844376011649,0.22013641714727947,0.22013641714727958,0.11325163076164528,0.3563452770013061,1e-10,0.28749775617450557,0.2874977561745057,4.397699901429923,4.89150658958669,5.300911698055636,3.2498216871436547,3.6880430853564907,4.145585267560418,5.682414495009992,3.9902205660738455,0.8,1.2,0.6666666666666667,1.2,0.8,1.4999999999999998,1.00947408415698,0.6666666666666667,1.4999999999999998,25
gen=32_member=5391_pso,33.261505768011496,6.02656603503079,2.5734339649692104,6.019395104974202,2.5806048950257985,-0.007170930056587643,0.007170930056588087,0.17569890243213304,0.17569890243213315,0.09143491624436059,0.3563452770013061,1e-10,0.22964480057091596,0.22964480057091596,5.626537790320239,6.009693325885026,6.3488219893516815,2.2129983180825246,2.5734339649692073,2.926834111599731,6.641876067041558,5.28724163134512,0.8,1.2,0.6666666666666667,1.2,0.8,1.4999999999999998,1.00947408415698,0.6666666666666667,1.4999999999999998,25
gen=34_member=5740_pso,27.025055498234494,7.227833578491239,1.37216642150876,7.222969638125752,1.3770303618742485,-0.004863940365487096,0.00486394036548865,0.11881889298918866,0.11881889298918874,0.06184141667733839,0.3563452770013061,1e-10,0.15541681523699755,0.15541681523699757,6.956959715631927,7.227833578491239,7.445773052853514,1.1284457386745204,1.3612005351560514,1.6111541484958245,7.642901231279523,6.722006096279877,0.8,1.2,0.6666666666666667,1.2,0.8,1.4999999999999998,1.00947408415698,0.6666666666666667,1.4999999999999998,25
gen=35_member=5978_pso,35.798046250315835,4.993367081629812,3.6066329183701873,4.986913186327038,3.6130868136729624,-0.006453895302774626,0.00645389530277507,0.21799270633943113,0.21799270633943102,0.112223300821103,0.3563452770013061,1e-10,0.28469645716981073,0.2846964571698107,4.503988070984347,4.993367081629811,5.398466469420868,3.1528745403949356,3.5863875387454907,4.039807723084825,5.775115460119341,4.099782128539869,0.8,1.2,0.6666666666666667,1.2,0.8,1.4999999999999998,1.00947408415698,0.6666666666666667,1.4999999999999998,25
gen=32_member=5373_pso,34.49010839919886,5.604995795345674,2.995004204654325,5.597891638411365,3.002108361588635,-0.007104156934309103,0.007104156934309991,0.1938213384891631,0.19382133848916322,0.10046274771173633,0.3563452770013061,1e-10,0.2532774050319941,0.2532774050319942,5.16592337600488,5.586419974336379,5.962245523083395,2.5951744971545256,2.9950042046543244,3.383122676670016,6.290448555006206,4.796918829100472,0.8,1.2,0.6666666666666667,1.2,0.8,1.4999999999999998,1.00947408415698,0.6666666666666667,1.4999999999999998,25
gen=44_member=7565_pso,32.97144846847227,6.121689118359155,2.478310881640845,6.114386464771171,2.485613535228829,-0.007302653587983876,0.00730265358798432,0.17112081038752747,0.17112081038752747,0.08921173198775602,0.3563452770013061,1e-10,0.2236862332054136,0.22368623320541356,5.731192496388059,6.121689118359155,6.434865249182279,2.1281349684516164,2.478310881640845,2.8231999698373467,6.718273017202182,5.398691656971998,0.8,1.2,0.6666666666666667,1.2,0.8,1.4999999999999998,1.00947408415698,0.6666666666666667,1.4999999999999998,25
gen=45_member=7737_pso,36.12613241634489,4.842440334930501,3.7575596650694982,4.836085933405063,3.7639140665949373,-0.006354401525437758,0.006354401525439091,0.2212746894181138,0.2212746894181138,0.11381454547177616,0.3563452770013061,1e-10,0.2889844351873235,0.2889844351873235,4.346222099529342,4.842440334930499,5.254059145928371,3.2964077885941965,3.737002261487189,4.196835137654253,5.637896791393914,3.936888409796766,0.8,1.2,0.6666666666666667,1.2,0.8,1.4999999999999998,1.00947408415698,0.6666666666666667,1.4999999999999998,25
gen=35_member=6019_pso,36.06245626130536,4.869617789570537,3.7303822104294633,4.863244992075163,3.736755007924837,-0.006372797495373561,0.006372797495373561,0.22017607390566152,0.22017607390566155,0.11327443570051784,0.3563452770013061,1e-10,0.2875517946085048,0.28755179460850483,4.375722661459198,4.869617789570535,5.279089402247922,3.27165830399213,3.709929037552195,4.167582268659376,5.660721543458058,3.968134090302137,0.8,1.2,0.6666666666666667,1.2,0.8,1.4999999999999998,1.00947408415698,0.6666666666666667,1.4999999999999998,25
gen=46_member=7796_pso,35.46763029885118,5.16176106425002,3.43823893574998,5.1553371781581445,3.4446628218418556,-0.006423886091875275,0.006423886091875719,0.2145579043149953,0.21455790431499538,0.11049089520343551,0.3563452770013061,1e-10,0.2802088001681323,0.28020880016813243,4.67990011876752,5.161761064250019,5.560319380439083,2.9918130890388297,3.4382389357499794,3.864743062051803,5.930446973241407,4.281710614880241,0.8,1.2,0.6666666666666667,1.2,0.8,1.4999999999999998,1.00947408415698,0.6666666666666667,1.4999999999999998,25
gen=47_member=7977_pso,35.50698668092144,5.14467489775845,3.4553251022415497,5.138185395485362,3.461814604514637,-0.006489502273088199,0.006489502273087311,0.21453955718184275,0.21453955718184278,0.11051452972746503,0.3563452770013061,1e-10,0.28018826713600453,0.2801882671360046,4.662630839776683,5.144674897758449,5.543066495751031,3.0091215645531824,3.4354050551280535,3.8818770467867796,5.912754627922375,4.264053962387648,0.8,1.2,0.6666666666666667,1.2,0.8,1.4999999999999998,1.00947408415698,0.6666666666666667,1.4999999999999998,25
gen=49_member=8311_pso,36.00733726709178,4.894424108823195,3.705575891176805,4.888052683697055,3.711947316302946,-0.0063714251261401955,0.006371425126141084,0.21984088665956275,0.21984088665956286,0.11310615589285182,0.3563452770013061,1e-10,0.2871108267123724,0.28711082671237254,4.401219059885689,4.894424108823193,5.30326916972847,3.2475621157864287,3.685152462228563,4.142064816168739,5.684207350276102,3.994238105656458,0.8,1.2,0.6666666666666667,1.2,0.8,1.4999999999999998,1.00947408415698,0.6666666666666667,1.4999999999999998,25
gen=29_member=4851_pso,35.264277472776136,5.260147764186046,3.339852235813954,5.253603684968481,3.3463963150315195,-0.0065440792175648355,0.0065440792175652795,0.21089332752311105,0.210893327523111,0.10871870337033833,0.3563452770013061,1e-10,0.27543575086607824,0.27543575086607835,4.785817009779258,5.260147764186044,5.651409128378658,2.9016694193457337,3.3202789565938398,3.759510331801063,6.013858955593879,4.393082780019712,0.8,1.2,0.6666666666666667,1.2,0.8,1.4999999999999998,1.00947408415698,0.6666666666666667,1.4999999999999998,25
gen=34_member=5819_pso,34.56103873283972,5.577601408993155,3.022398591006844,5.570641445450574,3.0293585545494266,-0.006959963542580994,0.00695996354258277,0.19322478369394297,0.19322478369394297,0.10009237361826245,0.3563452770013061,1e-10,0.2525216975560968,0.25252169755609694,5.140208398347596,5.577601408993155,5.934015370676661,2.6234403024686532,3.022398591006844,3.4090267567371892,6.262479556456539,4.771553116105476,0.8,1.2,0.6666666666666667,1.2,0.8,1.4999999999999998,1.00947408415698,0.6666666666666667,1.4999999999999998,25
gen=38_member=6490_pso,36.06985802316135,4.867460876276031,3.732539123723969,4.861090086296094,3.7389099137039055,-0.006370789979937008,0.006370789979936564,0.22026956787733729,0.22026956787733737,0.11332017892863701,0.3563452770013061,1e-10,0.2876736896757571,0.2876736896757572,4.373368714899608,4.867460876276029,5.277115970949873,3.273607430644451,3.7120770640664973,4.169914352512129,5.658938171414003,3.965632549747044,0.8,1.2,0.6666666666666667,1.2,0.8,1.4999999999999998,1.00947408415698,0.6666666666666667,1.4999999999999998,25
gen=42_member=7145_pso,36.30614392385608,4.741128661941882,3.858871338058117,4.73486527020592,3.86513472979408,-0.006263391735962465,0.006263391735962909,0.22506436222254947,0.22506436222254944,0.11566387697925623,0.3563452770013061,1e-10,0.29391491278570353,0.2939149127857035,4.2369623908830025,4.7411286619418815,5.1602712395835235,3.3892190666802335,3.858871338058117,4.305124746392803,5.552017886663596,3.8222446042174383,0.8,1.2,0.6666666666666667,1.2,0.8,1.4999999999999998,1.00947408415698,0.6666666666666667,1.4999999999999998,25
gen=28_member=4655_pso,33.73614280489097,5.883665044404147,2.7163349555958534,5.876710343364712,2.7232896566352887,-0.006954701039434852,0.006954701039435296,0.18228639161846286,0.18228639161846288,0.0946205463289492,0.3563452770013061,1e-10,0.23822600468848115,0.23822600468848115,5.46998232769083,5.866181682100227,6.219056891311394,2.341037694242203,2.716334955595853,3.081932169682054,6.526314850303404,5.121051588085972,0.8,1.2,0.6666666666666667,1.2,0.8,1.4999999999999998,1.00947408415698,0.6666666666666667,1.4999999999999998,25
gen=24_member=4008_pso,33.76696087691461,5.8803075454648255,2.7196924545351737,5.873244970482385,2.7267550295176157,-0.0070625749824406725,0.007062574982442005,0.1829769441785929,0.18297694417859278,0.09501975958051712,0.3563452770013061,1e-10,0.23912944863655375,0.23912944863655372,5.464832354938498,5.862754143304602,6.216788882616124,2.3432201116388165,2.7196924545351706,3.0868490521559,6.524463450872178,5.113977157255105,0.8,1.2,0.6666666666666667,1.2,0.8,1.4999999999999998,1.00947408415698,0.6666666666666667,1.4999999999999998,25
gen=34_member=5732_pso,33.7821917262945,5.879554063692862,2.7204459363071374,5.87259908300241,2.7274009169975892,-0.006954980690451862,0.006954980690451862,0.18239367546355986,0.18239367546356,0.09467432807700596,0.3563452770013061,1e-10,0.23836714095980985,0.23836714095981,5.465637419464062,5.879554063692862,6.215151075419466,2.3449173475326686,2.7204459363071374,3.0862544746579887,6.522625725473363,5.11649524850845,0.8,1.2,0.6666666666666667,1.2,0.8,1.4999999999999998,1.00947408415698,0.6666666666666667,1.4999999999999998,25
gen=40_member=6768_pso,36.65302211816361,4.536431295485497,4.063568704514503,4.5303356225816165,4.069664377418383,-0.006095672903880356,0.006095672903880356,0.23192295560901552,0.2319229556090155,0.11900931425644773,0.3563452770013061,1e-10,0.30286191034227583,0.30286191034227583,4.01784729523507,4.5143006106119214,4.969203936996235,3.57856042079786,4.063568704514502,4.522673365585353,5.375293511028186,3.5928153616741803,0.8,1.2,0.6666666666666667,1.2,0.8,1.4999999999999998,1.00947408415698,0.6666666666666667,1.4999999999999998,25
gen=44_member=7554_pso,33.71131958774986,5.90146345910914,2.6985365408908595,5.8944991630566035,2.7055008369433966,-0.006964296052536234,0.006964296052537122,0.1814610833038503,0.18146108330385013,0.09421268967819324,0.3563452770013061,1e-10,0.23715391993700294,0.2371539199370029,5.48953075179307,5.884058293690408,6.2352502701740145,2.32504243649659,2.6985365408908586,3.062571841318503,6.540940239554331,5.141881362312592,0.8,1.2,0.6666666666666667,1.2,0.8,1.4999999999999998,1.00947408415698,0.6666666666666667,1.4999999999999998,25
gen=18_member=3072_pso,37.15490686727385,4.220876003277864,4.379123996722136,4.2150477605479795,4.38495223945202,-0.005828242729884359,0.005828242729884359,0.2419062136532128,0.2419062136532128,0.12386722819154833,0.3563452770013061,1e-10,0.3158753532482021,0.31587535324820215,3.68155065863622,4.197803576563862,4.673334301857142,3.8717828448176728,4.379123996722135,4.856928384006658,5.100058780406474,3.241504869934856,0.8,1.2,0.6666666666666667,1.2,0.8,1.4999999999999998,1.00947408415698,0.6666666666666667,1.4999999999999998,25
gen=50_member=8445_pso,20.947372107145803,7.584529607158398,1.0154703928416016,7.579836819104629,1.0201631808953715,-0.00469278805376927,0.004692788053769936,0.09442067366204657,0.09442067366204658,0.04955673085790821,0.3563452770013061,1e-10,0.1234523381650194,0.12345233816501949,7.367397238134875,7.584529607158397,7.7558784849552795,0.8241364788030486,1.0067905632422065,1.207115565520627,7.907270739528147,7.1786030999783215,0.8,1.2,0.6666666666666667,1.2,0.8,1.4999999999999998,1.00947408415698,0.6666666666666667,1.4999999999999998,25
gen=50_member=8506_pso,36.17771080932583,4.809116816431947,3.790883183568052,4.802773930261379,3.7972260697386195,-0.006342886170568107,0.006342886170567663,0.22215070047325514,0.22215070047325514,0.11424679332191127,0.3563452770013061,1e-10,0.2901217915787539,0.2901217915787539,4.31098737289394,4.8091168164319456,5.222477848960356,3.3277993834545203,3.7702398043329874,4.2317286304066535,5.608003751228419,3.900339304520452,0.8,1.2,0.6666666666666667,1.2,0.8,1.4999999999999998,1.00947408415698,0.6666666666666667,1.4999999999999998,25
gen=50_member=8596_pso,31.656131000200023,6.465540467603523,2.1344595323964763,6.458482821935176,2.1415171780648237,-0.007057645668346879,0.007057645668347323,0.15649538627840393,0.15649538627840393,0.08177651597337537,0.3563452770013061,1e-10,0.2046139887045701,0.20461398870457007,6.107312871298987,6.465540467603522,6.7511369851573,1.81521065442314,2.120052729280779,2.4507168921593787,7.008399312086303,5.800839815310891,0.8,1.2,0.6666666666666667,1.2,0.8,1.4999999999999998,1.00947408415698,0.6666666666666667,1.4999999999999998,25
gen=50_member=8464_pso,35.16929619734085,5.312622777453885,3.287377222546114,5.3059525532894645,3.2940474467105356,-0.006670224164420091,0.006670224164421423,0.20804540548107664,0.2080454054810767,0.10735781482274852,0.3563452770013061,1e-10,0.2717269087188248,0.2717269087188248,4.84413287999832,5.312622777453885,5.698153499739793,2.855680826397327,3.2680821779484024,3.7018492650375836,6.054593572596178,4.455624049118407,0.8,1.2,0.6666666666666667,1.2,0.8,1.4999999999999998,1.00947408415698,0.6666666666666667,1.4999999999999998,25
gen=50_member=8489_pso,33.928075253726064,5.837828386848333,2.7621716131516663,5.8307222317198795,2.769277768280121,-0.007106155128453473,0.007106155128454805,0.18532951762956598,0.1853295176295659,0.09621783637900999,0.3563452770013061,1e-10,0.24220006216548629,0.24220006216548623,5.41714413778873,5.820051526689785,6.178741572551441,2.380728390359554,2.762171613151666,3.1339525180117516,6.4906133525723,5.062099799208568,0.8,1.2,0.6666666666666667,1.2,0.8,1.4999999999999998,1.00947408415698,0.6666666666666667,1.4999999999999998,25
gen=50_member=8579_pso,35.267503555717184,5.258039930206875,3.341960069793125,5.251510231257309,3.3484897687426916,-0.006529698949566232,0.006529698949566676,0.21097128912016022,0.21097128912016008,0.10875049403486364,0.3563452770013061,1e-10,0.2755350394080801,0.2755350394080801,4.783583099808717,5.258039930206873,5.649491190070254,2.903585955137477,3.3223778006467457,3.761706658611188,6.012121033744082,4.390777335701175,0.8,1.2,0.6666666666666667,1.2,0.8,1.4999999999999998,1.00947408415698,0.6666666666666667,1.4999999999999998,25
gen=50_member=8474_pso,28.369120398124423,7.054991143398908,1.545008856601091,7.049010873305572,1.5509891266944278,-0.005980270093336237,0.0059802700933366815,0.12835729425756107,0.12835729425756115,0.06716878217544867,0.3563452770013061,1e-10,0.16779581975891228,0.1677958197589123,6.760727190940727,7.042629068992816,7.288811555008855,1.2837624468620008,1.5450088566010902,1.8047899483423882,7.497416025201234,6.508744730474177,0.8,1.2,0.6666666666666667,1.2,0.8,1.4999999999999998,1.00947408415698,0.6666666666666667,1.4999999999999998,25
gen=50_member=8555_pso,34.798261721440575,5.477222924912946,3.122777075087054,5.470197228689696,3.129802771310304,-0.007025696223249334,0.007025696223249778,0.20076595906014555,0.20076595906014544,0.10389582764169744,0.3563452770013061,1e-10,0.26225949095369766,0.26225949095369755,5.023480283160822,5.477222924912946,5.8479652222511636,2.7078130293355334,3.122777075087054,3.5240437564642617,6.188735277018845,4.645035124836497,0.8,1.2,0.6666666666666667,1.2,0.8,1.4999999999999998,1.00947408415698,0.6666666666666667,1.4999999999999998,25
gen=50_member=8483_pso,32.12450543561306,6.345251609575508,2.254748390424492,6.338280747742788,2.261719252257212,-0.006970861832719777,0.006970861832719777,0.160054464777971,0.16005446477797125,0.08351266330534546,0.3563452770013061,1e-10,0.2092598446255647,0.20925984462556496,5.9795852337684074,6.329866566126066,6.637870163862708,1.9275562319712787,2.254748390424492,2.5776350412155713,6.902799673523482,5.666883268883803,0.8,1.2,0.6666666666666667,1.2,0.8,1.4999999999999998,1.00947408415698,0.6666666666666667,1.4999999999999998,25
gen=50_member=8443_pso,29.0287517204358,6.971344935479609,1.6286550645203903,6.9650334313991635,1.6349665686008361,-0.006311504080445118,0.0063115040804457845,0.13104449068657698,0.13104449068657714,0.06867799738351119,0.3563452770013061,1e-10,0.17137876493349,0.1713787649334901,6.670265921373003,6.971344935479609,7.209622270679028,1.3624348242010047,1.6166101085421505,1.8943323945821358,7.422965835533301,6.410420473193071,0.8,1.2,0.6666666666666667,1.2,0.8,1.4999999999999998,1.00947408415698,0.6666666666666667,1.4999999999999998,25
gen=50_member=8469_pso,27.342638190802248,7.202690338427311,1.3973096615726888,7.197760795969296,1.4022392040307035,-0.004929542458014247,0.004929542458014691,0.11973632077642146,0.11973632077642153,0.06233293161721797,0.3563452770013061,1e-10,0.1565951338487717,0.15659513384877177,6.929719312264679,7.202690338427311,7.4222424289149185,1.1518094642359349,1.3862583225351877,1.6381762060011869,7.620490750389927,6.693339587823019,0.8,1.2,0.6666666666666667,1.2,0.8,1.4999999999999998,1.00947408415698,0.6666666666666667,1.4999999999999998,25
gen=50_member=8584_pso,36.77633515260383,4.500243885604461,4.0997561143955386,4.493914821954947,4.106085178045053,-0.006329063649514133,0.006329063649514133,0.23178996769294702,0.23178996769294702,0.11905951567123059,0.3563452770013061,1e-10,0.30268557924134254,0.3026855792413426,3.981343471924999,4.50024388560446,4.932162963718226,3.6157504969295102,4.099756114395538,4.559125943190181,5.336245630385367,3.555136476654148,0.8,1.2,0.6666666666666667,1.2,0.8,1.4999999999999998,1.00947408415698,0.6666666666666667,1.4999999999999998,25
gen=50_member=8572_pso,35.38077037906462,5.210420299187231,3.389579700812769,5.203920133264511,3.3960798667354894,-0.006500165922719958,0.006500165922720402,0.21264162977778067,0.21264162977778067,0.10957089785025054,0.3563452770013061,1e-10,0.2777133579504541,0.27771335795045404,4.732435011859927,5.210420299187229,5.605169147331054,2.947516179237483,3.369837464026639,3.812470665218406,5.97120719858694,4.337010714555358,0.8,1.2,0.6666666666666667,1.2,0.8,1.4999999999999998,1.00947408415698,0.6666666666666667,1.4999999999999998,25
gen=50_member=8550_pso,35.43550778076299,5.189110602429537,3.4108893975704637,5.18262554707109,3.41737445292891,-0.006485055358447234,0.0064850553584463455,0.21351562621485062,0.21351562621485046,0.11000034078664866,0.3563452770013061,1e-10,0.2788528356523617,0.2788528356523617,4.709275534993081,5.189110602429535,5.585572101948734,2.966895030965382,3.391064049897183,3.8354223634921016,5.953373503595744,4.31246084135698,0.8,1.2,0.6666666666666667,1.2,0.8,1.4999999999999998,1.00947408415698,0.6666666666666667,1.4999999999999998,25
gen=50_member=8507_pso,29.113125122660595,6.950721440686951,1.6492785593130492,6.944331949389961,1.6556680506100385,-0.006389491296989291,0.006389491296989291,0.1323376002903478,0.13233760029034777,0.06936354579366859,0.3563452770013061,1e-10,0.17307616855548769,0.1730761685554877,6.646622219207626,6.950721440686949,7.191310825189119,1.3804763289335777,1.6371162083801152,1.9176134040399777,7.40708874870928,6.384044049044457,0.8,1.2,0.6666666666666667,1.2,0.8,1.4999999999999998,1.00947408415698,0.6666666666666667,1.4999999999999998,25
gen=50_member=8467_pso,28.43175005450413,7.0307714305940685,1.5692285694059316,7.024735826196628,1.5752641738033726,-0.006035604397440331,0.006035604397440997,0.12817939728625008,0.12817939728625016,0.06710750084184572,0.3563452770013061,1e-10,0.1678023008316463,0.16780230083164638,6.736462916989373,7.0307714305940685,7.264312701480402,1.3078332302253228,1.569228569405931,1.82887705740618,7.47914003199107,6.481706032548422,0.8,1.2,0.6666666666666667,1.2,0.8,1.4999999999999998,1.00947408415698,0.6666666666666667,1.4999999999999998,25
gen=50_member=8487_pso,35.50262187067714,5.147850877648986,3.452149122351013,5.1413790945798965,3.458620905420103,-0.006471783069089909,0.006471783069090353,0.2139231250305121,0.21392312503051206,0.11019745404980101,0.3563452770013061,1e-10,0.2793872421323695,0.27938724213236943,4.667197572585581,5.147850877648985,5.545077770858664,3.0072439099331434,3.432288275008776,3.8775151130028167,5.913805874068592,4.269671917630395,0.8,1.2,0.6666666666666667,1.2,0.8,1.4999999999999998,1.00947408415698,0.6666666666666667,1.4999999999999998,25
