real_name,total_pumping_cfs,streamflow_cfs,depletion_cfs,scenario,source_file
gen=47_member=5907_pso,92.98941960653345,7.17517521709827,1.4248247829017295,original_baseline,/workspaces/LPR_redux/LPR_pycap_opt/notebooks/fish_dollars_baseline_0.0_1.0_0.01_tradeoff.csv
56,117.27606605647958,3.802679563058498,4.797320436941502,original_baseline,/workspaces/LPR_redux/LPR_pycap_opt/notebooks/fish_dollars_baseline_0.0_1.0_0.01_tradeoff.csv
64,116.39468811431688,4.142734734648824,4.457265265351176,original_baseline,/workspaces/LPR_redux/LPR_pycap_opt/notebooks/fish_dollars_baseline_0.0_1.0_0.01_tradeoff.csv
gen=40_member=5105_pso,114.6198372397068,4.318901903573145,4.281098096426855,original_baseline,/workspaces/LPR_redux/LPR_pycap_opt/notebooks/fish_dollars_baseline_0.0_1.0_0.01_tradeoff.csv
30,116.2736427715908,3.909338349591812,4.690661650408188,original_baseline,/workspaces/LPR_redux/LPR_pycap_opt/notebooks/fish_dollars_baseline_0.0_1.0_0.01_tradeoff.csv
gen=36_member=4531_pso,113.74661326138344,4.565174488585416,4.034825511414584,original_baseline,/workspaces/LPR_redux/LPR_pycap_opt/notebooks/fish_dollars_baseline_0.0_1.0_0.01_tradeoff.csv
105,116.58536880521854,4.007786275168752,4.592213724831248,original_baseline,/workspaces/LPR_redux/LPR_pycap_opt/notebooks/fish_dollars_baseline_0.0_1.0_0.01_tradeoff.csv
gen=49_member=6222_pso,113.86504036799174,4.705847352519223,3.894152647480776,original_baseline,/workspaces/LPR_redux/LPR_pycap_opt/notebooks/fish_dollars_baseline_0.0_1.0_0.01_tradeoff.csv
18,116.27445846987214,4.032939814289706,4.567060185710294,original_baseline,/workspaces/LPR_redux/LPR_pycap_opt/notebooks/fish_dollars_baseline_0.0_1.0_0.01_tradeoff.csv
35,117.41614755261728,3.805159370833631,4.7948406291663686,original_baseline,/workspaces/LPR_redux/LPR_pycap_opt/notebooks/fish_dollars_baseline_0.0_1.0_0.01_tradeoff.csv
gen=44_member=5567_pso,93.73038988052808,7.160450329023228,1.4395496709767712,original_baseline,/workspaces/LPR_redux/LPR_pycap_opt/notebooks/fish_dollars_baseline_0.0_1.0_0.01_tradeoff.csv
gen=49_member=6144_pso,93.14195906795258,7.161524586390402,1.438475413609598,original_baseline,/workspaces/LPR_redux/LPR_pycap_opt/notebooks/fish_dollars_baseline_0.0_1.0_0.01_tradeoff.csv
gen=46_member=5849_pso,96.55416244736706,7.048678665676215,1.551321334323784,original_baseline,/workspaces/LPR_redux/LPR_pycap_opt/notebooks/fish_dollars_baseline_0.0_1.0_0.01_tradeoff.csv
gen=31_member=3852_pso,112.43164624153891,5.229913903375595,3.3700860966244046,original_baseline,/workspaces/LPR_redux/LPR_pycap_opt/notebooks/fish_dollars_baseline_0.0_1.0_0.01_tradeoff.csv
gen=37_member=4697_pso,94.70569649188306,7.129147524851472,1.470852475148528,original_baseline,/workspaces/LPR_redux/LPR_pycap_opt/notebooks/fish_dollars_baseline_0.0_1.0_0.01_tradeoff.csv
gen=42_member=5264_pso,114.57630061886022,4.357382539951839,4.2426174600481605,original_baseline,/workspaces/LPR_redux/LPR_pycap_opt/notebooks/fish_dollars_baseline_0.0_1.0_0.01_tradeoff.csv
gen=43_member=5399_pso,112.65591182024087,5.355092859895867,3.2449071401041327,original_baseline,/workspaces/LPR_redux/LPR_pycap_opt/notebooks/fish_dollars_baseline_0.0_1.0_0.01_tradeoff.csv
gen=35_member=4383_pso,97.35944478613342,7.0094373258254175,1.590562674174582,original_baseline,/workspaces/LPR_redux/LPR_pycap_opt/notebooks/fish_dollars_baseline_0.0_1.0_0.01_tradeoff.csv
gen=47_member=5964_pso,99.73355526519008,6.858617841642401,1.7413821583575984,original_baseline,/workspaces/LPR_redux/LPR_pycap_opt/notebooks/fish_dollars_baseline_0.0_1.0_0.01_tradeoff.csv
gen=45_member=5721_pso,101.16676834400872,6.800318432458673,1.7996815675413265,original_baseline,/workspaces/LPR_redux/LPR_pycap_opt/notebooks/fish_dollars_baseline_0.0_1.0_0.01_tradeoff.csv
gen=47_member=5893_pso,95.09119904342973,7.126740323182053,1.473259676817947,original_baseline,/workspaces/LPR_redux/LPR_pycap_opt/notebooks/fish_dollars_baseline_0.0_1.0_0.01_tradeoff.csv
gen=35_member=4446_pso,105.43718347244253,6.486594740790137,2.113405259209862,original_baseline,/workspaces/LPR_redux/LPR_pycap_opt/notebooks/fish_dollars_baseline_0.0_1.0_0.01_tradeoff.csv
gen=45_member=5683_pso,96.66053501675728,7.065920012928887,1.5340799870711133,original_baseline,/workspaces/LPR_redux/LPR_pycap_opt/notebooks/fish_dollars_baseline_0.0_1.0_0.01_tradeoff.csv
gen=49_member=6242_pso,109.70851211896866,5.984838701056684,2.615161298943316,original_baseline,/workspaces/LPR_redux/LPR_pycap_opt/notebooks/fish_dollars_baseline_0.0_1.0_0.01_tradeoff.csv
gen=45_member=5670_pso,97.16193061133863,7.029389200339656,1.5706107996603436,original_baseline,/workspaces/LPR_redux/LPR_pycap_opt/notebooks/fish_dollars_baseline_0.0_1.0_0.01_tradeoff.csv
gen=38_member=4778_pso,95.73939619369216,7.067698462137324,1.532301537862676,original_baseline,/workspaces/LPR_redux/LPR_pycap_opt/notebooks/fish_dollars_baseline_0.0_1.0_0.01_tradeoff.csv
gen=43_member=5423_pso,114.14833826687595,4.438608458609333,4.161391541390667,original_baseline,/workspaces/LPR_redux/LPR_pycap_opt/notebooks/fish_dollars_baseline_0.0_1.0_0.01_tradeoff.csv
gen=38_member=4827_pso,113.21305019021383,4.905776156419224,3.694223843580776,original_baseline,/workspaces/LPR_redux/LPR_pycap_opt/notebooks/fish_dollars_baseline_0.0_1.0_0.01_tradeoff.csv
gen=46_member=5827_pso,113.2238098081547,5.045665954945619,3.55433404505438,original_baseline,/workspaces/LPR_redux/LPR_pycap_opt/notebooks/fish_dollars_baseline_0.0_1.0_0.01_tradeoff.csv
gen=49_member=6197_pso,101.62509622884738,6.767087995463632,1.832912004536368,original_baseline,/workspaces/LPR_redux/LPR_pycap_opt/notebooks/fish_dollars_baseline_0.0_1.0_0.01_tradeoff.csv
gen=34_member=4254_pso,109.37481145404622,6.032010509780402,2.5679894902195968,original_baseline,/workspaces/LPR_redux/LPR_pycap_opt/notebooks/fish_dollars_baseline_0.0_1.0_0.01_tradeoff.csv
gen=46_member=5867_pso,103.53414421241396,6.621398329313642,1.9786016706863567,original_baseline,/workspaces/LPR_redux/LPR_pycap_opt/notebooks/fish_dollars_baseline_0.0_1.0_0.01_tradeoff.csv
gen=31_member=3915_pso,113.00374297232716,4.938415876596944,3.6615841234030553,original_baseline,/workspaces/LPR_redux/LPR_pycap_opt/notebooks/fish_dollars_baseline_0.0_1.0_0.01_tradeoff.csv
gen=47_member=5976_pso,104.56249275210423,6.509666480452935,2.090333519547064,original_baseline,/workspaces/LPR_redux/LPR_pycap_opt/notebooks/fish_dollars_baseline_0.0_1.0_0.01_tradeoff.csv
gen=39_member=4925_pso,110.58568020360347,5.864297639424465,2.7357023605755346,original_baseline,/workspaces/LPR_redux/LPR_pycap_opt/notebooks/fish_dollars_baseline_0.0_1.0_0.01_tradeoff.csv
gen=36_member=4494_pso,96.85143693042826,7.018007183744514,1.5819928162554864,original_baseline,/workspaces/LPR_redux/LPR_pycap_opt/notebooks/fish_dollars_baseline_0.0_1.0_0.01_tradeoff.csv
gen=44_member=5537_pso,98.6574193960521,6.924414477278655,1.675585522721344,original_baseline,/workspaces/LPR_redux/LPR_pycap_opt/notebooks/fish_dollars_baseline_0.0_1.0_0.01_tradeoff.csv
gen=46_member=5774_pso,113.69912185042058,4.799183081404656,3.800816918595344,original_baseline,/workspaces/LPR_redux/LPR_pycap_opt/notebooks/fish_dollars_baseline_0.0_1.0_0.01_tradeoff.csv
gen=37_member=4723_pso,104.51821829993284,6.565250283271652,2.034749716728347,original_baseline,/workspaces/LPR_redux/LPR_pycap_opt/notebooks/fish_dollars_baseline_0.0_1.0_0.01_tradeoff.csv
gen=45_member=5711_pso,98.88372203694126,6.922030430058356,1.677969569941643,original_baseline,/workspaces/LPR_redux/LPR_pycap_opt/notebooks/fish_dollars_baseline_0.0_1.0_0.01_tradeoff.csv
gen=29_member=3643_pso,102.35385246307234,6.707143575449283,1.8928564245507165,original_baseline,/workspaces/LPR_redux/LPR_pycap_opt/notebooks/fish_dollars_baseline_0.0_1.0_0.01_tradeoff.csv
gen=28_member=3493_pso,111.9863428334898,5.509193157700887,3.090806842299113,original_baseline,/workspaces/LPR_redux/LPR_pycap_opt/notebooks/fish_dollars_baseline_0.0_1.0_0.01_tradeoff.csv
gen=39_member=4935_pso,103.94575675561089,6.578688224468146,2.0213117755318537,original_baseline,/workspaces/LPR_redux/LPR_pycap_opt/notebooks/fish_dollars_baseline_0.0_1.0_0.01_tradeoff.csv
gen=44_member=5540_pso,114.24062085923713,4.40229865627693,4.19770134372307,original_baseline,/workspaces/LPR_redux/LPR_pycap_opt/notebooks/fish_dollars_baseline_0.0_1.0_0.01_tradeoff.csv
gen=42_member=5321_pso,111.78648614600374,5.562457044642888,3.037542955357112,original_baseline,/workspaces/LPR_redux/LPR_pycap_opt/notebooks/fish_dollars_baseline_0.0_1.0_0.01_tradeoff.csv
gen=39_member=4882_pso,99.87513479569049,6.868835712746872,1.7311642872531274,original_baseline,/workspaces/LPR_redux/LPR_pycap_opt/notebooks/fish_dollars_baseline_0.0_1.0_0.01_tradeoff.csv
gen=39_member=4970_pso,111.96940359624068,5.4665230603289645,3.133476939671035,original_baseline,/workspaces/LPR_redux/LPR_pycap_opt/notebooks/fish_dollars_baseline_0.0_1.0_0.01_tradeoff.csv
gen=32_member=3991_pso,113.67330393858845,4.741201190189233,3.858798809810767,original_baseline,/workspaces/LPR_redux/LPR_pycap_opt/notebooks/fish_dollars_baseline_0.0_1.0_0.01_tradeoff.csv
gen=37_member=4713_pso,113.25772935035332,4.874968694613963,3.725031305386037,original_baseline,/workspaces/LPR_redux/LPR_pycap_opt/notebooks/fish_dollars_baseline_0.0_1.0_0.01_tradeoff.csv
gen=41_member=5214_pso,111.63288578333945,5.678232495101188,2.921767504898812,original_baseline,/workspaces/LPR_redux/LPR_pycap_opt/notebooks/fish_dollars_baseline_0.0_1.0_0.01_tradeoff.csv
gen=47_member=5902_pso,102.73348980575346,6.696482935204916,1.903517064795084,original_baseline,/workspaces/LPR_redux/LPR_pycap_opt/notebooks/fish_dollars_baseline_0.0_1.0_0.01_tradeoff.csv
gen=45_member=5714_pso,110.83641056276991,5.6416380971052575,2.9583619028947417,original_baseline,/workspaces/LPR_redux/LPR_pycap_opt/notebooks/fish_dollars_baseline_0.0_1.0_0.01_tradeoff.csv
gen=45_member=5725_pso,94.92484395972832,7.100423713310399,1.4995762866896,original_baseline,/workspaces/LPR_redux/LPR_pycap_opt/notebooks/fish_dollars_baseline_0.0_1.0_0.01_tradeoff.csv
gen=41_member=5219_pso,100.4892788980953,6.8343421785477325,1.765657821452267,original_baseline,/workspaces/LPR_redux/LPR_pycap_opt/notebooks/fish_dollars_baseline_0.0_1.0_0.01_tradeoff.csv
gen=38_member=4779_pso,106.56349128989484,6.369252095378082,2.2307479046219183,original_baseline,/workspaces/LPR_redux/LPR_pycap_opt/notebooks/fish_dollars_baseline_0.0_1.0_0.01_tradeoff.csv
gen=39_member=4891_pso,114.03279585529302,4.466077227336892,4.133922772663108,original_baseline,/workspaces/LPR_redux/LPR_pycap_opt/notebooks/fish_dollars_baseline_0.0_1.0_0.01_tradeoff.csv
gen=38_member=4772_pso,104.91361673111813,6.530701134798303,2.069298865201697,original_baseline,/workspaces/LPR_redux/LPR_pycap_opt/notebooks/fish_dollars_baseline_0.0_1.0_0.01_tradeoff.csv
gen=42_member=5263_pso,114.2231090729247,4.405982573321649,4.194017426678351,original_baseline,/workspaces/LPR_redux/LPR_pycap_opt/notebooks/fish_dollars_baseline_0.0_1.0_0.01_tradeoff.csv
gen=40_member=5076_pso,109.05372553233512,6.093083193464476,2.506916806535524,original_baseline,/workspaces/LPR_redux/LPR_pycap_opt/notebooks/fish_dollars_baseline_0.0_1.0_0.01_tradeoff.csv
gen=49_member=6161_pso,95.0212236982621,7.092878224299081,1.5071217757009188,original_baseline,/workspaces/LPR_redux/LPR_pycap_opt/notebooks/fish_dollars_baseline_0.0_1.0_0.01_tradeoff.csv
gen=43_member=5437_pso,110.0371554586528,5.935846268146571,2.6641537318534287,original_baseline,/workspaces/LPR_redux/LPR_pycap_opt/notebooks/fish_dollars_baseline_0.0_1.0_0.01_tradeoff.csv
gen=44_member=5578_pso,97.54638044457472,6.986851054676595,1.6131489453234047,original_baseline,/workspaces/LPR_redux/LPR_pycap_opt/notebooks/fish_dollars_baseline_0.0_1.0_0.01_tradeoff.csv
gen=36_member=4573_pso,94.4212472733701,7.132963773695648,1.467036226304352,original_baseline,/workspaces/LPR_redux/LPR_pycap_opt/notebooks/fish_dollars_baseline_0.0_1.0_0.01_tradeoff.csv
gen=44_member=5555_pso,106.33435907938645,6.419872018663231,2.1801279813367684,original_baseline,/workspaces/LPR_redux/LPR_pycap_opt/notebooks/fish_dollars_baseline_0.0_1.0_0.01_tradeoff.csv
gen=38_member=4840_pso,110.65561254523404,5.70584963734393,2.8941503626560694,original_baseline,/workspaces/LPR_redux/LPR_pycap_opt/notebooks/fish_dollars_baseline_0.0_1.0_0.01_tradeoff.csv
gen=47_member=5966_pso,106.83232756636184,6.348413813457285,2.2515861865427143,original_baseline,/workspaces/LPR_redux/LPR_pycap_opt/notebooks/fish_dollars_baseline_0.0_1.0_0.01_tradeoff.csv
gen=47_member=5898_pso,108.8563734270453,6.13618009094297,2.4638199090570296,original_baseline,/workspaces/LPR_redux/LPR_pycap_opt/notebooks/fish_dollars_baseline_0.0_1.0_0.01_tradeoff.csv
gen=38_member=4768_pso,97.90899361757796,6.975305559697296,1.6246944403027035,original_baseline,/workspaces/LPR_redux/LPR_pycap_opt/notebooks/fish_dollars_baseline_0.0_1.0_0.01_tradeoff.csv
gen=41_member=5241_pso,105.80459369438688,6.463978531348902,2.136021468651097,original_baseline,/workspaces/LPR_redux/LPR_pycap_opt/notebooks/fish_dollars_baseline_0.0_1.0_0.01_tradeoff.csv
gen=39_member=4901_pso,94.20547249717248,7.136506989630247,1.4634930103697523,original_baseline,/workspaces/LPR_redux/LPR_pycap_opt/notebooks/fish_dollars_baseline_0.0_1.0_0.01_tradeoff.csv
gen=40_member=5082_pso,97.7433022560946,6.959027768521216,1.6409722314787831,original_baseline,/workspaces/LPR_redux/LPR_pycap_opt/notebooks/fish_dollars_baseline_0.0_1.0_0.01_tradeoff.csv
gen=49_member=6158_pso,110.07939932720215,5.848018087151196,2.751981912848804,original_baseline,/workspaces/LPR_redux/LPR_pycap_opt/notebooks/fish_dollars_baseline_0.0_1.0_0.01_tradeoff.csv
gen=49_member=6216_pso,110.4547860683974,5.762882942320246,2.837117057679753,original_baseline,/workspaces/LPR_redux/LPR_pycap_opt/notebooks/fish_dollars_baseline_0.0_1.0_0.01_tradeoff.csv
gen=47_member=6002_pso,95.10278236398176,7.089758722592024,1.5102412774079752,original_baseline,/workspaces/LPR_redux/LPR_pycap_opt/notebooks/fish_dollars_baseline_0.0_1.0_0.01_tradeoff.csv
gen=32_member=3978_pso,108.89204420727565,6.146686018558967,2.453313981441033,original_baseline,/workspaces/LPR_redux/LPR_pycap_opt/notebooks/fish_dollars_baseline_0.0_1.0_0.01_tradeoff.csv
gen=24_member=2976_pso,109.84638690998572,5.914949870776232,2.685050129223768,original_baseline,/workspaces/LPR_redux/LPR_pycap_opt/notebooks/fish_dollars_baseline_0.0_1.0_0.01_tradeoff.csv
gen=46_member=5863_pso,107.64404418712996,6.287900263183223,2.312099736816777,original_baseline,/workspaces/LPR_redux/LPR_pycap_opt/notebooks/fish_dollars_baseline_0.0_1.0_0.01_tradeoff.csv
gen=49_member=6159_pso,100.67409953305352,6.8226285366726,1.7773714633273998,original_baseline,/workspaces/LPR_redux/LPR_pycap_opt/notebooks/fish_dollars_baseline_0.0_1.0_0.01_tradeoff.csv
gen=49_member=6198_pso,105.98793942530666,6.4494549561429455,2.150545043857054,original_baseline,/workspaces/LPR_redux/LPR_pycap_opt/notebooks/fish_dollars_baseline_0.0_1.0_0.01_tradeoff.csv
gen=39_member=4883_pso,108.14209190600936,6.2266072606322975,2.373392739367702,original_baseline,/workspaces/LPR_redux/LPR_pycap_opt/notebooks/fish_dollars_baseline_0.0_1.0_0.01_tradeoff.csv
gen=36_member=4595_pso,112.53185200645224,5.411821069876371,3.188178930123629,original_baseline,/workspaces/LPR_redux/LPR_pycap_opt/notebooks/fish_dollars_baseline_0.0_1.0_0.01_tradeoff.csv
gen=44_member=5538_pso,109.1501561048995,6.077785297679284,2.522214702320716,original_baseline,/workspaces/LPR_redux/LPR_pycap_opt/notebooks/fish_dollars_baseline_0.0_1.0_0.01_tradeoff.csv
gen=47_member=5958_pso,103.68829736650471,6.59734774647386,2.0026522535261395,original_baseline,/workspaces/LPR_redux/LPR_pycap_opt/notebooks/fish_dollars_baseline_0.0_1.0_0.01_tradeoff.csv
gen=46_member=5862_pso,113.09739572459912,5.127386814601836,3.472613185398164,original_baseline,/workspaces/LPR_redux/LPR_pycap_opt/notebooks/fish_dollars_baseline_0.0_1.0_0.01_tradeoff.csv
gen=48_member=6077_pso,109.01445548019012,6.091617520994447,2.5083824790055527,original_baseline,/workspaces/LPR_redux/LPR_pycap_opt/notebooks/fish_dollars_baseline_0.0_1.0_0.01_tradeoff.csv
gen=38_member=4784_pso,103.048263309409,6.666414597870984,1.9335854021290155,original_baseline,/workspaces/LPR_redux/LPR_pycap_opt/notebooks/fish_dollars_baseline_0.0_1.0_0.01_tradeoff.csv
gen=38_member=4799_pso,110.570080748672,5.720039642581016,2.879960357418984,original_baseline,/workspaces/LPR_redux/LPR_pycap_opt/notebooks/fish_dollars_baseline_0.0_1.0_0.01_tradeoff.csv
gen=33_member=4144_pso,96.24475639862769,7.048896018284096,1.5511039817159038,original_baseline,/workspaces/LPR_redux/LPR_pycap_opt/notebooks/fish_dollars_baseline_0.0_1.0_0.01_tradeoff.csv
gen=40_member=5066_pso,108.717504597016,6.14185148605955,2.4581485139404498,original_baseline,/workspaces/LPR_redux/LPR_pycap_opt/notebooks/fish_dollars_baseline_0.0_1.0_0.01_tradeoff.csv
gen=40_member=5054_pso,107.3493686334244,6.320863213967003,2.279136786032996,original_baseline,/workspaces/LPR_redux/LPR_pycap_opt/notebooks/fish_dollars_baseline_0.0_1.0_0.01_tradeoff.csv
gen=45_member=5693_pso,98.77188407404655,6.91440673029158,1.6855932697084195,original_baseline,/workspaces/LPR_redux/LPR_pycap_opt/notebooks/fish_dollars_baseline_0.0_1.0_0.01_tradeoff.csv
gen=48_member=6031_pso,112.20124680568358,5.451872154613838,3.148127845386162,original_baseline,/workspaces/LPR_redux/LPR_pycap_opt/notebooks/fish_dollars_baseline_0.0_1.0_0.01_tradeoff.csv
gen=31_member=3921_pso,112.6074654536482,5.167740737016297,3.432259262983702,original_baseline,/workspaces/LPR_redux/LPR_pycap_opt/notebooks/fish_dollars_baseline_0.0_1.0_0.01_tradeoff.csv
gen=44_member=5545_pso,107.39692250276067,6.306850251910206,2.2931497480897933,original_baseline,/workspaces/LPR_redux/LPR_pycap_opt/notebooks/fish_dollars_baseline_0.0_1.0_0.01_tradeoff.csv
gen=39_member=4943_pso,107.53167694853488,6.249636104976979,2.350363895023021,original_baseline,/workspaces/LPR_redux/LPR_pycap_opt/notebooks/fish_dollars_baseline_0.0_1.0_0.01_tradeoff.csv
gen=34_member=4333_pso,106.99070700622325,6.327466167456523,2.272533832543477,original_baseline,/workspaces/LPR_redux/LPR_pycap_opt/notebooks/fish_dollars_baseline_0.0_1.0_0.01_tradeoff.csv
gen=46_member=5865_pso,97.81055673545032,6.9765308619299695,1.62346913807003,original_baseline,/workspaces/LPR_redux/LPR_pycap_opt/notebooks/fish_dollars_baseline_0.0_1.0_0.01_tradeoff.csv
gen=35_member=4371_pso,108.63901338704616,6.163962065820147,2.4360379341798524,original_baseline,/workspaces/LPR_redux/LPR_pycap_opt/notebooks/fish_dollars_baseline_0.0_1.0_0.01_tradeoff.csv
gen=39_member=4906_pso,102.64749435858384,6.674995446226635,1.9250045537733649,original_baseline,/workspaces/LPR_redux/LPR_pycap_opt/notebooks/fish_dollars_baseline_0.0_1.0_0.01_tradeoff.csv
gen=47_member=5999_pso,98.0143673809185,6.968811206247846,1.631188793752154,original_baseline,/workspaces/LPR_redux/LPR_pycap_opt/notebooks/fish_dollars_baseline_0.0_1.0_0.01_tradeoff.csv
gen=42_member=5333_pso,99.02969080565414,6.893978709472,1.7060212905279992,original_baseline,/workspaces/LPR_redux/LPR_pycap_opt/notebooks/fish_dollars_baseline_0.0_1.0_0.01_tradeoff.csv
gen=46_member=5794_pso,110.12403010688436,5.813172569755593,2.786827430244407,original_baseline,/workspaces/LPR_redux/LPR_pycap_opt/notebooks/fish_dollars_baseline_0.0_1.0_0.01_tradeoff.csv
gen=43_member=5487_pso,112.5975114153679,5.376694495342707,3.2233055046572927,original_baseline,/workspaces/LPR_redux/LPR_pycap_opt/notebooks/fish_dollars_baseline_0.0_1.0_0.01_tradeoff.csv
gen=30_member=3743_pso,98.87476699472488,6.886411008643066,1.713588991356934,original_baseline,/workspaces/LPR_redux/LPR_pycap_opt/notebooks/fish_dollars_baseline_0.0_1.0_0.01_tradeoff.csv
gen=39_member=4904_pso,98.31171998129363,6.947925291470112,1.652074708529888,original_baseline,/workspaces/LPR_redux/LPR_pycap_opt/notebooks/fish_dollars_baseline_0.0_1.0_0.01_tradeoff.csv
gen=47_member=5956_pso,113.30510653004454,4.852302008886767,3.747697991113233,original_baseline,/workspaces/LPR_redux/LPR_pycap_opt/notebooks/fish_dollars_baseline_0.0_1.0_0.01_tradeoff.csv
gen=45_member=5633_pso,95.30143297477466,7.107120656330995,1.4928793436690044,original_baseline,/workspaces/LPR_redux/LPR_pycap_opt/notebooks/fish_dollars_baseline_0.0_1.0_0.01_tradeoff.csv
gen=42_member=5374_pso,112.55962176614192,5.404634033161063,3.1953659668389367,original_baseline,/workspaces/LPR_redux/LPR_pycap_opt/notebooks/fish_dollars_baseline_0.0_1.0_0.01_tradeoff.csv
gen=48_member=6063_pso,111.5271380676041,5.644945459733041,2.955054540266959,original_baseline,/workspaces/LPR_redux/LPR_pycap_opt/notebooks/fish_dollars_baseline_0.0_1.0_0.01_tradeoff.csv
gen=37_member=4733_pso,108.61156309319594,6.171699368849394,2.428300631150606,original_baseline,/workspaces/LPR_redux/LPR_pycap_opt/notebooks/fish_dollars_baseline_0.0_1.0_0.01_tradeoff.csv
gen=38_member=4788_pso,112.62398846957838,5.176809068516462,3.423190931483538,original_baseline,/workspaces/LPR_redux/LPR_pycap_opt/notebooks/fish_dollars_baseline_0.0_1.0_0.01_tradeoff.csv
gen=42_member=5267_pso,107.45597705784031,6.25265429188846,2.34734570811154,original_baseline,/workspaces/LPR_redux/LPR_pycap_opt/notebooks/fish_dollars_baseline_0.0_1.0_0.01_tradeoff.csv
gen=46_member=5801_pso,113.12069608391144,5.091722587901828,3.508277412098173,original_baseline,/workspaces/LPR_redux/LPR_pycap_opt/notebooks/fish_dollars_baseline_0.0_1.0_0.01_tradeoff.csv
gen=47_member=5934_pso,113.82845268608736,4.727523465369273,3.872476534630727,original_baseline,/workspaces/LPR_redux/LPR_pycap_opt/notebooks/fish_dollars_baseline_0.0_1.0_0.01_tradeoff.csv
gen=40_member=5041_pso,99.76384778944056,6.879761105089104,1.7202388949108955,original_baseline,/workspaces/LPR_redux/LPR_pycap_opt/notebooks/fish_dollars_baseline_0.0_1.0_0.01_tradeoff.csv
gen=44_member=5596_pso,102.5824989565538,6.693556892688298,1.9064431073117016,original_baseline,/workspaces/LPR_redux/LPR_pycap_opt/notebooks/fish_dollars_baseline_0.0_1.0_0.01_tradeoff.csv
gen=46_member=5800_pso,96.39977133183513,7.0609735356928,1.5390264643071996,original_baseline,/workspaces/LPR_redux/LPR_pycap_opt/notebooks/fish_dollars_baseline_0.0_1.0_0.01_tradeoff.csv
90,116.67468713137949,4.024778407074203,4.575221592925796,original_baseline,/workspaces/LPR_redux/LPR_pycap_opt/notebooks/fish_dollars_baseline_0.0_1.0_0.01_tradeoff.csv
8,116.819175058614,4.0256290590736885,4.574370940926311,original_baseline,/workspaces/LPR_redux/LPR_pycap_opt/notebooks/fish_dollars_baseline_0.0_1.0_0.01_tradeoff.csv
gen=47_member=5927_pso,113.32607814094932,4.802858315536497,3.797141684463503,original_baseline,/workspaces/LPR_redux/LPR_pycap_opt/notebooks/fish_dollars_baseline_0.0_1.0_0.01_tradeoff.csv
gen=23_member=2880_pso,112.54488816405248,5.213580859432441,3.3864191405675586,original_baseline,/workspaces/LPR_redux/LPR_pycap_opt/notebooks/fish_dollars_baseline_0.0_1.0_0.01_tradeoff.csv
gen=45_member=5694_pso,110.26632303575404,5.784267762124034,2.8157322378759657,original_baseline,/workspaces/LPR_redux/LPR_pycap_opt/notebooks/fish_dollars_baseline_0.0_1.0_0.01_tradeoff.csv
gen=33_member=4157_pso,113.29242406732844,4.82124385645948,3.77875614354052,original_baseline,/workspaces/LPR_redux/LPR_pycap_opt/notebooks/fish_dollars_baseline_0.0_1.0_0.01_tradeoff.csv
gen=39_member=4884_pso,108.19091160155206,6.190171289042105,2.409828710957895,original_baseline,/workspaces/LPR_redux/LPR_pycap_opt/notebooks/fish_dollars_baseline_0.0_1.0_0.01_tradeoff.csv
gen=43_member=5440_pso,112.7857427807531,5.142030416018201,3.4579695839817983,original_baseline,/workspaces/LPR_redux/LPR_pycap_opt/notebooks/fish_dollars_baseline_0.0_1.0_0.01_tradeoff.csv
gen=33_member=4206_pso,106.53505039490534,6.334191750730906,2.2658082492690945,original_baseline,/workspaces/LPR_redux/LPR_pycap_opt/notebooks/fish_dollars_baseline_0.0_1.0_0.01_tradeoff.csv
gen=48_member=6130_pso,106.17302153939254,6.389912498135963,2.2100875018640367,original_baseline,/workspaces/LPR_redux/LPR_pycap_opt/notebooks/fish_dollars_baseline_0.0_1.0_0.01_tradeoff.csv
gen=40_member=5021_pso,112.60092388634176,5.20019904354699,3.3998009564530096,original_baseline,/workspaces/LPR_redux/LPR_pycap_opt/notebooks/fish_dollars_baseline_0.0_1.0_0.01_tradeoff.csv
gen=45_member=5738_pso,100.0899902755567,6.830547587811943,1.7694524121880564,original_baseline,/workspaces/LPR_redux/LPR_pycap_opt/notebooks/fish_dollars_baseline_0.0_1.0_0.01_tradeoff.csv
gen=27_member=3377_pso,113.3320549628913,4.829414840065506,3.7705851599344937,original_baseline,/workspaces/LPR_redux/LPR_pycap_opt/notebooks/fish_dollars_baseline_0.0_1.0_0.01_tradeoff.csv
gen=46_member=5826_pso,113.32690866786946,4.846733754611018,3.7532662453889833,original_baseline,/workspaces/LPR_redux/LPR_pycap_opt/notebooks/fish_dollars_baseline_0.0_1.0_0.01_tradeoff.csv
gen=41_member=5141_pso,101.96293971417602,6.742153952679171,1.8578460473208287,original_baseline,/workspaces/LPR_redux/LPR_pycap_opt/notebooks/fish_dollars_baseline_0.0_1.0_0.01_tradeoff.csv
gen=29_member=3677_pso,106.21570939220872,6.390517615708084,2.209482384291916,original_baseline,/workspaces/LPR_redux/LPR_pycap_opt/notebooks/fish_dollars_baseline_0.0_1.0_0.01_tradeoff.csv
gen=35_member=4441_pso,112.5508821605272,5.202237779570403,3.397762220429597,original_baseline,/workspaces/LPR_redux/LPR_pycap_opt/notebooks/fish_dollars_baseline_0.0_1.0_0.01_tradeoff.csv
gen=31_member=3912_pso,108.11823923338456,6.203492153388663,2.3965078466113363,original_baseline,/workspaces/LPR_redux/LPR_pycap_opt/notebooks/fish_dollars_baseline_0.0_1.0_0.01_tradeoff.csv
gen=44_member=5517_pso,113.17014525144631,5.076100786877321,3.523899213122679,original_baseline,/workspaces/LPR_redux/LPR_pycap_opt/notebooks/fish_dollars_baseline_0.0_1.0_0.01_tradeoff.csv
gen=49_member=6177_pso,113.18680732702865,5.06471106184965,3.5352889381503494,original_baseline,/workspaces/LPR_redux/LPR_pycap_opt/notebooks/fish_dollars_baseline_0.0_1.0_0.01_tradeoff.csv
gen=44_member=5611_pso,110.13255717670268,5.82713349858247,2.7728665014175293,original_baseline,/workspaces/LPR_redux/LPR_pycap_opt/notebooks/fish_dollars_baseline_0.0_1.0_0.01_tradeoff.csv
gen=35_member=4426_pso,112.00833760622754,5.526969269265274,3.0730307307347253,original_baseline,/workspaces/LPR_redux/LPR_pycap_opt/notebooks/fish_dollars_baseline_0.0_1.0_0.01_tradeoff.csv
gen=25_member=3126_pso,109.82128028475516,5.916560201231608,2.683439798768392,original_baseline,/workspaces/LPR_redux/LPR_pycap_opt/notebooks/fish_dollars_baseline_0.0_1.0_0.01_tradeoff.csv
gen=36_member=4525_pso,103.08223677454352,6.650960231293066,1.9490397687069327,original_baseline,/workspaces/LPR_redux/LPR_pycap_opt/notebooks/fish_dollars_baseline_0.0_1.0_0.01_tradeoff.csv
gen=47_member=5916_pso,110.27610661178848,5.7814671314147255,2.818532868585274,original_baseline,/workspaces/LPR_redux/LPR_pycap_opt/notebooks/fish_dollars_baseline_0.0_1.0_0.01_tradeoff.csv
gen=37_member=4683_pso,108.2481621981734,6.195926428078309,2.4040735719216904,original_baseline,/workspaces/LPR_redux/LPR_pycap_opt/notebooks/fish_dollars_baseline_0.0_1.0_0.01_tradeoff.csv
gen=30_member=3767_pso,111.9406436963892,5.541651245132861,3.058348754867139,original_baseline,/workspaces/LPR_redux/LPR_pycap_opt/notebooks/fish_dollars_baseline_0.0_1.0_0.01_tradeoff.csv
gen=41_member=5185_pso,105.72763923366928,6.456366832581648,2.1436331674183515,original_baseline,/workspaces/LPR_redux/LPR_pycap_opt/notebooks/fish_dollars_baseline_0.0_1.0_0.01_tradeoff.csv
gen=40_member=5102_pso,113.76617446841054,4.73123341350035,3.8687665864996497,original_baseline,/workspaces/LPR_redux/LPR_pycap_opt/notebooks/fish_dollars_baseline_0.0_1.0_0.01_tradeoff.csv
gen=40_member=5107_pso,112.8059556657408,5.141952553014447,3.4580474469855527,original_baseline,/workspaces/LPR_redux/LPR_pycap_opt/notebooks/fish_dollars_baseline_0.0_1.0_0.01_tradeoff.csv
gen=36_member=4597_pso,112.6079548595428,5.365227579138125,3.234772420861874,original_baseline,/workspaces/LPR_redux/LPR_pycap_opt/notebooks/fish_dollars_baseline_0.0_1.0_0.01_tradeoff.csv
gen=43_member=5401_pso,111.8430583830265,5.537259880534677,3.0627401194653223,original_baseline,/workspaces/LPR_redux/LPR_pycap_opt/notebooks/fish_dollars_baseline_0.0_1.0_0.01_tradeoff.csv
gen=34_member=4241_pso,113.14323558020196,5.08666873967983,3.5133312603201694,original_baseline,/workspaces/LPR_redux/LPR_pycap_opt/notebooks/fish_dollars_baseline_0.0_1.0_0.01_tradeoff.csv
gen=41_member=5136_pso,97.16250703717714,7.028807229190509,1.5711927708094906,original_baseline,/workspaces/LPR_redux/LPR_pycap_opt/notebooks/fish_dollars_baseline_0.0_1.0_0.01_tradeoff.csv
gen=30_member=3730_pso,113.21728443243124,5.053570446627202,3.5464295533727976,original_baseline,/workspaces/LPR_redux/LPR_pycap_opt/notebooks/fish_dollars_baseline_0.0_1.0_0.01_tradeoff.csv
gen=26_member=3274_pso,112.07973872310944,5.456911582503885,3.143088417496115,original_baseline,/workspaces/LPR_redux/LPR_pycap_opt/notebooks/fish_dollars_baseline_0.0_1.0_0.01_tradeoff.csv
gen=27_member=3397_pso,112.63225927886728,5.360157840014783,3.2398421599852165,original_baseline,/workspaces/LPR_redux/LPR_pycap_opt/notebooks/fish_dollars_baseline_0.0_1.0_0.01_tradeoff.csv
gen=35_member=4358_pso,113.6503419573634,4.735851997123277,3.8641480028767226,original_baseline,/workspaces/LPR_redux/LPR_pycap_opt/notebooks/fish_dollars_baseline_0.0_1.0_0.01_tradeoff.csv
gen=39_member=4886_pso,112.16452252778916,5.45544019849793,3.1445598015020697,original_baseline,/workspaces/LPR_redux/LPR_pycap_opt/notebooks/fish_dollars_baseline_0.0_1.0_0.01_tradeoff.csv
gen=44_member=5592_pso,113.76529433172922,4.73883868894343,3.8611613110565695,original_baseline,/workspaces/LPR_redux/LPR_pycap_opt/notebooks/fish_dollars_baseline_0.0_1.0_0.01_tradeoff.csv
gen=38_member=4844_pso,113.23513178395532,5.049949159347705,3.5500508406522946,original_baseline,/workspaces/LPR_redux/LPR_pycap_opt/notebooks/fish_dollars_baseline_0.0_1.0_0.01_tradeoff.csv
gen=42_member=5368_pso,112.08456921735434,5.453766094601508,3.146233905398492,original_baseline,/workspaces/LPR_redux/LPR_pycap_opt/notebooks/fish_dollars_baseline_0.0_1.0_0.01_tradeoff.csv
gen=41_member=5212_pso,112.64915765448411,5.356229030148956,3.243770969851043,original_baseline,/workspaces/LPR_redux/LPR_pycap_opt/notebooks/fish_dollars_baseline_0.0_1.0_0.01_tradeoff.csv
gen=46_member=5787_pso,112.17869236098876,5.452588643760339,3.147411356239661,original_baseline,/workspaces/LPR_redux/LPR_pycap_opt/notebooks/fish_dollars_baseline_0.0_1.0_0.01_tradeoff.csv
gen=47_member=5970_pso,112.6461079873715,5.355705385582253,3.2442946144177465,original_baseline,/workspaces/LPR_redux/LPR_pycap_opt/notebooks/fish_dollars_baseline_0.0_1.0_0.01_tradeoff.csv
gen=50_member=6375_pso,114.69180670878411,4.306661204551667,4.293338795448332,original_baseline,/workspaces/LPR_redux/LPR_pycap_opt/notebooks/fish_dollars_baseline_0.0_1.0_0.01_tradeoff.csv
gen=50_member=6314_pso,113.8693221053299,4.704768637442159,3.895231362557841,original_baseline,/workspaces/LPR_redux/LPR_pycap_opt/notebooks/fish_dollars_baseline_0.0_1.0_0.01_tradeoff.csv
gen=50_member=6331_pso,114.05102036777932,4.502363235074104,4.097636764925896,original_baseline,/workspaces/LPR_redux/LPR_pycap_opt/notebooks/fish_dollars_baseline_0.0_1.0_0.01_tradeoff.csv
gen=50_member=6311_pso,113.27227453071092,5.012144537940079,3.58785546205992,original_baseline,/workspaces/LPR_redux/LPR_pycap_opt/notebooks/fish_dollars_baseline_0.0_1.0_0.01_tradeoff.csv
gen=50_member=6307_pso,94.41323401755469,7.12886577549956,1.4711342245004395,original_baseline,/workspaces/LPR_redux/LPR_pycap_opt/notebooks/fish_dollars_baseline_0.0_1.0_0.01_tradeoff.csv
gen=50_member=6332_pso,103.5234046825176,6.630616777684313,1.9693832223156864,original_baseline,/workspaces/LPR_redux/LPR_pycap_opt/notebooks/fish_dollars_baseline_0.0_1.0_0.01_tradeoff.csv
gen=50_member=6369_pso,99.8288878691868,6.867544223077314,1.7324557769226856,original_baseline,/workspaces/LPR_redux/LPR_pycap_opt/notebooks/fish_dollars_baseline_0.0_1.0_0.01_tradeoff.csv
gen=50_member=6392_pso,101.68509942023302,6.781277217458165,1.8187227825418355,original_baseline,/workspaces/LPR_redux/LPR_pycap_opt/notebooks/fish_dollars_baseline_0.0_1.0_0.01_tradeoff.csv
gen=50_member=6378_pso,101.99947813991793,6.7543955984777,1.8456044015223,original_baseline,/workspaces/LPR_redux/LPR_pycap_opt/notebooks/fish_dollars_baseline_0.0_1.0_0.01_tradeoff.csv
gen=50_member=6337_pso,111.86862239542312,5.503029890177168,3.0969701098228315,original_baseline,/workspaces/LPR_redux/LPR_pycap_opt/notebooks/fish_dollars_baseline_0.0_1.0_0.01_tradeoff.csv
gen=50_member=6333_pso,102.20671348643248,6.732477962150708,1.867522037849292,original_baseline,/workspaces/LPR_redux/LPR_pycap_opt/notebooks/fish_dollars_baseline_0.0_1.0_0.01_tradeoff.csv
gen=50_member=6385_pso,98.91751538284902,6.898724244268569,1.7012757557314309,original_baseline,/workspaces/LPR_redux/LPR_pycap_opt/notebooks/fish_dollars_baseline_0.0_1.0_0.01_tradeoff.csv
gen=48_member=6029_pso,91.74281113919692,7.259759706517863,1.3402402934821367,original_T_minus_10pct,/workspaces/LPR_redux/LPR_pycap_opt/notebooks/fish_dollars_Tmin10per_0.0_1.0_0.01_tradeoff.csv
56,117.27606605647958,4.055552463962214,4.544447536037786,original_T_minus_10pct,/workspaces/LPR_redux/LPR_pycap_opt/notebooks/fish_dollars_Tmin10per_0.0_1.0_0.01_tradeoff.csv
64,116.39468811431688,4.3842535950409465,4.215746404959053,original_T_minus_10pct,/workspaces/LPR_redux/LPR_pycap_opt/notebooks/fish_dollars_Tmin10per_0.0_1.0_0.01_tradeoff.csv
30,116.2736427715908,4.155663994463076,4.444336005536924,original_T_minus_10pct,/workspaces/LPR_redux/LPR_pycap_opt/notebooks/fish_dollars_Tmin10per_0.0_1.0_0.01_tradeoff.csv
gen=41_member=5180_pso,93.85253120091204,7.194825425865076,1.405174574134923,original_T_minus_10pct,/workspaces/LPR_redux/LPR_pycap_opt/notebooks/fish_dollars_Tmin10per_0.0_1.0_0.01_tradeoff.csv
18,116.27445846987214,4.277132016959438,4.322867983040561,original_T_minus_10pct,/workspaces/LPR_redux/LPR_pycap_opt/notebooks/fish_dollars_Tmin10per_0.0_1.0_0.01_tradeoff.csv
105,116.58536880521854,4.254240743754252,4.345759256245747,original_T_minus_10pct,/workspaces/LPR_redux/LPR_pycap_opt/notebooks/fish_dollars_Tmin10per_0.0_1.0_0.01_tradeoff.csv
gen=48_member=6033_pso,95.7430760001669,7.152450777380196,1.4475492226198037,original_T_minus_10pct,/workspaces/LPR_redux/LPR_pycap_opt/notebooks/fish_dollars_Tmin10per_0.0_1.0_0.01_tradeoff.csv
35,117.41614755261728,4.059314799192281,4.540685200807719,original_T_minus_10pct,/workspaces/LPR_redux/LPR_pycap_opt/notebooks/fish_dollars_Tmin10per_0.0_1.0_0.01_tradeoff.csv
gen=40_member=5053_pso,102.23739041426116,6.8485488338776666,1.7514511661223329,original_T_minus_10pct,/workspaces/LPR_redux/LPR_pycap_opt/notebooks/fish_dollars_Tmin10per_0.0_1.0_0.01_tradeoff.csv
gen=37_member=4699_pso,113.94963022310031,4.774895740275791,3.825104259724209,original_T_minus_10pct,/workspaces/LPR_redux/LPR_pycap_opt/notebooks/fish_dollars_Tmin10per_0.0_1.0_0.01_tradeoff.csv
gen=49_member=6167_pso,96.15709398718256,7.145591766229506,1.454408233770493,original_T_minus_10pct,/workspaces/LPR_redux/LPR_pycap_opt/notebooks/fish_dollars_Tmin10per_0.0_1.0_0.01_tradeoff.csv
gen=49_member=6249_pso,93.3691159612209,7.207150281348514,1.392849718651486,original_T_minus_10pct,/workspaces/LPR_redux/LPR_pycap_opt/notebooks/fish_dollars_Tmin10per_0.0_1.0_0.01_tradeoff.csv
gen=49_member=6184_pso,102.91743707741466,6.811571741765688,1.7884282582343118,original_T_minus_10pct,/workspaces/LPR_redux/LPR_pycap_opt/notebooks/fish_dollars_Tmin10per_0.0_1.0_0.01_tradeoff.csv
gen=49_member=6250_pso,94.89263443804936,7.179686469917545,1.4203135300824548,original_T_minus_10pct,/workspaces/LPR_redux/LPR_pycap_opt/notebooks/fish_dollars_Tmin10per_0.0_1.0_0.01_tradeoff.csv
gen=47_member=5985_pso,92.50386829485234,7.227729464171224,1.372270535828776,original_T_minus_10pct,/workspaces/LPR_redux/LPR_pycap_opt/notebooks/fish_dollars_Tmin10per_0.0_1.0_0.01_tradeoff.csv
gen=45_member=5683_pso,100.59843418218682,6.952322011420723,1.6476779885792772,original_T_minus_10pct,/workspaces/LPR_redux/LPR_pycap_opt/notebooks/fish_dollars_Tmin10per_0.0_1.0_0.01_tradeoff.csv
gen=45_member=5755_pso,105.172348921779,6.624205220266005,1.9757947797339943,original_T_minus_10pct,/workspaces/LPR_redux/LPR_pycap_opt/notebooks/fish_dollars_Tmin10per_0.0_1.0_0.01_tradeoff.csv
gen=43_member=5391_pso,92.12274695152443,7.234271494906766,1.3657285050932335,original_T_minus_10pct,/workspaces/LPR_redux/LPR_pycap_opt/notebooks/fish_dollars_Tmin10per_0.0_1.0_0.01_tradeoff.csv
gen=38_member=4769_pso,94.99028260597244,7.164609738008696,1.4353902619913033,original_T_minus_10pct,/workspaces/LPR_redux/LPR_pycap_opt/notebooks/fish_dollars_Tmin10per_0.0_1.0_0.01_tradeoff.csv
gen=49_member=6230_pso,113.11051862337877,5.17699960962704,3.42300039037296,original_T_minus_10pct,/workspaces/LPR_redux/LPR_pycap_opt/notebooks/fish_dollars_Tmin10per_0.0_1.0_0.01_tradeoff.csv
gen=43_member=5404_pso,100.14172655835974,6.975026717541762,1.624973282458238,original_T_minus_10pct,/workspaces/LPR_redux/LPR_pycap_opt/notebooks/fish_dollars_Tmin10per_0.0_1.0_0.01_tradeoff.csv
gen=46_member=5824_pso,96.54100795387107,7.116812125273927,1.4831878747260727,original_T_minus_10pct,/workspaces/LPR_redux/LPR_pycap_opt/notebooks/fish_dollars_Tmin10per_0.0_1.0_0.01_tradeoff.csv
gen=45_member=5718_pso,105.6879821466889,6.584345113157124,2.0156548868428765,original_T_minus_10pct,/workspaces/LPR_redux/LPR_pycap_opt/notebooks/fish_dollars_Tmin10per_0.0_1.0_0.01_tradeoff.csv
gen=40_member=5114_pso,114.1077191004299,4.830918520004353,3.769081479995647,original_T_minus_10pct,/workspaces/LPR_redux/LPR_pycap_opt/notebooks/fish_dollars_Tmin10per_0.0_1.0_0.01_tradeoff.csv
gen=49_member=6202_pso,97.48750099137705,7.095190622899208,1.5048093771007909,original_T_minus_10pct,/workspaces/LPR_redux/LPR_pycap_opt/notebooks/fish_dollars_Tmin10per_0.0_1.0_0.01_tradeoff.csv
gen=42_member=5269_pso,105.71968307416051,6.611278077746728,1.988721922253272,original_T_minus_10pct,/workspaces/LPR_redux/LPR_pycap_opt/notebooks/fish_dollars_Tmin10per_0.0_1.0_0.01_tradeoff.csv
gen=46_member=5870_pso,98.04658820180948,7.048097679078312,1.5519023209216876,original_T_minus_10pct,/workspaces/LPR_redux/LPR_pycap_opt/notebooks/fish_dollars_Tmin10per_0.0_1.0_0.01_tradeoff.csv
gen=49_member=6245_pso,92.13433889466796,7.255771185945299,1.3442288140547003,original_T_minus_10pct,/workspaces/LPR_redux/LPR_pycap_opt/notebooks/fish_dollars_Tmin10per_0.0_1.0_0.01_tradeoff.csv
gen=46_member=5886_pso,107.45801000210226,6.41427125747567,2.185728742524329,original_T_minus_10pct,/workspaces/LPR_redux/LPR_pycap_opt/notebooks/fish_dollars_Tmin10per_0.0_1.0_0.01_tradeoff.csv
gen=49_member=6224_pso,106.1768244345819,6.556872850393271,2.0431271496067294,original_T_minus_10pct,/workspaces/LPR_redux/LPR_pycap_opt/notebooks/fish_dollars_Tmin10per_0.0_1.0_0.01_tradeoff.csv
gen=41_member=5166_pso,108.0144516710302,6.401239742408468,2.1987602575915326,original_T_minus_10pct,/workspaces/LPR_redux/LPR_pycap_opt/notebooks/fish_dollars_Tmin10per_0.0_1.0_0.01_tradeoff.csv
gen=46_member=5809_pso,92.43316486340898,7.241705211726535,1.358294788273464,original_T_minus_10pct,/workspaces/LPR_redux/LPR_pycap_opt/notebooks/fish_dollars_Tmin10per_0.0_1.0_0.01_tradeoff.csv
gen=41_member=5134_pso,101.1359867140601,6.923464564452496,1.6765354355475028,original_T_minus_10pct,/workspaces/LPR_redux/LPR_pycap_opt/notebooks/fish_dollars_Tmin10per_0.0_1.0_0.01_tradeoff.csv
gen=32_member=4035_pso,111.51754538878932,5.482152195946758,3.117847804053242,original_T_minus_10pct,/workspaces/LPR_redux/LPR_pycap_opt/notebooks/fish_dollars_Tmin10per_0.0_1.0_0.01_tradeoff.csv
gen=48_member=6103_pso,101.83770646811703,6.873101717296171,1.7268982827038286,original_T_minus_10pct,/workspaces/LPR_redux/LPR_pycap_opt/notebooks/fish_dollars_Tmin10per_0.0_1.0_0.01_tradeoff.csv
gen=46_member=5879_pso,114.06630960801576,4.870705184306161,3.729294815693839,original_T_minus_10pct,/workspaces/LPR_redux/LPR_pycap_opt/notebooks/fish_dollars_Tmin10per_0.0_1.0_0.01_tradeoff.csv
gen=41_member=5203_pso,103.1621595537546,6.77213235337747,1.8278676466225288,original_T_minus_10pct,/workspaces/LPR_redux/LPR_pycap_opt/notebooks/fish_dollars_Tmin10per_0.0_1.0_0.01_tradeoff.csv
gen=31_member=3904_pso,108.12977571295926,6.362310437280829,2.237689562719171,original_T_minus_10pct,/workspaces/LPR_redux/LPR_pycap_opt/notebooks/fish_dollars_Tmin10per_0.0_1.0_0.01_tradeoff.csv
gen=36_member=4518_pso,104.58110394518854,6.6773957138925,1.9226042861075,original_T_minus_10pct,/workspaces/LPR_redux/LPR_pycap_opt/notebooks/fish_dollars_Tmin10per_0.0_1.0_0.01_tradeoff.csv
gen=39_member=4967_pso,110.15983990824746,6.087572506317208,2.512427493682792,original_T_minus_10pct,/workspaces/LPR_redux/LPR_pycap_opt/notebooks/fish_dollars_Tmin10per_0.0_1.0_0.01_tradeoff.csv
gen=37_member=4710_pso,110.4689343116699,6.025872072679483,2.574127927320516,original_T_minus_10pct,/workspaces/LPR_redux/LPR_pycap_opt/notebooks/fish_dollars_Tmin10per_0.0_1.0_0.01_tradeoff.csv
gen=43_member=5383_pso,92.85743488683283,7.222393873697551,1.3776061263024486,original_T_minus_10pct,/workspaces/LPR_redux/LPR_pycap_opt/notebooks/fish_dollars_Tmin10per_0.0_1.0_0.01_tradeoff.csv
gen=48_member=6128_pso,114.0082705900277,4.73883200030745,3.8611679996925496,original_T_minus_10pct,/workspaces/LPR_redux/LPR_pycap_opt/notebooks/fish_dollars_Tmin10per_0.0_1.0_0.01_tradeoff.csv
gen=47_member=5913_pso,93.60785862274837,7.207615682328073,1.392384317671927,original_T_minus_10pct,/workspaces/LPR_redux/LPR_pycap_opt/notebooks/fish_dollars_Tmin10per_0.0_1.0_0.01_tradeoff.csv
gen=48_member=6034_pso,98.51439054824604,7.022317194830456,1.5776828051695435,original_T_minus_10pct,/workspaces/LPR_redux/LPR_pycap_opt/notebooks/fish_dollars_Tmin10per_0.0_1.0_0.01_tradeoff.csv
gen=43_member=5468_pso,113.27548945615112,5.133257598563243,3.4667424014367567,original_T_minus_10pct,/workspaces/LPR_redux/LPR_pycap_opt/notebooks/fish_dollars_Tmin10per_0.0_1.0_0.01_tradeoff.csv
gen=42_member=5342_pso,103.34929349410103,6.742981341102247,1.857018658897752,original_T_minus_10pct,/workspaces/LPR_redux/LPR_pycap_opt/notebooks/fish_dollars_Tmin10per_0.0_1.0_0.01_tradeoff.csv
gen=49_member=6264_pso,100.20485617527788,6.965882383595734,1.6341176164042654,original_T_minus_10pct,/workspaces/LPR_redux/LPR_pycap_opt/notebooks/fish_dollars_Tmin10per_0.0_1.0_0.01_tradeoff.csv
gen=43_member=5420_pso,110.27910684524704,6.072094387997321,2.5279056120026784,original_T_minus_10pct,/workspaces/LPR_redux/LPR_pycap_opt/notebooks/fish_dollars_Tmin10per_0.0_1.0_0.01_tradeoff.csv
gen=49_member=6238_pso,101.65123682509426,6.887532830858713,1.7124671691412872,original_T_minus_10pct,/workspaces/LPR_redux/LPR_pycap_opt/notebooks/fish_dollars_Tmin10per_0.0_1.0_0.01_tradeoff.csv
gen=43_member=5472_pso,103.89263070587718,6.733085094078192,1.866914905921808,original_T_minus_10pct,/workspaces/LPR_redux/LPR_pycap_opt/notebooks/fish_dollars_Tmin10per_0.0_1.0_0.01_tradeoff.csv
gen=49_member=6191_pso,103.47572222529708,6.763081569612282,1.8369184303877168,original_T_minus_10pct,/workspaces/LPR_redux/LPR_pycap_opt/notebooks/fish_dollars_Tmin10per_0.0_1.0_0.01_tradeoff.csv
gen=21_member=2613_pso,109.22246094132916,6.201263624628717,2.398736375371283,original_T_minus_10pct,/workspaces/LPR_redux/LPR_pycap_opt/notebooks/fish_dollars_Tmin10per_0.0_1.0_0.01_tradeoff.csv
gen=47_member=5948_pso,107.0117701458694,6.515897939110193,2.084102060889807,original_T_minus_10pct,/workspaces/LPR_redux/LPR_pycap_opt/notebooks/fish_dollars_Tmin10per_0.0_1.0_0.01_tradeoff.csv
gen=46_member=5821_pso,113.75613977191342,4.940686358512893,3.659313641487107,original_T_minus_10pct,/workspaces/LPR_redux/LPR_pycap_opt/notebooks/fish_dollars_Tmin10per_0.0_1.0_0.01_tradeoff.csv
gen=48_member=6121_pso,101.90399145033324,6.877148108029807,1.7228518919701925,original_T_minus_10pct,/workspaces/LPR_redux/LPR_pycap_opt/notebooks/fish_dollars_Tmin10per_0.0_1.0_0.01_tradeoff.csv
gen=48_member=6140_pso,104.05554400744433,6.710659003432763,1.8893409965672363,original_T_minus_10pct,/workspaces/LPR_redux/LPR_pycap_opt/notebooks/fish_dollars_Tmin10per_0.0_1.0_0.01_tradeoff.csv
gen=44_member=5546_pso,107.4973882342733,6.42678323925352,2.17321676074648,original_T_minus_10pct,/workspaces/LPR_redux/LPR_pycap_opt/notebooks/fish_dollars_Tmin10per_0.0_1.0_0.01_tradeoff.csv
gen=25_member=3123_pso,108.63850944396502,6.302081729622853,2.2979182703771466,original_T_minus_10pct,/workspaces/LPR_redux/LPR_pycap_opt/notebooks/fish_dollars_Tmin10per_0.0_1.0_0.01_tradeoff.csv
gen=49_member=6175_pso,107.24684869130245,6.461664485741807,2.138335514258193,original_T_minus_10pct,/workspaces/LPR_redux/LPR_pycap_opt/notebooks/fish_dollars_Tmin10per_0.0_1.0_0.01_tradeoff.csv
gen=28_member=3571_pso,106.93241740285391,6.472193097846895,2.1278069021531048,original_T_minus_10pct,/workspaces/LPR_redux/LPR_pycap_opt/notebooks/fish_dollars_Tmin10per_0.0_1.0_0.01_tradeoff.csv
gen=47_member=6006_pso,112.6657841729958,5.546749766503891,3.053250233496109,original_T_minus_10pct,/workspaces/LPR_redux/LPR_pycap_opt/notebooks/fish_dollars_Tmin10per_0.0_1.0_0.01_tradeoff.csv
gen=49_member=6165_pso,106.8418753593962,6.478479515763824,2.121520484236176,original_T_minus_10pct,/workspaces/LPR_redux/LPR_pycap_opt/notebooks/fish_dollars_Tmin10per_0.0_1.0_0.01_tradeoff.csv
gen=48_member=6070_pso,114.0877184106956,4.7066263713148295,3.8933736286851697,original_T_minus_10pct,/workspaces/LPR_redux/LPR_pycap_opt/notebooks/fish_dollars_Tmin10per_0.0_1.0_0.01_tradeoff.csv
gen=42_member=5326_pso,100.3773514190293,6.970042847484356,1.6299571525156442,original_T_minus_10pct,/workspaces/LPR_redux/LPR_pycap_opt/notebooks/fish_dollars_Tmin10per_0.0_1.0_0.01_tradeoff.csv
gen=48_member=6041_pso,93.40732658798684,7.211884378445445,1.388115621554554,original_T_minus_10pct,/workspaces/LPR_redux/LPR_pycap_opt/notebooks/fish_dollars_Tmin10per_0.0_1.0_0.01_tradeoff.csv
gen=34_member=4320_pso,110.71125005448924,5.958385798055912,2.641614201944088,original_T_minus_10pct,/workspaces/LPR_redux/LPR_pycap_opt/notebooks/fish_dollars_Tmin10per_0.0_1.0_0.01_tradeoff.csv
gen=44_member=5529_pso,99.51426480949664,7.021869892206673,1.5781301077933267,original_T_minus_10pct,/workspaces/LPR_redux/LPR_pycap_opt/notebooks/fish_dollars_Tmin10per_0.0_1.0_0.01_tradeoff.csv
gen=38_member=4802_pso,113.78632097025812,4.959379607821058,3.6406203921789415,original_T_minus_10pct,/workspaces/LPR_redux/LPR_pycap_opt/notebooks/fish_dollars_Tmin10per_0.0_1.0_0.01_tradeoff.csv
gen=47_member=5907_pso,91.79535222529252,7.2585460762057,1.3414539237942993,original_T_minus_10pct,/workspaces/LPR_redux/LPR_pycap_opt/notebooks/fish_dollars_Tmin10per_0.0_1.0_0.01_tradeoff.csv
gen=33_member=4166_pso,113.335766703566,5.058578969172879,3.541421030827121,original_T_minus_10pct,/workspaces/LPR_redux/LPR_pycap_opt/notebooks/fish_dollars_Tmin10per_0.0_1.0_0.01_tradeoff.csv
gen=47_member=6001_pso,99.03263215975902,7.003706870720496,1.596293129279504,original_T_minus_10pct,/workspaces/LPR_redux/LPR_pycap_opt/notebooks/fish_dollars_Tmin10per_0.0_1.0_0.01_tradeoff.csv
gen=26_member=3302_pso,114.49834674587824,4.624747278514179,3.9752527214858207,original_T_minus_10pct,/workspaces/LPR_redux/LPR_pycap_opt/notebooks/fish_dollars_Tmin10per_0.0_1.0_0.01_tradeoff.csv
gen=47_member=6003_pso,108.4701967354912,6.352984013985388,2.2470159860146115,original_T_minus_10pct,/workspaces/LPR_redux/LPR_pycap_opt/notebooks/fish_dollars_Tmin10per_0.0_1.0_0.01_tradeoff.csv
gen=47_member=5915_pso,113.2820188538499,5.214620909236636,3.385379090763364,original_T_minus_10pct,/workspaces/LPR_redux/LPR_pycap_opt/notebooks/fish_dollars_Tmin10per_0.0_1.0_0.01_tradeoff.csv
gen=41_member=5175_pso,114.021547812062,4.729296412190774,3.8707035878092255,original_T_minus_10pct,/workspaces/LPR_redux/LPR_pycap_opt/notebooks/fish_dollars_Tmin10per_0.0_1.0_0.01_tradeoff.csv
gen=32_member=4037_pso,111.17654095977424,5.778280781480095,2.8217192185199047,original_T_minus_10pct,/workspaces/LPR_redux/LPR_pycap_opt/notebooks/fish_dollars_Tmin10per_0.0_1.0_0.01_tradeoff.csv
gen=38_member=4803_pso,109.012833115354,6.271789935965707,2.328210064034293,original_T_minus_10pct,/workspaces/LPR_redux/LPR_pycap_opt/notebooks/fish_dollars_Tmin10per_0.0_1.0_0.01_tradeoff.csv
gen=47_member=5999_pso,108.64568523696664,6.326993916899763,2.273006083100236,original_T_minus_10pct,/workspaces/LPR_redux/LPR_pycap_opt/notebooks/fish_dollars_Tmin10per_0.0_1.0_0.01_tradeoff.csv
gen=49_member=6229_pso,99.66222818842913,6.986448852091628,1.613551147908372,original_T_minus_10pct,/workspaces/LPR_redux/LPR_pycap_opt/notebooks/fish_dollars_Tmin10per_0.0_1.0_0.01_tradeoff.csv
gen=49_member=6148_pso,114.1748693231578,4.664679030647566,3.935320969352434,original_T_minus_10pct,/workspaces/LPR_redux/LPR_pycap_opt/notebooks/fish_dollars_Tmin10per_0.0_1.0_0.01_tradeoff.csv
gen=33_member=4205_pso,112.55136251720155,5.603034475448237,2.9969655245517623,original_T_minus_10pct,/workspaces/LPR_redux/LPR_pycap_opt/notebooks/fish_dollars_Tmin10per_0.0_1.0_0.01_tradeoff.csv
gen=31_member=3922_pso,108.92927395430284,6.273625036742267,2.326374963257733,original_T_minus_10pct,/workspaces/LPR_redux/LPR_pycap_opt/notebooks/fish_dollars_Tmin10per_0.0_1.0_0.01_tradeoff.csv
gen=18_member=2207_pso,109.63520389871444,6.19194300959335,2.4080569904066498,original_T_minus_10pct,/workspaces/LPR_redux/LPR_pycap_opt/notebooks/fish_dollars_Tmin10per_0.0_1.0_0.01_tradeoff.csv
gen=31_member=3881_pso,109.3088773664482,6.258172966686217,2.3418270333137823,original_T_minus_10pct,/workspaces/LPR_redux/LPR_pycap_opt/notebooks/fish_dollars_Tmin10per_0.0_1.0_0.01_tradeoff.csv
gen=27_member=3417_pso,109.26248358591788,6.260346864700328,2.3396531352996712,original_T_minus_10pct,/workspaces/LPR_redux/LPR_pycap_opt/notebooks/fish_dollars_Tmin10per_0.0_1.0_0.01_tradeoff.csv
gen=46_member=5881_pso,97.43713978763068,7.095073825116854,1.504926174883146,original_T_minus_10pct,/workspaces/LPR_redux/LPR_pycap_opt/notebooks/fish_dollars_Tmin10per_0.0_1.0_0.01_tradeoff.csv
gen=39_member=4879_pso,99.56603847369244,7.019921700722672,1.580078299277328,original_T_minus_10pct,/workspaces/LPR_redux/LPR_pycap_opt/notebooks/fish_dollars_Tmin10per_0.0_1.0_0.01_tradeoff.csv
gen=39_member=4971_pso,114.10400301923852,4.683414446139539,3.9165855538604606,original_T_minus_10pct,/workspaces/LPR_redux/LPR_pycap_opt/notebooks/fish_dollars_Tmin10per_0.0_1.0_0.01_tradeoff.csv
gen=34_member=4304_pso,112.70947059333304,5.376936810602279,3.223063189397721,original_T_minus_10pct,/workspaces/LPR_redux/LPR_pycap_opt/notebooks/fish_dollars_Tmin10per_0.0_1.0_0.01_tradeoff.csv
90,116.67468713137949,4.269958720006351,4.330041279993649,original_T_minus_10pct,/workspaces/LPR_redux/LPR_pycap_opt/notebooks/fish_dollars_Tmin10per_0.0_1.0_0.01_tradeoff.csv
gen=29_member=3662_pso,114.56510362501348,4.593697838384652,4.006302161615348,original_T_minus_10pct,/workspaces/LPR_redux/LPR_pycap_opt/notebooks/fish_dollars_Tmin10per_0.0_1.0_0.01_tradeoff.csv
gen=31_member=3913_pso,114.66906019687946,4.545346366655661,4.054653633344339,original_T_minus_10pct,/workspaces/LPR_redux/LPR_pycap_opt/notebooks/fish_dollars_Tmin10per_0.0_1.0_0.01_tradeoff.csv
gen=45_member=5710_pso,111.3136634400226,5.758095914967682,2.8419040850323176,original_T_minus_10pct,/workspaces/LPR_redux/LPR_pycap_opt/notebooks/fish_dollars_Tmin10per_0.0_1.0_0.01_tradeoff.csv
gen=41_member=5204_pso,114.0789777804599,4.86400014786612,3.735999852133879,original_T_minus_10pct,/workspaces/LPR_redux/LPR_pycap_opt/notebooks/fish_dollars_Tmin10per_0.0_1.0_0.01_tradeoff.csv
gen=45_member=5693_pso,112.22571964471992,5.638071532141174,2.961928467858826,original_T_minus_10pct,/workspaces/LPR_redux/LPR_pycap_opt/notebooks/fish_dollars_Tmin10per_0.0_1.0_0.01_tradeoff.csv
gen=35_member=4371_pso,114.18474361296416,4.652559623204542,3.947440376795457,original_T_minus_10pct,/workspaces/LPR_redux/LPR_pycap_opt/notebooks/fish_dollars_Tmin10per_0.0_1.0_0.01_tradeoff.csv
gen=43_member=5423_pso,111.84130336739182,5.4430944201164,3.1569055798836,original_T_minus_10pct,/workspaces/LPR_redux/LPR_pycap_opt/notebooks/fish_dollars_Tmin10per_0.0_1.0_0.01_tradeoff.csv
gen=27_member=3383_pso,112.81507532557562,5.313189640253823,3.286810359746177,original_T_minus_10pct,/workspaces/LPR_redux/LPR_pycap_opt/notebooks/fish_dollars_Tmin10per_0.0_1.0_0.01_tradeoff.csv
gen=41_member=5199_pso,109.72776229377416,6.185934073923166,2.4140659260768342,original_T_minus_10pct,/workspaces/LPR_redux/LPR_pycap_opt/notebooks/fish_dollars_Tmin10per_0.0_1.0_0.01_tradeoff.csv
gen=26_member=3268_pso,113.26137626744558,5.218046077282711,3.381953922717288,original_T_minus_10pct,/workspaces/LPR_redux/LPR_pycap_opt/notebooks/fish_dollars_Tmin10per_0.0_1.0_0.01_tradeoff.csv
gen=43_member=5406_pso,100.80765115773706,6.912905974942706,1.687094025057293,original_T_minus_10pct,/workspaces/LPR_redux/LPR_pycap_opt/notebooks/fish_dollars_Tmin10per_0.0_1.0_0.01_tradeoff.csv
8,116.819175058614,4.272607564336539,4.3273924356634605,original_T_minus_10pct,/workspaces/LPR_redux/LPR_pycap_opt/notebooks/fish_dollars_Tmin10per_0.0_1.0_0.01_tradeoff.csv
gen=40_member=5099_pso,113.25327753387992,5.246806521137606,3.3531934788623934,original_T_minus_10pct,/workspaces/LPR_redux/LPR_pycap_opt/notebooks/fish_dollars_Tmin10per_0.0_1.0_0.01_tradeoff.csv
gen=32_member=4074_pso,112.07271894058876,5.715735375771812,2.884264624228188,original_T_minus_10pct,/workspaces/LPR_redux/LPR_pycap_opt/notebooks/fish_dollars_Tmin10per_0.0_1.0_0.01_tradeoff.csv
gen=27_member=3332_pso,113.8495909333047,4.921388790842824,3.678611209157176,original_T_minus_10pct,/workspaces/LPR_redux/LPR_pycap_opt/notebooks/fish_dollars_Tmin10per_0.0_1.0_0.01_tradeoff.csv
gen=39_member=4910_pso,114.5315928935602,4.607767781491061,3.9922322185089385,original_T_minus_10pct,/workspaces/LPR_redux/LPR_pycap_opt/notebooks/fish_dollars_Tmin10per_0.0_1.0_0.01_tradeoff.csv
gen=39_member=4987_pso,110.65411450979752,5.897749425277962,2.7022505747220373,original_T_minus_10pct,/workspaces/LPR_redux/LPR_pycap_opt/notebooks/fish_dollars_Tmin10per_0.0_1.0_0.01_tradeoff.csv
gen=24_member=2966_pso,113.2993313138931,5.074817678921157,3.525182321078842,original_T_minus_10pct,/workspaces/LPR_redux/LPR_pycap_opt/notebooks/fish_dollars_Tmin10per_0.0_1.0_0.01_tradeoff.csv
gen=34_member=4339_pso,114.04734160917975,4.843372133125339,3.756627866874661,original_T_minus_10pct,/workspaces/LPR_redux/LPR_pycap_opt/notebooks/fish_dollars_Tmin10per_0.0_1.0_0.01_tradeoff.csv
gen=46_member=5818_pso,103.89075412429476,6.713432630867168,1.886567369132832,original_T_minus_10pct,/workspaces/LPR_redux/LPR_pycap_opt/notebooks/fish_dollars_Tmin10per_0.0_1.0_0.01_tradeoff.csv
gen=30_member=3741_pso,114.36902707073251,4.692449243902449,3.9075507560975504,original_T_minus_10pct,/workspaces/LPR_redux/LPR_pycap_opt/notebooks/fish_dollars_Tmin10per_0.0_1.0_0.01_tradeoff.csv
gen=49_member=6153_pso,112.65667151085896,5.3985432633851165,3.201456736614883,original_T_minus_10pct,/workspaces/LPR_redux/LPR_pycap_opt/notebooks/fish_dollars_Tmin10per_0.0_1.0_0.01_tradeoff.csv
gen=39_member=4906_pso,106.77269987740075,6.539221506658047,2.060778493341953,original_T_minus_10pct,/workspaces/LPR_redux/LPR_pycap_opt/notebooks/fish_dollars_Tmin10per_0.0_1.0_0.01_tradeoff.csv
gen=27_member=3436_pso,112.00177802696832,5.729029448609786,2.870970551390213,original_T_minus_10pct,/workspaces/LPR_redux/LPR_pycap_opt/notebooks/fish_dollars_Tmin10per_0.0_1.0_0.01_tradeoff.csv
gen=34_member=4335_pso,113.38143137029128,5.033889701400683,3.566110298599317,original_T_minus_10pct,/workspaces/LPR_redux/LPR_pycap_opt/notebooks/fish_dollars_Tmin10per_0.0_1.0_0.01_tradeoff.csv
gen=32_member=4010_pso,109.93205066961706,6.133241733532416,2.466758266467584,original_T_minus_10pct,/workspaces/LPR_redux/LPR_pycap_opt/notebooks/fish_dollars_Tmin10per_0.0_1.0_0.01_tradeoff.csv
gen=21_member=2583_pso,114.6321700276915,4.56471303847764,4.03528696152236,original_T_minus_10pct,/workspaces/LPR_redux/LPR_pycap_opt/notebooks/fish_dollars_Tmin10per_0.0_1.0_0.01_tradeoff.csv
gen=19_member=2353_pso,111.96227917432664,5.744238932734719,2.8557610672652807,original_T_minus_10pct,/workspaces/LPR_redux/LPR_pycap_opt/notebooks/fish_dollars_Tmin10per_0.0_1.0_0.01_tradeoff.csv
gen=44_member=5544_pso,108.5173897893551,6.34763391820527,2.252366081794729,original_T_minus_10pct,/workspaces/LPR_redux/LPR_pycap_opt/notebooks/fish_dollars_Tmin10per_0.0_1.0_0.01_tradeoff.csv
gen=31_member=3915_pso,112.52880093246598,5.435076560422592,3.164923439577408,original_T_minus_10pct,/workspaces/LPR_redux/LPR_pycap_opt/notebooks/fish_dollars_Tmin10per_0.0_1.0_0.01_tradeoff.csv
gen=24_member=2970_pso,112.47447934479106,5.462804941495802,3.1371950585041968,original_T_minus_10pct,/workspaces/LPR_redux/LPR_pycap_opt/notebooks/fish_dollars_Tmin10per_0.0_1.0_0.01_tradeoff.csv
gen=39_member=4947_pso,110.79329349245448,5.843079930734312,2.756920069265687,original_T_minus_10pct,/workspaces/LPR_redux/LPR_pycap_opt/notebooks/fish_dollars_Tmin10per_0.0_1.0_0.01_tradeoff.csv
gen=43_member=5429_pso,114.61979220680828,4.5738712264297385,4.026128773570261,original_T_minus_10pct,/workspaces/LPR_redux/LPR_pycap_opt/notebooks/fish_dollars_Tmin10per_0.0_1.0_0.01_tradeoff.csv
gen=31_member=3961_pso,112.4951633342578,5.5889557661934095,3.0110442338065897,original_T_minus_10pct,/workspaces/LPR_redux/LPR_pycap_opt/notebooks/fish_dollars_Tmin10per_0.0_1.0_0.01_tradeoff.csv
gen=25_member=3141_pso,110.84822930377896,5.828732787207727,2.7712672127922726,original_T_minus_10pct,/workspaces/LPR_redux/LPR_pycap_opt/notebooks/fish_dollars_Tmin10per_0.0_1.0_0.01_tradeoff.csv
gen=34_member=4328_pso,110.93899881556771,5.807073446971863,2.792926553028136,original_T_minus_10pct,/workspaces/LPR_redux/LPR_pycap_opt/notebooks/fish_dollars_Tmin10per_0.0_1.0_0.01_tradeoff.csv
gen=32_member=4036_pso,113.73110870373922,4.973702576754134,3.6262974232458656,original_T_minus_10pct,/workspaces/LPR_redux/LPR_pycap_opt/notebooks/fish_dollars_Tmin10per_0.0_1.0_0.01_tradeoff.csv
gen=31_member=3886_pso,110.89136460275608,5.919675825048656,2.680324174951344,original_T_minus_10pct,/workspaces/LPR_redux/LPR_pycap_opt/notebooks/fish_dollars_Tmin10per_0.0_1.0_0.01_tradeoff.csv
gen=17_member=2082_pso,112.47736392732104,5.4683321319154015,3.1316678680845977,original_T_minus_10pct,/workspaces/LPR_redux/LPR_pycap_opt/notebooks/fish_dollars_Tmin10per_0.0_1.0_0.01_tradeoff.csv
gen=44_member=5572_pso,98.78013653080816,7.034342663852506,1.5656573361474937,original_T_minus_10pct,/workspaces/LPR_redux/LPR_pycap_opt/notebooks/fish_dollars_Tmin10per_0.0_1.0_0.01_tradeoff.csv
gen=43_member=5495_pso,112.81302289619993,5.3388030042447845,3.2611969957552147,original_T_minus_10pct,/workspaces/LPR_redux/LPR_pycap_opt/notebooks/fish_dollars_Tmin10per_0.0_1.0_0.01_tradeoff.csv
gen=32_member=4014_pso,106.4155420910908,6.541831234469299,2.058168765530701,original_T_minus_10pct,/workspaces/LPR_redux/LPR_pycap_opt/notebooks/fish_dollars_Tmin10per_0.0_1.0_0.01_tradeoff.csv
gen=26_member=3256_pso,110.37913032424726,6.0485251311137525,2.551474868886247,original_T_minus_10pct,/workspaces/LPR_redux/LPR_pycap_opt/notebooks/fish_dollars_Tmin10per_0.0_1.0_0.01_tradeoff.csv
gen=31_member=3966_pso,113.24237388233098,5.107717536541311,3.4922824634586886,original_T_minus_10pct,/workspaces/LPR_redux/LPR_pycap_opt/notebooks/fish_dollars_Tmin10per_0.0_1.0_0.01_tradeoff.csv
gen=47_member=5912_pso,95.28258859012765,7.1708569970927725,1.4291430029072272,original_T_minus_10pct,/workspaces/LPR_redux/LPR_pycap_opt/notebooks/fish_dollars_Tmin10per_0.0_1.0_0.01_tradeoff.csv
gen=33_member=4190_pso,111.6919656152818,5.844043333651218,2.755956666348782,original_T_minus_10pct,/workspaces/LPR_redux/LPR_pycap_opt/notebooks/fish_dollars_Tmin10per_0.0_1.0_0.01_tradeoff.csv
gen=29_member=3693_pso,113.67397651873532,4.975972315697331,3.6240276843026686,original_T_minus_10pct,/workspaces/LPR_redux/LPR_pycap_opt/notebooks/fish_dollars_Tmin10per_0.0_1.0_0.01_tradeoff.csv
gen=43_member=5441_pso,112.53341677613066,5.572149524504104,3.0278504754958955,original_T_minus_10pct,/workspaces/LPR_redux/LPR_pycap_opt/notebooks/fish_dollars_Tmin10per_0.0_1.0_0.01_tradeoff.csv
gen=27_member=3414_pso,110.7948664538152,5.943491207385388,2.656508792614612,original_T_minus_10pct,/workspaces/LPR_redux/LPR_pycap_opt/notebooks/fish_dollars_Tmin10per_0.0_1.0_0.01_tradeoff.csv
gen=36_member=4592_pso,112.6019820193396,5.415489463904919,3.1845105360950807,original_T_minus_10pct,/workspaces/LPR_redux/LPR_pycap_opt/notebooks/fish_dollars_Tmin10per_0.0_1.0_0.01_tradeoff.csv
gen=38_member=4814_pso,110.35792851204816,6.054179567908058,2.545820432091942,original_T_minus_10pct,/workspaces/LPR_redux/LPR_pycap_opt/notebooks/fish_dollars_Tmin10per_0.0_1.0_0.01_tradeoff.csv
gen=37_member=4703_pso,113.72086496899246,4.996406193196924,3.603593806803076,original_T_minus_10pct,/workspaces/LPR_redux/LPR_pycap_opt/notebooks/fish_dollars_Tmin10per_0.0_1.0_0.01_tradeoff.csv
gen=43_member=5503_pso,113.4290674676499,5.008226449300031,3.591773550699969,original_T_minus_10pct,/workspaces/LPR_redux/LPR_pycap_opt/notebooks/fish_dollars_Tmin10per_0.0_1.0_0.01_tradeoff.csv
gen=34_member=4305_pso,111.19059587460136,5.8858912911283365,2.714108708871664,original_T_minus_10pct,/workspaces/LPR_redux/LPR_pycap_opt/notebooks/fish_dollars_Tmin10per_0.0_1.0_0.01_tradeoff.csv
gen=32_member=4086_pso,112.727931594559,5.350415760047724,3.249584239952275,original_T_minus_10pct,/workspaces/LPR_redux/LPR_pycap_opt/notebooks/fish_dollars_Tmin10per_0.0_1.0_0.01_tradeoff.csv
gen=40_member=5036_pso,113.21487017967152,5.123762929499527,3.476237070500473,original_T_minus_10pct,/workspaces/LPR_redux/LPR_pycap_opt/notebooks/fish_dollars_Tmin10per_0.0_1.0_0.01_tradeoff.csv
gen=32_member=4015_pso,110.81784737862894,5.939548988904711,2.660451011095289,original_T_minus_10pct,/workspaces/LPR_redux/LPR_pycap_opt/notebooks/fish_dollars_Tmin10per_0.0_1.0_0.01_tradeoff.csv
gen=47_member=5940_pso,111.5874086059597,5.869400281105722,2.7305997188942768,original_T_minus_10pct,/workspaces/LPR_redux/LPR_pycap_opt/notebooks/fish_dollars_Tmin10per_0.0_1.0_0.01_tradeoff.csv
gen=43_member=5428_pso,112.14240108161412,5.668631491669274,2.931368508330725,original_T_minus_10pct,/workspaces/LPR_redux/LPR_pycap_opt/notebooks/fish_dollars_Tmin10per_0.0_1.0_0.01_tradeoff.csv
gen=46_member=5777_pso,114.54873738541896,4.601309976384789,3.9986900236152105,original_T_minus_10pct,/workspaces/LPR_redux/LPR_pycap_opt/notebooks/fish_dollars_Tmin10per_0.0_1.0_0.01_tradeoff.csv
gen=42_member=5325_pso,97.79550932181948,7.07978095726625,1.5202190427337494,original_T_minus_10pct,/workspaces/LPR_redux/LPR_pycap_opt/notebooks/fish_dollars_Tmin10per_0.0_1.0_0.01_tradeoff.csv
gen=30_member=3821_pso,113.22023566564364,5.120870892182119,3.4791291078178803,original_T_minus_10pct,/workspaces/LPR_redux/LPR_pycap_opt/notebooks/fish_dollars_Tmin10per_0.0_1.0_0.01_tradeoff.csv
gen=41_member=5161_pso,113.40447953340072,5.020687705687383,3.5793122943126163,original_T_minus_10pct,/workspaces/LPR_redux/LPR_pycap_opt/notebooks/fish_dollars_Tmin10per_0.0_1.0_0.01_tradeoff.csv
gen=30_member=3773_pso,112.09915412434582,5.655629385464961,2.9443706145350395,original_T_minus_10pct,/workspaces/LPR_redux/LPR_pycap_opt/notebooks/fish_dollars_Tmin10per_0.0_1.0_0.01_tradeoff.csv
gen=36_member=4517_pso,111.6496986801841,5.856036171206991,2.743963828793009,original_T_minus_10pct,/workspaces/LPR_redux/LPR_pycap_opt/notebooks/fish_dollars_Tmin10per_0.0_1.0_0.01_tradeoff.csv
gen=49_member=6188_pso,110.89329458686412,5.817634391415341,2.782365608584659,original_T_minus_10pct,/workspaces/LPR_redux/LPR_pycap_opt/notebooks/fish_dollars_Tmin10per_0.0_1.0_0.01_tradeoff.csv
gen=48_member=6025_pso,113.7214463294652,4.98868909828032,3.61131090171968,original_T_minus_10pct,/workspaces/LPR_redux/LPR_pycap_opt/notebooks/fish_dollars_Tmin10per_0.0_1.0_0.01_tradeoff.csv
gen=33_member=4175_pso,113.19019182692575,5.276622119840779,3.3233778801592204,original_T_minus_10pct,/workspaces/LPR_redux/LPR_pycap_opt/notebooks/fish_dollars_Tmin10per_0.0_1.0_0.01_tradeoff.csv
gen=41_member=5247_pso,113.28308066503295,5.087012549843993,3.5129874501560066,original_T_minus_10pct,/workspaces/LPR_redux/LPR_pycap_opt/notebooks/fish_dollars_Tmin10per_0.0_1.0_0.01_tradeoff.csv
gen=29_member=3669_pso,112.11085586239518,5.699292927816954,2.9007070721830464,original_T_minus_10pct,/workspaces/LPR_redux/LPR_pycap_opt/notebooks/fish_dollars_Tmin10per_0.0_1.0_0.01_tradeoff.csv
gen=46_member=5845_pso,111.96290631747208,5.417275237158385,3.1827247628416138,original_T_minus_10pct,/workspaces/LPR_redux/LPR_pycap_opt/notebooks/fish_dollars_Tmin10per_0.0_1.0_0.01_tradeoff.csv
gen=35_member=4438_pso,113.21558903972688,5.26423148729634,3.33576851270366,original_T_minus_10pct,/workspaces/LPR_redux/LPR_pycap_opt/notebooks/fish_dollars_Tmin10per_0.0_1.0_0.01_tradeoff.csv
gen=48_member=6122_pso,114.09257499644852,4.839077184963555,3.760922815036445,original_T_minus_10pct,/workspaces/LPR_redux/LPR_pycap_opt/notebooks/fish_dollars_Tmin10per_0.0_1.0_0.01_tradeoff.csv
gen=34_member=4343_pso,112.764484830788,5.363740472300038,3.236259527699961,original_T_minus_10pct,/workspaces/LPR_redux/LPR_pycap_opt/notebooks/fish_dollars_Tmin10per_0.0_1.0_0.01_tradeoff.csv
gen=48_member=6061_pso,112.97267307969165,5.28359766843846,3.31640233156154,original_T_minus_10pct,/workspaces/LPR_redux/LPR_pycap_opt/notebooks/fish_dollars_Tmin10per_0.0_1.0_0.01_tradeoff.csv
gen=37_member=4705_pso,110.8694395003665,5.924699755250003,2.675300244749996,original_T_minus_10pct,/workspaces/LPR_redux/LPR_pycap_opt/notebooks/fish_dollars_Tmin10per_0.0_1.0_0.01_tradeoff.csv
gen=24_member=3070_pso,112.11312660141483,5.691625209272955,2.9083747907270445,original_T_minus_10pct,/workspaces/LPR_redux/LPR_pycap_opt/notebooks/fish_dollars_Tmin10per_0.0_1.0_0.01_tradeoff.csv
gen=47_member=5962_pso,113.65036632191013,5.030589028314312,3.5694109716856883,original_T_minus_10pct,/workspaces/LPR_redux/LPR_pycap_opt/notebooks/fish_dollars_Tmin10per_0.0_1.0_0.01_tradeoff.csv
gen=39_member=4937_pso,101.54656023492136,6.891939411248389,1.7080605887516112,original_T_minus_10pct,/workspaces/LPR_redux/LPR_pycap_opt/notebooks/fish_dollars_Tmin10per_0.0_1.0_0.01_tradeoff.csv
gen=28_member=3502_pso,113.12494203296104,5.291744681583475,3.3082553184165246,original_T_minus_10pct,/workspaces/LPR_redux/LPR_pycap_opt/notebooks/fish_dollars_Tmin10per_0.0_1.0_0.01_tradeoff.csv
gen=48_member=6062_pso,112.75832410085528,5.363646684067655,3.236353315932345,original_T_minus_10pct,/workspaces/LPR_redux/LPR_pycap_opt/notebooks/fish_dollars_Tmin10per_0.0_1.0_0.01_tradeoff.csv
gen=34_member=4270_pso,113.11041131107436,5.268326796913099,3.331673203086901,original_T_minus_10pct,/workspaces/LPR_redux/LPR_pycap_opt/notebooks/fish_dollars_Tmin10per_0.0_1.0_0.01_tradeoff.csv
gen=44_member=5528_pso,114.68218709228763,4.538671558003104,4.061328441996896,original_T_minus_10pct,/workspaces/LPR_redux/LPR_pycap_opt/notebooks/fish_dollars_Tmin10per_0.0_1.0_0.01_tradeoff.csv
gen=47_member=6005_pso,113.213290044679,5.251871215467043,3.348128784532957,original_T_minus_10pct,/workspaces/LPR_redux/LPR_pycap_opt/notebooks/fish_dollars_Tmin10per_0.0_1.0_0.01_tradeoff.csv
gen=25_member=3095_pso,112.8417642161699,5.305235030483405,3.294764969516595,original_T_minus_10pct,/workspaces/LPR_redux/LPR_pycap_opt/notebooks/fish_dollars_Tmin10per_0.0_1.0_0.01_tradeoff.csv
gen=41_member=5214_pso,100.05629851897451,6.991318115056957,1.6086818849430429,original_T_minus_10pct,/workspaces/LPR_redux/LPR_pycap_opt/notebooks/fish_dollars_Tmin10per_0.0_1.0_0.01_tradeoff.csv
gen=32_member=4083_pso,113.41700076218008,5.014416764579983,3.585583235420017,original_T_minus_10pct,/workspaces/LPR_redux/LPR_pycap_opt/notebooks/fish_dollars_Tmin10per_0.0_1.0_0.01_tradeoff.csv
gen=36_member=4599_pso,112.13920949968386,5.680064858945006,2.919935141054994,original_T_minus_10pct,/workspaces/LPR_redux/LPR_pycap_opt/notebooks/fish_dollars_Tmin10per_0.0_1.0_0.01_tradeoff.csv
gen=38_member=4839_pso,113.25443003921325,5.102434337093733,3.4975656629062666,original_T_minus_10pct,/workspaces/LPR_redux/LPR_pycap_opt/notebooks/fish_dollars_Tmin10per_0.0_1.0_0.01_tradeoff.csv
gen=47_member=5911_pso,101.5349749238534,6.891412926617732,1.7085870733822677,original_T_minus_10pct,/workspaces/LPR_redux/LPR_pycap_opt/notebooks/fish_dollars_Tmin10per_0.0_1.0_0.01_tradeoff.csv
gen=26_member=3286_pso,113.26593829591778,5.095331177074399,3.5046688229256,original_T_minus_10pct,/workspaces/LPR_redux/LPR_pycap_opt/notebooks/fish_dollars_Tmin10per_0.0_1.0_0.01_tradeoff.csv
gen=29_member=3685_pso,111.96462106791816,5.416980048976556,3.183019951023444,original_T_minus_10pct,/workspaces/LPR_redux/LPR_pycap_opt/notebooks/fish_dollars_Tmin10per_0.0_1.0_0.01_tradeoff.csv
gen=38_member=4771_pso,110.7544297334592,5.9552097341572185,2.644790265842781,original_T_minus_10pct,/workspaces/LPR_redux/LPR_pycap_opt/notebooks/fish_dollars_Tmin10per_0.0_1.0_0.01_tradeoff.csv
gen=34_member=4296_pso,111.65913399106182,5.850568881955509,2.749431118044491,original_T_minus_10pct,/workspaces/LPR_redux/LPR_pycap_opt/notebooks/fish_dollars_Tmin10per_0.0_1.0_0.01_tradeoff.csv
gen=42_member=5351_pso,110.75811776748782,5.875729901561265,2.7242700984387342,original_T_minus_10pct,/workspaces/LPR_redux/LPR_pycap_opt/notebooks/fish_dollars_Tmin10per_0.0_1.0_0.01_tradeoff.csv
gen=26_member=3220_pso,114.618963271243,4.566882021215629,4.033117978784371,original_T_minus_10pct,/workspaces/LPR_redux/LPR_pycap_opt/notebooks/fish_dollars_Tmin10per_0.0_1.0_0.01_tradeoff.csv
gen=24_member=3052_pso,114.10610288534772,4.831116072567642,3.768883927432358,original_T_minus_10pct,/workspaces/LPR_redux/LPR_pycap_opt/notebooks/fish_dollars_Tmin10per_0.0_1.0_0.01_tradeoff.csv
gen=29_member=3703_pso,110.92170004372316,5.810582463904228,2.789417536095772,original_T_minus_10pct,/workspaces/LPR_redux/LPR_pycap_opt/notebooks/fish_dollars_Tmin10per_0.0_1.0_0.01_tradeoff.csv
gen=25_member=3094_pso,112.5918550573566,5.559454010747179,3.040545989252821,original_T_minus_10pct,/workspaces/LPR_redux/LPR_pycap_opt/notebooks/fish_dollars_Tmin10per_0.0_1.0_0.01_tradeoff.csv
gen=37_member=4722_pso,112.62125517742142,5.556043097339874,3.0439569026601254,original_T_minus_10pct,/workspaces/LPR_redux/LPR_pycap_opt/notebooks/fish_dollars_Tmin10per_0.0_1.0_0.01_tradeoff.csv
gen=45_member=5688_pso,112.65772846761274,5.40586100619077,3.1941389938092297,original_T_minus_10pct,/workspaces/LPR_redux/LPR_pycap_opt/notebooks/fish_dollars_Tmin10per_0.0_1.0_0.01_tradeoff.csv
gen=28_member=3525_pso,113.1525613266791,5.290886323610376,3.309113676389624,original_T_minus_10pct,/workspaces/LPR_redux/LPR_pycap_opt/notebooks/fish_dollars_Tmin10per_0.0_1.0_0.01_tradeoff.csv
gen=37_member=4646_pso,113.6938719532654,4.991055727357704,3.608944272642295,original_T_minus_10pct,/workspaces/LPR_redux/LPR_pycap_opt/notebooks/fish_dollars_Tmin10per_0.0_1.0_0.01_tradeoff.csv
gen=28_member=3573_pso,112.5509972297574,5.564031832241636,3.035968167758363,original_T_minus_10pct,/workspaces/LPR_redux/LPR_pycap_opt/notebooks/fish_dollars_Tmin10per_0.0_1.0_0.01_tradeoff.csv
gen=48_member=6060_pso,112.83876297707911,5.3059146587147215,3.294085341285278,original_T_minus_10pct,/workspaces/LPR_redux/LPR_pycap_opt/notebooks/fish_dollars_Tmin10per_0.0_1.0_0.01_tradeoff.csv
gen=38_member=4805_pso,112.65833307620976,5.404651462671342,3.1953485373286568,original_T_minus_10pct,/workspaces/LPR_redux/LPR_pycap_opt/notebooks/fish_dollars_Tmin10per_0.0_1.0_0.01_tradeoff.csv
gen=32_member=4092_pso,114.57456191474655,4.573315000451976,4.026684999548023,original_T_minus_10pct,/workspaces/LPR_redux/LPR_pycap_opt/notebooks/fish_dollars_Tmin10per_0.0_1.0_0.01_tradeoff.csv
gen=47_member=5950_pso,113.260064462092,5.0903598321641885,3.509640167835811,original_T_minus_10pct,/workspaces/LPR_redux/LPR_pycap_opt/notebooks/fish_dollars_Tmin10per_0.0_1.0_0.01_tradeoff.csv
gen=39_member=4989_pso,112.75690908104512,5.346166105269577,3.2538338947304224,original_T_minus_10pct,/workspaces/LPR_redux/LPR_pycap_opt/notebooks/fish_dollars_Tmin10per_0.0_1.0_0.01_tradeoff.csv
gen=45_member=5752_pso,110.76682295188252,5.871040110539505,2.7289598894604943,original_T_minus_10pct,/workspaces/LPR_redux/LPR_pycap_opt/notebooks/fish_dollars_Tmin10per_0.0_1.0_0.01_tradeoff.csv
gen=31_member=3879_pso,112.79866595966304,5.34229389696674,3.25770610303326,original_T_minus_10pct,/workspaces/LPR_redux/LPR_pycap_opt/notebooks/fish_dollars_Tmin10per_0.0_1.0_0.01_tradeoff.csv
gen=37_member=4676_pso,112.6371244857791,5.551801881794811,3.0481981182051894,original_T_minus_10pct,/workspaces/LPR_redux/LPR_pycap_opt/notebooks/fish_dollars_Tmin10per_0.0_1.0_0.01_tradeoff.csv
gen=29_member=3700_pso,113.21792358027967,5.251454005423138,3.3485459945768614,original_T_minus_10pct,/workspaces/LPR_redux/LPR_pycap_opt/notebooks/fish_dollars_Tmin10per_0.0_1.0_0.01_tradeoff.csv
gen=47_member=5899_pso,112.1499585679128,5.676926970159952,2.923073029840048,original_T_minus_10pct,/workspaces/LPR_redux/LPR_pycap_opt/notebooks/fish_dollars_Tmin10per_0.0_1.0_0.01_tradeoff.csv
gen=49_member=6255_pso,113.2774462949155,5.21472381847019,3.38527618152981,original_T_minus_10pct,/workspaces/LPR_redux/LPR_pycap_opt/notebooks/fish_dollars_Tmin10per_0.0_1.0_0.01_tradeoff.csv
gen=19_member=2332_pso,114.68638911952,4.534083964458168,4.065916035541831,original_T_minus_10pct,/workspaces/LPR_redux/LPR_pycap_opt/notebooks/fish_dollars_Tmin10per_0.0_1.0_0.01_tradeoff.csv
gen=42_member=5338_pso,112.11403948109024,5.69760125050297,2.902398749497029,original_T_minus_10pct,/workspaces/LPR_redux/LPR_pycap_opt/notebooks/fish_dollars_Tmin10per_0.0_1.0_0.01_tradeoff.csv
gen=45_member=5686_pso,112.66509068748996,5.546756471539784,3.053243528460216,original_T_minus_10pct,/workspaces/LPR_redux/LPR_pycap_opt/notebooks/fish_dollars_Tmin10per_0.0_1.0_0.01_tradeoff.csv
gen=28_member=3537_pso,112.81290156797604,5.338838011819648,3.261161988180352,original_T_minus_10pct,/workspaces/LPR_redux/LPR_pycap_opt/notebooks/fish_dollars_Tmin10per_0.0_1.0_0.01_tradeoff.csv
gen=32_member=4089_pso,110.75325112950983,5.9553121071534605,2.644687892846539,original_T_minus_10pct,/workspaces/LPR_redux/LPR_pycap_opt/notebooks/fish_dollars_Tmin10per_0.0_1.0_0.01_tradeoff.csv
gen=31_member=3950_pso,112.14805646236113,5.678497055047667,2.9215029449523326,original_T_minus_10pct,/workspaces/LPR_redux/LPR_pycap_opt/notebooks/fish_dollars_Tmin10per_0.0_1.0_0.01_tradeoff.csv
gen=48_member=6049_pso,111.92095881325947,5.67791948734748,2.92208051265252,original_T_minus_10pct,/workspaces/LPR_redux/LPR_pycap_opt/notebooks/fish_dollars_Tmin10per_0.0_1.0_0.01_tradeoff.csv
gen=22_member=2692_pso,114.6890704170656,4.533927065208091,4.066072934791909,original_T_minus_10pct,/workspaces/LPR_redux/LPR_pycap_opt/notebooks/fish_dollars_Tmin10per_0.0_1.0_0.01_tradeoff.csv
gen=23_member=2927_pso,114.69179943174592,4.533626276966432,4.066373723033568,original_T_minus_10pct,/workspaces/LPR_redux/LPR_pycap_opt/notebooks/fish_dollars_Tmin10per_0.0_1.0_0.01_tradeoff.csv
gen=26_member=3303_pso,114.69327390503942,4.533305693893071,4.066694306106928,original_T_minus_10pct,/workspaces/LPR_redux/LPR_pycap_opt/notebooks/fish_dollars_Tmin10per_0.0_1.0_0.01_tradeoff.csv
gen=27_member=3355_pso,114.10758241677932,4.830947922747125,3.769052077252875,original_T_minus_10pct,/workspaces/LPR_redux/LPR_pycap_opt/notebooks/fish_dollars_Tmin10per_0.0_1.0_0.01_tradeoff.csv
gen=50_member=6396_pso,114.6950223519099,4.533271051142216,4.066728948857784,original_T_minus_10pct,/workspaces/LPR_redux/LPR_pycap_opt/notebooks/fish_dollars_Tmin10per_0.0_1.0_0.01_tradeoff.csv
gen=50_member=6360_pso,97.24786345334697,7.076532542018938,1.5234674579810612,original_T_minus_10pct,/workspaces/LPR_redux/LPR_pycap_opt/notebooks/fish_dollars_Tmin10per_0.0_1.0_0.01_tradeoff.csv
gen=50_member=6324_pso,113.8693221053299,4.917314324333287,3.6826856756667135,original_T_minus_10pct,/workspaces/LPR_redux/LPR_pycap_opt/notebooks/fish_dollars_Tmin10per_0.0_1.0_0.01_tradeoff.csv
gen=50_member=6329_pso,101.31127815810402,6.862342648872764,1.737657351127235,original_T_minus_10pct,/workspaces/LPR_redux/LPR_pycap_opt/notebooks/fish_dollars_Tmin10per_0.0_1.0_0.01_tradeoff.csv
gen=50_member=6322_pso,109.8600117070958,6.174034511806781,2.4259654881932184,original_T_minus_10pct,/workspaces/LPR_redux/LPR_pycap_opt/notebooks/fish_dollars_Tmin10per_0.0_1.0_0.01_tradeoff.csv
gen=50_member=6340_pso,104.39926251278963,6.635047833645888,1.964952166354112,original_T_minus_10pct,/workspaces/LPR_redux/LPR_pycap_opt/notebooks/fish_dollars_Tmin10per_0.0_1.0_0.01_tradeoff.csv
gen=50_member=6299_pso,105.65177189780236,6.574918185986075,2.025081814013925,original_T_minus_10pct,/workspaces/LPR_redux/LPR_pycap_opt/notebooks/fish_dollars_Tmin10per_0.0_1.0_0.01_tradeoff.csv
gen=50_member=6383_pso,114.47093715974896,4.637495811916583,3.962504188083416,original_T_minus_10pct,/workspaces/LPR_redux/LPR_pycap_opt/notebooks/fish_dollars_Tmin10per_0.0_1.0_0.01_tradeoff.csv
gen=50_member=6379_pso,112.6659742823999,5.546747928411577,3.0532520715884224,original_T_minus_10pct,/workspaces/LPR_redux/LPR_pycap_opt/notebooks/fish_dollars_Tmin10per_0.0_1.0_0.01_tradeoff.csv
gen=50_member=6378_pso,113.79617201019582,4.954898696040331,3.645101303959668,original_T_minus_10pct,/workspaces/LPR_redux/LPR_pycap_opt/notebooks/fish_dollars_Tmin10per_0.0_1.0_0.01_tradeoff.csv
gen=50_member=6308_pso,104.15951527867624,6.694575801922257,1.9054241980777424,original_T_minus_10pct,/workspaces/LPR_redux/LPR_pycap_opt/notebooks/fish_dollars_Tmin10per_0.0_1.0_0.01_tradeoff.csv
gen=50_member=6384_pso,112.15193566727308,5.650581462429155,2.949418537570845,original_T_minus_10pct,/workspaces/LPR_redux/LPR_pycap_opt/notebooks/fish_dollars_Tmin10per_0.0_1.0_0.01_tradeoff.csv
gen=47_member=5984_pso,91.0440392003432,7.095154435695316,1.5048455643046832,original_T_plus_10pct,/workspaces/LPR_redux/LPR_pycap_opt/notebooks/fish_dollars_Tplus10per_0.0_1.0_0.01_tradeoff.csv
56,117.27606605647958,3.5678921209965235,5.032107879003476,original_T_plus_10pct,/workspaces/LPR_redux/LPR_pycap_opt/notebooks/fish_dollars_Tplus10per_0.0_1.0_0.01_tradeoff.csv
64,116.39468811431688,3.9183694006064167,4.681630599393583,original_T_plus_10pct,/workspaces/LPR_redux/LPR_pycap_opt/notebooks/fish_dollars_Tplus10per_0.0_1.0_0.01_tradeoff.csv
30,116.2736427715908,3.68090753701581,4.91909246298419,original_T_plus_10pct,/workspaces/LPR_redux/LPR_pycap_opt/notebooks/fish_dollars_Tplus10per_0.0_1.0_0.01_tradeoff.csv
gen=49_member=6261_pso,114.6950223519099,4.095661229104106,4.5043387708958935,original_T_plus_10pct,/workspaces/LPR_redux/LPR_pycap_opt/notebooks/fish_dollars_Tplus10per_0.0_1.0_0.01_tradeoff.csv
18,116.27445846987214,3.806319697684287,4.793680302315713,original_T_plus_10pct,/workspaces/LPR_redux/LPR_pycap_opt/notebooks/fish_dollars_Tplus10per_0.0_1.0_0.01_tradeoff.csv
105,116.58536880521854,3.778927388994454,4.821072611005546,original_T_plus_10pct,/workspaces/LPR_redux/LPR_pycap_opt/notebooks/fish_dollars_Tplus10per_0.0_1.0_0.01_tradeoff.csv
35,117.41614755261728,3.5693382218297884,5.030661778170211,original_T_plus_10pct,/workspaces/LPR_redux/LPR_pycap_opt/notebooks/fish_dollars_Tplus10per_0.0_1.0_0.01_tradeoff.csv
gen=46_member=5805_pso,92.0703923081081,7.073738851691353,1.5262611483086472,original_T_plus_10pct,/workspaces/LPR_redux/LPR_pycap_opt/notebooks/fish_dollars_Tplus10per_0.0_1.0_0.01_tradeoff.csv
gen=42_member=5269_pso,97.0289890009635,6.860770113332215,1.7392298866677842,original_T_plus_10pct,/workspaces/LPR_redux/LPR_pycap_opt/notebooks/fish_dollars_Tplus10per_0.0_1.0_0.01_tradeoff.csv
gen=46_member=5844_pso,111.39202854873156,5.355926157270806,3.244073842729193,original_T_plus_10pct,/workspaces/LPR_redux/LPR_pycap_opt/notebooks/fish_dollars_Tplus10per_0.0_1.0_0.01_tradeoff.csv
gen=39_member=4892_pso,98.17066262935548,6.797186481187827,1.8028135188121728,original_T_plus_10pct,/workspaces/LPR_redux/LPR_pycap_opt/notebooks/fish_dollars_Tplus10per_0.0_1.0_0.01_tradeoff.csv
gen=46_member=5790_pso,110.9588735567399,5.454380345184737,3.1456196548152624,original_T_plus_10pct,/workspaces/LPR_redux/LPR_pycap_opt/notebooks/fish_dollars_Tplus10per_0.0_1.0_0.01_tradeoff.csv
gen=41_member=5197_pso,98.6819057831936,6.779083172226004,1.820916827773996,original_T_plus_10pct,/workspaces/LPR_redux/LPR_pycap_opt/notebooks/fish_dollars_Tplus10per_0.0_1.0_0.01_tradeoff.csv
gen=49_member=6167_pso,97.84872722869946,6.829717960640562,1.7702820393594372,original_T_plus_10pct,/workspaces/LPR_redux/LPR_pycap_opt/notebooks/fish_dollars_Tplus10per_0.0_1.0_0.01_tradeoff.csv
gen=35_member=4417_pso,105.88219045461364,6.27920105111442,2.32079894888558,original_T_plus_10pct,/workspaces/LPR_redux/LPR_pycap_opt/notebooks/fish_dollars_Tplus10per_0.0_1.0_0.01_tradeoff.csv
gen=44_member=5525_pso,110.4689343116699,5.700279817312089,2.8997201826879104,original_T_plus_10pct,/workspaces/LPR_redux/LPR_pycap_opt/notebooks/fish_dollars_Tplus10per_0.0_1.0_0.01_tradeoff.csv
gen=49_member=6152_pso,110.80251283260112,5.611652915909711,2.9883470840902886,original_T_plus_10pct,/workspaces/LPR_redux/LPR_pycap_opt/notebooks/fish_dollars_Tplus10per_0.0_1.0_0.01_tradeoff.csv
gen=23_member=2877_pso,113.18779223773286,4.3951342920847045,4.204865707915295,original_T_plus_10pct,/workspaces/LPR_redux/LPR_pycap_opt/notebooks/fish_dollars_Tplus10per_0.0_1.0_0.01_tradeoff.csv
gen=48_member=6068_pso,109.3689294787116,5.924379541942392,2.675620458057608,original_T_plus_10pct,/workspaces/LPR_redux/LPR_pycap_opt/notebooks/fish_dollars_Tplus10per_0.0_1.0_0.01_tradeoff.csv
gen=37_member=4674_pso,101.22304814490153,6.650424334375984,1.9495756656240155,original_T_plus_10pct,/workspaces/LPR_redux/LPR_pycap_opt/notebooks/fish_dollars_Tplus10per_0.0_1.0_0.01_tradeoff.csv
gen=36_member=4503_pso,106.47487158572716,6.215622375553265,2.3843776244467354,original_T_plus_10pct,/workspaces/LPR_redux/LPR_pycap_opt/notebooks/fish_dollars_Tplus10per_0.0_1.0_0.01_tradeoff.csv
gen=33_member=4147_pso,94.92013380513636,6.967381281516486,1.632618718483514,original_T_plus_10pct,/workspaces/LPR_redux/LPR_pycap_opt/notebooks/fish_dollars_Tplus10per_0.0_1.0_0.01_tradeoff.csv
gen=33_member=4166_pso,91.05080686412036,7.093387753370851,1.5066122466291487,original_T_plus_10pct,/workspaces/LPR_redux/LPR_pycap_opt/notebooks/fish_dollars_Tplus10per_0.0_1.0_0.01_tradeoff.csv
gen=37_member=4632_pso,103.65064826618364,6.494020425147769,2.1059795748522303,original_T_plus_10pct,/workspaces/LPR_redux/LPR_pycap_opt/notebooks/fish_dollars_Tplus10per_0.0_1.0_0.01_tradeoff.csv
gen=37_member=4658_pso,92.52819504778424,7.065261374831841,1.5347386251681587,original_T_plus_10pct,/workspaces/LPR_redux/LPR_pycap_opt/notebooks/fish_dollars_Tplus10per_0.0_1.0_0.01_tradeoff.csv
gen=37_member=4624_pso,91.43559152034808,7.085276864188842,1.514723135811158,original_T_plus_10pct,/workspaces/LPR_redux/LPR_pycap_opt/notebooks/fish_dollars_Tplus10per_0.0_1.0_0.01_tradeoff.csv
gen=47_member=5995_pso,93.96129623920127,7.013300944800997,1.5866990551990028,original_T_plus_10pct,/workspaces/LPR_redux/LPR_pycap_opt/notebooks/fish_dollars_Tplus10per_0.0_1.0_0.01_tradeoff.csv
gen=23_member=2902_pso,109.90805815960844,5.767735988558679,2.832264011441321,original_T_plus_10pct,/workspaces/LPR_redux/LPR_pycap_opt/notebooks/fish_dollars_Tplus10per_0.0_1.0_0.01_tradeoff.csv
gen=46_member=5865_pso,108.212525460132,6.05720438174939,2.54279561825061,original_T_plus_10pct,/workspaces/LPR_redux/LPR_pycap_opt/notebooks/fish_dollars_Tplus10per_0.0_1.0_0.01_tradeoff.csv
gen=34_member=4303_pso,113.23033011646214,4.703781228375275,3.8962187716247247,original_T_plus_10pct,/workspaces/LPR_redux/LPR_pycap_opt/notebooks/fish_dollars_Tplus10per_0.0_1.0_0.01_tradeoff.csv
gen=48_member=6089_pso,114.06420636952278,4.447489252776058,4.152510747223942,original_T_plus_10pct,/workspaces/LPR_redux/LPR_pycap_opt/notebooks/fish_dollars_Tplus10per_0.0_1.0_0.01_tradeoff.csv
gen=18_member=2189_pso,113.26629802224028,4.356433946011595,4.243566053988404,original_T_plus_10pct,/workspaces/LPR_redux/LPR_pycap_opt/notebooks/fish_dollars_Tplus10per_0.0_1.0_0.01_tradeoff.csv
gen=45_member=5713_pso,113.8693221053299,4.506375053372792,4.093624946627208,original_T_plus_10pct,/workspaces/LPR_redux/LPR_pycap_opt/notebooks/fish_dollars_Tplus10per_0.0_1.0_0.01_tradeoff.csv
gen=29_member=3637_pso,98.18523795763105,6.802291909226415,1.7977080907735838,original_T_plus_10pct,/workspaces/LPR_redux/LPR_pycap_opt/notebooks/fish_dollars_Tplus10per_0.0_1.0_0.01_tradeoff.csv
gen=42_member=5305_pso,106.98430518785436,6.195920404284575,2.404079595715425,original_T_plus_10pct,/workspaces/LPR_redux/LPR_pycap_opt/notebooks/fish_dollars_Tplus10per_0.0_1.0_0.01_tradeoff.csv
gen=47_member=5955_pso,109.86376858051946,5.865697109565428,2.7343028904345714,original_T_plus_10pct,/workspaces/LPR_redux/LPR_pycap_opt/notebooks/fish_dollars_Tplus10per_0.0_1.0_0.01_tradeoff.csv
gen=42_member=5371_pso,93.36451027644632,7.046985192084547,1.5530148079154524,original_T_plus_10pct,/workspaces/LPR_redux/LPR_pycap_opt/notebooks/fish_dollars_Tplus10per_0.0_1.0_0.01_tradeoff.csv
gen=39_member=4954_pso,106.46015184449467,6.254381349923705,2.3456186500762954,original_T_plus_10pct,/workspaces/LPR_redux/LPR_pycap_opt/notebooks/fish_dollars_Tplus10per_0.0_1.0_0.01_tradeoff.csv
gen=44_member=5546_pso,95.42871505889462,6.950187831962061,1.6498121680379387,original_T_plus_10pct,/workspaces/LPR_redux/LPR_pycap_opt/notebooks/fish_dollars_Tplus10per_0.0_1.0_0.01_tradeoff.csv
gen=42_member=5343_pso,109.3292481130196,5.962759261189255,2.637240738810745,original_T_plus_10pct,/workspaces/LPR_redux/LPR_pycap_opt/notebooks/fish_dollars_Tplus10per_0.0_1.0_0.01_tradeoff.csv
gen=42_member=5259_pso,108.0846549517532,6.08934344374397,2.5106565562560297,original_T_plus_10pct,/workspaces/LPR_redux/LPR_pycap_opt/notebooks/fish_dollars_Tplus10per_0.0_1.0_0.01_tradeoff.csv
gen=49_member=6197_pso,95.77322643431624,6.916254920755134,1.6837450792448656,original_T_plus_10pct,/workspaces/LPR_redux/LPR_pycap_opt/notebooks/fish_dollars_Tplus10per_0.0_1.0_0.01_tradeoff.csv
gen=47_member=5917_pso,93.99083401012072,7.023578635074653,1.5764213649253462,original_T_plus_10pct,/workspaces/LPR_redux/LPR_pycap_opt/notebooks/fish_dollars_Tplus10per_0.0_1.0_0.01_tradeoff.csv
gen=38_member=4823_pso,104.41380188101525,6.459572867788949,2.140427132211051,original_T_plus_10pct,/workspaces/LPR_redux/LPR_pycap_opt/notebooks/fish_dollars_Tplus10per_0.0_1.0_0.01_tradeoff.csv
gen=49_member=6270_pso,114.07642076735556,4.446877869087733,4.153122130912267,original_T_plus_10pct,/workspaces/LPR_redux/LPR_pycap_opt/notebooks/fish_dollars_Tplus10per_0.0_1.0_0.01_tradeoff.csv
gen=41_member=5214_pso,94.32449090724678,6.981834716022921,1.6181652839770784,original_T_plus_10pct,/workspaces/LPR_redux/LPR_pycap_opt/notebooks/fish_dollars_Tplus10per_0.0_1.0_0.01_tradeoff.csv
gen=32_member=4010_pso,92.81366680168364,7.0559599011652745,1.5440400988347251,original_T_plus_10pct,/workspaces/LPR_redux/LPR_pycap_opt/notebooks/fish_dollars_Tplus10per_0.0_1.0_0.01_tradeoff.csv
gen=47_member=5948_pso,113.15840809860052,4.750889826274664,3.849110173725336,original_T_plus_10pct,/workspaces/LPR_redux/LPR_pycap_opt/notebooks/fish_dollars_Tplus10per_0.0_1.0_0.01_tradeoff.csv
gen=38_member=4821_pso,110.86989606521276,5.49757542916216,3.1024245708378406,original_T_plus_10pct,/workspaces/LPR_redux/LPR_pycap_opt/notebooks/fish_dollars_Tplus10per_0.0_1.0_0.01_tradeoff.csv
gen=47_member=6006_pso,99.52926344257692,6.749421699595716,1.8505783004042835,original_T_plus_10pct,/workspaces/LPR_redux/LPR_pycap_opt/notebooks/fish_dollars_Tplus10per_0.0_1.0_0.01_tradeoff.csv
gen=42_member=5300_pso,94.35517638321076,6.9913960022781785,1.6086039977218212,original_T_plus_10pct,/workspaces/LPR_redux/LPR_pycap_opt/notebooks/fish_dollars_Tplus10per_0.0_1.0_0.01_tradeoff.csv
gen=39_member=4984_pso,105.98770272553764,6.30825544711182,2.291744552888179,original_T_plus_10pct,/workspaces/LPR_redux/LPR_pycap_opt/notebooks/fish_dollars_Tplus10per_0.0_1.0_0.01_tradeoff.csv
90,116.67468713137949,3.796894641560562,4.803105358439438,original_T_plus_10pct,/workspaces/LPR_redux/LPR_pycap_opt/notebooks/fish_dollars_Tplus10per_0.0_1.0_0.01_tradeoff.csv
gen=31_member=3866_pso,91.16902153445076,7.089647374944682,1.510352625055318,original_T_plus_10pct,/workspaces/LPR_redux/LPR_pycap_opt/notebooks/fish_dollars_Tplus10per_0.0_1.0_0.01_tradeoff.csv
gen=38_member=4770_pso,93.88379352592254,6.992717690093672,1.607282309906328,original_T_plus_10pct,/workspaces/LPR_redux/LPR_pycap_opt/notebooks/fish_dollars_Tplus10per_0.0_1.0_0.01_tradeoff.csv
gen=42_member=5279_pso,100.66942893110662,6.690702419445088,1.9092975805549115,original_T_plus_10pct,/workspaces/LPR_redux/LPR_pycap_opt/notebooks/fish_dollars_Tplus10per_0.0_1.0_0.01_tradeoff.csv
gen=43_member=5404_pso,93.34763358723484,7.044220255802427,1.5557797441975725,original_T_plus_10pct,/workspaces/LPR_redux/LPR_pycap_opt/notebooks/fish_dollars_Tplus10per_0.0_1.0_0.01_tradeoff.csv
gen=43_member=5499_pso,103.68034736035628,6.495895781690116,2.104104218309884,original_T_plus_10pct,/workspaces/LPR_redux/LPR_pycap_opt/notebooks/fish_dollars_Tplus10per_0.0_1.0_0.01_tradeoff.csv
gen=48_member=6047_pso,99.91501393745312,6.715932232700651,1.8840677672993484,original_T_plus_10pct,/workspaces/LPR_redux/LPR_pycap_opt/notebooks/fish_dollars_Tplus10per_0.0_1.0_0.01_tradeoff.csv
gen=32_member=4074_pso,101.160475476745,6.676628571282231,1.923371428717768,original_T_plus_10pct,/workspaces/LPR_redux/LPR_pycap_opt/notebooks/fish_dollars_Tplus10per_0.0_1.0_0.01_tradeoff.csv
gen=42_member=5362_pso,93.88835822445228,7.024860130095771,1.5751398699042292,original_T_plus_10pct,/workspaces/LPR_redux/LPR_pycap_opt/notebooks/fish_dollars_Tplus10per_0.0_1.0_0.01_tradeoff.csv
gen=44_member=5515_pso,108.64928712131147,6.049734731129854,2.5502652688701457,original_T_plus_10pct,/workspaces/LPR_redux/LPR_pycap_opt/notebooks/fish_dollars_Tplus10per_0.0_1.0_0.01_tradeoff.csv
gen=39_member=4956_pso,113.98840909186649,4.329892913573302,4.270107086426697,original_T_plus_10pct,/workspaces/LPR_redux/LPR_pycap_opt/notebooks/fish_dollars_Tplus10per_0.0_1.0_0.01_tradeoff.csv
gen=24_member=3006_pso,112.59860947975643,5.052307352703149,3.547692647296851,original_T_plus_10pct,/workspaces/LPR_redux/LPR_pycap_opt/notebooks/fish_dollars_Tplus10per_0.0_1.0_0.01_tradeoff.csv
gen=44_member=5531_pso,109.73801858313674,5.892473592324864,2.7075264076751364,original_T_plus_10pct,/workspaces/LPR_redux/LPR_pycap_opt/notebooks/fish_dollars_Tplus10per_0.0_1.0_0.01_tradeoff.csv
gen=32_member=4084_pso,105.54423842863342,6.337893165228814,2.2621068347711857,original_T_plus_10pct,/workspaces/LPR_redux/LPR_pycap_opt/notebooks/fish_dollars_Tplus10per_0.0_1.0_0.01_tradeoff.csv
gen=45_member=5732_pso,113.35836295237762,4.644082732597544,3.955917267402456,original_T_plus_10pct,/workspaces/LPR_redux/LPR_pycap_opt/notebooks/fish_dollars_Tplus10per_0.0_1.0_0.01_tradeoff.csv
gen=43_member=5501_pso,109.04168247028488,5.974264870360203,2.6257351296397964,original_T_plus_10pct,/workspaces/LPR_redux/LPR_pycap_opt/notebooks/fish_dollars_Tplus10per_0.0_1.0_0.01_tradeoff.csv
gen=47_member=5954_pso,113.24848621925616,4.857225193950027,3.742774806049973,original_T_plus_10pct,/workspaces/LPR_redux/LPR_pycap_opt/notebooks/fish_dollars_Tplus10per_0.0_1.0_0.01_tradeoff.csv
gen=45_member=5736_pso,105.39090847910308,6.369367499861245,2.2306325001387544,original_T_plus_10pct,/workspaces/LPR_redux/LPR_pycap_opt/notebooks/fish_dollars_Tplus10per_0.0_1.0_0.01_tradeoff.csv
gen=33_member=4193_pso,102.29907604792112,6.594372623696014,2.005627376303986,original_T_plus_10pct,/workspaces/LPR_redux/LPR_pycap_opt/notebooks/fish_dollars_Tplus10per_0.0_1.0_0.01_tradeoff.csv
gen=42_member=5308_pso,107.72598063268748,6.109283078669711,2.4907169213302884,original_T_plus_10pct,/workspaces/LPR_redux/LPR_pycap_opt/notebooks/fish_dollars_Tplus10per_0.0_1.0_0.01_tradeoff.csv
gen=34_member=4272_pso,111.76428874750276,5.114606972526211,3.4853930274737888,original_T_plus_10pct,/workspaces/LPR_redux/LPR_pycap_opt/notebooks/fish_dollars_Tplus10per_0.0_1.0_0.01_tradeoff.csv
gen=38_member=4788_pso,99.92270650027456,6.715425068174278,1.8845749318257208,original_T_plus_10pct,/workspaces/LPR_redux/LPR_pycap_opt/notebooks/fish_dollars_Tplus10per_0.0_1.0_0.01_tradeoff.csv
gen=28_member=3529_pso,113.12305488411046,4.885990713872319,3.714009286127681,original_T_plus_10pct,/workspaces/LPR_redux/LPR_pycap_opt/notebooks/fish_dollars_Tplus10per_0.0_1.0_0.01_tradeoff.csv
gen=39_member=4921_pso,112.74546441906357,4.966586936663938,3.6334130633360617,original_T_plus_10pct,/workspaces/LPR_redux/LPR_pycap_opt/notebooks/fish_dollars_Tplus10per_0.0_1.0_0.01_tradeoff.csv
gen=48_member=6121_pso,101.79798012239314,6.6374788262765385,1.962521173723461,original_T_plus_10pct,/workspaces/LPR_redux/LPR_pycap_opt/notebooks/fish_dollars_Tplus10per_0.0_1.0_0.01_tradeoff.csv
gen=45_member=5684_pso,110.77719198000187,5.539736896843771,3.0602631031562284,original_T_plus_10pct,/workspaces/LPR_redux/LPR_pycap_opt/notebooks/fish_dollars_Tplus10per_0.0_1.0_0.01_tradeoff.csv
gen=41_member=5238_pso,102.12977562415908,6.572446378559742,2.0275536214402576,original_T_plus_10pct,/workspaces/LPR_redux/LPR_pycap_opt/notebooks/fish_dollars_Tplus10per_0.0_1.0_0.01_tradeoff.csv
gen=41_member=5152_pso,112.6714225160894,5.0187183339968895,3.58128166600311,original_T_plus_10pct,/workspaces/LPR_redux/LPR_pycap_opt/notebooks/fish_dollars_Tplus10per_0.0_1.0_0.01_tradeoff.csv
gen=38_member=4852_pso,108.59818260425502,5.99756090122745,2.6024390987725496,original_T_plus_10pct,/workspaces/LPR_redux/LPR_pycap_opt/notebooks/fish_dollars_Tplus10per_0.0_1.0_0.01_tradeoff.csv
gen=48_member=6135_pso,98.68864820002858,6.76757636159857,1.8324236384014303,original_T_plus_10pct,/workspaces/LPR_redux/LPR_pycap_opt/notebooks/fish_dollars_Tplus10per_0.0_1.0_0.01_tradeoff.csv
gen=40_member=5059_pso,113.75284180166132,4.573064528429377,4.026935471570623,original_T_plus_10pct,/workspaces/LPR_redux/LPR_pycap_opt/notebooks/fish_dollars_Tplus10per_0.0_1.0_0.01_tradeoff.csv
gen=26_member=3215_pso,112.1095064269793,4.811367890757446,3.7886321092425534,original_T_plus_10pct,/workspaces/LPR_redux/LPR_pycap_opt/notebooks/fish_dollars_Tplus10per_0.0_1.0_0.01_tradeoff.csv
gen=37_member=4688_pso,114.08427780312788,4.27398466883887,4.32601533116113,original_T_plus_10pct,/workspaces/LPR_redux/LPR_pycap_opt/notebooks/fish_dollars_Tplus10per_0.0_1.0_0.01_tradeoff.csv
gen=47_member=5947_pso,93.74750671852898,7.035611242251704,1.5643887577482956,original_T_plus_10pct,/workspaces/LPR_redux/LPR_pycap_opt/notebooks/fish_dollars_Tplus10per_0.0_1.0_0.01_tradeoff.csv
gen=33_member=4153_pso,114.1516553270421,4.245191590110158,4.354808409889841,original_T_plus_10pct,/workspaces/LPR_redux/LPR_pycap_opt/notebooks/fish_dollars_Tplus10per_0.0_1.0_0.01_tradeoff.csv
gen=37_member=4682_pso,114.51340973952684,4.169613422336465,4.430386577663534,original_T_plus_10pct,/workspaces/LPR_redux/LPR_pycap_opt/notebooks/fish_dollars_Tplus10per_0.0_1.0_0.01_tradeoff.csv
gen=31_member=3954_pso,113.5086257182754,4.560795205415017,4.039204794584983,original_T_plus_10pct,/workspaces/LPR_redux/LPR_pycap_opt/notebooks/fish_dollars_Tplus10per_0.0_1.0_0.01_tradeoff.csv
gen=48_member=6132_pso,112.6659742823999,5.173596814428244,3.426403185571756,original_T_plus_10pct,/workspaces/LPR_redux/LPR_pycap_opt/notebooks/fish_dollars_Tplus10per_0.0_1.0_0.01_tradeoff.csv
gen=44_member=5551_pso,92.99689223459836,7.05522653476005,1.54477346523995,original_T_plus_10pct,/workspaces/LPR_redux/LPR_pycap_opt/notebooks/fish_dollars_Tplus10per_0.0_1.0_0.01_tradeoff.csv
gen=26_member=3206_pso,113.71885098514971,4.527015630456047,4.072984369543953,original_T_plus_10pct,/workspaces/LPR_redux/LPR_pycap_opt/notebooks/fish_dollars_Tplus10per_0.0_1.0_0.01_tradeoff.csv
gen=29_member=3603_pso,110.2047905143617,5.755549509534845,2.8444504904651544,original_T_plus_10pct,/workspaces/LPR_redux/LPR_pycap_opt/notebooks/fish_dollars_Tplus10per_0.0_1.0_0.01_tradeoff.csv
gen=27_member=3360_pso,114.58588668195132,4.147399831014334,4.452600168985666,original_T_plus_10pct,/workspaces/LPR_redux/LPR_pycap_opt/notebooks/fish_dollars_Tplus10per_0.0_1.0_0.01_tradeoff.csv
gen=47_member=5929_pso,95.68819099331692,6.911258093696057,1.6887419063039426,original_T_plus_10pct,/workspaces/LPR_redux/LPR_pycap_opt/notebooks/fish_dollars_Tplus10per_0.0_1.0_0.01_tradeoff.csv
gen=46_member=5834_pso,111.8504461333536,5.081157349727503,3.518842650272497,original_T_plus_10pct,/workspaces/LPR_redux/LPR_pycap_opt/notebooks/fish_dollars_Tplus10per_0.0_1.0_0.01_tradeoff.csv
gen=47_member=6008_pso,114.48226667714924,4.12419896667627,4.475801033323729,original_T_plus_10pct,/workspaces/LPR_redux/LPR_pycap_opt/notebooks/fish_dollars_Tplus10per_0.0_1.0_0.01_tradeoff.csv
gen=46_member=5781_pso,113.41518461016956,4.608093169559465,3.9919068304405343,original_T_plus_10pct,/workspaces/LPR_redux/LPR_pycap_opt/notebooks/fish_dollars_Tplus10per_0.0_1.0_0.01_tradeoff.csv
gen=25_member=3176_pso,114.05777821620384,4.290950369995778,4.309049630004222,original_T_plus_10pct,/workspaces/LPR_redux/LPR_pycap_opt/notebooks/fish_dollars_Tplus10per_0.0_1.0_0.01_tradeoff.csv
gen=35_member=4445_pso,113.99261644707424,4.311821506714133,4.288178493285867,original_T_plus_10pct,/workspaces/LPR_redux/LPR_pycap_opt/notebooks/fish_dollars_Tplus10per_0.0_1.0_0.01_tradeoff.csv
gen=40_member=5023_pso,94.02215182853956,7.007923735937124,1.592076264062876,original_T_plus_10pct,/workspaces/LPR_redux/LPR_pycap_opt/notebooks/fish_dollars_Tplus10per_0.0_1.0_0.01_tradeoff.csv
gen=42_member=5369_pso,103.43071347261476,6.516582497133207,2.083417502866792,original_T_plus_10pct,/workspaces/LPR_redux/LPR_pycap_opt/notebooks/fish_dollars_Tplus10per_0.0_1.0_0.01_tradeoff.csv
gen=43_member=5415_pso,95.9358390124614,6.897421641672942,1.7025783583270575,original_T_plus_10pct,/workspaces/LPR_redux/LPR_pycap_opt/notebooks/fish_dollars_Tplus10per_0.0_1.0_0.01_tradeoff.csv
gen=32_member=4008_pso,112.7293885176409,5.000863778738184,3.599136221261816,original_T_plus_10pct,/workspaces/LPR_redux/LPR_pycap_opt/notebooks/fish_dollars_Tplus10per_0.0_1.0_0.01_tradeoff.csv
gen=49_member=6177_pso,112.84088016772186,4.921735467605175,3.6782645323948246,original_T_plus_10pct,/workspaces/LPR_redux/LPR_pycap_opt/notebooks/fish_dollars_Tplus10per_0.0_1.0_0.01_tradeoff.csv
gen=42_member=5280_pso,108.90187530473762,5.988248989203903,2.611751010796097,original_T_plus_10pct,/workspaces/LPR_redux/LPR_pycap_opt/notebooks/fish_dollars_Tplus10per_0.0_1.0_0.01_tradeoff.csv
gen=49_member=6204_pso,112.5374645132025,5.202859254273829,3.397140745726171,original_T_plus_10pct,/workspaces/LPR_redux/LPR_pycap_opt/notebooks/fish_dollars_Tplus10per_0.0_1.0_0.01_tradeoff.csv
gen=29_member=3689_pso,107.1990059147888,6.1529146363912,2.4470853636088,original_T_plus_10pct,/workspaces/LPR_redux/LPR_pycap_opt/notebooks/fish_dollars_Tplus10per_0.0_1.0_0.01_tradeoff.csv
gen=34_member=4286_pso,105.74742127050968,6.321766007634439,2.278233992365561,original_T_plus_10pct,/workspaces/LPR_redux/LPR_pycap_opt/notebooks/fish_dollars_Tplus10per_0.0_1.0_0.01_tradeoff.csv
gen=43_member=5397_pso,91.11175821540682,7.091837195237102,1.5081628047628977,original_T_plus_10pct,/workspaces/LPR_redux/LPR_pycap_opt/notebooks/fish_dollars_Tplus10per_0.0_1.0_0.01_tradeoff.csv
gen=34_member=4316_pso,101.81679869710388,6.603632715565992,1.996367284434008,original_T_plus_10pct,/workspaces/LPR_redux/LPR_pycap_opt/notebooks/fish_dollars_Tplus10per_0.0_1.0_0.01_tradeoff.csv
gen=40_member=5040_pso,101.78988617385316,6.613970788077556,1.986029211922444,original_T_plus_10pct,/workspaces/LPR_redux/LPR_pycap_opt/notebooks/fish_dollars_Tplus10per_0.0_1.0_0.01_tradeoff.csv
gen=49_member=6267_pso,107.33871250125844,6.137900792515891,2.462099207484109,original_T_plus_10pct,/workspaces/LPR_redux/LPR_pycap_opt/notebooks/fish_dollars_Tplus10per_0.0_1.0_0.01_tradeoff.csv
gen=42_member=5345_pso,113.09590961216004,4.771739836472859,3.828260163527141,original_T_plus_10pct,/workspaces/LPR_redux/LPR_pycap_opt/notebooks/fish_dollars_Tplus10per_0.0_1.0_0.01_tradeoff.csv
gen=33_member=4106_pso,112.80680819659028,4.92473837107197,3.6752616289280295,original_T_plus_10pct,/workspaces/LPR_redux/LPR_pycap_opt/notebooks/fish_dollars_Tplus10per_0.0_1.0_0.01_tradeoff.csv
gen=26_member=3247_pso,110.03841057627878,5.762437476152045,2.8375625238479545,original_T_plus_10pct,/workspaces/LPR_redux/LPR_pycap_opt/notebooks/fish_dollars_Tplus10per_0.0_1.0_0.01_tradeoff.csv
gen=44_member=5561_pso,111.4141695104364,5.5424775036321625,3.057522496367837,original_T_plus_10pct,/workspaces/LPR_redux/LPR_pycap_opt/notebooks/fish_dollars_Tplus10per_0.0_1.0_0.01_tradeoff.csv
gen=46_member=5797_pso,112.22571964471992,5.2737608286174495,3.3262391713825505,original_T_plus_10pct,/workspaces/LPR_redux/LPR_pycap_opt/notebooks/fish_dollars_Tplus10per_0.0_1.0_0.01_tradeoff.csv
gen=40_member=5070_pso,113.4290674676499,4.606125419829049,3.9938745801709503,original_T_plus_10pct,/workspaces/LPR_redux/LPR_pycap_opt/notebooks/fish_dollars_Tplus10per_0.0_1.0_0.01_tradeoff.csv
gen=44_member=5518_pso,110.31763179552696,5.7344865786396575,2.8655134213603417,original_T_plus_10pct,/workspaces/LPR_redux/LPR_pycap_opt/notebooks/fish_dollars_Tplus10per_0.0_1.0_0.01_tradeoff.csv
gen=41_member=5148_pso,104.47566657365776,6.438462181233332,2.161537818766668,original_T_plus_10pct,/workspaces/LPR_redux/LPR_pycap_opt/notebooks/fish_dollars_Tplus10per_0.0_1.0_0.01_tradeoff.csv
gen=41_member=5227_pso,94.43811377206342,6.989659881910402,1.610340118089598,original_T_plus_10pct,/workspaces/LPR_redux/LPR_pycap_opt/notebooks/fish_dollars_Tplus10per_0.0_1.0_0.01_tradeoff.csv
gen=43_member=5411_pso,110.54671078942364,5.566480976802095,3.033519023197905,original_T_plus_10pct,/workspaces/LPR_redux/LPR_pycap_opt/notebooks/fish_dollars_Tplus10per_0.0_1.0_0.01_tradeoff.csv
gen=48_member=6049_pso,114.2547677142299,4.195411595560362,4.404588404439638,original_T_plus_10pct,/workspaces/LPR_redux/LPR_pycap_opt/notebooks/fish_dollars_Tplus10per_0.0_1.0_0.01_tradeoff.csv
gen=41_member=5246_pso,104.74474947088204,6.409228341677955,2.1907716583220447,original_T_plus_10pct,/workspaces/LPR_redux/LPR_pycap_opt/notebooks/fish_dollars_Tplus10per_0.0_1.0_0.01_tradeoff.csv
gen=48_member=6087_pso,111.37266061715052,5.231809619720156,3.368190380279844,original_T_plus_10pct,/workspaces/LPR_redux/LPR_pycap_opt/notebooks/fish_dollars_Tplus10per_0.0_1.0_0.01_tradeoff.csv
gen=42_member=5319_pso,105.17737634330194,6.377857122750802,2.222142877249198,original_T_plus_10pct,/workspaces/LPR_redux/LPR_pycap_opt/notebooks/fish_dollars_Tplus10per_0.0_1.0_0.01_tradeoff.csv
gen=42_member=5363_pso,113.28044443321518,4.682743636643963,3.917256363356037,original_T_plus_10pct,/workspaces/LPR_redux/LPR_pycap_opt/notebooks/fish_dollars_Tplus10per_0.0_1.0_0.01_tradeoff.csv
gen=39_member=4923_pso,112.0143164121515,5.303921453055312,3.2960785469446874,original_T_plus_10pct,/workspaces/LPR_redux/LPR_pycap_opt/notebooks/fish_dollars_Tplus10per_0.0_1.0_0.01_tradeoff.csv
gen=47_member=5963_pso,100.9418209369432,6.683414730860319,1.9165852691396807,original_T_plus_10pct,/workspaces/LPR_redux/LPR_pycap_opt/notebooks/fish_dollars_Tplus10per_0.0_1.0_0.01_tradeoff.csv
gen=36_member=4492_pso,110.37993283158582,5.720426412914641,2.879573587085359,original_T_plus_10pct,/workspaces/LPR_redux/LPR_pycap_opt/notebooks/fish_dollars_Tplus10per_0.0_1.0_0.01_tradeoff.csv
gen=44_member=5607_pso,112.08276189070952,5.324909435302435,3.2750905646975648,original_T_plus_10pct,/workspaces/LPR_redux/LPR_pycap_opt/notebooks/fish_dollars_Tplus10per_0.0_1.0_0.01_tradeoff.csv
gen=39_member=4940_pso,110.91449227615335,5.469972557744371,3.1300274422556287,original_T_plus_10pct,/workspaces/LPR_redux/LPR_pycap_opt/notebooks/fish_dollars_Tplus10per_0.0_1.0_0.01_tradeoff.csv
gen=49_member=6255_pso,112.81302289619993,4.957257490391468,3.642742509608531,original_T_plus_10pct,/workspaces/LPR_redux/LPR_pycap_opt/notebooks/fish_dollars_Tplus10per_0.0_1.0_0.01_tradeoff.csv
gen=33_member=4208_pso,112.0008464531074,4.872168790789143,3.7278312092108568,original_T_plus_10pct,/workspaces/LPR_redux/LPR_pycap_opt/notebooks/fish_dollars_Tplus10per_0.0_1.0_0.01_tradeoff.csv
gen=28_member=3542_pso,111.81467541813338,5.0673091785982685,3.5326908214017307,original_T_plus_10pct,/workspaces/LPR_redux/LPR_pycap_opt/notebooks/fish_dollars_Tplus10per_0.0_1.0_0.01_tradeoff.csv
gen=43_member=5424_pso,112.04256451493043,5.344382409284569,3.2556175907154303,original_T_plus_10pct,/workspaces/LPR_redux/LPR_pycap_opt/notebooks/fish_dollars_Tplus10per_0.0_1.0_0.01_tradeoff.csv
gen=43_member=5400_pso,107.49673514176958,6.146562059123135,2.4534379408768645,original_T_plus_10pct,/workspaces/LPR_redux/LPR_pycap_opt/notebooks/fish_dollars_Tplus10per_0.0_1.0_0.01_tradeoff.csv
gen=41_member=5247_pso,113.30777996908718,4.65825356882506,3.94174643117494,original_T_plus_10pct,/workspaces/LPR_redux/LPR_pycap_opt/notebooks/fish_dollars_Tplus10per_0.0_1.0_0.01_tradeoff.csv
gen=45_member=5747_pso,114.5351261319263,4.158841487191023,4.441158512808976,original_T_plus_10pct,/workspaces/LPR_redux/LPR_pycap_opt/notebooks/fish_dollars_Tplus10per_0.0_1.0_0.01_tradeoff.csv
gen=25_member=3113_pso,111.41262203115596,5.211012482793231,3.388987517206768,original_T_plus_10pct,/workspaces/LPR_redux/LPR_pycap_opt/notebooks/fish_dollars_Tplus10per_0.0_1.0_0.01_tradeoff.csv
gen=25_member=3145_pso,107.09297378097148,6.159044451491969,2.440955548508031,original_T_plus_10pct,/workspaces/LPR_redux/LPR_pycap_opt/notebooks/fish_dollars_Tplus10per_0.0_1.0_0.01_tradeoff.csv
gen=26_member=3313_pso,111.52376807312052,5.147192203235681,3.4528077967643185,original_T_plus_10pct,/workspaces/LPR_redux/LPR_pycap_opt/notebooks/fish_dollars_Tplus10per_0.0_1.0_0.01_tradeoff.csv
gen=43_member=5414_pso,114.02830719394758,4.22763389364829,4.37236610635171,original_T_plus_10pct,/workspaces/LPR_redux/LPR_pycap_opt/notebooks/fish_dollars_Tplus10per_0.0_1.0_0.01_tradeoff.csv
gen=34_member=4245_pso,102.89043152059524,6.53953582682013,2.06046417317987,original_T_plus_10pct,/workspaces/LPR_redux/LPR_pycap_opt/notebooks/fish_dollars_Tplus10per_0.0_1.0_0.01_tradeoff.csv
gen=38_member=4846_pso,112.987915369373,4.375666882288543,4.224333117711456,original_T_plus_10pct,/workspaces/LPR_redux/LPR_pycap_opt/notebooks/fish_dollars_Tplus10per_0.0_1.0_0.01_tradeoff.csv
gen=36_member=4566_pso,112.97572723350277,4.382213311305444,4.217786688694556,original_T_plus_10pct,/workspaces/LPR_redux/LPR_pycap_opt/notebooks/fish_dollars_Tplus10per_0.0_1.0_0.01_tradeoff.csv
gen=45_member=5675_pso,113.14233863795208,4.757509131930165,3.8424908680698335,original_T_plus_10pct,/workspaces/LPR_redux/LPR_pycap_opt/notebooks/fish_dollars_Tplus10per_0.0_1.0_0.01_tradeoff.csv
gen=47_member=6009_pso,102.68073914361857,6.566133604508236,2.033866395491764,original_T_plus_10pct,/workspaces/LPR_redux/LPR_pycap_opt/notebooks/fish_dollars_Tplus10per_0.0_1.0_0.01_tradeoff.csv
gen=48_member=6133_pso,114.61135569961534,4.11461793849967,4.48538206150033,original_T_plus_10pct,/workspaces/LPR_redux/LPR_pycap_opt/notebooks/fish_dollars_Tplus10per_0.0_1.0_0.01_tradeoff.csv
gen=28_member=3581_pso,112.05023542158814,5.309889875976692,3.2901101240233075,original_T_plus_10pct,/workspaces/LPR_redux/LPR_pycap_opt/notebooks/fish_dollars_Tplus10per_0.0_1.0_0.01_tradeoff.csv
gen=29_member=3600_pso,112.1885459326598,5.277333577387598,3.3226664226124014,original_T_plus_10pct,/workspaces/LPR_redux/LPR_pycap_opt/notebooks/fish_dollars_Tplus10per_0.0_1.0_0.01_tradeoff.csv
gen=27_member=3452_pso,113.28177385603148,4.6904567044208925,3.909543295579107,original_T_plus_10pct,/workspaces/LPR_redux/LPR_pycap_opt/notebooks/fish_dollars_Tplus10per_0.0_1.0_0.01_tradeoff.csv
gen=44_member=5597_pso,104.44098717251906,6.422931795049284,2.1770682049507166,original_T_plus_10pct,/workspaces/LPR_redux/LPR_pycap_opt/notebooks/fish_dollars_Tplus10per_0.0_1.0_0.01_tradeoff.csv
gen=34_member=4243_pso,112.03713220647865,4.857999031429768,3.742000968570232,original_T_plus_10pct,/workspaces/LPR_redux/LPR_pycap_opt/notebooks/fish_dollars_Tplus10per_0.0_1.0_0.01_tradeoff.csv
gen=44_member=5578_pso,99.47460119694844,6.750337990109145,1.8496620098908552,original_T_plus_10pct,/workspaces/LPR_redux/LPR_pycap_opt/notebooks/fish_dollars_Tplus10per_0.0_1.0_0.01_tradeoff.csv
gen=35_member=4391_pso,91.12205506971196,7.089938498179063,1.5100615018209376,original_T_plus_10pct,/workspaces/LPR_redux/LPR_pycap_opt/notebooks/fish_dollars_Tplus10per_0.0_1.0_0.01_tradeoff.csv
gen=44_member=5595_pso,112.13678840572572,4.797186595219573,3.8028134047804265,original_T_plus_10pct,/workspaces/LPR_redux/LPR_pycap_opt/notebooks/fish_dollars_Tplus10per_0.0_1.0_0.01_tradeoff.csv
gen=39_member=4916_pso,102.17221001258788,6.617686957478289,1.9823130425217108,original_T_plus_10pct,/workspaces/LPR_redux/LPR_pycap_opt/notebooks/fish_dollars_Tplus10per_0.0_1.0_0.01_tradeoff.csv
gen=33_member=4196_pso,113.97494668987436,4.321026825393895,4.278973174606104,original_T_plus_10pct,/workspaces/LPR_redux/LPR_pycap_opt/notebooks/fish_dollars_Tplus10per_0.0_1.0_0.01_tradeoff.csv
gen=34_member=4314_pso,114.04358400993524,4.28089648267644,4.31910351732356,original_T_plus_10pct,/workspaces/LPR_redux/LPR_pycap_opt/notebooks/fish_dollars_Tplus10per_0.0_1.0_0.01_tradeoff.csv
gen=26_member=3203_pso,114.64461149026424,4.10667840187014,4.493321598129859,original_T_plus_10pct,/workspaces/LPR_redux/LPR_pycap_opt/notebooks/fish_dollars_Tplus10per_0.0_1.0_0.01_tradeoff.csv
gen=31_member=3931_pso,114.23750144214034,4.204680894522743,4.395319105477257,original_T_plus_10pct,/workspaces/LPR_redux/LPR_pycap_opt/notebooks/fish_dollars_Tplus10per_0.0_1.0_0.01_tradeoff.csv
gen=40_member=5090_pso,114.17934496296093,4.237702817974372,4.362297182025627,original_T_plus_10pct,/workspaces/LPR_redux/LPR_pycap_opt/notebooks/fish_dollars_Tplus10per_0.0_1.0_0.01_tradeoff.csv
gen=35_member=4403_pso,114.4561927438005,4.216857705270214,4.383142294729786,original_T_plus_10pct,/workspaces/LPR_redux/LPR_pycap_opt/notebooks/fish_dollars_Tplus10per_0.0_1.0_0.01_tradeoff.csv
gen=45_member=5726_pso,100.7818572385006,6.6868207176044905,1.9131792823955087,original_T_plus_10pct,/workspaces/LPR_redux/LPR_pycap_opt/notebooks/fish_dollars_Tplus10per_0.0_1.0_0.01_tradeoff.csv
gen=35_member=4372_pso,110.89811220979904,5.585083814013728,3.014916185986271,original_T_plus_10pct,/workspaces/LPR_redux/LPR_pycap_opt/notebooks/fish_dollars_Tplus10per_0.0_1.0_0.01_tradeoff.csv
gen=25_member=3096_pso,113.79529475053974,4.523133789633414,4.076866210366585,original_T_plus_10pct,/workspaces/LPR_redux/LPR_pycap_opt/notebooks/fish_dollars_Tplus10per_0.0_1.0_0.01_tradeoff.csv
gen=30_member=3815_pso,104.7015055761388,6.421561198435813,2.1784388015641865,original_T_plus_10pct,/workspaces/LPR_redux/LPR_pycap_opt/notebooks/fish_dollars_Tplus10per_0.0_1.0_0.01_tradeoff.csv
gen=35_member=4436_pso,112.71865192394148,5.001942421388812,3.598057578611188,original_T_plus_10pct,/workspaces/LPR_redux/LPR_pycap_opt/notebooks/fish_dollars_Tplus10per_0.0_1.0_0.01_tradeoff.csv
gen=35_member=4365_pso,111.37599663011297,5.2294875819776765,3.370512418022323,original_T_plus_10pct,/workspaces/LPR_redux/LPR_pycap_opt/notebooks/fish_dollars_Tplus10per_0.0_1.0_0.01_tradeoff.csv
gen=35_member=4449_pso,113.83013065494816,4.515002895771848,4.084997104228152,original_T_plus_10pct,/workspaces/LPR_redux/LPR_pycap_opt/notebooks/fish_dollars_Tplus10per_0.0_1.0_0.01_tradeoff.csv
gen=35_member=4458_pso,110.93892674937312,5.464925688418677,3.135074311581323,original_T_plus_10pct,/workspaces/LPR_redux/LPR_pycap_opt/notebooks/fish_dollars_Tplus10per_0.0_1.0_0.01_tradeoff.csv
gen=38_member=4801_pso,109.7713514237756,5.87660975340548,2.72339024659452,original_T_plus_10pct,/workspaces/LPR_redux/LPR_pycap_opt/notebooks/fish_dollars_Tplus10per_0.0_1.0_0.01_tradeoff.csv
gen=42_member=5348_pso,112.11412274436556,4.80846726956077,3.791532730439229,original_T_plus_10pct,/workspaces/LPR_redux/LPR_pycap_opt/notebooks/fish_dollars_Tplus10per_0.0_1.0_0.01_tradeoff.csv
gen=32_member=4038_pso,114.46380957301176,4.213357867347219,4.3866421326527805,original_T_plus_10pct,/workspaces/LPR_redux/LPR_pycap_opt/notebooks/fish_dollars_Tplus10per_0.0_1.0_0.01_tradeoff.csv
gen=35_member=4447_pso,109.72996686120332,5.879534993613467,2.720465006386533,original_T_plus_10pct,/workspaces/LPR_redux/LPR_pycap_opt/notebooks/fish_dollars_Tplus10per_0.0_1.0_0.01_tradeoff.csv
gen=48_member=6057_pso,110.9091889493499,5.583012216450638,3.0169877835493617,original_T_plus_10pct,/workspaces/LPR_redux/LPR_pycap_opt/notebooks/fish_dollars_Tplus10per_0.0_1.0_0.01_tradeoff.csv
gen=39_member=4977_pso,114.69073633185346,4.097962154344702,4.502037845655297,original_T_plus_10pct,/workspaces/LPR_redux/LPR_pycap_opt/notebooks/fish_dollars_Tplus10per_0.0_1.0_0.01_tradeoff.csv
gen=49_member=6247_pso,113.10206329083717,4.652653733232736,3.947346266767264,original_T_plus_10pct,/workspaces/LPR_redux/LPR_pycap_opt/notebooks/fish_dollars_Tplus10per_0.0_1.0_0.01_tradeoff.csv
gen=35_member=4389_pso,112.15177417792223,4.786949975884614,3.813050024115386,original_T_plus_10pct,/workspaces/LPR_redux/LPR_pycap_opt/notebooks/fish_dollars_Tplus10per_0.0_1.0_0.01_tradeoff.csv
gen=45_member=5710_pso,94.39853191477026,6.99118698431181,1.6088130156881897,original_T_plus_10pct,/workspaces/LPR_redux/LPR_pycap_opt/notebooks/fish_dollars_Tplus10per_0.0_1.0_0.01_tradeoff.csv
gen=42_member=5315_pso,112.81239860619172,4.957267948575572,3.642732051424428,original_T_plus_10pct,/workspaces/LPR_redux/LPR_pycap_opt/notebooks/fish_dollars_Tplus10per_0.0_1.0_0.01_tradeoff.csv
gen=36_member=4515_pso,114.24036560554224,4.195805165636588,4.404194834363412,original_T_plus_10pct,/workspaces/LPR_redux/LPR_pycap_opt/notebooks/fish_dollars_Tplus10per_0.0_1.0_0.01_tradeoff.csv
gen=31_member=3926_pso,113.85722090604354,4.506743563342585,4.093256436657415,original_T_plus_10pct,/workspaces/LPR_redux/LPR_pycap_opt/notebooks/fish_dollars_Tplus10per_0.0_1.0_0.01_tradeoff.csv
gen=31_member=3881_pso,112.98615823233892,4.376613489514912,4.223386510485088,original_T_plus_10pct,/workspaces/LPR_redux/LPR_pycap_opt/notebooks/fish_dollars_Tplus10per_0.0_1.0_0.01_tradeoff.csv
gen=44_member=5601_pso,113.08465277019168,4.655131017067491,3.9448689829325088,original_T_plus_10pct,/workspaces/LPR_redux/LPR_pycap_opt/notebooks/fish_dollars_Tplus10per_0.0_1.0_0.01_tradeoff.csv
gen=36_member=4534_pso,107.50206471334008,6.144840423828214,2.455159576171785,original_T_plus_10pct,/workspaces/LPR_redux/LPR_pycap_opt/notebooks/fish_dollars_Tplus10per_0.0_1.0_0.01_tradeoff.csv
gen=40_member=5062_pso,112.20170169058758,5.276141016384914,3.3238589836150862,original_T_plus_10pct,/workspaces/LPR_redux/LPR_pycap_opt/notebooks/fish_dollars_Tplus10per_0.0_1.0_0.01_tradeoff.csv
gen=29_member=3664_pso,113.42898489134156,4.606128260520027,3.9938717394799728,original_T_plus_10pct,/workspaces/LPR_redux/LPR_pycap_opt/notebooks/fish_dollars_Tplus10per_0.0_1.0_0.01_tradeoff.csv
gen=38_member=4798_pso,114.24300498381808,4.195738703840105,4.404261296159895,original_T_plus_10pct,/workspaces/LPR_redux/LPR_pycap_opt/notebooks/fish_dollars_Tplus10per_0.0_1.0_0.01_tradeoff.csv
gen=30_member=3782_pso,113.8645963127076,4.506500783447163,4.0934992165528366,original_T_plus_10pct,/workspaces/LPR_redux/LPR_pycap_opt/notebooks/fish_dollars_Tplus10per_0.0_1.0_0.01_tradeoff.csv
gen=50_member=6289_pso,91.6467565859264,7.0805889932680905,1.5194110067319089,original_T_plus_10pct,/workspaces/LPR_redux/LPR_pycap_opt/notebooks/fish_dollars_Tplus10per_0.0_1.0_0.01_tradeoff.csv
gen=50_member=6316_pso,96.44205668275448,6.896553094951406,1.7034469050485934,original_T_plus_10pct,/workspaces/LPR_redux/LPR_pycap_opt/notebooks/fish_dollars_Tplus10per_0.0_1.0_0.01_tradeoff.csv
gen=50_member=6351_pso,95.22828988491578,6.958889815250314,1.641110184749686,original_T_plus_10pct,/workspaces/LPR_redux/LPR_pycap_opt/notebooks/fish_dollars_Tplus10per_0.0_1.0_0.01_tradeoff.csv
gen=50_member=6376_pso,111.37795804580438,5.3582267154612,3.2417732845388,original_T_plus_10pct,/workspaces/LPR_redux/LPR_pycap_opt/notebooks/fish_dollars_Tplus10per_0.0_1.0_0.01_tradeoff.csv
gen=50_member=6317_pso,103.29746343634358,6.531547951177896,2.0684520488221034,original_T_plus_10pct,/workspaces/LPR_redux/LPR_pycap_opt/notebooks/fish_dollars_Tplus10per_0.0_1.0_0.01_tradeoff.csv
gen=50_member=6298_pso,96.59686190984748,6.892094057394673,1.7079059426053262,original_T_plus_10pct,/workspaces/LPR_redux/LPR_pycap_opt/notebooks/fish_dollars_Tplus10per_0.0_1.0_0.01_tradeoff.csv
gen=50_member=6285_pso,95.99134571803503,6.920915576094983,1.6790844239050169,original_T_plus_10pct,/workspaces/LPR_redux/LPR_pycap_opt/notebooks/fish_dollars_Tplus10per_0.0_1.0_0.01_tradeoff.csv
gen=50_member=6341_pso,104.95873751357666,6.390629008532855,2.209370991467145,original_T_plus_10pct,/workspaces/LPR_redux/LPR_pycap_opt/notebooks/fish_dollars_Tplus10per_0.0_1.0_0.01_tradeoff.csv
gen=50_member=6304_pso,112.041144774958,5.300093885401504,3.2999061145984965,original_T_plus_10pct,/workspaces/LPR_redux/LPR_pycap_opt/notebooks/fish_dollars_Tplus10per_0.0_1.0_0.01_tradeoff.csv
gen=50_member=6329_pso,110.41171980119888,5.7128455501125766,2.887154449887423,original_T_plus_10pct,/workspaces/LPR_redux/LPR_pycap_opt/notebooks/fish_dollars_Tplus10per_0.0_1.0_0.01_tradeoff.csv
gen=50_member=6343_pso,100.12956713826402,6.712819487887257,1.8871805121127423,original_T_plus_10pct,/workspaces/LPR_redux/LPR_pycap_opt/notebooks/fish_dollars_Tplus10per_0.0_1.0_0.01_tradeoff.csv
gen=50_member=6352_pso,112.16222137966992,4.786380645894623,3.8136193541053767,original_T_plus_10pct,/workspaces/LPR_redux/LPR_pycap_opt/notebooks/fish_dollars_Tplus10per_0.0_1.0_0.01_tradeoff.csv
gen=50_member=6287_pso,108.25570020952154,6.080799459647018,2.519200540352981,original_T_plus_10pct,/workspaces/LPR_redux/LPR_pycap_opt/notebooks/fish_dollars_Tplus10per_0.0_1.0_0.01_tradeoff.csv
gen=50_member=6344_pso,111.54617680821993,5.138427274141554,3.4615727258584457,original_T_plus_10pct,/workspaces/LPR_redux/LPR_pycap_opt/notebooks/fish_dollars_Tplus10per_0.0_1.0_0.01_tradeoff.csv
gen=50_member=6315_pso,112.78906332020608,4.958448639305944,3.641551360694056,original_T_plus_10pct,/workspaces/LPR_redux/LPR_pycap_opt/notebooks/fish_dollars_Tplus10per_0.0_1.0_0.01_tradeoff.csv
gen=50_member=6294_pso,109.32952395026815,5.9627560781369136,2.637243921863086,original_T_plus_10pct,/workspaces/LPR_redux/LPR_pycap_opt/notebooks/fish_dollars_Tplus10per_0.0_1.0_0.01_tradeoff.csv
gen=50_member=6323_pso,105.29079987090668,6.374841570002104,2.2251584299978955,original_T_plus_10pct,/workspaces/LPR_redux/LPR_pycap_opt/notebooks/fish_dollars_Tplus10per_0.0_1.0_0.01_tradeoff.csv
