member,generation,scenario,parameter_name,parameter_label,parameter_symbol,parameter_factor,parameter_value,base_parameter_value,probability_weight,T_factor,T_value,S_factor,S_value,archive_pumping_objective_cfs,pumping_objective_reeval_cfs,full_model_total_pumping_cfs,archive_depletion_cfs,depletion_cfs,streamflow_cfs
152,50,storage_minus_10pct,storage,Storage,S,0.9,0.108,0.12,,,,0.9,0.108,39.0853584,39.0854414587126,117.6979706587126,4.78258,5.043316056868707,3.5566839431312927
gen=36_member=6021_pso,50,storage_minus_10pct,storage,Storage,S,0.9,0.108,0.12,,,,0.9,0.108,15.73043752,15.730428646974957,94.34295784697495,0.811083,0.890253200110472,7.709746799889528
16,50,storage_minus_10pct,storage,Storage,S,0.9,0.108,0.12,,,,0.9,0.108,38.467534,38.46752870631738,117.08005790631736,4.48927,4.741137847833014,3.858862152166986
130,50,storage_minus_10pct,storage,Storage,S,0.9,0.108,0.12,,,,0.9,0.108,38.6001,38.60014577795708,117.21267497795709,4.69071,4.947701445098628,3.652298554901372
95,50,storage_minus_10pct,storage,Storage,S,0.9,0.108,0.12,,,,0.9,0.108,38.900657200000005,38.90068138512153,117.51321058512153,4.70127,4.961542662659046,3.6384573373409532
156,50,storage_minus_10pct,storage,Storage,S,0.9,0.108,0.12,,,,0.9,0.108,37.6137644,37.61379239712806,116.22632159712806,4.4265,4.6734536608837525,3.926546339116247
gen=47_member=7948_pso,50,storage_minus_10pct,storage,Storage,S,0.9,0.108,0.12,,,,0.9,0.108,28.5299856,28.529932454502454,107.14246165450244,1.5703,1.702360249045488,6.897639750954512
gen=48_member=8161_pso,50,storage_minus_10pct,storage,Storage,S,0.9,0.108,0.12,,,,0.9,0.108,24.5082228,24.508282368015493,103.1208115680155,1.17026,1.2849301202224828,7.315069879777517
gen=33_member=5661_pso,50,storage_minus_10pct,storage,Storage,S,0.9,0.108,0.12,,,,0.9,0.108,36.8916696,36.89173247767671,115.50426167767671,4.21575,4.456111392161795,4.143888607838204
gen=47_member=7921_pso,50,storage_minus_10pct,storage,Storage,S,0.9,0.108,0.12,,,,0.9,0.108,37.0291372,37.029124549782175,115.6416537497822,4.27101,4.512578031465255,4.087421968534745
gen=40_member=6722_pso,50,storage_minus_10pct,storage,Storage,S,0.9,0.108,0.12,,,,0.9,0.108,29.2066292,29.206608318766545,107.81913751876654,1.65561,1.792047023180875,6.8079529768191245
gen=48_member=8113_pso,50,storage_minus_10pct,storage,Storage,S,0.9,0.108,0.12,,,,0.9,0.108,37.0135412,37.01352492542517,115.62605412542518,4.2324,4.472933952032492,4.127066047967507
gen=48_member=8218_pso,50,storage_minus_10pct,storage,Storage,S,0.9,0.108,0.12,,,,0.9,0.108,36.6236412,36.62363801974855,115.23616721974857,4.03399,4.266981202687147,4.333018797312852
gen=42_member=7058_pso,50,storage_minus_10pct,storage,Storage,S,0.9,0.108,0.12,,,,0.9,0.108,17.825114,17.82511697626178,96.4376461762618,0.864582,0.9532707841204233,7.646729215879576
gen=48_member=8245_pso,50,storage_minus_10pct,storage,Storage,S,0.9,0.108,0.12,,,,0.9,0.108,36.87897,36.87888641911074,115.49141561911075,4.17121,4.4106760689387565,4.189323931061243
gen=41_member=6922_pso,50,storage_minus_10pct,storage,Storage,S,0.9,0.108,0.12,,,,0.9,0.108,32.1159516,32.11592080418332,110.72845000418333,2.24821,2.4122224167392323,6.187777583260767
gen=41_member=6885_pso,50,storage_minus_10pct,storage,Storage,S,0.9,0.108,0.12,,,,0.9,0.108,16.94815092,16.94814371857778,95.56067291857778,0.828565,0.9114799842094685,7.688520015790531
gen=37_member=6262_pso,50,storage_minus_10pct,storage,Storage,S,0.9,0.108,0.12,,,,0.9,0.108,25.3729096,25.372800727077287,103.98532992707726,1.2425,1.3593928143405907,7.2406071856594085
gen=39_member=6554_pso,50,storage_minus_10pct,storage,Storage,S,0.9,0.108,0.12,,,,0.9,0.108,22.91498,22.91493475179726,101.52746395179726,1.07599,1.1843829036305493,7.41561709636945
gen=44_member=7409_pso,50,storage_minus_10pct,storage,Storage,S,0.9,0.108,0.12,,,,0.9,0.108,29.026161199999997,29.02617500954204,107.63870420954201,1.61819,1.7519680718610382,6.848031928138962
gen=33_member=5597_pso,50,storage_minus_10pct,storage,Storage,S,0.9,0.108,0.12,,,,0.9,0.108,20.425457360000003,20.425447005160812,99.03797620516082,0.993719,1.090760291743301,7.509239708256699
gen=35_member=5926_pso,50,storage_minus_10pct,storage,Storage,S,0.9,0.108,0.12,,,,0.9,0.108,28.758578399999998,28.75848621927199,107.371015419272,1.60584,1.7392971860264501,6.86070281397355
gen=42_member=7147_pso,50,storage_minus_10pct,storage,Storage,S,0.9,0.108,0.12,,,,0.9,0.108,36.785394,36.78548226240043,115.39801146240043,4.12536,4.363592089789737,4.2364079102102625
gen=47_member=7992_pso,50,storage_minus_10pct,storage,Storage,S,0.9,0.108,0.12,,,,0.9,0.108,37.303181200000004,37.30318347661641,115.91571267661642,4.41535,4.661877862194679,3.938122137805321
gen=44_member=7479_pso,50,storage_minus_10pct,storage,Storage,S,0.9,0.108,0.12,,,,0.9,0.108,29.72709,29.726992928553695,108.3395221285537,1.7727,1.9154053056028277,6.6845946943971715
gen=46_member=7840_pso,50,storage_minus_10pct,storage,Storage,S,0.9,0.108,0.12,,,,0.9,0.108,27.838414399999998,27.838357196260656,106.45088639626066,1.46259,1.5883430354365016,7.011656964563498
gen=36_member=6076_pso,50,storage_minus_10pct,storage,Storage,S,0.9,0.108,0.12,,,,0.9,0.108,37.071692,37.07165394641189,115.6841831464119,4.31441,4.5583408914323345,4.041659108567665
gen=39_member=6576_pso,50,storage_minus_10pct,storage,Storage,S,0.9,0.108,0.12,,,,0.9,0.108,24.576845199999998,24.57679423226629,103.18932343226629,1.21064,1.3240507779381763,7.275949222061824
gen=46_member=7833_pso,50,storage_minus_10pct,storage,Storage,S,0.9,0.108,0.12,,,,0.9,0.108,30.2738412,30.273822445456965,108.88635164545695,1.83739,1.9830971689617287,6.616902831038271
gen=36_member=6039_pso,50,storage_minus_10pct,storage,Storage,S,0.9,0.108,0.12,,,,0.9,0.108,34.2367848,34.236759922666806,112.84928912266682,2.88658,3.0809073956830955,5.519092604316905
gen=45_member=7630_pso,50,storage_minus_10pct,storage,Storage,S,0.9,0.108,0.12,,,,0.9,0.108,20.27341864,20.273425248681576,98.88595444868157,0.964314,1.062577233854192,7.5374227661458075
gen=41_member=7002_pso,50,storage_minus_10pct,storage,Storage,S,0.9,0.108,0.12,,,,0.9,0.108,31.456018,31.456010064777686,110.0685392647777,2.09323,2.2508472346513457,6.349152765348654
gen=44_member=7416_pso,50,storage_minus_10pct,storage,Storage,S,0.9,0.108,0.12,,,,0.9,0.108,22.539562,22.53949283051267,101.15202203051267,1.03735,1.1432092986863989,7.456790701313601
gen=48_member=8130_pso,50,storage_minus_10pct,storage,Storage,S,0.9,0.108,0.12,,,,0.9,0.108,30.2965668,30.29664546331896,108.90917466331896,1.8663,2.01282867062127,6.58717132937873
gen=42_member=7150_pso,50,storage_minus_10pct,storage,Storage,S,0.9,0.108,0.12,,,,0.9,0.108,23.0183592,23.018345966531463,101.63087516653145,1.08725,1.1916571165239704,7.408342883476029
gen=46_member=7861_pso,50,storage_minus_10pct,storage,Storage,S,0.9,0.108,0.12,,,,0.9,0.108,36.5779672,36.57795625745423,115.19048545745423,4.0076,4.2421191208334035,4.357880879166596
gen=47_member=8013_pso,50,storage_minus_10pct,storage,Storage,S,0.9,0.108,0.12,,,,0.9,0.108,24.1898416,24.189885878306495,102.80241507830647,1.14776,1.2591681457732031,7.3408318542267965
gen=34_member=5833_pso,50,storage_minus_10pct,storage,Storage,S,0.9,0.108,0.12,,,,0.9,0.108,37.0554276,37.05546674905064,115.66799594905063,4.29346,4.536045018038564,4.063954981961436
gen=29_member=4835_pso,50,storage_minus_10pct,storage,Storage,S,0.9,0.108,0.12,,,,0.9,0.108,31.1628132,31.16289112554577,109.77542032554577,2.02499,2.1802889207081,6.4197110792919
gen=43_member=7309_pso,50,storage_minus_10pct,storage,Storage,S,0.9,0.108,0.12,,,,0.9,0.108,28.36244,28.362383210764136,106.97491241076413,1.53641,1.6663881703617545,6.933611829638245
gen=42_member=7162_pso,50,storage_minus_10pct,storage,Storage,S,0.9,0.108,0.12,,,,0.9,0.108,34.2657488,34.265693983561704,112.87822318356172,2.92099,3.1160744360260555,5.483925563973944
gen=43_member=7394_pso,50,storage_minus_10pct,storage,Storage,S,0.9,0.108,0.12,,,,0.9,0.108,29.6994628,29.69937939750987,108.31190859750988,1.74092,1.881746726108396,6.718253273891603
gen=47_member=7994_pso,50,storage_minus_10pct,storage,Storage,S,0.9,0.108,0.12,,,,0.9,0.108,27.7078536,27.707961235794844,106.32049043579485,1.42551,1.5496830240856254,7.050316975914374
gen=48_member=8212_pso,50,storage_minus_10pct,storage,Storage,S,0.9,0.108,0.12,,,,0.9,0.108,25.5088176,25.50891213870453,104.12144133870451,1.2664,1.3835376277781029,7.216462372221897
gen=34_member=5718_pso,50,storage_minus_10pct,storage,Storage,S,0.9,0.108,0.12,,,,0.9,0.108,19.217970479999998,19.217975104740983,97.83050430474097,0.92753,1.0158368188984293,7.58416318110157
gen=40_member=6749_pso,50,storage_minus_10pct,storage,Storage,S,0.9,0.108,0.12,,,,0.9,0.108,32.0337384,32.033822459218676,110.64635165921867,2.22633,2.3904339027973056,6.2095660972026945
gen=45_member=7712_pso,50,storage_minus_10pct,storage,Storage,S,0.9,0.108,0.12,,,,0.9,0.108,31.9644476,31.96441941761888,110.57694861761888,2.20694,2.3699969760385904,6.230003023961409
gen=49_member=8286_pso,50,storage_minus_10pct,storage,Storage,S,0.9,0.108,0.12,,,,0.9,0.108,31.885799199999997,31.88574680923485,110.49827600923484,2.18552,2.3478734020200345,6.252126597979965
gen=47_member=7987_pso,50,storage_minus_10pct,storage,Storage,S,0.9,0.108,0.12,,,,0.9,0.108,32.3378604,32.3379503115816,110.95047951158162,2.30822,2.475391777896901,6.124608222103099
gen=42_member=7104_pso,50,storage_minus_10pct,storage,Storage,S,0.9,0.108,0.12,,,,0.9,0.108,37.1305112,37.1305477391165,115.7430769391165,4.35228,4.597031579142833,4.002968420857167
gen=44_member=7536_pso,50,storage_minus_10pct,storage,Storage,S,0.9,0.108,0.12,,,,0.9,0.108,23.466855600000002,23.46684587614881,102.0793750761488,1.11985,1.2271825914835064,7.372817408516493
gen=38_member=6480_pso,50,storage_minus_10pct,storage,Storage,S,0.9,0.108,0.12,,,,0.9,0.108,31.4072248,31.407133065935877,110.01966226593586,2.07448,2.233508918327905,6.366491081672095
gen=43_member=7269_pso,50,storage_minus_10pct,storage,Storage,S,0.9,0.108,0.12,,,,0.9,0.108,36.833296,36.83339971387087,115.44592891387086,4.14372,4.382463931409228,4.217536068590771
gen=35_member=5948_pso,50,storage_minus_10pct,storage,Storage,S,0.9,0.108,0.12,,,,0.9,0.108,37.07392,37.07384621264411,115.68637541264411,4.33924,4.583564803521777,4.016435196478223
gen=29_member=4871_pso,50,storage_minus_10pct,storage,Storage,S,0.9,0.108,0.12,,,,0.9,0.108,17.843495,17.843497187733753,96.45602638773376,0.881544,0.9677033221298371,7.632296677870163
gen=36_member=6031_pso,50,storage_minus_10pct,storage,Storage,S,0.9,0.108,0.12,,,,0.9,0.108,31.3383796,31.338390787551674,109.95091998755169,2.05415,2.211501476789765,6.3884985232102345
gen=39_member=6689_pso,50,storage_minus_10pct,storage,Storage,S,0.9,0.108,0.12,,,,0.9,0.108,29.4165068,29.416418185838467,108.02894738583845,1.67871,1.8161107439190056,6.783889256080994
gen=46_member=7811_pso,50,storage_minus_10pct,storage,Storage,S,0.9,0.108,0.12,,,,0.9,0.108,30.8479968,30.84800808580873,109.46053728580873,1.95962,2.111695555185379,6.48830444481462
gen=36_member=6150_pso,50,storage_minus_10pct,storage,Storage,S,0.9,0.108,0.12,,,,0.9,0.108,29.510305600000002,29.510270949002532,108.12280014900254,1.71536,1.8547487481180625,6.745251251881937
gen=28_member=4698_pso,50,storage_minus_10pct,storage,Storage,S,0.9,0.108,0.12,,,,0.9,0.108,19.62453592,19.62453473077234,98.23706393077234,0.948853,1.0442350669883056,7.5557649330116945
gen=45_member=7580_pso,50,storage_minus_10pct,storage,Storage,S,0.9,0.108,0.12,,,,0.9,0.108,29.4198488,29.41977376399195,108.03230296399194,1.6928,1.8306964432339645,6.769303556766035
gen=37_member=6318_pso,50,storage_minus_10pct,storage,Storage,S,0.9,0.108,0.12,,,,0.9,0.108,36.3585092,36.35850397821222,114.97103317821221,3.89263,4.121620466327055,4.478379533672944
gen=39_member=6634_pso,50,storage_minus_10pct,storage,Storage,S,0.9,0.108,0.12,,,,0.9,0.108,37.24659,37.24656995207669,115.8590991520767,4.3792,4.624761522845632,3.9752384771543676
gen=46_member=7788_pso,50,storage_minus_10pct,storage,Storage,S,0.9,0.108,0.12,,,,0.9,0.108,32.533256,32.533172613400616,111.1457018134006,2.35444,2.524581917221724,6.075418082778276
gen=46_member=7881_pso,50,storage_minus_10pct,storage,Storage,S,0.9,0.108,0.12,,,,0.9,0.108,27.1929628,27.192862415219388,105.80539161521938,1.37653,1.5010896903371487,7.098910309662851
gen=27_member=4566_pso,50,storage_minus_10pct,storage,Storage,S,0.9,0.108,0.12,,,,0.9,0.108,34.2026964,34.20265674649548,112.8151859464955,2.87573,3.0716601921647673,5.528339807835232
gen=39_member=6698_pso,50,storage_minus_10pct,storage,Storage,S,0.9,0.108,0.12,,,,0.9,0.108,33.52026,33.52015097310551,112.13268017310553,2.6497,2.8332161782516763,5.766783821748323
gen=41_member=6986_pso,50,storage_minus_10pct,storage,Storage,S,0.9,0.108,0.12,,,,0.9,0.108,35.7676436,35.767651554973604,114.38018075497361,3.58673,3.809485809688409,4.79051419031159
gen=41_member=6973_pso,50,storage_minus_10pct,storage,Storage,S,0.9,0.108,0.12,,,,0.9,0.108,35.1593996,35.15947657236159,113.77200577236158,3.28388,3.49688724415374,5.10311275584626
gen=27_member=4568_pso,50,storage_minus_10pct,storage,Storage,S,0.9,0.108,0.12,,,,0.9,0.108,32.5586552,32.558684654753776,111.17121385475377,2.37042,2.54013991302533,6.05986008697467
gen=37_member=6357_pso,50,storage_minus_10pct,storage,Storage,S,0.9,0.108,0.12,,,,0.9,0.108,32.625718,32.62572860768373,111.23825780768374,2.3887,2.560623786125545,6.039376213874455
gen=47_member=8006_pso,50,storage_minus_10pct,storage,Storage,S,0.9,0.108,0.12,,,,0.9,0.108,36.7613316,36.761407828424296,115.37393702842431,4.09604,4.331085533981547,4.268914466018453
gen=41_member=6898_pso,50,storage_minus_10pct,storage,Storage,S,0.9,0.108,0.12,,,,0.9,0.108,31.489438,31.489447863162184,110.10197706316218,2.11934,2.2794137601381235,6.320586239861877
gen=39_member=6668_pso,50,storage_minus_10pct,storage,Storage,S,0.9,0.108,0.12,,,,0.9,0.108,33.933108399999995,33.933030846740984,112.545560046741,2.77099,2.9602309012768306,5.6397690987231694
gen=48_member=8200_pso,50,storage_minus_10pct,storage,Storage,S,0.9,0.108,0.12,,,,0.9,0.108,34.8907028,34.89080581472363,113.50333501472363,3.16725,3.375294270538887,5.224705729461112
gen=32_member=5452_pso,50,storage_minus_10pct,storage,Storage,S,0.9,0.108,0.12,,,,0.9,0.108,34.8474796,34.84753054005696,113.46005974005696,3.14182,3.3479535570398617,5.252046442960138
gen=44_member=7522_pso,50,storage_minus_10pct,storage,Storage,S,0.9,0.108,0.12,,,,0.9,0.108,33.1631116,33.16311565476033,111.77564485476033,2.53937,2.717330788001375,5.882669211998625
gen=45_member=7699_pso,50,storage_minus_10pct,storage,Storage,S,0.9,0.108,0.12,,,,0.9,0.108,25.6714616,25.671464649350018,104.28399384935003,1.28466,1.4001318367548217,7.199868163245178
gen=38_member=6478_pso,50,storage_minus_10pct,storage,Storage,S,0.9,0.108,0.12,,,,0.9,0.108,35.2785976,35.27857906393331,113.8911082639333,3.35376,3.5693676589441483,5.030632341055851
gen=48_member=8105_pso,50,storage_minus_10pct,storage,Storage,S,0.9,0.108,0.12,,,,0.9,0.108,36.5527908,36.55273076856624,115.16525996856623,3.9902,4.222624898448117,4.377375101551882
gen=47_member=7995_pso,50,storage_minus_10pct,storage,Storage,S,0.9,0.108,0.12,,,,0.9,0.108,36.497536399999994,36.49744644974915,115.10997564974916,3.97511,4.209723360354203,4.390276639645797
gen=38_member=6507_pso,50,storage_minus_10pct,storage,Storage,S,0.9,0.108,0.12,,,,0.9,0.108,36.2430988,36.243072285057984,114.85560148505799,3.82686,4.0542447266244075,4.545755273375592
gen=47_member=8017_pso,50,storage_minus_10pct,storage,Storage,S,0.9,0.108,0.12,,,,0.9,0.108,26.3334004,26.33332130996634,104.94585050996633,1.31111,1.4304861793235444,7.169513820676455
gen=28_member=4806_pso,50,storage_minus_10pct,storage,Storage,S,0.9,0.108,0.12,,,,0.9,0.108,36.335338,36.335363024535646,114.94789222453565,3.87574,4.104238900536181,4.495761099463818
gen=33_member=5559_pso,50,storage_minus_10pct,storage,Storage,S,0.9,0.108,0.12,,,,0.9,0.108,32.1440244,32.1440689013816,110.7565981013816,2.27771,2.4451703491068466,6.154829650893153
gen=28_member=4728_pso,50,storage_minus_10pct,storage,Storage,S,0.9,0.108,0.12,,,,0.9,0.108,25.063886,25.063855919912235,103.67638511991223,1.21593,1.330621730422944,7.2693782695770555
gen=30_member=4999_pso,50,storage_minus_10pct,storage,Storage,S,0.9,0.108,0.12,,,,0.9,0.108,33.9879172,33.98794532305361,112.60047452305362,2.78942,2.9818706474745214,5.618129352525479
gen=47_member=7949_pso,50,storage_minus_10pct,storage,Storage,S,0.9,0.108,0.12,,,,0.9,0.108,31.069014399999997,31.068968509771572,109.68149770977158,1.99378,2.147701308805364,6.452298691194636
gen=37_member=6216_pso,50,storage_minus_10pct,storage,Storage,S,0.9,0.108,0.12,,,,0.9,0.108,34.7610332,34.76111558406628,113.37364478406629,3.104,3.307570357774778,5.292429642225222
gen=35_member=5892_pso,50,storage_minus_10pct,storage,Storage,S,0.9,0.108,0.12,,,,0.9,0.108,33.624976,33.6250096550061,112.23753885500611,2.6693,2.8538175222009654,5.746182477799034
gen=47_member=7933_pso,50,storage_minus_10pct,storage,Storage,S,0.9,0.108,0.12,,,,0.9,0.108,26.4996092,26.49956968298791,105.11209888298791,1.3367,1.4570462100975914,7.142953789902409
gen=42_member=7127_pso,50,storage_minus_10pct,storage,Storage,S,0.9,0.108,0.12,,,,0.9,0.108,33.1831636,33.183068642146345,111.79559784214636,2.56094,2.740168727712564,5.859831272287435
gen=46_member=7815_pso,50,storage_minus_10pct,storage,Storage,S,0.9,0.108,0.12,,,,0.9,0.108,30.2096748,30.209600453547942,108.82212965354798,1.82093,1.9655392683853237,6.634460731614676
gen=41_member=6988_pso,50,storage_minus_10pct,storage,Storage,S,0.9,0.108,0.12,,,,0.9,0.108,27.9351096,27.935094147883344,106.54762334788336,1.48478,1.6136533079280317,6.986346692071968
gen=39_member=6630_pso,50,storage_minus_10pct,storage,Storage,S,0.9,0.108,0.12,,,,0.9,0.108,32.2866164,32.28667995166453,110.89920915166454,2.28023,2.4455883811061336,6.154411618893866
gen=46_member=7750_pso,50,storage_minus_10pct,storage,Storage,S,0.9,0.108,0.12,,,,0.9,0.108,33.3573932,33.35737322320111,111.9699024232011,2.61481,2.7992179429203894,5.80078205707961
gen=47_member=8066_pso,50,storage_minus_10pct,storage,Storage,S,0.9,0.108,0.12,,,,0.9,0.108,36.1452896,36.14526258672567,114.75779178672568,3.76811,3.994096504919944,4.605903495080056
gen=49_member=8375_pso,50,storage_minus_10pct,storage,Storage,S,0.9,0.108,0.12,,,,0.9,0.108,33.014504,33.01442462041577,111.62695382041578,2.48535,2.6607388018227613,5.939261198177238
gen=48_member=8129_pso,50,storage_minus_10pct,storage,Storage,S,0.9,0.108,0.12,,,,0.9,0.108,36.633444399999995,36.63353389800296,115.24606309800296,4.0627,4.296660892039955,4.303339107960045
gen=39_member=6585_pso,50,storage_minus_10pct,storage,Storage,S,0.9,0.108,0.12,,,,0.9,0.108,34.7828676,34.78292178056862,113.39545098056861,3.109,3.312364197249273,5.287635802750726
gen=47_member=8011_pso,50,storage_minus_10pct,storage,Storage,S,0.9,0.108,0.12,,,,0.9,0.108,35.1213008,35.12122980345115,113.73375900345114,3.26403,3.4757297111849605,5.124270288815039
gen=40_member=6726_pso,50,storage_minus_10pct,storage,Storage,S,0.9,0.108,0.12,,,,0.9,0.108,31.242575600000002,31.242517549639818,109.85504674963983,2.03707,2.193230877505393,6.406769122494607
gen=44_member=7543_pso,50,storage_minus_10pct,storage,Storage,S,0.9,0.108,0.12,,,,0.9,0.108,35.1870268,35.18705597340057,113.79958517340057,3.29833,3.511778099658017,5.088221900341983
gen=43_member=7287_pso,50,storage_minus_10pct,storage,Storage,S,0.9,0.108,0.12,,,,0.9,0.108,33.646587600000004,33.64656535247972,112.25909455247972,2.68124,2.8661171781402426,5.733882821859757
gen=41_member=6982_pso,50,storage_minus_10pct,storage,Storage,S,0.9,0.108,0.12,,,,0.9,0.108,36.2787468,36.278668778733376,114.89119797873339,3.84028,4.069034136830904,4.530965863169095
gen=33_member=5577_pso,50,storage_minus_10pct,storage,Storage,S,0.9,0.108,0.12,,,,0.9,0.108,34.0012852,34.00137781832889,112.6139070183289,2.80281,2.9974434028268417,5.602556597173158
gen=48_member=8183_pso,50,storage_minus_10pct,storage,Storage,S,0.9,0.108,0.12,,,,0.9,0.108,34.7057788,34.70587203703935,113.31840123703935,3.0773,3.2788488772650752,5.321151122734925
gen=48_member=8234_pso,50,storage_minus_10pct,storage,Storage,S,0.9,0.108,0.12,,,,0.9,0.108,23.7818948,23.781937390842728,102.39446659084273,1.1268,1.2343457258049888,7.365654274195011
gen=42_member=7080_pso,50,storage_minus_10pct,storage,Storage,S,0.9,0.108,0.12,,,,0.9,0.108,35.2182188,35.21819334968434,113.83072254968432,3.313,3.526994679865944,5.0730053201340555
gen=47_member=8007_pso,50,storage_minus_10pct,storage,Storage,S,0.9,0.108,0.12,,,,0.9,0.108,34.1347424,34.13470291303967,112.74723211303967,2.85212,3.049065583059793,5.550934416940207
gen=35_member=5961_pso,50,storage_minus_10pct,storage,Storage,S,0.9,0.108,0.12,,,,0.9,0.108,36.8771876,36.87726444522587,115.48979364522586,4.16397,4.401824237055998,4.198175762944001
gen=31_member=5281_pso,50,storage_minus_10pct,storage,Storage,S,0.9,0.108,0.12,,,,0.9,0.108,33.1156552,33.11569694121411,111.72822614121412,2.52766,2.7052450771348053,5.894754922865195
gen=44_member=7417_pso,50,storage_minus_10pct,storage,Storage,S,0.9,0.108,0.12,,,,0.9,0.108,28.040048399999996,28.04007293817745,106.65260213817746,1.50233,1.6309784299739534,6.9690215700260465
gen=32_member=5429_pso,50,storage_minus_10pct,storage,Storage,S,0.9,0.108,0.12,,,,0.9,0.108,36.214580399999996,36.214597535229515,114.82712673522953,3.8078,4.03536785676766,4.564632143232339
gen=37_member=6347_pso,50,storage_minus_10pct,storage,Storage,S,0.9,0.108,0.12,,,,0.9,0.108,35.6629276,35.66303769617801,114.275566896178,3.52921,3.7497828519908523,4.850217148009147
gen=42_member=7094_pso,50,storage_minus_10pct,storage,Storage,S,0.9,0.108,0.12,,,,0.9,0.108,32.7239728,32.72396444274264,111.33649364274265,2.40462,2.5759592348117115,6.024040765188288
gen=45_member=7577_pso,50,storage_minus_10pct,storage,Storage,S,0.9,0.108,0.12,,,,0.9,0.108,33.348481199999995,33.348578128286576,111.96110732828657,2.59343,2.7740840248756555,5.825915975124344
gen=38_member=6402_pso,50,storage_minus_10pct,storage,Storage,S,0.9,0.108,0.12,,,,0.9,0.108,30.511791600000002,30.51186014513365,109.12438934513365,1.8927,2.0414528447023734,6.558547155297626
gen=31_member=5196_pso,50,storage_minus_10pct,storage,Storage,S,0.9,0.108,0.12,,,,0.9,0.108,37.154128,37.154036317385696,115.76656551738569,4.37901,4.6240565725365546,3.975943427463445
gen=41_member=6995_pso,50,storage_minus_10pct,storage,Storage,S,0.9,0.108,0.12,,,,0.9,0.108,33.0581728,33.05810757863159,111.6706367786316,2.50823,2.684667352019648,5.915332647980351
gen=39_member=6611_pso,50,storage_minus_10pct,storage,Storage,S,0.9,0.108,0.12,,,,0.9,0.108,35.8961992,35.89623286365389,114.5087620636539,3.66312,3.8859968491573684,4.714003150842631
gen=49_member=8310_pso,50,storage_minus_10pct,storage,Storage,S,0.9,0.108,0.12,,,,0.9,0.108,30.436708,30.43676948862573,109.04929868862573,1.88142,2.0302374536754213,6.569762546324578
gen=41_member=6917_pso,50,storage_minus_10pct,storage,Storage,S,0.9,0.108,0.12,,,,0.9,0.108,30.7027312,30.7026693264571,109.3151985264571,1.93448,2.085015511069907,6.514984488930093
gen=42_member=7156_pso,50,storage_minus_10pct,storage,Storage,S,0.9,0.108,0.12,,,,0.9,0.108,30.610492,30.610510708305725,109.22303990830572,1.91823,2.0683130857602356,6.5316869142397636
gen=29_member=4898_pso,50,storage_minus_10pct,storage,Storage,S,0.9,0.108,0.12,,,,0.9,0.108,35.9271684,35.92717187396659,114.5397010739666,3.68037,3.907571731659919,4.69242826834008
gen=47_member=7961_pso,50,storage_minus_10pct,storage,Storage,S,0.9,0.108,0.12,,,,0.9,0.108,32.81844,32.81846706326812,111.43099626326813,2.42627,2.5990133796544774,6.000986620345522
gen=31_member=5213_pso,50,storage_minus_10pct,storage,Storage,S,0.9,0.108,0.12,,,,0.9,0.108,34.374698,34.37459988167344,112.98712908167344,2.94698,3.142174504977109,5.457825495022891
gen=33_member=5529_pso,50,storage_minus_10pct,storage,Storage,S,0.9,0.108,0.12,,,,0.9,0.108,18.329822840000002,18.32982475749499,96.94235395749497,0.902294,0.9905383149515824,7.609461685048418
gen=41_member=6902_pso,50,storage_minus_10pct,storage,Storage,S,0.9,0.108,0.12,,,,0.9,0.108,29.628389600000002,29.628353465378915,108.24088266537892,1.72975,1.8700508750817404,6.729949124918259
gen=43_member=7373_pso,50,storage_minus_10pct,storage,Storage,S,0.9,0.108,0.12,,,,0.9,0.108,30.566823199999998,30.566917442941545,109.17944664294156,1.90841,2.0580814868898636,6.5419185131101365
gen=43_member=7354_pso,50,storage_minus_10pct,storage,Storage,S,0.9,0.108,0.12,,,,0.9,0.108,36.3656388,36.365559376347385,114.97808857634739,3.91205,4.142504868792911,4.4574951312070885
gen=48_member=8255_pso,50,storage_minus_10pct,storage,Storage,S,0.9,0.108,0.12,,,,0.9,0.108,18.692073360000002,18.692080334260165,97.30460953426017,0.907206,0.9961197712875025,7.603880228712497
gen=38_member=6443_pso,50,storage_minus_10pct,storage,Storage,S,0.9,0.108,0.12,,,,0.9,0.108,31.6712428,31.67115470758055,110.28368390758054,2.14746,2.3078017188273234,6.292198281172676
gen=47_member=7988_pso,50,storage_minus_10pct,storage,Storage,S,0.9,0.108,0.12,,,,0.9,0.108,30.769794,30.769795007202468,109.38232420720249,1.94462,2.0960103899658633,6.503989610034136
gen=37_member=6360_pso,50,storage_minus_10pct,storage,Storage,S,0.9,0.108,0.12,,,,0.9,0.108,28.05609,28.056013799679008,106.668542999679,1.51193,1.6424468186831678,6.957553181316832
gen=48_member=8171_pso,50,storage_minus_10pct,storage,Storage,S,0.9,0.108,0.12,,,,0.9,0.108,34.994082,34.99403631605541,113.60656551605543,3.20978,3.419549203976247,5.180450796023752
gen=45_member=7732_pso,50,storage_minus_10pct,storage,Storage,S,0.9,0.108,0.12,,,,0.9,0.108,28.232101999999998,28.232171596528566,106.84470079652857,1.52704,1.6566065364420517,6.943393463557948
gen=35_member=5956_pso,50,storage_minus_10pct,storage,Storage,S,0.9,0.108,0.12,,,,0.9,0.108,34.0774828,34.07740547464268,112.6899346746427,2.82984,3.02661660243002,5.57338339756998
gen=45_member=7623_pso,50,storage_minus_10pct,storage,Storage,S,0.9,0.108,0.12,,,,0.9,0.108,26.867897600000003,26.867886619436277,105.48041581943627,1.35875,1.4816006491550047,7.118399350844995
gen=34_member=5765_pso,50,storage_minus_10pct,storage,Storage,S,0.9,0.108,0.12,,,,0.9,0.108,30.9233032,30.92338623359191,109.5359154335919,1.98173,2.134731715781992,6.465268284218007
gen=38_member=6501_pso,50,storage_minus_10pct,storage,Storage,S,0.9,0.108,0.12,,,,0.9,0.108,32.3964568,32.396349530682755,111.00887873068277,2.32041,2.488466589680476,6.111533410319524
gen=48_member=8203_pso,50,storage_minus_10pct,storage,Storage,S,0.9,0.108,0.12,,,,0.9,0.108,32.4539392,32.453841272609736,111.06637047260975,2.33521,2.5036406328765004,6.096359367123499
gen=47_member=7974_pso,50,storage_minus_10pct,storage,Storage,S,0.9,0.108,0.12,,,,0.9,0.108,35.0424296,35.04236881028093,113.65489801028093,3.23167,3.442611721670079,5.15738827832992
gen=42_member=7123_pso,50,storage_minus_10pct,storage,Storage,S,0.9,0.108,0.12,,,,0.9,0.108,34.3967552,34.396745119239434,113.00927431923942,2.95964,3.1537801291565226,5.446219870843477
gen=30_member=5110_pso,50,storage_minus_10pct,storage,Storage,S,0.9,0.108,0.12,,,,0.9,0.108,36.395271199999996,36.39534938259375,115.00787858259373,3.93251,4.162985997745936,4.437014002254064
gen=40_member=6879_pso,50,storage_minus_10pct,storage,Storage,S,0.9,0.108,0.12,,,,0.9,0.108,35.52546,35.52547804840835,114.13800724840836,3.47595,3.69631901972201,4.90368098027799
gen=31_member=5217_pso,50,storage_minus_10pct,storage,Storage,S,0.9,0.108,0.12,,,,0.9,0.108,36.452308,36.4522647735805,115.0647939735805,3.94088,4.173452618336707,4.426547381663292
gen=42_member=7215_pso,50,storage_minus_10pct,storage,Storage,S,0.9,0.108,0.12,,,,0.9,0.108,34.9225632,34.92253563470857,113.53506483470858,3.17583,3.383216321033453,5.2167836789665465
gen=37_member=6211_pso,50,storage_minus_10pct,storage,Storage,S,0.9,0.108,0.12,,,,0.9,0.108,20.656456399999996,20.656455308041814,99.26898450804181,1.01369,1.110930246365241,7.489069753634759
gen=40_member=6803_pso,50,storage_minus_10pct,storage,Storage,S,0.9,0.108,0.12,,,,0.9,0.108,33.8223768,33.822321012801254,112.43485021280125,2.72359,2.9107591818289698,5.6892408181710294
gen=30_member=5155_pso,50,storage_minus_10pct,storage,Storage,S,0.9,0.108,0.12,,,,0.9,0.108,34.1209288,34.12094915647915,112.73347835647915,2.84803,3.0388890487115594,5.56111095128844
gen=32_member=5405_pso,50,storage_minus_10pct,storage,Storage,S,0.9,0.108,0.12,,,,0.9,0.108,27.866487199999998,27.866536503306772,106.47906570330677,1.47179,1.600897508330229,6.99910249166977
gen=37_member=6224_pso,50,storage_minus_10pct,storage,Storage,S,0.9,0.108,0.12,,,,0.9,0.108,35.2442864,35.24434680969291,113.85687600969291,3.32624,3.5407956332731816,5.059204366726818
gen=36_member=6188_pso,50,storage_minus_10pct,storage,Storage,S,0.9,0.108,0.12,,,,0.9,0.108,26.545060399999997,26.54503702240775,105.15756622240775,1.34227,1.4619117064835896,7.13808829351641
gen=44_member=7508_pso,50,storage_minus_10pct,storage,Storage,S,0.9,0.108,0.12,,,,0.9,0.108,35.030844,35.030748929325185,113.64327812932517,3.22133,3.4316834795457605,5.168316520454239
gen=48_member=8233_pso,50,storage_minus_10pct,storage,Storage,S,0.9,0.108,0.12,,,,0.9,0.108,34.676369199999996,34.67641402474263,113.28894322474264,3.06245,3.2633229410782145,5.336677058921785
gen=27_member=4602_pso,50,storage_minus_10pct,storage,Storage,S,0.9,0.108,0.12,,,,0.9,0.108,31.533998,31.534063129350688,110.1465923293507,2.12737,2.2884782128617123,6.311521787138288
gen=34_member=5714_pso,50,storage_minus_10pct,storage,Storage,S,0.9,0.108,0.12,,,,0.9,0.108,35.2895148,35.289422752427136,113.90195195242715,3.37452,3.5819927969486387,5.018007203051361
gen=33_member=5592_pso,50,storage_minus_10pct,storage,Storage,S,0.9,0.108,0.12,,,,0.9,0.108,32.9057776,32.90581117439859,111.5183403743986,2.46009,2.6341276276137,5.9658723723863
gen=46_member=7897_pso,50,storage_minus_10pct,storage,Storage,S,0.9,0.108,0.12,,,,0.9,0.108,34.6601048,34.66001472979494,113.27254392979495,3.05438,3.253909568249764,5.346090431750236
gen=44_member=7516_pso,50,storage_minus_10pct,storage,Storage,S,0.9,0.108,0.12,,,,0.9,0.108,36.109196,36.10912532430648,114.72165452430647,3.75377,3.9791613278540012,4.620838672145998
gen=47_member=8023_pso,50,storage_minus_10pct,storage,Storage,S,0.9,0.108,0.12,,,,0.9,0.108,36.075776,36.0756878960716,114.68821709607163,3.73629,3.9610181971287126,4.638981802871287
gen=43_member=7367_pso,50,storage_minus_10pct,storage,Storage,S,0.9,0.108,0.12,,,,0.9,0.108,35.8665668,35.86655852747779,114.47908772747779,3.64645,3.871036243121378,4.728963756878622
gen=41_member=6969_pso,50,storage_minus_10pct,storage,Storage,S,0.9,0.108,0.12,,,,0.9,0.108,34.0139848,34.01408910075473,112.62661830075474,2.81773,3.0138133224867008,5.5861866775132984
gen=34_member=5825_pso,50,storage_minus_10pct,storage,Storage,S,0.9,0.108,0.12,,,,0.9,0.108,21.687307439999998,21.6872977704652,100.29982697046519,1.03166,1.1324659274265971,7.467534072573402
gen=40_member=6799_pso,50,storage_minus_10pct,storage,Storage,S,0.9,0.108,0.12,,,,0.9,0.108,34.952641199999995,34.952751930942966,113.56528113094296,3.18988,3.3986775380272634,5.201322461972737
gen=36_member=6120_pso,50,storage_minus_10pct,storage,Storage,S,0.9,0.108,0.12,,,,0.9,0.108,35.9581376,35.95802982865704,114.57055902865704,3.68918,3.912466208868486,4.687533791131514
gen=43_member=7295_pso,50,storage_minus_10pct,storage,Storage,S,0.9,0.108,0.12,,,,0.9,0.108,35.5167708,35.51686845465705,114.12939765465704,3.46262,3.6799322577950027,4.920067742204997
gen=37_member=6202_pso,50,storage_minus_10pct,storage,Storage,S,0.9,0.108,0.12,,,,0.9,0.108,29.765634399999996,29.765572548609313,108.37810174860931,1.7877,1.9307284289749136,6.669271571025086
gen=41_member=6991_pso,50,storage_minus_10pct,storage,Storage,S,0.9,0.108,0.12,,,,0.9,0.108,36.3934888,36.393381324833584,115.00591052483358,3.91812,4.150288168913849,4.449711831086151
gen=34_member=5786_pso,50,storage_minus_10pct,storage,Storage,S,0.9,0.108,0.12,,,,0.9,0.108,35.6983528,35.69845644451818,114.31098564451818,3.5556,3.777528682523564,4.8224713174764355
gen=46_member=7820_pso,50,storage_minus_10pct,storage,Storage,S,0.9,0.108,0.12,,,,0.9,0.108,35.8603284,35.860377441964175,114.47290664196417,3.63264,3.8555291454733553,4.744470854526645
gen=49_member=8399_pso,50,storage_minus_10pct,storage,Storage,S,0.9,0.108,0.12,,,,0.9,0.108,35.851862,35.85181623963164,114.46434543963164,3.62622,3.8488674615701775,4.751132538429822
gen=34_member=5808_pso,50,storage_minus_10pct,storage,Storage,S,0.9,0.108,0.12,,,,0.9,0.108,36.496199600000004,36.496093279758526,115.10862247975852,3.95771,4.188553307620021,4.411446692379979
gen=43_member=7329_pso,50,storage_minus_10pct,storage,Storage,S,0.9,0.108,0.12,,,,0.9,0.108,34.9811596,34.981147257172495,113.59367645717249,3.19666,3.405827447820551,5.194172552179449
gen=42_member=7088_pso,50,storage_minus_10pct,storage,Storage,S,0.9,0.108,0.12,,,,0.9,0.108,35.7903692,35.79047148072272,114.40300068072271,3.60323,3.8257615411193435,4.774238458880657
gen=45_member=7708_pso,50,storage_minus_10pct,storage,Storage,S,0.9,0.108,0.12,,,,0.9,0.108,33.8571336,33.85718549462576,112.46971469462578,2.7429,2.931745901393464,5.6682540986065355
gen=32_member=5495_pso,50,storage_minus_10pct,storage,Storage,S,0.9,0.108,0.12,,,,0.9,0.108,25.922334399999997,25.92224315458362,104.53477235458361,1.29931,1.4180241847533754,7.181975815246624
gen=41_member=6992_pso,50,storage_minus_10pct,storage,Storage,S,0.9,0.108,0.12,,,,0.9,0.108,35.8253488,35.82539989519937,114.43792909519937,3.61253,3.834654138691551,4.7653458613084485
gen=44_member=7474_pso,50,storage_minus_10pct,storage,Storage,S,0.9,0.108,0.12,,,,0.9,0.108,35.6065592,35.60659604089044,114.21912524089045,3.50006,3.7204366048973974,4.879563395102602
gen=38_member=6529_pso,50,storage_minus_10pct,storage,Storage,S,0.9,0.108,0.12,,,,0.9,0.108,34.6110888,34.611036113818564,113.22356531381857,3.04111,3.239990320837964,5.360009679162036
gen=38_member=6418_pso,50,storage_minus_10pct,storage,Storage,S,0.9,0.108,0.12,,,,0.9,0.108,34.4430976,34.443010318174956,113.05553951817497,2.97833,3.1734881068103005,5.4265118931897
gen=42_member=7193_pso,50,storage_minus_10pct,storage,Storage,S,0.9,0.108,0.12,,,,0.9,0.108,33.445622,33.44556490244684,112.05809410244683,2.62386,2.806453508788546,5.793546491211454
gen=40_member=6846_pso,50,storage_minus_10pct,storage,Storage,S,0.9,0.108,0.12,,,,0.9,0.108,33.0759968,33.07610629167887,111.68863549167887,2.5122,2.6899063968016845,5.910093603198315
gen=42_member=7137_pso,50,storage_minus_10pct,storage,Storage,S,0.9,0.108,0.12,,,,0.9,0.108,31.799798399999997,31.799870105395673,110.41239930539568,2.16651,2.3286301725751177,6.271369827424882
gen=41_member=6951_pso,50,storage_minus_10pct,storage,Storage,S,0.9,0.108,0.12,,,,0.9,0.108,31.7882128,31.788273688982024,110.40080288898203,2.16614,2.3262961919172738,6.273703808082725
gen=44_member=7514_pso,50,storage_minus_10pct,storage,Storage,S,0.9,0.108,0.12,,,,0.9,0.108,34.407672399999996,34.40775328560086,113.02028248560086,2.96984,3.1656726054777877,5.434327394522212
gen=26_member=4423_pso,50,storage_minus_10pct,storage,Storage,S,0.9,0.108,0.12,,,,0.9,0.108,32.826238,32.826298754166096,111.43882795416609,2.44423,2.6175629419172646,5.982437058082735
gen=30_member=5151_pso,50,storage_minus_10pct,storage,Storage,S,0.9,0.108,0.12,,,,0.9,0.108,36.297461999999996,36.297392702126395,114.9099219021264,3.85519,4.083313949859186,4.516686050140813
gen=36_member=6144_pso,50,storage_minus_10pct,storage,Storage,S,0.9,0.108,0.12,,,,0.9,0.108,34.510605999999996,34.510550189225945,113.12307938922596,3.00686,3.203568179974095,5.396431820025905
gen=41_member=6946_pso,50,storage_minus_10pct,storage,Storage,S,0.9,0.108,0.12,,,,0.9,0.108,35.683425199999995,35.683385394119824,114.29591459411984,3.5443,3.7652607671812697,4.83473923281873
gen=43_member=7239_pso,50,storage_minus_10pct,storage,Storage,S,0.9,0.108,0.12,,,,0.9,0.108,35.7208556,35.72083483075705,114.33336403075705,3.56889,3.791011029888887,4.808988970111113
gen=20_member=3413_pso,50,storage_minus_10pct,storage,Storage,S,0.9,0.108,0.12,,,,0.9,0.108,32.9545708,32.95461211746549,111.5671413174655,2.47644,2.6514864389431736,5.948513561056826
gen=35_member=5913_pso,50,storage_minus_10pct,storage,Storage,S,0.9,0.108,0.12,,,,0.9,0.108,21.26195996,21.261970620979778,99.87449982097976,1.01633,1.1155126842696823,7.484487315730317
gen=47_member=7945_pso,50,storage_minus_10pct,storage,Storage,S,0.9,0.108,0.12,,,,0.9,0.108,34.610420399999995,34.610460392456865,113.22298959245687,3.03486,3.2332835257002404,5.366716474299759
gen=31_member=5214_pso,50,storage_minus_10pct,storage,Storage,S,0.9,0.108,0.12,,,,0.9,0.108,35.4428012,35.44276706150495,114.05529626150495,3.42253,3.640872216860758,4.959127783139241
gen=35_member=5893_pso,50,storage_minus_10pct,storage,Storage,S,0.9,0.108,0.12,,,,0.9,0.108,16.002053,16.002041893722712,94.61457109372272,0.813288,0.892910752323206,7.707089247676794
gen=42_member=7082_pso,50,storage_minus_10pct,storage,Storage,S,0.9,0.108,0.12,,,,0.9,0.108,33.697386,33.697411190937146,112.30994039093714,2.69841,2.884447753292481,5.715552246707519
gen=44_member=7534_pso,50,storage_minus_10pct,storage,Storage,S,0.9,0.108,0.12,,,,0.9,0.108,34.346848,34.34682017838482,112.95934937838484,2.93385,3.127885179376052,5.472114820623948
gen=45_member=7645_pso,50,storage_minus_10pct,storage,Storage,S,0.9,0.108,0.12,,,,0.9,0.108,35.619036,35.61911037390231,114.23163957390231,3.51669,3.7371563400087973,4.862843659991203
gen=39_member=6590_pso,50,storage_minus_10pct,storage,Storage,S,0.9,0.108,0.12,,,,0.9,0.108,36.736378,36.73640015568762,115.3489293556876,4.09121,4.326021813148645,4.273978186851354
gen=38_member=6398_pso,50,storage_minus_10pct,storage,Storage,S,0.9,0.108,0.12,,,,0.9,0.108,35.0974612,35.09741973001883,113.70994893001883,3.25449,3.466218268881312,5.133781731118688
gen=45_member=7594_pso,50,storage_minus_10pct,storage,Storage,S,0.9,0.108,0.12,,,,0.9,0.108,36.3103844,36.31039554746737,114.92292474746739,3.8606,4.08877886610466,4.51122113389534
gen=48_member=8227_pso,50,storage_minus_10pct,storage,Storage,S,0.9,0.108,0.12,,,,0.9,0.108,33.9072636,33.90734269461019,112.51987189461022,2.7553,2.9448867974378836,5.6551132025621165
gen=30_member=5150_pso,50,storage_minus_10pct,storage,Storage,S,0.9,0.108,0.12,,,,0.9,0.108,36.47793,36.47794126781239,115.0904704678124,3.95517,4.186123623377104,4.413876376622896
gen=49_member=8327_pso,50,storage_minus_10pct,storage,Storage,S,0.9,0.108,0.12,,,,0.9,0.108,30.106963999999998,30.10695679161178,108.71948599161179,1.80674,1.9519329661672515,6.648067033832748
gen=43_member=7261_pso,50,storage_minus_10pct,storage,Storage,S,0.9,0.108,0.12,,,,0.9,0.108,34.4863208,34.48623759426499,113.09876679426499,2.98936,3.1851023349115946,5.4148976650884055
gen=36_member=6133_pso,50,storage_minus_10pct,storage,Storage,S,0.9,0.108,0.12,,,,0.9,0.108,35.8721368,35.87203034437702,114.48455954437703,3.65379,3.877051389948731,4.722948610051269
gen=41_member=6892_pso,50,storage_minus_10pct,storage,Storage,S,0.9,0.108,0.12,,,,0.9,0.108,29.7658572,29.765857301341477,108.37838650134148,1.79322,1.9364769505042485,6.663523049495751
gen=47_member=8012_pso,50,storage_minus_10pct,storage,Storage,S,0.9,0.108,0.12,,,,0.9,0.108,35.983982399999995,35.984022812402536,114.59655201240253,3.70111,3.9255665284695165,4.674433471530483
gen=47_member=7966_pso,50,storage_minus_10pct,storage,Storage,S,0.9,0.108,0.12,,,,0.9,0.108,33.7234536,33.72345101193558,112.3359802119356,2.70123,2.88727918483685,5.7127208151631494
gen=49_member=8363_pso,50,storage_minus_10pct,storage,Storage,S,0.9,0.108,0.12,,,,0.9,0.108,35.4777808,35.477807888172215,114.09033708817222,3.43975,3.6568162955633774,4.943183704436622
gen=44_member=7456_pso,50,storage_minus_10pct,storage,Storage,S,0.9,0.108,0.12,,,,0.9,0.108,35.4550552,35.454985598383615,114.06751479838361,3.43116,3.6497470414584705,4.95025295854153
gen=40_member=6804_pso,50,storage_minus_10pct,storage,Storage,S,0.9,0.108,0.12,,,,0.9,0.108,34.5288756,34.528979791643806,113.14150899164382,3.01687,3.2136200423030656,5.386379957696934
gen=38_member=6471_pso,50,storage_minus_10pct,storage,Storage,S,0.9,0.108,0.12,,,,0.9,0.108,35.0604764,35.06049322067706,113.67302242067706,3.24426,3.455671896839791,5.144328103160209
gen=22_member=3634_pso,50,storage_minus_10pct,storage,Storage,S,0.9,0.108,0.12,,,,0.9,0.108,33.487508399999996,33.48751472965719,112.1000439296572,2.63496,2.8178131398331843,5.782186860166815
gen=44_member=7539_pso,50,storage_minus_10pct,storage,Storage,S,0.9,0.108,0.12,,,,0.9,0.108,36.0109412,36.01086498046887,114.62339418046886,3.71574,3.9398005082916847,4.660199491708315
gen=49_member=8356_pso,50,storage_minus_10pct,storage,Storage,S,0.9,0.108,0.12,,,,0.9,0.108,32.883720399999994,32.88362932713905,111.49615852713904,2.45508,2.629095964455617,5.9709040355443825
gen=46_member=7849_pso,50,storage_minus_10pct,storage,Storage,S,0.9,0.108,0.12,,,,0.9,0.108,33.7256816,33.7256272553146,112.3381564553146,2.71464,2.9013459354318876,5.698654064568112
gen=42_member=7200_pso,50,storage_minus_10pct,storage,Storage,S,0.9,0.108,0.12,,,,0.9,0.108,35.3322924,35.33222140569574,113.94475060569573,3.37515,3.5917622464576633,5.008237753542336
gen=38_member=6459_pso,50,storage_minus_10pct,storage,Storage,S,0.9,0.108,0.12,,,,0.9,0.108,36.735932399999996,36.73590992805043,115.34843912805044,4.07908,4.313378054757385,4.286621945242615
gen=40_member=6838_pso,50,storage_minus_10pct,storage,Storage,S,0.9,0.108,0.12,,,,0.9,0.108,27.5438728,27.54385585819388,106.15638505819388,1.42018,1.5441854664027637,7.0558145335972355
gen=35_member=5994_pso,50,storage_minus_10pct,storage,Storage,S,0.9,0.108,0.12,,,,0.9,0.108,34.683276,34.68326987798987,113.29579907798986,3.07603,3.2783291959409953,5.321670804059004
gen=39_member=6670_pso,50,storage_minus_10pct,storage,Storage,S,0.9,0.108,0.12,,,,0.9,0.108,32.435669600000004,32.43577512726643,111.04830432726642,2.33137,2.4995297075343763,6.100470292465623
gen=48_member=8120_pso,50,storage_minus_10pct,storage,Storage,S,0.9,0.108,0.12,,,,0.9,0.108,36.049485600000004,36.049477181493145,114.66200638149316,3.72385,3.9480862974469053,4.651913702553094
gen=47_member=7929_pso,50,storage_minus_10pct,storage,Storage,S,0.9,0.108,0.12,,,,0.9,0.108,33.2756256,33.27569117913837,111.88822037913837,2.58067,2.7618162980483505,5.83818370195165
gen=32_member=5467_pso,50,storage_minus_10pct,storage,Storage,S,0.9,0.108,0.12,,,,0.9,0.108,35.4252,35.425295105606956,114.03782430560697,3.40923,3.62704800985363,4.9729519901463695
gen=45_member=7589_pso,50,storage_minus_10pct,storage,Storage,S,0.9,0.108,0.12,,,,0.9,0.108,35.264561199999996,35.264548182297666,113.87707738229766,3.34169,3.5558303435717695,5.04416965642823
gen=42_member=7063_pso,50,storage_minus_10pct,storage,Storage,S,0.9,0.108,0.12,,,,0.9,0.108,32.7798956,32.77998072785285,111.39250992785287,2.41578,2.5876641381131913,6.012335861886808
gen=46_member=7783_pso,50,storage_minus_10pct,storage,Storage,S,0.9,0.108,0.12,,,,0.9,0.108,35.2509704,35.250884894283324,113.86341409428333,3.33505,3.550261144048675,5.0497388559513245
gen=42_member=7112_pso,50,storage_minus_10pct,storage,Storage,S,0.9,0.108,0.12,,,,0.9,0.108,29.955014399999996,29.954952265185444,108.56748146518542,1.80414,1.9478084405069147,6.652191559493085
gen=43_member=7278_pso,50,storage_minus_10pct,storage,Storage,S,0.9,0.108,0.12,,,,0.9,0.108,26.961028,26.96102909294159,105.5735582929416,1.36641,1.4896452335288102,7.11035476647119
gen=48_member=8123_pso,50,storage_minus_10pct,storage,Storage,S,0.9,0.108,0.12,,,,0.9,0.108,35.7057052,35.70569359544761,114.31822279544762,3.56822,3.7901217444112114,4.809878255588789
gen=38_member=6409_pso,50,storage_minus_10pct,storage,Storage,S,0.9,0.108,0.12,,,,0.9,0.108,35.5586572,35.558655547749574,114.17118474774956,3.48534,3.7061548139564833,4.893845186043516
gen=36_member=6139_pso,50,storage_minus_10pct,storage,Storage,S,0.9,0.108,0.12,,,,0.9,0.108,36.7221188,36.722176673504485,115.33470587350449,4.07625,4.310410641188192,4.289589358811807
gen=40_member=6783_pso,50,storage_minus_10pct,storage,Storage,S,0.9,0.108,0.12,,,,0.9,0.108,34.2880288,34.28795088667764,112.90048008667765,2.92983,3.1313982558422246,5.468601744157775
gen=29_member=4924_pso,50,storage_minus_10pct,storage,Storage,S,0.9,0.108,0.12,,,,0.9,0.108,33.3221908,33.32221023991749,111.93473943991748,2.58783,2.76891914847328,5.831080851526719
gen=46_member=7822_pso,50,storage_minus_10pct,storage,Storage,S,0.9,0.108,0.12,,,,0.9,0.108,36.6993932,36.69936383186918,115.31189303186918,4.06609,4.30037770489991,4.2996222951000895
gen=33_member=5655_pso,50,storage_minus_10pct,storage,Storage,S,0.9,0.108,0.12,,,,0.9,0.108,35.6303988,35.630370058555734,114.24289925855572,3.51718,3.737386911139108,4.862613088860892
gen=31_member=5227_pso,50,storage_minus_10pct,storage,Storage,S,0.9,0.108,0.12,,,,0.9,0.108,33.1920756,33.191986899653344,111.80451609965334,2.57051,2.7500537288773512,5.849946271122649
gen=46_member=7810_pso,50,storage_minus_10pct,storage,Storage,S,0.9,0.108,0.12,,,,0.9,0.108,34.574104,34.57406416730866,113.18659336730867,3.02342,3.2209306236302995,5.3790693763697
gen=28_member=4720_pso,50,storage_minus_10pct,storage,Storage,S,0.9,0.108,0.12,,,,0.9,0.108,35.3848732,35.38488870745046,113.99741790745045,3.39794,3.615318937680276,4.984681062319724
gen=31_member=5250_pso,50,storage_minus_10pct,storage,Storage,S,0.9,0.108,0.12,,,,0.9,0.108,34.0534204,34.05351185359164,112.66604105359163,2.82385,3.020457395807365,5.579542604192635
gen=46_member=7862_pso,50,storage_minus_10pct,storage,Storage,S,0.9,0.108,0.12,,,,0.9,0.108,34.5019168,34.50190548961805,113.11443468961807,2.9983,3.1940986238303055,5.405901376169695
gen=29_member=4911_pso,50,storage_minus_10pct,storage,Storage,S,0.9,0.108,0.12,,,,0.9,0.108,33.8640404,33.86401239624249,112.47654159624248,2.75415,2.942162767267041,5.657837232732959
gen=43_member=7385_pso,50,storage_minus_10pct,storage,Storage,S,0.9,0.108,0.12,,,,0.9,0.108,26.117729999999998,26.117703630103588,104.73023283010357,1.30432,1.4225287534615312,7.1774712465384685
gen=34_member=5724_pso,50,storage_minus_10pct,storage,Storage,S,0.9,0.108,0.12,,,,0.9,0.108,35.5597712,35.55966917902097,114.17219837902098,3.48909,3.7098740874598355,4.890125912540164
gen=39_member=6557_pso,50,storage_minus_10pct,storage,Storage,S,0.9,0.108,0.12,,,,0.9,0.108,30.951821600000002,30.95190437561837,109.56443357561837,1.98352,2.1365991578392194,6.46340084216078
gen=43_member=7341_pso,50,storage_minus_10pct,storage,Storage,S,0.9,0.108,0.12,,,,0.9,0.108,35.697461600000004,35.69752068422161,114.31004988422161,3.54777,3.7692131488538667,4.830786851146133
gen=37_member=6349_pso,50,storage_minus_10pct,storage,Storage,S,0.9,0.108,0.12,,,,0.9,0.108,33.8629264,33.862942575484915,112.47547177548492,2.74347,2.9322143174815993,5.6677856825184
gen=41_member=6889_pso,50,storage_minus_10pct,storage,Storage,S,0.9,0.108,0.12,,,,0.9,0.108,27.384348,27.38432060845482,105.99684980845481,1.4106,1.5345265699828792,7.0654734300171205
gen=47_member=8010_pso,50,storage_minus_10pct,storage,Storage,S,0.9,0.108,0.12,,,,0.9,0.108,33.483498,33.48339815320258,112.09592735320258,2.63426,2.81769764231768,5.78230235768232
gen=38_member=6465_pso,50,storage_minus_10pct,storage,Storage,S,0.9,0.108,0.12,,,,0.9,0.108,35.5849476,35.58483752237572,114.19736672237573,3.49711,3.718141179860212,4.8818588201397874
gen=29_member=4976_pso,50,storage_minus_10pct,storage,Storage,S,0.9,0.108,0.12,,,,0.9,0.108,32.8534196,32.85346614458213,111.46599534458214,2.44488,2.6182364608542645,5.981763539145735
gen=34_member=5729_pso,50,storage_minus_10pct,storage,Storage,S,0.9,0.108,0.12,,,,0.9,0.108,36.1272428,36.12729970982421,114.7398289098242,3.76248,3.9878970447907873,4.612102955209212
gen=46_member=7888_pso,50,storage_minus_10pct,storage,Storage,S,0.9,0.108,0.12,,,,0.9,0.108,32.783460399999996,32.783404919650515,111.3959341196505,2.41843,2.5904416287937733,6.009558371206227
gen=46_member=7821_pso,50,storage_minus_10pct,storage,Storage,S,0.9,0.108,0.12,,,,0.9,0.108,31.01933,31.019254054929405,109.63178325492942,1.99327,2.146753463300402,6.453246536699598
gen=48_member=8165_pso,50,storage_minus_10pct,storage,Storage,S,0.9,0.108,0.12,,,,0.9,0.108,35.0845388,35.08459194378328,113.69712114378328,3.24714,3.4585882450252154,5.141411754974785
gen=36_member=6131_pso,50,storage_minus_10pct,storage,Storage,S,0.9,0.108,0.12,,,,0.9,0.108,36.0098272,36.00986073528155,114.62238993528156,3.70849,3.9329396289863574,4.667060371013642
gen=32_member=5391_pso,50,storage_minus_10pct,storage,Storage,S,0.9,0.108,0.12,,,,0.9,0.108,33.261589199999996,33.261505768011496,111.8740349680115,2.57343,2.7536908026385905,5.846309197361409
gen=34_member=5740_pso,50,storage_minus_10pct,storage,Storage,S,0.9,0.108,0.12,,,,0.9,0.108,27.0249716,27.025055498234494,105.63758469823449,1.37217,1.4937577573995002,7.1062422426005
gen=35_member=5978_pso,50,storage_minus_10pct,storage,Storage,S,0.9,0.108,0.12,,,,0.9,0.108,35.7979444,35.798046250315835,114.41057545031585,3.60663,3.828990412416139,4.77100958758386
gen=32_member=5373_pso,50,storage_minus_10pct,storage,Storage,S,0.9,0.108,0.12,,,,0.9,0.108,34.4901084,34.49010839919886,113.10263759919886,2.995,3.1933820305604113,5.406617969439589
gen=44_member=7565_pso,50,storage_minus_10pct,storage,Storage,S,0.9,0.108,0.12,,,,0.9,0.108,32.9715036,32.97144846847227,111.58397766847226,2.47831,2.654045886358226,5.945954113641774
gen=45_member=7737_pso,50,storage_minus_10pct,storage,Storage,S,0.9,0.108,0.12,,,,0.9,0.108,36.1261288,36.12613241634489,114.7386616163449,3.75756,3.9831334278628376,4.6168665721371624
gen=35_member=6019_pso,50,storage_minus_10pct,storage,Storage,S,0.9,0.108,0.12,,,,0.9,0.108,36.062408,36.06245626130536,114.67498546130537,3.73038,3.954866587038012,4.645133412961988
gen=46_member=7796_pso,50,storage_minus_10pct,storage,Storage,S,0.9,0.108,0.12,,,,0.9,0.108,35.467532,35.46763029885118,114.08015949885117,3.43824,3.657142067916238,4.942857932083761
gen=47_member=7977_pso,50,storage_minus_10pct,storage,Storage,S,0.9,0.108,0.12,,,,0.9,0.108,35.5069676,35.506986680921436,114.11951588092144,3.45533,3.6742528582787273,4.925747141721272
gen=49_member=8311_pso,50,storage_minus_10pct,storage,Storage,S,0.9,0.108,0.12,,,,0.9,0.108,36.0073764,36.00733726709178,114.61986646709177,3.70558,3.9297348041133113,4.670265195886689
gen=29_member=4851_pso,50,storage_minus_10pct,storage,Storage,S,0.9,0.108,0.12,,,,0.9,0.108,35.2643384,35.264277472776136,113.87680667277613,3.33985,3.5551480793573997,5.0448519206426
gen=34_member=5819_pso,50,storage_minus_10pct,storage,Storage,S,0.9,0.108,0.12,,,,0.9,0.108,34.5609588,34.56103873283972,113.17356793283972,3.0224,3.2200489790545936,5.379951020945406
gen=38_member=6490_pso,50,storage_minus_10pct,storage,Storage,S,0.9,0.108,0.12,,,,0.9,0.108,36.0697604,36.069858023161345,114.68238722316136,3.73254,3.9571159578120243,4.642884042187975
gen=42_member=7145_pso,50,storage_minus_10pct,storage,Storage,S,0.9,0.108,0.12,,,,0.9,0.108,36.306151199999995,36.30614392385608,114.9186731238561,3.85887,4.088221312573997,4.511778687426003
gen=28_member=4655_pso,50,storage_minus_10pct,storage,Storage,S,0.9,0.108,0.12,,,,0.9,0.108,33.7361532,33.73614280489097,112.34867200489097,2.71633,2.9030728268777617,5.696927173122238
gen=24_member=4008_pso,50,storage_minus_10pct,storage,Storage,S,0.9,0.108,0.12,,,,0.9,0.108,33.7668996,33.76696087691461,112.3794900769146,2.71969,2.9071840813649006,5.692815918635099
gen=34_member=5732_pso,50,storage_minus_10pct,storage,Storage,S,0.9,0.108,0.12,,,,0.9,0.108,33.7822728,33.7821917262945,112.39472092629453,2.72045,2.907286155340122,5.6927138446598775
gen=40_member=6768_pso,50,storage_minus_10pct,storage,Storage,S,0.9,0.108,0.12,,,,0.9,0.108,36.653050799999995,36.65302211816361,115.26555131816362,4.06357,4.299753615906299,4.3002463840937
gen=44_member=7554_pso,50,storage_minus_10pct,storage,Storage,S,0.9,0.108,0.12,,,,0.9,0.108,33.7114224,33.71131958774986,112.32384878774988,2.69854,2.8844463456371776,5.715553654362822
gen=18_member=3072_pso,50,storage_minus_10pct,storage,Storage,S,0.9,0.108,0.12,,,,0.9,0.108,37.154796399999995,37.15490686727385,115.76743606727385,4.37912,4.6250497838598585,3.974950216140141
gen=50_member=8445_pso,50,storage_minus_10pct,storage,Storage,S,0.9,0.108,0.12,,,,0.9,0.108,20.94736636,20.947372107145803,99.55990130714581,1.01547,1.1128662712217299,7.48713372877827
gen=50_member=8506_pso,50,storage_minus_10pct,storage,Storage,S,0.9,0.108,0.12,,,,0.9,0.108,36.1778184,36.17771080932583,114.79024000932583,3.79088,4.017345520711393,4.582654479288607
gen=50_member=8596_pso,50,storage_minus_10pct,storage,Storage,S,0.9,0.108,0.12,,,,0.9,0.108,31.6560924,31.656131000200023,110.26866020020003,2.13446,2.2953645759526538,6.304635424047346
gen=50_member=8464_pso,50,storage_minus_10pct,storage,Storage,S,0.9,0.108,0.12,,,,0.9,0.108,35.1692028,35.16929619734085,113.78182539734085,3.28738,3.4999142018905776,5.100085798109422
gen=50_member=8489_pso,50,storage_minus_10pct,storage,Storage,S,0.9,0.108,0.12,,,,0.9,0.108,33.927984,33.928075253726064,112.54060445372608,2.76217,2.952040124109645,5.647959875890354
gen=50_member=8579_pso,50,storage_minus_10pct,storage,Storage,S,0.9,0.108,0.12,,,,0.9,0.108,35.2674576,35.267503555717184,113.8800327557172,3.34196,3.557335349493327,5.042664650506673
gen=50_member=8474_pso,50,storage_minus_10pct,storage,Storage,S,0.9,0.108,0.12,,,,0.9,0.108,28.369124,28.369120398124426,106.98164959812442,1.54501,1.6771521837079466,6.9228478162920535
gen=50_member=8555_pso,50,storage_minus_10pct,storage,Storage,S,0.9,0.108,0.12,,,,0.9,0.108,34.7982408,34.798261721440575,113.41079092144058,3.12278,3.3281972958899164,5.271802704110083
gen=50_member=8483_pso,50,storage_minus_10pct,storage,Storage,S,0.9,0.108,0.12,,,,0.9,0.108,32.124418,32.12450543561306,110.73703463561304,2.25475,2.419161851068623,6.180838148931377
gen=50_member=8443_pso,50,storage_minus_10pct,storage,Storage,S,0.9,0.108,0.12,,,,0.9,0.108,29.0288348,29.028751720435796,107.64128092043579,1.62866,1.7636054732388011,6.8363945267611985
gen=50_member=8469_pso,50,storage_minus_10pct,storage,Storage,S,0.9,0.108,0.12,,,,0.9,0.108,27.342684399999996,27.342638190802248,105.95516739080225,1.39731,1.5199098466005774,7.080090153399422
gen=50_member=8584_pso,50,storage_minus_10pct,storage,Storage,S,0.9,0.108,0.12,,,,0.9,0.108,36.776259200000005,36.77633515260383,115.38886435260383,4.09976,4.335889615991381,4.264110384008618
gen=50_member=8572_pso,50,storage_minus_10pct,storage,Storage,S,0.9,0.108,0.12,,,,0.9,0.108,35.3808628,35.38077037906462,113.99329957906461,3.38958,3.60661257667359,4.99338742332641
gen=50_member=8550_pso,50,storage_minus_10pct,storage,Storage,S,0.9,0.108,0.12,,,,0.9,0.108,35.4354488,35.43550778076299,114.048036980763,3.41089,3.628790887581745,4.971209112418254
gen=50_member=8507_pso,50,storage_minus_10pct,storage,Storage,S,0.9,0.108,0.12,,,,0.9,0.108,29.1130532,29.113125122660595,107.72565432266059,1.64928,1.7855647131314893,6.814435286868511
gen=50_member=8467_pso,50,storage_minus_10pct,storage,Storage,S,0.9,0.108,0.12,,,,0.9,0.108,28.4317308,28.431750054504132,107.04427925450413,1.56923,1.7010126860543329,6.898987313945667
gen=50_member=8487_pso,50,storage_minus_10pct,storage,Storage,S,0.9,0.108,0.12,,,,0.9,0.108,35.5025116,35.50262187067714,114.11515107067714,3.45215,3.67043855987115,4.9295614401288494
152,50,baseline_storage,storage,Storage,S,1.0,0.12,0.12,,,,1.0,0.12,39.0853584,39.0854414587126,117.6979706587126,4.78258,4.782582221327709,3.817417778672291
gen=36_member=6021_pso,50,baseline_storage,storage,Storage,S,1.0,0.12,0.12,,,,1.0,0.12,15.73043752,15.730428646974957,94.34295784697495,0.811083,0.8110833649714815,7.788916635028518
16,50,baseline_storage,storage,Storage,S,1.0,0.12,0.12,,,,1.0,0.12,38.467534,38.46752870631738,117.08005790631736,4.48927,4.489273592740293,4.1107264072597065
130,50,baseline_storage,storage,Storage,S,1.0,0.12,0.12,,,,1.0,0.12,38.6001,38.60014577795708,117.21267497795709,4.69071,4.690710603433739,3.909289396566261
95,50,baseline_storage,storage,Storage,S,1.0,0.12,0.12,,,,1.0,0.12,38.900657200000005,38.90068138512153,117.51321058512153,4.70127,4.701268362481829,3.8987316375181704
156,50,baseline_storage,storage,Storage,S,1.0,0.12,0.12,,,,1.0,0.12,37.6137644,37.61379239712806,116.22632159712806,4.4265,4.42649581404381,4.173504185956189
gen=47_member=7948_pso,50,baseline_storage,storage,Storage,S,1.0,0.12,0.12,,,,1.0,0.12,28.5299856,28.529932454502454,107.14246165450244,1.5703,1.5702986372987264,7.029701362701273
gen=48_member=8161_pso,50,baseline_storage,storage,Storage,S,1.0,0.12,0.12,,,,1.0,0.12,24.5082228,24.508282368015493,103.1208115680155,1.17026,1.1702608914176431,7.429739108582357
gen=33_member=5661_pso,50,baseline_storage,storage,Storage,S,1.0,0.12,0.12,,,,1.0,0.12,36.8916696,36.89173247767671,115.50426167767671,4.21575,4.215754201843512,4.3842457981564875
gen=47_member=7921_pso,50,baseline_storage,storage,Storage,S,1.0,0.12,0.12,,,,1.0,0.12,37.0291372,37.029124549782175,115.6416537497822,4.27101,4.271007614577858,4.328992385422142
gen=40_member=6722_pso,50,baseline_storage,storage,Storage,S,1.0,0.12,0.12,,,,1.0,0.12,29.2066292,29.206608318766545,107.81913751876654,1.65561,1.6556098007990303,6.944390199200969
gen=48_member=8113_pso,50,baseline_storage,storage,Storage,S,1.0,0.12,0.12,,,,1.0,0.12,37.0135412,37.01352492542517,115.62605412542518,4.2324,4.232401729996877,4.367598270003123
gen=48_member=8218_pso,50,baseline_storage,storage,Storage,S,1.0,0.12,0.12,,,,1.0,0.12,36.6236412,36.62363801974855,115.23616721974857,4.03399,4.033988191639938,4.566011808360062
gen=42_member=7058_pso,50,baseline_storage,storage,Storage,S,1.0,0.12,0.12,,,,1.0,0.12,17.825114,17.82511697626178,96.4376461762618,0.864582,0.8645822572117029,7.735417742788297
gen=48_member=8245_pso,50,baseline_storage,storage,Storage,S,1.0,0.12,0.12,,,,1.0,0.12,36.87897,36.87888641911074,115.49141561911075,4.17121,4.1712068907145685,4.428793109285431
gen=41_member=6922_pso,50,baseline_storage,storage,Storage,S,1.0,0.12,0.12,,,,1.0,0.12,32.1159516,32.11592080418332,110.72845000418333,2.24821,2.248210831838707,6.351789168161293
gen=41_member=6885_pso,50,baseline_storage,storage,Storage,S,1.0,0.12,0.12,,,,1.0,0.12,16.94815092,16.94814371857778,95.56067291857778,0.828565,0.8285654379401006,7.771434562059899
gen=37_member=6262_pso,50,baseline_storage,storage,Storage,S,1.0,0.12,0.12,,,,1.0,0.12,25.3729096,25.372800727077287,103.98532992707726,1.2425,1.2424981099154597,7.35750189008454
gen=39_member=6554_pso,50,baseline_storage,storage,Storage,S,1.0,0.12,0.12,,,,1.0,0.12,22.91498,22.91493475179726,101.52746395179726,1.07599,1.0759853155948564,7.524014684405143
gen=44_member=7409_pso,50,baseline_storage,storage,Storage,S,1.0,0.12,0.12,,,,1.0,0.12,29.026161199999997,29.02617500954204,107.63870420954201,1.61819,1.6181922753542444,6.981807724645755
gen=33_member=5597_pso,50,baseline_storage,storage,Storage,S,1.0,0.12,0.12,,,,1.0,0.12,20.425457360000003,20.425447005160812,99.03797620516082,0.993719,0.9937193119614058,7.606280688038594
gen=35_member=5926_pso,50,baseline_storage,storage,Storage,S,1.0,0.12,0.12,,,,1.0,0.12,28.758578399999998,28.75848621927199,107.371015419272,1.60584,1.6058441235180438,6.994155876481956
gen=42_member=7147_pso,50,baseline_storage,storage,Storage,S,1.0,0.12,0.12,,,,1.0,0.12,36.785394,36.78548226240043,115.39801146240043,4.12536,4.125357521076862,4.474642478923138
gen=47_member=7992_pso,50,baseline_storage,storage,Storage,S,1.0,0.12,0.12,,,,1.0,0.12,37.303181200000004,37.30318347661641,115.91571267661642,4.41535,4.415352874721832,4.184647125278167
gen=44_member=7479_pso,50,baseline_storage,storage,Storage,S,1.0,0.12,0.12,,,,1.0,0.12,29.72709,29.726992928553695,108.3395221285537,1.7727,1.7727044994457113,6.827295500554288
gen=46_member=7840_pso,50,baseline_storage,storage,Storage,S,1.0,0.12,0.12,,,,1.0,0.12,27.838414399999998,27.838357196260656,106.45088639626066,1.46259,1.4625932530033692,7.13740674699663
gen=36_member=6076_pso,50,baseline_storage,storage,Storage,S,1.0,0.12,0.12,,,,1.0,0.12,37.071692,37.07165394641189,115.6841831464119,4.31441,4.314408249931125,4.285591750068875
gen=39_member=6576_pso,50,baseline_storage,storage,Storage,S,1.0,0.12,0.12,,,,1.0,0.12,24.576845199999998,24.57679423226629,103.18932343226629,1.21064,1.2106413178735036,7.389358682126496
gen=46_member=7833_pso,50,baseline_storage,storage,Storage,S,1.0,0.12,0.12,,,,1.0,0.12,30.2738412,30.273822445456965,108.88635164545695,1.83739,1.837394816219615,6.762605183780384
gen=36_member=6039_pso,50,baseline_storage,storage,Storage,S,1.0,0.12,0.12,,,,1.0,0.12,34.2367848,34.236759922666806,112.84928912266682,2.88658,2.8865790925389523,5.713420907461048
gen=45_member=7630_pso,50,baseline_storage,storage,Storage,S,1.0,0.12,0.12,,,,1.0,0.12,20.27341864,20.273425248681576,98.88595444868157,0.964314,0.9643142048409978,7.635685795159002
gen=41_member=7002_pso,50,baseline_storage,storage,Storage,S,1.0,0.12,0.12,,,,1.0,0.12,31.456018,31.456010064777686,110.0685392647777,2.09323,2.0932333142827297,6.50676668571727
gen=44_member=7416_pso,50,baseline_storage,storage,Storage,S,1.0,0.12,0.12,,,,1.0,0.12,22.539562,22.53949283051267,101.15202203051267,1.03735,1.0373456001592622,7.562654399840738
gen=48_member=8130_pso,50,baseline_storage,storage,Storage,S,1.0,0.12,0.12,,,,1.0,0.12,30.2965668,30.29664546331896,108.90917466331896,1.8663,1.8663016796690663,6.733698320330934
gen=42_member=7150_pso,50,baseline_storage,storage,Storage,S,1.0,0.12,0.12,,,,1.0,0.12,23.0183592,23.018345966531463,101.63087516653145,1.08725,1.087248915729321,7.512751084270679
gen=46_member=7861_pso,50,baseline_storage,storage,Storage,S,1.0,0.12,0.12,,,,1.0,0.12,36.5779672,36.57795625745423,115.19048545745423,4.0076,4.007601081757205,4.592398918242795
gen=47_member=8013_pso,50,baseline_storage,storage,Storage,S,1.0,0.12,0.12,,,,1.0,0.12,24.1898416,24.189885878306495,102.80241507830647,1.14776,1.147762321088277,7.452237678911723
gen=34_member=5833_pso,50,baseline_storage,storage,Storage,S,1.0,0.12,0.12,,,,1.0,0.12,37.0554276,37.05546674905064,115.66799594905063,4.29346,4.293456493397734,4.3065435066022655
gen=29_member=4835_pso,50,baseline_storage,storage,Storage,S,1.0,0.12,0.12,,,,1.0,0.12,31.1628132,31.16289112554577,109.77542032554577,2.02499,2.0249856399765958,6.575014360023404
gen=43_member=7309_pso,50,baseline_storage,storage,Storage,S,1.0,0.12,0.12,,,,1.0,0.12,28.36244,28.362383210764136,106.97491241076413,1.53641,1.5364104025504484,7.0635895974495515
gen=42_member=7162_pso,50,baseline_storage,storage,Storage,S,1.0,0.12,0.12,,,,1.0,0.12,34.2657488,34.265693983561704,112.87822318356172,2.92099,2.9209899539452193,5.67901004605478
gen=43_member=7394_pso,50,baseline_storage,storage,Storage,S,1.0,0.12,0.12,,,,1.0,0.12,29.6994628,29.69937939750987,108.31190859750988,1.74092,1.7409232462479096,6.85907675375209
gen=47_member=7994_pso,50,baseline_storage,storage,Storage,S,1.0,0.12,0.12,,,,1.0,0.12,27.7078536,27.707961235794844,106.32049043579485,1.42551,1.4255099966871652,7.174490003312835
gen=48_member=8212_pso,50,baseline_storage,storage,Storage,S,1.0,0.12,0.12,,,,1.0,0.12,25.5088176,25.50891213870453,104.12144133870451,1.2664,1.266398238769936,7.333601761230064
gen=34_member=5718_pso,50,baseline_storage,storage,Storage,S,1.0,0.12,0.12,,,,1.0,0.12,19.217970479999998,19.217975104740983,97.83050430474097,0.92753,0.9275296888087197,7.6724703111912795
gen=40_member=6749_pso,50,baseline_storage,storage,Storage,S,1.0,0.12,0.12,,,,1.0,0.12,32.0337384,32.033822459218676,110.64635165921867,2.22633,2.226329000439628,6.373670999560371
gen=45_member=7712_pso,50,baseline_storage,storage,Storage,S,1.0,0.12,0.12,,,,1.0,0.12,31.9644476,31.96441941761888,110.57694861761888,2.20694,2.206943643436204,6.393056356563795
gen=49_member=8286_pso,50,baseline_storage,storage,Storage,S,1.0,0.12,0.12,,,,1.0,0.12,31.885799199999997,31.88574680923485,110.49827600923484,2.18552,2.1855188028063663,6.414481197193633
gen=47_member=7987_pso,50,baseline_storage,storage,Storage,S,1.0,0.12,0.12,,,,1.0,0.12,32.3378604,32.3379503115816,110.95047951158162,2.30822,2.3082233922736415,6.291776607726359
gen=42_member=7104_pso,50,baseline_storage,storage,Storage,S,1.0,0.12,0.12,,,,1.0,0.12,37.1305112,37.1305477391165,115.7430769391165,4.35228,4.352276475860758,4.247723524139242
gen=44_member=7536_pso,50,baseline_storage,storage,Storage,S,1.0,0.12,0.12,,,,1.0,0.12,23.466855600000002,23.46684587614881,102.0793750761488,1.11985,1.119851808944549,7.48014819105545
gen=38_member=6480_pso,50,baseline_storage,storage,Storage,S,1.0,0.12,0.12,,,,1.0,0.12,31.4072248,31.407133065935877,110.01966226593586,2.07448,2.0744810502582167,6.525518949741783
gen=43_member=7269_pso,50,baseline_storage,storage,Storage,S,1.0,0.12,0.12,,,,1.0,0.12,36.833296,36.83339971387087,115.44592891387086,4.14372,4.14371619026555,4.456283809734449
gen=35_member=5948_pso,50,baseline_storage,storage,Storage,S,1.0,0.12,0.12,,,,1.0,0.12,37.07392,37.07384621264411,115.68637541264411,4.33924,4.339241874247068,4.260758125752932
gen=29_member=4871_pso,50,baseline_storage,storage,Storage,S,1.0,0.12,0.12,,,,1.0,0.12,17.843495,17.843497187733753,96.45602638773376,0.881544,0.8815436349096046,7.718456365090395
gen=36_member=6031_pso,50,baseline_storage,storage,Storage,S,1.0,0.12,0.12,,,,1.0,0.12,31.3383796,31.338390787551674,109.95091998755169,2.05415,2.054152766640796,6.545847233359204
gen=39_member=6689_pso,50,baseline_storage,storage,Storage,S,1.0,0.12,0.12,,,,1.0,0.12,29.4165068,29.416418185838467,108.02894738583845,1.67871,1.6787094998114656,6.921290500188534
gen=46_member=7811_pso,50,baseline_storage,storage,Storage,S,1.0,0.12,0.12,,,,1.0,0.12,30.8479968,30.84800808580873,109.46053728580873,1.95962,1.9596188640199474,6.640381135980052
gen=36_member=6150_pso,50,baseline_storage,storage,Storage,S,1.0,0.12,0.12,,,,1.0,0.12,29.510305600000002,29.510270949002532,108.12280014900254,1.71536,1.715362470532215,6.884637529467785
gen=28_member=4698_pso,50,baseline_storage,storage,Storage,S,1.0,0.12,0.12,,,,1.0,0.12,19.62453592,19.62453473077234,98.23706393077234,0.948853,0.9488534751048375,7.651146524895162
gen=45_member=7580_pso,50,baseline_storage,storage,Storage,S,1.0,0.12,0.12,,,,1.0,0.12,29.4198488,29.41977376399195,108.03230296399194,1.6928,1.692796757945654,6.907203242054345
gen=37_member=6318_pso,50,baseline_storage,storage,Storage,S,1.0,0.12,0.12,,,,1.0,0.12,36.3585092,36.35850397821222,114.97103317821221,3.89263,3.8926304214774343,4.707369578522565
gen=39_member=6634_pso,50,baseline_storage,storage,Storage,S,1.0,0.12,0.12,,,,1.0,0.12,37.24659,37.24656995207669,115.8590991520767,4.3792,4.3792013937893275,4.220798606210672
gen=46_member=7788_pso,50,baseline_storage,storage,Storage,S,1.0,0.12,0.12,,,,1.0,0.12,32.533256,32.533172613400616,111.1457018134006,2.35444,2.3544415896375157,6.245558410362484
gen=46_member=7881_pso,50,baseline_storage,storage,Storage,S,1.0,0.12,0.12,,,,1.0,0.12,27.1929628,27.192862415219388,105.80539161521938,1.37653,1.376534935137965,7.223465064862035
gen=27_member=4566_pso,50,baseline_storage,storage,Storage,S,1.0,0.12,0.12,,,,1.0,0.12,34.2026964,34.20265674649548,112.8151859464955,2.87573,2.87572560211735,5.72427439788265
gen=39_member=6698_pso,50,baseline_storage,storage,Storage,S,1.0,0.12,0.12,,,,1.0,0.12,33.52026,33.52015097310551,112.13268017310553,2.6497,2.6497013934446474,5.950298606555352
gen=41_member=6986_pso,50,baseline_storage,storage,Storage,S,1.0,0.12,0.12,,,,1.0,0.12,35.7676436,35.767651554973604,114.38018075497361,3.58673,3.586730385344672,5.013269614655328
gen=41_member=6973_pso,50,baseline_storage,storage,Storage,S,1.0,0.12,0.12,,,,1.0,0.12,35.1593996,35.15947657236159,113.77200577236158,3.28388,3.283884959892168,5.316115040107832
gen=27_member=4568_pso,50,baseline_storage,storage,Storage,S,1.0,0.12,0.12,,,,1.0,0.12,32.5586552,32.558684654753776,111.17121385475377,2.37042,2.370423148131909,6.2295768518680905
gen=37_member=6357_pso,50,baseline_storage,storage,Storage,S,1.0,0.12,0.12,,,,1.0,0.12,32.625718,32.62572860768373,111.23825780768374,2.3887,2.388702197214058,6.211297802785942
gen=47_member=8006_pso,50,baseline_storage,storage,Storage,S,1.0,0.12,0.12,,,,1.0,0.12,36.7613316,36.761407828424296,115.37393702842431,4.09604,4.096041808260816,4.5039581917391835
gen=41_member=6898_pso,50,baseline_storage,storage,Storage,S,1.0,0.12,0.12,,,,1.0,0.12,31.489438,31.489447863162184,110.10197706316218,2.11934,2.119335855423188,6.480664144576812
gen=39_member=6668_pso,50,baseline_storage,storage,Storage,S,1.0,0.12,0.12,,,,1.0,0.12,33.933108399999995,33.933030846740984,112.545560046741,2.77099,2.7709912319006165,5.829008768099383
gen=48_member=8200_pso,50,baseline_storage,storage,Storage,S,1.0,0.12,0.12,,,,1.0,0.12,34.8907028,34.89080581472363,113.50333501472363,3.16725,3.1672458805732453,5.432754119426754
gen=32_member=5452_pso,50,baseline_storage,storage,Storage,S,1.0,0.12,0.12,,,,1.0,0.12,34.8474796,34.84753054005696,113.46005974005696,3.14182,3.141817552171591,5.458182447828408
gen=44_member=7522_pso,50,baseline_storage,storage,Storage,S,1.0,0.12,0.12,,,,1.0,0.12,33.1631116,33.16311565476033,111.77564485476033,2.53937,2.539368247581174,6.060631752418826
gen=45_member=7699_pso,50,baseline_storage,storage,Storage,S,1.0,0.12,0.12,,,,1.0,0.12,25.6714616,25.671464649350018,104.28399384935003,1.28466,1.2846600959013812,7.315339904098618
gen=38_member=6478_pso,50,baseline_storage,storage,Storage,S,1.0,0.12,0.12,,,,1.0,0.12,35.2785976,35.27857906393331,113.8911082639333,3.35376,3.3537617018742854,5.246238298125714
gen=48_member=8105_pso,50,baseline_storage,storage,Storage,S,1.0,0.12,0.12,,,,1.0,0.12,36.5527908,36.55273076856624,115.16525996856623,3.9902,3.9901981205782486,4.609801879421751
gen=47_member=7995_pso,50,baseline_storage,storage,Storage,S,1.0,0.12,0.12,,,,1.0,0.12,36.497536399999994,36.49744644974915,115.10997564974916,3.97511,3.975106482748441,4.624893517251559
gen=38_member=6507_pso,50,baseline_storage,storage,Storage,S,1.0,0.12,0.12,,,,1.0,0.12,36.2430988,36.243072285057984,114.85560148505799,3.82686,3.8268570564980315,4.773142943501968
gen=47_member=8017_pso,50,baseline_storage,storage,Storage,S,1.0,0.12,0.12,,,,1.0,0.12,26.3334004,26.33332130996634,104.94585050996633,1.31111,1.3111126222085394,7.28888737779146
gen=28_member=4806_pso,50,baseline_storage,storage,Storage,S,1.0,0.12,0.12,,,,1.0,0.12,36.335338,36.335363024535646,114.94789222453565,3.87574,3.8757359184083398,4.7242640815916594
gen=33_member=5559_pso,50,baseline_storage,storage,Storage,S,1.0,0.12,0.12,,,,1.0,0.12,32.1440244,32.1440689013816,110.7565981013816,2.27771,2.27770616129014,6.322293838709859
gen=28_member=4728_pso,50,baseline_storage,storage,Storage,S,1.0,0.12,0.12,,,,1.0,0.12,25.063886,25.063855919912235,103.67638511991223,1.21593,1.215931183468382,7.3840688165316175
gen=30_member=4999_pso,50,baseline_storage,storage,Storage,S,1.0,0.12,0.12,,,,1.0,0.12,33.9879172,33.98794532305361,112.60047452305362,2.78942,2.7894244899895115,5.810575510010488
gen=47_member=7949_pso,50,baseline_storage,storage,Storage,S,1.0,0.12,0.12,,,,1.0,0.12,31.069014399999997,31.068968509771572,109.68149770977158,1.99378,1.9937752885784714,6.606224711421528
gen=37_member=6216_pso,50,baseline_storage,storage,Storage,S,1.0,0.12,0.12,,,,1.0,0.12,34.7610332,34.76111558406628,113.37364478406629,3.104,3.1039998368234114,5.496000163176588
gen=35_member=5892_pso,50,baseline_storage,storage,Storage,S,1.0,0.12,0.12,,,,1.0,0.12,33.624976,33.6250096550061,112.23753885500611,2.6693,2.669301284000799,5.930698715999201
gen=47_member=7933_pso,50,baseline_storage,storage,Storage,S,1.0,0.12,0.12,,,,1.0,0.12,26.4996092,26.49956968298791,105.11209888298791,1.3367,1.336698211855586,7.263301788144414
gen=42_member=7127_pso,50,baseline_storage,storage,Storage,S,1.0,0.12,0.12,,,,1.0,0.12,33.1831636,33.183068642146345,111.79559784214636,2.56094,2.5609438201383607,6.039056179861639
gen=46_member=7815_pso,50,baseline_storage,storage,Storage,S,1.0,0.12,0.12,,,,1.0,0.12,30.2096748,30.209600453547942,108.82212965354798,1.82093,1.8209316870333607,6.779068312966639
gen=41_member=6988_pso,50,baseline_storage,storage,Storage,S,1.0,0.12,0.12,,,,1.0,0.12,27.9351096,27.935094147883344,106.54762334788336,1.48478,1.4847806569614805,7.115219343038519
gen=39_member=6630_pso,50,baseline_storage,storage,Storage,S,1.0,0.12,0.12,,,,1.0,0.12,32.2866164,32.28667995166453,110.89920915166454,2.28023,2.280231493565503,6.319768506434497
gen=46_member=7750_pso,50,baseline_storage,storage,Storage,S,1.0,0.12,0.12,,,,1.0,0.12,33.3573932,33.35737322320111,111.9699024232011,2.61481,2.6148133674398326,5.985186632560167
gen=47_member=8066_pso,50,baseline_storage,storage,Storage,S,1.0,0.12,0.12,,,,1.0,0.12,36.1452896,36.14526258672567,114.75779178672568,3.76811,3.7681126270390246,4.831887372960975
gen=49_member=8375_pso,50,baseline_storage,storage,Storage,S,1.0,0.12,0.12,,,,1.0,0.12,33.014504,33.01442462041577,111.62695382041578,2.48535,2.4853491554079423,6.114650844592058
gen=48_member=8129_pso,50,baseline_storage,storage,Storage,S,1.0,0.12,0.12,,,,1.0,0.12,36.633444399999995,36.63353389800296,115.24606309800296,4.0627,4.06270361545497,4.53729638454503
gen=39_member=6585_pso,50,baseline_storage,storage,Storage,S,1.0,0.12,0.12,,,,1.0,0.12,34.7828676,34.78292178056862,113.39545098056861,3.109,3.109000659648074,5.490999340351926
gen=47_member=8011_pso,50,baseline_storage,storage,Storage,S,1.0,0.12,0.12,,,,1.0,0.12,35.1213008,35.12122980345115,113.73375900345114,3.26403,3.2640326550202103,5.335967344979789
gen=40_member=6726_pso,50,baseline_storage,storage,Storage,S,1.0,0.12,0.12,,,,1.0,0.12,31.242575600000002,31.242517549639818,109.85504674963983,2.03707,2.037067297747835,6.562932702252165
gen=44_member=7543_pso,50,baseline_storage,storage,Storage,S,1.0,0.12,0.12,,,,1.0,0.12,35.1870268,35.18705597340057,113.79958517340057,3.29833,3.298334361468742,5.301665638531258
gen=43_member=7287_pso,50,baseline_storage,storage,Storage,S,1.0,0.12,0.12,,,,1.0,0.12,33.646587600000004,33.64656535247972,112.25909455247972,2.68124,2.6812389897553146,5.918761010244685
gen=41_member=6982_pso,50,baseline_storage,storage,Storage,S,1.0,0.12,0.12,,,,1.0,0.12,36.2787468,36.278668778733376,114.89119797873339,3.84028,3.8402820549687466,4.7597179450312534
gen=33_member=5577_pso,50,baseline_storage,storage,Storage,S,1.0,0.12,0.12,,,,1.0,0.12,34.0012852,34.00137781832889,112.6139070183289,2.80281,2.802809316052238,5.797190683947761
gen=48_member=8183_pso,50,baseline_storage,storage,Storage,S,1.0,0.12,0.12,,,,1.0,0.12,34.7057788,34.70587203703935,113.31840123703935,3.0773,3.077297589094499,5.5227024109055005
gen=48_member=8234_pso,50,baseline_storage,storage,Storage,S,1.0,0.12,0.12,,,,1.0,0.12,23.7818948,23.781937390842728,102.39446659084273,1.1268,1.1267995679231435,7.473200432076856
gen=42_member=7080_pso,50,baseline_storage,storage,Storage,S,1.0,0.12,0.12,,,,1.0,0.12,35.2182188,35.21819334968434,113.83072254968432,3.313,3.312997349575764,5.287002650424236
gen=47_member=8007_pso,50,baseline_storage,storage,Storage,S,1.0,0.12,0.12,,,,1.0,0.12,34.1347424,34.13470291303967,112.74723211303967,2.85212,2.8521192952616707,5.7478807047383285
gen=35_member=5961_pso,50,baseline_storage,storage,Storage,S,1.0,0.12,0.12,,,,1.0,0.12,36.8771876,36.87726444522587,115.48979364522586,4.16397,4.163974337028345,4.436025662971654
gen=31_member=5281_pso,50,baseline_storage,storage,Storage,S,1.0,0.12,0.12,,,,1.0,0.12,33.1156552,33.11569694121411,111.72822614121412,2.52766,2.527655550535176,6.072344449464824
gen=44_member=7417_pso,50,baseline_storage,storage,Storage,S,1.0,0.12,0.12,,,,1.0,0.12,28.040048399999996,28.04007293817745,106.65260213817746,1.50233,1.5023341028356045,7.097665897164395
gen=32_member=5429_pso,50,baseline_storage,storage,Storage,S,1.0,0.12,0.12,,,,1.0,0.12,36.214580399999996,36.214597535229515,114.82712673522953,3.8078,3.8077971403894884,4.792202859610511
gen=37_member=6347_pso,50,baseline_storage,storage,Storage,S,1.0,0.12,0.12,,,,1.0,0.12,35.6629276,35.66303769617801,114.275566896178,3.52921,3.5292051773858613,5.070794822614138
gen=42_member=7094_pso,50,baseline_storage,storage,Storage,S,1.0,0.12,0.12,,,,1.0,0.12,32.7239728,32.72396444274264,111.33649364274265,2.40462,2.4046240815079276,6.195375918492072
gen=45_member=7577_pso,50,baseline_storage,storage,Storage,S,1.0,0.12,0.12,,,,1.0,0.12,33.348481199999995,33.348578128286576,111.96110732828657,2.59343,2.593432230219679,6.006567769780321
gen=38_member=6402_pso,50,baseline_storage,storage,Storage,S,1.0,0.12,0.12,,,,1.0,0.12,30.511791600000002,30.51186014513365,109.12438934513365,1.8927,1.8927029265017545,6.707297073498245
gen=31_member=5196_pso,50,baseline_storage,storage,Storage,S,1.0,0.12,0.12,,,,1.0,0.12,37.154128,37.154036317385696,115.76656551738569,4.37901,4.3790099839992,4.220990016000799
gen=41_member=6995_pso,50,baseline_storage,storage,Storage,S,1.0,0.12,0.12,,,,1.0,0.12,33.0581728,33.05810757863159,111.6706367786316,2.50823,2.5082290688344937,6.091770931165506
gen=39_member=6611_pso,50,baseline_storage,storage,Storage,S,1.0,0.12,0.12,,,,1.0,0.12,35.8961992,35.89623286365389,114.5087620636539,3.66312,3.663118269814579,4.936881730185421
gen=49_member=8310_pso,50,baseline_storage,storage,Storage,S,1.0,0.12,0.12,,,,1.0,0.12,30.436708,30.43676948862573,109.04929868862573,1.88142,1.8814224001312523,6.718577599868747
gen=41_member=6917_pso,50,baseline_storage,storage,Storage,S,1.0,0.12,0.12,,,,1.0,0.12,30.7027312,30.7026693264571,109.3151985264571,1.93448,1.9344802970633985,6.665519702936601
gen=42_member=7156_pso,50,baseline_storage,storage,Storage,S,1.0,0.12,0.12,,,,1.0,0.12,30.610492,30.610510708305725,109.22303990830572,1.91823,1.9182267449739134,6.681773255026086
gen=29_member=4898_pso,50,baseline_storage,storage,Storage,S,1.0,0.12,0.12,,,,1.0,0.12,35.9271684,35.92717187396659,114.5397010739666,3.68037,3.680374002125098,4.919625997874902
gen=47_member=7961_pso,50,baseline_storage,storage,Storage,S,1.0,0.12,0.12,,,,1.0,0.12,32.81844,32.81846706326812,111.43099626326813,2.42627,2.4262709560882163,6.173729043911783
gen=31_member=5213_pso,50,baseline_storage,storage,Storage,S,1.0,0.12,0.12,,,,1.0,0.12,34.374698,34.37459988167344,112.98712908167344,2.94698,2.9469766581836145,5.653023341816385
gen=33_member=5529_pso,50,baseline_storage,storage,Storage,S,1.0,0.12,0.12,,,,1.0,0.12,18.329822840000002,18.32982475749499,96.94235395749497,0.902294,0.9022937938185509,7.697706206181449
gen=41_member=6902_pso,50,baseline_storage,storage,Storage,S,1.0,0.12,0.12,,,,1.0,0.12,29.628389600000002,29.628353465378915,108.24088266537892,1.72975,1.7297505883192235,6.870249411680776
gen=43_member=7373_pso,50,baseline_storage,storage,Storage,S,1.0,0.12,0.12,,,,1.0,0.12,30.566823199999998,30.566917442941545,109.17944664294156,1.90841,1.908406212310852,6.691593787689148
gen=43_member=7354_pso,50,baseline_storage,storage,Storage,S,1.0,0.12,0.12,,,,1.0,0.12,36.3656388,36.365559376347385,114.97808857634739,3.91205,3.912045083841329,4.68795491615867
gen=48_member=8255_pso,50,baseline_storage,storage,Storage,S,1.0,0.12,0.12,,,,1.0,0.12,18.692073360000002,18.692080334260165,97.30460953426017,0.907206,0.9072063929299553,7.692793607070044
gen=38_member=6443_pso,50,baseline_storage,storage,Storage,S,1.0,0.12,0.12,,,,1.0,0.12,31.6712428,31.67115470758055,110.28368390758054,2.14746,2.1474636576256336,6.452536342374366
gen=47_member=7988_pso,50,baseline_storage,storage,Storage,S,1.0,0.12,0.12,,,,1.0,0.12,30.769794,30.769795007202468,109.38232420720249,1.94462,1.9446224455793006,6.655377554420699
gen=37_member=6360_pso,50,baseline_storage,storage,Storage,S,1.0,0.12,0.12,,,,1.0,0.12,28.05609,28.056013799679008,106.668542999679,1.51193,1.5119307530994452,7.088069246900554
gen=48_member=8171_pso,50,baseline_storage,storage,Storage,S,1.0,0.12,0.12,,,,1.0,0.12,34.994082,34.99403631605541,113.60656551605543,3.20978,3.2097832134087616,5.390216786591238
gen=45_member=7732_pso,50,baseline_storage,storage,Storage,S,1.0,0.12,0.12,,,,1.0,0.12,28.232101999999998,28.232171596528566,106.84470079652857,1.52704,1.5270430343618207,7.072956965638179
gen=35_member=5956_pso,50,baseline_storage,storage,Storage,S,1.0,0.12,0.12,,,,1.0,0.12,34.0774828,34.07740547464268,112.6899346746427,2.82984,2.8298424505292394,5.77015754947076
gen=45_member=7623_pso,50,baseline_storage,storage,Storage,S,1.0,0.12,0.12,,,,1.0,0.12,26.867897600000003,26.867886619436277,105.48041581943627,1.35875,1.3587454728667916,7.241254527133208
gen=34_member=5765_pso,50,baseline_storage,storage,Storage,S,1.0,0.12,0.12,,,,1.0,0.12,30.9233032,30.92338623359191,109.5359154335919,1.98173,1.9817261402621529,6.6182738597378465
gen=38_member=6501_pso,50,baseline_storage,storage,Storage,S,1.0,0.12,0.12,,,,1.0,0.12,32.3964568,32.396349530682755,111.00887873068277,2.32041,2.3204104251195217,6.279589574880478
gen=48_member=8203_pso,50,baseline_storage,storage,Storage,S,1.0,0.12,0.12,,,,1.0,0.12,32.4539392,32.453841272609736,111.06637047260975,2.33521,2.3352127973438446,6.264787202656155
gen=47_member=7974_pso,50,baseline_storage,storage,Storage,S,1.0,0.12,0.12,,,,1.0,0.12,35.0424296,35.04236881028093,113.65489801028093,3.23167,3.231672181574875,5.368327818425125
gen=42_member=7123_pso,50,baseline_storage,storage,Storage,S,1.0,0.12,0.12,,,,1.0,0.12,34.3967552,34.396745119239434,113.00927431923942,2.95964,2.9596390707578255,5.640360929242174
gen=30_member=5110_pso,50,baseline_storage,storage,Storage,S,1.0,0.12,0.12,,,,1.0,0.12,36.395271199999996,36.39534938259375,115.00787858259373,3.93251,3.932509378217297,4.667490621782703
gen=40_member=6879_pso,50,baseline_storage,storage,Storage,S,1.0,0.12,0.12,,,,1.0,0.12,35.52546,35.52547804840835,114.13800724840836,3.47595,3.475950463907369,5.124049536092631
gen=31_member=5217_pso,50,baseline_storage,storage,Storage,S,1.0,0.12,0.12,,,,1.0,0.12,36.452308,36.4522647735805,115.0647939735805,3.94088,3.9408802762959994,4.659119723704
gen=42_member=7215_pso,50,baseline_storage,storage,Storage,S,1.0,0.12,0.12,,,,1.0,0.12,34.9225632,34.92253563470857,113.53506483470858,3.17583,3.175829157195778,5.424170842804221
gen=37_member=6211_pso,50,baseline_storage,storage,Storage,S,1.0,0.12,0.12,,,,1.0,0.12,20.656456399999996,20.656455308041814,99.26898450804181,1.01369,1.0136914070123024,7.586308592987697
gen=40_member=6803_pso,50,baseline_storage,storage,Storage,S,1.0,0.12,0.12,,,,1.0,0.12,33.8223768,33.822321012801254,112.43485021280125,2.72359,2.7235943155761655,5.876405684423834
gen=30_member=5155_pso,50,baseline_storage,storage,Storage,S,1.0,0.12,0.12,,,,1.0,0.12,34.1209288,34.12094915647915,112.73347835647915,2.84803,2.848031611013018,5.751968388986981
gen=32_member=5405_pso,50,baseline_storage,storage,Storage,S,1.0,0.12,0.12,,,,1.0,0.12,27.866487199999998,27.866536503306772,106.47906570330677,1.47179,1.4717926599847913,7.128207340015209
gen=37_member=6224_pso,50,baseline_storage,storage,Storage,S,1.0,0.12,0.12,,,,1.0,0.12,35.2442864,35.24434680969291,113.85687600969291,3.32624,3.326237167132866,5.273762832867133
gen=36_member=6188_pso,50,baseline_storage,storage,Storage,S,1.0,0.12,0.12,,,,1.0,0.12,26.545060399999997,26.54503702240775,105.15756622240775,1.34227,1.342270068175498,7.257729931824501
gen=44_member=7508_pso,50,baseline_storage,storage,Storage,S,1.0,0.12,0.12,,,,1.0,0.12,35.030844,35.030748929325185,113.64327812932517,3.22133,3.2213251018364017,5.378674898163598
gen=48_member=8233_pso,50,baseline_storage,storage,Storage,S,1.0,0.12,0.12,,,,1.0,0.12,34.676369199999996,34.67641402474263,113.28894322474264,3.06245,3.0624463998642413,5.537553600135759
gen=27_member=4602_pso,50,baseline_storage,storage,Storage,S,1.0,0.12,0.12,,,,1.0,0.12,31.533998,31.534063129350688,110.1465923293507,2.12737,2.1273719794301997,6.4726280205698
gen=34_member=5714_pso,50,baseline_storage,storage,Storage,S,1.0,0.12,0.12,,,,1.0,0.12,35.2895148,35.289422752427136,113.90195195242715,3.37452,3.3745240137867936,5.2254759862132065
gen=33_member=5592_pso,50,baseline_storage,storage,Storage,S,1.0,0.12,0.12,,,,1.0,0.12,32.9057776,32.90581117439859,111.5183403743986,2.46009,2.4600901846108965,6.139909815389103
gen=46_member=7897_pso,50,baseline_storage,storage,Storage,S,1.0,0.12,0.12,,,,1.0,0.12,34.6601048,34.66001472979494,113.27254392979495,3.05438,3.054383085197773,5.545616914802227
gen=44_member=7516_pso,50,baseline_storage,storage,Storage,S,1.0,0.12,0.12,,,,1.0,0.12,36.109196,36.10912532430648,114.72165452430647,3.75377,3.753768229615384,4.846231770384616
gen=47_member=8023_pso,50,baseline_storage,storage,Storage,S,1.0,0.12,0.12,,,,1.0,0.12,36.075776,36.0756878960716,114.68821709607163,3.73629,3.736287275768742,4.863712724231258
gen=43_member=7367_pso,50,baseline_storage,storage,Storage,S,1.0,0.12,0.12,,,,1.0,0.12,35.8665668,35.86655852747779,114.47908772747779,3.64645,3.646452731121315,4.953547268878685
gen=41_member=6969_pso,50,baseline_storage,storage,Storage,S,1.0,0.12,0.12,,,,1.0,0.12,34.0139848,34.01408910075473,112.62661830075474,2.81773,2.8177336383909917,5.7822663616090075
gen=34_member=5825_pso,50,baseline_storage,storage,Storage,S,1.0,0.12,0.12,,,,1.0,0.12,21.687307439999998,21.6872977704652,100.29982697046519,1.03166,1.031660987734052,7.568339012265948
gen=40_member=6799_pso,50,baseline_storage,storage,Storage,S,1.0,0.12,0.12,,,,1.0,0.12,34.952641199999995,34.952751930942966,113.56528113094296,3.18988,3.189877173659776,5.410122826340224
gen=36_member=6120_pso,50,baseline_storage,storage,Storage,S,1.0,0.12,0.12,,,,1.0,0.12,35.9581376,35.95802982865704,114.57055902865704,3.68918,3.6891823362554983,4.910817663744501
gen=43_member=7295_pso,50,baseline_storage,storage,Storage,S,1.0,0.12,0.12,,,,1.0,0.12,35.5167708,35.51686845465705,114.12939765465704,3.46262,3.462616051819169,5.1373839481808306
gen=37_member=6202_pso,50,baseline_storage,storage,Storage,S,1.0,0.12,0.12,,,,1.0,0.12,29.765634399999996,29.765572548609313,108.37810174860931,1.7877,1.7876984758523486,6.812301524147651
gen=41_member=6991_pso,50,baseline_storage,storage,Storage,S,1.0,0.12,0.12,,,,1.0,0.12,36.3934888,36.393381324833584,115.00591052483358,3.91812,3.9181165555809114,4.681883444419088
gen=34_member=5786_pso,50,baseline_storage,storage,Storage,S,1.0,0.12,0.12,,,,1.0,0.12,35.6983528,35.69845644451818,114.31098564451818,3.5556,3.5555964069787223,5.044403593021277
gen=46_member=7820_pso,50,baseline_storage,storage,Storage,S,1.0,0.12,0.12,,,,1.0,0.12,35.8603284,35.860377441964175,114.47290664196417,3.63264,3.6326419104411802,4.96735808955882
gen=49_member=8399_pso,50,baseline_storage,storage,Storage,S,1.0,0.12,0.12,,,,1.0,0.12,35.851862,35.85181623963164,114.46434543963164,3.62622,3.626218563359731,4.973781436640269
gen=34_member=5808_pso,50,baseline_storage,storage,Storage,S,1.0,0.12,0.12,,,,1.0,0.12,36.496199600000004,36.496093279758526,115.10862247975852,3.95771,3.957705212678139,4.642294787321861
gen=43_member=7329_pso,50,baseline_storage,storage,Storage,S,1.0,0.12,0.12,,,,1.0,0.12,34.9811596,34.981147257172495,113.59367645717249,3.19666,3.196664946537503,5.403335053462497
gen=42_member=7088_pso,50,baseline_storage,storage,Storage,S,1.0,0.12,0.12,,,,1.0,0.12,35.7903692,35.79047148072272,114.40300068072271,3.60323,3.6032319677579827,4.9967680322420165
gen=45_member=7708_pso,50,baseline_storage,storage,Storage,S,1.0,0.12,0.12,,,,1.0,0.12,33.8571336,33.85718549462576,112.46971469462578,2.7429,2.742898734192789,5.857101265807211
gen=32_member=5495_pso,50,baseline_storage,storage,Storage,S,1.0,0.12,0.12,,,,1.0,0.12,25.922334399999997,25.92224315458362,104.53477235458361,1.29931,1.2993111659258398,7.30068883407416
gen=41_member=6992_pso,50,baseline_storage,storage,Storage,S,1.0,0.12,0.12,,,,1.0,0.12,35.8253488,35.82539989519937,114.43792909519937,3.61253,3.6125298909180685,4.987470109081931
gen=44_member=7474_pso,50,baseline_storage,storage,Storage,S,1.0,0.12,0.12,,,,1.0,0.12,35.6065592,35.60659604089044,114.21912524089045,3.50006,3.500060004864631,5.099939995135369
gen=38_member=6529_pso,50,baseline_storage,storage,Storage,S,1.0,0.12,0.12,,,,1.0,0.12,34.6110888,34.611036113818564,113.22356531381857,3.04111,3.041111755454159,5.558888244545841
gen=38_member=6418_pso,50,baseline_storage,storage,Storage,S,1.0,0.12,0.12,,,,1.0,0.12,34.4430976,34.443010318174956,113.05553951817497,2.97833,2.978329086001256,5.621670913998743
gen=42_member=7193_pso,50,baseline_storage,storage,Storage,S,1.0,0.12,0.12,,,,1.0,0.12,33.445622,33.44556490244684,112.05809410244683,2.62386,2.6238571418490007,5.9761428581509985
gen=40_member=6846_pso,50,baseline_storage,storage,Storage,S,1.0,0.12,0.12,,,,1.0,0.12,33.0759968,33.07610629167887,111.68863549167887,2.5122,2.5121954424954005,6.087804557504599
gen=42_member=7137_pso,50,baseline_storage,storage,Storage,S,1.0,0.12,0.12,,,,1.0,0.12,31.799798399999997,31.799870105395673,110.41239930539568,2.16651,2.166508641055657,6.433491358944343
gen=41_member=6951_pso,50,baseline_storage,storage,Storage,S,1.0,0.12,0.12,,,,1.0,0.12,31.7882128,31.788273688982024,110.40080288898203,2.16614,2.1661407021590344,6.433859297840965
gen=44_member=7514_pso,50,baseline_storage,storage,Storage,S,1.0,0.12,0.12,,,,1.0,0.12,34.407672399999996,34.40775328560086,113.02028248560086,2.96984,2.969835090773703,5.630164909226297
gen=26_member=4423_pso,50,baseline_storage,storage,Storage,S,1.0,0.12,0.12,,,,1.0,0.12,32.826238,32.826298754166096,111.43882795416609,2.44423,2.4442324503270694,6.15576754967293
gen=30_member=5151_pso,50,baseline_storage,storage,Storage,S,1.0,0.12,0.12,,,,1.0,0.12,36.297461999999996,36.297392702126395,114.9099219021264,3.85519,3.855186874041565,4.7448131259584345
gen=36_member=6144_pso,50,baseline_storage,storage,Storage,S,1.0,0.12,0.12,,,,1.0,0.12,34.510605999999996,34.510550189225945,113.12307938922596,3.00686,3.0068591738707413,5.593140826129258
gen=41_member=6946_pso,50,baseline_storage,storage,Storage,S,1.0,0.12,0.12,,,,1.0,0.12,35.683425199999995,35.683385394119824,114.29591459411984,3.5443,3.5442993418543915,5.055700658145608
gen=43_member=7239_pso,50,baseline_storage,storage,Storage,S,1.0,0.12,0.12,,,,1.0,0.12,35.7208556,35.72083483075705,114.33336403075705,3.56889,3.568889637147474,5.031110362852526
gen=20_member=3413_pso,50,baseline_storage,storage,Storage,S,1.0,0.12,0.12,,,,1.0,0.12,32.9545708,32.95461211746549,111.5671413174655,2.47644,2.476442307505919,6.123557692494081
gen=35_member=5913_pso,50,baseline_storage,storage,Storage,S,1.0,0.12,0.12,,,,1.0,0.12,21.26195996,21.261970620979778,99.87449982097976,1.01633,1.0163314134959738,7.583668586504026
gen=47_member=7945_pso,50,baseline_storage,storage,Storage,S,1.0,0.12,0.12,,,,1.0,0.12,34.610420399999995,34.610460392456865,113.22298959245687,3.03486,3.0348582169560134,5.565141783043986
gen=31_member=5214_pso,50,baseline_storage,storage,Storage,S,1.0,0.12,0.12,,,,1.0,0.12,35.4428012,35.44276706150495,114.05529626150495,3.42253,3.42252865851418,5.17747134148582
gen=35_member=5893_pso,50,baseline_storage,storage,Storage,S,1.0,0.12,0.12,,,,1.0,0.12,16.002053,16.002041893722712,94.61457109372272,0.813288,0.8132883924956406,7.786711607504359
gen=42_member=7082_pso,50,baseline_storage,storage,Storage,S,1.0,0.12,0.12,,,,1.0,0.12,33.697386,33.697411190937146,112.30994039093714,2.69841,2.6984095035547186,5.901590496445281
gen=44_member=7534_pso,50,baseline_storage,storage,Storage,S,1.0,0.12,0.12,,,,1.0,0.12,34.346848,34.34682017838482,112.95934937838484,2.93385,2.9338504123415627,5.6661495876584365
gen=45_member=7645_pso,50,baseline_storage,storage,Storage,S,1.0,0.12,0.12,,,,1.0,0.12,35.619036,35.61911037390231,114.23163957390231,3.51669,3.516691347333545,5.083308652666455
gen=39_member=6590_pso,50,baseline_storage,storage,Storage,S,1.0,0.12,0.12,,,,1.0,0.12,36.736378,36.73640015568762,115.3489293556876,4.09121,4.091206726931732,4.508793273068267
gen=38_member=6398_pso,50,baseline_storage,storage,Storage,S,1.0,0.12,0.12,,,,1.0,0.12,35.0974612,35.09741973001883,113.70994893001883,3.25449,3.2544898932889756,5.345510106711024
gen=45_member=7594_pso,50,baseline_storage,storage,Storage,S,1.0,0.12,0.12,,,,1.0,0.12,36.3103844,36.31039554746737,114.92292474746739,3.8606,3.860598708949262,4.739401291050738
gen=48_member=8227_pso,50,baseline_storage,storage,Storage,S,1.0,0.12,0.12,,,,1.0,0.12,33.9072636,33.90734269461019,112.51987189461022,2.7553,2.7552995004033938,5.844700499596605
gen=30_member=5150_pso,50,baseline_storage,storage,Storage,S,1.0,0.12,0.12,,,,1.0,0.12,36.47793,36.47794126781239,115.0904704678124,3.95517,3.9551744266243625,4.644825573375638
gen=49_member=8327_pso,50,baseline_storage,storage,Storage,S,1.0,0.12,0.12,,,,1.0,0.12,30.106963999999998,30.10695679161178,108.71948599161179,1.80674,1.8067379306649054,6.7932620693350945
gen=43_member=7261_pso,50,baseline_storage,storage,Storage,S,1.0,0.12,0.12,,,,1.0,0.12,34.4863208,34.48623759426499,113.09876679426499,2.98936,2.989359921162631,5.610640078837369
gen=36_member=6133_pso,50,baseline_storage,storage,Storage,S,1.0,0.12,0.12,,,,1.0,0.12,35.8721368,35.87203034437702,114.48455954437703,3.65379,3.6537904336927265,4.946209566307273
gen=41_member=6892_pso,50,baseline_storage,storage,Storage,S,1.0,0.12,0.12,,,,1.0,0.12,29.7658572,29.765857301341477,108.37838650134148,1.79322,1.7932215884321627,6.806778411567837
gen=47_member=8012_pso,50,baseline_storage,storage,Storage,S,1.0,0.12,0.12,,,,1.0,0.12,35.983982399999995,35.984022812402536,114.59655201240253,3.70111,3.701110964068317,4.898889035931683
gen=47_member=7966_pso,50,baseline_storage,storage,Storage,S,1.0,0.12,0.12,,,,1.0,0.12,33.7234536,33.72345101193558,112.3359802119356,2.70123,2.7012340465738194,5.89876595342618
gen=49_member=8363_pso,50,baseline_storage,storage,Storage,S,1.0,0.12,0.12,,,,1.0,0.12,35.4777808,35.477807888172215,114.09033708817222,3.43975,3.4397528364932968,5.160247163506703
gen=44_member=7456_pso,50,baseline_storage,storage,Storage,S,1.0,0.12,0.12,,,,1.0,0.12,35.4550552,35.454985598383615,114.06751479838361,3.43116,3.431156849191001,5.168843150808998
gen=40_member=6804_pso,50,baseline_storage,storage,Storage,S,1.0,0.12,0.12,,,,1.0,0.12,34.5288756,34.528979791643806,113.14150899164382,3.01687,3.016870007405461,5.583129992594539
gen=38_member=6471_pso,50,baseline_storage,storage,Storage,S,1.0,0.12,0.12,,,,1.0,0.12,35.0604764,35.06049322067706,113.67302242067706,3.24426,3.2442631362861047,5.355736863713895
gen=22_member=3634_pso,50,baseline_storage,storage,Storage,S,1.0,0.12,0.12,,,,1.0,0.12,33.487508399999996,33.48751472965719,112.1000439296572,2.63496,2.6349586355249133,5.965041364475086
gen=44_member=7539_pso,50,baseline_storage,storage,Storage,S,1.0,0.12,0.12,,,,1.0,0.12,36.0109412,36.01086498046887,114.62339418046886,3.71574,3.71574467634347,4.88425532365653
gen=49_member=8356_pso,50,baseline_storage,storage,Storage,S,1.0,0.12,0.12,,,,1.0,0.12,32.883720399999994,32.88362932713905,111.49615852713904,2.45508,2.455078154837682,6.144921845162317
gen=46_member=7849_pso,50,baseline_storage,storage,Storage,S,1.0,0.12,0.12,,,,1.0,0.12,33.7256816,33.7256272553146,112.3381564553146,2.71464,2.714637855713367,5.885362144286633
gen=42_member=7200_pso,50,baseline_storage,storage,Storage,S,1.0,0.12,0.12,,,,1.0,0.12,35.3322924,35.33222140569574,113.94475060569573,3.37515,3.375146551306809,5.224853448693191
gen=38_member=6459_pso,50,baseline_storage,storage,Storage,S,1.0,0.12,0.12,,,,1.0,0.12,36.735932399999996,36.73590992805043,115.34843912805044,4.07908,4.079081097759876,4.5209189022401235
gen=40_member=6838_pso,50,baseline_storage,storage,Storage,S,1.0,0.12,0.12,,,,1.0,0.12,27.5438728,27.54385585819388,106.15638505819388,1.42018,1.4201768569284965,7.179823143071503
gen=35_member=5994_pso,50,baseline_storage,storage,Storage,S,1.0,0.12,0.12,,,,1.0,0.12,34.683276,34.68326987798987,113.29579907798986,3.07603,3.076027027129444,5.523972972870556
gen=39_member=6670_pso,50,baseline_storage,storage,Storage,S,1.0,0.12,0.12,,,,1.0,0.12,32.435669600000004,32.43577512726643,111.04830432726642,2.33137,2.331366553624733,6.268633446375267
gen=48_member=8120_pso,50,baseline_storage,storage,Storage,S,1.0,0.12,0.12,,,,1.0,0.12,36.049485600000004,36.049477181493145,114.66200638149316,3.72385,3.7238509530605737,4.876149046939426
gen=47_member=7929_pso,50,baseline_storage,storage,Storage,S,1.0,0.12,0.12,,,,1.0,0.12,33.2756256,33.27569117913837,111.88822037913837,2.58067,2.5806656123379543,6.019334387662045
gen=32_member=5467_pso,50,baseline_storage,storage,Storage,S,1.0,0.12,0.12,,,,1.0,0.12,35.4252,35.425295105606956,114.03782430560697,3.40923,3.4092267076579525,5.1907732923420475
gen=45_member=7589_pso,50,baseline_storage,storage,Storage,S,1.0,0.12,0.12,,,,1.0,0.12,35.264561199999996,35.264548182297666,113.87707738229766,3.34169,3.3416938493864854,5.258306150613514
gen=42_member=7063_pso,50,baseline_storage,storage,Storage,S,1.0,0.12,0.12,,,,1.0,0.12,32.7798956,32.77998072785285,111.39250992785287,2.41578,2.4157795755081053,6.184220424491894
gen=46_member=7783_pso,50,baseline_storage,storage,Storage,S,1.0,0.12,0.12,,,,1.0,0.12,35.2509704,35.250884894283324,113.86341409428333,3.33505,3.3350465550096735,5.264953444990326
gen=42_member=7112_pso,50,baseline_storage,storage,Storage,S,1.0,0.12,0.12,,,,1.0,0.12,29.955014399999996,29.954952265185444,108.56748146518542,1.80414,1.8041382604731795,6.795861739526821
gen=43_member=7278_pso,50,baseline_storage,storage,Storage,S,1.0,0.12,0.12,,,,1.0,0.12,26.961028,26.96102909294159,105.5735582929416,1.36641,1.3664061755116315,7.233593824488368
gen=48_member=8123_pso,50,baseline_storage,storage,Storage,S,1.0,0.12,0.12,,,,1.0,0.12,35.7057052,35.70569359544761,114.31822279544762,3.56822,3.568217329581769,5.031782670418231
gen=38_member=6409_pso,50,baseline_storage,storage,Storage,S,1.0,0.12,0.12,,,,1.0,0.12,35.5586572,35.558655547749574,114.17118474774956,3.48534,3.4853415920391573,5.114658407960842
gen=36_member=6139_pso,50,baseline_storage,storage,Storage,S,1.0,0.12,0.12,,,,1.0,0.12,36.7221188,36.722176673504485,115.33470587350449,4.07625,4.0762456348744855,4.523754365125514
gen=40_member=6783_pso,50,baseline_storage,storage,Storage,S,1.0,0.12,0.12,,,,1.0,0.12,34.2880288,34.28795088667764,112.90048008667765,2.92983,2.929833439615535,5.670166560384464
gen=29_member=4924_pso,50,baseline_storage,storage,Storage,S,1.0,0.12,0.12,,,,1.0,0.12,33.3221908,33.32221023991749,111.93473943991748,2.58783,2.587828022406685,6.012171977593315
gen=46_member=7822_pso,50,baseline_storage,storage,Storage,S,1.0,0.12,0.12,,,,1.0,0.12,36.6993932,36.69936383186918,115.31189303186918,4.06609,4.066085660473553,4.533914339526446
gen=33_member=5655_pso,50,baseline_storage,storage,Storage,S,1.0,0.12,0.12,,,,1.0,0.12,35.6303988,35.630370058555734,114.24289925855572,3.51718,3.517184950203703,5.082815049796297
gen=31_member=5227_pso,50,baseline_storage,storage,Storage,S,1.0,0.12,0.12,,,,1.0,0.12,33.1920756,33.191986899653344,111.80451609965334,2.57051,2.5705116414506657,6.029488358549334
gen=46_member=7810_pso,50,baseline_storage,storage,Storage,S,1.0,0.12,0.12,,,,1.0,0.12,34.574104,34.57406416730866,113.18659336730867,3.02342,3.0234229584310697,5.57657704156893
gen=28_member=4720_pso,50,baseline_storage,storage,Storage,S,1.0,0.12,0.12,,,,1.0,0.12,35.3848732,35.38488870745046,113.99741790745045,3.39794,3.397935940640787,5.202064059359213
gen=31_member=5250_pso,50,baseline_storage,storage,Storage,S,1.0,0.12,0.12,,,,1.0,0.12,34.0534204,34.05351185359164,112.66604105359163,2.82385,2.8238468837659503,5.776153116234049
gen=46_member=7862_pso,50,baseline_storage,storage,Storage,S,1.0,0.12,0.12,,,,1.0,0.12,34.5019168,34.50190548961805,113.11443468961807,2.9983,2.998298907907464,5.601701092092536
gen=29_member=4911_pso,50,baseline_storage,storage,Storage,S,1.0,0.12,0.12,,,,1.0,0.12,33.8640404,33.86401239624249,112.47654159624248,2.75415,2.7541462326369746,5.845853767363025
gen=43_member=7385_pso,50,baseline_storage,storage,Storage,S,1.0,0.12,0.12,,,,1.0,0.12,26.117729999999998,26.117703630103588,104.73023283010357,1.30432,1.304315285491199,7.2956847145088
gen=34_member=5724_pso,50,baseline_storage,storage,Storage,S,1.0,0.12,0.12,,,,1.0,0.12,35.5597712,35.55966917902097,114.17219837902098,3.48909,3.489091483382917,5.110908516617083
gen=39_member=6557_pso,50,baseline_storage,storage,Storage,S,1.0,0.12,0.12,,,,1.0,0.12,30.951821600000002,30.95190437561837,109.56443357561837,1.98352,1.9835249724970192,6.616475027502981
gen=43_member=7341_pso,50,baseline_storage,storage,Storage,S,1.0,0.12,0.12,,,,1.0,0.12,35.697461600000004,35.69752068422161,114.31004988422161,3.54777,3.5477651856602406,5.052234814339759
gen=37_member=6349_pso,50,baseline_storage,storage,Storage,S,1.0,0.12,0.12,,,,1.0,0.12,33.8629264,33.862942575484915,112.47547177548492,2.74347,2.7434690769353645,5.856530923064636
gen=41_member=6889_pso,50,baseline_storage,storage,Storage,S,1.0,0.12,0.12,,,,1.0,0.12,27.384348,27.38432060845482,105.99684980845481,1.4106,1.4106019754541828,7.189398024545817
gen=47_member=8010_pso,50,baseline_storage,storage,Storage,S,1.0,0.12,0.12,,,,1.0,0.12,33.483498,33.48339815320258,112.09592735320258,2.63426,2.6342594566188096,5.96574054338119
gen=38_member=6465_pso,50,baseline_storage,storage,Storage,S,1.0,0.12,0.12,,,,1.0,0.12,35.5849476,35.58483752237572,114.19736672237573,3.49711,3.497111324050283,5.102888675949717
gen=29_member=4976_pso,50,baseline_storage,storage,Storage,S,1.0,0.12,0.12,,,,1.0,0.12,32.8534196,32.85346614458213,111.46599534458214,2.44488,2.4448842022049715,6.155115797795029
gen=34_member=5729_pso,50,baseline_storage,storage,Storage,S,1.0,0.12,0.12,,,,1.0,0.12,36.1272428,36.12729970982421,114.7398289098242,3.76248,3.7624810950233476,4.837518904976652
gen=46_member=7888_pso,50,baseline_storage,storage,Storage,S,1.0,0.12,0.12,,,,1.0,0.12,32.783460399999996,32.783404919650515,111.3959341196505,2.41843,2.418430577488762,6.181569422511238
gen=46_member=7821_pso,50,baseline_storage,storage,Storage,S,1.0,0.12,0.12,,,,1.0,0.12,31.01933,31.019254054929405,109.63178325492942,1.99327,1.9932714881763647,6.6067285118236345
gen=48_member=8165_pso,50,baseline_storage,storage,Storage,S,1.0,0.12,0.12,,,,1.0,0.12,35.0845388,35.08459194378328,113.69712114378328,3.24714,3.2471408840658538,5.352859115934146
gen=36_member=6131_pso,50,baseline_storage,storage,Storage,S,1.0,0.12,0.12,,,,1.0,0.12,36.0098272,36.00986073528155,114.62238993528156,3.70849,3.708493410413307,4.891506589586692
gen=32_member=5391_pso,50,baseline_storage,storage,Storage,S,1.0,0.12,0.12,,,,1.0,0.12,33.261589199999996,33.261505768011496,111.8740349680115,2.57343,2.5734339649692104,6.02656603503079
gen=34_member=5740_pso,50,baseline_storage,storage,Storage,S,1.0,0.12,0.12,,,,1.0,0.12,27.0249716,27.025055498234494,105.63758469823449,1.37217,1.3721664215087601,7.227833578491239
gen=35_member=5978_pso,50,baseline_storage,storage,Storage,S,1.0,0.12,0.12,,,,1.0,0.12,35.7979444,35.798046250315835,114.41057545031585,3.60663,3.6066329183701873,4.993367081629812
gen=32_member=5373_pso,50,baseline_storage,storage,Storage,S,1.0,0.12,0.12,,,,1.0,0.12,34.4901084,34.49010839919886,113.10263759919886,2.995,2.995004204654325,5.604995795345674
gen=44_member=7565_pso,50,baseline_storage,storage,Storage,S,1.0,0.12,0.12,,,,1.0,0.12,32.9715036,32.97144846847227,111.58397766847226,2.47831,2.478310881640845,6.121689118359155
gen=45_member=7737_pso,50,baseline_storage,storage,Storage,S,1.0,0.12,0.12,,,,1.0,0.12,36.1261288,36.12613241634489,114.7386616163449,3.75756,3.7575596650694987,4.842440334930501
gen=35_member=6019_pso,50,baseline_storage,storage,Storage,S,1.0,0.12,0.12,,,,1.0,0.12,36.062408,36.06245626130536,114.67498546130537,3.73038,3.7303822104294633,4.869617789570537
gen=46_member=7796_pso,50,baseline_storage,storage,Storage,S,1.0,0.12,0.12,,,,1.0,0.12,35.467532,35.46763029885118,114.08015949885117,3.43824,3.43823893574998,5.16176106425002
gen=47_member=7977_pso,50,baseline_storage,storage,Storage,S,1.0,0.12,0.12,,,,1.0,0.12,35.5069676,35.506986680921436,114.11951588092144,3.45533,3.4553251022415497,5.14467489775845
gen=49_member=8311_pso,50,baseline_storage,storage,Storage,S,1.0,0.12,0.12,,,,1.0,0.12,36.0073764,36.00733726709178,114.61986646709177,3.70558,3.7055758911768053,4.894424108823195
gen=29_member=4851_pso,50,baseline_storage,storage,Storage,S,1.0,0.12,0.12,,,,1.0,0.12,35.2643384,35.264277472776136,113.87680667277613,3.33985,3.339852235813954,5.260147764186046
gen=34_member=5819_pso,50,baseline_storage,storage,Storage,S,1.0,0.12,0.12,,,,1.0,0.12,34.5609588,34.56103873283972,113.17356793283972,3.0224,3.022398591006844,5.577601408993155
gen=38_member=6490_pso,50,baseline_storage,storage,Storage,S,1.0,0.12,0.12,,,,1.0,0.12,36.0697604,36.069858023161345,114.68238722316136,3.73254,3.7325391237239685,4.867460876276031
gen=42_member=7145_pso,50,baseline_storage,storage,Storage,S,1.0,0.12,0.12,,,,1.0,0.12,36.306151199999995,36.30614392385608,114.9186731238561,3.85887,3.858871338058117,4.741128661941882
gen=28_member=4655_pso,50,baseline_storage,storage,Storage,S,1.0,0.12,0.12,,,,1.0,0.12,33.7361532,33.73614280489097,112.34867200489097,2.71633,2.7163349555958534,5.883665044404147
gen=24_member=4008_pso,50,baseline_storage,storage,Storage,S,1.0,0.12,0.12,,,,1.0,0.12,33.7668996,33.76696087691461,112.3794900769146,2.71969,2.7196924545351737,5.8803075454648255
gen=34_member=5732_pso,50,baseline_storage,storage,Storage,S,1.0,0.12,0.12,,,,1.0,0.12,33.7822728,33.7821917262945,112.39472092629453,2.72045,2.7204459363071374,5.879554063692862
gen=40_member=6768_pso,50,baseline_storage,storage,Storage,S,1.0,0.12,0.12,,,,1.0,0.12,36.653050799999995,36.65302211816361,115.26555131816362,4.06357,4.063568704514503,4.536431295485497
gen=44_member=7554_pso,50,baseline_storage,storage,Storage,S,1.0,0.12,0.12,,,,1.0,0.12,33.7114224,33.71131958774986,112.32384878774988,2.69854,2.6985365408908595,5.90146345910914
gen=18_member=3072_pso,50,baseline_storage,storage,Storage,S,1.0,0.12,0.12,,,,1.0,0.12,37.154796399999995,37.15490686727385,115.76743606727385,4.37912,4.379123996722136,4.220876003277864
gen=50_member=8445_pso,50,baseline_storage,storage,Storage,S,1.0,0.12,0.12,,,,1.0,0.12,20.94736636,20.947372107145803,99.55990130714581,1.01547,1.0154703928416016,7.584529607158398
gen=50_member=8506_pso,50,baseline_storage,storage,Storage,S,1.0,0.12,0.12,,,,1.0,0.12,36.1778184,36.17771080932583,114.79024000932583,3.79088,3.7908831835680523,4.809116816431947
gen=50_member=8596_pso,50,baseline_storage,storage,Storage,S,1.0,0.12,0.12,,,,1.0,0.12,31.6560924,31.656131000200023,110.26866020020003,2.13446,2.1344595323964763,6.465540467603523
gen=50_member=8464_pso,50,baseline_storage,storage,Storage,S,1.0,0.12,0.12,,,,1.0,0.12,35.1692028,35.16929619734085,113.78182539734085,3.28738,3.2873772225461146,5.3126227774538854
gen=50_member=8489_pso,50,baseline_storage,storage,Storage,S,1.0,0.12,0.12,,,,1.0,0.12,33.927984,33.928075253726064,112.54060445372608,2.76217,2.7621716131516663,5.837828386848333
gen=50_member=8579_pso,50,baseline_storage,storage,Storage,S,1.0,0.12,0.12,,,,1.0,0.12,35.2674576,35.267503555717184,113.8800327557172,3.34196,3.341960069793125,5.258039930206875
gen=50_member=8474_pso,50,baseline_storage,storage,Storage,S,1.0,0.12,0.12,,,,1.0,0.12,28.369124,28.369120398124426,106.98164959812442,1.54501,1.545008856601091,7.054991143398908
gen=50_member=8555_pso,50,baseline_storage,storage,Storage,S,1.0,0.12,0.12,,,,1.0,0.12,34.7982408,34.798261721440575,113.41079092144058,3.12278,3.122777075087054,5.477222924912946
gen=50_member=8483_pso,50,baseline_storage,storage,Storage,S,1.0,0.12,0.12,,,,1.0,0.12,32.124418,32.12450543561306,110.73703463561304,2.25475,2.254748390424492,6.345251609575508
gen=50_member=8443_pso,50,baseline_storage,storage,Storage,S,1.0,0.12,0.12,,,,1.0,0.12,29.0288348,29.028751720435796,107.64128092043579,1.62866,1.6286550645203905,6.971344935479609
gen=50_member=8469_pso,50,baseline_storage,storage,Storage,S,1.0,0.12,0.12,,,,1.0,0.12,27.342684399999996,27.342638190802248,105.95516739080225,1.39731,1.3973096615726888,7.202690338427311
gen=50_member=8584_pso,50,baseline_storage,storage,Storage,S,1.0,0.12,0.12,,,,1.0,0.12,36.776259200000005,36.77633515260383,115.38886435260383,4.09976,4.0997561143955386,4.500243885604461
gen=50_member=8572_pso,50,baseline_storage,storage,Storage,S,1.0,0.12,0.12,,,,1.0,0.12,35.3808628,35.38077037906462,113.99329957906461,3.38958,3.389579700812769,5.210420299187231
gen=50_member=8550_pso,50,baseline_storage,storage,Storage,S,1.0,0.12,0.12,,,,1.0,0.12,35.4354488,35.43550778076299,114.048036980763,3.41089,3.4108893975704633,5.189110602429537
gen=50_member=8507_pso,50,baseline_storage,storage,Storage,S,1.0,0.12,0.12,,,,1.0,0.12,29.1130532,29.113125122660595,107.72565432266059,1.64928,1.6492785593130492,6.950721440686951
gen=50_member=8467_pso,50,baseline_storage,storage,Storage,S,1.0,0.12,0.12,,,,1.0,0.12,28.4317308,28.431750054504132,107.04427925450413,1.56923,1.5692285694059316,7.0307714305940685
gen=50_member=8487_pso,50,baseline_storage,storage,Storage,S,1.0,0.12,0.12,,,,1.0,0.12,35.5025116,35.50262187067714,114.11515107067714,3.45215,3.4521491223510132,5.147850877648986
152,50,storage_plus_10pct,storage,Storage,S,1.1,0.132,0.12,,,,1.1,0.132,39.0853584,39.0854414587126,117.6979706587126,4.78258,4.552452550769395,4.0475474492306045
gen=36_member=6021_pso,50,storage_plus_10pct,storage,Storage,S,1.1,0.132,0.12,,,,1.1,0.132,15.73043752,15.730428646974957,94.34295784697495,0.811083,0.7436997456171583,7.856300254382841
16,50,storage_plus_10pct,storage,Storage,S,1.1,0.132,0.12,,,,1.1,0.132,38.467534,38.46752870631738,117.08005790631736,4.48927,4.2674610908462105,4.332538909153789
130,50,storage_plus_10pct,storage,Storage,S,1.1,0.132,0.12,,,,1.1,0.132,38.6001,38.60014577795708,117.21267497795709,4.69071,4.464129658132953,4.135870341867046
95,50,storage_plus_10pct,storage,Storage,S,1.1,0.132,0.12,,,,1.1,0.132,38.900657200000005,38.90068138512153,117.51321058512153,4.70127,4.471905840668401,4.1280941593315985
156,50,storage_plus_10pct,storage,Storage,S,1.1,0.132,0.12,,,,1.1,0.132,37.6137644,37.61379239712806,116.22632159712806,4.4265,4.209061869032693,4.390938130967307
gen=47_member=7948_pso,50,storage_plus_10pct,storage,Storage,S,1.1,0.132,0.12,,,,1.1,0.132,28.5299856,28.529932454502454,107.14246165450244,1.5703,1.4570539136236844,7.142946086376315
gen=48_member=8161_pso,50,storage_plus_10pct,storage,Storage,S,1.1,0.132,0.12,,,,1.1,0.132,24.5082228,24.508282368015493,103.1208115680155,1.17026,1.071492344998515,7.5285076550014844
gen=33_member=5661_pso,50,storage_plus_10pct,storage,Storage,S,1.1,0.132,0.12,,,,1.1,0.132,36.8916696,36.89173247767671,115.50426167767671,4.21575,4.004284677297783,4.595715322702216
gen=47_member=7921_pso,50,storage_plus_10pct,storage,Storage,S,1.1,0.132,0.12,,,,1.1,0.132,37.0291372,37.029124549782175,115.6416537497822,4.27101,4.058499165706083,4.541500834293917
gen=40_member=6722_pso,50,storage_plus_10pct,storage,Storage,S,1.1,0.132,0.12,,,,1.1,0.132,29.2066292,29.206608318766545,107.81913751876654,1.65561,1.5385921070326187,7.061407892967381
gen=48_member=8113_pso,50,storage_plus_10pct,storage,Storage,S,1.1,0.132,0.12,,,,1.1,0.132,37.0135412,37.01352492542517,115.62605412542518,4.2324,4.020907830898274,4.579092169101726
gen=48_member=8218_pso,50,storage_plus_10pct,storage,Storage,S,1.1,0.132,0.12,,,,1.1,0.132,36.6236412,36.62363801974855,115.23616721974857,4.03399,3.829793482994452,4.770206517005548
gen=42_member=7058_pso,50,storage_plus_10pct,storage,Storage,S,1.1,0.132,0.12,,,,1.1,0.132,17.825114,17.82511697626178,96.4376461762618,0.864582,0.789039840710862,7.810960159289138
gen=48_member=8245_pso,50,storage_plus_10pct,storage,Storage,S,1.1,0.132,0.12,,,,1.1,0.132,36.87897,36.87888641911074,115.49141561911075,4.17121,3.960615694078767,4.639384305921233
gen=41_member=6922_pso,50,storage_plus_10pct,storage,Storage,S,1.1,0.132,0.12,,,,1.1,0.132,32.1159516,32.11592080418332,110.72845000418333,2.24821,2.1071088156472473,6.492891184352752
gen=41_member=6885_pso,50,storage_plus_10pct,storage,Storage,S,1.1,0.132,0.12,,,,1.1,0.132,16.94815092,16.94814371857778,95.56067291857778,0.828565,0.7578965653399611,7.8421034346600385
gen=37_member=6262_pso,50,storage_plus_10pct,storage,Storage,S,1.1,0.132,0.12,,,,1.1,0.132,25.3729096,25.372800727077287,103.98532992707726,1.2425,1.1417360905398914,7.458263909460108
gen=39_member=6554_pso,50,storage_plus_10pct,storage,Storage,S,1.1,0.132,0.12,,,,1.1,0.132,22.91498,22.91493475179726,101.52746395179726,1.07599,0.9829839905217646,7.617016009478235
gen=44_member=7409_pso,50,storage_plus_10pct,storage,Storage,S,1.1,0.132,0.12,,,,1.1,0.132,29.026161199999997,29.02617500954204,107.63870420954201,1.61819,1.5034556665009893,7.09654433349901
gen=33_member=5597_pso,50,storage_plus_10pct,storage,Storage,S,1.1,0.132,0.12,,,,1.1,0.132,20.425457360000003,20.425447005160812,99.03797620516082,0.993719,0.9104334480772349,7.6895665519227645
gen=35_member=5926_pso,50,storage_plus_10pct,storage,Storage,S,1.1,0.132,0.12,,,,1.1,0.132,28.758578399999998,28.75848621927199,107.371015419272,1.60584,1.491499397782895,7.108500602217105
gen=42_member=7147_pso,50,storage_plus_10pct,storage,Storage,S,1.1,0.132,0.12,,,,1.1,0.132,36.785394,36.78548226240043,115.39801146240043,4.12536,3.9159276493019575,4.684072350698042
gen=47_member=7992_pso,50,storage_plus_10pct,storage,Storage,S,1.1,0.132,0.12,,,,1.1,0.132,37.303181200000004,37.30318347661641,115.91571267661642,4.41535,4.1982466315133875,4.401753368486612
gen=44_member=7479_pso,50,storage_plus_10pct,storage,Storage,S,1.1,0.132,0.12,,,,1.1,0.132,29.72709,29.726992928553695,108.3395221285537,1.7727,1.6500890571959959,6.949910942804004
gen=46_member=7840_pso,50,storage_plus_10pct,storage,Storage,S,1.1,0.132,0.12,,,,1.1,0.132,27.838414399999998,27.838357196260656,106.45088639626066,1.46259,1.3539707467909248,7.246029253209075
gen=36_member=6076_pso,50,storage_plus_10pct,storage,Storage,S,1.1,0.132,0.12,,,,1.1,0.132,37.071692,37.07165394641189,115.6841831464119,4.31441,4.099873113307638,4.500126886692362
gen=39_member=6576_pso,50,storage_plus_10pct,storage,Storage,S,1.1,0.132,0.12,,,,1.1,0.132,24.576845199999998,24.57679423226629,103.18932343226629,1.21064,1.112817662331887,7.487182337668113
gen=46_member=7833_pso,50,storage_plus_10pct,storage,Storage,S,1.1,0.132,0.12,,,,1.1,0.132,30.2738412,30.273822445456965,108.88635164545695,1.83739,1.7120188248330594,6.88798117516694
gen=36_member=6039_pso,50,storage_plus_10pct,storage,Storage,S,1.1,0.132,0.12,,,,1.1,0.132,34.2367848,34.236759922666806,112.84928912266682,2.88658,2.718035442374374,5.881964557625626
gen=45_member=7630_pso,50,storage_plus_10pct,storage,Storage,S,1.1,0.132,0.12,,,,1.1,0.132,20.27341864,20.273425248681576,98.88595444868157,0.964314,0.8804286780408579,7.719571321959142
gen=41_member=7002_pso,50,storage_plus_10pct,storage,Storage,S,1.1,0.132,0.12,,,,1.1,0.132,31.456018,31.456010064777686,110.0685392647777,2.09323,1.957527190478599,6.642472809521401
gen=44_member=7416_pso,50,storage_plus_10pct,storage,Storage,S,1.1,0.132,0.12,,,,1.1,0.132,22.539562,22.53949283051267,101.15202203051267,1.03735,0.9467049306417684,7.653295069358231
gen=48_member=8130_pso,50,storage_plus_10pct,storage,Storage,S,1.1,0.132,0.12,,,,1.1,0.132,30.2965668,30.29664546331896,108.90917466331896,1.8663,1.740186746464788,6.859813253535211
gen=42_member=7150_pso,50,storage_plus_10pct,storage,Storage,S,1.1,0.132,0.12,,,,1.1,0.132,23.0183592,23.018345966531463,101.63087516653145,1.08725,0.9978588366005301,7.6021411633994695
gen=46_member=7861_pso,50,storage_plus_10pct,storage,Storage,S,1.1,0.132,0.12,,,,1.1,0.132,36.5779672,36.57795625745423,115.19048545745423,4.0076,3.801521951384314,4.798478048615685
gen=47_member=8013_pso,50,storage_plus_10pct,storage,Storage,S,1.1,0.132,0.12,,,,1.1,0.132,24.1898416,24.189885878306495,102.80241507830647,1.14776,1.052016720372235,7.547983279627765
gen=34_member=5833_pso,50,storage_plus_10pct,storage,Storage,S,1.1,0.132,0.12,,,,1.1,0.132,37.0554276,37.05546674905064,115.66799594905063,4.29346,4.079898713427186,4.520101286572814
gen=29_member=4835_pso,50,storage_plus_10pct,storage,Storage,S,1.1,0.132,0.12,,,,1.1,0.132,31.1628132,31.16289112554577,109.77542032554577,2.02499,1.8912700485370602,6.7087299514629395
gen=43_member=7309_pso,50,storage_plus_10pct,storage,Storage,S,1.1,0.132,0.12,,,,1.1,0.132,28.36244,28.362383210764136,106.97491241076413,1.53641,1.4251702468526195,7.17482975314738
gen=42_member=7162_pso,50,storage_plus_10pct,storage,Storage,S,1.1,0.132,0.12,,,,1.1,0.132,34.2657488,34.265693983561704,112.87822318356172,2.92099,2.751903344250478,5.848096655749522
gen=43_member=7394_pso,50,storage_plus_10pct,storage,Storage,S,1.1,0.132,0.12,,,,1.1,0.132,29.6994628,29.69937939750987,108.31190859750988,1.74092,1.6199798364324143,6.980020163567586
gen=47_member=7994_pso,50,storage_plus_10pct,storage,Storage,S,1.1,0.132,0.12,,,,1.1,0.132,27.7078536,27.707961235794844,106.32049043579485,1.42551,1.3179537452783299,7.28204625472167
gen=48_member=8212_pso,50,storage_plus_10pct,storage,Storage,S,1.1,0.132,0.12,,,,1.1,0.132,25.5088176,25.50891213870453,104.12144133870451,1.2664,1.1652946889059714,7.434705311094028
gen=34_member=5718_pso,50,storage_plus_10pct,storage,Storage,S,1.1,0.132,0.12,,,,1.1,0.132,19.217970479999998,19.217975104740983,97.83050430474097,0.92753,0.8522371964969535,7.747762803503046
gen=40_member=6749_pso,50,storage_plus_10pct,storage,Storage,S,1.1,0.132,0.12,,,,1.1,0.132,32.0337384,32.033822459218676,110.64635165921867,2.22633,2.0851883744832467,6.514811625516753
gen=45_member=7712_pso,50,storage_plus_10pct,storage,Storage,S,1.1,0.132,0.12,,,,1.1,0.132,31.9644476,31.96441941761888,110.57694861761888,2.20694,2.0666330766978804,6.533366923302119
gen=49_member=8286_pso,50,storage_plus_10pct,storage,Storage,S,1.1,0.132,0.12,,,,1.1,0.132,31.885799199999997,31.88574680923485,110.49827600923484,2.18552,2.0458032560275528,6.554196743972447
gen=47_member=7987_pso,50,storage_plus_10pct,storage,Storage,S,1.1,0.132,0.12,,,,1.1,0.132,32.3378604,32.3379503115816,110.95047951158162,2.30822,2.1643110516210236,6.435688948378976
gen=42_member=7104_pso,50,storage_plus_10pct,storage,Storage,S,1.1,0.132,0.12,,,,1.1,0.132,37.1305112,37.1305477391165,115.7430769391165,4.35228,4.1368467018951725,4.463153298104827
gen=44_member=7536_pso,50,storage_plus_10pct,storage,Storage,S,1.1,0.132,0.12,,,,1.1,0.132,23.466855600000002,23.46684587614881,102.0793750761488,1.11985,1.0276685371786767,7.572331462821323
gen=38_member=6480_pso,50,storage_plus_10pct,storage,Storage,S,1.1,0.132,0.12,,,,1.1,0.132,31.4072248,31.407133065935877,110.01966226593586,2.07448,1.9377892353325197,6.6622107646674795
gen=43_member=7269_pso,50,storage_plus_10pct,storage,Storage,S,1.1,0.132,0.12,,,,1.1,0.132,36.833296,36.83339971387087,115.44592891387086,4.14372,3.9339552536146436,4.6660447463853565
gen=35_member=5948_pso,50,storage_plus_10pct,storage,Storage,S,1.1,0.132,0.12,,,,1.1,0.132,37.07392,37.07384621264411,115.68637541264411,4.33924,4.124137934369459,4.47586206563054
gen=29_member=4871_pso,50,storage_plus_10pct,storage,Storage,S,1.1,0.132,0.12,,,,1.1,0.132,17.843495,17.843497187733753,96.45602638773376,0.881544,0.8079405098064956,7.792059490193504
gen=36_member=6031_pso,50,storage_plus_10pct,storage,Storage,S,1.1,0.132,0.12,,,,1.1,0.132,31.3383796,31.338390787551674,109.95091998755169,2.05415,1.9187786755513954,6.681221324448604
gen=39_member=6689_pso,50,storage_plus_10pct,storage,Storage,S,1.1,0.132,0.12,,,,1.1,0.132,29.4165068,29.416418185838467,108.02894738583845,1.67871,1.5607367088429405,7.039263291157059
gen=46_member=7811_pso,50,storage_plus_10pct,storage,Storage,S,1.1,0.132,0.12,,,,1.1,0.132,30.8479968,30.84800808580873,109.46053728580873,1.95962,1.8287031954420432,6.771296804557957
gen=36_member=6150_pso,50,storage_plus_10pct,storage,Storage,S,1.1,0.132,0.12,,,,1.1,0.132,29.510305600000002,29.510270949002532,108.12280014900254,1.71536,1.5955900195564865,7.004409980443513
gen=28_member=4698_pso,50,storage_plus_10pct,storage,Storage,S,1.1,0.132,0.12,,,,1.1,0.132,19.62453592,19.62453473077234,98.23706393077234,0.948853,0.867349852219885,7.732650147780115
gen=45_member=7580_pso,50,storage_plus_10pct,storage,Storage,S,1.1,0.132,0.12,,,,1.1,0.132,29.4198488,29.41977376399195,108.03230296399194,1.6928,1.5744022016640997,7.0255977983359
gen=37_member=6318_pso,50,storage_plus_10pct,storage,Storage,S,1.1,0.132,0.12,,,,1.1,0.132,36.3585092,36.35850397821222,114.97103317821221,3.89263,3.691975034365098,4.908024965634901
gen=39_member=6634_pso,50,storage_plus_10pct,storage,Storage,S,1.1,0.132,0.12,,,,1.1,0.132,37.24659,37.24656995207669,115.8590991520767,4.3792,4.162977962037059,4.437022037962941
gen=46_member=7788_pso,50,storage_plus_10pct,storage,Storage,S,1.1,0.132,0.12,,,,1.1,0.132,32.533256,32.533172613400616,111.1457018134006,2.35444,2.207676908646109,6.392323091353891
gen=46_member=7881_pso,50,storage_plus_10pct,storage,Storage,S,1.1,0.132,0.12,,,,1.1,0.132,27.1929628,27.192862415219388,105.80539161521938,1.37653,1.2686372931866527,7.331362706813347
gen=27_member=4566_pso,50,storage_plus_10pct,storage,Storage,S,1.1,0.132,0.12,,,,1.1,0.132,34.2026964,34.20265674649548,112.8151859464955,2.87573,2.7060732355117474,5.893926764488253
gen=39_member=6698_pso,50,storage_plus_10pct,storage,Storage,S,1.1,0.132,0.12,,,,1.1,0.132,33.52026,33.52015097310551,112.13268017310553,2.6497,2.4908199076638344,6.109180092336166
gen=41_member=6986_pso,50,storage_plus_10pct,storage,Storage,S,1.1,0.132,0.12,,,,1.1,0.132,35.7676436,35.767651554973604,114.38018075497361,3.58673,3.3917421804706445,5.208257819529355
gen=41_member=6973_pso,50,storage_plus_10pct,storage,Storage,S,1.1,0.132,0.12,,,,1.1,0.132,35.1593996,35.15947657236159,113.77200577236158,3.28388,3.097893326830751,5.502106673169249
gen=27_member=4568_pso,50,storage_plus_10pct,storage,Storage,S,1.1,0.132,0.12,,,,1.1,0.132,32.5586552,32.558684654753776,111.17121385475377,2.37042,2.224085074154524,6.375914925845476
gen=37_member=6357_pso,50,storage_plus_10pct,storage,Storage,S,1.1,0.132,0.12,,,,1.1,0.132,32.625718,32.62572860768373,111.23825780768374,2.3887,2.240379385118379,6.359620614881621
gen=47_member=8006_pso,50,storage_plus_10pct,storage,Storage,S,1.1,0.132,0.12,,,,1.1,0.132,36.7613316,36.761407828424296,115.37393702842431,4.09604,3.8899178538472547,4.710082146152745
gen=41_member=6898_pso,50,storage_plus_10pct,storage,Storage,S,1.1,0.132,0.12,,,,1.1,0.132,31.489438,31.489447863162184,110.10197706316218,2.11934,1.9817428591771145,6.618257140822886
gen=39_member=6668_pso,50,storage_plus_10pct,storage,Storage,S,1.1,0.132,0.12,,,,1.1,0.132,33.933108399999995,33.933030846740984,112.545560046741,2.77099,2.6069293811222236,5.993070618877776
gen=48_member=8200_pso,50,storage_plus_10pct,storage,Storage,S,1.1,0.132,0.12,,,,1.1,0.132,34.8907028,34.89080581472363,113.50333501472363,3.16725,2.9859878823167745,5.614012117683226
gen=32_member=5452_pso,50,storage_plus_10pct,storage,Storage,S,1.1,0.132,0.12,,,,1.1,0.132,34.8474796,34.84753054005696,113.46005974005696,3.14182,2.9624583182048645,5.637541681795135
gen=44_member=7522_pso,50,storage_plus_10pct,storage,Storage,S,1.1,0.132,0.12,,,,1.1,0.132,33.1631116,33.16311565476033,111.77564485476033,2.53937,2.385549557091809,6.214450442908191
gen=45_member=7699_pso,50,storage_plus_10pct,storage,Storage,S,1.1,0.132,0.12,,,,1.1,0.132,25.6714616,25.671464649350018,104.28399384935003,1.28466,1.1849560346243573,7.415043965375642
gen=38_member=6478_pso,50,storage_plus_10pct,storage,Storage,S,1.1,0.132,0.12,,,,1.1,0.132,35.2785976,35.27857906393331,113.8911082639333,3.35376,3.165319506384053,5.4346804936159465
gen=48_member=8105_pso,50,storage_plus_10pct,storage,Storage,S,1.1,0.132,0.12,,,,1.1,0.132,36.5527908,36.55273076856624,115.16525996856623,3.9902,3.7864066384179442,4.813593361582056
gen=47_member=7995_pso,50,storage_plus_10pct,storage,Storage,S,1.1,0.132,0.12,,,,1.1,0.132,36.497536399999994,36.49744644974915,115.10997564974916,3.97511,3.7692454235130657,4.8307545764869335
gen=38_member=6507_pso,50,storage_plus_10pct,storage,Storage,S,1.1,0.132,0.12,,,,1.1,0.132,36.2430988,36.243072285057984,114.85560148505799,3.82686,3.627666672323914,4.972333327676086
gen=47_member=8017_pso,50,storage_plus_10pct,storage,Storage,S,1.1,0.132,0.12,,,,1.1,0.132,26.3334004,26.33332130996634,104.94585050996633,1.31111,1.2080239931641554,7.391976006835844
gen=28_member=4806_pso,50,storage_plus_10pct,storage,Storage,S,1.1,0.132,0.12,,,,1.1,0.132,36.335338,36.335363024535646,114.94789222453565,3.87574,3.6755144806519517,4.924485519348048
gen=33_member=5559_pso,50,storage_plus_10pct,storage,Storage,S,1.1,0.132,0.12,,,,1.1,0.132,32.1440244,32.1440689013816,110.7565981013816,2.27771,2.1332867431447124,6.466713256855288
gen=28_member=4728_pso,50,storage_plus_10pct,storage,Storage,S,1.1,0.132,0.12,,,,1.1,0.132,25.063886,25.063855919912235,103.67638511991223,1.21593,1.1171749757886487,7.482825024211351
gen=30_member=4999_pso,50,storage_plus_10pct,storage,Storage,S,1.1,0.132,0.12,,,,1.1,0.132,33.9879172,33.98794532305361,112.60047452305362,2.78942,2.62282730589955,5.9771726941004495
gen=47_member=7949_pso,50,storage_plus_10pct,storage,Storage,S,1.1,0.132,0.12,,,,1.1,0.132,31.069014399999997,31.068968509771572,109.68149770977158,1.99378,1.8612908707730944,6.738709129226905
gen=37_member=6216_pso,50,storage_plus_10pct,storage,Storage,S,1.1,0.132,0.12,,,,1.1,0.132,34.7610332,34.76111558406628,113.37364478406629,3.104,2.9271031424433875,5.672896857556612
gen=35_member=5892_pso,50,storage_plus_10pct,storage,Storage,S,1.1,0.132,0.12,,,,1.1,0.132,33.624976,33.6250096550061,112.23753885500611,2.6693,2.509504089138853,6.090495910861147
gen=47_member=7933_pso,50,storage_plus_10pct,storage,Storage,S,1.1,0.132,0.12,,,,1.1,0.132,26.4996092,26.49956968298791,105.11209888298791,1.3367,1.232601923929575,7.367398076070424
gen=42_member=7127_pso,50,storage_plus_10pct,storage,Storage,S,1.1,0.132,0.12,,,,1.1,0.132,33.1831636,33.183068642146345,111.79559784214636,2.56094,2.4056209642281767,6.1943790357718225
gen=46_member=7815_pso,50,storage_plus_10pct,storage,Storage,S,1.1,0.132,0.12,,,,1.1,0.132,30.2096748,30.209600453547942,108.82212965354798,1.82093,1.6964291388108002,6.903570861189199
gen=41_member=6988_pso,50,storage_plus_10pct,storage,Storage,S,1.1,0.132,0.12,,,,1.1,0.132,27.9351096,27.935094147883344,106.54762334788336,1.48478,1.375074005080524,7.2249259949194755
gen=39_member=6630_pso,50,storage_plus_10pct,storage,Storage,S,1.1,0.132,0.12,,,,1.1,0.132,32.2866164,32.28667995166453,110.89920915166454,2.28023,2.1379263246064055,6.462073675393594
gen=46_member=7750_pso,50,storage_plus_10pct,storage,Storage,S,1.1,0.132,0.12,,,,1.1,0.132,33.3573932,33.35737322320111,111.9699024232011,2.61481,2.4554670069145335,6.144532993085466
gen=47_member=8066_pso,50,storage_plus_10pct,storage,Storage,S,1.1,0.132,0.12,,,,1.1,0.132,36.1452896,36.14526258672567,114.75779178672568,3.76811,3.570124924689792,5.0298750753102075
gen=49_member=8375_pso,50,storage_plus_10pct,storage,Storage,S,1.1,0.132,0.12,,,,1.1,0.132,33.014504,33.01442462041577,111.62695382041578,2.48535,2.3338756910011855,6.266124308998814
gen=48_member=8129_pso,50,storage_plus_10pct,storage,Storage,S,1.1,0.132,0.12,,,,1.1,0.132,36.633444399999995,36.63353389800296,115.24606309800296,4.0627,3.857526241158707,4.742473758841292
gen=39_member=6585_pso,50,storage_plus_10pct,storage,Storage,S,1.1,0.132,0.12,,,,1.1,0.132,34.7828676,34.78292178056862,113.39545098056861,3.109,2.9322715216876882,5.667728478312311
gen=47_member=8011_pso,50,storage_plus_10pct,storage,Storage,S,1.1,0.132,0.12,,,,1.1,0.132,35.1213008,35.12122980345115,113.73375900345114,3.26403,3.0792908073338316,5.5207091926661676
gen=40_member=6726_pso,50,storage_plus_10pct,storage,Storage,S,1.1,0.132,0.12,,,,1.1,0.132,31.242575600000002,31.242517549639818,109.85504674963983,2.03707,1.9026521553061355,6.697347844693864
gen=44_member=7543_pso,50,storage_plus_10pct,storage,Storage,S,1.1,0.132,0.12,,,,1.1,0.132,35.1870268,35.18705597340057,113.79958517340057,3.29833,3.111916954080497,5.4880830459195025
gen=43_member=7287_pso,50,storage_plus_10pct,storage,Storage,S,1.1,0.132,0.12,,,,1.1,0.132,33.646587600000004,33.64656535247972,112.25909455247972,2.68124,2.5211140259947205,6.07888597400528
gen=41_member=6982_pso,50,storage_plus_10pct,storage,Storage,S,1.1,0.132,0.12,,,,1.1,0.132,36.2787468,36.278668778733376,114.89119797873339,3.84028,3.6396800167041903,4.960319983295809
gen=33_member=5577_pso,50,storage_plus_10pct,storage,Storage,S,1.1,0.132,0.12,,,,1.1,0.132,34.0012852,34.00137781832889,112.6139070183289,2.80281,2.634523589530088,5.965476410469911
gen=48_member=8183_pso,50,storage_plus_10pct,storage,Storage,S,1.1,0.132,0.12,,,,1.1,0.132,34.7057788,34.70587203703935,113.31840123703935,3.0773,2.9021735028232105,5.69782649717679
gen=48_member=8234_pso,50,storage_plus_10pct,storage,Storage,S,1.1,0.132,0.12,,,,1.1,0.132,23.7818948,23.781937390842728,102.39446659084273,1.1268,1.0343904612927382,7.565609538707261
gen=42_member=7080_pso,50,storage_plus_10pct,storage,Storage,S,1.1,0.132,0.12,,,,1.1,0.132,35.2182188,35.21819334968434,113.83072254968432,3.313,3.126084175356335,5.473915824643665
gen=47_member=8007_pso,50,storage_plus_10pct,storage,Storage,S,1.1,0.132,0.12,,,,1.1,0.132,34.1347424,34.13470291303967,112.74723211303967,2.85212,2.6813995060334417,5.918600493966558
gen=35_member=5961_pso,50,storage_plus_10pct,storage,Storage,S,1.1,0.132,0.12,,,,1.1,0.132,36.8771876,36.87726444522587,115.48979364522586,4.16397,3.955240004293311,4.644759995706689
gen=31_member=5281_pso,50,storage_plus_10pct,storage,Storage,S,1.1,0.132,0.12,,,,1.1,0.132,33.1156552,33.11569694121411,111.72822614121412,2.52766,2.374234908176846,6.2257650918231535
gen=44_member=7417_pso,50,storage_plus_10pct,storage,Storage,S,1.1,0.132,0.12,,,,1.1,0.132,28.040048399999996,28.04007293817745,106.65260213817746,1.50233,1.3929432839264337,7.207056716073566
gen=32_member=5429_pso,50,storage_plus_10pct,storage,Storage,S,1.1,0.132,0.12,,,,1.1,0.132,36.214580399999996,36.214597535229515,114.82712673522953,3.8078,3.6083358762129,4.9916641237871
gen=37_member=6347_pso,50,storage_plus_10pct,storage,Storage,S,1.1,0.132,0.12,,,,1.1,0.132,35.6629276,35.66303769617801,114.275566896178,3.52921,3.33622036106001,5.26377963893999
gen=42_member=7094_pso,50,storage_plus_10pct,storage,Storage,S,1.1,0.132,0.12,,,,1.1,0.132,32.7239728,32.72396444274264,111.33649364274265,2.40462,2.2568619228564186,6.343138077143581
gen=45_member=7577_pso,50,storage_plus_10pct,storage,Storage,S,1.1,0.132,0.12,,,,1.1,0.132,33.348481199999995,33.348578128286576,111.96110732828657,2.59343,2.4370423256561824,6.162957674343817
gen=38_member=6402_pso,50,storage_plus_10pct,storage,Storage,S,1.1,0.132,0.12,,,,1.1,0.132,30.511791600000002,30.51186014513365,109.12438934513365,1.8927,1.7647017176728577,6.835298282327142
gen=31_member=5196_pso,50,storage_plus_10pct,storage,Storage,S,1.1,0.132,0.12,,,,1.1,0.132,37.154128,37.154036317385696,115.76656551738569,4.37901,4.163175104843428,4.436824895156572
gen=41_member=6995_pso,50,storage_plus_10pct,storage,Storage,S,1.1,0.132,0.12,,,,1.1,0.132,33.0581728,33.05810757863159,111.6706367786316,2.50823,2.3558179258059577,6.2441820741940415
gen=39_member=6611_pso,50,storage_plus_10pct,storage,Storage,S,1.1,0.132,0.12,,,,1.1,0.132,35.8961992,35.89623286365389,114.5087620636539,3.66312,3.467968001663231,5.132031998336769
gen=49_member=8310_pso,50,storage_plus_10pct,storage,Storage,S,1.1,0.132,0.12,,,,1.1,0.132,30.436708,30.43676948862573,109.04929868862573,1.88142,1.7534218354165425,6.846578164583457
gen=41_member=6917_pso,50,storage_plus_10pct,storage,Storage,S,1.1,0.132,0.12,,,,1.1,0.132,30.7027312,30.7026693264571,109.3151985264571,1.93448,1.8048939720607056,6.795106027939294
gen=42_member=7156_pso,50,storage_plus_10pct,storage,Storage,S,1.1,0.132,0.12,,,,1.1,0.132,30.610492,30.610510708305725,109.22303990830572,1.91823,1.7891775795636709,6.810822420436329
gen=29_member=4898_pso,50,storage_plus_10pct,storage,Storage,S,1.1,0.132,0.12,,,,1.1,0.132,35.9271684,35.92717187396659,114.5397010739666,3.68037,3.4810427288580192,5.11895727114198
gen=47_member=7961_pso,50,storage_plus_10pct,storage,Storage,S,1.1,0.132,0.12,,,,1.1,0.132,32.81844,32.81846706326812,111.43099626326813,2.42627,2.277233077477927,6.322766922522073
gen=31_member=5213_pso,50,storage_plus_10pct,storage,Storage,S,1.1,0.132,0.12,,,,1.1,0.132,34.374698,34.37459988167344,112.98712908167344,2.94698,2.7774571882059864,5.822542811794014
gen=33_member=5529_pso,50,storage_plus_10pct,storage,Storage,S,1.1,0.132,0.12,,,,1.1,0.132,18.329822840000002,18.32982475749499,96.94235395749497,0.902294,0.8268533889608237,7.773146611039176
gen=41_member=6902_pso,50,storage_plus_10pct,storage,Storage,S,1.1,0.132,0.12,,,,1.1,0.132,29.628389600000002,29.628353465378915,108.24088266537892,1.72975,1.6092953603273523,6.990704639672647
gen=43_member=7373_pso,50,storage_plus_10pct,storage,Storage,S,1.1,0.132,0.12,,,,1.1,0.132,30.566823199999998,30.566917442941545,109.17944664294156,1.90841,1.779607316767502,6.820392683232498
gen=43_member=7354_pso,50,storage_plus_10pct,storage,Storage,S,1.1,0.132,0.12,,,,1.1,0.132,36.3656388,36.365559376347385,114.97808857634739,3.91205,3.7100040047778866,4.8899959952221135
gen=48_member=8255_pso,50,storage_plus_10pct,storage,Storage,S,1.1,0.132,0.12,,,,1.1,0.132,18.692073360000002,18.692080334260165,97.30460953426017,0.907206,0.831534051922553,7.768465948077447
gen=38_member=6443_pso,50,storage_plus_10pct,storage,Storage,S,1.1,0.132,0.12,,,,1.1,0.132,31.6712428,31.67115470758055,110.28368390758054,2.14746,2.00959983963363,6.59040016036637
gen=47_member=7988_pso,50,storage_plus_10pct,storage,Storage,S,1.1,0.132,0.12,,,,1.1,0.132,30.769794,30.769795007202468,109.38232420720249,1.94462,1.814310488234429,6.785689511765571
gen=37_member=6360_pso,50,storage_plus_10pct,storage,Storage,S,1.1,0.132,0.12,,,,1.1,0.132,28.05609,28.056013799679008,106.668542999679,1.51193,1.3996829991300646,7.200317000869935
gen=48_member=8171_pso,50,storage_plus_10pct,storage,Storage,S,1.1,0.132,0.12,,,,1.1,0.132,34.994082,34.99403631605541,113.60656551605543,3.20978,3.0269142222817593,5.573085777718241
gen=45_member=7732_pso,50,storage_plus_10pct,storage,Storage,S,1.1,0.132,0.12,,,,1.1,0.132,28.232101999999998,28.232171596528566,106.84470079652857,1.52704,1.416134991904503,7.183865008095497
gen=35_member=5956_pso,50,storage_plus_10pct,storage,Storage,S,1.1,0.132,0.12,,,,1.1,0.132,34.0774828,34.07740547464268,112.6899346746427,2.82984,2.6595027026326283,5.940497297367371
gen=45_member=7623_pso,50,storage_plus_10pct,storage,Storage,S,1.1,0.132,0.12,,,,1.1,0.132,26.867897600000003,26.867886619436277,105.48041581943627,1.35875,1.252373487584908,7.347626512415092
gen=34_member=5765_pso,50,storage_plus_10pct,storage,Storage,S,1.1,0.132,0.12,,,,1.1,0.132,30.9233032,30.92338623359191,109.5359154335919,1.98173,1.850002153044391,6.749997846955608
gen=38_member=6501_pso,50,storage_plus_10pct,storage,Storage,S,1.1,0.132,0.12,,,,1.1,0.132,32.3964568,32.396349530682755,111.00887873068277,2.32041,2.1755015556494284,6.424498444350571
gen=48_member=8203_pso,50,storage_plus_10pct,storage,Storage,S,1.1,0.132,0.12,,,,1.1,0.132,32.4539392,32.453841272609736,111.06637047260975,2.33521,2.19007369014825,6.40992630985175
gen=47_member=7974_pso,50,storage_plus_10pct,storage,Storage,S,1.1,0.132,0.12,,,,1.1,0.132,35.0424296,35.04236881028093,113.65489801028093,3.23167,3.047715411029194,5.552284588970806
gen=42_member=7123_pso,50,storage_plus_10pct,storage,Storage,S,1.1,0.132,0.12,,,,1.1,0.132,34.3967552,34.396745119239434,113.00927431923942,2.95964,2.7908955279790058,5.809104472020994
gen=30_member=5110_pso,50,storage_plus_10pct,storage,Storage,S,1.1,0.132,0.12,,,,1.1,0.132,36.395271199999996,36.39534938259375,115.00787858259373,3.93251,3.7304238228218276,4.869576177178172
gen=40_member=6879_pso,50,storage_plus_10pct,storage,Storage,S,1.1,0.132,0.12,,,,1.1,0.132,35.52546,35.52547804840835,114.13800724840836,3.47595,3.283182351449143,5.316817648550856
gen=31_member=5217_pso,50,storage_plus_10pct,storage,Storage,S,1.1,0.132,0.12,,,,1.1,0.132,36.452308,36.4522647735805,115.0647939735805,3.94088,3.736904156656549,4.863095843343451
gen=42_member=7215_pso,50,storage_plus_10pct,storage,Storage,S,1.1,0.132,0.12,,,,1.1,0.132,34.9225632,34.92253563470857,113.53506483470858,3.17583,2.9952648649963036,5.604735135003696
gen=37_member=6211_pso,50,storage_plus_10pct,storage,Storage,S,1.1,0.132,0.12,,,,1.1,0.132,20.656456399999996,20.656455308041814,99.26898450804181,1.01369,0.9304787780102175,7.669521221989783
gen=40_member=6803_pso,50,storage_plus_10pct,storage,Storage,S,1.1,0.132,0.12,,,,1.1,0.132,33.8223768,33.822321012801254,112.43485021280125,2.72359,2.5613725559364022,6.038627444063597
gen=30_member=5155_pso,50,storage_plus_10pct,storage,Storage,S,1.1,0.132,0.12,,,,1.1,0.132,34.1209288,34.12094915647915,112.73347835647915,2.84803,2.682352967679705,5.9176470323202945
gen=32_member=5405_pso,50,storage_plus_10pct,storage,Storage,S,1.1,0.132,0.12,,,,1.1,0.132,27.866487199999998,27.866536503306772,106.47906570330677,1.47179,1.3616194854558348,7.238380514544165
gen=37_member=6224_pso,50,storage_plus_10pct,storage,Storage,S,1.1,0.132,0.12,,,,1.1,0.132,35.2442864,35.24434680969291,113.85687600969291,3.32624,3.1388083697055507,5.461191630294449
gen=36_member=6188_pso,50,storage_plus_10pct,storage,Storage,S,1.1,0.132,0.12,,,,1.1,0.132,26.545060399999997,26.54503702240775,105.15756622240775,1.34227,1.2387380706506956,7.361261929349304
gen=44_member=7508_pso,50,storage_plus_10pct,storage,Storage,S,1.1,0.132,0.12,,,,1.1,0.132,35.030844,35.030748929325185,113.64327812932517,3.22133,3.0378635298612333,5.562136470138766
gen=48_member=8233_pso,50,storage_plus_10pct,storage,Storage,S,1.1,0.132,0.12,,,,1.1,0.132,34.676369199999996,34.67641402474263,113.28894322474264,3.06245,2.8879892586994362,5.712010741300563
gen=27_member=4602_pso,50,storage_plus_10pct,storage,Storage,S,1.1,0.132,0.12,,,,1.1,0.132,31.533998,31.534063129350688,110.1465923293507,2.12737,1.9887016621723084,6.611298337827691
gen=34_member=5714_pso,50,storage_plus_10pct,storage,Storage,S,1.1,0.132,0.12,,,,1.1,0.132,35.2895148,35.289422752427136,113.90195195242715,3.37452,3.1939526292646603,5.406047370735339
gen=33_member=5592_pso,50,storage_plus_10pct,storage,Storage,S,1.1,0.132,0.12,,,,1.1,0.132,32.9057776,32.90581117439859,111.5183403743986,2.46009,2.3098857478416583,6.290114252158341
gen=46_member=7897_pso,50,storage_plus_10pct,storage,Storage,S,1.1,0.132,0.12,,,,1.1,0.132,34.6601048,34.66001472979494,113.27254392979495,3.05438,2.880990743900134,5.7190092560998655
gen=44_member=7516_pso,50,storage_plus_10pct,storage,Storage,S,1.1,0.132,0.12,,,,1.1,0.132,36.109196,36.10912532430648,114.72165452430647,3.75377,3.556328198976352,5.043671801023647
gen=47_member=8023_pso,50,storage_plus_10pct,storage,Storage,S,1.1,0.132,0.12,,,,1.1,0.132,36.075776,36.0756878960716,114.68821709607163,3.73629,3.539447356413693,5.060552643586307
gen=43_member=7367_pso,50,storage_plus_10pct,storage,Storage,S,1.1,0.132,0.12,,,,1.1,0.132,35.8665668,35.86655852747779,114.47908772747779,3.64645,3.4497691496617056,5.1502308503382945
gen=41_member=6969_pso,50,storage_plus_10pct,storage,Storage,S,1.1,0.132,0.12,,,,1.1,0.132,34.0139848,34.01408910075473,112.62661830075474,2.81773,2.6480630935246983,5.951936906475302
gen=34_member=5825_pso,50,storage_plus_10pct,storage,Storage,S,1.1,0.132,0.12,,,,1.1,0.132,21.687307439999998,21.6872977704652,100.29982697046519,1.03166,0.9453580771205146,7.654641922879485
gen=40_member=6799_pso,50,storage_plus_10pct,storage,Storage,S,1.1,0.132,0.12,,,,1.1,0.132,34.952641199999995,34.952751930942966,113.56528113094296,3.18988,3.0078942108075513,5.592105789192448
gen=36_member=6120_pso,50,storage_plus_10pct,storage,Storage,S,1.1,0.132,0.12,,,,1.1,0.132,35.9581376,35.95802982865704,114.57055902865704,3.68918,3.4936691618532594,5.10633083814674
gen=43_member=7295_pso,50,storage_plus_10pct,storage,Storage,S,1.1,0.132,0.12,,,,1.1,0.132,35.5167708,35.51686845465705,114.12939765465704,3.46262,3.2727023910926154,5.327297608907385
gen=37_member=6202_pso,50,storage_plus_10pct,storage,Storage,S,1.1,0.132,0.12,,,,1.1,0.132,29.765634399999996,29.765572548609313,108.37810174860931,1.7877,1.6648125792887454,6.935187420711254
gen=41_member=6991_pso,50,storage_plus_10pct,storage,Storage,S,1.1,0.132,0.12,,,,1.1,0.132,36.3934888,36.393381324833584,115.00591052483358,3.91812,3.714567799621067,4.885432200378933
gen=34_member=5786_pso,50,storage_plus_10pct,storage,Storage,S,1.1,0.132,0.12,,,,1.1,0.132,35.6983528,35.69845644451818,114.31098564451818,3.5556,3.361292110468412,5.238707889531588
gen=46_member=7820_pso,50,storage_plus_10pct,storage,Storage,S,1.1,0.132,0.12,,,,1.1,0.132,35.8603284,35.860377441964175,114.47290664196417,3.63264,3.437537399209398,5.162462600790602
gen=49_member=8399_pso,50,storage_plus_10pct,storage,Storage,S,1.1,0.132,0.12,,,,1.1,0.132,35.851862,35.85181623963164,114.46434543963164,3.62622,3.4313221218693224,5.168677878130677
gen=34_member=5808_pso,50,storage_plus_10pct,storage,Storage,S,1.1,0.132,0.12,,,,1.1,0.132,36.496199600000004,36.496093279758526,115.10862247975852,3.95771,3.755387207874448,4.8446127921255515
gen=43_member=7329_pso,50,storage_plus_10pct,storage,Storage,S,1.1,0.132,0.12,,,,1.1,0.132,34.9811596,34.981147257172495,113.59367645717249,3.19666,3.014348013435578,5.585651986564422
gen=42_member=7088_pso,50,storage_plus_10pct,storage,Storage,S,1.1,0.132,0.12,,,,1.1,0.132,35.7903692,35.79047148072272,114.40300068072271,3.60323,3.4083747076931123,5.191625292306887
gen=45_member=7708_pso,50,storage_plus_10pct,storage,Storage,S,1.1,0.132,0.12,,,,1.1,0.132,33.8571336,33.85718549462576,112.46971469462578,2.7429,2.579287592408726,6.020712407591274
gen=32_member=5495_pso,50,storage_plus_10pct,storage,Storage,S,1.1,0.132,0.12,,,,1.1,0.132,25.922334399999997,25.92224315458362,104.53477235458361,1.29931,1.1965582943547102,7.40344170564529
gen=41_member=6992_pso,50,storage_plus_10pct,storage,Storage,S,1.1,0.132,0.12,,,,1.1,0.132,35.8253488,35.82539989519937,114.43792909519937,3.61253,3.4181027126190298,5.18189728738097
gen=44_member=7474_pso,50,storage_plus_10pct,storage,Storage,S,1.1,0.132,0.12,,,,1.1,0.132,35.6065592,35.60659604089044,114.21912524089045,3.50006,3.3072445295355117,5.292755470464488
gen=38_member=6529_pso,50,storage_plus_10pct,storage,Storage,S,1.1,0.132,0.12,,,,1.1,0.132,34.6110888,34.611036113818564,113.22356531381857,3.04111,2.8683131719712547,5.731686828028745
gen=38_member=6418_pso,50,storage_plus_10pct,storage,Storage,S,1.1,0.132,0.12,,,,1.1,0.132,34.4430976,34.443010318174956,113.05553951817497,2.97833,2.80870369893654,5.7912963010634595
gen=42_member=7193_pso,50,storage_plus_10pct,storage,Storage,S,1.1,0.132,0.12,,,,1.1,0.132,33.445622,33.44556490244684,112.05809410244683,2.62386,2.465733573657664,6.134266426342336
gen=40_member=6846_pso,50,storage_plus_10pct,storage,Storage,S,1.1,0.132,0.12,,,,1.1,0.132,33.0759968,33.07610629167887,111.68863549167887,2.5122,2.3587857577269213,6.241214242273078
gen=42_member=7137_pso,50,storage_plus_10pct,storage,Storage,S,1.1,0.132,0.12,,,,1.1,0.132,31.799798399999997,31.799870105395673,110.41239930539568,2.16651,2.0270434038654987,6.572956596134501
gen=41_member=6951_pso,50,storage_plus_10pct,storage,Storage,S,1.1,0.132,0.12,,,,1.1,0.132,31.7882128,31.788273688982024,110.40080288898203,2.16614,2.0282016059775616,6.571798394022438
gen=44_member=7514_pso,50,storage_plus_10pct,storage,Storage,S,1.1,0.132,0.12,,,,1.1,0.132,34.407672399999996,34.40775328560086,113.02028248560086,2.96984,2.7997094537832137,5.800290546216786
gen=26_member=4423_pso,50,storage_plus_10pct,storage,Storage,S,1.1,0.132,0.12,,,,1.1,0.132,32.826238,32.826298754166096,111.43882795416609,2.44423,2.2946675489109705,6.305332451089029
gen=30_member=5151_pso,50,storage_plus_10pct,storage,Storage,S,1.1,0.132,0.12,,,,1.1,0.132,36.297461999999996,36.297392702126395,114.9099219021264,3.85519,3.655311081163515,4.944688918836484
gen=36_member=6144_pso,50,storage_plus_10pct,storage,Storage,S,1.1,0.132,0.12,,,,1.1,0.132,34.510605999999996,34.510550189225945,113.12307938922596,3.00686,2.835899772493661,5.764100227506338
gen=41_member=6946_pso,50,storage_plus_10pct,storage,Storage,S,1.1,0.132,0.12,,,,1.1,0.132,35.683425199999995,35.683385394119824,114.29591459411984,3.5443,3.350966998245422,5.249033001754578
gen=43_member=7239_pso,50,storage_plus_10pct,storage,Storage,S,1.1,0.132,0.12,,,,1.1,0.132,35.7208556,35.72083483075705,114.33336403075705,3.56889,3.3744046940800505,5.225595305919949
gen=20_member=3413_pso,50,storage_plus_10pct,storage,Storage,S,1.1,0.132,0.12,,,,1.1,0.132,32.9545708,32.95461211746549,111.5671413174655,2.47644,2.3253714791463582,6.274628520853641
gen=35_member=5913_pso,50,storage_plus_10pct,storage,Storage,S,1.1,0.132,0.12,,,,1.1,0.132,21.26195996,21.261970620979778,99.87449982097976,1.01633,0.9315151496168241,7.668484850383176
gen=47_member=7945_pso,50,storage_plus_10pct,storage,Storage,S,1.1,0.132,0.12,,,,1.1,0.132,34.610420399999995,34.610460392456865,113.22298959245687,3.03486,2.86242481342788,5.737575186572119
gen=31_member=5214_pso,50,storage_plus_10pct,storage,Storage,S,1.1,0.132,0.12,,,,1.1,0.132,35.4428012,35.44276706150495,114.05529626150495,3.42253,3.231553387103967,5.368446612896033
gen=35_member=5893_pso,50,storage_plus_10pct,storage,Storage,S,1.1,0.132,0.12,,,,1.1,0.132,16.002053,16.002041893722712,94.61457109372272,0.813288,0.7454573409390871,7.854542659060913
gen=42_member=7082_pso,50,storage_plus_10pct,storage,Storage,S,1.1,0.132,0.12,,,,1.1,0.132,33.697386,33.697411190937146,112.30994039093714,2.69841,2.537187783283065,6.062812216716935
gen=44_member=7534_pso,50,storage_plus_10pct,storage,Storage,S,1.1,0.132,0.12,,,,1.1,0.132,34.346848,34.34682017838482,112.95934937838484,2.93385,2.7653089935859483,5.834691006414051
gen=45_member=7645_pso,50,storage_plus_10pct,storage,Storage,S,1.1,0.132,0.12,,,,1.1,0.132,35.619036,35.61911037390231,114.23163957390231,3.51669,3.3238711745138114,5.276128825486188
gen=39_member=6590_pso,50,storage_plus_10pct,storage,Storage,S,1.1,0.132,0.12,,,,1.1,0.132,36.736378,36.73640015568762,115.3489293556876,4.09121,3.8852742841891663,4.714725715810833
gen=38_member=6398_pso,50,storage_plus_10pct,storage,Storage,S,1.1,0.132,0.12,,,,1.1,0.132,35.0974612,35.09741973001883,113.70994893001883,3.25449,3.0697359524684162,5.530264047531583
gen=45_member=7594_pso,50,storage_plus_10pct,storage,Storage,S,1.1,0.132,0.12,,,,1.1,0.132,36.3103844,36.31039554746737,114.92292474746739,3.8606,3.660685853158155,4.939314146841845
gen=48_member=8227_pso,50,storage_plus_10pct,storage,Storage,S,1.1,0.132,0.12,,,,1.1,0.132,33.9072636,33.90734269461019,112.51987189461022,2.7553,2.591025728149771,6.008974271850229
gen=30_member=5150_pso,50,storage_plus_10pct,storage,Storage,S,1.1,0.132,0.12,,,,1.1,0.132,36.47793,36.47794126781239,115.0904704678124,3.95517,3.752729761170209,4.847270238829791
gen=49_member=8327_pso,50,storage_plus_10pct,storage,Storage,S,1.1,0.132,0.12,,,,1.1,0.132,30.106963999999998,30.10695679161178,108.71948599161179,1.80674,1.6820640436247858,6.917935956375214
gen=43_member=7261_pso,50,storage_plus_10pct,storage,Storage,S,1.1,0.132,0.12,,,,1.1,0.132,34.4863208,34.48623759426499,113.09876679426499,2.98936,2.819227648514154,5.780772351485846
gen=36_member=6133_pso,50,storage_plus_10pct,storage,Storage,S,1.1,0.132,0.12,,,,1.1,0.132,35.8721368,35.87203034437702,114.48455954437703,3.65379,3.4583285103272754,5.141671489672724
gen=41_member=6892_pso,50,storage_plus_10pct,storage,Storage,S,1.1,0.132,0.12,,,,1.1,0.132,29.7658572,29.765857301341477,108.37838650134148,1.79322,1.6701006564746448,6.929899343525355
gen=47_member=8012_pso,50,storage_plus_10pct,storage,Storage,S,1.1,0.132,0.12,,,,1.1,0.132,35.983982399999995,35.984022812402536,114.59655201240253,3.70111,3.504553658496436,5.095446341503564
gen=47_member=7966_pso,50,storage_plus_10pct,storage,Storage,S,1.1,0.132,0.12,,,,1.1,0.132,33.7234536,33.72345101193558,112.3359802119356,2.70123,2.5400411468007302,6.059958853199269
gen=49_member=8363_pso,50,storage_plus_10pct,storage,Storage,S,1.1,0.132,0.12,,,,1.1,0.132,35.4777808,35.477807888172215,114.09033708817222,3.43975,3.2500150415545,5.3499849584455
gen=44_member=7456_pso,50,storage_plus_10pct,storage,Storage,S,1.1,0.132,0.12,,,,1.1,0.132,35.4550552,35.454985598383615,114.06751479838361,3.43116,3.239920646229642,5.360079353770358
gen=40_member=6804_pso,50,storage_plus_10pct,storage,Storage,S,1.1,0.132,0.12,,,,1.1,0.132,34.5288756,34.528979791643806,113.14150899164382,3.01687,2.845847002978847,5.754152997021153
gen=38_member=6471_pso,50,storage_plus_10pct,storage,Storage,S,1.1,0.132,0.12,,,,1.1,0.132,35.0604764,35.06049322067706,113.67302242067706,3.24426,3.059748966689829,5.54025103331017
gen=22_member=3634_pso,50,storage_plus_10pct,storage,Storage,S,1.1,0.132,0.12,,,,1.1,0.132,33.487508399999996,33.48751472965719,112.1000439296572,2.63496,2.4766626532263087,6.123337346773691
gen=44_member=7539_pso,50,storage_plus_10pct,storage,Storage,S,1.1,0.132,0.12,,,,1.1,0.132,36.0109412,36.01086498046887,114.62339418046886,3.71574,3.519533590657329,5.080466409342671
gen=49_member=8356_pso,50,storage_plus_10pct,storage,Storage,S,1.1,0.132,0.12,,,,1.1,0.132,32.883720399999994,32.88362932713905,111.49615852713904,2.45508,2.3049712924978007,6.295028707502199
gen=46_member=7849_pso,50,storage_plus_10pct,storage,Storage,S,1.1,0.132,0.12,,,,1.1,0.132,33.7256816,33.7256272553146,112.3381564553146,2.71464,2.55284143602374,6.047158563976259
gen=42_member=7200_pso,50,storage_plus_10pct,storage,Storage,S,1.1,0.132,0.12,,,,1.1,0.132,35.3322924,35.33222140569574,113.94475060569573,3.37515,3.185839371014189,5.414160628985811
gen=38_member=6459_pso,50,storage_plus_10pct,storage,Storage,S,1.1,0.132,0.12,,,,1.1,0.132,36.735932399999996,36.73590992805043,115.34843912805044,4.07908,3.87372250406704,4.72627749593296
gen=40_member=6838_pso,50,storage_plus_10pct,storage,Storage,S,1.1,0.132,0.12,,,,1.1,0.132,27.5438728,27.54385585819388,106.15638505819388,1.42018,1.3127317708015471,7.287268229198452
gen=35_member=5994_pso,50,storage_plus_10pct,storage,Storage,S,1.1,0.132,0.12,,,,1.1,0.132,34.683276,34.68326987798987,113.29579907798986,3.07603,2.9004964863926808,5.699503513607318
gen=39_member=6670_pso,50,storage_plus_10pct,storage,Storage,S,1.1,0.132,0.12,,,,1.1,0.132,32.435669600000004,32.43577512726643,111.04830432726642,2.33137,2.186434287612869,6.413565712387131
gen=48_member=8120_pso,50,storage_plus_10pct,storage,Storage,S,1.1,0.132,0.12,,,,1.1,0.132,36.049485600000004,36.049477181493145,114.66200638149316,3.72385,3.527468488957145,5.072531511042855
gen=47_member=7929_pso,50,storage_plus_10pct,storage,Storage,S,1.1,0.132,0.12,,,,1.1,0.132,33.2756256,33.27569117913837,111.88822037913837,2.58067,2.4240563643136275,6.175943635686372
gen=32_member=5467_pso,50,storage_plus_10pct,storage,Storage,S,1.1,0.132,0.12,,,,1.1,0.132,35.4252,35.425295105606956,114.03782430560697,3.40923,3.21878634200101,5.381213657998989
gen=45_member=7589_pso,50,storage_plus_10pct,storage,Storage,S,1.1,0.132,0.12,,,,1.1,0.132,35.264561199999996,35.264548182297666,113.87707738229766,3.34169,3.1546330284405673,5.445366971559432
gen=42_member=7063_pso,50,storage_plus_10pct,storage,Storage,S,1.1,0.132,0.12,,,,1.1,0.132,32.7798956,32.77998072785285,111.39250992785287,2.41578,2.267542708733998,6.332457291266001
gen=46_member=7783_pso,50,storage_plus_10pct,storage,Storage,S,1.1,0.132,0.12,,,,1.1,0.132,35.2509704,35.250884894283324,113.86341409428333,3.33505,3.147011618552078,5.452988381447922
gen=42_member=7112_pso,50,storage_plus_10pct,storage,Storage,S,1.1,0.132,0.12,,,,1.1,0.132,29.955014399999996,29.954952265185444,108.56748146518542,1.80414,1.6806043527115544,6.919395647288445
gen=43_member=7278_pso,50,storage_plus_10pct,storage,Storage,S,1.1,0.132,0.12,,,,1.1,0.132,26.961028,26.96102909294159,105.5735582929416,1.36641,1.2596454713298668,7.340354528670133
gen=48_member=8123_pso,50,storage_plus_10pct,storage,Storage,S,1.1,0.132,0.12,,,,1.1,0.132,35.7057052,35.70569359544761,114.31822279544762,3.56822,3.3741139608360493,5.22588603916395
gen=38_member=6409_pso,50,storage_plus_10pct,storage,Storage,S,1.1,0.132,0.12,,,,1.1,0.132,35.5586572,35.558655547749574,114.17118474774956,3.48534,3.292177779869089,5.307822220130911
gen=36_member=6139_pso,50,storage_plus_10pct,storage,Storage,S,1.1,0.132,0.12,,,,1.1,0.132,36.7221188,36.722176673504485,115.33470587350449,4.07625,3.870998034617097,4.729001965382903
gen=40_member=6783_pso,50,storage_plus_10pct,storage,Storage,S,1.1,0.132,0.12,,,,1.1,0.132,34.2880288,34.28795088667764,112.90048008667765,2.92983,2.7545786634909426,5.845421336509057
gen=29_member=4924_pso,50,storage_plus_10pct,storage,Storage,S,1.1,0.132,0.12,,,,1.1,0.132,33.3221908,33.32221023991749,111.93473943991748,2.58783,2.431217359903526,6.168782640096474
gen=46_member=7822_pso,50,storage_plus_10pct,storage,Storage,S,1.1,0.132,0.12,,,,1.1,0.132,36.6993932,36.69936383186918,115.31189303186918,4.06609,3.86063157510081,4.73936842489919
gen=33_member=5655_pso,50,storage_plus_10pct,storage,Storage,S,1.1,0.132,0.12,,,,1.1,0.132,35.6303988,35.630370058555734,114.24289925855572,3.51718,3.3245443216505364,5.275455678349463
gen=31_member=5227_pso,50,storage_plus_10pct,storage,Storage,S,1.1,0.132,0.12,,,,1.1,0.132,33.1920756,33.191986899653344,111.80451609965334,2.57051,2.4151507476017366,6.184849252398263
gen=46_member=7810_pso,50,storage_plus_10pct,storage,Storage,S,1.1,0.132,0.12,,,,1.1,0.132,34.574104,34.57406416730866,113.18659336730867,3.02342,2.851725421604526,5.748274578395474
gen=28_member=4720_pso,50,storage_plus_10pct,storage,Storage,S,1.1,0.132,0.12,,,,1.1,0.132,35.3848732,35.38488870745046,113.99741790745045,3.39794,3.207830356896155,5.392169643103845
gen=31_member=5250_pso,50,storage_plus_10pct,storage,Storage,S,1.1,0.132,0.12,,,,1.1,0.132,34.0534204,34.05351185359164,112.66604105359163,2.82385,2.653640967200524,5.946359032799476
gen=46_member=7862_pso,50,storage_plus_10pct,storage,Storage,S,1.1,0.132,0.12,,,,1.1,0.132,34.5019168,34.50190548961805,113.11443468961807,2.9983,2.8281026337397637,5.7718973662602355
gen=29_member=4911_pso,50,storage_plus_10pct,storage,Storage,S,1.1,0.132,0.12,,,,1.1,0.132,33.8640404,33.86401239624249,112.47654159624248,2.75415,2.5911133696490185,6.008886630350981
gen=43_member=7385_pso,50,storage_plus_10pct,storage,Storage,S,1.1,0.132,0.12,,,,1.1,0.132,26.117729999999998,26.117703630103588,104.73023283010357,1.30432,1.202075230466898,7.397924769533102
gen=34_member=5724_pso,50,storage_plus_10pct,storage,Storage,S,1.1,0.132,0.12,,,,1.1,0.132,35.5597712,35.55966917902097,114.17219837902098,3.48909,3.295948023025541,5.304051976974458
gen=39_member=6557_pso,50,storage_plus_10pct,storage,Storage,S,1.1,0.132,0.12,,,,1.1,0.132,30.951821600000002,30.95190437561837,109.56443357561837,1.98352,1.851737228294985,6.748262771705015
gen=43_member=7341_pso,50,storage_plus_10pct,storage,Storage,S,1.1,0.132,0.12,,,,1.1,0.132,35.697461600000004,35.69752068422161,114.31004988422161,3.54777,3.3539429168920036,5.246057083107996
gen=37_member=6349_pso,50,storage_plus_10pct,storage,Storage,S,1.1,0.132,0.12,,,,1.1,0.132,33.8629264,33.862942575484915,112.47547177548492,2.74347,2.5798959754608988,6.020104024539101
gen=41_member=6889_pso,50,storage_plus_10pct,storage,Storage,S,1.1,0.132,0.12,,,,1.1,0.132,27.384348,27.38432060845482,105.99684980845481,1.4106,1.303184166940057,7.296815833059942
gen=47_member=8010_pso,50,storage_plus_10pct,storage,Storage,S,1.1,0.132,0.12,,,,1.1,0.132,33.483498,33.48339815320258,112.09592735320258,2.63426,2.4754917645962684,6.124508235403731
gen=38_member=6465_pso,50,storage_plus_10pct,storage,Storage,S,1.1,0.132,0.12,,,,1.1,0.132,35.5849476,35.58483752237572,114.19736672237573,3.49711,3.3036542631310786,5.296345736868921
gen=29_member=4976_pso,50,storage_plus_10pct,storage,Storage,S,1.1,0.132,0.12,,,,1.1,0.132,32.8534196,32.85346614458213,111.46599534458214,2.44488,2.295303237343863,6.304696762656137
gen=34_member=5729_pso,50,storage_plus_10pct,storage,Storage,S,1.1,0.132,0.12,,,,1.1,0.132,36.1272428,36.12729970982421,114.7398289098242,3.76248,3.565028268420296,5.034971731579704
gen=46_member=7888_pso,50,storage_plus_10pct,storage,Storage,S,1.1,0.132,0.12,,,,1.1,0.132,32.783460399999996,32.783404919650515,111.3959341196505,2.41843,2.2700722348987252,6.329927765101274
gen=46_member=7821_pso,50,storage_plus_10pct,storage,Storage,S,1.1,0.132,0.12,,,,1.1,0.132,31.01933,31.019254054929405,109.63178325492942,1.99327,1.8611129765573775,6.738887023442622
gen=48_member=8165_pso,50,storage_plus_10pct,storage,Storage,S,1.1,0.132,0.12,,,,1.1,0.132,35.0845388,35.08459194378328,113.69712114378328,3.24714,3.0627092694621405,5.537290730537859
gen=36_member=6131_pso,50,storage_plus_10pct,storage,Storage,S,1.1,0.132,0.12,,,,1.1,0.132,36.0098272,36.00986073528155,114.62238993528156,3.70849,3.511928037614099,5.0880719623859
gen=32_member=5391_pso,50,storage_plus_10pct,storage,Storage,S,1.1,0.132,0.12,,,,1.1,0.132,33.261589199999996,33.261505768011496,111.8740349680115,2.57343,2.417666319938574,6.182333680061426
gen=34_member=5740_pso,50,storage_plus_10pct,storage,Storage,S,1.1,0.132,0.12,,,,1.1,0.132,27.0249716,27.025055498234494,105.63758469823449,1.37217,1.2668197190074206,7.333180280992579
gen=35_member=5978_pso,50,storage_plus_10pct,storage,Storage,S,1.1,0.132,0.12,,,,1.1,0.132,35.7979444,35.798046250315835,114.41057545031585,3.60663,3.4120247367689758,5.187975263231024
gen=32_member=5373_pso,50,storage_plus_10pct,storage,Storage,S,1.1,0.132,0.12,,,,1.1,0.132,34.4901084,34.49010839919886,113.10263759919886,2.995,2.8227701769238265,5.777229823076173
gen=44_member=7565_pso,50,storage_plus_10pct,storage,Storage,S,1.1,0.132,0.12,,,,1.1,0.132,32.9715036,32.97144846847227,111.58397766847226,2.47831,2.3267634823250134,6.273236517674986
gen=45_member=7737_pso,50,storage_plus_10pct,storage,Storage,S,1.1,0.132,0.12,,,,1.1,0.132,36.1261288,36.12613241634489,114.7386616163449,3.75756,3.559949581274392,5.040050418725608
gen=35_member=6019_pso,50,storage_plus_10pct,storage,Storage,S,1.1,0.132,0.12,,,,1.1,0.132,36.062408,36.06245626130536,114.67498546130537,3.73038,3.533773554832304,5.066226445167695
gen=46_member=7796_pso,50,storage_plus_10pct,storage,Storage,S,1.1,0.132,0.12,,,,1.1,0.132,35.467532,35.46763029885118,114.08015949885117,3.43824,3.246726459583567,5.353273540416433
gen=47_member=7977_pso,50,storage_plus_10pct,storage,Storage,S,1.1,0.132,0.12,,,,1.1,0.132,35.5069676,35.506986680921436,114.11951588092144,3.45533,3.263881047247399,5.336118952752601
gen=49_member=8311_pso,50,storage_plus_10pct,storage,Storage,S,1.1,0.132,0.12,,,,1.1,0.132,36.0073764,36.00733726709178,114.61986646709177,3.70558,3.509282502625147,5.090717497374852
gen=29_member=4851_pso,50,storage_plus_10pct,storage,Storage,S,1.1,0.132,0.12,,,,1.1,0.132,35.2643384,35.264277472776136,113.87680667277613,3.33985,3.151748207073544,5.448251792926456
gen=34_member=5819_pso,50,storage_plus_10pct,storage,Storage,S,1.1,0.132,0.12,,,,1.1,0.132,34.5609588,34.56103873283972,113.17356793283972,3.0224,2.8506570610048954,5.749342938995104
gen=38_member=6490_pso,50,storage_plus_10pct,storage,Storage,S,1.1,0.132,0.12,,,,1.1,0.132,36.0697604,36.069858023161345,114.68238722316136,3.73254,3.5358452831330545,5.064154716866945
gen=42_member=7145_pso,50,storage_plus_10pct,storage,Storage,S,1.1,0.132,0.12,,,,1.1,0.132,36.306151199999995,36.30614392385608,114.9186731238561,3.85887,3.657811029776531,4.9421889702234685
gen=28_member=4655_pso,50,storage_plus_10pct,storage,Storage,S,1.1,0.132,0.12,,,,1.1,0.132,33.7361532,33.73614280489097,112.34867200489097,2.71633,2.5545006020197234,6.045499397980276
gen=24_member=4008_pso,50,storage_plus_10pct,storage,Storage,S,1.1,0.132,0.12,,,,1.1,0.132,33.7668996,33.76696087691461,112.3794900769146,2.71969,2.5572682480936133,6.042731751906386
gen=34_member=5732_pso,50,storage_plus_10pct,storage,Storage,S,1.1,0.132,0.12,,,,1.1,0.132,33.7822728,33.7821917262945,112.39472092629453,2.72045,2.558514387354373,6.0414856126456264
gen=40_member=6768_pso,50,storage_plus_10pct,storage,Storage,S,1.1,0.132,0.12,,,,1.1,0.132,36.653050799999995,36.65302211816361,115.26555131816362,4.06357,3.856237706098805,4.743762293901195
gen=44_member=7554_pso,50,storage_plus_10pct,storage,Storage,S,1.1,0.132,0.12,,,,1.1,0.132,33.7114224,33.71131958774986,112.32384878774988,2.69854,2.5374611497708335,6.062538850229166
gen=18_member=3072_pso,50,storage_plus_10pct,storage,Storage,S,1.1,0.132,0.12,,,,1.1,0.132,37.154796399999995,37.15490686727385,115.76743606727385,4.37912,4.162547102412433,4.4374528975875664
gen=50_member=8445_pso,50,storage_plus_10pct,storage,Storage,S,1.1,0.132,0.12,,,,1.1,0.132,20.94736636,20.947372107145803,99.55990130714581,1.01547,0.9321265457715395,7.66787345422846
gen=50_member=8506_pso,50,storage_plus_10pct,storage,Storage,S,1.1,0.132,0.12,,,,1.1,0.132,36.1778184,36.17771080932583,114.79024000932583,3.79088,3.5924801498995365,5.007519850100463
gen=50_member=8596_pso,50,storage_plus_10pct,storage,Storage,S,1.1,0.132,0.12,,,,1.1,0.132,31.6560924,31.656131000200023,110.26866020020003,2.13446,1.9960856203260833,6.603914379673917
gen=50_member=8464_pso,50,storage_plus_10pct,storage,Storage,S,1.1,0.132,0.12,,,,1.1,0.132,35.1692028,35.16929619734085,113.78182539734085,3.28738,3.1019434978453484,5.498056502154651
gen=50_member=8489_pso,50,storage_plus_10pct,storage,Storage,S,1.1,0.132,0.12,,,,1.1,0.132,33.927984,33.928075253726064,112.54060445372608,2.76217,2.597633503853254,6.002366496146745
gen=50_member=8579_pso,50,storage_plus_10pct,storage,Storage,S,1.1,0.132,0.12,,,,1.1,0.132,35.2674576,35.267503555717184,113.8800327557172,3.34196,3.153774234927052,5.446225765072947
gen=50_member=8474_pso,50,storage_plus_10pct,storage,Storage,S,1.1,0.132,0.12,,,,1.1,0.132,28.369124,28.369120398124426,106.98164959812442,1.54501,1.4315435765627105,7.16845642343729
gen=50_member=8555_pso,50,storage_plus_10pct,storage,Storage,S,1.1,0.132,0.12,,,,1.1,0.132,34.7982408,34.798261721440575,113.41079092144058,3.12278,2.944119244968178,5.655880755031822
gen=50_member=8483_pso,50,storage_plus_10pct,storage,Storage,S,1.1,0.132,0.12,,,,1.1,0.132,32.124418,32.12450543561306,110.73703463561304,2.25475,2.1131128088349334,6.486887191165066
gen=50_member=8443_pso,50,storage_plus_10pct,storage,Storage,S,1.1,0.132,0.12,,,,1.1,0.132,29.0288348,29.028751720435796,107.64128092043579,1.62866,1.5129848141497073,7.0870151858502926
gen=50_member=8469_pso,50,storage_plus_10pct,storage,Storage,S,1.1,0.132,0.12,,,,1.1,0.132,27.342684399999996,27.342638190802248,105.95516739080225,1.39731,1.2911448161538501,7.308855183846149
gen=50_member=8584_pso,50,storage_plus_10pct,storage,Storage,S,1.1,0.132,0.12,,,,1.1,0.132,36.776259200000005,36.77633515260383,115.38886435260383,4.09976,3.892588436963357,4.707411563036643
gen=50_member=8572_pso,50,storage_plus_10pct,storage,Storage,S,1.1,0.132,0.12,,,,1.1,0.132,35.3808628,35.38077037906462,113.99329957906461,3.38958,3.199865205580653,5.400134794419347
gen=50_member=8550_pso,50,storage_plus_10pct,storage,Storage,S,1.1,0.132,0.12,,,,1.1,0.132,35.4354488,35.43550778076299,114.048036980763,3.41089,3.220374142919662,5.379625857080338
gen=50_member=8507_pso,50,storage_plus_10pct,storage,Storage,S,1.1,0.132,0.12,,,,1.1,0.132,29.1130532,29.113125122660595,107.72565432266059,1.64928,1.5324813538626583,7.067518646137342
gen=50_member=8467_pso,50,storage_plus_10pct,storage,Storage,S,1.1,0.132,0.12,,,,1.1,0.132,28.4317308,28.431750054504132,107.04427925450413,1.56923,1.456448579551583,7.143551420448417
gen=50_member=8487_pso,50,storage_plus_10pct,storage,Storage,S,1.1,0.132,0.12,,,,1.1,0.132,35.5025116,35.50262187067714,114.11515107067714,3.45215,3.2612521869566433,5.338747813043357
