member,generation,scenario,parameter_name,parameter_label,parameter_symbol,parameter_factor,parameter_value,base_parameter_value,probability_weight,T_factor,T_value,S_factor,S_value,archive_pumping_objective_cfs,pumping_objective_reeval_cfs,full_model_total_pumping_cfs,archive_depletion_cfs,depletion_cfs,streamflow_cfs
152,50,storage_zminus_2p00,storage,Storage,S,0.8,0.096,0.12,0.022190548492442997,,,0.8,0.096,39.0853584,39.0854414587126,117.6979706587126,4.78258,5.342047588535565,3.2579524114644345
gen=36_member=6021_pso,50,storage_zminus_2p00,storage,Storage,S,0.8,0.096,0.12,0.022190548492442997,,,0.8,0.096,15.73043752,15.730428646974957,94.34295784697495,0.811083,0.9844791225973945,7.615520877402605
16,50,storage_zminus_2p00,storage,Storage,S,0.8,0.096,0.12,0.022190548492442997,,,0.8,0.096,38.467534,38.46752870631738,117.08005790631736,4.48927,5.03039195136334,3.5696080486366597
130,50,storage_zminus_2p00,storage,Storage,S,0.8,0.096,0.12,0.022190548492442997,,,0.8,0.096,38.6001,38.60014577795708,117.21267497795709,4.69071,5.2424664591677805,3.357533540832219
95,50,storage_zminus_2p00,storage,Storage,S,0.8,0.096,0.12,0.022190548492442997,,,0.8,0.096,38.900657200000005,38.90068138512153,117.51321058512153,4.70127,5.260143665972492,3.339856334027508
156,50,storage_zminus_2p00,storage,Storage,S,0.8,0.096,0.12,0.022190548492442997,,,0.8,0.096,37.6137644,37.61379239712806,116.22632159712806,4.4265,4.957207466913292,3.6427925330867073
gen=47_member=7948_pso,50,storage_zminus_2p00,storage,Storage,S,0.8,0.096,0.12,0.022190548492442997,,,0.8,0.096,28.5299856,28.529932454502454,107.14246165450244,1.5703,1.8585284271432023,6.741471572856797
gen=48_member=8161_pso,50,storage_zminus_2p00,storage,Storage,S,0.8,0.096,0.12,0.022190548492442997,,,0.8,0.096,24.5082228,24.508282368015493,103.1208115680155,1.17026,1.4194527801009627,7.1805472198990365
gen=33_member=5661_pso,50,storage_zminus_2p00,storage,Storage,S,0.8,0.096,0.12,0.022190548492442997,,,0.8,0.096,36.8916696,36.89173247767671,115.50426167767671,4.21575,4.732797394737032,3.8672026052629676
gen=47_member=7921_pso,50,storage_zminus_2p00,storage,Storage,S,0.8,0.096,0.12,0.022190548492442997,,,0.8,0.096,37.0291372,37.029124549782175,115.6416537497822,4.27101,4.790738009723927,3.809261990276073
gen=40_member=6722_pso,50,storage_zminus_2p00,storage,Storage,S,0.8,0.096,0.12,0.022190548492442997,,,0.8,0.096,29.2066292,29.206608318766545,107.81913751876654,1.65561,1.9534815493462878,6.646518450653712
gen=48_member=8113_pso,50,storage_zminus_2p00,storage,Storage,S,0.8,0.096,0.12,0.022190548492442997,,,0.8,0.096,37.0135412,37.01352492542517,115.62605412542518,4.2324,4.7500742053329885,3.849925794667011
gen=48_member=8218_pso,50,storage_zminus_2p00,storage,Storage,S,0.8,0.096,0.12,0.022190548492442997,,,0.8,0.096,36.6236412,36.62363801974855,115.23616721974857,4.03399,4.535851315971919,4.064148684028081
gen=42_member=7058_pso,50,storage_zminus_2p00,storage,Storage,S,0.8,0.096,0.12,0.022190548492442997,,,0.8,0.096,17.825114,17.82511697626178,96.4376461762618,0.864582,1.0586662101086661,7.5413337898913335
gen=48_member=8245_pso,50,storage_zminus_2p00,storage,Storage,S,0.8,0.096,0.12,0.022190548492442997,,,0.8,0.096,36.87897,36.87888641911074,115.49141561911075,4.17121,4.686455370301822,3.913544629698178
gen=41_member=6922_pso,50,storage_zminus_2p00,storage,Storage,S,0.8,0.096,0.12,0.022190548492442997,,,0.8,0.096,32.1159516,32.11592080418332,110.72845000418333,2.24821,2.6058120351567196,5.99418796484328
gen=41_member=6885_pso,50,storage_zminus_2p00,storage,Storage,S,0.8,0.096,0.12,0.022190548492442997,,,0.8,0.096,16.94815092,16.94814371857778,95.56067291857778,0.828565,1.010004631017734,7.589995368982265
gen=37_member=6262_pso,50,storage_zminus_2p00,storage,Storage,S,0.8,0.096,0.12,0.022190548492442997,,,0.8,0.096,25.3729096,25.372800727077287,103.98532992707726,1.2425,1.496382103061399,7.103617896938601
gen=39_member=6554_pso,50,storage_zminus_2p00,storage,Storage,S,0.8,0.096,0.12,0.022190548492442997,,,0.8,0.096,22.91498,22.91493475179726,101.52746395179726,1.07599,1.312094708504182,7.287905291495818
gen=44_member=7409_pso,50,storage_zminus_2p00,storage,Storage,S,0.8,0.096,0.12,0.022190548492442997,,,0.8,0.096,29.026161199999997,29.02617500954204,107.63870420954201,1.61819,1.910220018508515,6.689779981491485
gen=33_member=5597_pso,50,storage_zminus_2p00,storage,Storage,S,0.8,0.096,0.12,0.022190548492442997,,,0.8,0.096,20.425457360000003,20.425447005160812,99.03797620516082,0.993719,1.205127952983924,7.394872047016076
gen=35_member=5926_pso,50,storage_zminus_2p00,storage,Storage,S,0.8,0.096,0.12,0.022190548492442997,,,0.8,0.096,28.758578399999998,28.75848621927199,107.371015419272,1.60584,1.897367882297754,6.702632117702246
gen=42_member=7147_pso,50,storage_zminus_2p00,storage,Storage,S,0.8,0.096,0.12,0.022190548492442997,,,0.8,0.096,36.785394,36.78548226240043,115.39801146240043,4.12536,4.637690350753473,3.962309649246527
gen=47_member=7992_pso,50,storage_zminus_2p00,storage,Storage,S,0.8,0.096,0.12,0.022190548492442997,,,0.8,0.096,37.303181200000004,37.30318347661641,115.91571267661642,4.41535,4.945053298864589,3.654946701135411
gen=44_member=7479_pso,50,storage_zminus_2p00,storage,Storage,S,0.8,0.096,0.12,0.022190548492442997,,,0.8,0.096,29.72709,29.726992928553695,108.3395221285537,1.7727,2.0839416512766573,6.516058348723343
gen=46_member=7840_pso,50,storage_zminus_2p00,storage,Storage,S,0.8,0.096,0.12,0.022190548492442997,,,0.8,0.096,27.838414399999998,27.838357196260656,106.45088639626066,1.46259,1.7376543816347163,6.862345618365284
gen=36_member=6076_pso,50,storage_zminus_2p00,storage,Storage,S,0.8,0.096,0.12,0.022190548492442997,,,0.8,0.096,37.071692,37.07165394641189,115.6841831464119,4.31441,4.8386505169405964,3.761349483059403
gen=39_member=6576_pso,50,storage_zminus_2p00,storage,Storage,S,0.8,0.096,0.12,0.022190548492442997,,,0.8,0.096,24.576845199999998,24.57679423226629,103.18932343226629,1.21064,1.4569276754512495,7.143072324548751
gen=46_member=7833_pso,50,storage_zminus_2p00,storage,Storage,S,0.8,0.096,0.12,0.022190548492442997,,,0.8,0.096,30.2738412,30.273822445456965,108.88635164545695,1.83739,2.1548361363725137,6.445163863627486
gen=36_member=6039_pso,50,storage_zminus_2p00,storage,Storage,S,0.8,0.096,0.12,0.022190548492442997,,,0.8,0.096,34.2367848,34.236759922666806,112.84928912266682,2.88658,3.3080571325788037,5.291942867421196
gen=45_member=7630_pso,50,storage_zminus_2p00,storage,Storage,S,0.8,0.096,0.12,0.022190548492442997,,,0.8,0.096,20.27341864,20.273425248681576,98.88595444868157,0.964314,1.179015641724635,7.420984358275365
gen=41_member=7002_pso,50,storage_zminus_2p00,storage,Storage,S,0.8,0.096,0.12,0.022190548492442997,,,0.8,0.096,31.456018,31.456010064777686,110.0685392647777,2.09323,2.4366985279097904,6.163301472090209
gen=44_member=7416_pso,50,storage_zminus_2p00,storage,Storage,S,0.8,0.096,0.12,0.022190548492442997,,,0.8,0.096,22.539562,22.53949283051267,101.15202203051267,1.03735,1.2682369328412855,7.331763067158715
gen=48_member=8130_pso,50,storage_zminus_2p00,storage,Storage,S,0.8,0.096,0.12,0.022190548492442997,,,0.8,0.096,30.2965668,30.29664546331896,108.90917466331896,1.8663,2.1855541904819673,6.414445809518032
gen=42_member=7150_pso,50,storage_zminus_2p00,storage,Storage,S,0.8,0.096,0.12,0.022190548492442997,,,0.8,0.096,23.0183592,23.018345966531463,101.63087516653145,1.08725,1.3149747630939153,7.285025236906084
gen=46_member=7861_pso,50,storage_zminus_2p00,storage,Storage,S,0.8,0.096,0.12,0.022190548492442997,,,0.8,0.096,36.5779672,36.57795625745423,115.19048545745423,4.0076,4.512136409857587,4.087863590142413
gen=47_member=8013_pso,50,storage_zminus_2p00,storage,Storage,S,0.8,0.096,0.12,0.022190548492442997,,,0.8,0.096,24.1898416,24.189885878306495,102.80241507830647,1.14776,1.390185161600615,7.209814838399385
gen=34_member=5833_pso,50,storage_zminus_2p00,storage,Storage,S,0.8,0.096,0.12,0.022190548492442997,,,0.8,0.096,37.0554276,37.05546674905064,115.66799594905063,4.29346,4.815011685385933,3.7849883146140666
gen=29_member=4835_pso,50,storage_zminus_2p00,storage,Storage,S,0.8,0.096,0.12,0.022190548492442997,,,0.8,0.096,31.1628132,31.16289112554577,109.77542032554577,2.02499,2.363304047584191,6.2366959524158085
gen=43_member=7309_pso,50,storage_zminus_2p00,storage,Storage,S,0.8,0.096,0.12,0.022190548492442997,,,0.8,0.096,28.36244,28.362383210764136,106.97491241076413,1.53641,1.8205960084519957,6.779403991548004
gen=42_member=7162_pso,50,storage_zminus_2p00,storage,Storage,S,0.8,0.096,0.12,0.022190548492442997,,,0.8,0.096,34.2657488,34.265693983561704,112.87822318356172,2.92099,3.344522367549474,5.255477632450526
gen=43_member=7394_pso,50,storage_zminus_2p00,storage,Storage,S,0.8,0.096,0.12,0.022190548492442997,,,0.8,0.096,29.6994628,29.69937939750987,108.31190859750988,1.74092,2.048146872725681,6.551853127274319
gen=47_member=7994_pso,50,storage_zminus_2p00,storage,Storage,S,0.8,0.096,0.12,0.022190548492442997,,,0.8,0.096,27.7078536,27.707961235794844,106.32049043579485,1.42551,1.696525666668529,6.90347433333147
gen=48_member=8212_pso,50,storage_zminus_2p00,storage,Storage,S,0.8,0.096,0.12,0.022190548492442997,,,0.8,0.096,25.5088176,25.50891213870453,104.12144133870451,1.2664,1.520640693891387,7.079359306108612
gen=34_member=5718_pso,50,storage_zminus_2p00,storage,Storage,S,0.8,0.096,0.12,0.022190548492442997,,,0.8,0.096,19.217970479999998,19.217975104740983,97.83050430474097,0.92753,1.1207713246639623,7.479228675336037
gen=40_member=6749_pso,50,storage_zminus_2p00,storage,Storage,S,0.8,0.096,0.12,0.022190548492442997,,,0.8,0.096,32.0337384,32.033822459218676,110.64635165921867,2.22633,2.58422827843313,6.015771721566869
gen=45_member=7712_pso,50,storage_zminus_2p00,storage,Storage,S,0.8,0.096,0.12,0.022190548492442997,,,0.8,0.096,31.9644476,31.96441941761888,110.57694861761888,2.20694,2.562444713075207,6.037555286924793
gen=49_member=8286_pso,50,storage_zminus_2p00,storage,Storage,S,0.8,0.096,0.12,0.022190548492442997,,,0.8,0.096,31.885799199999997,31.88574680923485,110.49827600923484,2.18552,2.5394881327212726,6.060511867278727
gen=47_member=7987_pso,50,storage_zminus_2p00,storage,Storage,S,0.8,0.096,0.12,0.022190548492442997,,,0.8,0.096,32.3378604,32.3379503115816,110.95047951158162,2.30822,2.672476079633174,5.927523920366825
gen=42_member=7104_pso,50,storage_zminus_2p00,storage,Storage,S,0.8,0.096,0.12,0.022190548492442997,,,0.8,0.096,37.1305112,37.1305477391165,115.7430769391165,4.35228,4.878473940852719,3.7215260591472807
gen=44_member=7536_pso,50,storage_zminus_2p00,storage,Storage,S,0.8,0.096,0.12,0.022190548492442997,,,0.8,0.096,23.466855600000002,23.46684587614881,102.0793750761488,1.11985,1.353513545614302,7.246486454385698
gen=38_member=6480_pso,50,storage_zminus_2p00,storage,Storage,S,0.8,0.096,0.12,0.022190548492442997,,,0.8,0.096,31.4072248,31.407133065935877,110.01966226593586,2.07448,2.4212952492041686,6.178704750795831
gen=43_member=7269_pso,50,storage_zminus_2p00,storage,Storage,S,0.8,0.096,0.12,0.022190548492442997,,,0.8,0.096,36.833296,36.83339971387087,115.44592891387086,4.14372,4.657273472255743,3.9427265277442567
gen=35_member=5948_pso,50,storage_zminus_2p00,storage,Storage,S,0.8,0.096,0.12,0.022190548492442997,,,0.8,0.096,37.07392,37.07384621264411,115.68637541264411,4.33924,4.8642723283884655,3.735727671611534
gen=29_member=4871_pso,50,storage_zminus_2p00,storage,Storage,S,0.8,0.096,0.12,0.022190548492442997,,,0.8,0.096,17.843495,17.843497187733753,96.45602638773376,0.881544,1.0698187997422033,7.530181200257797
gen=36_member=6031_pso,50,storage_zminus_2p00,storage,Storage,S,0.8,0.096,0.12,0.022190548492442997,,,0.8,0.096,31.3383796,31.338390787551674,109.95091998755169,2.05415,2.397181644495399,6.202818355504601
gen=39_member=6689_pso,50,storage_zminus_2p00,storage,Storage,S,0.8,0.096,0.12,0.022190548492442997,,,0.8,0.096,29.4165068,29.416418185838467,108.02894738583845,1.67871,1.978477831533814,6.621522168466186
gen=46_member=7811_pso,50,storage_zminus_2p00,storage,Storage,S,0.8,0.096,0.12,0.022190548492442997,,,0.8,0.096,30.8479968,30.84800808580873,109.46053728580873,1.95962,2.290873530258535,6.309126469741464
gen=36_member=6150_pso,50,storage_zminus_2p00,storage,Storage,S,0.8,0.096,0.12,0.022190548492442997,,,0.8,0.096,29.510305600000002,29.510270949002532,108.12280014900254,1.71536,2.019287266452038,6.580712733547962
gen=28_member=4698_pso,50,storage_zminus_2p00,storage,Storage,S,0.8,0.096,0.12,0.022190548492442997,,,0.8,0.096,19.62453592,19.62453473077234,98.23706393077234,0.948853,1.1571814104798182,7.442818589520181
gen=45_member=7580_pso,50,storage_zminus_2p00,storage,Storage,S,0.8,0.096,0.12,0.022190548492442997,,,0.8,0.096,29.4198488,29.41977376399195,108.03230296399194,1.6928,1.9936760944286942,6.606323905571306
gen=37_member=6318_pso,50,storage_zminus_2p00,storage,Storage,S,0.8,0.096,0.12,0.022190548492442997,,,0.8,0.096,36.3585092,36.35850397821222,114.97103317821221,3.89263,4.386053069203504,4.213946930796496
gen=39_member=6634_pso,50,storage_zminus_2p00,storage,Storage,S,0.8,0.096,0.12,0.022190548492442997,,,0.8,0.096,37.24659,37.24656995207669,115.8590991520767,4.3792,4.906948474267178,3.6930515257328214
gen=46_member=7788_pso,50,storage_zminus_2p00,storage,Storage,S,0.8,0.096,0.12,0.022190548492442997,,,0.8,0.096,32.533256,32.533172613400616,111.1457018134006,2.35444,2.7245321344716764,5.875467865528323
gen=46_member=7881_pso,50,storage_zminus_2p00,storage,Storage,S,0.8,0.096,0.12,0.022190548492442997,,,0.8,0.096,27.1929628,27.192862415219388,105.80539161521938,1.37653,1.6463386682892134,6.953661331710786
gen=27_member=4566_pso,50,storage_zminus_2p00,storage,Storage,S,0.8,0.096,0.12,0.022190548492442997,,,0.8,0.096,34.2026964,34.20265674649548,112.8151859464955,2.87573,3.300980714555752,5.299019285444247
gen=39_member=6698_pso,50,storage_zminus_2p00,storage,Storage,S,0.8,0.096,0.12,0.022190548492442997,,,0.8,0.096,33.52026,33.52015097310551,112.13268017310553,2.6497,3.0480597184172775,5.551940281582722
gen=41_member=6986_pso,50,storage_zminus_2p00,storage,Storage,S,0.8,0.096,0.12,0.022190548492442997,,,0.8,0.096,35.7676436,35.767651554973604,114.38018075497361,3.58673,4.066695618046971,4.5333043819530285
gen=41_member=6973_pso,50,storage_zminus_2p00,storage,Storage,S,0.8,0.096,0.12,0.022190548492442997,,,0.8,0.096,35.1593996,35.15947657236159,113.77200577236158,3.28388,3.74376537066386,4.856234629336139
gen=27_member=4568_pso,50,storage_zminus_2p00,storage,Storage,S,0.8,0.096,0.12,0.022190548492442997,,,0.8,0.096,32.5586552,32.558684654753776,111.17121385475377,2.37042,2.739741127340804,5.8602588726591955
gen=37_member=6357_pso,50,storage_zminus_2p00,storage,Storage,S,0.8,0.096,0.12,0.022190548492442997,,,0.8,0.096,32.625718,32.62572860768373,111.23825780768374,2.3887,2.762663684214468,5.837336315785532
gen=47_member=8006_pso,50,storage_zminus_2p00,storage,Storage,S,0.8,0.096,0.12,0.022190548492442997,,,0.8,0.096,36.7613316,36.761407828424296,115.37393702842431,4.09604,4.602227563295274,3.997772436704726
gen=41_member=6898_pso,50,storage_zminus_2p00,storage,Storage,S,0.8,0.096,0.12,0.022190548492442997,,,0.8,0.096,31.489438,31.489447863162184,110.10197706316218,2.11934,2.468437810247672,6.131562189752328
gen=39_member=6668_pso,50,storage_zminus_2p00,storage,Storage,S,0.8,0.096,0.12,0.022190548492442997,,,0.8,0.096,33.933108399999995,33.933030846740984,112.545560046741,2.77099,3.181498186017079,5.418501813982921
gen=48_member=8200_pso,50,storage_zminus_2p00,storage,Storage,S,0.8,0.096,0.12,0.022190548492442997,,,0.8,0.096,34.8907028,34.89080581472363,113.50333501472363,3.16725,3.616853838880156,4.983146161119844
gen=32_member=5452_pso,50,storage_zminus_2p00,storage,Storage,S,0.8,0.096,0.12,0.022190548492442997,,,0.8,0.096,34.8474796,34.84753054005696,113.46005974005696,3.14182,3.587747697803711,5.012252302196289
gen=44_member=7522_pso,50,storage_zminus_2p00,storage,Storage,S,0.8,0.096,0.12,0.022190548492442997,,,0.8,0.096,33.1631116,33.16311565476033,111.77564485476033,2.53937,2.9260944906396387,5.673905509360361
gen=45_member=7699_pso,50,storage_zminus_2p00,storage,Storage,S,0.8,0.096,0.12,0.022190548492442997,,,0.8,0.096,25.6714616,25.671464649350018,104.28399384935003,1.28466,1.5366533711931019,7.063346628806897
gen=38_member=6478_pso,50,storage_zminus_2p00,storage,Storage,S,0.8,0.096,0.12,0.022190548492442997,,,0.8,0.096,35.2785976,35.27857906393331,113.8911082639333,3.35376,3.8190878492579685,4.780912150742031
gen=48_member=8105_pso,50,storage_zminus_2p00,storage,Storage,S,0.8,0.096,0.12,0.022190548492442997,,,0.8,0.096,36.5527908,36.55273076856624,115.16525996856623,3.9902,4.490776176048876,4.109223823951123
gen=47_member=7995_pso,50,storage_zminus_2p00,storage,Storage,S,0.8,0.096,0.12,0.022190548492442997,,,0.8,0.096,36.497536399999994,36.49744644974915,115.10997564974916,3.97511,4.47986628957127,4.120133710428729
gen=38_member=6507_pso,50,storage_zminus_2p00,storage,Storage,S,0.8,0.096,0.12,0.022190548492442997,,,0.8,0.096,36.2430988,36.243072285057984,114.85560148505799,3.82686,4.316909316074168,4.283090683925832
gen=47_member=8017_pso,50,storage_zminus_2p00,storage,Storage,S,0.8,0.096,0.12,0.022190548492442997,,,0.8,0.096,26.3334004,26.33332130996634,104.94585050996633,1.31111,1.5703097194172064,7.029690280582793
gen=28_member=4806_pso,50,storage_zminus_2p00,storage,Storage,S,0.8,0.096,0.12,0.022190548492442997,,,0.8,0.096,36.335338,36.335363024535646,114.94789222453565,3.87574,4.36812133130067,4.23187866869933
gen=33_member=5559_pso,50,storage_zminus_2p00,storage,Storage,S,0.8,0.096,0.12,0.022190548492442997,,,0.8,0.096,32.1440244,32.1440689013816,110.7565981013816,2.27771,2.6423730628568034,5.957626937143196
gen=28_member=4728_pso,50,storage_zminus_2p00,storage,Storage,S,0.8,0.096,0.12,0.022190548492442997,,,0.8,0.096,25.063886,25.063855919912235,103.67638511991223,1.21593,1.4652098555016253,7.134790144498375
gen=30_member=4999_pso,50,storage_zminus_2p00,storage,Storage,S,0.8,0.096,0.12,0.022190548492442997,,,0.8,0.096,33.9879172,33.98794532305361,112.60047452305362,2.78942,3.207283607207538,5.392716392792462
gen=47_member=7949_pso,50,storage_zminus_2p00,storage,Storage,S,0.8,0.096,0.12,0.022190548492442997,,,0.8,0.096,31.069014399999997,31.068968509771572,109.68149770977158,1.99378,2.329232971252172,6.270767028747827
gen=37_member=6216_pso,50,storage_zminus_2p00,storage,Storage,S,0.8,0.096,0.12,0.022190548492442997,,,0.8,0.096,34.7610332,34.76111558406628,113.37364478406629,3.104,3.5447945739408953,5.055205426059104
gen=35_member=5892_pso,50,storage_zminus_2p00,storage,Storage,S,0.8,0.096,0.12,0.022190548492442997,,,0.8,0.096,33.624976,33.6250096550061,112.23753885500611,2.6693,3.069751703793083,5.530248296206917
gen=47_member=7933_pso,50,storage_zminus_2p00,storage,Storage,S,0.8,0.096,0.12,0.022190548492442997,,,0.8,0.096,26.4996092,26.49956968298791,105.11209888298791,1.3367,1.598426434506604,7.001573565493396
gen=42_member=7127_pso,50,storage_zminus_2p00,storage,Storage,S,0.8,0.096,0.12,0.022190548492442997,,,0.8,0.096,33.1831636,33.183068642146345,111.79559784214636,2.56094,2.949975520292195,5.650024479707804
gen=46_member=7815_pso,50,storage_zminus_2p00,storage,Storage,S,0.8,0.096,0.12,0.022190548492442997,,,0.8,0.096,30.2096748,30.209600453547942,108.82212965354798,1.82093,2.1358944228998933,6.464105577100106
gen=41_member=6988_pso,50,storage_zminus_2p00,storage,Storage,S,0.8,0.096,0.12,0.022190548492442997,,,0.8,0.096,27.9351096,27.935094147883344,106.54762334788336,1.48478,1.7665233274562488,6.833476672543751
gen=39_member=6630_pso,50,storage_zminus_2p00,storage,Storage,S,0.8,0.096,0.12,0.022190548492442997,,,0.8,0.096,32.2866164,32.28667995166453,110.89920915166454,2.28023,2.6407235060405085,5.959276493959491
gen=46_member=7750_pso,50,storage_zminus_2p00,storage,Storage,S,0.8,0.096,0.12,0.022190548492442997,,,0.8,0.096,33.3573932,33.35737322320111,111.9699024232011,2.61481,3.015148825959151,5.584851174040849
gen=47_member=8066_pso,50,storage_zminus_2p00,storage,Storage,S,0.8,0.096,0.12,0.022190548492442997,,,0.8,0.096,36.1452896,36.14526258672567,114.75779178672568,3.76811,4.255046442752699,4.344953557247301
gen=49_member=8375_pso,50,storage_zminus_2p00,storage,Storage,S,0.8,0.096,0.12,0.022190548492442997,,,0.8,0.096,33.014504,33.01442462041577,111.62695382041578,2.48535,2.8666247787249755,5.733375221275024
gen=48_member=8129_pso,50,storage_zminus_2p00,storage,Storage,S,0.8,0.096,0.12,0.022190548492442997,,,0.8,0.096,36.633444399999995,36.63353389800296,115.24606309800296,4.0627,4.566579937258661,4.033420062741339
gen=39_member=6585_pso,50,storage_zminus_2p00,storage,Storage,S,0.8,0.096,0.12,0.022190548492442997,,,0.8,0.096,34.7828676,34.78292178056862,113.39545098056861,3.109,3.549401493989813,5.050598506010187
gen=47_member=8011_pso,50,storage_zminus_2p00,storage,Storage,S,0.8,0.096,0.12,0.022190548492442997,,,0.8,0.096,35.1213008,35.12122980345115,113.73375900345114,3.26403,3.7212650369840934,4.878734963015907
gen=40_member=6726_pso,50,storage_zminus_2p00,storage,Storage,S,0.8,0.096,0.12,0.022190548492442997,,,0.8,0.096,31.242575600000002,31.242517549639818,109.85504674963983,2.03707,2.3773780870325676,6.222621912967432
gen=44_member=7543_pso,50,storage_zminus_2p00,storage,Storage,S,0.8,0.096,0.12,0.022190548492442997,,,0.8,0.096,35.1870268,35.18705597340057,113.79958517340057,3.29833,3.75911542090378,4.84088457909622
gen=43_member=7287_pso,50,storage_zminus_2p00,storage,Storage,S,0.8,0.096,0.12,0.022190548492442997,,,0.8,0.096,33.646587600000004,33.64656535247972,112.25909455247972,2.68124,3.0824565852983232,5.517543414701676
gen=41_member=6982_pso,50,storage_zminus_2p00,storage,Storage,S,0.8,0.096,0.12,0.022190548492442997,,,0.8,0.096,36.2787468,36.278668778733376,114.89119797873339,3.84028,4.33294399141432,4.26705600858568
gen=33_member=5577_pso,50,storage_zminus_2p00,storage,Storage,S,0.8,0.096,0.12,0.022190548492442997,,,0.8,0.096,34.0012852,34.00137781832889,112.6139070183289,2.80281,3.2252805781505027,5.3747194218494965
gen=48_member=8183_pso,50,storage_zminus_2p00,storage,Storage,S,0.8,0.096,0.12,0.022190548492442997,,,0.8,0.096,34.7057788,34.70587203703935,113.31840123703935,3.0773,3.5139101028828104,5.086089897117189
gen=48_member=8234_pso,50,storage_zminus_2p00,storage,Storage,S,0.8,0.096,0.12,0.022190548492442997,,,0.8,0.096,23.7818948,23.781937390842728,102.39446659084273,1.1268,1.3608785216647106,7.239121478335289
gen=42_member=7080_pso,50,storage_zminus_2p00,storage,Storage,S,0.8,0.096,0.12,0.022190548492442997,,,0.8,0.096,35.2182188,35.21819334968434,113.83072254968432,3.313,3.774948017483868,4.825051982516132
gen=47_member=8007_pso,50,storage_zminus_2p00,storage,Storage,S,0.8,0.096,0.12,0.022190548492442997,,,0.8,0.096,34.1347424,34.13470291303967,112.74723211303967,2.85212,3.2789631592457966,5.3210368407542035
gen=35_member=5961_pso,50,storage_zminus_2p00,storage,Storage,S,0.8,0.096,0.12,0.022190548492442997,,,0.8,0.096,36.8771876,36.87726444522587,115.48979364522586,4.16397,4.675922647481939,3.9240773525180606
gen=31_member=5281_pso,50,storage_zminus_2p00,storage,Storage,S,0.8,0.096,0.12,0.022190548492442997,,,0.8,0.096,33.1156552,33.11569694121411,111.72822614121412,2.52766,2.9136310303012656,5.686368969698734
gen=44_member=7417_pso,50,storage_zminus_2p00,storage,Storage,S,0.8,0.096,0.12,0.022190548492442997,,,0.8,0.096,28.040048399999996,28.04007293817745,106.65260213817746,1.50233,1.7833237113464853,6.816676288653515
gen=32_member=5429_pso,50,storage_zminus_2p00,storage,Storage,S,0.8,0.096,0.12,0.022190548492442997,,,0.8,0.096,36.214580399999996,36.214597535229515,114.82712673522953,3.8078,4.298183435947872,4.301816564052127
gen=37_member=6347_pso,50,storage_zminus_2p00,storage,Storage,S,0.8,0.096,0.12,0.022190548492442997,,,0.8,0.096,35.6629276,35.66303769617801,114.275566896178,3.52921,4.004826484106715,4.5951735158932845
gen=42_member=7094_pso,50,storage_zminus_2p00,storage,Storage,S,0.8,0.096,0.12,0.022190548492442997,,,0.8,0.096,32.7239728,32.72396444274264,111.33649364274265,2.40462,2.7773852294273182,5.822614770572681
gen=45_member=7577_pso,50,storage_zminus_2p00,storage,Storage,S,0.8,0.096,0.12,0.022190548492442997,,,0.8,0.096,33.348481199999995,33.348578128286576,111.96110732828657,2.59343,2.985742779586236,5.614257220413764
gen=38_member=6402_pso,50,storage_zminus_2p00,storage,Storage,S,0.8,0.096,0.12,0.022190548492442997,,,0.8,0.096,30.511791600000002,30.51186014513365,109.12438934513365,1.8927,2.216789606398447,6.383210393601553
gen=31_member=5196_pso,50,storage_zminus_2p00,storage,Storage,S,0.8,0.096,0.12,0.022190548492442997,,,0.8,0.096,37.154128,37.154036317385696,115.76656551738569,4.37901,4.905485597617071,3.6945144023829286
gen=41_member=6995_pso,50,storage_zminus_2p00,storage,Storage,S,0.8,0.096,0.12,0.022190548492442997,,,0.8,0.096,33.0581728,33.05810757863159,111.6706367786316,2.50823,2.891731148032865,5.7082688519671345
gen=39_member=6611_pso,50,storage_zminus_2p00,storage,Storage,S,0.8,0.096,0.12,0.022190548492442997,,,0.8,0.096,35.8961992,35.89623286365389,114.5087620636539,3.66312,4.143523664313183,4.4564763356868164
gen=49_member=8310_pso,50,storage_zminus_2p00,storage,Storage,S,0.8,0.096,0.12,0.022190548492442997,,,0.8,0.096,30.436708,30.43676948862573,109.04929868862573,1.88142,2.205739376621015,6.394260623378985
gen=41_member=6917_pso,50,storage_zminus_2p00,storage,Storage,S,0.8,0.096,0.12,0.022190548492442997,,,0.8,0.096,30.7027312,30.7026693264571,109.3151985264571,1.93448,2.262390251331874,6.337609748668125
gen=42_member=7156_pso,50,storage_zminus_2p00,storage,Storage,S,0.8,0.096,0.12,0.022190548492442997,,,0.8,0.096,30.610492,30.610510708305725,109.22303990830572,1.91823,2.2453933823663204,6.35460661763368
gen=29_member=4898_pso,50,storage_zminus_2p00,storage,Storage,S,0.8,0.096,0.12,0.022190548492442997,,,0.8,0.096,35.9271684,35.92717187396659,114.5397010739666,3.68037,4.169908247279062,4.430091752720938
gen=47_member=7961_pso,50,storage_zminus_2p00,storage,Storage,S,0.8,0.096,0.12,0.022190548492442997,,,0.8,0.096,32.81844,32.81846706326812,111.43099626326813,2.42627,2.8019985838570958,5.798001416142904
gen=31_member=5213_pso,50,storage_zminus_2p00,storage,Storage,S,0.8,0.096,0.12,0.022190548492442997,,,0.8,0.096,34.374698,34.37459988167344,112.98712908167344,2.94698,3.369984132954568,5.230015867045432
gen=33_member=5529_pso,50,storage_zminus_2p00,storage,Storage,S,0.8,0.096,0.12,0.022190548492442997,,,0.8,0.096,18.329822840000002,18.32982475749499,96.94235395749497,0.902294,1.095037761984089,7.504962238015911
gen=41_member=6902_pso,50,storage_zminus_2p00,storage,Storage,S,0.8,0.096,0.12,0.022190548492442997,,,0.8,0.096,29.628389600000002,29.628353465378915,108.24088266537892,1.72975,2.0358945059578764,6.564105494042123
gen=43_member=7373_pso,50,storage_zminus_2p00,storage,Storage,S,0.8,0.096,0.12,0.022190548492442997,,,0.8,0.096,30.566823199999998,30.566917442941545,109.17944664294156,1.90841,2.2345188071121656,6.3654811928878345
gen=43_member=7354_pso,50,storage_zminus_2p00,storage,Storage,S,0.8,0.096,0.12,0.022190548492442997,,,0.8,0.096,36.3656388,36.365559376347385,114.97808857634739,3.91205,4.408402052736984,4.191597947263015
gen=48_member=8255_pso,50,storage_zminus_2p00,storage,Storage,S,0.8,0.096,0.12,0.022190548492442997,,,0.8,0.096,18.692073360000002,18.692080334260165,97.30460953426017,0.907206,1.101879556048224,7.498120443951776
gen=38_member=6443_pso,50,storage_zminus_2p00,storage,Storage,S,0.8,0.096,0.12,0.022190548492442997,,,0.8,0.096,31.6712428,31.67115470758055,110.28368390758054,2.14746,2.4971258918365984,6.102874108163402
gen=47_member=7988_pso,50,storage_zminus_2p00,storage,Storage,S,0.8,0.096,0.12,0.022190548492442997,,,0.8,0.096,30.769794,30.769795007202468,109.38232420720249,1.94462,2.274422228987148,6.325577771012852
gen=37_member=6360_pso,50,storage_zminus_2p00,storage,Storage,S,0.8,0.096,0.12,0.022190548492442997,,,0.8,0.096,28.05609,28.056013799679008,106.668542999679,1.51193,1.796211671489122,6.803788328510878
gen=48_member=8171_pso,50,storage_zminus_2p00,storage,Storage,S,0.8,0.096,0.12,0.022190548492442997,,,0.8,0.096,34.994082,34.99403631605541,113.60656551605543,3.20978,3.6629300738137602,4.93706992618624
gen=45_member=7732_pso,50,storage_zminus_2p00,storage,Storage,S,0.8,0.096,0.12,0.022190548492442997,,,0.8,0.096,28.232101999999998,28.232171596528566,106.84470079652857,1.52704,1.8103730748706952,6.789626925129305
gen=35_member=5956_pso,50,storage_zminus_2p00,storage,Storage,S,0.8,0.096,0.12,0.022190548492442997,,,0.8,0.096,34.0774828,34.07740547464268,112.6899346746427,2.82984,3.256503426398849,5.343496573601151
gen=45_member=7623_pso,50,storage_zminus_2p00,storage,Storage,S,0.8,0.096,0.12,0.022190548492442997,,,0.8,0.096,26.867897600000003,26.867886619436277,105.48041581943627,1.35875,1.6250717997162287,6.974928200283771
gen=34_member=5765_pso,50,storage_zminus_2p00,storage,Storage,S,0.8,0.096,0.12,0.022190548492442997,,,0.8,0.096,30.9233032,30.92338623359191,109.5359154335919,1.98173,2.314997937612994,6.285002062387006
gen=38_member=6501_pso,50,storage_zminus_2p00,storage,Storage,S,0.8,0.096,0.12,0.022190548492442997,,,0.8,0.096,32.3964568,32.396349530682755,111.00887873068277,2.32041,2.686157571231154,5.913842428768845
gen=48_member=8203_pso,50,storage_zminus_2p00,storage,Storage,S,0.8,0.096,0.12,0.022190548492442997,,,0.8,0.096,32.4539392,32.453841272609736,111.06637047260975,2.33521,2.70214432535494,5.89785567464506
gen=47_member=7974_pso,50,storage_zminus_2p00,storage,Storage,S,0.8,0.096,0.12,0.022190548492442997,,,0.8,0.096,35.0424296,35.04236881028093,113.65489801028093,3.23167,3.6872333024243664,4.912766697575633
gen=42_member=7123_pso,50,storage_zminus_2p00,storage,Storage,S,0.8,0.096,0.12,0.022190548492442997,,,0.8,0.096,34.3967552,34.396745119239434,113.00927431923942,2.95964,3.3801431210639254,5.219856878936074
gen=30_member=5110_pso,50,storage_zminus_2p00,storage,Storage,S,0.8,0.096,0.12,0.022190548492442997,,,0.8,0.096,36.395271199999996,36.39534938259375,115.00787858259373,3.93251,4.428876069699234,4.171123930300766
gen=40_member=6879_pso,50,storage_zminus_2p00,storage,Storage,S,0.8,0.096,0.12,0.022190548492442997,,,0.8,0.096,35.52546,35.52547804840835,114.13800724840836,3.47595,3.9509014101544624,4.649098589845537
gen=31_member=5217_pso,50,storage_zminus_2p00,storage,Storage,S,0.8,0.096,0.12,0.022190548492442997,,,0.8,0.096,36.452308,36.4522647735805,115.0647939735805,3.94088,4.441359556031038,4.158640443968961
gen=42_member=7215_pso,50,storage_zminus_2p00,storage,Storage,S,0.8,0.096,0.12,0.022190548492442997,,,0.8,0.096,34.9225632,34.92253563470857,113.53506483470858,3.17583,3.6242727154005734,4.975727284599426
gen=37_member=6211_pso,50,storage_zminus_2p00,storage,Storage,S,0.8,0.096,0.12,0.022190548492442997,,,0.8,0.096,20.656456399999996,20.656455308041814,99.26898450804181,1.01369,1.225888543102273,7.374111456897727
gen=40_member=6803_pso,50,storage_zminus_2p00,storage,Storage,S,0.8,0.096,0.12,0.022190548492442997,,,0.8,0.096,33.8223768,33.822321012801254,112.43485021280125,2.72359,3.129609043778591,5.470390956221409
gen=30_member=5155_pso,50,storage_zminus_2p00,storage,Storage,S,0.8,0.096,0.12,0.022190548492442997,,,0.8,0.096,34.1209288,34.12094915647915,112.73347835647915,2.84803,3.261714557066371,5.338285442933628
gen=32_member=5405_pso,50,storage_zminus_2p00,storage,Storage,S,0.8,0.096,0.12,0.022190548492442997,,,0.8,0.096,27.866487199999998,27.866536503306772,106.47906570330677,1.47179,1.7528554541116717,6.847144545888328
gen=37_member=6224_pso,50,storage_zminus_2p00,storage,Storage,S,0.8,0.096,0.12,0.022190548492442997,,,0.8,0.096,35.2442864,35.24434680969291,113.85687600969291,3.32624,3.7893642493572783,4.810635750642721
gen=36_member=6188_pso,50,storage_zminus_2p00,storage,Storage,S,0.8,0.096,0.12,0.022190548492442997,,,0.8,0.096,26.545060399999997,26.54503702240775,105.15756622240775,1.34227,1.6027322453731074,6.997267754626892
gen=44_member=7508_pso,50,storage_zminus_2p00,storage,Storage,S,0.8,0.096,0.12,0.022190548492442997,,,0.8,0.096,35.030844,35.030748929325185,113.64327812932517,3.22133,3.6758327443923506,4.9241672556076495
gen=48_member=8233_pso,50,storage_zminus_2p00,storage,Storage,S,0.8,0.096,0.12,0.022190548492442997,,,0.8,0.096,34.676369199999996,34.67641402474263,113.28894322474264,3.06245,3.4977391585197597,5.1022608414802395
gen=27_member=4602_pso,50,storage_zminus_2p00,storage,Storage,S,0.8,0.096,0.12,0.022190548492442997,,,0.8,0.096,31.533998,31.534063129350688,110.1465923293507,2.12737,2.478235253224903,6.121764746775097
gen=34_member=5714_pso,50,storage_zminus_2p00,storage,Storage,S,0.8,0.096,0.12,0.022190548492442997,,,0.8,0.096,35.2895148,35.289422752427136,113.90195195242715,3.37452,3.823636166548452,4.776363833451548
gen=33_member=5592_pso,50,storage_zminus_2p00,storage,Storage,S,0.8,0.096,0.12,0.022190548492442997,,,0.8,0.096,32.9057776,32.90581117439859,111.5183403743986,2.46009,2.838589169942529,5.7614108300574705
gen=46_member=7897_pso,50,storage_zminus_2p00,storage,Storage,S,0.8,0.096,0.12,0.022190548492442997,,,0.8,0.096,34.6601048,34.66001472979494,113.27254392979495,3.05438,3.4866859764720344,5.113314023527965
gen=44_member=7516_pso,50,storage_zminus_2p00,storage,Storage,S,0.8,0.096,0.12,0.022190548492442997,,,0.8,0.096,36.109196,36.10912532430648,114.72165452430647,3.75377,4.239470529514284,4.360529470485716
gen=47_member=8023_pso,50,storage_zminus_2p00,storage,Storage,S,0.8,0.096,0.12,0.022190548492442997,,,0.8,0.096,36.075776,36.0756878960716,114.68821709607163,3.73629,4.220600983778039,4.379399016221961
gen=43_member=7367_pso,50,storage_zminus_2p00,storage,Storage,S,0.8,0.096,0.12,0.022190548492442997,,,0.8,0.096,35.8665668,35.86655852747779,114.47908772747779,3.64645,4.130424492922884,4.469575507077115
gen=41_member=6969_pso,50,storage_zminus_2p00,storage,Storage,S,0.8,0.096,0.12,0.022190548492442997,,,0.8,0.096,34.0139848,34.01408910075473,112.62661830075474,2.81773,3.2429152627983497,5.3570847372016495
gen=34_member=5825_pso,50,storage_zminus_2p00,storage,Storage,S,0.8,0.096,0.12,0.022190548492442997,,,0.8,0.096,21.687307439999998,21.6872977704652,100.29982697046519,1.03166,1.2515628614091192,7.348437138590881
gen=40_member=6799_pso,50,storage_zminus_2p00,storage,Storage,S,0.8,0.096,0.12,0.022190548492442997,,,0.8,0.096,34.952641199999995,34.952751930942966,113.56528113094296,3.18988,3.641107605673836,4.958892394326163
gen=36_member=6120_pso,50,storage_zminus_2p00,storage,Storage,S,0.8,0.096,0.12,0.022190548492442997,,,0.8,0.096,35.9581376,35.95802982865704,114.57055902865704,3.68918,4.1704601993534025,4.429539800646597
gen=43_member=7295_pso,50,storage_zminus_2p00,storage,Storage,S,0.8,0.096,0.12,0.022190548492442997,,,0.8,0.096,35.5167708,35.51686845465705,114.12939765465704,3.46262,3.931519892331282,4.668480107668717
gen=37_member=6202_pso,50,storage_zminus_2p00,storage,Storage,S,0.8,0.096,0.12,0.022190548492442997,,,0.8,0.096,29.765634399999996,29.765572548609313,108.37810174860931,1.7877,2.099664917425262,6.500335082574738
gen=41_member=6991_pso,50,storage_zminus_2p00,storage,Storage,S,0.8,0.096,0.12,0.022190548492442997,,,0.8,0.096,36.3934888,36.393381324833584,115.00591052483358,3.91812,4.4182624141161115,4.181737585883888
gen=34_member=5786_pso,50,storage_zminus_2p00,storage,Storage,S,0.8,0.096,0.12,0.022190548492442997,,,0.8,0.096,35.6983528,35.69845644451818,114.31098564451818,3.5556,4.0339252607597595,4.56607473924024
gen=46_member=7820_pso,50,storage_zminus_2p00,storage,Storage,S,0.8,0.096,0.12,0.022190548492442997,,,0.8,0.096,35.8603284,35.860377441964175,114.47290664196417,3.63264,4.113119696266367,4.486880303733632
gen=49_member=8399_pso,50,storage_zminus_2p00,storage,Storage,S,0.8,0.096,0.12,0.022190548492442997,,,0.8,0.096,35.851862,35.85181623963164,114.46434543963164,3.62622,4.1061794600412105,4.493820539958789
gen=34_member=5808_pso,50,storage_zminus_2p00,storage,Storage,S,0.8,0.096,0.12,0.022190548492442997,,,0.8,0.096,36.496199600000004,36.496093279758526,115.10862247975852,3.95771,4.455049194968117,4.144950805031883
gen=43_member=7329_pso,50,storage_zminus_2p00,storage,Storage,S,0.8,0.096,0.12,0.022190548492442997,,,0.8,0.096,34.9811596,34.981147257172495,113.59367645717249,3.19666,3.648623884214282,4.951376115785718
gen=42_member=7088_pso,50,storage_zminus_2p00,storage,Storage,S,0.8,0.096,0.12,0.022190548492442997,,,0.8,0.096,35.7903692,35.79047148072272,114.40300068072271,3.60323,4.083114655448354,4.516885344551645
gen=45_member=7708_pso,50,storage_zminus_2p00,storage,Storage,S,0.8,0.096,0.12,0.022190548492442997,,,0.8,0.096,33.8571336,33.85718549462576,112.46971469462578,2.7429,3.152673169622498,5.447326830377502
gen=32_member=5495_pso,50,storage_zminus_2p00,storage,Storage,S,0.8,0.096,0.12,0.022190548492442997,,,0.8,0.096,25.922334399999997,25.92224315458362,104.53477235458361,1.29931,1.5567654711688983,7.043234528831102
gen=41_member=6992_pso,50,storage_zminus_2p00,storage,Storage,S,0.8,0.096,0.12,0.022190548492442997,,,0.8,0.096,35.8253488,35.82539989519937,114.43792909519937,3.61253,4.091385381629159,4.50861461837084
gen=44_member=7474_pso,50,storage_zminus_2p00,storage,Storage,S,0.8,0.096,0.12,0.022190548492442997,,,0.8,0.096,35.6065592,35.60659604089044,114.21912524089045,3.50006,3.9753541441347413,4.624645855865259
gen=38_member=6529_pso,50,storage_zminus_2p00,storage,Storage,S,0.8,0.096,0.12,0.022190548492442997,,,0.8,0.096,34.6110888,34.611036113818564,113.22356531381857,3.04111,3.472088730962152,5.127911269037847
gen=38_member=6418_pso,50,storage_zminus_2p00,storage,Storage,S,0.8,0.096,0.12,0.022190548492442997,,,0.8,0.096,34.4430976,34.443010318174956,113.05553951817497,2.97833,3.4010515301767947,5.198948469823205
gen=42_member=7193_pso,50,storage_zminus_2p00,storage,Storage,S,0.8,0.096,0.12,0.022190548492442997,,,0.8,0.096,33.445622,33.44556490244684,112.05809410244683,2.62386,3.0201594065530295,5.579840593446971
gen=40_member=6846_pso,50,storage_zminus_2p00,storage,Storage,S,0.8,0.096,0.12,0.022190548492442997,,,0.8,0.096,33.0759968,33.07610629167887,111.68863549167887,2.5122,2.8986248276570814,5.701375172342918
gen=42_member=7137_pso,50,storage_zminus_2p00,storage,Storage,S,0.8,0.096,0.12,0.022190548492442997,,,0.8,0.096,31.799798399999997,31.799870105395673,110.41239930539568,2.16651,2.520024479330698,6.079975520669302
gen=41_member=6951_pso,50,storage_zminus_2p00,storage,Storage,S,0.8,0.096,0.12,0.022190548492442997,,,0.8,0.096,31.7882128,31.788273688982024,110.40080288898203,2.16614,2.5150427259354946,6.0849572740645055
gen=44_member=7514_pso,50,storage_zminus_2p00,storage,Storage,S,0.8,0.096,0.12,0.022190548492442997,,,0.8,0.096,34.407672399999996,34.40775328560086,113.02028248560086,2.96984,3.3941581388224096,5.20584186117759
gen=26_member=4423_pso,50,storage_zminus_2p00,storage,Storage,S,0.8,0.096,0.12,0.022190548492442997,,,0.8,0.096,32.826238,32.826298754166096,111.43882795416609,2.44423,2.8211907702479304,5.778809229752069
gen=30_member=5151_pso,50,storage_zminus_2p00,storage,Storage,S,0.8,0.096,0.12,0.022190548492442997,,,0.8,0.096,36.297461999999996,36.297392702126395,114.9099219021264,3.85519,4.346782748834309,4.25321725116569
gen=36_member=6144_pso,50,storage_zminus_2p00,storage,Storage,S,0.8,0.096,0.12,0.022190548492442997,,,0.8,0.096,34.510605999999996,34.510550189225945,113.12307938922596,3.00686,3.4329700754872907,5.167029924512709
gen=41_member=6946_pso,50,storage_zminus_2p00,storage,Storage,S,0.8,0.096,0.12,0.022190548492442997,,,0.8,0.096,35.683425199999995,35.683385394119824,114.29591459411984,3.5443,4.020785209997126,4.579214790002873
gen=43_member=7239_pso,50,storage_zminus_2p00,storage,Storage,S,0.8,0.096,0.12,0.022190548492442997,,,0.8,0.096,35.7208556,35.72083483075705,114.33336403075705,3.56889,4.047919101189425,4.5520808988105745
gen=20_member=3413_pso,50,storage_zminus_2p00,storage,Storage,S,0.8,0.096,0.12,0.022190548492442997,,,0.8,0.096,32.9545708,32.95461211746549,111.5671413174655,2.47644,2.8570988180894425,5.7429011819105575
gen=35_member=5913_pso,50,storage_zminus_2p00,storage,Storage,S,0.8,0.096,0.12,0.022190548492442997,,,0.8,0.096,21.26195996,21.261970620979778,99.87449982097976,1.01633,1.2328472315472068,7.367152768452793
gen=47_member=7945_pso,50,storage_zminus_2p00,storage,Storage,S,0.8,0.096,0.12,0.022190548492442997,,,0.8,0.096,34.610420399999995,34.610460392456865,113.22298959245687,3.03486,3.4647584612096005,5.1352415387904
gen=31_member=5214_pso,50,storage_zminus_2p00,storage,Storage,S,0.8,0.096,0.12,0.022190548492442997,,,0.8,0.096,35.4428012,35.44276706150495,114.05529626150495,3.42253,3.893615769514933,4.7063842304850665
gen=35_member=5893_pso,50,storage_zminus_2p00,storage,Storage,S,0.8,0.096,0.12,0.022190548492442997,,,0.8,0.096,16.002053,16.002041893722712,94.61457109372272,0.813288,0.9875795429904733,7.612420457009526
gen=42_member=7082_pso,50,storage_zminus_2p00,storage,Storage,S,0.8,0.096,0.12,0.022190548492442997,,,0.8,0.096,33.697386,33.697411190937146,112.30994039093714,2.69841,3.1020260915677595,5.49797390843224
gen=44_member=7534_pso,50,storage_zminus_2p00,storage,Storage,S,0.8,0.096,0.12,0.022190548492442997,,,0.8,0.096,34.346848,34.34682017838482,112.95934937838484,2.93385,3.3543321548883727,5.245667845111627
gen=45_member=7645_pso,50,storage_zminus_2p00,storage,Storage,S,0.8,0.096,0.12,0.022190548492442997,,,0.8,0.096,35.619036,35.61911037390231,114.23163957390231,3.51669,3.99211748743224,4.60788251256776
gen=39_member=6590_pso,50,storage_zminus_2p00,storage,Storage,S,0.8,0.096,0.12,0.022190548492442997,,,0.8,0.096,36.736378,36.73640015568762,115.3489293556876,4.09121,4.596924046117463,4.0030759538825365
gen=38_member=6398_pso,50,storage_zminus_2p00,storage,Storage,S,0.8,0.096,0.12,0.022190548492442997,,,0.8,0.096,35.0974612,35.09741973001883,113.70994893001883,3.25449,3.711751835782571,4.888248164217428
gen=45_member=7594_pso,50,storage_zminus_2p00,storage,Storage,S,0.8,0.096,0.12,0.022190548492442997,,,0.8,0.096,36.3103844,36.31039554746737,114.92292474746739,3.8606,4.352323832781219,4.24767616721878
gen=48_member=8227_pso,50,storage_zminus_2p00,storage,Storage,S,0.8,0.096,0.12,0.022190548492442997,,,0.8,0.096,33.9072636,33.90734269461019,112.51987189461022,2.7553,3.16667575048055,5.433324249519449
gen=30_member=5150_pso,50,storage_zminus_2p00,storage,Storage,S,0.8,0.096,0.12,0.022190548492442997,,,0.8,0.096,36.47793,36.47794126781239,115.0904704678124,3.95517,4.4527162097590915,4.147283790240908
gen=49_member=8327_pso,50,storage_zminus_2p00,storage,Storage,S,0.8,0.096,0.12,0.022190548492442997,,,0.8,0.096,30.106963999999998,30.10695679161178,108.71948599161179,1.80674,2.1234620569598848,6.476537943040115
gen=43_member=7261_pso,50,storage_zminus_2p00,storage,Storage,S,0.8,0.096,0.12,0.022190548492442997,,,0.8,0.096,34.4863208,34.48623759426499,113.09876679426499,2.98936,3.4133483615627576,5.186651638437242
gen=36_member=6133_pso,50,storage_zminus_2p00,storage,Storage,S,0.8,0.096,0.12,0.022190548492442997,,,0.8,0.096,35.8721368,35.87203034437702,114.48455954437703,3.65379,4.135031930070834,4.464968069929165
gen=41_member=6892_pso,50,storage_zminus_2p00,storage,Storage,S,0.8,0.096,0.12,0.022190548492442997,,,0.8,0.096,29.7658572,29.765857301341477,108.37838650134148,1.79322,2.105516577749098,6.494483422250902
gen=47_member=8012_pso,50,storage_zminus_2p00,storage,Storage,S,0.8,0.096,0.12,0.022190548492442997,,,0.8,0.096,35.983982399999995,35.984022812402536,114.59655201240253,3.70111,4.184864237084731,4.415135762915269
gen=47_member=7966_pso,50,storage_zminus_2p00,storage,Storage,S,0.8,0.096,0.12,0.022190548492442997,,,0.8,0.096,33.7234536,33.72345101193558,112.3359802119356,2.70123,3.104894095091821,5.495105904908179
gen=49_member=8363_pso,50,storage_zminus_2p00,storage,Storage,S,0.8,0.096,0.12,0.022190548492442997,,,0.8,0.096,35.4777808,35.477807888172215,114.09033708817222,3.43975,3.9081342381206916,4.691865761879308
gen=44_member=7456_pso,50,storage_zminus_2p00,storage,Storage,S,0.8,0.096,0.12,0.022190548492442997,,,0.8,0.096,35.4550552,35.454985598383615,114.06751479838361,3.43116,3.902695501422565,4.697304498577434
gen=40_member=6804_pso,50,storage_zminus_2p00,storage,Storage,S,0.8,0.096,0.12,0.022190548492442997,,,0.8,0.096,34.5288756,34.528979791643806,113.14150899164382,3.01687,3.443046873763482,5.156953126236518
gen=38_member=6471_pso,50,storage_zminus_2p00,storage,Storage,S,0.8,0.096,0.12,0.022190548492442997,,,0.8,0.096,35.0604764,35.06049322067706,113.67302242067706,3.24426,3.7008360418666615,4.899163958133338
gen=22_member=3634_pso,50,storage_zminus_2p00,storage,Storage,S,0.8,0.096,0.12,0.022190548492442997,,,0.8,0.096,33.487508399999996,33.48751472965719,112.1000439296572,2.63496,3.031903596675453,5.568096403324547
gen=44_member=7539_pso,50,storage_zminus_2p00,storage,Storage,S,0.8,0.096,0.12,0.022190548492442997,,,0.8,0.096,36.0109412,36.01086498046887,114.62339418046886,3.71574,4.198652524658817,4.401347475341183
gen=49_member=8356_pso,50,storage_zminus_2p00,storage,Storage,S,0.8,0.096,0.12,0.022190548492442997,,,0.8,0.096,32.883720399999994,32.88362932713905,111.49615852713904,2.45508,2.83361140448199,5.766388595518009
gen=46_member=7849_pso,50,storage_zminus_2p00,storage,Storage,S,0.8,0.096,0.12,0.022190548492442997,,,0.8,0.096,33.7256816,33.7256272553146,112.3381564553146,2.71464,3.1196875239113333,5.480312476088667
gen=42_member=7200_pso,50,storage_zminus_2p00,storage,Storage,S,0.8,0.096,0.12,0.022190548492442997,,,0.8,0.096,35.3322924,35.33222140569574,113.94475060569573,3.37515,3.842497094732856,4.757502905267144
gen=38_member=6459_pso,50,storage_zminus_2p00,storage,Storage,S,0.8,0.096,0.12,0.022190548492442997,,,0.8,0.096,36.735932399999996,36.73590992805043,115.34843912805044,4.07908,4.583757766663556,4.016242233336444
gen=40_member=6838_pso,50,storage_zminus_2p00,storage,Storage,S,0.8,0.096,0.12,0.022190548492442997,,,0.8,0.096,27.5438728,27.54385585819388,106.15638505819388,1.42018,1.6908888901077936,6.909111109892206
gen=35_member=5994_pso,50,storage_zminus_2p00,storage,Storage,S,0.8,0.096,0.12,0.022190548492442997,,,0.8,0.096,34.683276,34.68326987798987,113.29579907798986,3.07603,3.514603813162356,5.085396186837643
gen=39_member=6670_pso,50,storage_zminus_2p00,storage,Storage,S,0.8,0.096,0.12,0.022190548492442997,,,0.8,0.096,32.435669600000004,32.43577512726643,111.04830432726642,2.33137,2.697464317279339,5.902535682720661
gen=48_member=8120_pso,50,storage_zminus_2p00,storage,Storage,S,0.8,0.096,0.12,0.022190548492442997,,,0.8,0.096,36.049485600000004,36.049477181493145,114.66200638149316,3.72385,4.2071303693991355,4.392869630600864
gen=47_member=7929_pso,50,storage_zminus_2p00,storage,Storage,S,0.8,0.096,0.12,0.022190548492442997,,,0.8,0.096,33.2756256,33.27569117913837,111.88822037913837,2.58067,2.9743266569123885,5.625673343087611
gen=32_member=5467_pso,50,storage_zminus_2p00,storage,Storage,S,0.8,0.096,0.12,0.022190548492442997,,,0.8,0.096,35.4252,35.425295105606956,114.03782430560697,3.40923,3.8790785402068964,4.720921459793104
gen=45_member=7589_pso,50,storage_zminus_2p00,storage,Storage,S,0.8,0.096,0.12,0.022190548492442997,,,0.8,0.096,35.264561199999996,35.264548182297666,113.87707738229766,3.34169,3.803935441313539,4.79606455868646
gen=42_member=7063_pso,50,storage_zminus_2p00,storage,Storage,S,0.8,0.096,0.12,0.022190548492442997,,,0.8,0.096,32.7798956,32.77998072785285,111.39250992785287,2.41578,2.789735057535156,5.810264942464844
gen=46_member=7783_pso,50,storage_zminus_2p00,storage,Storage,S,0.8,0.096,0.12,0.022190548492442997,,,0.8,0.096,35.2509704,35.250884894283324,113.86341409428333,3.33505,3.7994549850432113,4.800545014956788
gen=42_member=7112_pso,50,storage_zminus_2p00,storage,Storage,S,0.8,0.096,0.12,0.022190548492442997,,,0.8,0.096,29.955014399999996,29.954952265185444,108.56748146518542,1.80414,2.1173366867623273,6.482663313237673
gen=43_member=7278_pso,50,storage_zminus_2p00,storage,Storage,S,0.8,0.096,0.12,0.022190548492442997,,,0.8,0.096,26.961028,26.96102909294159,105.5735582929416,1.36641,1.6335857155247857,6.9664142844752135
gen=48_member=8123_pso,50,storage_zminus_2p00,storage,Storage,S,0.8,0.096,0.12,0.022190548492442997,,,0.8,0.096,35.7057052,35.70569359544761,114.31822279544762,3.56822,4.046809421882002,4.553190578117998
gen=38_member=6409_pso,50,storage_zminus_2p00,storage,Storage,S,0.8,0.096,0.12,0.022190548492442997,,,0.8,0.096,35.5586572,35.558655547749574,114.17118474774956,3.48534,3.961245505447369,4.6387544945526304
gen=36_member=6139_pso,50,storage_zminus_2p00,storage,Storage,S,0.8,0.096,0.12,0.022190548492442997,,,0.8,0.096,36.7221188,36.722176673504485,115.33470587350449,4.07625,4.580650034500241,4.019349965499758
gen=40_member=6783_pso,50,storage_zminus_2p00,storage,Storage,S,0.8,0.096,0.12,0.022190548492442997,,,0.8,0.096,34.2880288,34.28795088667764,112.90048008667765,2.92983,3.365881694187007,5.234118305812993
gen=29_member=4924_pso,50,storage_zminus_2p00,storage,Storage,S,0.8,0.096,0.12,0.022190548492442997,,,0.8,0.096,33.3221908,33.32221023991749,111.93473943991748,2.58783,2.9811739922003104,5.618826007799689
gen=46_member=7822_pso,50,storage_zminus_2p00,storage,Storage,S,0.8,0.096,0.12,0.022190548492442997,,,0.8,0.096,36.6993932,36.69936383186918,115.31189303186918,4.06609,4.570702962556503,4.029297037443497
gen=33_member=5655_pso,50,storage_zminus_2p00,storage,Storage,S,0.8,0.096,0.12,0.022190548492442997,,,0.8,0.096,35.6303988,35.630370058555734,114.24289925855572,3.51718,3.9920216306307803,4.607978369369219
gen=31_member=5227_pso,50,storage_zminus_2p00,storage,Storage,S,0.8,0.096,0.12,0.022190548492442997,,,0.8,0.096,33.1920756,33.191986899653344,111.80451609965334,2.57051,2.9605095154823493,5.63949048451765
gen=46_member=7810_pso,50,storage_zminus_2p00,storage,Storage,S,0.8,0.096,0.12,0.022190548492442997,,,0.8,0.096,34.574104,34.57406416730866,113.18659336730867,3.02342,3.4512010508203237,5.148798949179676
gen=28_member=4720_pso,50,storage_zminus_2p00,storage,Storage,S,0.8,0.096,0.12,0.022190548492442997,,,0.8,0.096,35.3848732,35.38488870745046,113.99741790745045,3.39794,3.867014045270536,4.732985954729464
gen=31_member=5250_pso,50,storage_zminus_2p00,storage,Storage,S,0.8,0.096,0.12,0.022190548492442997,,,0.8,0.096,34.0534204,34.05351185359164,112.66604105359163,2.82385,3.2500787951683012,5.349921204831698
gen=46_member=7862_pso,50,storage_zminus_2p00,storage,Storage,S,0.8,0.096,0.12,0.022190548492442997,,,0.8,0.096,34.5019168,34.50190548961805,113.11443468961807,2.9983,3.4224072778650805,5.17759272213492
gen=29_member=4911_pso,50,storage_zminus_2p00,storage,Storage,S,0.8,0.096,0.12,0.022190548492442997,,,0.8,0.096,33.8640404,33.86401239624249,112.47654159624248,2.75415,3.1619250190242503,5.438074980975749
gen=43_member=7385_pso,50,storage_zminus_2p00,storage,Storage,S,0.8,0.096,0.12,0.022190548492442997,,,0.8,0.096,26.117729999999998,26.117703630103588,104.73023283010357,1.30432,1.561159977379258,7.038840022620741
gen=34_member=5724_pso,50,storage_zminus_2p00,storage,Storage,S,0.8,0.096,0.12,0.022190548492442997,,,0.8,0.096,35.5597712,35.55966917902097,114.17219837902098,3.48909,3.9650096268748785,4.634990373125121
gen=39_member=6557_pso,50,storage_zminus_2p00,storage,Storage,S,0.8,0.096,0.12,0.022190548492442997,,,0.8,0.096,30.951821600000002,30.95190437561837,109.56443357561837,1.98352,2.3169401509261043,6.283059849073895
gen=43_member=7341_pso,50,storage_zminus_2p00,storage,Storage,S,0.8,0.096,0.12,0.022190548492442997,,,0.8,0.096,35.697461600000004,35.69752068422161,114.31004988422161,3.54777,4.025321468388823,4.574678531611177
gen=37_member=6349_pso,50,storage_zminus_2p00,storage,Storage,S,0.8,0.096,0.12,0.022190548492442997,,,0.8,0.096,33.8629264,33.862942575484915,112.47547177548492,2.74347,3.1529501714158203,5.447049828584179
gen=41_member=6889_pso,50,storage_zminus_2p00,storage,Storage,S,0.8,0.096,0.12,0.022190548492442997,,,0.8,0.096,27.384348,27.38432060845482,105.99684980845481,1.4106,1.6801265162838852,6.919873483716114
gen=47_member=8010_pso,50,storage_zminus_2p00,storage,Storage,S,0.8,0.096,0.12,0.022190548492442997,,,0.8,0.096,33.483498,33.48339815320258,112.09592735320258,2.63426,3.032546403796674,5.567453596203325
gen=38_member=6465_pso,50,storage_zminus_2p00,storage,Storage,S,0.8,0.096,0.12,0.022190548492442997,,,0.8,0.096,35.5849476,35.58483752237572,114.19736672237573,3.49711,3.973653613857852,4.626346386142147
gen=29_member=4976_pso,50,storage_zminus_2p00,storage,Storage,S,0.8,0.096,0.12,0.022190548492442997,,,0.8,0.096,32.8534196,32.85346614458213,111.46599534458214,2.44488,2.8218983803369064,5.778101619663094
gen=34_member=5729_pso,50,storage_zminus_2p00,storage,Storage,S,0.8,0.096,0.12,0.022190548492442997,,,0.8,0.096,36.1272428,36.12729970982421,114.7398289098242,3.76248,4.248277890553408,4.351722109446592
gen=46_member=7888_pso,50,storage_zminus_2p00,storage,Storage,S,0.8,0.096,0.12,0.022190548492442997,,,0.8,0.096,32.783460399999996,32.783404919650515,111.3959341196505,2.41843,2.7926434005171554,5.807356599482844
gen=46_member=7821_pso,50,storage_zminus_2p00,storage,Storage,S,0.8,0.096,0.12,0.022190548492442997,,,0.8,0.096,31.01933,31.019254054929405,109.63178325492942,1.99327,2.3275370870992687,6.272462912900731
gen=48_member=8165_pso,50,storage_zminus_2p00,storage,Storage,S,0.8,0.096,0.12,0.022190548492442997,,,0.8,0.096,35.0845388,35.08459194378328,113.69712114378328,3.24714,3.703744166095991,4.896255833904009
gen=36_member=6131_pso,50,storage_zminus_2p00,storage,Storage,S,0.8,0.096,0.12,0.022190548492442997,,,0.8,0.096,36.0098272,36.00986073528155,114.62238993528156,3.70849,4.192211942306811,4.407788057693189
gen=32_member=5391_pso,50,storage_zminus_2p00,storage,Storage,S,0.8,0.096,0.12,0.022190548492442997,,,0.8,0.096,33.261589199999996,33.261505768011496,111.8740349680115,2.57343,2.9651325538325195,5.63486744616748
gen=34_member=5740_pso,50,storage_zminus_2p00,storage,Storage,S,0.8,0.096,0.12,0.022190548492442997,,,0.8,0.096,27.0249716,27.025055498234494,105.63758469823449,1.37217,1.6373170265540464,6.962682973445953
gen=35_member=5978_pso,50,storage_zminus_2p00,storage,Storage,S,0.8,0.096,0.12,0.022190548492442997,,,0.8,0.096,35.7979444,35.798046250315835,114.41057545031585,3.60663,4.086004354737426,4.513995645262574
gen=32_member=5373_pso,50,storage_zminus_2p00,storage,Storage,S,0.8,0.096,0.12,0.022190548492442997,,,0.8,0.096,34.4901084,34.49010839919886,113.10263759919886,2.995,3.4249885166805285,5.175011483319471
gen=44_member=7565_pso,50,storage_zminus_2p00,storage,Storage,S,0.8,0.096,0.12,0.022190548492442997,,,0.8,0.096,32.9715036,32.97144846847227,111.58397766847226,2.47831,2.8606538659165297,5.73934613408347
gen=45_member=7737_pso,50,storage_zminus_2p00,storage,Storage,S,0.8,0.096,0.12,0.022190548492442997,,,0.8,0.096,36.1261288,36.12613241634489,114.7386616163449,3.75756,4.243639024785457,4.3563609752145425
gen=35_member=6019_pso,50,storage_zminus_2p00,storage,Storage,S,0.8,0.096,0.12,0.022190548492442997,,,0.8,0.096,36.062408,36.06245626130536,114.67498546130537,3.73038,4.214183771997433,4.385816228002566
gen=46_member=7796_pso,50,storage_zminus_2p00,storage,Storage,S,0.8,0.096,0.12,0.022190548492442997,,,0.8,0.096,35.467532,35.46763029885118,114.08015949885117,3.43824,3.9102377052201085,4.689762294779891
gen=47_member=7977_pso,50,storage_zminus_2p00,storage,Storage,S,0.8,0.096,0.12,0.022190548492442997,,,0.8,0.096,35.5069676,35.506986680921436,114.11951588092144,3.45533,3.927510533246203,4.672489466753797
gen=49_member=8311_pso,50,storage_zminus_2p00,storage,Storage,S,0.8,0.096,0.12,0.022190548492442997,,,0.8,0.096,36.0073764,36.00733726709178,114.61986646709177,3.70558,4.188708832341296,4.411291167658703
gen=29_member=4851_pso,50,storage_zminus_2p00,storage,Storage,S,0.8,0.096,0.12,0.022190548492442997,,,0.8,0.096,35.2643384,35.264277472776136,113.87680667277613,3.33985,3.8044687611200954,4.795531238879905
gen=34_member=5819_pso,50,storage_zminus_2p00,storage,Storage,S,0.8,0.096,0.12,0.022190548492442997,,,0.8,0.096,34.5609588,34.56103873283972,113.17356793283972,3.0224,3.450731727736544,5.1492682722634555
gen=38_member=6490_pso,50,storage_zminus_2p00,storage,Storage,S,0.8,0.096,0.12,0.022190548492442997,,,0.8,0.096,36.0697604,36.069858023161345,114.68238722316136,3.73254,4.216533984122802,4.383466015877198
gen=42_member=7145_pso,50,storage_zminus_2p00,storage,Storage,S,0.8,0.096,0.12,0.022190548492442997,,,0.8,0.096,36.306151199999995,36.30614392385608,114.9186731238561,3.85887,4.352760242353467,4.247239757646533
gen=28_member=4655_pso,50,storage_zminus_2p00,storage,Storage,S,0.8,0.096,0.12,0.022190548492442997,,,0.8,0.096,33.7361532,33.73614280489097,112.34867200489097,2.71633,3.1214364722145924,5.478563527785408
gen=24_member=4008_pso,50,storage_zminus_2p00,storage,Storage,S,0.8,0.096,0.12,0.022190548492442997,,,0.8,0.096,33.7668996,33.76696087691461,112.3794900769146,2.71969,3.126542795587283,5.473457204412717
gen=34_member=5732_pso,50,storage_zminus_2p00,storage,Storage,S,0.8,0.096,0.12,0.022190548492442997,,,0.8,0.096,33.7822728,33.7821917262945,112.39472092629453,2.72045,3.1257759098000997,5.4742240901999
gen=40_member=6768_pso,50,storage_zminus_2p00,storage,Storage,S,0.8,0.096,0.12,0.022190548492442997,,,0.8,0.096,36.653050799999995,36.65302211816361,115.26555131816362,4.06357,4.571615904114797,4.028384095885203
gen=44_member=7554_pso,50,storage_zminus_2p00,storage,Storage,S,0.8,0.096,0.12,0.022190548492442997,,,0.8,0.096,33.7114224,33.71131958774986,112.32384878774988,2.69854,3.101920794579311,5.498079205420689
gen=18_member=3072_pso,50,storage_zminus_2p00,storage,Storage,S,0.8,0.096,0.12,0.022190548492442997,,,0.8,0.096,37.154796399999995,37.15490686727385,115.76743606727385,4.37912,4.907506264340605,3.6924937356593945
gen=50_member=8445_pso,50,storage_zminus_2p00,storage,Storage,S,0.8,0.096,0.12,0.022190548492442997,,,0.8,0.096,20.94736636,20.947372107145803,99.55990130714581,1.01547,1.2280241169380874,7.371975883061912
gen=50_member=8506_pso,50,storage_zminus_2p00,storage,Storage,S,0.8,0.096,0.12,0.022190548492442997,,,0.8,0.096,36.1778184,36.17771080932583,114.79024000932583,3.79088,4.278846578281803,4.321153421718197
gen=50_member=8596_pso,50,storage_zminus_2p00,storage,Storage,S,0.8,0.096,0.12,0.022190548492442997,,,0.8,0.096,31.6560924,31.656131000200023,110.26866020020003,2.13446,2.4851775985135367,6.114822401486463
gen=50_member=8464_pso,50,storage_zminus_2p00,storage,Storage,S,0.8,0.096,0.12,0.022190548492442997,,,0.8,0.096,35.1692028,35.16929619734085,113.78182539734085,3.28738,3.7462592615013923,4.853740738498607
gen=50_member=8489_pso,50,storage_zminus_2p00,storage,Storage,S,0.8,0.096,0.12,0.022190548492442997,,,0.8,0.096,33.927984,33.928075253726064,112.54060445372608,2.76217,3.1741270096637666,5.425872990336233
gen=50_member=8579_pso,50,storage_zminus_2p00,storage,Storage,S,0.8,0.096,0.12,0.022190548492442997,,,0.8,0.096,35.2674576,35.267503555717184,113.8800327557172,3.34196,3.8067028595504913,4.793297140449509
gen=50_member=8474_pso,50,storage_zminus_2p00,storage,Storage,S,0.8,0.096,0.12,0.022190548492442997,,,0.8,0.096,28.369124,28.369120398124426,106.98164959812442,1.54501,1.8331022923233482,6.766897707676652
gen=50_member=8555_pso,50,storage_zminus_2p00,storage,Storage,S,0.8,0.096,0.12,0.022190548492442997,,,0.8,0.096,34.7982408,34.798261721440575,113.41079092144058,3.12278,3.5671766719878497,5.0328233280121495
gen=50_member=8483_pso,50,storage_zminus_2p00,storage,Storage,S,0.8,0.096,0.12,0.022190548492442997,,,0.8,0.096,32.124418,32.12450543561306,110.73703463561304,2.25475,2.612761688899176,5.987238311100824
gen=50_member=8443_pso,50,storage_zminus_2p00,storage,Storage,S,0.8,0.096,0.12,0.022190548492442997,,,0.8,0.096,29.0288348,29.028751720435796,107.64128092043579,1.62866,1.923389575412628,6.676610424587372
gen=50_member=8469_pso,50,storage_zminus_2p00,storage,Storage,S,0.8,0.096,0.12,0.022190548492442997,,,0.8,0.096,27.342684399999996,27.342638190802248,105.95516739080225,1.39731,1.6645198979306621,6.935480102069338
gen=50_member=8584_pso,50,storage_zminus_2p00,storage,Storage,S,0.8,0.096,0.12,0.022190548492442997,,,0.8,0.096,36.776259200000005,36.77633515260383,115.38886435260383,4.09976,4.608090898633162,3.9919091013668373
gen=50_member=8572_pso,50,storage_zminus_2p00,storage,Storage,S,0.8,0.096,0.12,0.022190548492442997,,,0.8,0.096,35.3808628,35.38077037906462,113.99329957906461,3.38958,3.8577842464175687,4.742215753582431
gen=50_member=8550_pso,50,storage_zminus_2p00,storage,Storage,S,0.8,0.096,0.12,0.022190548492442997,,,0.8,0.096,35.4354488,35.43550778076299,114.048036980763,3.41089,3.880908683530978,4.719091316469022
gen=50_member=8507_pso,50,storage_zminus_2p00,storage,Storage,S,0.8,0.096,0.12,0.022190548492442997,,,0.8,0.096,29.1130532,29.113125122660595,107.72565432266059,1.64928,1.9469675390807872,6.653032460919213
gen=50_member=8467_pso,50,storage_zminus_2p00,storage,Storage,S,0.8,0.096,0.12,0.022190548492442997,,,0.8,0.096,28.4317308,28.431750054504132,107.04427925450413,1.56923,1.8573220744104622,6.742677925589538
gen=50_member=8487_pso,50,storage_zminus_2p00,storage,Storage,S,0.8,0.096,0.12,0.022190548492442997,,,0.8,0.096,35.5025116,35.50262187067714,114.11515107067714,3.45215,3.922969271016569,4.67703072898343
152,50,storage_zminus_1p60,storage,Storage,S,0.84,0.10079999999999999,0.12,0.045588999785278535,,,0.84,0.10079999999999999,39.0853584,39.0854414587126,117.6979706587126,4.78258,5.217437041255892,3.3825629587441073
gen=36_member=6021_pso,50,storage_zminus_1p60,storage,Storage,S,0.84,0.10079999999999999,0.12,0.045588999785278535,,,0.84,0.10079999999999999,15.73043752,15.730428646974957,94.34295784697495,0.811083,0.9447272697854758,7.655272730214524
16,50,storage_zminus_1p60,storage,Storage,S,0.84,0.10079999999999999,0.12,0.045588999785278535,,,0.84,0.10079999999999999,38.467534,38.46752870631738,117.08005790631736,4.48927,4.909594658188795,3.6904053418112044
130,50,storage_zminus_1p60,storage,Storage,S,0.84,0.10079999999999999,0.12,0.045588999785278535,,,0.84,0.10079999999999999,38.6001,38.60014577795708,117.21267497795709,4.69071,5.119258381066007,3.480741618933993
95,50,storage_zminus_1p60,storage,Storage,S,0.84,0.10079999999999999,0.12,0.045588999785278535,,,0.84,0.10079999999999999,38.900657200000005,38.90068138512153,117.51321058512153,4.70127,5.135277871578018,3.4647221284219816
156,50,storage_zminus_1p60,storage,Storage,S,0.84,0.10079999999999999,0.12,0.045588999785278535,,,0.84,0.10079999999999999,37.6137644,37.61379239712806,116.22632159712806,4.4265,4.8385920069638315,3.761407993036168
gen=47_member=7948_pso,50,storage_zminus_1p60,storage,Storage,S,0.84,0.10079999999999999,0.12,0.045588999785278535,,,0.84,0.10079999999999999,28.5299856,28.529932454502454,107.14246165450244,1.5703,1.7927439317332152,6.807256068266785
gen=48_member=8161_pso,50,storage_zminus_1p60,storage,Storage,S,0.84,0.10079999999999999,0.12,0.045588999785278535,,,0.84,0.10079999999999999,24.5082228,24.508282368015493,103.1208115680155,1.17026,1.362959155340069,7.237040844659931
gen=33_member=5661_pso,50,storage_zminus_1p60,storage,Storage,S,0.84,0.10079999999999999,0.12,0.045588999785278535,,,0.84,0.10079999999999999,36.8916696,36.89173247767671,115.50426167767671,4.21575,4.617350619319856,3.9826493806801437
gen=47_member=7921_pso,50,storage_zminus_1p60,storage,Storage,S,0.84,0.10079999999999999,0.12,0.045588999785278535,,,0.84,0.10079999999999999,37.0291372,37.029124549782175,115.6416537497822,4.27101,4.674424092040909,3.9255759079590904
gen=40_member=6722_pso,50,storage_zminus_1p60,storage,Storage,S,0.84,0.10079999999999999,0.12,0.045588999785278535,,,0.84,0.10079999999999999,29.2066292,29.206608318766545,107.81913751876654,1.65561,1.8854604803899913,6.714539519610009
gen=48_member=8113_pso,50,storage_zminus_1p60,storage,Storage,S,0.84,0.10079999999999999,0.12,0.045588999785278535,,,0.84,0.10079999999999999,37.0135412,37.01352492542517,115.62605412542518,4.2324,4.6342801537100575,3.965719846289942
gen=48_member=8218_pso,50,storage_zminus_1p60,storage,Storage,S,0.84,0.10079999999999999,0.12,0.045588999785278535,,,0.84,0.10079999999999999,36.6236412,36.62363801974855,115.23616721974857,4.03399,4.423428163351418,4.176571836648582
gen=42_member=7058_pso,50,storage_zminus_1p60,storage,Storage,S,0.84,0.10079999999999999,0.12,0.045588999785278535,,,0.84,0.10079999999999999,17.825114,17.82511697626178,96.4376461762618,0.864582,1.0142270237887878,7.585772976211212
gen=48_member=8245_pso,50,storage_zminus_1p60,storage,Storage,S,0.84,0.10079999999999999,0.12,0.045588999785278535,,,0.84,0.10079999999999999,36.87897,36.87888641911074,115.49141561911075,4.17121,4.571347355136739,4.028652644863261
gen=41_member=6922_pso,50,storage_zminus_1p60,storage,Storage,S,0.84,0.10079999999999999,0.12,0.045588999785278535,,,0.84,0.10079999999999999,32.1159516,32.11592080418332,110.72845000418333,2.24821,2.52428272246791,6.07571727753209
gen=41_member=6885_pso,50,storage_zminus_1p60,storage,Storage,S,0.84,0.10079999999999999,0.12,0.045588999785278535,,,0.84,0.10079999999999999,16.94815092,16.94814371857778,95.56067291857778,0.828565,0.9684593232507689,7.631540676749231
gen=37_member=6262_pso,50,storage_zminus_1p60,storage,Storage,S,0.84,0.10079999999999999,0.12,0.045588999785278535,,,0.84,0.10079999999999999,25.3729096,25.372800727077287,103.98532992707726,1.2425,1.4388730905432512,7.1611269094567485
gen=39_member=6554_pso,50,storage_zminus_1p60,storage,Storage,S,0.84,0.10079999999999999,0.12,0.045588999785278535,,,0.84,0.10079999999999999,22.91498,22.91493475179726,101.52746395179726,1.07599,1.2583917819951531,7.341608218004847
gen=44_member=7409_pso,50,storage_zminus_1p60,storage,Storage,S,0.84,0.10079999999999999,0.12,0.045588999785278535,,,0.84,0.10079999999999999,29.026161199999997,29.02617500954204,107.63870420954201,1.61819,1.8435465603752113,6.756453439624789
gen=33_member=5597_pso,50,storage_zminus_1p60,storage,Storage,S,0.84,0.10079999999999999,0.12,0.045588999785278535,,,0.84,0.10079999999999999,20.425457360000003,20.425447005160812,99.03797620516082,0.993719,1.1570267501311233,7.442973249868876
gen=35_member=5926_pso,50,storage_zminus_1p60,storage,Storage,S,0.84,0.10079999999999999,0.12,0.045588999785278535,,,0.84,0.10079999999999999,28.758578399999998,28.75848621927199,107.371015419272,1.60584,1.830743799351819,6.769256200648181
gen=42_member=7147_pso,50,storage_zminus_1p60,storage,Storage,S,0.84,0.10079999999999999,0.12,0.045588999785278535,,,0.84,0.10079999999999999,36.785394,36.78548226240043,115.39801146240043,4.12536,4.52294423799981,4.07705576200019
gen=47_member=7992_pso,50,storage_zminus_1p60,storage,Storage,S,0.84,0.10079999999999999,0.12,0.045588999785278535,,,0.84,0.10079999999999999,37.303181200000004,37.30318347661641,115.91571267661642,4.41535,4.826993464435407,3.7730065355645923
gen=44_member=7479_pso,50,storage_zminus_1p60,storage,Storage,S,0.84,0.10079999999999999,0.12,0.045588999785278535,,,0.84,0.10079999999999999,29.72709,29.726992928553695,108.3395221285537,1.7727,2.0129642111353183,6.587035788864681
gen=46_member=7840_pso,50,storage_zminus_1p60,storage,Storage,S,0.84,0.10079999999999999,0.12,0.045588999785278535,,,0.84,0.10079999999999999,27.838414399999998,27.838357196260656,106.45088639626066,1.46259,1.6746704502916419,6.925329549708358
gen=36_member=6076_pso,50,storage_zminus_1p60,storage,Storage,S,0.84,0.10079999999999999,0.12,0.045588999785278535,,,0.84,0.10079999999999999,37.071692,37.07165394641189,115.6841831464119,4.31441,4.7214318187483935,3.878568181251606
gen=39_member=6576_pso,50,storage_zminus_1p60,storage,Storage,S,0.84,0.10079999999999999,0.12,0.045588999785278535,,,0.84,0.10079999999999999,24.576845199999998,24.57679423226629,103.18932343226629,1.21064,1.4011439063271314,7.198856093672868
gen=46_member=7833_pso,50,storage_zminus_1p60,storage,Storage,S,0.84,0.10079999999999999,0.12,0.045588999785278535,,,0.84,0.10079999999999999,30.2738412,30.273822445456965,108.88635164545695,1.83739,2.082560558878597,6.517439441121402
gen=36_member=6039_pso,50,storage_zminus_1p60,storage,Storage,S,0.84,0.10079999999999999,0.12,0.045588999785278535,,,0.84,0.10079999999999999,34.2367848,34.236759922666806,112.84928912266682,2.88658,3.2126951579894505,5.387304842010549
gen=45_member=7630_pso,50,storage_zminus_1p60,storage,Storage,S,0.84,0.10079999999999999,0.12,0.045588999785278535,,,0.84,0.10079999999999999,20.27341864,20.273425248681576,98.88595444868157,0.964314,1.1299660581916182,7.470033941808381
gen=41_member=7002_pso,50,storage_zminus_1p60,storage,Storage,S,0.84,0.10079999999999999,0.12,0.045588999785278535,,,0.84,0.10079999999999999,31.456018,31.456010064777686,110.0685392647777,2.09323,2.3584701267866457,6.241529873213354
gen=44_member=7416_pso,50,storage_zminus_1p60,storage,Storage,S,0.84,0.10079999999999999,0.12,0.045588999785278535,,,0.84,0.10079999999999999,22.539562,22.53949283051267,101.15202203051267,1.03735,1.2156228509926477,7.384377149007352
gen=48_member=8130_pso,50,storage_zminus_1p60,storage,Storage,S,0.84,0.10079999999999999,0.12,0.045588999785278535,,,0.84,0.10079999999999999,30.2965668,30.29664546331896,108.90917466331896,1.8663,2.1128577927379584,6.487142207262041
gen=42_member=7150_pso,50,storage_zminus_1p60,storage,Storage,S,0.84,0.10079999999999999,0.12,0.045588999785278535,,,0.84,0.10079999999999999,23.0183592,23.018345966531463,101.63087516653145,1.08725,1.2630791356378868,7.336920864362113
gen=46_member=7861_pso,50,storage_zminus_1p60,storage,Storage,S,0.84,0.10079999999999999,0.12,0.045588999785278535,,,0.84,0.10079999999999999,36.5779672,36.57795625745423,115.19048545745423,4.0076,4.3994167093529875,4.200583290647012
gen=47_member=8013_pso,50,storage_zminus_1p60,storage,Storage,S,0.84,0.10079999999999999,0.12,0.045588999785278535,,,0.84,0.10079999999999999,24.1898416,24.189885878306495,102.80241507830647,1.14776,1.335122519974001,7.264877480025999
gen=34_member=5833_pso,50,storage_zminus_1p60,storage,Storage,S,0.84,0.10079999999999999,0.12,0.045588999785278535,,,0.84,0.10079999999999999,37.0554276,37.05546674905064,115.66799594905063,4.29346,4.698654930555208,3.9013450694447913
gen=29_member=4835_pso,50,storage_zminus_1p60,storage,Storage,S,0.84,0.10079999999999999,0.12,0.045588999785278535,,,0.84,0.10079999999999999,31.1628132,31.16289112554577,109.77542032554577,2.02499,2.286280636126329,6.313719363873671
gen=43_member=7309_pso,50,storage_zminus_1p60,storage,Storage,S,0.84,0.10079999999999999,0.12,0.045588999785278535,,,0.84,0.10079999999999999,28.36244,28.362383210764136,106.97491241076413,1.53641,1.7555700170423463,6.844429982957653
gen=42_member=7162_pso,50,storage_zminus_1p60,storage,Storage,S,0.84,0.10079999999999999,0.12,0.045588999785278535,,,0.84,0.10079999999999999,34.2657488,34.265693983561704,112.87822318356172,2.92099,3.2485424337279376,5.351457566272062
gen=43_member=7394_pso,50,storage_zminus_1p60,storage,Storage,S,0.84,0.10079999999999999,0.12,0.045588999785278535,,,0.84,0.10079999999999999,29.6994628,29.69937939750987,108.31190859750988,1.74092,1.9780604264239894,6.62193957357601
gen=47_member=7994_pso,50,storage_zminus_1p60,storage,Storage,S,0.84,0.10079999999999999,0.12,0.045588999785278535,,,0.84,0.10079999999999999,27.7078536,27.707961235794844,106.32049043579485,1.42551,1.6345713400810413,6.965428659918958
gen=48_member=8212_pso,50,storage_zminus_1p60,storage,Storage,S,0.84,0.10079999999999999,0.12,0.045588999785278535,,,0.84,0.10079999999999999,25.5088176,25.50891213870453,104.12144133870451,1.2664,1.4630970857097148,7.136902914290285
gen=34_member=5718_pso,50,storage_zminus_1p60,storage,Storage,S,0.84,0.10079999999999999,0.12,0.045588999785278535,,,0.84,0.10079999999999999,19.217970479999998,19.217975104740983,97.83050430474097,0.92753,1.0764879847442568,7.523512015255743
gen=40_member=6749_pso,50,storage_zminus_1p60,storage,Storage,S,0.84,0.10079999999999999,0.12,0.045588999785278535,,,0.84,0.10079999999999999,32.0337384,32.033822459218676,110.64635165921867,2.22633,2.502601921196276,6.097398078803724
gen=45_member=7712_pso,50,storage_zminus_1p60,storage,Storage,S,0.84,0.10079999999999999,0.12,0.045588999785278535,,,0.84,0.10079999999999999,31.9644476,31.96441941761888,110.57694861761888,2.20694,2.4813969371065747,6.118603062893425
gen=49_member=8286_pso,50,storage_zminus_1p60,storage,Storage,S,0.84,0.10079999999999999,0.12,0.045588999785278535,,,0.84,0.10079999999999999,31.885799199999997,31.88574680923485,110.49827600923484,2.18552,2.458799406664114,6.141200593335886
gen=47_member=7987_pso,50,storage_zminus_1p60,storage,Storage,S,0.84,0.10079999999999999,0.12,0.045588999785278535,,,0.84,0.10079999999999999,32.3378604,32.3379503115816,110.95047951158162,2.30822,2.589512581144039,6.010487418855961
gen=42_member=7104_pso,50,storage_zminus_1p60,storage,Storage,S,0.84,0.10079999999999999,0.12,0.045588999785278535,,,0.84,0.10079999999999999,37.1305112,37.1305477391165,115.7430769391165,4.35228,4.761015769730141,3.8389842302698582
gen=44_member=7536_pso,50,storage_zminus_1p60,storage,Storage,S,0.84,0.10079999999999999,0.12,0.045588999785278535,,,0.84,0.10079999999999999,23.466855600000002,23.46684587614881,102.0793750761488,1.11985,1.3004051303073196,7.29959486969268
gen=38_member=6480_pso,50,storage_zminus_1p60,storage,Storage,S,0.84,0.10079999999999999,0.12,0.045588999785278535,,,0.84,0.10079999999999999,31.4072248,31.407133065935877,110.01966226593586,2.07448,2.3422156649839443,6.257784335016055
gen=43_member=7269_pso,50,storage_zminus_1p60,storage,Storage,S,0.84,0.10079999999999999,0.12,0.045588999785278535,,,0.84,0.10079999999999999,36.833296,36.83339971387087,115.44592891387086,4.14372,4.542462508666405,4.057537491333594
gen=35_member=5948_pso,50,storage_zminus_1p60,storage,Storage,S,0.84,0.10079999999999999,0.12,0.045588999785278535,,,0.84,0.10079999999999999,37.07392,37.07384621264411,115.68637541264411,4.33924,4.7470939605333164,3.852906039466683
gen=29_member=4871_pso,50,storage_zminus_1p60,storage,Storage,S,0.84,0.10079999999999999,0.12,0.045588999785278535,,,0.84,0.10079999999999999,17.843495,17.843497187733753,96.45602638773376,0.881544,1.0267942178677132,7.573205782132287
gen=36_member=6031_pso,50,storage_zminus_1p60,storage,Storage,S,0.84,0.10079999999999999,0.12,0.045588999785278535,,,0.84,0.10079999999999999,31.3383796,31.338390787551674,109.95091998755169,2.05415,2.3189960738963213,6.281003926103678
gen=39_member=6689_pso,50,storage_zminus_1p60,storage,Storage,S,0.84,0.10079999999999999,0.12,0.045588999785278535,,,0.84,0.10079999999999999,29.4165068,29.416418185838467,108.02894738583845,1.67871,1.910091661372096,6.6899083386279035
gen=46_member=7811_pso,50,storage_zminus_1p60,storage,Storage,S,0.84,0.10079999999999999,0.12,0.045588999785278535,,,0.84,0.10079999999999999,30.8479968,30.84800808580873,109.46053728580873,1.95962,2.21547562275489,6.38452437724511
gen=36_member=6150_pso,50,storage_zminus_1p60,storage,Storage,S,0.84,0.10079999999999999,0.12,0.045588999785278535,,,0.84,0.10079999999999999,29.510305600000002,29.510270949002532,108.12280014900254,1.71536,1.9500101934836482,6.649989806516351
gen=28_member=4698_pso,50,storage_zminus_1p60,storage,Storage,S,0.84,0.10079999999999999,0.12,0.045588999785278535,,,0.84,0.10079999999999999,19.62453592,19.62453473077234,98.23706393077234,0.948853,1.1096098882788257,7.490390111721174
gen=45_member=7580_pso,50,storage_zminus_1p60,storage,Storage,S,0.84,0.10079999999999999,0.12,0.045588999785278535,,,0.84,0.10079999999999999,29.4198488,29.41977376399195,108.03230296399194,1.6928,1.925027839229196,6.674972160770803
gen=37_member=6318_pso,50,storage_zminus_1p60,storage,Storage,S,0.84,0.10079999999999999,0.12,0.045588999785278535,,,0.84,0.10079999999999999,36.3585092,36.35850397821222,114.97103317821221,3.89263,4.275429068333132,4.324570931666868
gen=39_member=6634_pso,50,storage_zminus_1p60,storage,Storage,S,0.84,0.10079999999999999,0.12,0.045588999785278535,,,0.84,0.10079999999999999,37.24659,37.24656995207669,115.8590991520767,4.3792,4.789285237900101,3.8107147620998987
gen=46_member=7788_pso,50,storage_zminus_1p60,storage,Storage,S,0.84,0.10079999999999999,0.12,0.045588999785278535,,,0.84,0.10079999999999999,32.533256,32.533172613400616,111.1457018134006,2.35444,2.6404539368469906,5.9595460631530095
gen=46_member=7881_pso,50,storage_zminus_1p60,storage,Storage,S,0.84,0.10079999999999999,0.12,0.045588999785278535,,,0.84,0.10079999999999999,27.1929628,27.192862415219388,105.80539161521938,1.37653,1.5854151498453835,7.014584850154616
gen=27_member=4566_pso,50,storage_zminus_1p60,storage,Storage,S,0.84,0.10079999999999999,0.12,0.045588999785278535,,,0.84,0.10079999999999999,34.2026964,34.20265674649548,112.8151859464955,2.87573,3.204700893897154,5.395299106102845
gen=39_member=6698_pso,50,storage_zminus_1p60,storage,Storage,S,0.84,0.10079999999999999,0.12,0.045588999785278535,,,0.84,0.10079999999999999,33.52026,33.52015097310551,112.13268017310553,2.6497,2.9578298758500687,5.642170124149931
gen=41_member=6986_pso,50,storage_zminus_1p60,storage,Storage,S,0.84,0.10079999999999999,0.12,0.045588999785278535,,,0.84,0.10079999999999999,35.7676436,35.767651554973604,114.38018075497361,3.58673,3.9591887874011893,4.640811212598811
gen=41_member=6973_pso,50,storage_zminus_1p60,storage,Storage,S,0.84,0.10079999999999999,0.12,0.045588999785278535,,,0.84,0.10079999999999999,35.1593996,35.15947657236159,113.77200577236158,3.28388,3.6403614473075248,4.959638552692475
gen=27_member=4568_pso,50,storage_zminus_1p60,storage,Storage,S,0.84,0.10079999999999999,0.12,0.045588999785278535,,,0.84,0.10079999999999999,32.5586552,32.558684654753776,111.17121385475377,2.37042,2.655798336264031,5.944201663735969
gen=37_member=6357_pso,50,storage_zminus_1p60,storage,Storage,S,0.84,0.10079999999999999,0.12,0.045588999785278535,,,0.84,0.10079999999999999,32.625718,32.62572860768373,111.23825780768374,2.3887,2.6777126306955537,5.9222873693044455
gen=47_member=8006_pso,50,storage_zminus_1p60,storage,Storage,S,0.84,0.10079999999999999,0.12,0.045588999785278535,,,0.84,0.10079999999999999,36.7613316,36.761407828424296,115.37393702842431,4.09604,4.48884677638316,4.1111532236168395
gen=41_member=6898_pso,50,storage_zminus_1p60,storage,Storage,S,0.84,0.10079999999999999,0.12,0.045588999785278535,,,0.84,0.10079999999999999,31.489438,31.489447863162184,110.10197706316218,2.11934,2.388834484045677,6.211165515954322
gen=39_member=6668_pso,50,storage_zminus_1p60,storage,Storage,S,0.84,0.10079999999999999,0.12,0.045588999785278535,,,0.84,0.10079999999999999,33.933108399999995,33.933030846740984,112.545560046741,2.77099,3.088609119732585,5.511390880267415
gen=48_member=8200_pso,50,storage_zminus_1p60,storage,Storage,S,0.84,0.10079999999999999,0.12,0.045588999785278535,,,0.84,0.10079999999999999,34.8907028,34.89080581472363,113.50333501472363,3.16725,3.5156649954116848,5.084335004588315
gen=32_member=5452_pso,50,storage_zminus_1p60,storage,Storage,S,0.84,0.10079999999999999,0.12,0.045588999785278535,,,0.84,0.10079999999999999,34.8474796,34.84753054005696,113.46005974005696,3.14182,3.487248626909314,5.112751373090686
gen=44_member=7522_pso,50,storage_zminus_1p60,storage,Storage,S,0.84,0.10079999999999999,0.12,0.045588999785278535,,,0.84,0.10079999999999999,33.1631116,33.16311565476033,111.77564485476033,2.53937,2.8383720084874877,5.761627991512512
gen=45_member=7699_pso,50,storage_zminus_1p60,storage,Storage,S,0.84,0.10079999999999999,0.12,0.045588999785278535,,,0.84,0.10079999999999999,25.6714616,25.671464649350018,104.28399384935003,1.28466,1.4789922383006526,7.121007761699347
gen=38_member=6478_pso,50,storage_zminus_1p60,storage,Storage,S,0.84,0.10079999999999999,0.12,0.045588999785278535,,,0.84,0.10079999999999999,35.2785976,35.27857906393331,113.8911082639333,3.35376,3.714539380701814,4.885460619298186
gen=48_member=8105_pso,50,storage_zminus_1p60,storage,Storage,S,0.84,0.10079999999999999,0.12,0.045588999785278535,,,0.84,0.10079999999999999,36.5527908,36.55273076856624,115.16525996856623,3.9902,4.378617306403248,4.221382693596752
gen=47_member=7995_pso,50,storage_zminus_1p60,storage,Storage,S,0.84,0.10079999999999999,0.12,0.045588999785278535,,,0.84,0.10079999999999999,36.497536399999994,36.49744644974915,115.10997564974916,3.97511,4.366885890221981,4.233114109778018
gen=38_member=6507_pso,50,storage_zminus_1p60,storage,Storage,S,0.84,0.10079999999999999,0.12,0.045588999785278535,,,0.84,0.10079999999999999,36.2430988,36.243072285057984,114.85560148505799,3.82686,4.207036584207201,4.392963415792798
gen=47_member=8017_pso,50,storage_zminus_1p60,storage,Storage,S,0.84,0.10079999999999999,0.12,0.045588999785278535,,,0.84,0.10079999999999999,26.3334004,26.33332130996634,104.94585050996633,1.31111,1.5115289551268456,7.088471044873154
gen=28_member=4806_pso,50,storage_zminus_1p60,storage,Storage,S,0.84,0.10079999999999999,0.12,0.045588999785278535,,,0.84,0.10079999999999999,36.335338,36.335363024535646,114.94789222453565,3.87574,4.257707408546363,4.342292591453637
gen=33_member=5559_pso,50,storage_zminus_1p60,storage,Storage,S,0.84,0.10079999999999999,0.12,0.045588999785278535,,,0.84,0.10079999999999999,32.1440244,32.1440689013816,110.7565981013816,2.27771,2.55938611329198,6.0406138867080195
gen=28_member=4728_pso,50,storage_zminus_1p60,storage,Storage,S,0.84,0.10079999999999999,0.12,0.045588999785278535,,,0.84,0.10079999999999999,25.063886,25.063855919912235,103.67638511991223,1.21593,1.4086841761435513,7.191315823856448
gen=30_member=4999_pso,50,storage_zminus_1p60,storage,Storage,S,0.84,0.10079999999999999,0.12,0.045588999785278535,,,0.84,0.10079999999999999,33.9879172,33.98794532305361,112.60047452305362,2.78942,3.1125989171773814,5.487401082822618
gen=47_member=7949_pso,50,storage_zminus_1p60,storage,Storage,S,0.84,0.10079999999999999,0.12,0.045588999785278535,,,0.84,0.10079999999999999,31.069014399999997,31.068968509771572,109.68149770977158,1.99378,2.2528069707520353,6.347193029247965
gen=37_member=6216_pso,50,storage_zminus_1p60,storage,Storage,S,0.84,0.10079999999999999,0.12,0.045588999785278535,,,0.84,0.10079999999999999,34.7610332,34.76111558406628,113.37364478406629,3.104,3.4453228920977184,5.154677107902281
gen=35_member=5892_pso,50,storage_zminus_1p60,storage,Storage,S,0.84,0.10079999999999999,0.12,0.045588999785278535,,,0.84,0.10079999999999999,33.624976,33.6250096550061,112.23753885500611,2.6693,2.979077412890902,5.6209225871090975
gen=47_member=7933_pso,50,storage_zminus_1p60,storage,Storage,S,0.84,0.10079999999999999,0.12,0.045588999785278535,,,0.84,0.10079999999999999,26.4996092,26.49956968298791,105.11209888298791,1.3367,1.5387847219638446,7.061215278036155
gen=42_member=7127_pso,50,storage_zminus_1p60,storage,Storage,S,0.84,0.10079999999999999,0.12,0.045588999785278535,,,0.84,0.10079999999999999,33.1831636,33.183068642146345,111.79559784214636,2.56094,2.861861154611397,5.738138845388603
gen=46_member=7815_pso,50,storage_zminus_1p60,storage,Storage,S,0.84,0.10079999999999999,0.12,0.045588999785278535,,,0.84,0.10079999999999999,30.2096748,30.209600453547942,108.82212965354798,1.82093,2.0642125133792453,6.535787486620754
gen=41_member=6988_pso,50,storage_zminus_1p60,storage,Storage,S,0.84,0.10079999999999999,0.12,0.045588999785278535,,,0.84,0.10079999999999999,27.9351096,27.935094147883344,106.54762334788336,1.48478,1.70217923803991,6.89782076196009
gen=39_member=6630_pso,50,storage_zminus_1p60,storage,Storage,S,0.84,0.10079999999999999,0.12,0.045588999785278535,,,0.84,0.10079999999999999,32.2866164,32.28667995166453,110.89920915166454,2.28023,2.5585471771748014,6.041452822825198
gen=46_member=7750_pso,50,storage_zminus_1p60,storage,Storage,S,0.84,0.10079999999999999,0.12,0.045588999785278535,,,0.84,0.10079999999999999,33.3573932,33.35737322320111,111.9699024232011,2.61481,2.9244889849018447,5.675511015098155
gen=47_member=8066_pso,50,storage_zminus_1p60,storage,Storage,S,0.84,0.10079999999999999,0.12,0.045588999785278535,,,0.84,0.10079999999999999,36.1452896,36.14526258672567,114.75779178672568,3.76811,4.145970150783985,4.454029849216015
gen=49_member=8375_pso,50,storage_zminus_1p60,storage,Storage,S,0.84,0.10079999999999999,0.12,0.045588999785278535,,,0.84,0.10079999999999999,33.014504,33.01442462041577,111.62695382041578,2.48535,2.7800854852020276,5.819914514797972
gen=48_member=8129_pso,50,storage_zminus_1p60,storage,Storage,S,0.84,0.10079999999999999,0.12,0.045588999785278535,,,0.84,0.10079999999999999,36.633444399999995,36.63353389800296,115.24606309800296,4.0627,4.453685268899879,4.14631473110012
gen=39_member=6585_pso,50,storage_zminus_1p60,storage,Storage,S,0.84,0.10079999999999999,0.12,0.045588999785278535,,,0.84,0.10079999999999999,34.7828676,34.78292178056862,113.39545098056861,3.109,3.4500074551844833,5.149992544815516
gen=47_member=8011_pso,50,storage_zminus_1p60,storage,Storage,S,0.84,0.10079999999999999,0.12,0.045588999785278535,,,0.84,0.10079999999999999,35.1213008,35.12122980345115,113.73375900345114,3.26403,3.6184700199995503,4.981529980000449
gen=40_member=6726_pso,50,storage_zminus_1p60,storage,Storage,S,0.84,0.10079999999999999,0.12,0.045588999785278535,,,0.84,0.10079999999999999,31.242575600000002,31.242517549639818,109.85504674963983,2.03707,2.29985667980565,6.3001433201943495
gen=44_member=7543_pso,50,storage_zminus_1p60,storage,Storage,S,0.84,0.10079999999999999,0.12,0.045588999785278535,,,0.84,0.10079999999999999,35.1870268,35.18705597340057,113.79958517340057,3.29833,3.6555331029411295,4.94446689705887
gen=43_member=7287_pso,50,storage_zminus_1p60,storage,Storage,S,0.84,0.10079999999999999,0.12,0.045588999785278535,,,0.84,0.10079999999999999,33.646587600000004,33.64656535247972,112.25909455247972,2.68124,2.99161476657666,5.6083852334233395
gen=41_member=6982_pso,50,storage_zminus_1p60,storage,Storage,S,0.84,0.10079999999999999,0.12,0.045588999785278535,,,0.84,0.10079999999999999,36.2787468,36.278668778733376,114.89119797873339,3.84028,4.22262996171961,4.3773700382803895
gen=33_member=5577_pso,50,storage_zminus_1p60,storage,Storage,S,0.84,0.10079999999999999,0.12,0.045588999785278535,,,0.84,0.10079999999999999,34.0012852,34.00137781832889,112.6139070183289,2.80281,3.1296476088722933,5.470352391127706
gen=48_member=8183_pso,50,storage_zminus_1p60,storage,Storage,S,0.84,0.10079999999999999,0.12,0.045588999785278535,,,0.84,0.10079999999999999,34.7057788,34.70587203703935,113.31840123703935,3.0773,3.41530696752542,5.18469303247458
gen=48_member=8234_pso,50,storage_zminus_1p60,storage,Storage,S,0.84,0.10079999999999999,0.12,0.045588999785278535,,,0.84,0.10079999999999999,23.7818948,23.781937390842728,102.39446659084273,1.1268,1.3076910713160852,7.292308928683914
gen=42_member=7080_pso,50,storage_zminus_1p60,storage,Storage,S,0.84,0.10079999999999999,0.12,0.045588999785278535,,,0.84,0.10079999999999999,35.2182188,35.21819334968434,113.83072254968432,3.313,3.6711911054736173,4.928808894526382
gen=47_member=8007_pso,50,storage_zminus_1p60,storage,Storage,S,0.84,0.10079999999999999,0.12,0.045588999785278535,,,0.84,0.10079999999999999,34.1347424,34.13470291303967,112.74723211303967,2.85212,3.18250742480545,5.417492575194549
gen=35_member=5961_pso,50,storage_zminus_1p60,storage,Storage,S,0.84,0.10079999999999999,0.12,0.045588999785278535,,,0.84,0.10079999999999999,36.8771876,36.87726444522587,115.48979364522586,4.16397,4.5613461742670625,4.038653825732937
gen=31_member=5281_pso,50,storage_zminus_1p60,storage,Storage,S,0.84,0.10079999999999999,0.12,0.045588999785278535,,,0.84,0.10079999999999999,33.1156552,33.11569694121411,111.72822614121412,2.52766,2.8260571633549794,5.77394283664502
gen=44_member=7417_pso,50,storage_zminus_1p60,storage,Storage,S,0.84,0.10079999999999999,0.12,0.045588999785278535,,,0.84,0.10079999999999999,28.040048399999996,28.04007293817745,106.65260213817746,1.50233,1.7191713528274264,6.8808286471725735
gen=32_member=5429_pso,50,storage_zminus_1p60,storage,Storage,S,0.84,0.10079999999999999,0.12,0.045588999785278535,,,0.84,0.10079999999999999,36.214580399999996,36.214597535229515,114.82712673522953,3.8078,4.188233489121877,4.411766510878123
gen=37_member=6347_pso,50,storage_zminus_1p60,storage,Storage,S,0.84,0.10079999999999999,0.12,0.045588999785278535,,,0.84,0.10079999999999999,35.6629276,35.66303769617801,114.275566896178,3.52921,3.898152853138807,4.701847146861192
gen=42_member=7094_pso,50,storage_zminus_1p60,storage,Storage,S,0.84,0.10079999999999999,0.12,0.045588999785278535,,,0.84,0.10079999999999999,32.7239728,32.72396444274264,111.33649364274265,2.40462,2.6926899779113236,5.9073100220886765
gen=45_member=7577_pso,50,storage_zminus_1p60,storage,Storage,S,0.84,0.10079999999999999,0.12,0.045588999785278535,,,0.84,0.10079999999999999,33.348481199999995,33.348578128286576,111.96110732828657,2.59343,2.896818933559567,5.7031810664404325
gen=38_member=6402_pso,50,storage_zminus_1p60,storage,Storage,S,0.84,0.10079999999999999,0.12,0.045588999785278535,,,0.84,0.10079999999999999,30.511791600000002,30.51186014513365,109.12438934513365,1.8927,2.1429983647606763,6.457001635239323
gen=31_member=5196_pso,50,storage_zminus_1p60,storage,Storage,S,0.84,0.10079999999999999,0.12,0.045588999785278535,,,0.84,0.10079999999999999,37.154128,37.154036317385696,115.76656551738569,4.37901,4.7881438229319295,3.81185617706807
gen=41_member=6995_pso,50,storage_zminus_1p60,storage,Storage,S,0.84,0.10079999999999999,0.12,0.045588999785278535,,,0.84,0.10079999999999999,33.0581728,33.05810757863159,111.6706367786316,2.50823,2.804706313315038,5.795293686684962
gen=39_member=6611_pso,50,storage_zminus_1p60,storage,Storage,S,0.84,0.10079999999999999,0.12,0.045588999785278535,,,0.84,0.10079999999999999,35.8961992,35.89623286365389,114.5087620636539,3.66312,4.035850270843206,4.564149729156794
gen=49_member=8310_pso,50,storage_zminus_1p60,storage,Storage,S,0.84,0.10079999999999999,0.12,0.045588999785278535,,,0.84,0.10079999999999999,30.436708,30.43676948862573,109.04929868862573,1.88142,2.1318665710781635,6.468133428921837
gen=41_member=6917_pso,50,storage_zminus_1p60,storage,Storage,S,0.84,0.10079999999999999,0.12,0.045588999785278535,,,0.84,0.10079999999999999,30.7027312,30.7026693264571,109.3151985264571,1.93448,2.187750711339655,6.412249288660345
gen=42_member=7156_pso,50,storage_zminus_1p60,storage,Storage,S,0.84,0.10079999999999999,0.12,0.045588999785278535,,,0.84,0.10079999999999999,30.610492,30.610510708305725,109.22303990830572,1.91823,2.1708447355167153,6.429155264483285
gen=29_member=4898_pso,50,storage_zminus_1p60,storage,Storage,S,0.84,0.10079999999999999,0.12,0.045588999785278535,,,0.84,0.10079999999999999,35.9271684,35.92717187396659,114.5397010739666,3.68037,4.060332191283769,4.5396678087162305
gen=47_member=7961_pso,50,storage_zminus_1p60,storage,Storage,S,0.84,0.10079999999999999,0.12,0.045588999785278535,,,0.84,0.10079999999999999,32.81844,32.81846706326812,111.43099626326813,2.42627,2.7166571787350544,5.883342821264945
gen=31_member=5213_pso,50,storage_zminus_1p60,storage,Storage,S,0.84,0.10079999999999999,0.12,0.045588999785278535,,,0.84,0.10079999999999999,34.374698,34.37459988167344,112.98712908167344,2.94698,3.2743927661069736,5.325607233893026
gen=33_member=5529_pso,50,storage_zminus_1p60,storage,Storage,S,0.84,0.10079999999999999,0.12,0.045588999785278535,,,0.84,0.10079999999999999,18.329822840000002,18.32982475749499,96.94235395749497,0.902294,1.0510199057811815,7.548980094218818
gen=41_member=6902_pso,50,storage_zminus_1p60,storage,Storage,S,0.84,0.10079999999999999,0.12,0.045588999785278535,,,0.84,0.10079999999999999,29.628389600000002,29.628353465378915,108.24088266537892,1.72975,1.9660349707091986,6.633965029290801
gen=43_member=7373_pso,50,storage_zminus_1p60,storage,Storage,S,0.84,0.10079999999999999,0.12,0.045588999785278535,,,0.84,0.10079999999999999,30.566823199999998,30.566917442941545,109.17944664294156,1.90841,2.1602634488710843,6.439736551128915
gen=43_member=7354_pso,50,storage_zminus_1p60,storage,Storage,S,0.84,0.10079999999999999,0.12,0.045588999785278535,,,0.84,0.10079999999999999,36.3656388,36.365559376347385,114.97808857634739,3.91205,4.297275606019601,4.302724393980399
gen=48_member=8255_pso,50,storage_zminus_1p60,storage,Storage,S,0.84,0.10079999999999999,0.12,0.045588999785278535,,,0.84,0.10079999999999999,18.692073360000002,18.692080334260165,97.30460953426017,0.907206,1.0572738889272693,7.542726111072731
gen=38_member=6443_pso,50,storage_zminus_1p60,storage,Storage,S,0.84,0.10079999999999999,0.12,0.045588999785278535,,,0.84,0.10079999999999999,31.6712428,31.67115470758055,110.28368390758054,2.14746,2.4173932180001527,6.182606781999847
gen=47_member=7988_pso,50,storage_zminus_1p60,storage,Storage,S,0.84,0.10079999999999999,0.12,0.045588999785278535,,,0.84,0.10079999999999999,30.769794,30.769795007202468,109.38232420720249,1.94462,2.1993375742736667,6.400662425726333
gen=37_member=6360_pso,50,storage_zminus_1p60,storage,Storage,S,0.84,0.10079999999999999,0.12,0.045588999785278535,,,0.84,0.10079999999999999,28.05609,28.056013799679008,106.668542999679,1.51193,1.7315186904508533,6.868481309549146
gen=48_member=8171_pso,50,storage_zminus_1p60,storage,Storage,S,0.84,0.10079999999999999,0.12,0.045588999785278535,,,0.84,0.10079999999999999,34.994082,34.99403631605541,113.60656551605543,3.20978,3.5610108690054814,5.038989130994518
gen=45_member=7732_pso,50,storage_zminus_1p60,storage,Storage,S,0.84,0.10079999999999999,0.12,0.045588999785278535,,,0.84,0.10079999999999999,28.232101999999998,28.232171596528566,106.84470079652857,1.52704,1.7455261618288558,6.854473838171144
gen=35_member=5956_pso,50,storage_zminus_1p60,storage,Storage,S,0.84,0.10079999999999999,0.12,0.045588999785278535,,,0.84,0.10079999999999999,34.0774828,34.07740547464268,112.6899346746427,2.82984,3.1600644209673674,5.439935579032632
gen=45_member=7623_pso,50,storage_zminus_1p60,storage,Storage,S,0.84,0.10079999999999999,0.12,0.045588999785278535,,,0.84,0.10079999999999999,26.867897600000003,26.867886619436277,105.48041581943627,1.35875,1.5648181735058346,7.035181826494165
gen=34_member=5765_pso,50,storage_zminus_1p60,storage,Storage,S,0.84,0.10079999999999999,0.12,0.045588999785278535,,,0.84,0.10079999999999999,30.9233032,30.92338623359191,109.5359154335919,1.98173,2.239144244495649,6.360855755504351
gen=38_member=6501_pso,50,storage_zminus_1p60,storage,Storage,S,0.84,0.10079999999999999,0.12,0.045588999785278535,,,0.84,0.10079999999999999,32.3964568,32.396349530682755,111.00887873068277,2.32041,2.603003782185017,5.996996217814983
gen=48_member=8203_pso,50,storage_zminus_1p60,storage,Storage,S,0.84,0.10079999999999999,0.12,0.045588999785278535,,,0.84,0.10079999999999999,32.4539392,32.453841272609736,111.06637047260975,2.33521,2.618578177351169,5.98142182264883
gen=47_member=7974_pso,50,storage_zminus_1p60,storage,Storage,S,0.84,0.10079999999999999,0.12,0.045588999785278535,,,0.84,0.10079999999999999,35.0424296,35.04236881028093,113.65489801028093,3.23167,3.584767426521248,5.015232573478752
gen=42_member=7123_pso,50,storage_zminus_1p60,storage,Storage,S,0.84,0.10079999999999999,0.12,0.045588999785278535,,,0.84,0.10079999999999999,34.3967552,34.396745119239434,113.00927431923942,2.95964,3.285185723421483,5.314814276578517
gen=30_member=5110_pso,50,storage_zminus_1p60,storage,Storage,S,0.84,0.10079999999999999,0.12,0.045588999785278535,,,0.84,0.10079999999999999,36.395271199999996,36.39534938259375,115.00787858259373,3.93251,4.317750477569949,4.2822495224300505
gen=40_member=6879_pso,50,storage_zminus_1p60,storage,Storage,S,0.84,0.10079999999999999,0.12,0.045588999785278535,,,0.84,0.10079999999999999,35.52546,35.52547804840835,114.13800724840836,3.47595,3.84446722388754,4.75553277611246
gen=31_member=5217_pso,50,storage_zminus_1p60,storage,Storage,S,0.84,0.10079999999999999,0.12,0.045588999785278535,,,0.84,0.10079999999999999,36.452308,36.4522647735805,115.0647939735805,3.94088,4.329381208623699,4.2706187913763
gen=42_member=7215_pso,50,storage_zminus_1p60,storage,Storage,S,0.84,0.10079999999999999,0.12,0.045588999785278535,,,0.84,0.10079999999999999,34.9225632,34.92253563470857,113.53506483470858,3.17583,3.523262491656244,5.076737508343756
gen=37_member=6211_pso,50,storage_zminus_1p60,storage,Storage,S,0.84,0.10079999999999999,0.12,0.045588999785278535,,,0.84,0.10079999999999999,20.656456399999996,20.656455308041814,99.26898450804181,1.01369,1.1774939306447225,7.422506069355277
gen=40_member=6803_pso,50,storage_zminus_1p60,storage,Storage,S,0.84,0.10079999999999999,0.12,0.045588999785278535,,,0.84,0.10079999999999999,33.8223768,33.822321012801254,112.43485021280125,2.72359,3.037736499015697,5.562263500984303
gen=30_member=5155_pso,50,storage_zminus_1p60,storage,Storage,S,0.84,0.10079999999999999,0.12,0.045588999785278535,,,0.84,0.10079999999999999,34.1209288,34.12094915647915,112.73347835647915,2.84803,3.1682114751097994,5.4317885248902
gen=32_member=5405_pso,50,storage_zminus_1p60,storage,Storage,S,0.84,0.10079999999999999,0.12,0.045588999785278535,,,0.84,0.10079999999999999,27.866487199999998,27.866536503306772,106.47906570330677,1.47179,1.6889444758656111,6.9110555241343885
gen=37_member=6224_pso,50,storage_zminus_1p60,storage,Storage,S,0.84,0.10079999999999999,0.12,0.045588999785278535,,,0.84,0.10079999999999999,35.2442864,35.24434680969291,113.85687600969291,3.32624,3.6853599926982343,4.914640007301765
gen=36_member=6188_pso,50,storage_zminus_1p60,storage,Storage,S,0.84,0.10079999999999999,0.12,0.045588999785278535,,,0.84,0.10079999999999999,26.545060399999997,26.54503702240775,105.15756622240775,1.34227,1.5432939169606323,7.0567060830393675
gen=44_member=7508_pso,50,storage_zminus_1p60,storage,Storage,S,0.84,0.10079999999999999,0.12,0.045588999785278535,,,0.84,0.10079999999999999,35.030844,35.030748929325185,113.64327812932517,3.22133,3.573604701692985,5.026395298307015
gen=48_member=8233_pso,50,storage_zminus_1p60,storage,Storage,S,0.84,0.10079999999999999,0.12,0.045588999785278535,,,0.84,0.10079999999999999,34.676369199999996,34.67641402474263,113.28894322474264,3.06245,3.399389221666745,5.200610778333255
gen=27_member=4602_pso,50,storage_zminus_1p60,storage,Storage,S,0.84,0.10079999999999999,0.12,0.045588999785278535,,,0.84,0.10079999999999999,31.533998,31.534063129350688,110.1465923293507,2.12737,2.39841136140173,6.2015886385982695
gen=34_member=5714_pso,50,storage_zminus_1p60,storage,Storage,S,0.84,0.10079999999999999,0.12,0.045588999785278535,,,0.84,0.10079999999999999,35.2895148,35.289422752427136,113.90195195242715,3.37452,3.722307366317921,4.877692633682079
gen=33_member=5592_pso,50,storage_zminus_1p60,storage,Storage,S,0.84,0.10079999999999999,0.12,0.045588999785278535,,,0.84,0.10079999999999999,32.9057776,32.90581117439859,111.5183403743986,2.46009,2.752627029415368,5.847372970584631
gen=46_member=7897_pso,50,storage_zminus_1p60,storage,Storage,S,0.84,0.10079999999999999,0.12,0.045588999785278535,,,0.84,0.10079999999999999,34.6601048,34.66001472979494,113.27254392979495,3.05438,3.389020815444299,5.2109791845557005
gen=44_member=7516_pso,50,storage_zminus_1p60,storage,Storage,S,0.84,0.10079999999999999,0.12,0.045588999785278535,,,0.84,0.10079999999999999,36.109196,36.10912532430648,114.72165452430647,3.75377,4.130656667200329,4.469343332799671
gen=47_member=8023_pso,50,storage_zminus_1p60,storage,Storage,S,0.84,0.10079999999999999,0.12,0.045588999785278535,,,0.84,0.10079999999999999,36.075776,36.0756878960716,114.68821709607163,3.73629,4.112090071834343,4.4879099281656565
gen=43_member=7367_pso,50,storage_zminus_1p60,storage,Storage,S,0.84,0.10079999999999999,0.12,0.045588999785278535,,,0.84,0.10079999999999999,35.8665668,35.86655852747779,114.47908772747779,3.64645,4.021973240140695,4.578026759859305
gen=41_member=6969_pso,50,storage_zminus_1p60,storage,Storage,S,0.84,0.10079999999999999,0.12,0.045588999785278535,,,0.84,0.10079999999999999,34.0139848,34.01408910075473,112.62661830075474,2.81773,3.146780473682549,5.453219526317451
gen=34_member=5825_pso,50,storage_zminus_1p60,storage,Storage,S,0.84,0.10079999999999999,0.12,0.045588999785278535,,,0.84,0.10079999999999999,21.687307439999998,21.6872977704652,100.29982697046519,1.03166,1.2014365234014712,7.398563476598529
gen=40_member=6799_pso,50,storage_zminus_1p60,storage,Storage,S,0.84,0.10079999999999999,0.12,0.045588999785278535,,,0.84,0.10079999999999999,34.952641199999995,34.952751930942966,113.56528113094296,3.18988,3.5395714152671633,5.060428584732836
gen=36_member=6120_pso,50,storage_zminus_1p60,storage,Storage,S,0.84,0.10079999999999999,0.12,0.045588999785278535,,,0.84,0.10079999999999999,35.9581376,35.95802982865704,114.57055902865704,3.68918,4.062601732645,4.537398267355
gen=43_member=7295_pso,50,storage_zminus_1p60,storage,Storage,S,0.84,0.10079999999999999,0.12,0.045588999785278535,,,0.84,0.10079999999999999,35.5167708,35.51686845465705,114.12939765465704,3.46262,3.826205279541366,4.773794720458634
gen=37_member=6202_pso,50,storage_zminus_1p60,storage,Storage,S,0.84,0.10079999999999999,0.12,0.045588999785278535,,,0.84,0.10079999999999999,29.765634399999996,29.765572548609313,108.37810174860931,1.7877,2.0285188063767294,6.571481193623271
gen=41_member=6991_pso,50,storage_zminus_1p60,storage,Storage,S,0.84,0.10079999999999999,0.12,0.045588999785278535,,,0.84,0.10079999999999999,36.3934888,36.393381324833584,115.00591052483358,3.91812,4.306163471001543,4.293836528998456
gen=34_member=5786_pso,50,storage_zminus_1p60,storage,Storage,S,0.84,0.10079999999999999,0.12,0.045588999785278535,,,0.84,0.10079999999999999,35.6983528,35.69845644451818,114.31098564451818,3.5556,3.9267259837812154,4.673274016218784
gen=46_member=7820_pso,50,storage_zminus_1p60,storage,Storage,S,0.84,0.10079999999999999,0.12,0.045588999785278535,,,0.84,0.10079999999999999,35.8603284,35.860377441964175,114.47290664196417,3.63264,4.00540022147284,4.59459977852716
gen=49_member=8399_pso,50,storage_zminus_1p60,storage,Storage,S,0.84,0.10079999999999999,0.12,0.045588999785278535,,,0.84,0.10079999999999999,35.851862,35.85181623963164,114.46434543963164,3.62622,3.998589234148401,4.601410765851599
gen=34_member=5808_pso,50,storage_zminus_1p60,storage,Storage,S,0.84,0.10079999999999999,0.12,0.045588999785278535,,,0.84,0.10079999999999999,36.496199600000004,36.496093279758526,115.10862247975852,3.95771,4.343592725054939,4.256407274945061
gen=43_member=7329_pso,50,storage_zminus_1p60,storage,Storage,S,0.84,0.10079999999999999,0.12,0.045588999785278535,,,0.84,0.10079999999999999,34.9811596,34.981147257172495,113.59367645717249,3.19666,3.5469221324400495,5.05307786755995
gen=42_member=7088_pso,50,storage_zminus_1p60,storage,Storage,S,0.84,0.10079999999999999,0.12,0.045588999785278535,,,0.84,0.10079999999999999,35.7903692,35.79047148072272,114.40300068072271,3.60323,3.975399646284475,4.6246003537155245
gen=45_member=7708_pso,50,storage_zminus_1p60,storage,Storage,S,0.84,0.10079999999999999,0.12,0.045588999785278535,,,0.84,0.10079999999999999,33.8571336,33.85718549462576,112.46971469462578,2.7429,3.059910366008534,5.540089633991466
gen=32_member=5495_pso,50,storage_zminus_1p60,storage,Storage,S,0.84,0.10079999999999999,0.12,0.045588999785278535,,,0.84,0.10079999999999999,25.922334399999997,25.92224315458362,104.53477235458361,1.29931,1.4984600217501778,7.101539978249821
gen=41_member=6992_pso,50,storage_zminus_1p60,storage,Storage,S,0.84,0.10079999999999999,0.12,0.045588999785278535,,,0.84,0.10079999999999999,35.8253488,35.82539989519937,114.43792909519937,3.61253,3.9840289750465483,4.615971024953451
gen=44_member=7474_pso,50,storage_zminus_1p60,storage,Storage,S,0.84,0.10079999999999999,0.12,0.045588999785278535,,,0.84,0.10079999999999999,35.6065592,35.60659604089044,114.21912524089045,3.50006,3.868656511853909,4.7313434881460905
gen=38_member=6529_pso,50,storage_zminus_1p60,storage,Storage,S,0.84,0.10079999999999999,0.12,0.045588999785278535,,,0.84,0.10079999999999999,34.6110888,34.611036113818564,113.22356531381857,3.04111,3.3746985814208608,5.225301418579139
gen=38_member=6418_pso,50,storage_zminus_1p60,storage,Storage,S,0.84,0.10079999999999999,0.12,0.045588999785278535,,,0.84,0.10079999999999999,34.4430976,34.443010318174956,113.05553951817497,2.97833,3.305588020318831,5.294411979681168
gen=42_member=7193_pso,50,storage_zminus_1p60,storage,Storage,S,0.84,0.10079999999999999,0.12,0.045588999785278535,,,0.84,0.10079999999999999,33.445622,33.44556490244684,112.05809410244683,2.62386,2.9304184922071093,5.66958150779289
gen=40_member=6846_pso,50,storage_zminus_1p60,storage,Storage,S,0.84,0.10079999999999999,0.12,0.045588999785278535,,,0.84,0.10079999999999999,33.0759968,33.07610629167887,111.68863549167887,2.5122,2.810880718291567,5.789119281708432
gen=42_member=7137_pso,50,storage_zminus_1p60,storage,Storage,S,0.84,0.10079999999999999,0.12,0.045588999785278535,,,0.84,0.10079999999999999,31.799798399999997,31.799870105395673,110.41239930539568,2.16651,2.4394232480145983,6.160576751985401
gen=41_member=6951_pso,50,storage_zminus_1p60,storage,Storage,S,0.84,0.10079999999999999,0.12,0.045588999785278535,,,0.84,0.10079999999999999,31.7882128,31.788273688982024,110.40080288898203,2.16614,2.4356053050181883,6.164394694981811
gen=44_member=7514_pso,50,storage_zminus_1p60,storage,Storage,S,0.84,0.10079999999999999,0.12,0.045588999785278535,,,0.84,0.10079999999999999,34.407672399999996,34.40775328560086,113.02028248560086,2.96984,3.298292762533807,5.301707237466193
gen=26_member=4423_pso,50,storage_zminus_1p60,storage,Storage,S,0.84,0.10079999999999999,0.12,0.045588999785278535,,,0.84,0.10079999999999999,32.826238,32.826298754166096,111.43882795416609,2.44423,2.7355892174157126,5.864410782584287
gen=30_member=5151_pso,50,storage_zminus_1p60,storage,Storage,S,0.84,0.10079999999999999,0.12,0.045588999785278535,,,0.84,0.10079999999999999,36.297461999999996,36.297392702126395,114.9099219021264,3.85519,4.236595703853447,4.363404296146553
gen=36_member=6144_pso,50,storage_zminus_1p60,storage,Storage,S,0.84,0.10079999999999999,0.12,0.045588999785278535,,,0.84,0.10079999999999999,34.510605999999996,34.510550189225945,113.12307938922596,3.00686,3.336733449639572,5.263266550360427
gen=41_member=6946_pso,50,storage_zminus_1p60,storage,Storage,S,0.84,0.10079999999999999,0.12,0.045588999785278535,,,0.84,0.10079999999999999,35.683425199999995,35.683385394119824,114.29591459411984,3.5443,3.9138433216963313,4.686156678303668
gen=43_member=7239_pso,50,storage_zminus_1p60,storage,Storage,S,0.84,0.10079999999999999,0.12,0.045588999785278535,,,0.84,0.10079999999999999,35.7208556,35.72083483075705,114.33336403075705,3.56889,3.940391068704128,4.659608931295871
gen=20_member=3413_pso,50,storage_zminus_1p60,storage,Storage,S,0.84,0.10079999999999999,0.12,0.045588999785278535,,,0.84,0.10079999999999999,32.9545708,32.95461211746549,111.5671413174655,2.47644,2.7706656423855613,5.829334357614439
gen=35_member=5913_pso,50,storage_zminus_1p60,storage,Storage,S,0.84,0.10079999999999999,0.12,0.045588999785278535,,,0.84,0.10079999999999999,21.26195996,21.261970620979778,99.87449982097976,1.01633,1.1834426797806845,7.416557320219315
gen=47_member=7945_pso,50,storage_zminus_1p60,storage,Storage,S,0.84,0.10079999999999999,0.12,0.045588999785278535,,,0.84,0.10079999999999999,34.610420399999995,34.610460392456865,113.22298959245687,3.03486,3.3676409416228017,5.232359058377198
gen=31_member=5214_pso,50,storage_zminus_1p60,storage,Storage,S,0.84,0.10079999999999999,0.12,0.045588999785278535,,,0.84,0.10079999999999999,35.4428012,35.44276706150495,114.05529626150495,3.42253,3.7877995096986727,4.812200490301327
gen=35_member=5893_pso,50,storage_zminus_1p60,storage,Storage,S,0.84,0.10079999999999999,0.12,0.045588999785278535,,,0.84,0.10079999999999999,16.002053,16.002041893722712,94.61457109372272,0.813288,0.9476529060732245,7.6523470939267755
gen=42_member=7082_pso,50,storage_zminus_1p60,storage,Storage,S,0.84,0.10079999999999999,0.12,0.045588999785278535,,,0.84,0.10079999999999999,33.697386,33.697411190937146,112.30994039093714,2.69841,3.0106733891714588,5.589326610828541
gen=44_member=7534_pso,50,storage_zminus_1p60,storage,Storage,S,0.84,0.10079999999999999,0.12,0.045588999785278535,,,0.84,0.10079999999999999,34.346848,34.34682017838482,112.95934937838484,2.93385,3.259321771720403,5.340678228279597
gen=45_member=7645_pso,50,storage_zminus_1p60,storage,Storage,S,0.84,0.10079999999999999,0.12,0.045588999785278535,,,0.84,0.10079999999999999,35.619036,35.61911037390231,114.23163957390231,3.51669,3.8855116311077436,4.7144883688922565
gen=39_member=6590_pso,50,storage_zminus_1p60,storage,Storage,S,0.84,0.10079999999999999,0.12,0.045588999785278535,,,0.84,0.10079999999999999,36.736378,36.73640015568762,115.3489293556876,4.09121,4.483617587800478,4.116382412199521
gen=38_member=6398_pso,50,storage_zminus_1p60,storage,Storage,S,0.84,0.10079999999999999,0.12,0.045588999785278535,,,0.84,0.10079999999999999,35.0974612,35.09741973001883,113.70994893001883,3.25449,3.60894740006728,4.99105259993272
gen=45_member=7594_pso,50,storage_zminus_1p60,storage,Storage,S,0.84,0.10079999999999999,0.12,0.045588999785278535,,,0.84,0.10079999999999999,36.3103844,36.31039554746737,114.92292474746739,3.8606,4.242053117585653,4.357946882414347
gen=48_member=8227_pso,50,storage_zminus_1p60,storage,Storage,S,0.84,0.10079999999999999,0.12,0.045588999785278535,,,0.84,0.10079999999999999,33.9072636,33.90734269461019,112.51987189461022,2.7553,3.073547091897273,5.526452908102726
gen=30_member=5150_pso,50,storage_zminus_1p60,storage,Storage,S,0.84,0.10079999999999999,0.12,0.045588999785278535,,,0.84,0.10079999999999999,36.47793,36.47794126781239,115.0904704678124,3.95517,4.3412092721978,4.258790727802199
gen=49_member=8327_pso,50,storage_zminus_1p60,storage,Storage,S,0.84,0.10079999999999999,0.12,0.045588999785278535,,,0.84,0.10079999999999999,30.106963999999998,30.10695679161178,108.71948599161179,1.80674,2.0512301005581763,6.548769899441823
gen=43_member=7261_pso,50,storage_zminus_1p60,storage,Storage,S,0.84,0.10079999999999999,0.12,0.045588999785278535,,,0.84,0.10079999999999999,34.4863208,34.48623759426499,113.09876679426499,2.98936,3.3175990467703578,5.282400953229642
gen=36_member=6133_pso,50,storage_zminus_1p60,storage,Storage,S,0.84,0.10079999999999999,0.12,0.045588999785278535,,,0.84,0.10079999999999999,35.8721368,35.87203034437702,114.48455954437703,3.65379,4.0271517725211545,4.572848227478845
gen=41_member=6892_pso,50,storage_zminus_1p60,storage,Storage,S,0.84,0.10079999999999999,0.12,0.045588999785278535,,,0.84,0.10079999999999999,29.7658572,29.765857301341477,108.37838650134148,1.79322,2.0343539644087896,6.56564603559121
gen=47_member=8012_pso,50,storage_zminus_1p60,storage,Storage,S,0.84,0.10079999999999999,0.12,0.045588999785278535,,,0.84,0.10079999999999999,35.983982399999995,35.984022812402536,114.59655201240253,3.70111,4.07640340467723,4.523596595322769
gen=47_member=7966_pso,50,storage_zminus_1p60,storage,Storage,S,0.84,0.10079999999999999,0.12,0.045588999785278535,,,0.84,0.10079999999999999,33.7234536,33.72345101193558,112.3359802119356,2.70123,3.01352870678551,5.5864712932144895
gen=49_member=8363_pso,50,storage_zminus_1p60,storage,Storage,S,0.84,0.10079999999999999,0.12,0.045588999785278535,,,0.84,0.10079999999999999,35.4777808,35.477807888172215,114.09033708817222,3.43975,3.802903600503164,4.797096399496835
gen=44_member=7456_pso,50,storage_zminus_1p60,storage,Storage,S,0.84,0.10079999999999999,0.12,0.045588999785278535,,,0.84,0.10079999999999999,35.4550552,35.454985598383615,114.06751479838361,3.43116,3.796833248015566,4.803166751984433
gen=40_member=6804_pso,50,storage_zminus_1p60,storage,Storage,S,0.84,0.10079999999999999,0.12,0.045588999785278535,,,0.84,0.10079999999999999,34.5288756,34.528979791643806,113.14150899164382,3.01687,3.346800416362573,5.253199583637427
gen=38_member=6471_pso,50,storage_zminus_1p60,storage,Storage,S,0.84,0.10079999999999999,0.12,0.045588999785278535,,,0.84,0.10079999999999999,35.0604764,35.06049322067706,113.67302242067706,3.24426,3.5982223109335796,5.0017776890664205
gen=22_member=3634_pso,50,storage_zminus_1p60,storage,Storage,S,0.84,0.10079999999999999,0.12,0.045588999785278535,,,0.84,0.10079999999999999,33.487508399999996,33.48751472965719,112.1000439296572,2.63496,2.9419914829731186,5.658008517026881
gen=44_member=7539_pso,50,storage_zminus_1p60,storage,Storage,S,0.84,0.10079999999999999,0.12,0.045588999785278535,,,0.84,0.10079999999999999,36.0109412,36.01086498046887,114.62339418046886,3.71574,4.090439957256373,4.509560042743627
gen=49_member=8356_pso,50,storage_zminus_1p60,storage,Storage,S,0.84,0.10079999999999999,0.12,0.045588999785278535,,,0.84,0.10079999999999999,32.883720399999994,32.88362932713905,111.49615852713904,2.45508,2.7476256126349727,5.8523743873650265
gen=46_member=7849_pso,50,storage_zminus_1p60,storage,Storage,S,0.84,0.10079999999999999,0.12,0.045588999785278535,,,0.84,0.10079999999999999,33.7256816,33.7256272553146,112.3381564553146,2.71464,3.0280234399679635,5.571976560032036
gen=42_member=7200_pso,50,storage_zminus_1p60,storage,Storage,S,0.84,0.10079999999999999,0.12,0.045588999785278535,,,0.84,0.10079999999999999,35.3322924,35.33222140569574,113.94475060569573,3.37515,3.737570089587842,4.862429910412158
gen=38_member=6459_pso,50,storage_zminus_1p60,storage,Storage,S,0.84,0.10079999999999999,0.12,0.045588999785278535,,,0.84,0.10079999999999999,36.735932399999996,36.73590992805043,115.34843912805044,4.07908,4.470746214115468,4.129253785884532
gen=40_member=6838_pso,50,storage_zminus_1p60,storage,Storage,S,0.84,0.10079999999999999,0.12,0.045588999785278535,,,0.84,0.10079999999999999,27.5438728,27.54385585819388,106.15638505819388,1.42018,1.6289880034045323,6.971011996595467
gen=35_member=5994_pso,50,storage_zminus_1p60,storage,Storage,S,0.84,0.10079999999999999,0.12,0.045588999785278535,,,0.84,0.10079999999999999,34.683276,34.68326987798987,113.29579907798986,3.07603,3.4154750778694476,5.184524922130552
gen=39_member=6670_pso,50,storage_zminus_1p60,storage,Storage,S,0.84,0.10079999999999999,0.12,0.045588999785278535,,,0.84,0.10079999999999999,32.435669600000004,32.43577512726643,111.04830432726642,2.33137,2.614188253651714,5.985811746348286
gen=48_member=8120_pso,50,storage_zminus_1p60,storage,Storage,S,0.84,0.10079999999999999,0.12,0.045588999785278535,,,0.84,0.10079999999999999,36.049485600000004,36.049477181493145,114.66200638149316,3.72385,4.098840918110562,4.501159081889438
gen=47_member=7929_pso,50,storage_zminus_1p60,storage,Storage,S,0.84,0.10079999999999999,0.12,0.045588999785278535,,,0.84,0.10079999999999999,33.2756256,33.27569117913837,111.88822037913837,2.58067,2.885022014172852,5.714977985827147
gen=32_member=5467_pso,50,storage_zminus_1p60,storage,Storage,S,0.84,0.10079999999999999,0.12,0.045588999785278535,,,0.84,0.10079999999999999,35.4252,35.425295105606956,114.03782430560697,3.40923,3.773623926389787,4.826376073610213
gen=45_member=7589_pso,50,storage_zminus_1p60,storage,Storage,S,0.84,0.10079999999999999,0.12,0.045588999785278535,,,0.84,0.10079999999999999,35.264561199999996,35.264548182297666,113.87707738229766,3.34169,3.7000681544744776,4.899931845525522
gen=42_member=7063_pso,50,storage_zminus_1p60,storage,Storage,S,0.84,0.10079999999999999,0.12,0.045588999785278535,,,0.84,0.10079999999999999,32.7798956,32.77998072785285,111.39250992785287,2.41578,2.7047612853589813,5.895238714641018
gen=46_member=7783_pso,50,storage_zminus_1p60,storage,Storage,S,0.84,0.10079999999999999,0.12,0.045588999785278535,,,0.84,0.10079999999999999,35.2509704,35.250884894283324,113.86341409428333,3.33505,3.6951672002342484,4.904832799765751
gen=42_member=7112_pso,50,storage_zminus_1p60,storage,Storage,S,0.84,0.10079999999999999,0.12,0.045588999785278535,,,0.84,0.10079999999999999,29.955014399999996,29.954952265185444,108.56748146518542,1.80414,2.0459643064690187,6.554035693530981
gen=43_member=7278_pso,50,storage_zminus_1p60,storage,Storage,S,0.84,0.10079999999999999,0.12,0.045588999785278535,,,0.84,0.10079999999999999,26.961028,26.96102909294159,105.5735582929416,1.36641,1.5730816578424731,7.0269183421575265
gen=48_member=8123_pso,50,storage_zminus_1p60,storage,Storage,S,0.84,0.10079999999999999,0.12,0.045588999785278535,,,0.84,0.10079999999999999,35.7057052,35.70569359544761,114.31822279544762,3.56822,3.93941931295066,4.66058068704934
gen=38_member=6409_pso,50,storage_zminus_1p60,storage,Storage,S,0.84,0.10079999999999999,0.12,0.045588999785278535,,,0.84,0.10079999999999999,35.5586572,35.558655547749574,114.17118474774956,3.48534,3.8546062258702762,4.745393774129724
gen=36_member=6139_pso,50,storage_zminus_1p60,storage,Storage,S,0.84,0.10079999999999999,0.12,0.045588999785278535,,,0.84,0.10079999999999999,36.7221188,36.722176673504485,115.33470587350449,4.07625,4.467697759987039,4.132302240012961
gen=40_member=6783_pso,50,storage_zminus_1p60,storage,Storage,S,0.84,0.10079999999999999,0.12,0.045588999785278535,,,0.84,0.10079999999999999,34.2880288,34.28795088667764,112.90048008667765,2.92983,3.267640888082182,5.3323591119178175
gen=29_member=4924_pso,50,storage_zminus_1p60,storage,Storage,S,0.84,0.10079999999999999,0.12,0.045588999785278535,,,0.84,0.10079999999999999,33.3221908,33.32221023991749,111.93473943991748,2.58783,2.8920055634456094,5.70799443655439
gen=46_member=7822_pso,50,storage_zminus_1p60,storage,Storage,S,0.84,0.10079999999999999,0.12,0.045588999785278535,,,0.84,0.10079999999999999,36.6993932,36.69936383186918,115.31189303186918,4.06609,4.457648102061343,4.142351897938656
gen=33_member=5655_pso,50,storage_zminus_1p60,storage,Storage,S,0.84,0.10079999999999999,0.12,0.045588999785278535,,,0.84,0.10079999999999999,35.6303988,35.630370058555734,114.24289925855572,3.51718,3.8855011422373833,4.714498857762616
gen=31_member=5227_pso,50,storage_zminus_1p60,storage,Storage,S,0.84,0.10079999999999999,0.12,0.045588999785278535,,,0.84,0.10079999999999999,33.1920756,33.191986899653344,111.80451609965334,2.57051,2.8720879638950234,5.727912036104977
gen=46_member=7810_pso,50,storage_zminus_1p60,storage,Storage,S,0.84,0.10079999999999999,0.12,0.045588999785278535,,,0.84,0.10079999999999999,34.574104,34.57406416730866,113.18659336730867,3.02342,3.354610957067208,5.245389042932792
gen=28_member=4720_pso,50,storage_zminus_1p60,storage,Storage,S,0.84,0.10079999999999999,0.12,0.045588999785278535,,,0.84,0.10079999999999999,35.3848732,35.38488870745046,113.99741790745045,3.39794,3.761651915622448,4.838348084377552
gen=31_member=5250_pso,50,storage_zminus_1p60,storage,Storage,S,0.84,0.10079999999999999,0.12,0.045588999785278535,,,0.84,0.10079999999999999,34.0534204,34.05351185359164,112.66604105359163,2.82385,3.153758688989653,5.446241311010347
gen=46_member=7862_pso,50,storage_zminus_1p60,storage,Storage,S,0.84,0.10079999999999999,0.12,0.045588999785278535,,,0.84,0.10079999999999999,34.5019168,34.50190548961805,113.11443468961807,2.9983,3.326631213484975,5.273368786515025
gen=29_member=4911_pso,50,storage_zminus_1p60,storage,Storage,S,0.84,0.10079999999999999,0.12,0.045588999785278535,,,0.84,0.10079999999999999,33.8640404,33.86401239624249,112.47654159624248,2.75415,3.0696823894584484,5.530317610541552
gen=43_member=7385_pso,50,storage_zminus_1p60,storage,Storage,S,0.84,0.10079999999999999,0.12,0.045588999785278535,,,0.84,0.10079999999999999,26.117729999999998,26.117703630103588,104.73023283010357,1.30432,1.5027308338878291,7.09726916611217
gen=34_member=5724_pso,50,storage_zminus_1p60,storage,Storage,S,0.84,0.10079999999999999,0.12,0.045588999785278535,,,0.84,0.10079999999999999,35.5597712,35.55966917902097,114.17219837902098,3.48909,3.858320532696425,4.741679467303575
gen=39_member=6557_pso,50,storage_zminus_1p60,storage,Storage,S,0.84,0.10079999999999999,0.12,0.045588999785278535,,,0.84,0.10079999999999999,30.951821600000002,30.95190437561837,109.56443357561837,1.98352,2.2410565055346585,6.358943494465342
gen=43_member=7341_pso,50,storage_zminus_1p60,storage,Storage,S,0.84,0.10079999999999999,0.12,0.045588999785278535,,,0.84,0.10079999999999999,35.697461600000004,35.69752068422161,114.31004988422161,3.54777,3.918130240540106,4.681869759459893
gen=37_member=6349_pso,50,storage_zminus_1p60,storage,Storage,S,0.84,0.10079999999999999,0.12,0.045588999785278535,,,0.84,0.10079999999999999,33.8629264,33.862942575484915,112.47547177548492,2.74347,3.0602811370290093,5.53971886297099
gen=41_member=6889_pso,50,storage_zminus_1p60,storage,Storage,S,0.84,0.10079999999999999,0.12,0.045588999785278535,,,0.84,0.10079999999999999,27.384348,27.38432060845482,105.99684980845481,1.4106,1.6187019092932111,6.9812980907067885
gen=47_member=8010_pso,50,storage_zminus_1p60,storage,Storage,S,0.84,0.10079999999999999,0.12,0.045588999785278535,,,0.84,0.10079999999999999,33.483498,33.48339815320258,112.09592735320258,2.63426,2.942300622757443,5.657699377242556
gen=38_member=6465_pso,50,storage_zminus_1p60,storage,Storage,S,0.84,0.10079999999999999,0.12,0.045588999785278535,,,0.84,0.10079999999999999,35.5849476,35.58483752237572,114.19736672237573,3.49711,3.866790843533388,4.733209156466612
gen=29_member=4976_pso,50,storage_zminus_1p60,storage,Storage,S,0.84,0.10079999999999999,0.12,0.045588999785278535,,,0.84,0.10079999999999999,32.8534196,32.85346614458213,111.46599534458214,2.44488,2.73628060172089,5.86371939827911
gen=34_member=5729_pso,50,storage_zminus_1p60,storage,Storage,S,0.84,0.10079999999999999,0.12,0.045588999785278535,,,0.84,0.10079999999999999,36.1272428,36.12729970982421,114.7398289098242,3.76248,4.139428653426831,4.460571346573168
gen=46_member=7888_pso,50,storage_zminus_1p60,storage,Storage,S,0.84,0.10079999999999999,0.12,0.045588999785278535,,,0.84,0.10079999999999999,32.783460399999996,32.783404919650515,111.3959341196505,2.41843,2.707617959264941,5.8923820407350584
gen=46_member=7821_pso,50,storage_zminus_1p60,storage,Storage,S,0.84,0.10079999999999999,0.12,0.045588999785278535,,,0.84,0.10079999999999999,31.01933,31.019254054929405,109.63178325492942,1.99327,2.2514690066182563,6.348530993381743
gen=48_member=8165_pso,50,storage_zminus_1p60,storage,Storage,S,0.84,0.10079999999999999,0.12,0.045588999785278535,,,0.84,0.10079999999999999,35.0845388,35.08459194378328,113.69712114378328,3.24714,3.601082120332506,4.998917879667493
gen=36_member=6131_pso,50,storage_zminus_1p60,storage,Storage,S,0.84,0.10079999999999999,0.12,0.045588999785278535,,,0.84,0.10079999999999999,36.0098272,36.00986073528155,114.62238993528156,3.70849,4.083817966445973,4.516182033554027
gen=32_member=5391_pso,50,storage_zminus_1p60,storage,Storage,S,0.84,0.10079999999999999,0.12,0.045588999785278535,,,0.84,0.10079999999999999,33.261589199999996,33.261505768011496,111.8740349680115,2.57343,2.876280414724917,5.723719585275083
gen=34_member=5740_pso,50,storage_zminus_1p60,storage,Storage,S,0.84,0.10079999999999999,0.12,0.045588999785278535,,,0.84,0.10079999999999999,27.0249716,27.025055498234494,105.63758469823449,1.37217,1.5767200279649254,7.023279972035074
gen=35_member=5978_pso,50,storage_zminus_1p60,storage,Storage,S,0.84,0.10079999999999999,0.12,0.045588999785278535,,,0.84,0.10079999999999999,35.7979444,35.798046250315835,114.41057545031585,3.60663,3.978549183827911,4.621450816172089
gen=32_member=5373_pso,50,storage_zminus_1p60,storage,Storage,S,0.84,0.10079999999999999,0.12,0.045588999785278535,,,0.84,0.10079999999999999,34.4901084,34.49010839919886,113.10263759919886,2.995,3.3277984979640753,5.272201502035925
gen=44_member=7565_pso,50,storage_zminus_1p60,storage,Storage,S,0.84,0.10079999999999999,0.12,0.045588999785278535,,,0.84,0.10079999999999999,32.9715036,32.97144846847227,111.58397766847226,2.47831,2.7737718653449916,5.8262281346550076
gen=45_member=7737_pso,50,storage_zminus_1p60,storage,Storage,S,0.84,0.10079999999999999,0.12,0.045588999785278535,,,0.84,0.10079999999999999,36.1261288,36.12613241634489,114.7386616163449,3.75756,4.134750310020189,4.465249689979811
gen=35_member=6019_pso,50,storage_zminus_1p60,storage,Storage,S,0.84,0.10079999999999999,0.12,0.045588999785278535,,,0.84,0.10079999999999999,36.062408,36.06245626130536,114.67498546130537,3.73038,4.105780802048262,4.494219197951738
gen=46_member=7796_pso,50,storage_zminus_1p60,storage,Storage,S,0.84,0.10079999999999999,0.12,0.045588999785278535,,,0.84,0.10079999999999999,35.467532,35.46763029885118,114.08015949885117,3.43824,3.8043939568818574,4.795606043118142
gen=47_member=7977_pso,50,storage_zminus_1p60,storage,Storage,S,0.84,0.10079999999999999,0.12,0.045588999785278535,,,0.84,0.10079999999999999,35.5069676,35.506986680921436,114.11951588092144,3.45533,3.821568971231098,4.778431028768901
gen=49_member=8311_pso,50,storage_zminus_1p60,storage,Storage,S,0.84,0.10079999999999999,0.12,0.045588999785278535,,,0.84,0.10079999999999999,36.0073764,36.00733726709178,114.61986646709177,3.70558,4.080412479893791,4.519587520106208
gen=29_member=4851_pso,50,storage_zminus_1p60,storage,Storage,S,0.84,0.10079999999999999,0.12,0.045588999785278535,,,0.84,0.10079999999999999,35.2643384,35.264277472776136,113.87680667277613,3.33985,3.7001061273400415,4.899893872659958
gen=34_member=5819_pso,50,storage_zminus_1p60,storage,Storage,S,0.84,0.10079999999999999,0.12,0.045588999785278535,,,0.84,0.10079999999999999,34.5609588,34.56103873283972,113.17356793283972,3.0224,3.353929508469559,5.246070491530441
gen=38_member=6490_pso,50,storage_zminus_1p60,storage,Storage,S,0.84,0.10079999999999999,0.12,0.045588999785278535,,,0.84,0.10079999999999999,36.0697604,36.069858023161345,114.68238722316136,3.73254,4.108089459620052,4.491910540379948
gen=42_member=7145_pso,50,storage_zminus_1p60,storage,Storage,S,0.84,0.10079999999999999,0.12,0.045588999785278535,,,0.84,0.10079999999999999,36.306151199999995,36.30614392385608,114.9186731238561,3.85887,4.242202837004872,4.357797162995127
gen=28_member=4655_pso,50,storage_zminus_1p60,storage,Storage,S,0.84,0.10079999999999999,0.12,0.045588999785278535,,,0.84,0.10079999999999999,33.7361532,33.73614280489097,112.34867200489097,2.71633,3.0297642946501644,5.570235705349836
gen=24_member=4008_pso,50,storage_zminus_1p60,storage,Storage,S,0.84,0.10079999999999999,0.12,0.045588999785278535,,,0.84,0.10079999999999999,33.7668996,33.76696087691461,112.3794900769146,2.71969,3.034437861073328,5.565562138926672
gen=34_member=5732_pso,50,storage_zminus_1p60,storage,Storage,S,0.84,0.10079999999999999,0.12,0.045588999785278535,,,0.84,0.10079999999999999,33.7822728,33.7821917262945,112.39472092629453,2.72045,3.0340529980123496,5.5659470019876505
gen=40_member=6768_pso,50,storage_zminus_1p60,storage,Storage,S,0.84,0.10079999999999999,0.12,0.045588999785278535,,,0.84,0.10079999999999999,36.653050799999995,36.65302211816361,115.26555131816362,4.06357,4.4579538357945605,4.142046164205439
gen=44_member=7554_pso,50,storage_zminus_1p60,storage,Storage,S,0.84,0.10079999999999999,0.12,0.045588999785278535,,,0.84,0.10079999999999999,33.7114224,33.71131958774986,112.32384878774988,2.69854,3.010612747028283,5.589387252971717
gen=18_member=3072_pso,50,storage_zminus_1p60,storage,Storage,S,0.84,0.10079999999999999,0.12,0.045588999785278535,,,0.84,0.10079999999999999,37.154796399999995,37.15490686727385,115.76743606727385,4.37912,4.789748186515373,3.8102518134846264
gen=50_member=8445_pso,50,storage_zminus_1p60,storage,Storage,S,0.84,0.10079999999999999,0.12,0.045588999785278535,,,0.84,0.10079999999999999,20.94736636,20.947372107145803,99.55990130714581,1.01547,1.179542493110408,7.4204575068895915
gen=50_member=8506_pso,50,storage_zminus_1p60,storage,Storage,S,0.84,0.10079999999999999,0.12,0.045588999785278535,,,0.84,0.10079999999999999,36.1778184,36.17771080932583,114.79024000932583,3.79088,4.169501582495836,4.430498417504164
gen=50_member=8596_pso,50,storage_zminus_1p60,storage,Storage,S,0.84,0.10079999999999999,0.12,0.045588999785278535,,,0.84,0.10079999999999999,31.6560924,31.656131000200023,110.26866020020003,2.13446,2.4052825355102443,6.194717464489756
gen=50_member=8464_pso,50,storage_zminus_1p60,storage,Storage,S,0.84,0.10079999999999999,0.12,0.045588999785278535,,,0.84,0.10079999999999999,35.1692028,35.16929619734085,113.78182539734085,3.28738,3.6431103430934693,4.95688965690653
gen=50_member=8489_pso,50,storage_zminus_1p60,storage,Storage,S,0.84,0.10079999999999999,0.12,0.045588999785278535,,,0.84,0.10079999999999999,33.927984,33.928075253726064,112.54060445372608,2.76217,3.0808771301219164,5.519122869878084
gen=50_member=8579_pso,50,storage_zminus_1p60,storage,Storage,S,0.84,0.10079999999999999,0.12,0.045588999785278535,,,0.84,0.10079999999999999,35.2674576,35.267503555717184,113.8800327557172,3.34196,3.7023445302819438,4.897655469718056
gen=50_member=8474_pso,50,storage_zminus_1p60,storage,Storage,S,0.84,0.10079999999999999,0.12,0.045588999785278535,,,0.84,0.10079999999999999,28.369124,28.369120398124426,106.98164959812442,1.54501,1.7674560059503193,6.83254399404968
gen=50_member=8555_pso,50,storage_zminus_1p60,storage,Storage,S,0.84,0.10079999999999999,0.12,0.045588999785278535,,,0.84,0.10079999999999999,34.7982408,34.798261721440575,113.41079092144058,3.12278,3.467030649653253,5.132969350346746
gen=50_member=8483_pso,50,storage_zminus_1p60,storage,Storage,S,0.84,0.10079999999999999,0.12,0.045588999785278535,,,0.84,0.10079999999999999,32.124418,32.12450543561306,110.73703463561304,2.25475,2.531306540411448,6.068693459588552
gen=50_member=8443_pso,50,storage_zminus_1p60,storage,Storage,S,0.84,0.10079999999999999,0.12,0.045588999785278535,,,0.84,0.10079999999999999,29.0288348,29.028751720435796,107.64128092043579,1.62866,1.8560503715007919,6.743949628499208
gen=50_member=8469_pso,50,storage_zminus_1p60,storage,Storage,S,0.84,0.10079999999999999,0.12,0.045588999785278535,,,0.84,0.10079999999999999,27.342684399999996,27.342638190802248,105.95516739080225,1.39731,1.6034969453492989,6.9965030546507005
gen=50_member=8584_pso,50,storage_zminus_1p60,storage,Storage,S,0.84,0.10079999999999999,0.12,0.045588999785278535,,,0.84,0.10079999999999999,36.776259200000005,36.77633515260383,115.38886435260383,4.09976,4.49427543694173,4.10572456305827
gen=50_member=8572_pso,50,storage_zminus_1p60,storage,Storage,S,0.84,0.10079999999999999,0.12,0.045588999785278535,,,0.84,0.10079999999999999,35.3808628,35.38077037906462,113.99329957906461,3.38958,3.7526794663002296,4.8473205336997705
gen=50_member=8550_pso,50,storage_zminus_1p60,storage,Storage,S,0.84,0.10079999999999999,0.12,0.045588999785278535,,,0.84,0.10079999999999999,35.4354488,35.43550778076299,114.048036980763,3.41089,3.7754184820698984,4.824581517930101
gen=50_member=8507_pso,50,storage_zminus_1p60,storage,Storage,S,0.84,0.10079999999999999,0.12,0.045588999785278535,,,0.84,0.10079999999999999,29.1130532,29.113125122660595,107.72565432266059,1.64928,1.8789411964681093,6.72105880353189
gen=50_member=8467_pso,50,storage_zminus_1p60,storage,Storage,S,0.84,0.10079999999999999,0.12,0.045588999785278535,,,0.84,0.10079999999999999,28.4317308,28.431750054504132,107.04427925450413,1.56923,1.7914133943387758,6.808586605661224
gen=50_member=8487_pso,50,storage_zminus_1p60,storage,Storage,S,0.84,0.10079999999999999,0.12,0.045588999785278535,,,0.84,0.10079999999999999,35.5025116,35.50262187067714,114.11515107067714,3.45215,3.8173441763667815,4.782655823633219
152,50,storage_zminus_1p20,storage,Storage,S,0.88,0.1056,0.12,0.079811408240092,,,0.88,0.1056,39.0853584,39.0854414587126,117.6979706587126,4.78258,5.099579198884048,3.5004208011159514
gen=36_member=6021_pso,50,storage_zminus_1p20,storage,Storage,S,0.88,0.1056,0.12,0.079811408240092,,,0.88,0.1056,15.73043752,15.730428646974957,94.34295784697495,0.811083,0.9077706120098122,7.692229387990188
16,50,storage_zminus_1p20,storage,Storage,S,0.88,0.1056,0.12,0.079811408240092,,,0.88,0.1056,38.467534,38.46752870631738,117.08005790631736,4.48927,4.795593226735557,3.804406773264443
130,50,storage_zminus_1p20,storage,Storage,S,0.88,0.1056,0.12,0.079811408240092,,,0.88,0.1056,38.6001,38.60014577795708,117.21267497795709,4.69071,5.003294547615233,3.596705452384767
95,50,storage_zminus_1p20,storage,Storage,S,0.88,0.1056,0.12,0.079811408240092,,,0.88,0.1056,38.900657200000005,38.90068138512153,117.51321058512153,4.70127,5.017898041648406,3.5821019583515934
156,50,storage_zminus_1p20,storage,Storage,S,0.88,0.1056,0.12,0.079811408240092,,,0.88,0.1056,37.6137644,37.61379239712806,116.22632159712806,4.4265,4.726912402207519,3.8730875977924804
gen=47_member=7948_pso,50,storage_zminus_1p20,storage,Storage,S,0.88,0.1056,0.12,0.079811408240092,,,0.88,0.1056,28.5299856,28.529932454502454,107.14246165450244,1.5703,1.7314611800453754,6.868538819954624
gen=48_member=8161_pso,50,storage_zminus_1p20,storage,Storage,S,0.88,0.1056,0.12,0.079811408240092,,,0.88,0.1056,24.5082228,24.508282368015493,103.1208115680155,1.17026,1.31009964842616,7.28990035157384
gen=33_member=5661_pso,50,storage_zminus_1p20,storage,Storage,S,0.88,0.1056,0.12,0.079811408240092,,,0.88,0.1056,36.8916696,36.89173247767671,115.50426167767671,4.21575,4.508387230914655,4.091612769085344
gen=47_member=7921_pso,50,storage_zminus_1p20,storage,Storage,S,0.88,0.1056,0.12,0.079811408240092,,,0.88,0.1056,37.0291372,37.029124549782175,115.6416537497822,4.27101,4.565099842961891,4.034900157038108
gen=40_member=6722_pso,50,storage_zminus_1p20,storage,Storage,S,0.88,0.1056,0.12,0.079811408240092,,,0.88,0.1056,29.2066292,29.206608318766545,107.81913751876654,1.65561,1.8221188726415116,6.777881127358488
gen=48_member=8113_pso,50,storage_zminus_1p20,storage,Storage,S,0.88,0.1056,0.12,0.079811408240092,,,0.88,0.1056,37.0135412,37.01352492542517,115.62605412542518,4.2324,4.525243612154491,4.074756387845508
gen=48_member=8218_pso,50,storage_zminus_1p20,storage,Storage,S,0.88,0.1056,0.12,0.079811408240092,,,0.88,0.1056,36.6236412,36.62363801974855,115.23616721974857,4.03399,4.31757142919641,4.28242857080359
gen=42_member=7058_pso,50,storage_zminus_1p20,storage,Storage,S,0.88,0.1056,0.12,0.079811408240092,,,0.88,0.1056,17.825114,17.82511697626178,96.4376461762618,0.864582,0.9728795524143934,7.6271204475856065
gen=48_member=8245_pso,50,storage_zminus_1p20,storage,Storage,S,0.88,0.1056,0.12,0.079811408240092,,,0.88,0.1056,36.87897,36.87888641911074,115.49141561911075,4.17121,4.462802840613584,4.137197159386416
gen=41_member=6922_pso,50,storage_zminus_1p20,storage,Storage,S,0.88,0.1056,0.12,0.079811408240092,,,0.88,0.1056,32.1159516,32.11592080418332,110.72845000418333,2.24821,2.448313728786561,6.151686271213439
gen=41_member=6885_pso,50,storage_zminus_1p20,storage,Storage,S,0.88,0.1056,0.12,0.079811408240092,,,0.88,0.1056,16.94815092,16.94814371857778,95.56067291857778,0.828565,0.9298092155336386,7.670190784466361
gen=37_member=6262_pso,50,storage_zminus_1p20,storage,Storage,S,0.88,0.1056,0.12,0.079811408240092,,,0.88,0.1056,25.3729096,25.372800727077287,103.98532992707726,1.2425,1.3850363953277582,7.214963604672241
gen=39_member=6554_pso,50,storage_zminus_1p20,storage,Storage,S,0.88,0.1056,0.12,0.079811408240092,,,0.88,0.1056,22.91498,22.91493475179726,101.52746395179726,1.07599,1.2082342898143148,7.391765710185685
gen=44_member=7409_pso,50,storage_zminus_1p20,storage,Storage,S,0.88,0.1056,0.12,0.079811408240092,,,0.88,0.1056,29.026161199999997,29.02617500954204,107.63870420954201,1.61819,1.7814509017834501,6.8185490982165495
gen=33_member=5597_pso,50,storage_zminus_1p20,storage,Storage,S,0.88,0.1056,0.12,0.079811408240092,,,0.88,0.1056,20.425457360000003,20.425447005160812,99.03797620516082,0.993719,1.112114343497175,7.487885656502825
gen=35_member=5926_pso,50,storage_zminus_1p20,storage,Storage,S,0.88,0.1056,0.12,0.079811408240092,,,0.88,0.1056,28.758578399999998,28.75848621927199,107.371015419272,1.60584,1.7687291932362021,6.831270806763797
gen=42_member=7147_pso,50,storage_zminus_1p20,storage,Storage,S,0.88,0.1056,0.12,0.079811408240092,,,0.88,0.1056,36.785394,36.78548226240043,115.39801146240043,4.12536,4.4152900475348345,4.184709952465165
gen=47_member=7992_pso,50,storage_zminus_1p20,storage,Storage,S,0.88,0.1056,0.12,0.079811408240092,,,0.88,0.1056,37.303181200000004,37.30318347661641,115.91571267661642,4.41535,4.715203909641464,3.8847960903585355
gen=44_member=7479_pso,50,storage_zminus_1p20,storage,Storage,S,0.88,0.1056,0.12,0.079811408240092,,,0.88,0.1056,29.72709,29.726992928553695,108.3395221285537,1.7727,1.9468235058276389,6.653176494172361
gen=46_member=7840_pso,50,storage_zminus_1p20,storage,Storage,S,0.88,0.1056,0.12,0.079811408240092,,,0.88,0.1056,27.838414399999998,27.838357196260656,106.45088639626066,1.46259,1.6161113251688612,6.983888674831139
gen=36_member=6076_pso,50,storage_zminus_1p20,storage,Storage,S,0.88,0.1056,0.12,0.079811408240092,,,0.88,0.1056,37.071692,37.07165394641189,115.6841831464119,4.31441,4.611269253127779,3.9887307468722204
gen=39_member=6576_pso,50,storage_zminus_1p20,storage,Storage,S,0.88,0.1056,0.12,0.079811408240092,,,0.88,0.1056,24.576845199999998,24.57679423226629,103.18932343226629,1.21064,1.3489245921059596,7.2510754078940405
gen=46_member=7833_pso,50,storage_zminus_1p20,storage,Storage,S,0.88,0.1056,0.12,0.079811408240092,,,0.88,0.1056,30.2738412,30.273822445456965,108.88635164545695,1.83739,2.0151431758927596,6.58485682410724
gen=36_member=6039_pso,50,storage_zminus_1p20,storage,Storage,S,0.88,0.1056,0.12,0.079811408240092,,,0.88,0.1056,34.2367848,34.236759922666806,112.84928912266682,2.88658,3.123439319177814,5.476560680822185
gen=45_member=7630_pso,50,storage_zminus_1p20,storage,Storage,S,0.88,0.1056,0.12,0.079811408240092,,,0.88,0.1056,20.27341864,20.273425248681576,98.88595444868157,0.964314,1.0842687689621902,7.51573123103781
gen=41_member=7002_pso,50,storage_zminus_1p20,storage,Storage,S,0.88,0.1056,0.12,0.079811408240092,,,0.88,0.1056,31.456018,31.456010064777686,110.0685392647777,2.09323,2.2855179369909675,6.314482063009033
gen=44_member=7416_pso,50,storage_zminus_1p20,storage,Storage,S,0.88,0.1056,0.12,0.079811408240092,,,0.88,0.1056,22.539562,22.53949283051267,101.15202203051267,1.03735,1.1665345826361284,7.4334654173638715
gen=48_member=8130_pso,50,storage_zminus_1p20,storage,Storage,S,0.88,0.1056,0.12,0.079811408240092,,,0.88,0.1056,30.2965668,30.29664546331896,108.90917466331896,1.8663,2.045054377998924,6.5549456220010756
gen=42_member=7150_pso,50,storage_zminus_1p20,storage,Storage,S,0.88,0.1056,0.12,0.079811408240092,,,0.88,0.1056,23.0183592,23.018345966531463,101.63087516653145,1.08725,1.21466265376301,7.385337346236989
gen=46_member=7861_pso,50,storage_zminus_1p20,storage,Storage,S,0.88,0.1056,0.12,0.079811408240092,,,0.88,0.1056,36.5779672,36.57795625745423,115.19048545745423,4.0076,4.29290994671604,4.30709005328396
gen=47_member=8013_pso,50,storage_zminus_1p20,storage,Storage,S,0.88,0.1056,0.12,0.079811408240092,,,0.88,0.1056,24.1898416,24.189885878306495,102.80241507830647,1.14776,1.2836557978260879,7.316344202173912
gen=34_member=5833_pso,50,storage_zminus_1p20,storage,Storage,S,0.88,0.1056,0.12,0.079811408240092,,,0.88,0.1056,37.0554276,37.05546674905064,115.66799594905063,4.29346,4.588687168688738,4.011312831311262
gen=29_member=4835_pso,50,storage_zminus_1p20,storage,Storage,S,0.88,0.1056,0.12,0.079811408240092,,,0.88,0.1056,31.1628132,31.16289112554577,109.77542032554577,2.02499,2.2144420985466264,6.385557901453373
gen=43_member=7309_pso,50,storage_zminus_1p20,storage,Storage,S,0.88,0.1056,0.12,0.079811408240092,,,0.88,0.1056,28.36244,28.362383210764136,106.97491241076413,1.53641,1.6950817793238513,6.904918220676148
gen=42_member=7162_pso,50,storage_zminus_1p20,storage,Storage,S,0.88,0.1056,0.12,0.079811408240092,,,0.88,0.1056,34.2657488,34.265693983561704,112.87822318356172,2.92099,3.1588021250796743,5.441197874920325
gen=43_member=7394_pso,50,storage_zminus_1p20,storage,Storage,S,0.88,0.1056,0.12,0.079811408240092,,,0.88,0.1056,29.6994628,29.69937939750987,108.31190859750988,1.74092,1.912759926941677,6.687240073058323
gen=47_member=7994_pso,50,storage_zminus_1p20,storage,Storage,S,0.88,0.1056,0.12,0.079811408240092,,,0.88,0.1056,27.7078536,27.707961235794844,106.32049043579485,1.42551,1.5769843923275177,7.023015607672482
gen=48_member=8212_pso,50,storage_zminus_1p20,storage,Storage,S,0.88,0.1056,0.12,0.079811408240092,,,0.88,0.1056,25.5088176,25.50891213870453,104.12144133870451,1.2664,1.4092141894178207,7.190785810582179
gen=34_member=5718_pso,50,storage_zminus_1p20,storage,Storage,S,0.88,0.1056,0.12,0.079811408240092,,,0.88,0.1056,19.217970479999998,19.217975104740983,97.83050430474097,0.92753,1.0353507973240894,7.56464920267591
gen=40_member=6749_pso,50,storage_zminus_1p20,storage,Storage,S,0.88,0.1056,0.12,0.079811408240092,,,0.88,0.1056,32.0337384,32.033822459218676,110.64635165921867,2.22633,2.4265574830111607,6.173442516988839
gen=45_member=7712_pso,50,storage_zminus_1p20,storage,Storage,S,0.88,0.1056,0.12,0.079811408240092,,,0.88,0.1056,31.9644476,31.96441941761888,110.57694861761888,2.20694,2.4058731266083493,6.19412687339165
gen=49_member=8286_pso,50,storage_zminus_1p20,storage,Storage,S,0.88,0.1056,0.12,0.079811408240092,,,0.88,0.1056,31.885799199999997,31.88574680923485,110.49827600923484,2.18552,2.3836010227123423,6.216398977287657
gen=47_member=7987_pso,50,storage_zminus_1p20,storage,Storage,S,0.88,0.1056,0.12,0.079811408240092,,,0.88,0.1056,32.3378604,32.3379503115816,110.95047951158162,2.30822,2.5121561371160324,6.087843862883967
gen=42_member=7104_pso,50,storage_zminus_1p20,storage,Storage,S,0.88,0.1056,0.12,0.079811408240092,,,0.88,0.1056,37.1305112,37.1305477391165,115.7430769391165,4.35228,4.650252243956732,3.9497477560432674
gen=44_member=7536_pso,50,storage_zminus_1p20,storage,Storage,S,0.88,0.1056,0.12,0.079811408240092,,,0.88,0.1056,23.466855600000002,23.46684587614881,102.0793750761488,1.11985,1.2507851586347596,7.3492148413652405
gen=38_member=6480_pso,50,storage_zminus_1p20,storage,Storage,S,0.88,0.1056,0.12,0.079811408240092,,,0.88,0.1056,31.4072248,31.407133065935877,110.01966226593586,2.07448,2.2685163126683605,6.331483687331639
gen=43_member=7269_pso,50,storage_zminus_1p20,storage,Storage,S,0.88,0.1056,0.12,0.079811408240092,,,0.88,0.1056,36.833296,36.83339971387087,115.44592891387086,4.14372,4.4343699380542345,4.165630061945765
gen=35_member=5948_pso,50,storage_zminus_1p20,storage,Storage,S,0.88,0.1056,0.12,0.079811408240092,,,0.88,0.1056,37.07392,37.07384621264411,115.68637541264411,4.33924,4.636371787556408,3.9636282124435915
gen=29_member=4871_pso,50,storage_zminus_1p20,storage,Storage,S,0.88,0.1056,0.12,0.079811408240092,,,0.88,0.1056,17.843495,17.843497187733753,96.45602638773376,0.881544,0.98672224167461,7.61327775832539
gen=36_member=6031_pso,50,storage_zminus_1p20,storage,Storage,S,0.88,0.1056,0.12,0.079811408240092,,,0.88,0.1056,31.3383796,31.338390787551674,109.95091998755169,2.05415,2.2461200314827687,6.353879968517231
gen=39_member=6689_pso,50,storage_zminus_1p20,storage,Storage,S,0.88,0.1056,0.12,0.079811408240092,,,0.88,0.1056,29.4165068,29.416418185838467,108.02894738583845,1.67871,1.846373278302276,6.7536267216977235
gen=46_member=7811_pso,50,storage_zminus_1p20,storage,Storage,S,0.88,0.1056,0.12,0.079811408240092,,,0.88,0.1056,30.8479968,30.84800808580873,109.46053728580873,1.95962,2.145131433510037,6.454868566489963
gen=36_member=6150_pso,50,storage_zminus_1p20,storage,Storage,S,0.88,0.1056,0.12,0.079811408240092,,,0.88,0.1056,29.510305600000002,29.510270949002532,108.12280014900254,1.71536,1.8854314541236377,6.714568545876362
gen=28_member=4698_pso,50,storage_zminus_1p20,storage,Storage,S,0.88,0.1056,0.12,0.079811408240092,,,0.88,0.1056,19.62453592,19.62453473077234,98.23706393077234,0.948853,1.0652809536189896,7.53471904638101
gen=45_member=7580_pso,50,storage_zminus_1p20,storage,Storage,S,0.88,0.1056,0.12,0.079811408240092,,,0.88,0.1056,29.4198488,29.41977376399195,108.03230296399194,1.6928,1.8610710462495306,6.738928953750469
gen=37_member=6318_pso,50,storage_zminus_1p20,storage,Storage,S,0.88,0.1056,0.12,0.079811408240092,,,0.88,0.1056,36.3585092,36.35850397821222,114.97103317821221,3.89263,4.171352474876154,4.4286475251238455
gen=39_member=6634_pso,50,storage_zminus_1p20,storage,Storage,S,0.88,0.1056,0.12,0.079811408240092,,,0.88,0.1056,37.24659,37.24656995207669,115.8590991520767,4.3792,4.677950547030899,3.922049452969101
gen=46_member=7788_pso,50,storage_zminus_1p20,storage,Storage,S,0.88,0.1056,0.12,0.079811408240092,,,0.88,0.1056,32.533256,32.533172613400616,111.1457018134006,2.35444,2.5619418091087005,6.038058190891299
gen=46_member=7881_pso,50,storage_zminus_1p20,storage,Storage,S,0.88,0.1056,0.12,0.079811408240092,,,0.88,0.1056,27.1929628,27.192862415219388,105.80539161521938,1.37653,1.5283280270272053,7.071671972972794
gen=27_member=4566_pso,50,storage_zminus_1p20,storage,Storage,S,0.88,0.1056,0.12,0.079811408240092,,,0.88,0.1056,34.2026964,34.20265674649548,112.8151859464955,2.87573,3.114579279168786,5.485420720831214
gen=39_member=6698_pso,50,storage_zminus_1p20,storage,Storage,S,0.88,0.1056,0.12,0.079811408240092,,,0.88,0.1056,33.52026,33.52015097310551,112.13268017310553,2.6497,2.8734184115779593,5.72658158842204
gen=41_member=6986_pso,50,storage_zminus_1p20,storage,Storage,S,0.88,0.1056,0.12,0.079811408240092,,,0.88,0.1056,35.7676436,35.767651554973604,114.38018075497361,3.58673,3.8578701909657163,4.742129809034283
gen=41_member=6973_pso,50,storage_zminus_1p20,storage,Storage,S,0.88,0.1056,0.12,0.079811408240092,,,0.88,0.1056,35.1593996,35.15947657236159,113.77200577236158,3.28388,3.543287285354954,5.0567127146450455
gen=27_member=4568_pso,50,storage_zminus_1p20,storage,Storage,S,0.88,0.1056,0.12,0.079811408240092,,,0.88,0.1056,32.5586552,32.558684654753776,111.17121385475377,2.37042,2.5774221422878383,6.022577857712161
gen=37_member=6357_pso,50,storage_zminus_1p20,storage,Storage,S,0.88,0.1056,0.12,0.079811408240092,,,0.88,0.1056,32.625718,32.62572860768373,111.23825780768374,2.3887,2.5983701831738526,6.0016298168261475
gen=47_member=8006_pso,50,storage_zminus_1p20,storage,Storage,S,0.88,0.1056,0.12,0.079811408240092,,,0.88,0.1056,36.7613316,36.761407828424296,115.37393702842431,4.09604,4.382072553665119,4.217927446334881
gen=41_member=6898_pso,50,storage_zminus_1p20,storage,Storage,S,0.88,0.1056,0.12,0.079811408240092,,,0.88,0.1056,31.489438,31.489447863162184,110.10197706316218,2.11934,2.314647610754581,6.285352389245419
gen=39_member=6668_pso,50,storage_zminus_1p20,storage,Storage,S,0.88,0.1056,0.12,0.079811408240092,,,0.88,0.1056,33.933108399999995,33.933030846740984,112.545560046741,2.77099,3.0016662913938754,5.598333708606124
gen=48_member=8200_pso,50,storage_zminus_1p20,storage,Storage,S,0.88,0.1056,0.12,0.079811408240092,,,0.88,0.1056,34.8907028,34.89080581472363,113.50333501472363,3.16725,3.4206402485642586,5.179359751435741
gen=32_member=5452_pso,50,storage_zminus_1p20,storage,Storage,S,0.88,0.1056,0.12,0.079811408240092,,,0.88,0.1056,34.8474796,34.84753054005696,113.46005974005696,3.14182,3.3929746289679357,5.2070253710320635
gen=44_member=7522_pso,50,storage_zminus_1p20,storage,Storage,S,0.88,0.1056,0.12,0.079811408240092,,,0.88,0.1056,33.1631116,33.16311565476033,111.77564485476033,2.53937,2.7563707563378705,5.843629243662129
gen=45_member=7699_pso,50,storage_zminus_1p20,storage,Storage,S,0.88,0.1056,0.12,0.079811408240092,,,0.88,0.1056,25.6714616,25.671464649350018,104.28399384935003,1.28466,1.4254759390785547,7.174524060921445
gen=38_member=6478_pso,50,storage_zminus_1p20,storage,Storage,S,0.88,0.1056,0.12,0.079811408240092,,,0.88,0.1056,35.2785976,35.27857906393331,113.8911082639333,3.35376,3.6163891285587884,4.983610871441211
gen=48_member=8105_pso,50,storage_zminus_1p20,storage,Storage,S,0.88,0.1056,0.12,0.079811408240092,,,0.88,0.1056,36.5527908,36.55273076856624,115.16525996856623,3.9902,4.2731486753488745,4.326851324651125
gen=47_member=7995_pso,50,storage_zminus_1p20,storage,Storage,S,0.88,0.1056,0.12,0.079811408240092,,,0.88,0.1056,36.497536399999994,36.49744644974915,115.10997564974916,3.97511,4.260700802819754,4.339299197180246
gen=38_member=6507_pso,50,storage_zminus_1p20,storage,Storage,S,0.88,0.1056,0.12,0.079811408240092,,,0.88,0.1056,36.2430988,36.243072285057984,114.85560148505799,3.82686,4.103736146187782,4.496263853812217
gen=47_member=8017_pso,50,storage_zminus_1p20,storage,Storage,S,0.88,0.1056,0.12,0.079811408240092,,,0.88,0.1056,26.3334004,26.33332130996634,104.94585050996633,1.31111,1.456644347687397,7.143355652312603
gen=28_member=4806_pso,50,storage_zminus_1p20,storage,Storage,S,0.88,0.1056,0.12,0.079811408240092,,,0.88,0.1056,36.335338,36.335363024535646,114.94789222453565,3.87574,4.1539210521925884,4.446078947807411
gen=33_member=5559_pso,50,storage_zminus_1p20,storage,Storage,S,0.88,0.1056,0.12,0.079811408240092,,,0.88,0.1056,32.1440244,32.1440689013816,110.7565981013816,2.27771,2.4819756520611196,6.11802434793888
gen=28_member=4728_pso,50,storage_zminus_1p20,storage,Storage,S,0.88,0.1056,0.12,0.079811408240092,,,0.88,0.1056,25.063886,25.063855919912235,103.67638511991223,1.21593,1.3558005203601835,7.244199479639816
gen=30_member=4999_pso,50,storage_zminus_1p20,storage,Storage,S,0.88,0.1056,0.12,0.079811408240092,,,0.88,0.1056,33.9879172,33.98794532305361,112.60047452305362,2.78942,3.024040432054325,5.575959567945675
gen=47_member=7949_pso,50,storage_zminus_1p20,storage,Storage,S,0.88,0.1056,0.12,0.079811408240092,,,0.88,0.1056,31.069014399999997,31.068968509771572,109.68149770977158,1.99378,2.181561878502669,6.4184381214973305
gen=37_member=6216_pso,50,storage_zminus_1p20,storage,Storage,S,0.88,0.1056,0.12,0.079811408240092,,,0.88,0.1056,34.7610332,34.76111558406628,113.37364478406629,3.104,3.3520591028511633,5.247940897148837
gen=35_member=5892_pso,50,storage_zminus_1p20,storage,Storage,S,0.88,0.1056,0.12,0.079811408240092,,,0.88,0.1056,33.624976,33.6250096550061,112.23753885500611,2.6693,2.894233569470602,5.705766430529398
gen=47_member=7933_pso,50,storage_zminus_1p20,storage,Storage,S,0.88,0.1056,0.12,0.079811408240092,,,0.88,0.1056,26.4996092,26.49956968298791,105.11209888298791,1.3367,1.4833916649511236,7.116608335048876
gen=42_member=7127_pso,50,storage_zminus_1p20,storage,Storage,S,0.88,0.1056,0.12,0.079811408240092,,,0.88,0.1056,33.1831636,33.183068642146345,111.79559784214636,2.56094,2.7794295849008837,5.820570415099116
gen=46_member=7815_pso,50,storage_zminus_1p20,storage,Storage,S,0.88,0.1056,0.12,0.079811408240092,,,0.88,0.1056,30.2096748,30.209600453547942,108.82212965354798,1.82093,1.9973342976602375,6.602665702339762
gen=41_member=6988_pso,50,storage_zminus_1p20,storage,Storage,S,0.88,0.1056,0.12,0.079811408240092,,,0.88,0.1056,27.9351096,27.935094147883344,106.54762334788336,1.48478,1.642168700058924,6.957831299941075
gen=39_member=6630_pso,50,storage_zminus_1p20,storage,Storage,S,0.88,0.1056,0.12,0.079811408240092,,,0.88,0.1056,32.2866164,32.28667995166453,110.89920915166454,2.28023,2.4819701482529206,6.118029851747079
gen=46_member=7750_pso,50,storage_zminus_1p20,storage,Storage,S,0.88,0.1056,0.12,0.079811408240092,,,0.88,0.1056,33.3573932,33.35737322320111,111.9699024232011,2.61481,2.8396366764072667,5.760363323592733
gen=47_member=8066_pso,50,storage_zminus_1p20,storage,Storage,S,0.88,0.1056,0.12,0.079811408240092,,,0.88,0.1056,36.1452896,36.14526258672567,114.75779178672568,3.76811,4.043246750587665,4.556753249412335
gen=49_member=8375_pso,50,storage_zminus_1p20,storage,Storage,S,0.88,0.1056,0.12,0.079811408240092,,,0.88,0.1056,33.014504,33.01442462041577,111.62695382041578,2.48535,2.6992178700380443,5.900782129961955
gen=48_member=8129_pso,50,storage_zminus_1p20,storage,Storage,S,0.88,0.1056,0.12,0.079811408240092,,,0.88,0.1056,36.633444399999995,36.63353389800296,115.24606309800296,4.0627,4.347523388773038,4.252476611226962
gen=39_member=6585_pso,50,storage_zminus_1p20,storage,Storage,S,0.88,0.1056,0.12,0.079811408240092,,,0.88,0.1056,34.7828676,34.78292178056862,113.39545098056861,3.109,3.3568178825382544,5.243182117461745
gen=47_member=8011_pso,50,storage_zminus_1p20,storage,Storage,S,0.88,0.1056,0.12,0.079811408240092,,,0.88,0.1056,35.1213008,35.12122980345115,113.73375900345114,3.26403,3.521888234142103,5.078111765857896
gen=40_member=6726_pso,50,storage_zminus_1p20,storage,Storage,S,0.88,0.1056,0.12,0.079811408240092,,,0.88,0.1056,31.242575600000002,31.242517549639818,109.85504674963983,2.03707,2.2275761207601086,6.372423879239891
gen=44_member=7543_pso,50,storage_zminus_1p20,storage,Storage,S,0.88,0.1056,0.12,0.079811408240092,,,0.88,0.1056,35.1870268,35.18705597340057,113.79958517340057,3.29833,3.558246856197896,5.0417531438021035
gen=43_member=7287_pso,50,storage_zminus_1p20,storage,Storage,S,0.88,0.1056,0.12,0.079811408240092,,,0.88,0.1056,33.646587600000004,33.64656535247972,112.25909455247972,2.68124,2.906610034583342,5.6933899654166575
gen=41_member=6982_pso,50,storage_zminus_1p20,storage,Storage,S,0.88,0.1056,0.12,0.079811408240092,,,0.88,0.1056,36.2787468,36.278668778733376,114.89119797873339,3.84028,4.118752609700728,4.481247390299272
gen=33_member=5577_pso,50,storage_zminus_1p20,storage,Storage,S,0.88,0.1056,0.12,0.079811408240092,,,0.88,0.1056,34.0012852,34.00137781832889,112.6139070183289,2.80281,3.0401037941304825,5.559896205869517
gen=48_member=8183_pso,50,storage_zminus_1p20,storage,Storage,S,0.88,0.1056,0.12,0.079811408240092,,,0.88,0.1056,34.7057788,34.70587203703935,113.31840123703935,3.0773,3.3229070475164177,5.2770929524835815
gen=48_member=8234_pso,50,storage_zminus_1p20,storage,Storage,S,0.88,0.1056,0.12,0.079811408240092,,,0.88,0.1056,23.7818948,23.781937390842728,102.39446659084273,1.1268,1.2579897962801465,7.342010203719854
gen=42_member=7080_pso,50,storage_zminus_1p20,storage,Storage,S,0.88,0.1056,0.12,0.079811408240092,,,0.88,0.1056,35.2182188,35.21819334968434,113.83072254968432,3.313,3.573675336805459,5.026324663194541
gen=47_member=8007_pso,50,storage_zminus_1p20,storage,Storage,S,0.88,0.1056,0.12,0.079811408240092,,,0.88,0.1056,34.1347424,34.13470291303967,112.74723211303967,2.85212,3.092155819020775,5.507844180979225
gen=35_member=5961_pso,50,storage_zminus_1p20,storage,Storage,S,0.88,0.1056,0.12,0.079811408240092,,,0.88,0.1056,36.8771876,36.87726444522587,115.48979364522586,4.16397,4.453399763412587,4.146600236587413
gen=31_member=5281_pso,50,storage_zminus_1p20,storage,Storage,S,0.88,0.1056,0.12,0.079811408240092,,,0.88,0.1056,33.1156552,33.11569694121411,111.72822614121412,2.52766,2.7442114512205893,5.85578854877941
gen=44_member=7417_pso,50,storage_zminus_1p20,storage,Storage,S,0.88,0.1056,0.12,0.079811408240092,,,0.88,0.1056,28.040048399999996,28.04007293817745,106.65260213817746,1.50233,1.659379573383376,6.940620426616624
gen=32_member=5429_pso,50,storage_zminus_1p20,storage,Storage,S,0.88,0.1056,0.12,0.079811408240092,,,0.88,0.1056,36.214580399999996,36.214597535229515,114.82712673522953,3.8078,4.084888027484935,4.515111972515065
gen=37_member=6347_pso,50,storage_zminus_1p20,storage,Storage,S,0.88,0.1056,0.12,0.079811408240092,,,0.88,0.1056,35.6629276,35.66303769617801,114.275566896178,3.52921,3.7977435031533817,4.802256496846618
gen=42_member=7094_pso,50,storage_zminus_1p20,storage,Storage,S,0.88,0.1056,0.12,0.079811408240092,,,0.88,0.1056,32.7239728,32.72396444274264,111.33649364274265,2.40462,2.6135917713731445,5.986408228626855
gen=45_member=7577_pso,50,storage_zminus_1p20,storage,Storage,S,0.88,0.1056,0.12,0.079811408240092,,,0.88,0.1056,33.348481199999995,33.348578128286576,111.96110732828657,2.59343,2.8136739386618737,5.786326061338126
gen=38_member=6402_pso,50,storage_zminus_1p20,storage,Storage,S,0.88,0.1056,0.12,0.079811408240092,,,0.88,0.1056,30.511791600000002,30.51186014513365,109.12438934513365,1.8927,2.0741676785636844,6.525832321436315
gen=31_member=5196_pso,50,storage_zminus_1p20,storage,Storage,S,0.88,0.1056,0.12,0.079811408240092,,,0.88,0.1056,37.154128,37.154036317385696,115.76656551738569,4.37901,4.677031324332921,3.9229686756670787
gen=41_member=6995_pso,50,storage_zminus_1p20,storage,Storage,S,0.88,0.1056,0.12,0.079811408240092,,,0.88,0.1056,33.0581728,33.05810757863159,111.6706367786316,2.50823,2.7233716916965256,5.876628308303474
gen=39_member=6611_pso,50,storage_zminus_1p20,storage,Storage,S,0.88,0.1056,0.12,0.079811408240092,,,0.88,0.1056,35.8961992,35.89623286365389,114.5087620636539,3.66312,3.9344807869024514,4.665519213097548
gen=49_member=8310_pso,50,storage_zminus_1p20,storage,Storage,S,0.88,0.1056,0.12,0.079811408240092,,,0.88,0.1056,30.436708,30.43676948862573,109.04929868862573,1.88142,2.062974916105302,6.537025083894697
gen=41_member=6917_pso,50,storage_zminus_1p20,storage,Storage,S,0.88,0.1056,0.12,0.079811408240092,,,0.88,0.1056,30.7027312,30.7026693264571,109.3151985264571,1.93448,2.1181186559841465,6.481881344015854
gen=42_member=7156_pso,50,storage_zminus_1p20,storage,Storage,S,0.88,0.1056,0.12,0.079811408240092,,,0.88,0.1056,30.610492,30.610510708305725,109.22303990830572,1.91823,2.101342779690522,6.498657220309477
gen=29_member=4898_pso,50,storage_zminus_1p20,storage,Storage,S,0.88,0.1056,0.12,0.079811408240092,,,0.88,0.1056,35.9271684,35.92717187396659,114.5397010739666,3.68037,3.9570899415017857,4.642910058498214
gen=47_member=7961_pso,50,storage_zminus_1p20,storage,Storage,S,0.88,0.1056,0.12,0.079811408240092,,,0.88,0.1056,32.81844,32.81846706326812,111.43099626326813,2.42627,2.6369433937506153,5.963056606249385
gen=31_member=5213_pso,50,storage_zminus_1p20,storage,Storage,S,0.88,0.1056,0.12,0.079811408240092,,,0.88,0.1056,34.374698,34.37459988167344,112.98712908167344,2.94698,3.184864540642469,5.415135459357531
gen=33_member=5529_pso,50,storage_zminus_1p20,storage,Storage,S,0.88,0.1056,0.12,0.079811408240092,,,0.88,0.1056,18.329822840000002,18.32982475749499,96.94235395749497,0.902294,1.0100082402018775,7.589991759798123
gen=41_member=6902_pso,50,storage_zminus_1p20,storage,Storage,S,0.88,0.1056,0.12,0.079811408240092,,,0.88,0.1056,29.628389600000002,29.628353465378915,108.24088266537892,1.72975,1.9009566194705487,6.699043380529451
gen=43_member=7373_pso,50,storage_zminus_1p20,storage,Storage,S,0.88,0.1056,0.12,0.079811408240092,,,0.88,0.1056,30.566823199999998,30.566917442941545,109.17944664294156,1.90841,2.0910000520416903,6.508999947958309
gen=43_member=7354_pso,50,storage_zminus_1p20,storage,Storage,S,0.88,0.1056,0.12,0.079811408240092,,,0.88,0.1056,36.3656388,36.365559376347385,114.97808857634739,3.91205,4.192579851195067,4.407420148804933
gen=48_member=8255_pso,50,storage_zminus_1p20,storage,Storage,S,0.88,0.1056,0.12,0.079811408240092,,,0.88,0.1056,18.692073360000002,18.692080334260165,97.30460953426017,0.907206,1.0157883652690196,7.5842116347309805
gen=38_member=6443_pso,50,storage_zminus_1p20,storage,Storage,S,0.88,0.1056,0.12,0.079811408240092,,,0.88,0.1056,31.6712428,31.67115470758055,110.28368390758054,2.14746,2.3430926806238395,6.25690731937616
gen=47_member=7988_pso,50,storage_zminus_1p20,storage,Storage,S,0.88,0.1056,0.12,0.079811408240092,,,0.88,0.1056,30.769794,30.769795007202468,109.38232420720249,1.94462,2.1293046737559114,6.470695326244089
gen=37_member=6360_pso,50,storage_zminus_1p20,storage,Storage,S,0.88,0.1056,0.12,0.079811408240092,,,0.88,0.1056,28.05609,28.056013799679008,106.668542999679,1.51193,1.6711473536863115,6.928852646313688
gen=48_member=8171_pso,50,storage_zminus_1p20,storage,Storage,S,0.88,0.1056,0.12,0.079811408240092,,,0.88,0.1056,34.994082,34.99403631605541,113.60656551605543,3.20978,3.465274887824924,5.134725112175076
gen=45_member=7732_pso,50,storage_zminus_1p20,storage,Storage,S,0.88,0.1056,0.12,0.079811408240092,,,0.88,0.1056,28.232101999999998,28.232171596528566,106.84470079652857,1.52704,1.6852138550303961,6.914786144969604
gen=35_member=5956_pso,50,storage_zminus_1p20,storage,Storage,S,0.88,0.1056,0.12,0.079811408240092,,,0.88,0.1056,34.0774828,34.07740547464268,112.6899346746427,2.82984,3.0697095562837227,5.530290443716277
gen=45_member=7623_pso,50,storage_zminus_1p20,storage,Storage,S,0.88,0.1056,0.12,0.079811408240092,,,0.88,0.1056,26.867897600000003,26.867886619436277,105.48041581943627,1.35875,1.508477124744233,7.091522875255767
gen=34_member=5765_pso,50,storage_zminus_1p20,storage,Storage,S,0.88,0.1056,0.12,0.079811408240092,,,0.88,0.1056,30.9233032,30.92338623359191,109.5359154335919,1.98173,2.168374367203288,6.431625632796711
gen=38_member=6501_pso,50,storage_zminus_1p20,storage,Storage,S,0.88,0.1056,0.12,0.079811408240092,,,0.88,0.1056,32.3964568,32.396349530682755,111.00887873068277,2.32041,2.525382765569661,6.074617234430338
gen=48_member=8203_pso,50,storage_zminus_1p20,storage,Storage,S,0.88,0.1056,0.12,0.079811408240092,,,0.88,0.1056,32.4539392,32.453841272609736,111.06637047260975,2.33521,2.5406689225773573,6.059331077422643
gen=47_member=7974_pso,50,storage_zminus_1p20,storage,Storage,S,0.88,0.1056,0.12,0.079811408240092,,,0.88,0.1056,35.0424296,35.04236881028093,113.65489801028093,3.23167,3.4885481719414617,5.111451828058538
gen=42_member=7123_pso,50,storage_zminus_1p20,storage,Storage,S,0.88,0.1056,0.12,0.079811408240092,,,0.88,0.1056,34.3967552,34.396745119239434,113.00927431923942,2.95964,3.196207979374971,5.403792020625028
gen=30_member=5110_pso,50,storage_zminus_1p20,storage,Storage,S,0.88,0.1056,0.12,0.079811408240092,,,0.88,0.1056,36.395271199999996,36.39534938259375,115.00787858259373,3.93251,4.21305223755021,4.38694776244979
gen=40_member=6879_pso,50,storage_zminus_1p20,storage,Storage,S,0.88,0.1056,0.12,0.079811408240092,,,0.88,0.1056,35.52546,35.52547804840835,114.13800724840836,3.47595,3.7441806320773723,4.855819367922628
gen=31_member=5217_pso,50,storage_zminus_1p20,storage,Storage,S,0.88,0.1056,0.12,0.079811408240092,,,0.88,0.1056,36.452308,36.4522647735805,115.0647939735805,3.94088,4.223902309432666,4.376097690567334
gen=42_member=7215_pso,50,storage_zminus_1p20,storage,Storage,S,0.88,0.1056,0.12,0.079811408240092,,,0.88,0.1056,34.9225632,34.92253563470857,113.53506483470858,3.17583,3.4284852681178273,5.171514731882173
gen=37_member=6211_pso,50,storage_zminus_1p20,storage,Storage,S,0.88,0.1056,0.12,0.079811408240092,,,0.88,0.1056,20.656456399999996,20.656455308041814,99.26898450804181,1.01369,1.1323662013369213,7.467633798663078
gen=40_member=6803_pso,50,storage_zminus_1p20,storage,Storage,S,0.88,0.1056,0.12,0.079811408240092,,,0.88,0.1056,33.8223768,33.822321012801254,112.43485021280125,2.72359,2.9517399145152483,5.648260085484751
gen=30_member=5155_pso,50,storage_zminus_1p20,storage,Storage,S,0.88,0.1056,0.12,0.079811408240092,,,0.88,0.1056,34.1209288,34.12094915647915,112.73347835647915,2.84803,3.080636804513527,5.519363195486473
gen=32_member=5405_pso,50,storage_zminus_1p20,storage,Storage,S,0.88,0.1056,0.12,0.079811408240092,,,0.88,0.1056,27.866487199999998,27.866536503306772,106.47906570330677,1.47179,1.6292686041766964,6.970731395823304
gen=37_member=6224_pso,50,storage_zminus_1p20,storage,Storage,S,0.88,0.1056,0.12,0.079811408240092,,,0.88,0.1056,35.2442864,35.24434680969291,113.85687600969291,3.32624,3.5875984382628756,5.012401561737124
gen=36_member=6188_pso,50,storage_zminus_1p20,storage,Storage,S,0.88,0.1056,0.12,0.079811408240092,,,0.88,0.1056,26.545060399999997,26.54503702240775,105.15756622240775,1.34227,1.4880965837792777,7.111903416220722
gen=44_member=7508_pso,50,storage_zminus_1p20,storage,Storage,S,0.88,0.1056,0.12,0.079811408240092,,,0.88,0.1056,35.030844,35.030748929325185,113.64327812932517,3.22133,3.477581044771591,5.122418955228408
gen=48_member=8233_pso,50,storage_zminus_1p20,storage,Storage,S,0.88,0.1056,0.12,0.079811408240092,,,0.88,0.1056,34.676369199999996,34.67641402474263,113.28894322474264,3.06245,3.307247684979233,5.292752315020767
gen=27_member=4602_pso,50,storage_zminus_1p20,storage,Storage,S,0.88,0.1056,0.12,0.079811408240092,,,0.88,0.1056,31.533998,31.534063129350688,110.1465923293507,2.12737,2.323899800854613,6.276100199145387
gen=34_member=5714_pso,50,storage_zminus_1p20,storage,Storage,S,0.88,0.1056,0.12,0.079811408240092,,,0.88,0.1056,35.2895148,35.289422752427136,113.90195195242715,3.37452,3.6273141250977177,4.972685874902282
gen=33_member=5592_pso,50,storage_zminus_1p20,storage,Storage,S,0.88,0.1056,0.12,0.079811408240092,,,0.88,0.1056,32.9057776,32.90581117439859,111.5183403743986,2.46009,2.672333904951759,5.927666095048241
gen=46_member=7897_pso,50,storage_zminus_1p20,storage,Storage,S,0.88,0.1056,0.12,0.079811408240092,,,0.88,0.1056,34.6601048,34.66001472979494,113.27254392979495,3.05438,3.2975314930444504,5.302468506955549
gen=44_member=7516_pso,50,storage_zminus_1p20,storage,Storage,S,0.88,0.1056,0.12,0.079811408240092,,,0.88,0.1056,36.109196,36.10912532430648,114.72165452430647,3.75377,4.028187147487605,4.571812852512394
gen=47_member=8023_pso,50,storage_zminus_1p20,storage,Storage,S,0.88,0.1056,0.12,0.079811408240092,,,0.88,0.1056,36.075776,36.0756878960716,114.68821709607163,3.73629,4.009918289070797,4.590081710929202
gen=43_member=7367_pso,50,storage_zminus_1p20,storage,Storage,S,0.88,0.1056,0.12,0.079811408240092,,,0.88,0.1056,35.8665668,35.86655852747779,114.47908772747779,3.64645,3.9198100511552445,4.680189948844755
gen=41_member=6969_pso,50,storage_zminus_1p20,storage,Storage,S,0.88,0.1056,0.12,0.079811408240092,,,0.88,0.1056,34.0139848,34.01408910075473,112.62661830075474,2.81773,3.0567493442592424,5.543250655740757
gen=34_member=5825_pso,50,storage_zminus_1p20,storage,Storage,S,0.88,0.1056,0.12,0.079811408240092,,,0.88,0.1056,21.687307439999998,21.6872977704652,100.29982697046519,1.03166,1.154680150499535,7.445319849500464
gen=40_member=6799_pso,50,storage_zminus_1p20,storage,Storage,S,0.88,0.1056,0.12,0.079811408240092,,,0.88,0.1056,34.952641199999995,34.952751930942966,113.56528113094296,3.18988,3.444226360481259,5.15577363951874
gen=36_member=6120_pso,50,storage_zminus_1p20,storage,Storage,S,0.88,0.1056,0.12,0.079811408240092,,,0.88,0.1056,35.9581376,35.95802982865704,114.57055902865704,3.68918,3.9610601383237833,4.638939861676216
gen=43_member=7295_pso,50,storage_zminus_1p20,storage,Storage,S,0.88,0.1056,0.12,0.079811408240092,,,0.88,0.1056,35.5167708,35.51686845465705,114.12939765465704,3.46262,3.7271885998058303,4.87281140019417
gen=37_member=6202_pso,50,storage_zminus_1p20,storage,Storage,S,0.88,0.1056,0.12,0.079811408240092,,,0.88,0.1056,29.765634399999996,29.765572548609313,108.37810174860931,1.7877,1.9622197647435922,6.6377802352564075
gen=41_member=6991_pso,50,storage_zminus_1p20,storage,Storage,S,0.88,0.1056,0.12,0.079811408240092,,,0.88,0.1056,36.3934888,36.393381324833584,115.00591052483358,3.91812,4.200804477710533,4.3991955222894665
gen=34_member=5786_pso,50,storage_zminus_1p20,storage,Storage,S,0.88,0.1056,0.12,0.079811408240092,,,0.88,0.1056,35.6983528,35.69845644451818,114.31098564451818,3.5556,3.8257957313937068,4.774204268606293
gen=46_member=7820_pso,50,storage_zminus_1p20,storage,Storage,S,0.88,0.1056,0.12,0.079811408240092,,,0.88,0.1056,35.8603284,35.860377441964175,114.47290664196417,3.63264,3.9039860875161008,4.696013912483899
gen=49_member=8399_pso,50,storage_zminus_1p20,storage,Storage,S,0.88,0.1056,0.12,0.079811408240092,,,0.88,0.1056,35.851862,35.85181623963164,114.46434543963164,3.62622,3.8972982915038097,4.70270170849619
gen=34_member=5808_pso,50,storage_zminus_1p20,storage,Storage,S,0.88,0.1056,0.12,0.079811408240092,,,0.88,0.1056,36.496199600000004,36.496093279758526,115.10862247975852,3.95771,4.238662923936795,4.361337076063204
gen=43_member=7329_pso,50,storage_zminus_1p20,storage,Storage,S,0.88,0.1056,0.12,0.079811408240092,,,0.88,0.1056,34.9811596,34.981147257172495,113.59367645717249,3.19666,3.451422169634779,5.1485778303652205
gen=42_member=7088_pso,50,storage_zminus_1p20,storage,Storage,S,0.88,0.1056,0.12,0.079811408240092,,,0.88,0.1056,35.7903692,35.79047148072272,114.40300068072271,3.60323,3.8742634394575366,4.7257365605424635
gen=45_member=7708_pso,50,storage_zminus_1p20,storage,Storage,S,0.88,0.1056,0.12,0.079811408240092,,,0.88,0.1056,33.8571336,33.85718549462576,112.46971469462578,2.7429,2.9730970432918897,5.6269029567081095
gen=32_member=5495_pso,50,storage_zminus_1p20,storage,Storage,S,0.88,0.1056,0.12,0.079811408240092,,,0.88,0.1056,25.922334399999997,25.92224315458362,104.53477235458361,1.29931,1.4439999731482696,7.15600002685173
gen=41_member=6992_pso,50,storage_zminus_1p20,storage,Storage,S,0.88,0.1056,0.12,0.079811408240092,,,0.88,0.1056,35.8253488,35.82539989519937,114.43792909519937,3.61253,3.882966784210248,4.717033215789751
gen=44_member=7474_pso,50,storage_zminus_1p20,storage,Storage,S,0.88,0.1056,0.12,0.079811408240092,,,0.88,0.1056,35.6065592,35.60659604089044,114.21912524089045,3.50006,3.768431527027543,4.831568472972457
gen=38_member=6529_pso,50,storage_zminus_1p20,storage,Storage,S,0.88,0.1056,0.12,0.079811408240092,,,0.88,0.1056,34.6110888,34.611036113818564,113.22356531381857,3.04111,3.2834850670611826,5.3165149329388175
gen=38_member=6418_pso,50,storage_zminus_1p20,storage,Storage,S,0.88,0.1056,0.12,0.079811408240092,,,0.88,0.1056,34.4430976,34.443010318174956,113.05553951817497,2.97833,3.2161417829905994,5.383858217009401
gen=42_member=7193_pso,50,storage_zminus_1p20,storage,Storage,S,0.88,0.1056,0.12,0.079811408240092,,,0.88,0.1056,33.445622,33.44556490244684,112.05809410244683,2.62386,2.846446663319766,5.753553336680234
gen=40_member=6846_pso,50,storage_zminus_1p20,storage,Storage,S,0.88,0.1056,0.12,0.079811408240092,,,0.88,0.1056,33.0759968,33.07610629167887,111.68863549167887,2.5122,2.7289176805859907,5.871082319414009
gen=42_member=7137_pso,50,storage_zminus_1p20,storage,Storage,S,0.88,0.1056,0.12,0.079811408240092,,,0.88,0.1056,31.799798399999997,31.799870105395673,110.41239930539568,2.16651,2.364315952010479,6.235684047989521
gen=41_member=6951_pso,50,storage_zminus_1p20,storage,Storage,S,0.88,0.1056,0.12,0.079811408240092,,,0.88,0.1056,31.7882128,31.788273688982024,110.40080288898203,2.16614,2.3615138008648944,6.238486199135105
gen=44_member=7514_pso,50,storage_zminus_1p20,storage,Storage,S,0.88,0.1056,0.12,0.079811408240092,,,0.88,0.1056,34.407672399999996,34.40775328560086,113.02028248560086,2.96984,3.208492181323517,5.391507818676482
gen=26_member=4423_pso,50,storage_zminus_1p20,storage,Storage,S,0.88,0.1056,0.12,0.079811408240092,,,0.88,0.1056,32.826238,32.826298754166096,111.43882795416609,2.44423,2.6556150033305213,5.944384996669479
gen=30_member=5151_pso,50,storage_zminus_1p20,storage,Storage,S,0.88,0.1056,0.12,0.079811408240092,,,0.88,0.1056,36.297461999999996,36.297392702126395,114.9099219021264,3.85519,4.13297503804027,4.46702496195973
gen=36_member=6144_pso,50,storage_zminus_1p20,storage,Storage,S,0.88,0.1056,0.12,0.079811408240092,,,0.88,0.1056,34.510605999999996,34.510550189225945,113.12307938922596,3.00686,3.2465638739339338,5.353436126066066
gen=41_member=6946_pso,50,storage_zminus_1p20,storage,Storage,S,0.88,0.1056,0.12,0.079811408240092,,,0.88,0.1056,35.683425199999995,35.683385394119824,114.29591459411984,3.5443,3.8133546514432677,4.786645348556732
gen=43_member=7239_pso,50,storage_zminus_1p20,storage,Storage,S,0.88,0.1056,0.12,0.079811408240092,,,0.88,0.1056,35.7208556,35.72083483075705,114.33336403075705,3.56889,3.839434172878159,4.760565827121841
gen=20_member=3413_pso,50,storage_zminus_1p20,storage,Storage,S,0.88,0.1056,0.12,0.079811408240092,,,0.88,0.1056,32.9545708,32.95461211746549,111.5671413174655,2.47644,2.689913964755732,5.910086035244268
gen=35_member=5913_pso,50,storage_zminus_1p20,storage,Storage,S,0.88,0.1056,0.12,0.079811408240092,,,0.88,0.1056,21.26195996,21.261970620979778,99.87449982097976,1.01633,1.1373856079516242,7.462614392048375
gen=47_member=7945_pso,50,storage_zminus_1p20,storage,Storage,S,0.88,0.1056,0.12,0.079811408240092,,,0.88,0.1056,34.610420399999995,34.610460392456865,113.22298959245687,3.03486,3.2766678754233824,5.323332124576617
gen=31_member=5214_pso,50,storage_zminus_1p20,storage,Storage,S,0.88,0.1056,0.12,0.079811408240092,,,0.88,0.1056,35.4428012,35.44276706150495,114.05529626150495,3.42253,3.6884774788397023,4.911522521160297
gen=35_member=5893_pso,50,storage_zminus_1p20,storage,Storage,S,0.88,0.1056,0.12,0.079811408240092,,,0.88,0.1056,16.002053,16.002041893722712,94.61457109372272,0.813288,0.9105180924134488,7.689481907586551
gen=42_member=7082_pso,50,storage_zminus_1p20,storage,Storage,S,0.88,0.1056,0.12,0.079811408240092,,,0.88,0.1056,33.697386,33.697411190937146,112.30994039093714,2.69841,2.9251781024523713,5.674821897547629
gen=44_member=7534_pso,50,storage_zminus_1p20,storage,Storage,S,0.88,0.1056,0.12,0.079811408240092,,,0.88,0.1056,34.346848,34.34682017838482,112.95934937838484,2.93385,3.170324902852206,5.429675097147793
gen=45_member=7645_pso,50,storage_zminus_1p20,storage,Storage,S,0.88,0.1056,0.12,0.079811408240092,,,0.88,0.1056,35.619036,35.61911037390231,114.23163957390231,3.51669,3.7851783433471757,4.814821656652824
gen=39_member=6590_pso,50,storage_zminus_1p20,storage,Storage,S,0.88,0.1056,0.12,0.079811408240092,,,0.88,0.1056,36.736378,36.73640015568762,115.3489293556876,4.09121,4.377007088497065,4.222992911502935
gen=38_member=6398_pso,50,storage_zminus_1p20,storage,Storage,S,0.88,0.1056,0.12,0.079811408240092,,,0.88,0.1056,35.0974612,35.09741973001883,113.70994893001883,3.25449,3.512357767955778,5.087642232044222
gen=45_member=7594_pso,50,storage_zminus_1p20,storage,Storage,S,0.88,0.1056,0.12,0.079811408240092,,,0.88,0.1056,36.3103844,36.31039554746737,114.92292474746739,3.8606,4.138413771700551,4.461586228299448
gen=48_member=8227_pso,50,storage_zminus_1p20,storage,Storage,S,0.88,0.1056,0.12,0.079811408240092,,,0.88,0.1056,33.9072636,33.90734269461019,112.51987189461022,2.7553,2.9864127072884012,5.613587292711598
gen=30_member=5150_pso,50,storage_zminus_1p20,storage,Storage,S,0.88,0.1056,0.12,0.079811408240092,,,0.88,0.1056,36.47793,36.47794126781239,115.0904704678124,3.95517,4.236245724129901,4.3637542758700985
gen=49_member=8327_pso,50,storage_zminus_1p20,storage,Storage,S,0.88,0.1056,0.12,0.079811408240092,,,0.88,0.1056,30.106963999999998,30.10695679161178,108.71948599161179,1.80674,1.9839099657416641,6.6160900342583355
gen=43_member=7261_pso,50,storage_zminus_1p20,storage,Storage,S,0.88,0.1056,0.12,0.079811408240092,,,0.88,0.1056,34.4863208,34.48623759426499,113.09876679426499,2.98936,3.2278805481139052,5.372119451886094
gen=36_member=6133_pso,50,storage_zminus_1p20,storage,Storage,S,0.88,0.1056,0.12,0.079811408240092,,,0.88,0.1056,35.8721368,35.87203034437702,114.48455954437703,3.65379,3.9255798565604128,4.674420143439587
gen=41_member=6892_pso,50,storage_zminus_1p20,storage,Storage,S,0.88,0.1056,0.12,0.079811408240092,,,0.88,0.1056,29.7658572,29.765857301341477,108.37838650134148,1.79322,1.9680045172191998,6.6319954827808
gen=47_member=8012_pso,50,storage_zminus_1p20,storage,Storage,S,0.88,0.1056,0.12,0.079811408240092,,,0.88,0.1056,35.983982399999995,35.984022812402536,114.59655201240253,3.70111,3.9742893108947603,4.625710689105239
gen=47_member=7966_pso,50,storage_zminus_1p20,storage,Storage,S,0.88,0.1056,0.12,0.079811408240092,,,0.88,0.1056,33.7234536,33.72345101193558,112.3359802119356,2.70123,2.928019498393656,5.671980501606344
gen=49_member=8363_pso,50,storage_zminus_1p20,storage,Storage,S,0.88,0.1056,0.12,0.079811408240092,,,0.88,0.1056,35.4777808,35.477807888172215,114.09033708817222,3.43975,3.704071068400369,4.895928931599631
gen=44_member=7456_pso,50,storage_zminus_1p20,storage,Storage,S,0.88,0.1056,0.12,0.079811408240092,,,0.88,0.1056,35.4550552,35.454985598383615,114.06751479838361,3.43116,3.697393902072961,4.9026060979270385
gen=40_member=6804_pso,50,storage_zminus_1p20,storage,Storage,S,0.88,0.1056,0.12,0.079811408240092,,,0.88,0.1056,34.5288756,34.528979791643806,113.14150899164382,3.01687,3.2566228654493883,5.343377134550611
gen=38_member=6471_pso,50,storage_zminus_1p20,storage,Storage,S,0.88,0.1056,0.12,0.079811408240092,,,0.88,0.1056,35.0604764,35.06049322067706,113.67302242067706,3.24426,3.5017868760951636,5.098213123904836
gen=22_member=3634_pso,50,storage_zminus_1p20,storage,Storage,S,0.88,0.1056,0.12,0.079811408240092,,,0.88,0.1056,33.487508399999996,33.48751472965719,112.1000439296572,2.63496,2.857875252344921,5.742124747655079
gen=44_member=7539_pso,50,storage_zminus_1p20,storage,Storage,S,0.88,0.1056,0.12,0.079811408240092,,,0.88,0.1056,36.0109412,36.01086498046887,114.62339418046886,3.71574,3.9885570341185854,4.611442965881414
gen=49_member=8356_pso,50,storage_zminus_1p20,storage,Storage,S,0.88,0.1056,0.12,0.079811408240092,,,0.88,0.1056,32.883720399999994,32.88362932713905,111.49615852713904,2.45508,2.6673087520294883,5.932691247970512
gen=46_member=7849_pso,50,storage_zminus_1p20,storage,Storage,S,0.88,0.1056,0.12,0.079811408240092,,,0.88,0.1056,33.7256816,33.7256272553146,112.3381564553146,2.71464,2.9422267181574906,5.657773281842509
gen=42_member=7200_pso,50,storage_zminus_1p20,storage,Storage,S,0.88,0.1056,0.12,0.079811408240092,,,0.88,0.1056,35.3322924,35.33222140569574,113.94475060569573,3.37515,3.638845782660143,4.961154217339857
gen=38_member=6459_pso,50,storage_zminus_1p20,storage,Storage,S,0.88,0.1056,0.12,0.079811408240092,,,0.88,0.1056,36.735932399999996,36.73590992805043,115.34843912805044,4.07908,4.364325774219733,4.235674225780267
gen=40_member=6838_pso,50,storage_zminus_1p20,storage,Storage,S,0.88,0.1056,0.12,0.079811408240092,,,0.88,0.1056,27.5438728,27.54385585819388,106.15638505819388,1.42018,1.5714578813464881,7.028542118653512
gen=35_member=5994_pso,50,storage_zminus_1p20,storage,Storage,S,0.88,0.1056,0.12,0.079811408240092,,,0.88,0.1056,34.683276,34.68326987798987,113.29579907798986,3.07603,3.322606517785341,5.277393482214658
gen=39_member=6670_pso,50,storage_zminus_1p20,storage,Storage,S,0.88,0.1056,0.12,0.079811408240092,,,0.88,0.1056,32.435669600000004,32.43577512726643,111.04830432726642,2.33137,2.536480685524882,6.063519314475117
gen=48_member=8120_pso,50,storage_zminus_1p20,storage,Storage,S,0.88,0.1056,0.12,0.079811408240092,,,0.88,0.1056,36.049485600000004,36.049477181493145,114.66200638149316,3.72385,3.996884091881925,4.603115908118075
gen=47_member=7929_pso,50,storage_zminus_1p20,storage,Storage,S,0.88,0.1056,0.12,0.079811408240092,,,0.88,0.1056,33.2756256,33.27569117913837,111.88822037913837,2.58067,2.801554020489015,5.798445979510985
gen=32_member=5467_pso,50,storage_zminus_1p20,storage,Storage,S,0.88,0.1056,0.12,0.079811408240092,,,0.88,0.1056,35.4252,35.425295105606956,114.03782430560697,3.40923,3.67438947551123,4.92561052448877
gen=45_member=7589_pso,50,storage_zminus_1p20,storage,Storage,S,0.88,0.1056,0.12,0.079811408240092,,,0.88,0.1056,35.264561199999996,35.264548182297666,113.87707738229766,3.34169,3.602489182143259,4.997510817856741
gen=42_member=7063_pso,50,storage_zminus_1p20,storage,Storage,S,0.88,0.1056,0.12,0.079811408240092,,,0.88,0.1056,32.7798956,32.77998072785285,111.39250992785287,2.41578,2.6254121190879167,5.9745878809120825
gen=46_member=7783_pso,50,storage_zminus_1p20,storage,Storage,S,0.88,0.1056,0.12,0.079811408240092,,,0.88,0.1056,35.2509704,35.250884894283324,113.86341409428333,3.33505,3.5970667287075004,5.002933271292499
gen=42_member=7112_pso,50,storage_zminus_1p20,storage,Storage,S,0.88,0.1056,0.12,0.079811408240092,,,0.88,0.1056,29.955014399999996,29.954952265185444,108.56748146518542,1.80414,1.9794243600891706,6.620575639910829
gen=43_member=7278_pso,50,storage_zminus_1p20,storage,Storage,S,0.88,0.1056,0.12,0.079811408240092,,,0.88,0.1056,26.961028,26.96102909294159,105.5735582929416,1.36641,1.516596112786407,7.083403887213593
gen=48_member=8123_pso,50,storage_zminus_1p20,storage,Storage,S,0.88,0.1056,0.12,0.079811408240092,,,0.88,0.1056,35.7057052,35.70569359544761,114.31822279544762,3.56822,3.8384727389576048,4.761527261042395
gen=38_member=6409_pso,50,storage_zminus_1p20,storage,Storage,S,0.88,0.1056,0.12,0.079811408240092,,,0.88,0.1056,35.5586572,35.558655547749574,114.17118474774956,3.48534,3.7541217448681183,4.845878255131881
gen=36_member=6139_pso,50,storage_zminus_1p20,storage,Storage,S,0.88,0.1056,0.12,0.079811408240092,,,0.88,0.1056,36.7221188,36.722176673504485,115.33470587350449,4.07625,4.361334113028215,4.238665886971785
gen=40_member=6783_pso,50,storage_zminus_1p20,storage,Storage,S,0.88,0.1056,0.12,0.079811408240092,,,0.88,0.1056,34.2880288,34.28795088667764,112.90048008667765,2.92983,3.1754251926474693,5.42457480735253
gen=29_member=4924_pso,50,storage_zminus_1p20,storage,Storage,S,0.88,0.1056,0.12,0.079811408240092,,,0.88,0.1056,33.3221908,33.32221023991749,111.93473943991748,2.58783,2.8086216184875314,5.791378381512468
gen=46_member=7822_pso,50,storage_zminus_1p20,storage,Storage,S,0.88,0.1056,0.12,0.079811408240092,,,0.88,0.1056,36.6993932,36.69936383186918,115.31189303186918,4.06609,4.351213602877926,4.248786397122074
gen=33_member=5655_pso,50,storage_zminus_1p20,storage,Storage,S,0.88,0.1056,0.12,0.079811408240092,,,0.88,0.1056,35.6303988,35.630370058555734,114.24289925855572,3.51718,3.7852427498121077,4.814757250187892
gen=31_member=5227_pso,50,storage_zminus_1p20,storage,Storage,S,0.88,0.1056,0.12,0.079811408240092,,,0.88,0.1056,33.1920756,33.191986899653344,111.80451609965334,2.57051,2.789416178302897,5.810583821697103
gen=46_member=7810_pso,50,storage_zminus_1p20,storage,Storage,S,0.88,0.1056,0.12,0.079811408240092,,,0.88,0.1056,34.574104,34.57406416730866,113.18659336730867,3.02342,3.264093354290636,5.335906645709364
gen=28_member=4720_pso,50,storage_zminus_1p20,storage,Storage,S,0.88,0.1056,0.12,0.079811408240092,,,0.88,0.1056,35.3848732,35.38488870745046,113.99741790745045,3.39794,3.662733917421315,4.9372660825786845
gen=31_member=5250_pso,50,storage_zminus_1p20,storage,Storage,S,0.88,0.1056,0.12,0.079811408240092,,,0.88,0.1056,34.0534204,34.05351185359164,112.66604105359163,2.82385,3.0634765029509965,5.536523497049004
gen=46_member=7862_pso,50,storage_zminus_1p20,storage,Storage,S,0.88,0.1056,0.12,0.079811408240092,,,0.88,0.1056,34.5019168,34.50190548961805,113.11443468961807,2.9983,3.2368964034953747,5.363103596504625
gen=29_member=4911_pso,50,storage_zminus_1p20,storage,Storage,S,0.88,0.1056,0.12,0.079811408240092,,,0.88,0.1056,33.8640404,33.86401239624249,112.47654159624248,2.75415,2.983324656578039,5.61667534342196
gen=43_member=7385_pso,50,storage_zminus_1p20,storage,Storage,S,0.88,0.1056,0.12,0.079811408240092,,,0.88,0.1056,26.117729999999998,26.117703630103588,104.73023283010357,1.30432,1.448409031416874,7.151590968583125
gen=34_member=5724_pso,50,storage_zminus_1p20,storage,Storage,S,0.88,0.1056,0.12,0.079811408240092,,,0.88,0.1056,35.5597712,35.55966917902097,114.17219837902098,3.48909,3.757795812690717,4.8422041873092825
gen=39_member=6557_pso,50,storage_zminus_1p20,storage,Storage,S,0.88,0.1056,0.12,0.079811408240092,,,0.88,0.1056,30.951821600000002,30.95190437561837,109.56443357561837,1.98352,2.1702580575777994,6.429741942422201
gen=43_member=7341_pso,50,storage_zminus_1p20,storage,Storage,S,0.88,0.1056,0.12,0.079811408240092,,,0.88,0.1056,35.697461600000004,35.69752068422161,114.31004988422161,3.54777,3.817448441918943,4.782551558081057
gen=37_member=6349_pso,50,storage_zminus_1p20,storage,Storage,S,0.88,0.1056,0.12,0.079811408240092,,,0.88,0.1056,33.8629264,33.862942575484915,112.47547177548492,2.74347,2.9735443450253465,5.626455654974653
gen=41_member=6889_pso,50,storage_zminus_1p20,storage,Storage,S,0.88,0.1056,0.12,0.079811408240092,,,0.88,0.1056,27.384348,27.38432060845482,105.99684980845481,1.4106,1.5616189586850273,7.038381041314972
gen=47_member=8010_pso,50,storage_zminus_1p20,storage,Storage,S,0.88,0.1056,0.12,0.079811408240092,,,0.88,0.1056,33.483498,33.48339815320258,112.09592735320258,2.63426,2.857902964703038,5.742097035296961
gen=38_member=6465_pso,50,storage_zminus_1p20,storage,Storage,S,0.88,0.1056,0.12,0.079811408240092,,,0.88,0.1056,35.5849476,35.58483752237572,114.19736672237573,3.49711,3.7661932919384347,4.833806708061565
gen=29_member=4976_pso,50,storage_zminus_1p20,storage,Storage,S,0.88,0.1056,0.12,0.079811408240092,,,0.88,0.1056,32.8534196,32.85346614458213,111.46599534458214,2.44488,2.6562951142363613,5.943704885763639
gen=34_member=5729_pso,50,storage_zminus_1p20,storage,Storage,S,0.88,0.1056,0.12,0.079811408240092,,,0.88,0.1056,36.1272428,36.12729970982421,114.7398289098242,3.76248,4.036965740650257,4.563034259349743
gen=46_member=7888_pso,50,storage_zminus_1p20,storage,Storage,S,0.88,0.1056,0.12,0.079811408240092,,,0.88,0.1056,32.783460399999996,32.783404919650515,111.3959341196505,2.41843,2.628213472761345,5.971786527238654
gen=46_member=7821_pso,50,storage_zminus_1p20,storage,Storage,S,0.88,0.1056,0.12,0.079811408240092,,,0.88,0.1056,31.01933,31.019254054929405,109.63178325492942,1.99327,2.1804940674167117,6.419505932583288
gen=48_member=8165_pso,50,storage_zminus_1p20,storage,Storage,S,0.88,0.1056,0.12,0.079811408240092,,,0.88,0.1056,35.0845388,35.08459194378328,113.69712114378328,3.24714,3.504627337827121,5.0953726621728785
gen=36_member=6131_pso,50,storage_zminus_1p20,storage,Storage,S,0.88,0.1056,0.12,0.079811408240092,,,0.88,0.1056,36.0098272,36.00986073528155,114.62238993528156,3.70849,3.981752139266959,4.618247860733041
gen=32_member=5391_pso,50,storage_zminus_1p20,storage,Storage,S,0.88,0.1056,0.12,0.079811408240092,,,0.88,0.1056,33.261589199999996,33.261505768011496,111.8740349680115,2.57343,2.7932237222214513,5.806776277778548
gen=34_member=5740_pso,50,storage_zminus_1p20,storage,Storage,S,0.88,0.1056,0.12,0.079811408240092,,,0.88,0.1056,27.0249716,27.025055498234494,105.63758469823449,1.37217,1.5204310308457893,7.07956896915421
gen=35_member=5978_pso,50,storage_zminus_1p20,storage,Storage,S,0.88,0.1056,0.12,0.079811408240092,,,0.88,0.1056,35.7979444,35.798046250315835,114.41057545031585,3.60663,3.877393247450314,4.7226067525496855
gen=32_member=5373_pso,50,storage_zminus_1p20,storage,Storage,S,0.88,0.1056,0.12,0.079811408240092,,,0.88,0.1056,34.4901084,34.49010839919886,113.10263759919886,2.995,3.236781211826703,5.363218788173297
gen=44_member=7565_pso,50,storage_zminus_1p20,storage,Storage,S,0.88,0.1056,0.12,0.079811408240092,,,0.88,0.1056,32.9715036,32.97144846847227,111.58397766847226,2.47831,2.6926429523450612,5.907357047654939
gen=45_member=7737_pso,50,storage_zminus_1p20,storage,Storage,S,0.88,0.1056,0.12,0.079811408240092,,,0.88,0.1056,36.1261288,36.12613241634489,114.7386616163449,3.75756,4.032210518555762,4.567789481444238
gen=35_member=6019_pso,50,storage_zminus_1p20,storage,Storage,S,0.88,0.1056,0.12,0.079811408240092,,,0.88,0.1056,36.062408,36.06245626130536,114.67498546130537,3.73038,4.003712847230918,4.596287152769082
gen=46_member=7796_pso,50,storage_zminus_1p20,storage,Storage,S,0.88,0.1056,0.12,0.079811408240092,,,0.88,0.1056,35.467532,35.46763029885118,114.08015949885117,3.43824,3.704777282763725,4.895222717236274
gen=47_member=7977_pso,50,storage_zminus_1p20,storage,Storage,S,0.88,0.1056,0.12,0.079811408240092,,,0.88,0.1056,35.5069676,35.506986680921436,114.11951588092144,3.45533,3.721867680844727,4.878132319155273
gen=49_member=8311_pso,50,storage_zminus_1p20,storage,Storage,S,0.88,0.1056,0.12,0.079811408240092,,,0.88,0.1056,36.0073764,36.00733726709178,114.61986646709177,3.70558,3.9784476361224232,4.621552363877576
gen=29_member=4851_pso,50,storage_zminus_1p20,storage,Storage,S,0.88,0.1056,0.12,0.079811408240092,,,0.88,0.1056,35.2643384,35.264277472776136,113.87680667277613,3.33985,3.6019553623105134,4.998044637689486
gen=34_member=5819_pso,50,storage_zminus_1p20,storage,Storage,S,0.88,0.1056,0.12,0.079811408240092,,,0.88,0.1056,34.5609588,34.56103873283972,113.17356793283972,3.0224,3.2632752266673455,5.336724773332654
gen=38_member=6490_pso,50,storage_zminus_1p20,storage,Storage,S,0.88,0.1056,0.12,0.079811408240092,,,0.88,0.1056,36.0697604,36.069858023161345,114.68238722316136,3.73254,4.005981204658965,4.594018795341035
gen=42_member=7145_pso,50,storage_zminus_1p20,storage,Storage,S,0.88,0.1056,0.12,0.079811408240092,,,0.88,0.1056,36.306151199999995,36.30614392385608,114.9186731238561,3.85887,4.137956867766614,4.462043132233386
gen=28_member=4655_pso,50,storage_zminus_1p20,storage,Storage,S,0.88,0.1056,0.12,0.079811408240092,,,0.88,0.1056,33.7361532,33.73614280489097,112.34867200489097,2.71633,2.943958172264615,5.656041827735384
gen=24_member=4008_pso,50,storage_zminus_1p20,storage,Storage,S,0.88,0.1056,0.12,0.079811408240092,,,0.88,0.1056,33.7668996,33.76696087691461,112.3794900769146,2.71969,2.9482437148288243,5.651756285171175
gen=34_member=5732_pso,50,storage_zminus_1p20,storage,Storage,S,0.88,0.1056,0.12,0.079811408240092,,,0.88,0.1056,33.7822728,33.7821917262945,112.39472092629453,2.72045,2.948199224332506,5.6518007756674935
gen=40_member=6768_pso,50,storage_zminus_1p20,storage,Storage,S,0.88,0.1056,0.12,0.079811408240092,,,0.88,0.1056,36.653050799999995,36.65302211816361,115.26555131816362,4.06357,4.351069926981828,4.248930073018172
gen=44_member=7554_pso,50,storage_zminus_1p20,storage,Storage,S,0.88,0.1056,0.12,0.079811408240092,,,0.88,0.1056,33.7114224,33.71131958774986,112.32384878774988,2.69854,2.9251603849578887,5.674839615042111
gen=18_member=3072_pso,50,storage_zminus_1p20,storage,Storage,S,0.88,0.1056,0.12,0.079811408240092,,,0.88,0.1056,37.154796399999995,37.15490686727385,115.76743606727385,4.37912,4.678273342570958,3.9217266574290415
gen=50_member=8445_pso,50,storage_zminus_1p20,storage,Storage,S,0.88,0.1056,0.12,0.079811408240092,,,0.88,0.1056,20.94736636,20.947372107145803,99.55990130714581,1.01547,1.1343377965255261,7.465662203474474
gen=50_member=8506_pso,50,storage_zminus_1p20,storage,Storage,S,0.88,0.1056,0.12,0.079811408240092,,,0.88,0.1056,36.1778184,36.17771080932583,114.79024000932583,3.79088,4.06652454586467,4.5334754541353295
gen=50_member=8596_pso,50,storage_zminus_1p20,storage,Storage,S,0.88,0.1056,0.12,0.079811408240092,,,0.88,0.1056,31.6560924,31.656131000200023,110.26866020020003,2.13446,2.3307732994312116,6.2692267005687885
gen=50_member=8464_pso,50,storage_zminus_1p20,storage,Storage,S,0.88,0.1056,0.12,0.079811408240092,,,0.88,0.1056,35.1692028,35.16929619734085,113.78182539734085,3.28738,3.546185977249286,5.053814022750714
gen=50_member=8489_pso,50,storage_zminus_1p20,storage,Storage,S,0.88,0.1056,0.12,0.079811408240092,,,0.88,0.1056,33.927984,33.928075253726064,112.54060445372608,2.76217,2.9936236355175843,5.606376364482415
gen=50_member=8579_pso,50,storage_zminus_1p20,storage,Storage,S,0.88,0.1056,0.12,0.079811408240092,,,0.88,0.1056,35.2674576,35.267503555717184,113.8800327557172,3.34196,3.6041758530872574,4.995824146912742
gen=50_member=8474_pso,50,storage_zminus_1p20,storage,Storage,S,0.88,0.1056,0.12,0.079811408240092,,,0.88,0.1056,28.369124,28.369120398124426,106.98164959812442,1.54501,1.7062407970776197,6.89375920292238
gen=50_member=8555_pso,50,storage_zminus_1p20,storage,Storage,S,0.88,0.1056,0.12,0.079811408240092,,,0.88,0.1056,34.7982408,34.798261721440575,113.41079092144058,3.12278,3.3730347445677538,5.226965255432246
gen=50_member=8483_pso,50,storage_zminus_1p20,storage,Storage,S,0.88,0.1056,0.12,0.079811408240092,,,0.88,0.1056,32.124418,32.12450543561306,110.73703463561304,2.25475,2.4553031270519567,6.1446968729480425
gen=50_member=8443_pso,50,storage_zminus_1p20,storage,Storage,S,0.88,0.1056,0.12,0.079811408240092,,,0.88,0.1056,29.0288348,29.028751720435796,107.64128092043579,1.62866,1.7933612001086423,6.806638799891357
gen=50_member=8469_pso,50,storage_zminus_1p20,storage,Storage,S,0.88,0.1056,0.12,0.079811408240092,,,0.88,0.1056,27.342684399999996,27.342638190802248,105.95516739080225,1.39731,1.5467895838536208,7.053210416146379
gen=50_member=8584_pso,50,storage_zminus_1p20,storage,Storage,S,0.88,0.1056,0.12,0.079811408240092,,,0.88,0.1056,36.776259200000005,36.77633515260383,115.38886435260383,4.09976,4.387169019778839,4.2128309802211605
gen=50_member=8572_pso,50,storage_zminus_1p20,storage,Storage,S,0.88,0.1056,0.12,0.079811408240092,,,0.88,0.1056,35.3808628,35.38077037906462,113.99329957906461,3.38958,3.6537846671548504,4.946215332845149
gen=50_member=8550_pso,50,storage_zminus_1p20,storage,Storage,S,0.88,0.1056,0.12,0.079811408240092,,,0.88,0.1056,35.4354488,35.43550778076299,114.048036980763,3.41089,3.6761499983743837,4.923850001625616
gen=50_member=8507_pso,50,storage_zminus_1p20,storage,Storage,S,0.88,0.1056,0.12,0.079811408240092,,,0.88,0.1056,29.1130532,29.113125122660595,107.72565432266059,1.64928,1.815618499878794,6.7843815001212056
gen=50_member=8467_pso,50,storage_zminus_1p20,storage,Storage,S,0.88,0.1056,0.12,0.079811408240092,,,0.88,0.1056,28.4317308,28.431750054504132,107.04427925450413,1.56923,1.7300994801220562,6.869900519877944
gen=50_member=8487_pso,50,storage_zminus_1p20,storage,Storage,S,0.88,0.1056,0.12,0.079811408240092,,,0.88,0.1056,35.5025116,35.50262187067714,114.11515107067714,3.45215,3.7179531693190775,4.882046830680922
152,50,storage_zminus_0p80,storage,Storage,S,0.92,0.1104,0.12,0.11906462996609925,,,0.92,0.1104,39.0853584,39.0854414587126,117.6979706587126,4.78258,4.988443401907477,3.6115565980925224
gen=36_member=6021_pso,50,storage_zminus_0p80,storage,Storage,S,0.92,0.1104,0.12,0.11906462996609925,,,0.92,0.1104,15.73043752,15.730428646974957,94.34295784697495,0.811083,0.8733341847412469,7.726665815258753
16,50,storage_zminus_0p80,storage,Storage,S,0.92,0.1104,0.12,0.11906462996609925,,,0.92,0.1104,38.467534,38.46752870631738,117.08005790631736,4.48927,4.688061666294129,3.911938333705871
130,50,storage_zminus_0p80,storage,Storage,S,0.92,0.1104,0.12,0.11906462996609925,,,0.92,0.1104,38.6001,38.60014577795708,117.21267497795709,4.69071,4.893496723057078,3.7065032769429216
95,50,storage_zminus_0p80,storage,Storage,S,0.92,0.1104,0.12,0.11906462996609925,,,0.92,0.1104,38.900657200000005,38.90068138512153,117.51321058512153,4.70127,4.906597410738557,3.693402589261443
156,50,storage_zminus_0p80,storage,Storage,S,0.92,0.1104,0.12,0.11906462996609925,,,0.92,0.1104,37.6137644,37.61379239712806,116.22632159712806,4.4265,4.621358725751048,3.978641274248952
gen=47_member=7948_pso,50,storage_zminus_0p80,storage,Storage,S,0.92,0.1104,0.12,0.11906462996609925,,,0.92,0.1104,28.5299856,28.529932454502454,107.14246165450244,1.5703,1.6742161206171562,6.925783879382843
gen=48_member=8161_pso,50,storage_zminus_0p80,storage,Storage,S,0.92,0.1104,0.12,0.11906462996609925,,,0.92,0.1104,24.5082228,24.508282368015493,103.1208115680155,1.17026,1.2605506118730223,7.339449388126978
gen=33_member=5661_pso,50,storage_zminus_0p80,storage,Storage,S,0.92,0.1104,0.12,0.11906462996609925,,,0.92,0.1104,36.8916696,36.89173247767671,115.50426167767671,4.21575,4.405522245784236,4.194477754215764
gen=47_member=7921_pso,50,storage_zminus_0p80,storage,Storage,S,0.92,0.1104,0.12,0.11906462996609925,,,0.92,0.1104,37.0291372,37.029124549782175,115.6416537497822,4.27101,4.461628163363533,4.138371836636467
gen=40_member=6722_pso,50,storage_zminus_0p80,storage,Storage,S,0.92,0.1104,0.12,0.11906462996609925,,,0.92,0.1104,29.2066292,29.206608318766545,107.81913751876654,1.65561,1.7629668171703141,6.8370331828296855
gen=48_member=8113_pso,50,storage_zminus_0p80,storage,Storage,S,0.92,0.1104,0.12,0.11906462996609925,,,0.92,0.1104,37.0135412,37.01352492542517,115.62605412542518,4.2324,4.42226930113291,4.17773069886709
gen=48_member=8218_pso,50,storage_zminus_0p80,storage,Storage,S,0.92,0.1104,0.12,0.11906462996609925,,,0.92,0.1104,36.6236412,36.62363801974855,115.23616721974857,4.03399,4.2176982747177805,4.382301725282219
gen=42_member=7058_pso,50,storage_zminus_0p80,storage,Storage,S,0.92,0.1104,0.12,0.11906462996609925,,,0.92,0.1104,17.825114,17.82511697626178,96.4376461762618,0.864582,0.9343262150223567,7.665673784977643
gen=48_member=8245_pso,50,storage_zminus_0p80,storage,Storage,S,0.92,0.1104,0.12,0.11906462996609925,,,0.92,0.1104,36.87897,36.87888641911074,115.49141561911075,4.17121,4.3602604635585385,4.239739536441461
gen=41_member=6922_pso,50,storage_zminus_0p80,storage,Storage,S,0.92,0.1104,0.12,0.11906462996609925,,,0.92,0.1104,32.1159516,32.11592080418332,110.72845000418333,2.24821,2.377303908061988,6.222696091938012
gen=41_member=6885_pso,50,storage_zminus_0p80,storage,Storage,S,0.92,0.1104,0.12,0.11906462996609925,,,0.92,0.1104,16.94815092,16.94814371857778,95.56067291857778,0.828565,0.8937711842880491,7.706228815711951
gen=37_member=6262_pso,50,storage_zminus_0p80,storage,Storage,S,0.92,0.1104,0.12,0.11906462996609925,,,0.92,0.1104,25.3729096,25.372800727077287,103.98532992707726,1.2425,1.334548971954384,7.265451028045616
gen=39_member=6554_pso,50,storage_zminus_0p80,storage,Storage,S,0.92,0.1104,0.12,0.11906462996609925,,,0.92,0.1104,22.91498,22.91493475179726,101.52746395179726,1.07599,1.1612999122171899,7.438700087782809
gen=44_member=7409_pso,50,storage_zminus_0p80,storage,Storage,S,0.92,0.1104,0.12,0.11906462996609925,,,0.92,0.1104,29.026161199999997,29.02617500954204,107.63870420954201,1.61819,1.7234569711273489,6.876543028872651
gen=33_member=5597_pso,50,storage_zminus_0p80,storage,Storage,S,0.92,0.1104,0.12,0.11906462996609925,,,0.92,0.1104,20.425457360000003,20.425447005160812,99.03797620516082,0.993719,1.0700954117538504,7.529904588246149
gen=35_member=5926_pso,50,storage_zminus_0p80,storage,Storage,S,0.92,0.1104,0.12,0.11906462996609925,,,0.92,0.1104,28.758578399999998,28.75848621927199,107.371015419272,1.60584,1.7108420703763203,6.889157929623679
gen=42_member=7147_pso,50,storage_zminus_0p80,storage,Storage,S,0.92,0.1104,0.12,0.11906462996609925,,,0.92,0.1104,36.785394,36.78548226240043,115.39801146240043,4.12536,4.313233487554086,4.286766512445913
gen=47_member=7992_pso,50,storage_zminus_0p80,storage,Storage,S,0.92,0.1104,0.12,0.11906462996609925,,,0.92,0.1104,37.303181200000004,37.30318347661641,115.91571267661642,4.41535,4.609947371290007,3.990052628709993
gen=44_member=7479_pso,50,storage_zminus_0p80,storage,Storage,S,0.92,0.1104,0.12,0.11906462996609925,,,0.92,0.1104,29.72709,29.726992928553695,108.3395221285537,1.7727,1.8850123443824753,6.7149876556175245
gen=46_member=7840_pso,50,storage_zminus_0p80,storage,Storage,S,0.92,0.1104,0.12,0.11906462996609925,,,0.92,0.1104,27.838414399999998,27.838357196260656,106.45088639626066,1.46259,1.561512705631255,7.038487294368744
gen=36_member=6076_pso,50,storage_zminus_0p80,storage,Storage,S,0.92,0.1104,0.12,0.11906462996609925,,,0.92,0.1104,37.071692,37.07165394641189,115.6841831464119,4.31441,4.506767458499242,4.0932325415007575
gen=39_member=6576_pso,50,storage_zminus_0p80,storage,Storage,S,0.92,0.1104,0.12,0.11906462996609925,,,0.92,0.1104,24.576845199999998,24.57679423226629,103.18932343226629,1.21064,1.2999515991069324,7.3000484008930675
gen=46_member=7833_pso,50,storage_zminus_0p80,storage,Storage,S,0.92,0.1104,0.12,0.11906462996609925,,,0.92,0.1104,30.2738412,30.273822445456965,108.88635164545695,1.83739,1.9520845044888613,6.647915495511138
gen=36_member=6039_pso,50,storage_zminus_0p80,storage,Storage,S,0.92,0.1104,0.12,0.11906462996609925,,,0.92,0.1104,34.2367848,34.236759922666806,112.84928912266682,2.88658,3.039678684298854,5.560321315701145
gen=45_member=7630_pso,50,storage_zminus_0p80,storage,Storage,S,0.92,0.1104,0.12,0.11906462996609925,,,0.92,0.1104,20.27341864,20.273425248681576,98.88595444868157,0.964314,1.0416084949546236,7.5583915050453765
gen=41_member=7002_pso,50,storage_zminus_0p80,storage,Storage,S,0.92,0.1104,0.12,0.11906462996609925,,,0.92,0.1104,31.456018,31.456010064777686,110.0685392647777,2.09323,2.217299013471545,6.382700986528455
gen=44_member=7416_pso,50,storage_zminus_0p80,storage,Storage,S,0.92,0.1104,0.12,0.11906462996609925,,,0.92,0.1104,22.539562,22.53949283051267,101.15202203051267,1.03735,1.1206462734847011,7.479353726515298
gen=48_member=8130_pso,50,storage_zminus_0p80,storage,Storage,S,0.92,0.1104,0.12,0.11906462996609925,,,0.92,0.1104,30.2965668,30.29664546331896,108.90917466331896,1.8663,1.981643249818596,6.618356750181404
gen=42_member=7150_pso,50,storage_zminus_0p80,storage,Storage,S,0.92,0.1104,0.12,0.11906462996609925,,,0.92,0.1104,23.0183592,23.018345966531463,101.63087516653145,1.08725,1.1694037224961484,7.430596277503851
gen=46_member=7861_pso,50,storage_zminus_0p80,storage,Storage,S,0.92,0.1104,0.12,0.11906462996609925,,,0.92,0.1104,36.5779672,36.57795625745423,115.19048545745423,4.0076,4.192646396375702,4.407353603624298
gen=47_member=8013_pso,50,storage_zminus_0p80,storage,Storage,S,0.92,0.1104,0.12,0.11906462996609925,,,0.92,0.1104,24.1898416,24.189885878306495,102.80241507830647,1.14776,1.2354607831710895,7.36453921682891
gen=34_member=5833_pso,50,storage_zminus_0p80,storage,Storage,S,0.92,0.1104,0.12,0.11906462996609925,,,0.92,0.1104,37.0554276,37.05546674905064,115.66799594905063,4.29346,4.484972423842161,4.115027576157838
gen=29_member=4835_pso,50,storage_zminus_0p80,storage,Storage,S,0.92,0.1104,0.12,0.11906462996609925,,,0.92,0.1104,31.1628132,31.16289112554577,109.77542032554577,2.02499,2.1472429680646563,6.452757031935343
gen=43_member=7309_pso,50,storage_zminus_0p80,storage,Storage,S,0.92,0.1104,0.12,0.11906462996609925,,,0.92,0.1104,28.36244,28.362383210764136,106.97491241076413,1.53641,1.6386564425651367,6.961343557434863
gen=42_member=7162_pso,50,storage_zminus_0p80,storage,Storage,S,0.92,0.1104,0.12,0.11906462996609925,,,0.92,0.1104,34.2657488,34.265693983561704,112.87822318356172,2.92099,3.0746614979079148,5.525338502092085
gen=43_member=7394_pso,50,storage_zminus_0p80,storage,Storage,S,0.92,0.1104,0.12,0.11906462996609925,,,0.92,0.1104,29.6994628,29.69937939750987,108.31190859750988,1.74092,1.8517476021791077,6.748252397820892
gen=47_member=7994_pso,50,storage_zminus_0p80,storage,Storage,S,0.92,0.1104,0.12,0.11906462996609925,,,0.92,0.1104,27.7078536,27.707961235794844,106.32049043579485,1.42551,1.5233071947245065,7.076692805275493
gen=48_member=8212_pso,50,storage_zminus_0p80,storage,Storage,S,0.92,0.1104,0.12,0.11906462996609925,,,0.92,0.1104,25.5088176,25.50891213870453,104.12144133870451,1.2664,1.3586548873712332,7.241345112628767
gen=34_member=5718_pso,50,storage_zminus_0p80,storage,Storage,S,0.92,0.1104,0.12,0.11906462996609925,,,0.92,0.1104,19.217970479999998,19.217975104740983,97.83050430474097,0.92753,0.9969805154353741,7.6030194845646255
gen=40_member=6749_pso,50,storage_zminus_0p80,storage,Storage,S,0.92,0.1104,0.12,0.11906462996609925,,,0.92,0.1104,32.0337384,32.033822459218676,110.64635165921867,2.22633,2.3554870977036737,6.244512902296326
gen=45_member=7712_pso,50,storage_zminus_0p80,storage,Storage,S,0.92,0.1104,0.12,0.11906462996609925,,,0.92,0.1104,31.9644476,31.96441941761888,110.57694861761888,2.20694,2.3352855938139663,6.264714406186034
gen=49_member=8286_pso,50,storage_zminus_0p80,storage,Storage,S,0.92,0.1104,0.12,0.11906462996609925,,,0.92,0.1104,31.885799199999997,31.88574680923485,110.49827600923484,2.18552,2.3133117836926376,6.286688216307362
gen=47_member=7987_pso,50,storage_zminus_0p80,storage,Storage,S,0.92,0.1104,0.12,0.11906462996609925,,,0.92,0.1104,32.3378604,32.3379503115816,110.95047951158162,2.30822,2.43981232514026,6.16018767485974
gen=42_member=7104_pso,50,storage_zminus_0p80,storage,Storage,S,0.92,0.1104,0.12,0.11906462996609925,,,0.92,0.1104,37.1305112,37.1305477391165,115.7430769391165,4.35228,4.545493639933867,4.054506360066132
gen=44_member=7536_pso,50,storage_zminus_0p80,storage,Storage,S,0.92,0.1104,0.12,0.11906462996609925,,,0.92,0.1104,23.466855600000002,23.46684587614881,102.0793750761488,1.11985,1.204335876485432,7.3956641235145675
gen=38_member=6480_pso,50,storage_zminus_0p80,storage,Storage,S,0.92,0.1104,0.12,0.11906462996609925,,,0.92,0.1104,31.4072248,31.407133065935877,110.01966226593586,2.07448,2.1996401546327338,6.400359845367266
gen=43_member=7269_pso,50,storage_zminus_0p80,storage,Storage,S,0.92,0.1104,0.12,0.11906462996609925,,,0.92,0.1104,36.833296,36.83339971387087,115.44592891387086,4.14372,4.33209556011107,4.267904439888929
gen=35_member=5948_pso,50,storage_zminus_0p80,storage,Storage,S,0.92,0.1104,0.12,0.11906462996609925,,,0.92,0.1104,37.07392,37.07384621264411,115.68637541264411,4.33924,4.5321001209591865,4.067899879040813
gen=29_member=4871_pso,50,storage_zminus_0p80,storage,Storage,S,0.92,0.1104,0.12,0.11906462996609925,,,0.92,0.1104,17.843495,17.843497187733753,96.45602638773376,0.881544,0.9493187395475482,7.650681260452451
gen=36_member=6031_pso,50,storage_zminus_0p80,storage,Storage,S,0.92,0.1104,0.12,0.11906462996609925,,,0.92,0.1104,31.3383796,31.338390787551674,109.95091998755169,2.05415,2.1779998066230863,6.422000193376913
gen=39_member=6689_pso,50,storage_zminus_0p80,storage,Storage,S,0.92,0.1104,0.12,0.11906462996609925,,,0.92,0.1104,29.4165068,29.416418185838467,108.02894738583845,1.67871,1.7868391678722175,6.813160832127782
gen=46_member=7811_pso,50,storage_zminus_0p80,storage,Storage,S,0.92,0.1104,0.12,0.11906462996609925,,,0.92,0.1104,30.8479968,30.84800808580873,109.46053728580873,1.95962,2.0793325755825056,6.5206674244174945
gen=36_member=6150_pso,50,storage_zminus_0p80,storage,Storage,S,0.92,0.1104,0.12,0.11906462996609925,,,0.92,0.1104,29.510305600000002,29.510270949002532,108.12280014900254,1.71536,1.8250646038585334,6.7749353961414664
gen=28_member=4698_pso,50,storage_zminus_0p80,storage,Storage,S,0.92,0.1104,0.12,0.11906462996609925,,,0.92,0.1104,19.62453592,19.62453473077234,98.23706393077234,0.948853,1.0238876177336889,7.576112382266311
gen=45_member=7580_pso,50,storage_zminus_0p80,storage,Storage,S,0.92,0.1104,0.12,0.11906462996609925,,,0.92,0.1104,29.4198488,29.41977376399195,108.03230296399194,1.6928,1.8013172133913353,6.798682786608664
gen=37_member=6318_pso,50,storage_zminus_0p80,storage,Storage,S,0.92,0.1104,0.12,0.11906462996609925,,,0.92,0.1104,36.3585092,36.35850397821222,114.97103317821221,3.89263,4.073237324012703,4.526762675987297
gen=39_member=6634_pso,50,storage_zminus_0p80,storage,Storage,S,0.92,0.1104,0.12,0.11906462996609925,,,0.92,0.1104,37.24659,37.24656995207669,115.8590991520767,4.3792,4.573047734288408,4.026952265711592
gen=46_member=7788_pso,50,storage_zminus_0p80,storage,Storage,S,0.92,0.1104,0.12,0.11906462996609925,,,0.92,0.1104,32.533256,32.533172613400616,111.1457018134006,2.35444,2.4884021921577903,6.111597807842209
gen=46_member=7881_pso,50,storage_zminus_0p80,storage,Storage,S,0.92,0.1104,0.12,0.11906462996609925,,,0.92,0.1104,27.1929628,27.192862415219388,105.80539161521938,1.37653,1.4746718117130466,7.125328188286953
gen=27_member=4566_pso,50,storage_zminus_0p80,storage,Storage,S,0.92,0.1104,0.12,0.11906462996609925,,,0.92,0.1104,34.2026964,34.20265674649548,112.8151859464955,2.87573,3.0300628034905817,5.569937196509418
gen=39_member=6698_pso,50,storage_zminus_0p80,storage,Storage,S,0.92,0.1104,0.12,0.11906462996609925,,,0.92,0.1104,33.52026,33.52015097310551,112.13268017310553,2.6497,2.794252696976795,5.805747303023205
gen=41_member=6986_pso,50,storage_zminus_0p80,storage,Storage,S,0.92,0.1104,0.12,0.11906462996609925,,,0.92,0.1104,35.7676436,35.767651554973604,114.38018075497361,3.58673,3.7623832632389673,4.837616736761032
gen=41_member=6973_pso,50,storage_zminus_0p80,storage,Storage,S,0.92,0.1104,0.12,0.11906462996609925,,,0.92,0.1104,35.1593996,35.15947657236159,113.77200577236158,3.28388,3.4518353352698194,5.14816466473018
gen=27_member=4568_pso,50,storage_zminus_0p80,storage,Storage,S,0.92,0.1104,0.12,0.11906462996609925,,,0.92,0.1104,32.5586552,32.558684654753776,111.17121385475377,2.37042,2.5040481713201883,6.095951828679811
gen=37_member=6357_pso,50,storage_zminus_0p80,storage,Storage,S,0.92,0.1104,0.12,0.11906462996609925,,,0.92,0.1104,32.625718,32.62572860768373,111.23825780768374,2.3887,2.5240695928694077,6.075930407130592
gen=47_member=8006_pso,50,storage_zminus_0p80,storage,Storage,S,0.92,0.1104,0.12,0.11906462996609925,,,0.92,0.1104,36.7613316,36.761407828424296,115.37393702842431,4.09604,4.281409171687792,4.318590828312208
gen=41_member=6898_pso,50,storage_zminus_0p80,storage,Storage,S,0.92,0.1104,0.12,0.11906462996609925,,,0.92,0.1104,31.489438,31.489447863162184,110.10197706316218,2.11934,2.245316387067123,6.3546836129328765
gen=39_member=6668_pso,50,storage_zminus_0p80,storage,Storage,S,0.92,0.1104,0.12,0.11906462996609925,,,0.92,0.1104,33.933108399999995,33.933030846740984,112.545560046741,2.77099,2.920078566953694,5.679921433046306
gen=48_member=8200_pso,50,storage_zminus_0p80,storage,Storage,S,0.92,0.1104,0.12,0.11906462996609925,,,0.92,0.1104,34.8907028,34.89080581472363,113.50333501472363,3.16725,3.3312108775403537,5.268789122459646
gen=32_member=5452_pso,50,storage_zminus_0p80,storage,Storage,S,0.92,0.1104,0.12,0.11906462996609925,,,0.92,0.1104,34.8474796,34.84753054005696,113.46005974005696,3.14182,3.304290248137103,5.295709751862897
gen=44_member=7522_pso,50,storage_zminus_0p80,storage,Storage,S,0.92,0.1104,0.12,0.11906462996609925,,,0.92,0.1104,33.1631116,33.16311565476033,111.77564485476033,2.53937,2.6795221235255244,5.920477876474475
gen=45_member=7699_pso,50,storage_zminus_0p80,storage,Storage,S,0.92,0.1104,0.12,0.11906462996609925,,,0.92,0.1104,25.6714616,25.671464649350018,104.28399384935003,1.28466,1.3756049143604265,7.224395085639573
gen=38_member=6478_pso,50,storage_zminus_0p80,storage,Storage,S,0.92,0.1104,0.12,0.11906462996609925,,,0.92,0.1104,35.2785976,35.27857906393331,113.8911082639333,3.35376,3.5238421221852243,5.076157877814776
gen=48_member=8105_pso,50,storage_zminus_0p80,storage,Storage,S,0.92,0.1104,0.12,0.11906462996609925,,,0.92,0.1104,36.5527908,36.55273076856624,115.16525996856623,3.9902,4.173606831233909,4.426393168766091
gen=47_member=7995_pso,50,storage_zminus_0p80,storage,Storage,S,0.92,0.1104,0.12,0.11906462996609925,,,0.92,0.1104,36.497536399999994,36.49744644974915,115.10997564974916,3.97511,4.160120023818525,4.439879976181475
gen=38_member=6507_pso,50,storage_zminus_0p80,storage,Storage,S,0.92,0.1104,0.12,0.11906462996609925,,,0.92,0.1104,36.2430988,36.243072285057984,114.85560148505799,3.82686,4.006261105603734,4.593738894396266
gen=47_member=8017_pso,50,storage_zminus_0p80,storage,Storage,S,0.92,0.1104,0.12,0.11906462996609925,,,0.92,0.1104,26.3334004,26.33332130996634,104.94585050996633,1.31111,1.4051340413799902,7.194865958620009
gen=28_member=4806_pso,50,storage_zminus_0p80,storage,Storage,S,0.92,0.1104,0.12,0.11906462996609925,,,0.92,0.1104,36.335338,36.335363024535646,114.94789222453565,3.87574,4.055995103716179,4.544004896283821
gen=33_member=5559_pso,50,storage_zminus_0p80,storage,Storage,S,0.92,0.1104,0.12,0.11906462996609925,,,0.92,0.1104,32.1440244,32.1440689013816,110.7565981013816,2.27771,2.409550773967931,6.190449226032069
gen=28_member=4728_pso,50,storage_zminus_0p80,storage,Storage,S,0.92,0.1104,0.12,0.11906462996609925,,,0.92,0.1104,25.063886,25.063855919912235,103.67638511991223,1.21593,1.3062347374173193,7.2937652625826805
gen=30_member=4999_pso,50,storage_zminus_0p80,storage,Storage,S,0.92,0.1104,0.12,0.11906462996609925,,,0.92,0.1104,33.9879172,33.98794532305361,112.60047452305362,2.78942,2.941008776565392,5.658991223434608
gen=47_member=7949_pso,50,storage_zminus_0p80,storage,Storage,S,0.92,0.1104,0.12,0.11906462996609925,,,0.92,0.1104,31.069014399999997,31.068968509771572,109.68149770977158,1.99378,2.114941098189349,6.485058901810651
gen=37_member=6216_pso,50,storage_zminus_0p80,storage,Storage,S,0.92,0.1104,0.12,0.11906462996609925,,,0.92,0.1104,34.7610332,34.76111558406628,113.37364478406629,3.104,3.264420019148724,5.335579980851276
gen=35_member=5892_pso,50,storage_zminus_0p80,storage,Storage,S,0.92,0.1104,0.12,0.11906462996609925,,,0.92,0.1104,33.624976,33.6250096550061,112.23753885500611,2.6693,2.8146453642761373,5.785354635723863
gen=47_member=7933_pso,50,storage_zminus_0p80,storage,Storage,S,0.92,0.1104,0.12,0.11906462996609925,,,0.92,0.1104,26.4996092,26.49956968298791,105.11209888298791,1.3367,1.4315037366937693,7.16849626330623
gen=42_member=7127_pso,50,storage_zminus_0p80,storage,Storage,S,0.92,0.1104,0.12,0.11906462996609925,,,0.92,0.1104,33.1831636,33.183068642146345,111.79559784214636,2.56094,2.7021212001620816,5.897878799837918
gen=46_member=7815_pso,50,storage_zminus_0p80,storage,Storage,S,0.92,0.1104,0.12,0.11906462996609925,,,0.92,0.1104,30.2096748,30.209600453547942,108.82212965354798,1.82093,1.9347679549190422,6.665232045080957
gen=41_member=6988_pso,50,storage_zminus_0p80,storage,Storage,S,0.92,0.1104,0.12,0.11906462996609925,,,0.92,0.1104,27.9351096,27.935094147883344,106.54762334788336,1.48478,1.5860717385967271,7.013928261403272
gen=39_member=6630_pso,50,storage_zminus_0p80,storage,Storage,S,0.92,0.1104,0.12,0.11906462996609925,,,0.92,0.1104,32.2866164,32.28667995166453,110.89920915166454,2.28023,2.4103872963891275,6.189612703610872
gen=46_member=7750_pso,50,storage_zminus_0p80,storage,Storage,S,0.92,0.1104,0.12,0.11906462996609925,,,0.92,0.1104,33.3573932,33.35737322320111,111.9699024232011,2.61481,2.7600502386611323,5.839949761338867
gen=47_member=8066_pso,50,storage_zminus_0p80,storage,Storage,S,0.92,0.1104,0.12,0.11906462996609925,,,0.92,0.1104,36.1452896,36.14526258672567,114.75779178672568,3.76811,3.94631956929328,4.65368043070672
gen=49_member=8375_pso,50,storage_zminus_0p80,storage,Storage,S,0.92,0.1104,0.12,0.11906462996609925,,,0.92,0.1104,33.014504,33.01442462041577,111.62695382041578,2.48535,2.623460848810618,5.976539151189382
gen=48_member=8129_pso,50,storage_zminus_0p80,storage,Storage,S,0.92,0.1104,0.12,0.11906462996609925,,,0.92,0.1104,36.633444399999995,36.63353389800296,115.24606309800296,4.0627,4.247297015189624,4.352702984810375
gen=39_member=6585_pso,50,storage_zminus_0p80,storage,Storage,S,0.92,0.1104,0.12,0.11906462996609925,,,0.92,0.1104,34.7828676,34.78292178056862,113.39545098056861,3.109,3.269256862324163,5.330743137675837
gen=47_member=8011_pso,50,storage_zminus_0p80,storage,Storage,S,0.92,0.1104,0.12,0.11906462996609925,,,0.92,0.1104,35.1213008,35.12122980345115,113.73375900345114,3.26403,3.4309473804159447,5.169052619584055
gen=40_member=6726_pso,50,storage_zminus_0p80,storage,Storage,S,0.92,0.1104,0.12,0.11906462996609925,,,0.92,0.1104,31.242575600000002,31.242517549639818,109.85504674963983,2.03707,2.1599914042742996,6.4400085957257005
gen=44_member=7543_pso,50,storage_zminus_0p80,storage,Storage,S,0.92,0.1104,0.12,0.11906462996609925,,,0.92,0.1104,35.1870268,35.18705597340057,113.79958517340057,3.29833,3.4666216206625413,5.133378379337458
gen=43_member=7287_pso,50,storage_zminus_0p80,storage,Storage,S,0.92,0.1104,0.12,0.11906462996609925,,,0.92,0.1104,33.646587600000004,33.64656535247972,112.25909455247972,2.68124,2.82686724198258,5.77313275801742
gen=41_member=6982_pso,50,storage_zminus_0p80,storage,Storage,S,0.92,0.1104,0.12,0.11906462996609925,,,0.92,0.1104,36.2787468,36.278668778733376,114.89119797873339,3.84028,4.020631914085895,4.579368085914105
gen=33_member=5577_pso,50,storage_zminus_0p80,storage,Storage,S,0.92,0.1104,0.12,0.11906462996609925,,,0.92,0.1104,34.0012852,34.00137781832889,112.6139070183289,2.80281,2.9561037286039453,5.643896271396054
gen=48_member=8183_pso,50,storage_zminus_0p80,storage,Storage,S,0.92,0.1104,0.12,0.11906462996609925,,,0.92,0.1104,34.7057788,34.70587203703935,113.31840123703935,3.0773,3.2361182478715826,5.3638817521284174
gen=48_member=8234_pso,50,storage_zminus_0p80,storage,Storage,S,0.92,0.1104,0.12,0.11906462996609925,,,0.92,0.1104,23.7818948,23.781937390842728,102.39446659084273,1.1268,1.2114569545156526,7.388543045484347
gen=42_member=7080_pso,50,storage_zminus_0p80,storage,Storage,S,0.92,0.1104,0.12,0.11906462996609925,,,0.92,0.1104,35.2182188,35.21819334968434,113.83072254968432,3.313,3.481787868392432,5.118212131607567
gen=47_member=8007_pso,50,storage_zminus_0p80,storage,Storage,S,0.92,0.1104,0.12,0.11906462996609925,,,0.92,0.1104,34.1347424,34.13470291303967,112.74723211303967,2.85212,3.0072810907353786,5.592718909264621
gen=35_member=5961_pso,50,storage_zminus_0p80,storage,Storage,S,0.92,0.1104,0.12,0.11906462996609925,,,0.92,0.1104,36.8771876,36.87726444522587,115.48979364522586,4.16397,4.351632276225855,4.248367723774145
gen=31_member=5281_pso,50,storage_zminus_0p80,storage,Storage,S,0.92,0.1104,0.12,0.11906462996609925,,,0.92,0.1104,33.1156552,33.11569694121411,111.72822614121412,2.52766,2.667512104613248,5.9324878953867515
gen=44_member=7417_pso,50,storage_zminus_0p80,storage,Storage,S,0.92,0.1104,0.12,0.11906462996609925,,,0.92,0.1104,28.040048399999996,28.04007293817745,106.65260213817746,1.50233,1.60350715184416,6.99649284815584
gen=32_member=5429_pso,50,storage_zminus_0p80,storage,Storage,S,0.92,0.1104,0.12,0.11906462996609925,,,0.92,0.1104,36.214580399999996,36.214597535229515,114.82712673522953,3.8078,3.9873646859428593,4.61263531405714
gen=37_member=6347_pso,50,storage_zminus_0p80,storage,Storage,S,0.92,0.1104,0.12,0.11906462996609925,,,0.92,0.1104,35.6629276,35.66303769617801,114.275566896178,3.52921,3.703094502452271,4.896905497547729
gen=42_member=7094_pso,50,storage_zminus_0p80,storage,Storage,S,0.92,0.1104,0.12,0.11906462996609925,,,0.92,0.1104,32.7239728,32.72396444274264,111.33649364274265,2.40462,2.539528693240327,6.0604713067596725
gen=45_member=7577_pso,50,storage_zminus_0p80,storage,Storage,S,0.92,0.1104,0.12,0.11906462996609925,,,0.92,0.1104,33.348481199999995,33.348578128286576,111.96110732828657,2.59343,2.735724044056086,5.8642759559439135
gen=38_member=6402_pso,50,storage_zminus_0p80,storage,Storage,S,0.92,0.1104,0.12,0.11906462996609925,,,0.92,0.1104,30.511791600000002,30.51186014513365,109.12438934513365,1.8927,2.0097921479525818,6.590207852047418
gen=31_member=5196_pso,50,storage_zminus_0p80,storage,Storage,S,0.92,0.1104,0.12,0.11906462996609925,,,0.92,0.1104,37.154128,37.154036317385696,115.76656551738569,4.37901,4.572431031934697,4.027568968065303
gen=41_member=6995_pso,50,storage_zminus_0p80,storage,Storage,S,0.92,0.1104,0.12,0.11906462996609925,,,0.92,0.1104,33.0581728,33.05810757863159,111.6706367786316,2.50823,2.647169615642988,5.952830384357012
gen=39_member=6611_pso,50,storage_zminus_0p80,storage,Storage,S,0.92,0.1104,0.12,0.11906462996609925,,,0.92,0.1104,35.8961992,35.89623286365389,114.5087620636539,3.66312,3.838860482484141,4.761139517515859
gen=49_member=8310_pso,50,storage_zminus_0p80,storage,Storage,S,0.92,0.1104,0.12,0.11906462996609925,,,0.92,0.1104,30.436708,30.43676948862573,109.04929868862573,1.88142,1.99855520169047,6.6014447983095295
gen=41_member=6917_pso,50,storage_zminus_0p80,storage,Storage,S,0.92,0.1104,0.12,0.11906462996609925,,,0.92,0.1104,30.7027312,30.7026693264571,109.3151985264571,1.93448,2.0529813438834696,6.5470186561165296
gen=42_member=7156_pso,50,storage_zminus_0p80,storage,Storage,S,0.92,0.1104,0.12,0.11906462996609925,,,0.92,0.1104,30.610492,30.610510708305725,109.22303990830572,1.91823,2.0363589354454272,6.563641064554572
gen=29_member=4898_pso,50,storage_zminus_0p80,storage,Storage,S,0.92,0.1104,0.12,0.11906462996609925,,,0.92,0.1104,35.9271684,35.92717187396659,114.5397010739666,3.68037,3.8596997716573114,4.740300228342688
gen=47_member=7961_pso,50,storage_zminus_0p80,storage,Storage,S,0.92,0.1104,0.12,0.11906462996609925,,,0.92,0.1104,32.81844,32.81846706326812,111.43099626326813,2.42627,2.562291320851466,6.037708679148533
gen=31_member=5213_pso,50,storage_zminus_0p80,storage,Storage,S,0.92,0.1104,0.12,0.11906462996609925,,,0.92,0.1104,34.374698,34.37459988167344,112.98712908167344,2.94698,3.1007865320289763,5.499213467971023
gen=33_member=5529_pso,50,storage_zminus_0p80,storage,Storage,S,0.92,0.1104,0.12,0.11906462996609925,,,0.92,0.1104,18.329822840000002,18.32982475749499,96.94235395749497,0.902294,0.9717146538632426,7.628285346136757
gen=41_member=6902_pso,50,storage_zminus_0p80,storage,Storage,S,0.92,0.1104,0.12,0.11906462996609925,,,0.92,0.1104,29.628389600000002,29.628353465378915,108.24088266537892,1.72975,1.8401588069813963,6.7598411930186035
gen=43_member=7373_pso,50,storage_zminus_0p80,storage,Storage,S,0.92,0.1104,0.12,0.11906462996609925,,,0.92,0.1104,30.566823199999998,30.566917442941545,109.17944664294156,1.90841,2.026223668962088,6.573776331037912
gen=43_member=7354_pso,50,storage_zminus_0p80,storage,Storage,S,0.92,0.1104,0.12,0.11906462996609925,,,0.92,0.1104,36.3656388,36.365559376347385,114.97808857634739,3.91205,4.093759655363306,4.506240344636693
gen=48_member=8255_pso,50,storage_zminus_0p80,storage,Storage,S,0.92,0.1104,0.12,0.11906462996609925,,,0.92,0.1104,18.692073360000002,18.692080334260165,97.30460953426017,0.907206,0.9771208546330751,7.622879145366925
gen=38_member=6443_pso,50,storage_zminus_0p80,storage,Storage,S,0.92,0.1104,0.12,0.11906462996609925,,,0.92,0.1104,31.6712428,31.67115470758055,110.28368390758054,2.14746,2.273659264832798,6.326340735167202
gen=47_member=7988_pso,50,storage_zminus_0p80,storage,Storage,S,0.92,0.1104,0.12,0.11906462996609925,,,0.92,0.1104,30.769794,30.769795007202468,109.38232420720249,1.94462,2.0637927583865894,6.53620724161341
gen=37_member=6360_pso,50,storage_zminus_0p80,storage,Storage,S,0.92,0.1104,0.12,0.11906462996609925,,,0.92,0.1104,28.05609,28.056013799679008,106.668542999679,1.51193,1.6146682328459867,6.985331767154013
gen=48_member=8171_pso,50,storage_zminus_0p80,storage,Storage,S,0.92,0.1104,0.12,0.11906462996609925,,,0.92,0.1104,34.994082,34.99403631605541,113.60656551605543,3.20978,3.3751495114119496,5.22485048858805
gen=45_member=7732_pso,50,storage_zminus_0p80,storage,Storage,S,0.92,0.1104,0.12,0.11906462996609925,,,0.92,0.1104,28.232101999999998,28.232171596528566,106.84470079652857,1.52704,1.6289596638285577,6.971040336171442
gen=35_member=5956_pso,50,storage_zminus_0p80,storage,Storage,S,0.92,0.1104,0.12,0.11906462996609925,,,0.92,0.1104,34.0774828,34.07740547464268,112.6899346746427,2.82984,2.9848647964691026,5.6151352035308975
gen=45_member=7623_pso,50,storage_zminus_0p80,storage,Storage,S,0.92,0.1104,0.12,0.11906462996609925,,,0.92,0.1104,26.867897600000003,26.867886619436277,105.48041581943627,1.35875,1.4555372233604613,7.144462776639538
gen=34_member=5765_pso,50,storage_zminus_0p80,storage,Storage,S,0.92,0.1104,0.12,0.11906462996609925,,,0.92,0.1104,30.9233032,30.92338623359191,109.5359154335919,1.98173,2.102168393032259,6.497831606967741
gen=38_member=6501_pso,50,storage_zminus_0p80,storage,Storage,S,0.92,0.1104,0.12,0.11906462996609925,,,0.92,0.1104,32.3964568,32.396349530682755,111.00887873068277,2.32041,2.4527235490069734,6.147276450993026
gen=48_member=8203_pso,50,storage_zminus_0p80,storage,Storage,S,0.92,0.1104,0.12,0.11906462996609925,,,0.92,0.1104,32.4539392,32.453841272609736,111.06637047260975,2.33521,2.4678041342617325,6.132195865738267
gen=47_member=7974_pso,50,storage_zminus_0p80,storage,Storage,S,0.92,0.1104,0.12,0.11906462996609925,,,0.92,0.1104,35.0424296,35.04236881028093,113.65489801028093,3.23167,3.3979533598675715,5.202046640132428
gen=42_member=7123_pso,50,storage_zminus_0p80,storage,Storage,S,0.92,0.1104,0.12,0.11906462996609925,,,0.92,0.1104,34.3967552,34.396745119239434,113.00927431923942,2.95964,3.1126219133510262,5.487378086648974
gen=30_member=5110_pso,50,storage_zminus_0p80,storage,Storage,S,0.92,0.1104,0.12,0.11906462996609925,,,0.92,0.1104,36.395271199999996,36.39534938259375,115.00787858259373,3.93251,4.114225516129751,4.485774483870249
gen=40_member=6879_pso,50,storage_zminus_0p80,storage,Storage,S,0.92,0.1104,0.12,0.11906462996609925,,,0.92,0.1104,35.52546,35.52547804840835,114.13800724840836,3.47595,3.6497290481142475,4.950270951885752
gen=31_member=5217_pso,50,storage_zminus_0p80,storage,Storage,S,0.92,0.1104,0.12,0.11906462996609925,,,0.92,0.1104,36.452308,36.4522647735805,115.0647939735805,3.94088,4.124320420241663,4.475679579758337
gen=42_member=7215_pso,50,storage_zminus_0p80,storage,Storage,S,0.92,0.1104,0.12,0.11906462996609925,,,0.92,0.1104,34.9225632,34.92253563470857,113.53506483470858,3.17583,3.33930875410213,5.26069124589787
gen=37_member=6211_pso,50,storage_zminus_0p80,storage,Storage,S,0.92,0.1104,0.12,0.11906462996609925,,,0.92,0.1104,20.656456399999996,20.656455308041814,99.26898450804181,1.01369,1.090198980858538,7.509801019141461
gen=40_member=6803_pso,50,storage_zminus_0p80,storage,Storage,S,0.92,0.1104,0.12,0.11906462996609925,,,0.92,0.1104,33.8223768,33.822321012801254,112.43485021280125,2.72359,2.8710414869401784,5.728958513059821
gen=30_member=5155_pso,50,storage_zminus_0p80,storage,Storage,S,0.92,0.1104,0.12,0.11906462996609925,,,0.92,0.1104,34.1209288,34.12094915647915,112.73347835647915,2.84803,2.9984085644200005,5.60159143558
gen=32_member=5405_pso,50,storage_zminus_0p80,storage,Storage,S,0.92,0.1104,0.12,0.11906462996609925,,,0.92,0.1104,27.866487199999998,27.866536503306772,106.47906570330677,1.47179,1.5734304625526452,7.0265695374473545
gen=37_member=6224_pso,50,storage_zminus_0p80,storage,Storage,S,0.92,0.1104,0.12,0.11906462996609925,,,0.92,0.1104,35.2442864,35.24434680969291,113.85687600969291,3.32624,3.4954745693591622,5.104525430640837
gen=36_member=6188_pso,50,storage_zminus_0p80,storage,Storage,S,0.92,0.1104,0.12,0.11906462996609925,,,0.92,0.1104,26.545060399999997,26.54503702240775,105.15756622240775,1.34227,1.4365243260438068,7.163475673956193
gen=44_member=7508_pso,50,storage_zminus_0p80,storage,Storage,S,0.92,0.1104,0.12,0.11906462996609925,,,0.92,0.1104,35.030844,35.030748929325185,113.64327812932517,3.22133,3.3871868951267685,5.212813104873231
gen=48_member=8233_pso,50,storage_zminus_0p80,storage,Storage,S,0.92,0.1104,0.12,0.11906462996609925,,,0.92,0.1104,34.676369199999996,34.67641402474263,113.28894322474264,3.06245,3.220724915874298,5.379275084125702
gen=27_member=4602_pso,50,storage_zminus_0p80,storage,Storage,S,0.92,0.1104,0.12,0.11906462996609925,,,0.92,0.1104,31.533998,31.534063129350688,110.1465923293507,2.12737,2.254196077207872,6.345803922792127
gen=34_member=5714_pso,50,storage_zminus_0p80,storage,Storage,S,0.92,0.1104,0.12,0.11906462996609925,,,0.92,0.1104,35.2895148,35.289422752427136,113.90195195242715,3.37452,3.5380361536476364,5.061963846352363
gen=33_member=5592_pso,50,storage_zminus_0p80,storage,Storage,S,0.92,0.1104,0.12,0.11906462996609925,,,0.92,0.1104,32.9057776,32.90581117439859,111.5183403743986,2.46009,2.597129370144118,6.002870629855882
gen=46_member=7897_pso,50,storage_zminus_0p80,storage,Storage,S,0.92,0.1104,0.12,0.11906462996609925,,,0.92,0.1104,34.6601048,34.66001472979494,113.27254392979495,3.05438,3.2116029305359444,5.388397069464055
gen=44_member=7516_pso,50,storage_zminus_0p80,storage,Storage,S,0.92,0.1104,0.12,0.11906462996609925,,,0.92,0.1104,36.109196,36.10912532430648,114.72165452430647,3.75377,3.9315057680767636,4.668494231923236
gen=47_member=8023_pso,50,storage_zminus_0p80,storage,Storage,S,0.92,0.1104,0.12,0.11906462996609925,,,0.92,0.1104,36.075776,36.0756878960716,114.68821709607163,3.73629,3.9135278315286604,4.686472168471339
gen=43_member=7367_pso,50,storage_zminus_0p80,storage,Storage,S,0.92,0.1104,0.12,0.11906462996609925,,,0.92,0.1104,35.8665668,35.86655852747779,114.47908772747779,3.64645,3.823627266430483,4.7763727335695165
gen=41_member=6969_pso,50,storage_zminus_0p80,storage,Storage,S,0.92,0.1104,0.12,0.11906462996609925,,,0.92,0.1104,34.0139848,34.01408910075473,112.62661830075474,2.81773,2.9721895458871423,5.627810454112858
gen=34_member=5825_pso,50,storage_zminus_0p80,storage,Storage,S,0.92,0.1104,0.12,0.11906462996609925,,,0.92,0.1104,21.687307439999998,21.6872977704652,100.29982697046519,1.03166,1.1109791770623716,7.489020822937628
gen=40_member=6799_pso,50,storage_zminus_0p80,storage,Storage,S,0.92,0.1104,0.12,0.11906462996609925,,,0.92,0.1104,34.952641199999995,34.952751930942966,113.56528113094296,3.18988,3.354491409145436,5.245508590854564
gen=36_member=6120_pso,50,storage_zminus_0p80,storage,Storage,S,0.92,0.1104,0.12,0.11906462996609925,,,0.92,0.1104,35.9581376,35.95802982865704,114.57055902865704,3.68918,3.8652785074689655,4.734721492531034
gen=43_member=7295_pso,50,storage_zminus_0p80,storage,Storage,S,0.92,0.1104,0.12,0.11906462996609925,,,0.92,0.1104,35.5167708,35.51686845465705,114.12939765465704,3.46262,3.6339392348356165,4.966060765164383
gen=37_member=6202_pso,50,storage_zminus_0p80,storage,Storage,S,0.92,0.1104,0.12,0.11906462996609925,,,0.92,0.1104,29.765634399999996,29.765572548609313,108.37810174860931,1.7877,1.9002629034596639,6.699737096540336
gen=41_member=6991_pso,50,storage_zminus_0p80,storage,Storage,S,0.92,0.1104,0.12,0.11906462996609925,,,0.92,0.1104,36.3934888,36.393381324833584,115.00591052483358,3.91812,4.101333854042179,4.498666145957821
gen=34_member=5786_pso,50,storage_zminus_0p80,storage,Storage,S,0.92,0.1104,0.12,0.11906462996609925,,,0.92,0.1104,35.6983528,35.69845644451818,114.31098564451818,3.5556,3.730541864522042,4.869458135477958
gen=46_member=7820_pso,50,storage_zminus_0p80,storage,Storage,S,0.92,0.1104,0.12,0.11906462996609925,,,0.92,0.1104,35.8603284,35.860377441964175,114.47290664196417,3.63264,3.808354797967343,4.791645202032656
gen=49_member=8399_pso,50,storage_zminus_0p80,storage,Storage,S,0.92,0.1104,0.12,0.11906462996609925,,,0.92,0.1104,35.851862,35.85181623963164,114.46434543963164,3.62622,3.8017548225785776,4.798245177421422
gen=34_member=5808_pso,50,storage_zminus_0p80,storage,Storage,S,0.92,0.1104,0.12,0.11906462996609925,,,0.92,0.1104,36.496199600000004,36.496093279758526,115.10862247975852,3.95771,4.139743888308486,4.460256111691514
gen=43_member=7329_pso,50,storage_zminus_0p80,storage,Storage,S,0.92,0.1104,0.12,0.11906462996609925,,,0.92,0.1104,34.9811596,34.981147257172495,113.59367645717249,3.19666,3.361542259048759,5.23845774095124
gen=42_member=7088_pso,50,storage_zminus_0p80,storage,Storage,S,0.92,0.1104,0.12,0.11906462996609925,,,0.92,0.1104,35.7903692,35.79047148072272,114.40300068072271,3.60323,3.778811580933963,4.821188419066036
gen=45_member=7708_pso,50,storage_zminus_0p80,storage,Storage,S,0.92,0.1104,0.12,0.11906462996609925,,,0.92,0.1104,33.8571336,33.85718549462576,112.46971469462578,2.7429,2.8916606887887104,5.708339311211289
gen=32_member=5495_pso,50,storage_zminus_0p80,storage,Storage,S,0.92,0.1104,0.12,0.11906462996609925,,,0.92,0.1104,25.922334399999997,25.92224315458362,104.53477235458361,1.29931,1.3928361483492289,7.207163851650771
gen=41_member=6992_pso,50,storage_zminus_0p80,storage,Storage,S,0.92,0.1104,0.12,0.11906462996609925,,,0.92,0.1104,35.8253488,35.82539989519937,114.43792909519937,3.61253,3.7876456372993093,4.81235436270069
gen=44_member=7474_pso,50,storage_zminus_0p80,storage,Storage,S,0.92,0.1104,0.12,0.11906462996609925,,,0.92,0.1104,35.6065592,35.60659604089044,114.21912524089045,3.50006,3.6739194882099255,4.926080511790074
gen=38_member=6529_pso,50,storage_zminus_0p80,storage,Storage,S,0.92,0.1104,0.12,0.11906462996609925,,,0.92,0.1104,34.6110888,34.611036113818564,113.22356531381857,3.04111,3.197827456847053,5.402172543152947
gen=38_member=6418_pso,50,storage_zminus_0p80,storage,Storage,S,0.92,0.1104,0.12,0.11906462996609925,,,0.92,0.1104,34.4430976,34.443010318174956,113.05553951817497,2.97833,3.132115416570067,5.4678845834299326
gen=42_member=7193_pso,50,storage_zminus_0p80,storage,Storage,S,0.92,0.1104,0.12,0.11906462996609925,,,0.92,0.1104,33.445622,33.44556490244684,112.05809410244683,2.62386,2.7676882172745567,5.8323117827254425
gen=40_member=6846_pso,50,storage_zminus_0p80,storage,Storage,S,0.92,0.1104,0.12,0.11906462996609925,,,0.92,0.1104,33.0759968,33.07610629167887,111.68863549167887,2.5122,2.6521317536231725,5.947868246376827
gen=42_member=7137_pso,50,storage_zminus_0p80,storage,Storage,S,0.92,0.1104,0.12,0.11906462996609925,,,0.92,0.1104,31.799798399999997,31.799870105395673,110.41239930539568,2.16651,2.2941148228278836,6.305885177172116
gen=41_member=6951_pso,50,storage_zminus_0p80,storage,Storage,S,0.92,0.1104,0.12,0.11906462996609925,,,0.92,0.1104,31.7882128,31.788273688982024,110.40080288898203,2.16614,2.29221322060716,6.30778677939284
gen=44_member=7514_pso,50,storage_zminus_0p80,storage,Storage,S,0.92,0.1104,0.12,0.11906462996609925,,,0.92,0.1104,34.407672399999996,34.40775328560086,113.02028248560086,2.96984,3.1241521132988397,5.47584788670116
gen=26_member=4423_pso,50,storage_zminus_0p80,storage,Storage,S,0.92,0.1104,0.12,0.11906462996609925,,,0.92,0.1104,32.826238,32.826298754166096,111.43882795416609,2.44423,2.5807075713348557,6.019292428665144
gen=30_member=5151_pso,50,storage_zminus_0p80,storage,Storage,S,0.92,0.1104,0.12,0.11906462996609925,,,0.92,0.1104,36.297461999999996,36.297392702126395,114.9099219021264,3.85519,4.0351885696529495,4.56481143034705
gen=36_member=6144_pso,50,storage_zminus_0p80,storage,Storage,S,0.92,0.1104,0.12,0.11906462996609925,,,0.92,0.1104,34.510605999999996,34.510550189225945,113.12307938922596,3.00686,3.161868239828903,5.438131760171096
gen=41_member=6946_pso,50,storage_zminus_0p80,storage,Storage,S,0.92,0.1104,0.12,0.11906462996609925,,,0.92,0.1104,35.683425199999995,35.683385394119824,114.29591459411984,3.5443,3.718616409041474,4.881383590958526
gen=43_member=7239_pso,50,storage_zminus_0p80,storage,Storage,S,0.92,0.1104,0.12,0.11906462996609925,,,0.92,0.1104,35.7208556,35.72083483075705,114.33336403075705,3.56889,3.744142067698496,4.855857932301504
gen=20_member=3413_pso,50,storage_zminus_0p80,storage,Storage,S,0.92,0.1104,0.12,0.11906462996609925,,,0.92,0.1104,32.9545708,32.95461211746549,111.5671413174655,2.47644,2.6142724852708588,5.985727514729141
gen=35_member=5913_pso,50,storage_zminus_0p80,storage,Storage,S,0.92,0.1104,0.12,0.11906462996609925,,,0.92,0.1104,21.26195996,21.261970620979778,99.87449982097976,1.01633,1.0943616940159024,7.505638305984097
gen=47_member=7945_pso,50,storage_zminus_0p80,storage,Storage,S,0.92,0.1104,0.12,0.11906462996609925,,,0.92,0.1104,34.610420399999995,34.610460392456865,113.22298959245687,3.03486,3.191219669601066,5.408780330398933
gen=31_member=5214_pso,50,storage_zminus_0p80,storage,Storage,S,0.92,0.1104,0.12,0.11906462996609925,,,0.92,0.1104,35.4428012,35.44276706150495,114.05529626150495,3.42253,3.5947841117807933,5.005215888219206
gen=35_member=5893_pso,50,storage_zminus_0p80,storage,Storage,S,0.92,0.1104,0.12,0.11906462996609925,,,0.92,0.1104,16.002053,16.002041893722712,94.61457109372272,0.813288,0.8759014430644947,7.724098556935505
gen=42_member=7082_pso,50,storage_zminus_0p80,storage,Storage,S,0.92,0.1104,0.12,0.11906462996609925,,,0.92,0.1104,33.697386,33.697411190937146,112.30994039093714,2.69841,2.8449618241891588,5.75503817581084
gen=44_member=7534_pso,50,storage_zminus_0p80,storage,Storage,S,0.92,0.1104,0.12,0.11906462996609925,,,0.92,0.1104,34.346848,34.34682017838482,112.95934937838484,2.93385,3.0867464008204193,5.51325359917958
gen=45_member=7645_pso,50,storage_zminus_0p80,storage,Storage,S,0.92,0.1104,0.12,0.11906462996609925,,,0.92,0.1104,35.619036,35.61911037390231,114.23163957390231,3.51669,3.690568129987549,4.909431870012451
gen=39_member=6590_pso,50,storage_zminus_0p80,storage,Storage,S,0.92,0.1104,0.12,0.11906462996609925,,,0.92,0.1104,36.736378,36.73640015568762,115.3489293556876,4.09121,4.276435507422707,4.323564492577293
gen=38_member=6398_pso,50,storage_zminus_0p80,storage,Storage,S,0.92,0.1104,0.12,0.11906462996609925,,,0.92,0.1104,35.0974612,35.09741973001883,113.70994893001883,3.25449,3.4214108595376374,5.178589140462362
gen=45_member=7594_pso,50,storage_zminus_0p80,storage,Storage,S,0.92,0.1104,0.12,0.11906462996609925,,,0.92,0.1104,36.3103844,36.31039554746737,114.92292474746739,3.8606,4.040614165759326,4.559385834240674
gen=48_member=8227_pso,50,storage_zminus_0p80,storage,Storage,S,0.92,0.1104,0.12,0.11906462996609925,,,0.92,0.1104,33.9072636,33.90734269461019,112.51987189461022,2.7553,2.90465420215741,5.69534579784259
gen=30_member=5150_pso,50,storage_zminus_0p80,storage,Storage,S,0.92,0.1104,0.12,0.11906462996609925,,,0.92,0.1104,36.47793,36.47794126781239,115.0904704678124,3.95517,4.137319561037399,4.4626804389626
gen=49_member=8327_pso,50,storage_zminus_0p80,storage,Storage,S,0.92,0.1104,0.12,0.11906462996609925,,,0.92,0.1104,30.106963999999998,30.10695679161178,108.71948599161179,1.80674,1.9210018102807793,6.67899818971922
gen=43_member=7261_pso,50,storage_zminus_0p80,storage,Storage,S,0.92,0.1104,0.12,0.11906462996609925,,,0.92,0.1104,34.4863208,34.48623759426499,113.09876679426499,2.98936,3.1436044499713978,5.456395550028602
gen=36_member=6133_pso,50,storage_zminus_0p80,storage,Storage,S,0.92,0.1104,0.12,0.11906462996609925,,,0.92,0.1104,35.8721368,35.87203034437702,114.48455954437703,3.65379,3.829805097408527,4.770194902591473
gen=41_member=6892_pso,50,storage_zminus_0p80,storage,Storage,S,0.92,0.1104,0.12,0.11906462996609925,,,0.92,0.1104,29.7658572,29.765857301341477,108.37838650134148,1.79322,1.9059726522305838,6.694027347769416
gen=47_member=8012_pso,50,storage_zminus_0p80,storage,Storage,S,0.92,0.1104,0.12,0.11906462996609925,,,0.92,0.1104,35.983982399999995,35.984022812402536,114.59655201240253,3.70111,3.8781439635639674,4.721856036436032
gen=47_member=7966_pso,50,storage_zminus_0p80,storage,Storage,S,0.92,0.1104,0.12,0.11906462996609925,,,0.92,0.1104,33.7234536,33.72345101193558,112.3359802119356,2.70123,2.8477901722332226,5.752209827766777
gen=49_member=8363_pso,50,storage_zminus_0p80,storage,Storage,S,0.92,0.1104,0.12,0.11906462996609925,,,0.92,0.1104,35.4777808,35.477807888172215,114.09033708817222,3.43975,3.610927220490564,4.989072779509436
gen=44_member=7456_pso,50,storage_zminus_0p80,storage,Storage,S,0.92,0.1104,0.12,0.11906462996609925,,,0.92,0.1104,35.4550552,35.454985598383615,114.06751479838361,3.43116,3.6035695224039364,4.996430477596063
gen=40_member=6804_pso,50,storage_zminus_0p80,storage,Storage,S,0.92,0.1104,0.12,0.11906462996609925,,,0.92,0.1104,34.5288756,34.528979791643806,113.14150899164382,3.01687,3.171911165830484,5.4280888341695155
gen=38_member=6471_pso,50,storage_zminus_0p80,storage,Storage,S,0.92,0.1104,0.12,0.11906462996609925,,,0.92,0.1104,35.0604764,35.06049322067706,113.67302242067706,3.24426,3.41096907988282,5.18903092011718
gen=22_member=3634_pso,50,storage_zminus_0p80,storage,Storage,S,0.92,0.1104,0.12,0.11906462996609925,,,0.92,0.1104,33.487508399999996,33.48751472965719,112.1000439296572,2.63496,2.778983021933118,5.821016978066881
gen=44_member=7539_pso,50,storage_zminus_0p80,storage,Storage,S,0.92,0.1104,0.12,0.11906462996609925,,,0.92,0.1104,36.0109412,36.01086498046887,114.62339418046886,3.71574,3.8924466344011313,4.707553365598868
gen=49_member=8356_pso,50,storage_zminus_0p80,storage,Storage,S,0.92,0.1104,0.12,0.11906462996609925,,,0.92,0.1104,32.883720399999994,32.88362932713905,111.49615852713904,2.45508,2.592089777507403,6.007910222492597
gen=46_member=7849_pso,50,storage_zminus_0p80,storage,Storage,S,0.92,0.1104,0.12,0.11906462996609925,,,0.92,0.1104,33.7256816,33.7256272553146,112.3381564553146,2.71464,2.861720519251381,5.738279480748618
gen=42_member=7200_pso,50,storage_zminus_0p80,storage,Storage,S,0.92,0.1104,0.12,0.11906462996609925,,,0.92,0.1104,35.3322924,35.33222140569574,113.94475060569573,3.37515,3.545936055262173,5.054063944737827
gen=38_member=6459_pso,50,storage_zminus_0p80,storage,Storage,S,0.92,0.1104,0.12,0.11906462996609925,,,0.92,0.1104,36.735932399999996,36.73590992805043,115.34843912805044,4.07908,4.263911217232844,4.336088782767155
gen=40_member=6838_pso,50,storage_zminus_0p80,storage,Storage,S,0.92,0.1104,0.12,0.11906462996609925,,,0.92,0.1104,27.5438728,27.54385585819388,106.15638505819388,1.42018,1.517838813201125,7.082161186798874
gen=35_member=5994_pso,50,storage_zminus_0p80,storage,Storage,S,0.92,0.1104,0.12,0.11906462996609925,,,0.92,0.1104,34.683276,34.68326987798987,113.29579907798986,3.07603,3.2354137982162676,5.364586201783732
gen=39_member=6670_pso,50,storage_zminus_0p80,storage,Storage,S,0.92,0.1104,0.12,0.11906462996609925,,,0.92,0.1104,32.435669600000004,32.43577512726643,111.04830432726642,2.33137,2.4637581351069966,6.1362418648930035
gen=48_member=8120_pso,50,storage_zminus_0p80,storage,Storage,S,0.92,0.1104,0.12,0.11906462996609925,,,0.92,0.1104,36.049485600000004,36.049477181493145,114.66200638149316,3.72385,3.900702163907883,4.699297836092116
gen=47_member=7929_pso,50,storage_zminus_0p80,storage,Storage,S,0.92,0.1104,0.12,0.11906462996609925,,,0.92,0.1104,33.2756256,33.27569117913837,111.88822037913837,2.58067,2.723334298921214,5.876665701078785
gen=32_member=5467_pso,50,storage_zminus_0p80,storage,Storage,S,0.92,0.1104,0.12,0.11906462996609925,,,0.92,0.1104,35.4252,35.425295105606956,114.03782430560697,3.40923,3.580968256216024,5.019031743783976
gen=45_member=7589_pso,50,storage_zminus_0p80,storage,Storage,S,0.92,0.1104,0.12,0.11906462996609925,,,0.92,0.1104,35.264561199999996,35.264548182297666,113.87707738229766,3.34169,3.510553854472236,5.089446145527764
gen=42_member=7063_pso,50,storage_zminus_0p80,storage,Storage,S,0.92,0.1104,0.12,0.11906462996609925,,,0.92,0.1104,32.7798956,32.77998072785285,111.39250992785287,2.41578,2.5511150367339632,6.048884963266037
gen=46_member=7783_pso,50,storage_zminus_0p80,storage,Storage,S,0.92,0.1104,0.12,0.11906462996609925,,,0.92,0.1104,35.2509704,35.250884894283324,113.86341409428333,3.33505,3.504710449151905,5.095289550848094
gen=42_member=7112_pso,50,storage_zminus_0p80,storage,Storage,S,0.92,0.1104,0.12,0.11906462996609925,,,0.92,0.1104,29.955014399999996,29.954952265185444,108.56748146518542,1.80414,1.917218758102068,6.682781241897931
gen=43_member=7278_pso,50,storage_zminus_0p80,storage,Storage,S,0.92,0.1104,0.12,0.11906462996609925,,,0.92,0.1104,26.961028,26.96102909294159,105.5735582929416,1.36641,1.4635063295496367,7.136493670450363
gen=48_member=8123_pso,50,storage_zminus_0p80,storage,Storage,S,0.92,0.1104,0.12,0.11906462996609925,,,0.92,0.1104,35.7057052,35.70569359544761,114.31822279544762,3.56822,3.743274434633982,4.856725565366018
gen=38_member=6409_pso,50,storage_zminus_0p80,storage,Storage,S,0.92,0.1104,0.12,0.11906462996609925,,,0.92,0.1104,35.5586572,35.558655547749574,114.17118474774956,3.48534,3.659462180666898,4.940537819333102
gen=36_member=6139_pso,50,storage_zminus_0p80,storage,Storage,S,0.92,0.1104,0.12,0.11906462996609925,,,0.92,0.1104,36.7221188,36.722176673504485,115.33470587350449,4.07625,4.2609739267440965,4.339026073255903
gen=40_member=6783_pso,50,storage_zminus_0p80,storage,Storage,S,0.92,0.1104,0.12,0.11906462996609925,,,0.92,0.1104,34.2880288,34.28795088667764,112.90048008667765,2.92983,3.0886965582444605,5.511303441755539
gen=29_member=4924_pso,50,storage_zminus_0p80,storage,Storage,S,0.92,0.1104,0.12,0.11906462996609925,,,0.92,0.1104,33.3221908,33.32221023991749,111.93473943991748,2.58783,2.730447277026477,5.8695527229735225
gen=46_member=7822_pso,50,storage_zminus_0p80,storage,Storage,S,0.92,0.1104,0.12,0.11906462996609925,,,0.92,0.1104,36.6993932,36.69936383186918,115.31189303186918,4.06609,4.250874344202542,4.349125655797458
gen=33_member=5655_pso,50,storage_zminus_0p80,storage,Storage,S,0.92,0.1104,0.12,0.11906462996609925,,,0.92,0.1104,35.6303988,35.630370058555734,114.24289925855572,3.51718,3.6908019563483405,4.909198043651659
gen=31_member=5227_pso,50,storage_zminus_0p80,storage,Storage,S,0.92,0.1104,0.12,0.11906462996609925,,,0.92,0.1104,33.1920756,33.191986899653344,111.80451609965334,2.57051,2.711919436238482,5.888080563761518
gen=46_member=7810_pso,50,storage_zminus_0p80,storage,Storage,S,0.92,0.1104,0.12,0.11906462996609925,,,0.92,0.1104,34.574104,34.57406416730866,113.18659336730867,3.02342,3.179060022062932,5.420939977937067
gen=28_member=4720_pso,50,storage_zminus_0p80,storage,Storage,S,0.92,0.1104,0.12,0.11906462996609925,,,0.92,0.1104,35.3848732,35.38488870745046,113.99741790745045,3.39794,3.569429015245069,5.030570984754931
gen=31_member=5250_pso,50,storage_zminus_0p80,storage,Storage,S,0.92,0.1104,0.12,0.11906462996609925,,,0.92,0.1104,34.0534204,34.05351185359164,112.66604105359163,2.82385,2.9787403428172285,5.621259657182771
gen=46_member=7862_pso,50,storage_zminus_0p80,storage,Storage,S,0.92,0.1104,0.12,0.11906462996609925,,,0.92,0.1104,34.5019168,34.50190548961805,113.11443468961807,2.9983,3.152593974692031,5.447406025307968
gen=29_member=4911_pso,50,storage_zminus_0p80,storage,Storage,S,0.92,0.1104,0.12,0.11906462996609925,,,0.92,0.1104,33.8640404,33.86401239624249,112.47654159624248,2.75415,2.9022737169787343,5.697726283021265
gen=43_member=7385_pso,50,storage_zminus_0p80,storage,Storage,S,0.92,0.1104,0.12,0.11906462996609925,,,0.92,0.1104,26.117729999999998,26.117703630103588,104.73023283010357,1.30432,1.397438089593725,7.202561910406274
gen=34_member=5724_pso,50,storage_zminus_0p80,storage,Storage,S,0.92,0.1104,0.12,0.11906462996609925,,,0.92,0.1104,35.5597712,35.55966917902097,114.17219837902098,3.48909,3.66324012091211,4.936759879087889
gen=39_member=6557_pso,50,storage_zminus_0p80,storage,Storage,S,0.92,0.1104,0.12,0.11906462996609925,,,0.92,0.1104,30.951821600000002,30.95190437561837,109.56443357561837,1.98352,2.104024107950567,6.495975892049433
gen=43_member=7341_pso,50,storage_zminus_0p80,storage,Storage,S,0.92,0.1104,0.12,0.11906462996609925,,,0.92,0.1104,35.697461600000004,35.69752068422161,114.31004988422161,3.54777,3.722478258164972,4.877521741835028
gen=37_member=6349_pso,50,storage_zminus_0p80,storage,Storage,S,0.92,0.1104,0.12,0.11906462996609925,,,0.92,0.1104,33.8629264,33.862942575484915,112.47547177548492,2.74347,2.892154694819445,5.707845305180554
gen=41_member=6889_pso,50,storage_zminus_0p80,storage,Storage,S,0.92,0.1104,0.12,0.11906462996609925,,,0.92,0.1104,27.384348,27.38432060845482,105.99684980845481,1.4106,1.5082492423953209,7.091750757604679
gen=47_member=8010_pso,50,storage_zminus_0p80,storage,Storage,S,0.92,0.1104,0.12,0.11906462996609925,,,0.92,0.1104,33.483498,33.48339815320258,112.09592735320258,2.63426,2.778749028658194,5.821250971341806
gen=38_member=6465_pso,50,storage_zminus_0p80,storage,Storage,S,0.92,0.1104,0.12,0.11906462996609925,,,0.92,0.1104,35.5849476,35.58483752237572,114.19736672237573,3.49711,3.6714756705172014,4.928524329482798
gen=29_member=4976_pso,50,storage_zminus_0p80,storage,Storage,S,0.92,0.1104,0.12,0.11906462996609925,,,0.92,0.1104,32.8534196,32.85346614458213,111.46599534458214,2.44488,2.581376126177558,6.018623873822442
gen=34_member=5729_pso,50,storage_zminus_0p80,storage,Storage,S,0.92,0.1104,0.12,0.11906462996609925,,,0.92,0.1104,36.1272428,36.12729970982421,114.7398289098242,3.76248,3.9402961412431194,4.65970385875688
gen=46_member=7888_pso,50,storage_zminus_0p80,storage,Storage,S,0.92,0.1104,0.12,0.11906462996609925,,,0.92,0.1104,32.783460399999996,32.783404919650515,111.3959341196505,2.41843,2.5538653210391504,6.046134678960849
gen=46_member=7821_pso,50,storage_zminus_0p80,storage,Storage,S,0.92,0.1104,0.12,0.11906462996609925,,,0.92,0.1104,31.01933,31.019254054929405,109.63178325492942,1.99327,2.114095650247243,6.485904349752756
gen=48_member=8165_pso,50,storage_zminus_0p80,storage,Storage,S,0.92,0.1104,0.12,0.11906462996609925,,,0.92,0.1104,35.0845388,35.08459194378328,113.69712114378328,3.24714,3.41380957454029,5.18619042545971
gen=36_member=6131_pso,50,storage_zminus_0p80,storage,Storage,S,0.92,0.1104,0.12,0.11906462996609925,,,0.92,0.1104,36.0098272,36.00986073528155,114.62238993528156,3.70849,3.885459799121472,4.7145402008785275
gen=32_member=5391_pso,50,storage_zminus_0p80,storage,Storage,S,0.92,0.1104,0.12,0.11906462996609925,,,0.92,0.1104,33.261589199999996,33.261505768011496,111.8740349680115,2.57343,2.7153946171327563,5.884605382867243
gen=34_member=5740_pso,50,storage_zminus_0p80,storage,Storage,S,0.92,0.1104,0.12,0.11906462996609925,,,0.92,0.1104,27.0249716,27.025055498234494,105.63758469823449,1.37217,1.4679664818979266,7.132033518102073
gen=35_member=5978_pso,50,storage_zminus_0p80,storage,Storage,S,0.92,0.1104,0.12,0.11906462996609925,,,0.92,0.1104,35.7979444,35.798046250315835,114.41057545031585,3.60663,3.7819847228738888,4.818015277126111
gen=32_member=5373_pso,50,storage_zminus_0p80,storage,Storage,S,0.92,0.1104,0.12,0.11906462996609925,,,0.92,0.1104,34.4901084,34.49010839919886,113.10263759919886,2.995,3.1513095134672415,5.448690486532758
gen=44_member=7565_pso,50,storage_zminus_0p80,storage,Storage,S,0.92,0.1104,0.12,0.11906462996609925,,,0.92,0.1104,32.9715036,32.97144846847227,111.58397766847226,2.47831,2.616669320172313,5.983330679827686
gen=45_member=7737_pso,50,storage_zminus_0p80,storage,Storage,S,0.92,0.1104,0.12,0.11906462996609925,,,0.92,0.1104,36.1261288,36.12613241634489,114.7386616163449,3.75756,3.9354622844170057,4.664537715582994
gen=35_member=6019_pso,50,storage_zminus_0p80,storage,Storage,S,0.92,0.1104,0.12,0.11906462996609925,,,0.92,0.1104,36.062408,36.06245626130536,114.67498546130537,3.73038,3.9074226246050716,4.692577375394928
gen=46_member=7796_pso,50,storage_zminus_0p80,storage,Storage,S,0.92,0.1104,0.12,0.11906462996609925,,,0.92,0.1104,35.467532,35.46763029885118,114.08015949885117,3.43824,3.610780319254203,4.989219680745796
gen=47_member=7977_pso,50,storage_zminus_0p80,storage,Storage,S,0.92,0.1104,0.12,0.11906462996609925,,,0.92,0.1104,35.5069676,35.506986680921436,114.11951588092144,3.45533,3.627903937263513,4.972096062736487
gen=49_member=8311_pso,50,storage_zminus_0p80,storage,Storage,S,0.92,0.1104,0.12,0.11906462996609925,,,0.92,0.1104,36.0073764,36.00733726709178,114.61986646709177,3.70558,3.8823094773884845,4.717690522611515
gen=29_member=4851_pso,50,storage_zminus_0p80,storage,Storage,S,0.92,0.1104,0.12,0.11906462996609925,,,0.92,0.1104,35.2643384,35.264277472776136,113.87680667277613,3.33985,3.5095989812700576,5.090401018729942
gen=34_member=5819_pso,50,storage_zminus_0p80,storage,Storage,S,0.92,0.1104,0.12,0.11906462996609925,,,0.92,0.1104,34.5609588,34.56103873283972,113.17356793283972,3.0224,3.178145920083089,5.42185407991691
gen=38_member=6490_pso,50,storage_zminus_0p80,storage,Storage,S,0.92,0.1104,0.12,0.11906462996609925,,,0.92,0.1104,36.0697604,36.069858023161345,114.68238722316136,3.73254,3.909651911688796,4.690348088311204
gen=42_member=7145_pso,50,storage_zminus_0p80,storage,Storage,S,0.92,0.1104,0.12,0.11906462996609925,,,0.92,0.1104,36.306151199999995,36.30614392385608,114.9186731238561,3.85887,4.039816833507495,4.5601831664925045
gen=28_member=4655_pso,50,storage_zminus_0p80,storage,Storage,S,0.92,0.1104,0.12,0.11906462996609925,,,0.92,0.1104,33.7361532,33.73614280489097,112.34867200489097,2.71633,2.8634412779047245,5.736558722095275
gen=24_member=4008_pso,50,storage_zminus_0p80,storage,Storage,S,0.92,0.1104,0.12,0.11906462996609925,,,0.92,0.1104,33.7668996,33.76696087691461,112.3794900769146,2.71969,2.86738163937402,5.732618360625979
gen=34_member=5732_pso,50,storage_zminus_0p80,storage,Storage,S,0.92,0.1104,0.12,0.11906462996609925,,,0.92,0.1104,33.7822728,33.7821917262945,112.39472092629453,2.72045,2.8676372957691076,5.7323627042308924
gen=40_member=6768_pso,50,storage_zminus_0p80,storage,Storage,S,0.92,0.1104,0.12,0.11906462996609925,,,0.92,0.1104,36.653050799999995,36.65302211816361,115.26555131816362,4.06357,4.249853783397492,4.350146216602508
gen=44_member=7554_pso,50,storage_zminus_0p80,storage,Storage,S,0.92,0.1104,0.12,0.11906462996609925,,,0.92,0.1104,33.7114224,33.71131958774986,112.32384878774988,2.69854,2.8449871535285185,5.755012846471481
gen=18_member=3072_pso,50,storage_zminus_0p80,storage,Storage,S,0.92,0.1104,0.12,0.11906462996609925,,,0.92,0.1104,37.154796399999995,37.15490686727385,115.76743606727385,4.37912,4.573331671291215,4.0266683287087845
gen=50_member=8445_pso,50,storage_zminus_0p80,storage,Storage,S,0.92,0.1104,0.12,0.11906462996609925,,,0.92,0.1104,20.94736636,20.947372107145803,99.55990130714581,1.01547,1.0921010410949976,7.5078989589050025
gen=50_member=8506_pso,50,storage_zminus_0p80,storage,Storage,S,0.92,0.1104,0.12,0.11906462996609925,,,0.92,0.1104,36.1778184,36.17771080932583,114.79024000932583,3.79088,3.9694596539388916,4.6305403460611085
gen=50_member=8596_pso,50,storage_zminus_0p80,storage,Storage,S,0.92,0.1104,0.12,0.11906462996609925,,,0.92,0.1104,31.6560924,31.656131000200023,110.26866020020003,2.13446,2.261107161377623,6.338892838622376
gen=50_member=8464_pso,50,storage_zminus_0p80,storage,Storage,S,0.92,0.1104,0.12,0.11906462996609925,,,0.92,0.1104,35.1692028,35.16929619734085,113.78182539734085,3.28738,3.4549147296829745,5.145085270317026
gen=50_member=8489_pso,50,storage_zminus_0p80,storage,Storage,S,0.92,0.1104,0.12,0.11906462996609925,,,0.92,0.1104,33.927984,33.928075253726064,112.54060445372608,2.76217,2.9117497588535173,5.688250241146482
gen=50_member=8579_pso,50,storage_zminus_0p80,storage,Storage,S,0.92,0.1104,0.12,0.11906462996609925,,,0.92,0.1104,35.2674576,35.267503555717184,113.8800327557172,3.34196,3.511750385356279,5.08824961464372
gen=50_member=8474_pso,50,storage_zminus_0p80,storage,Storage,S,0.92,0.1104,0.12,0.11906462996609925,,,0.92,0.1104,28.369124,28.369120398124426,106.98164959812442,1.54501,1.6490086128985892,6.950991387101411
gen=50_member=8555_pso,50,storage_zminus_0p80,storage,Storage,S,0.92,0.1104,0.12,0.11906462996609925,,,0.92,0.1104,34.7982408,34.798261721440575,113.41079092144058,3.12278,3.2846842969259087,5.315315703074091
gen=50_member=8483_pso,50,storage_zminus_0p80,storage,Storage,S,0.92,0.1104,0.12,0.11906462996609925,,,0.92,0.1104,32.124418,32.12450543561306,110.73703463561304,2.25475,2.3841844981632763,6.215815501836723
gen=50_member=8443_pso,50,storage_zminus_0p80,storage,Storage,S,0.92,0.1104,0.12,0.11906462996609925,,,0.92,0.1104,29.0288348,29.028751720435796,107.64128092043579,1.62866,1.7348354251991238,6.865164574800875
gen=50_member=8469_pso,50,storage_zminus_0p80,storage,Storage,S,0.92,0.1104,0.12,0.11906462996609925,,,0.92,0.1104,27.342684399999996,27.342638190802248,105.95516739080225,1.39731,1.4939017535233219,7.1060982464766775
gen=50_member=8584_pso,50,storage_zminus_0p80,storage,Storage,S,0.92,0.1104,0.12,0.11906462996609925,,,0.92,0.1104,36.776259200000005,36.77633515260383,115.38886435260383,4.09976,4.286099048566902,4.313900951433098
gen=50_member=8572_pso,50,storage_zminus_0p80,storage,Storage,S,0.92,0.1104,0.12,0.11906462996609925,,,0.92,0.1104,35.3808628,35.38077037906462,113.99329957906461,3.38958,3.560699876586999,5.039300123413001
gen=50_member=8550_pso,50,storage_zminus_0p80,storage,Storage,S,0.92,0.1104,0.12,0.11906462996609925,,,0.92,0.1104,35.4354488,35.43550778076299,114.048036980763,3.41089,3.5826938815820384,5.017306118417961
gen=50_member=8507_pso,50,storage_zminus_0p80,storage,Storage,S,0.92,0.1104,0.12,0.11906462996609925,,,0.92,0.1104,29.1130532,29.113125122660595,107.72565432266059,1.64928,1.7565075355770288,6.843492464422971
gen=50_member=8467_pso,50,storage_zminus_0p80,storage,Storage,S,0.92,0.1104,0.12,0.11906462996609925,,,0.92,0.1104,28.4317308,28.431750054504132,107.04427925450413,1.56923,1.6728990531930348,6.927100946806965
gen=50_member=8487_pso,50,storage_zminus_0p80,storage,Storage,S,0.92,0.1104,0.12,0.11906462996609925,,,0.92,0.1104,35.5025116,35.50262187067714,114.11515107067714,3.45215,3.624245625106069,4.975754374893931
152,50,storage_zminus_0p40,storage,Storage,S,0.96,0.1152,0.12,0.15136080967773613,,,0.96,0.1152,39.0853584,39.0854414587126,117.6979706587126,4.78258,4.882650418633964,3.7173495813660358
gen=36_member=6021_pso,50,storage_zminus_0p40,storage,Storage,S,0.96,0.1152,0.12,0.15136080967773613,,,0.96,0.1152,15.73043752,15.730428646974957,94.34295784697495,0.811083,0.8411761979731361,7.758823802026863
16,50,storage_zminus_0p40,storage,Storage,S,0.96,0.1152,0.12,0.15136080967773613,,,0.96,0.1152,38.467534,38.46752870631738,117.08005790631736,4.48927,4.5858257788723265,4.014174221127673
130,50,storage_zminus_0p40,storage,Storage,S,0.96,0.1152,0.12,0.15136080967773613,,,0.96,0.1152,38.6001,38.60014577795708,117.21267497795709,4.69071,4.789362388443936,3.8106376115560634
95,50,storage_zminus_0p40,storage,Storage,S,0.96,0.1152,0.12,0.15136080967773613,,,0.96,0.1152,38.900657200000005,38.90068138512153,117.51321058512153,4.70127,4.801272240888041,3.7987277591119586
156,50,storage_zminus_0p40,storage,Storage,S,0.96,0.1152,0.12,0.15136080967773613,,,0.96,0.1152,37.6137644,37.61379239712806,116.22632159712806,4.4265,4.5212199530469706,4.078780046953029
gen=47_member=7948_pso,50,storage_zminus_0p40,storage,Storage,S,0.96,0.1152,0.12,0.15136080967773613,,,0.96,0.1152,28.5299856,28.529932454502454,107.14246165450244,1.5703,1.6206100124759084,6.979389987524091
gen=48_member=8161_pso,50,storage_zminus_0p40,storage,Storage,S,0.96,0.1152,0.12,0.15136080967773613,,,0.96,0.1152,24.5082228,24.508282368015493,103.1208115680155,1.17026,1.2140235823073413,7.385976417692659
gen=33_member=5661_pso,50,storage_zminus_0p40,storage,Storage,S,0.96,0.1152,0.12,0.15136080967773613,,,0.96,0.1152,36.8916696,36.89173247767671,115.50426167767671,4.21575,4.308099998443003,4.291900001556996
gen=47_member=7921_pso,50,storage_zminus_0p40,storage,Storage,S,0.96,0.1152,0.12,0.15136080967773613,,,0.96,0.1152,37.0291372,37.029124549782175,115.6416537497822,4.27101,4.363778670453746,4.236221329546254
gen=40_member=6722_pso,50,storage_zminus_0p40,storage,Storage,S,0.96,0.1152,0.12,0.15136080967773613,,,0.96,0.1152,29.2066292,29.206608318766545,107.81913751876654,1.65561,1.7075852949447272,6.892414705055272
gen=48_member=8113_pso,50,storage_zminus_0p40,storage,Storage,S,0.96,0.1152,0.12,0.15136080967773613,,,0.96,0.1152,37.0135412,37.01352492542517,115.62605412542518,4.2324,4.324700266012542,4.275299733987458
gen=48_member=8218_pso,50,storage_zminus_0p40,storage,Storage,S,0.96,0.1152,0.12,0.15136080967773613,,,0.96,0.1152,36.6236412,36.62363801974855,115.23616721974857,4.03399,4.123356231979276,4.476643768020724
gen=42_member=7058_pso,50,storage_zminus_0p40,storage,Storage,S,0.96,0.1152,0.12,0.15136080967773613,,,0.96,0.1152,17.825114,17.82511697626178,96.4376461762618,0.864582,0.8983045248442979,7.701695475155701
gen=48_member=8245_pso,50,storage_zminus_0p40,storage,Storage,S,0.96,0.1152,0.12,0.15136080967773613,,,0.96,0.1152,36.87897,36.87888641911074,115.49141561911075,4.17121,4.263247049665988,4.336752950334011
gen=41_member=6922_pso,50,storage_zminus_0p40,storage,Storage,S,0.96,0.1152,0.12,0.15136080967773613,,,0.96,0.1152,32.1159516,32.11592080418332,110.72845000418333,2.24821,2.3107474504232526,6.289252549576747
gen=41_member=6885_pso,50,storage_zminus_0p40,storage,Storage,S,0.96,0.1152,0.12,0.15136080967773613,,,0.96,0.1152,16.94815092,16.94814371857778,95.56067291857778,0.828565,0.860096400743925,7.739903599256075
gen=37_member=6262_pso,50,storage_zminus_0p40,storage,Storage,S,0.96,0.1152,0.12,0.15136080967773613,,,0.96,0.1152,25.3729096,25.372800727077287,103.98532992707726,1.2425,1.2871222884359013,7.312877711564099
gen=39_member=6554_pso,50,storage_zminus_0p40,storage,Storage,S,0.96,0.1152,0.12,0.15136080967773613,,,0.96,0.1152,22.91498,22.91493475179726,101.52746395179726,1.07599,1.1173020632193227,7.482697936780677
gen=44_member=7409_pso,50,storage_zminus_0p40,storage,Storage,S,0.96,0.1152,0.12,0.15136080967773613,,,0.96,0.1152,29.026161199999997,29.02617500954204,107.63870420954201,1.61819,1.669155712939909,6.930844287060091
gen=33_member=5597_pso,50,storage_zminus_0p40,storage,Storage,S,0.96,0.1152,0.12,0.15136080967773613,,,0.96,0.1152,20.425457360000003,20.425447005160812,99.03797620516082,0.993719,1.0307080300507894,7.5692919699492105
gen=35_member=5926_pso,50,storage_zminus_0p40,storage,Storage,S,0.96,0.1152,0.12,0.15136080967773613,,,0.96,0.1152,28.758578399999998,28.75848621927199,107.371015419272,1.60584,1.6566666961484422,6.943333303851557
gen=42_member=7147_pso,50,storage_zminus_0p40,storage,Storage,S,0.96,0.1152,0.12,0.15136080967773613,,,0.96,0.1152,36.785394,36.78548226240043,115.39801146240043,4.12536,4.216884871500419,4.383115128499581
gen=47_member=7992_pso,50,storage_zminus_0p40,storage,Storage,S,0.96,0.1152,0.12,0.15136080967773613,,,0.96,0.1152,37.303181200000004,37.30318347661641,115.91571267661642,4.41535,4.509903681094714,4.090096318905285
gen=44_member=7479_pso,50,storage_zminus_0p40,storage,Storage,S,0.96,0.1152,0.12,0.15136080967773613,,,0.96,0.1152,29.72709,29.726992928553695,108.3395221285537,1.7727,1.8270976297062582,6.772902370293742
gen=46_member=7840_pso,50,storage_zminus_0p40,storage,Storage,S,0.96,0.1152,0.12,0.15136080967773613,,,0.96,0.1152,27.838414399999998,27.838357196260656,106.45088639626066,1.46259,1.510474417204843,7.089525582795156
gen=36_member=6076_pso,50,storage_zminus_0p40,storage,Storage,S,0.96,0.1152,0.12,0.15136080967773613,,,0.96,0.1152,37.071692,37.07165394641189,115.6841831464119,4.31441,4.408219930391241,4.191780069608758
gen=39_member=6576_pso,50,storage_zminus_0p40,storage,Storage,S,0.96,0.1152,0.12,0.15136080967773613,,,0.96,0.1152,24.576845199999998,24.57679423226629,103.18932343226629,1.21064,1.2539415202596018,7.346058479740398
gen=46_member=7833_pso,50,storage_zminus_0p40,storage,Storage,S,0.96,0.1152,0.12,0.15136080967773613,,,0.96,0.1152,30.2738412,30.273822445456965,108.88635164545695,1.83739,1.8929597056012688,6.70704029439873
gen=36_member=6039_pso,50,storage_zminus_0p40,storage,Storage,S,0.96,0.1152,0.12,0.15136080967773613,,,0.96,0.1152,34.2367848,34.236759922666806,112.84928912266682,2.88658,2.9608776154596255,5.639122384540374
gen=45_member=7630_pso,50,storage_zminus_0p40,storage,Storage,S,0.96,0.1152,0.12,0.15136080967773613,,,0.96,0.1152,20.27341864,20.273425248681576,98.88595444868157,0.964314,1.001706191059988,7.598293808940012
gen=41_member=7002_pso,50,storage_zminus_0p40,storage,Storage,S,0.96,0.1152,0.12,0.15136080967773613,,,0.96,0.1152,31.456018,31.456010064777686,110.0685392647777,2.09323,2.15334298830763,6.44665701169237
gen=44_member=7416_pso,50,storage_zminus_0p40,storage,Storage,S,0.96,0.1152,0.12,0.15136080967773613,,,0.96,0.1152,22.539562,22.53949283051267,101.15202203051267,1.03735,1.077668931580466,7.5223310684195335
gen=48_member=8130_pso,50,storage_zminus_0p40,storage,Storage,S,0.96,0.1152,0.12,0.15136080967773613,,,0.96,0.1152,30.2965668,30.29664546331896,108.90917466331896,1.8663,1.9221843774357776,6.677815622564222
gen=42_member=7150_pso,50,storage_zminus_0p40,storage,Storage,S,0.96,0.1152,0.12,0.15136080967773613,,,0.96,0.1152,23.0183592,23.018345966531463,101.63087516653145,1.08725,1.127017051397526,7.472982948602474
gen=46_member=7861_pso,50,storage_zminus_0p40,storage,Storage,S,0.96,0.1152,0.12,0.15136080967773613,,,0.96,0.1152,36.5779672,36.57795625745423,115.19048545745423,4.0076,4.0975422199924205,4.502457780007579
gen=47_member=8013_pso,50,storage_zminus_0p40,storage,Storage,S,0.96,0.1152,0.12,0.15136080967773613,,,0.96,0.1152,24.1898416,24.189885878306495,102.80241507830647,1.14776,1.190248816512025,7.409751183487975
gen=34_member=5833_pso,50,storage_zminus_0p40,storage,Storage,S,0.96,0.1152,0.12,0.15136080967773613,,,0.96,0.1152,37.0554276,37.05546674905064,115.66799594905063,4.29346,4.386599794737043,4.213400205262957
gen=29_member=4835_pso,50,storage_zminus_0p40,storage,Storage,S,0.96,0.1152,0.12,0.15136080967773613,,,0.96,0.1152,31.1628132,31.16289112554577,109.77542032554577,2.02499,2.0842234603178147,6.515776539682185
gen=43_member=7309_pso,50,storage_zminus_0p40,storage,Storage,S,0.96,0.1152,0.12,0.15136080967773613,,,0.96,0.1152,28.36244,28.362383210764136,106.97491241076413,1.53641,1.5858841589042836,7.014115841095716
gen=42_member=7162_pso,50,storage_zminus_0p40,storage,Storage,S,0.96,0.1152,0.12,0.15136080967773613,,,0.96,0.1152,34.2657488,34.265693983561704,112.87822318356172,2.92099,2.995550552523372,5.604449447476627
gen=43_member=7394_pso,50,storage_zminus_0p40,storage,Storage,S,0.96,0.1152,0.12,0.15136080967773613,,,0.96,0.1152,29.6994628,29.69937939750987,108.31190859750988,1.74092,1.794592419745182,6.805407580254817
gen=47_member=7994_pso,50,storage_zminus_0p40,storage,Storage,S,0.96,0.1152,0.12,0.15136080967773613,,,0.96,0.1152,27.7078536,27.707961235794844,106.32049043579485,1.42551,1.4729735529869028,7.127026447013097
gen=48_member=8212_pso,50,storage_zminus_0p40,storage,Storage,S,0.96,0.1152,0.12,0.15136080967773613,,,0.96,0.1152,25.5088176,25.50891213870453,104.12144133870451,1.2664,1.311134502779093,7.288865497220907
gen=34_member=5718_pso,50,storage_zminus_0p40,storage,Storage,S,0.96,0.1152,0.12,0.15136080967773613,,,0.96,0.1152,19.217970479999998,19.217975104740983,97.83050430474097,0.92753,0.9611168618643543,7.638883138135645
gen=40_member=6749_pso,50,storage_zminus_0p40,storage,Storage,S,0.96,0.1152,0.12,0.15136080967773613,,,0.96,0.1152,32.0337384,32.033822459218676,110.64635165921867,2.22633,2.288892687576234,6.311107312423766
gen=45_member=7712_pso,50,storage_zminus_0p40,storage,Storage,S,0.96,0.1152,0.12,0.15136080967773613,,,0.96,0.1152,31.9644476,31.96441941761888,110.57694861761888,2.20694,2.269118173389743,6.3308818266102564
gen=49_member=8286_pso,50,storage_zminus_0p40,storage,Storage,S,0.96,0.1152,0.12,0.15136080967773613,,,0.96,0.1152,31.885799199999997,31.88574680923485,110.49827600923484,2.18552,2.2474278253886393,6.35257217461136
gen=47_member=7987_pso,50,storage_zminus_0p40,storage,Storage,S,0.96,0.1152,0.12,0.15136080967773613,,,0.96,0.1152,32.3378604,32.3379503115816,110.95047951158162,2.30822,2.3719802191465313,6.228019780853469
gen=42_member=7104_pso,50,storage_zminus_0p40,storage,Storage,S,0.96,0.1152,0.12,0.15136080967773613,,,0.96,0.1152,37.1305112,37.1305477391165,115.7430769391165,4.35228,4.446402006121034,4.153597993878965
gen=44_member=7536_pso,50,storage_zminus_0p40,storage,Storage,S,0.96,0.1152,0.12,0.15136080967773613,,,0.96,0.1152,23.466855600000002,23.46684587614881,102.0793750761488,1.11985,1.160775148113624,7.439224851886376
gen=38_member=6480_pso,50,storage_zminus_0p40,storage,Storage,S,0.96,0.1152,0.12,0.15136080967773613,,,0.96,0.1152,31.4072248,31.407133065935877,110.01966226593586,2.07448,2.1351010426129076,6.464898957387092
gen=43_member=7269_pso,50,storage_zminus_0p40,storage,Storage,S,0.96,0.1152,0.12,0.15136080967773613,,,0.96,0.1152,36.833296,36.83339971387087,115.44592891387086,4.14372,4.235513260372025,4.364486739627974
gen=35_member=5948_pso,50,storage_zminus_0p40,storage,Storage,S,0.96,0.1152,0.12,0.15136080967773613,,,0.96,0.1152,37.07392,37.07384621264411,115.68637541264411,4.33924,4.432981863935836,4.167018136064164
gen=29_member=4871_pso,50,storage_zminus_0p40,storage,Storage,S,0.96,0.1152,0.12,0.15136080967773613,,,0.96,0.1152,17.843495,17.843497187733753,96.45602638773376,0.881544,0.914333102432722,7.685666897567278
gen=36_member=6031_pso,50,storage_zminus_0p40,storage,Storage,S,0.96,0.1152,0.12,0.15136080967773613,,,0.96,0.1152,31.3383796,31.338390787551674,109.95091998755169,2.05415,2.1141492934808492,6.48585070651915
gen=39_member=6689_pso,50,storage_zminus_0p40,storage,Storage,S,0.96,0.1152,0.12,0.15136080967773613,,,0.96,0.1152,29.4165068,29.416418185838467,108.02894738583845,1.67871,1.731071488936371,6.868928511063629
gen=46_member=7811_pso,50,storage_zminus_0p40,storage,Storage,S,0.96,0.1152,0.12,0.15136080967773613,,,0.96,0.1152,30.8479968,30.84800808580873,109.46053728580873,1.95962,2.017624239015926,6.582375760984074
gen=36_member=6150_pso,50,storage_zminus_0p40,storage,Storage,S,0.96,0.1152,0.12,0.15136080967773613,,,0.96,0.1152,29.510305600000002,29.510270949002532,108.12280014900254,1.71536,1.7684952929163187,6.831504707083681
gen=28_member=4698_pso,50,storage_zminus_0p40,storage,Storage,S,0.96,0.1152,0.12,0.15136080967773613,,,0.96,0.1152,19.62453592,19.62453473077234,98.23706393077234,0.948853,0.9851585981430382,7.614841401856961
gen=45_member=7580_pso,50,storage_zminus_0p40,storage,Storage,S,0.96,0.1152,0.12,0.15136080967773613,,,0.96,0.1152,29.4198488,29.41977376399195,108.03230296399194,1.6928,1.745346666652836,6.854653333347164
gen=37_member=6318_pso,50,storage_zminus_0p40,storage,Storage,S,0.96,0.1152,0.12,0.15136080967773613,,,0.96,0.1152,36.3585092,36.35850397821222,114.97103317821221,3.89263,3.9804781716289805,4.619521828371019
gen=39_member=6634_pso,50,storage_zminus_0p40,storage,Storage,S,0.96,0.1152,0.12,0.15136080967773613,,,0.96,0.1152,37.24659,37.24656995207669,115.8590991520767,4.3792,4.4734278548200415,4.126572145179958
gen=46_member=7788_pso,50,storage_zminus_0p40,storage,Storage,S,0.96,0.1152,0.12,0.15136080967773613,,,0.96,0.1152,32.533256,32.533172613400616,111.1457018134006,2.35444,2.4193845496067996,6.1806154503932
gen=46_member=7881_pso,50,storage_zminus_0p40,storage,Storage,S,0.96,0.1152,0.12,0.15136080967773613,,,0.96,0.1152,27.1929628,27.192862415219388,105.80539161521938,1.37653,1.4241599394567057,7.175840060543294
gen=27_member=4566_pso,50,storage_zminus_0p40,storage,Storage,S,0.96,0.1152,0.12,0.15136080967773613,,,0.96,0.1152,34.2026964,34.20265674649548,112.8151859464955,2.87573,2.9505971442723182,5.649402855727681
gen=39_member=6698_pso,50,storage_zminus_0p40,storage,Storage,S,0.96,0.1152,0.12,0.15136080967773613,,,0.96,0.1152,33.52026,33.52015097310551,112.13268017310553,2.6497,2.7198251460763596,5.88017485392364
gen=41_member=6986_pso,50,storage_zminus_0p40,storage,Storage,S,0.96,0.1152,0.12,0.15136080967773613,,,0.96,0.1152,35.7676436,35.767651554973604,114.38018075497361,3.58673,3.672196240322169,4.927803759677831
gen=41_member=6973_pso,50,storage_zminus_0p40,storage,Storage,S,0.96,0.1152,0.12,0.15136080967773613,,,0.96,0.1152,35.1593996,35.15947657236159,113.77200577236158,3.28388,3.36551289611938,5.234487103880619
gen=27_member=4568_pso,50,storage_zminus_0p40,storage,Storage,S,0.96,0.1152,0.12,0.15136080967773613,,,0.96,0.1152,32.5586552,32.558684654753776,111.17121385475377,2.37042,2.435189593872704,6.1648104061272955
gen=37_member=6357_pso,50,storage_zminus_0p40,storage,Storage,S,0.96,0.1152,0.12,0.15136080967773613,,,0.96,0.1152,32.625718,32.62572860768373,111.23825780768374,2.3887,2.454319306016382,6.145680693983618
gen=47_member=8006_pso,50,storage_zminus_0p40,storage,Storage,S,0.96,0.1152,0.12,0.15136080967773613,,,0.96,0.1152,36.7613316,36.761407828424296,115.37393702842431,4.09604,4.186222258761942,4.413777741238057
gen=41_member=6898_pso,50,storage_zminus_0p40,storage,Storage,S,0.96,0.1152,0.12,0.15136080967773613,,,0.96,0.1152,31.489438,31.489447863162184,110.10197706316218,2.11934,2.1803536177829805,6.419646382217019
gen=39_member=6668_pso,50,storage_zminus_0p40,storage,Storage,S,0.96,0.1152,0.12,0.15136080967773613,,,0.96,0.1152,33.933108399999995,33.933030846740984,112.545560046741,2.77099,2.843335199184284,5.756664800815716
gen=48_member=8200_pso,50,storage_zminus_0p40,storage,Storage,S,0.96,0.1152,0.12,0.15136080967773613,,,0.96,0.1152,34.8907028,34.89080581472363,113.50333501472363,3.16725,3.246903026383503,5.353096973616497
gen=32_member=5452_pso,50,storage_zminus_0p40,storage,Storage,S,0.96,0.1152,0.12,0.15136080967773613,,,0.96,0.1152,34.8474796,34.84753054005696,113.46005974005696,3.14182,3.220730392313165,5.379269607686835
gen=44_member=7522_pso,50,storage_zminus_0p40,storage,Storage,S,0.96,0.1152,0.12,0.15136080967773613,,,0.96,0.1152,33.1631116,33.16311565476033,111.77564485476033,2.53937,2.60733199852593,5.99266800147407
gen=45_member=7699_pso,50,storage_zminus_0p40,storage,Storage,S,0.96,0.1152,0.12,0.15136080967773613,,,0.96,0.1152,25.6714616,25.671464649350018,104.28399384935003,1.28466,1.3287625088004151,7.271237491199584
gen=38_member=6478_pso,50,storage_zminus_0p40,storage,Storage,S,0.96,0.1152,0.12,0.15136080967773613,,,0.96,0.1152,35.2785976,35.27857906393331,113.8911082639333,3.35376,3.4364252464897724,5.163574753510227
gen=48_member=8105_pso,50,storage_zminus_0p40,storage,Storage,S,0.96,0.1152,0.12,0.15136080967773613,,,0.96,0.1152,36.5527908,36.55273076856624,115.16525996856623,3.9902,4.079431808687712,4.520568191312288
gen=47_member=7995_pso,50,storage_zminus_0p40,storage,Storage,S,0.96,0.1152,0.12,0.15136080967773613,,,0.96,0.1152,36.497536399999994,36.49744644974915,115.10997564974916,3.97511,4.065310736261669,4.534689263738331
gen=38_member=6507_pso,50,storage_zminus_0p40,storage,Storage,S,0.96,0.1152,0.12,0.15136080967773613,,,0.96,0.1152,36.2430988,36.243072285057984,114.85560148505799,3.82686,3.914115508893202,4.685884491106798
gen=47_member=8017_pso,50,storage_zminus_0p40,storage,Storage,S,0.96,0.1152,0.12,0.15136080967773613,,,0.96,0.1152,26.3334004,26.33332130996634,104.94585050996633,1.31111,1.3567096231066451,7.243290376893355
gen=28_member=4806_pso,50,storage_zminus_0p40,storage,Storage,S,0.96,0.1152,0.12,0.15136080967773613,,,0.96,0.1152,36.335338,36.335363024535646,114.94789222453565,3.87574,3.963414618456165,4.636585381543835
gen=33_member=5559_pso,50,storage_zminus_0p40,storage,Storage,S,0.96,0.1152,0.12,0.15136080967773613,,,0.96,0.1152,32.1440244,32.1440689013816,110.7565981013816,2.27771,2.3416056918676915,6.258394308132308
gen=28_member=4728_pso,50,storage_zminus_0p40,storage,Storage,S,0.96,0.1152,0.12,0.15136080967773613,,,0.96,0.1152,25.063886,25.063855919912235,103.67638511991223,1.21593,1.2596977429222456,7.340302257077754
gen=30_member=4999_pso,50,storage_zminus_0p40,storage,Storage,S,0.96,0.1152,0.12,0.15136080967773613,,,0.96,0.1152,33.9879172,33.98794532305361,112.60047452305362,2.78942,2.862958119841617,5.737041880158383
gen=47_member=7949_pso,50,storage_zminus_0p40,storage,Storage,S,0.96,0.1152,0.12,0.15136080967773613,,,0.96,0.1152,31.069014399999997,31.068968509771572,109.68149770977158,1.99378,2.0524784892904697,6.5475215107095295
gen=37_member=6216_pso,50,storage_zminus_0p40,storage,Storage,S,0.96,0.1152,0.12,0.15136080967773613,,,0.96,0.1152,34.7610332,34.76111558406628,113.37364478406629,3.104,3.1818868124070123,5.418113187592987
gen=35_member=5892_pso,50,storage_zminus_0p40,storage,Storage,S,0.96,0.1152,0.12,0.15136080967773613,,,0.96,0.1152,33.624976,33.6250096550061,112.23753885500611,2.6693,2.7398132438240417,5.860186756175958
gen=47_member=7933_pso,50,storage_zminus_0p40,storage,Storage,S,0.96,0.1152,0.12,0.15136080967773613,,,0.96,0.1152,26.4996092,26.49956968298791,105.11209888298791,1.3367,1.3826911012995768,7.217308898700423
gen=42_member=7127_pso,50,storage_zminus_0p40,storage,Storage,S,0.96,0.1152,0.12,0.15136080967773613,,,0.96,0.1152,33.1831636,33.183068642146345,111.79559784214636,2.56094,2.629435601156355,5.970564398843645
gen=46_member=7815_pso,50,storage_zminus_0p40,storage,Storage,S,0.96,0.1152,0.12,0.15136080967773613,,,0.96,0.1152,30.2096748,30.209600453547942,108.82212965354798,1.82093,1.8760892866166354,6.723910713383364
gen=41_member=6988_pso,50,storage_zminus_0p40,storage,Storage,S,0.96,0.1152,0.12,0.15136080967773613,,,0.96,0.1152,27.9351096,27.935094147883344,106.54762334788336,1.48478,1.5335532618577588,7.066446738142241
gen=39_member=6630_pso,50,storage_zminus_0p40,storage,Storage,S,0.96,0.1152,0.12,0.15136080967773613,,,0.96,0.1152,32.2866164,32.28667995166453,110.89920915166454,2.28023,2.3432868542971654,6.256713145702834
gen=46_member=7750_pso,50,storage_zminus_0p40,storage,Storage,S,0.96,0.1152,0.12,0.15136080967773613,,,0.96,0.1152,33.3573932,33.35737322320111,111.9699024232011,2.61481,2.68524616328692,5.91475383671308
gen=47_member=8066_pso,50,storage_zminus_0p40,storage,Storage,S,0.96,0.1152,0.12,0.15136080967773613,,,0.96,0.1152,36.1452896,36.14526258672567,114.75779178672568,3.76811,3.8547686005199755,4.745231399480025
gen=49_member=8375_pso,50,storage_zminus_0p40,storage,Storage,S,0.96,0.1152,0.12,0.15136080967773613,,,0.96,0.1152,33.014504,33.01442462041577,111.62695382041578,2.48535,2.5523139528174736,6.047686047182526
gen=48_member=8129_pso,50,storage_zminus_0p40,storage,Storage,S,0.96,0.1152,0.12,0.15136080967773613,,,0.96,0.1152,36.633444399999995,36.63353389800296,115.24606309800296,4.0627,4.152506138269584,4.447493861730416
gen=39_member=6585_pso,50,storage_zminus_0p40,storage,Storage,S,0.96,0.1152,0.12,0.15136080967773613,,,0.96,0.1152,34.7828676,34.78292178056862,113.39545098056861,3.109,3.186808586661035,5.413191413338964
gen=47_member=8011_pso,50,storage_zminus_0p40,storage,Storage,S,0.96,0.1152,0.12,0.15136080967773613,,,0.96,0.1152,35.1213008,35.12122980345115,113.73375900345114,3.26403,3.3451438538944687,5.254856146105531
gen=40_member=6726_pso,50,storage_zminus_0p40,storage,Storage,S,0.96,0.1152,0.12,0.15136080967773613,,,0.96,0.1152,31.242575600000002,31.242517549639818,109.85504674963983,2.03707,2.096623308614636,6.5033766913853635
gen=44_member=7543_pso,50,storage_zminus_0p40,storage,Storage,S,0.96,0.1152,0.12,0.15136080967773613,,,0.96,0.1152,35.1870268,35.18705597340057,113.79958517340057,3.29833,3.3801293386516558,5.219870661348343
gen=43_member=7287_pso,50,storage_zminus_0p40,storage,Storage,S,0.96,0.1152,0.12,0.15136080967773613,,,0.96,0.1152,33.646587600000004,33.64656535247972,112.25909455247972,2.68124,2.751890298209973,5.848109701790026
gen=41_member=6982_pso,50,storage_zminus_0p40,storage,Storage,S,0.96,0.1152,0.12,0.15136080967773613,,,0.96,0.1152,36.2787468,36.278668778733376,114.89119797873339,3.84028,3.928054447139112,4.671945552860888
gen=33_member=5577_pso,50,storage_zminus_0p40,storage,Storage,S,0.96,0.1152,0.12,0.15136080967773613,,,0.96,0.1152,34.0012852,34.00137781832889,112.6139070183289,2.80281,2.877150081264027,5.722849918735973
gen=48_member=8183_pso,50,storage_zminus_0p40,storage,Storage,S,0.96,0.1152,0.12,0.15136080967773613,,,0.96,0.1152,34.7057788,34.70587203703935,113.31840123703935,3.0773,3.1543950238418623,5.445604976158137
gen=48_member=8234_pso,50,storage_zminus_0p40,storage,Storage,S,0.96,0.1152,0.12,0.15136080967773613,,,0.96,0.1152,23.7818948,23.781937390842728,102.39446659084273,1.1268,1.1678105334932316,7.4321894665067685
gen=42_member=7080_pso,50,storage_zminus_0p40,storage,Storage,S,0.96,0.1152,0.12,0.15136080967773613,,,0.96,0.1152,35.2182188,35.21819334968434,113.83072254968432,3.313,3.3950399098228474,5.204960090177153
gen=47_member=8007_pso,50,storage_zminus_0p40,storage,Storage,S,0.96,0.1152,0.12,0.15136080967773613,,,0.96,0.1152,34.1347424,34.13470291303967,112.74723211303967,2.85212,2.9274086662823984,5.672591333717602
gen=35_member=5961_pso,50,storage_zminus_0p40,storage,Storage,S,0.96,0.1152,0.12,0.15136080967773613,,,0.96,0.1152,36.8771876,36.87726444522587,115.48979364522586,4.16397,4.255300282685725,4.344699717314275
gen=31_member=5281_pso,50,storage_zminus_0p40,storage,Storage,S,0.96,0.1152,0.12,0.15136080967773613,,,0.96,0.1152,33.1156552,33.11569694121411,111.72822614121412,2.52766,2.5954673993762847,6.004532600623715
gen=44_member=7417_pso,50,storage_zminus_0p40,storage,Storage,S,0.96,0.1152,0.12,0.15136080967773613,,,0.96,0.1152,28.040048399999996,28.04007293817745,106.65260213817746,1.50233,1.5511774858777647,7.048822514122235
gen=32_member=5429_pso,50,storage_zminus_0p40,storage,Storage,S,0.96,0.1152,0.12,0.15136080967773613,,,0.96,0.1152,36.214580399999996,36.214597535229515,114.82712673522953,3.8078,3.895111015407439,4.704888984592561
gen=37_member=6347_pso,50,storage_zminus_0p40,storage,Storage,S,0.96,0.1152,0.12,0.15136080967773613,,,0.96,0.1152,35.6629276,35.66303769617801,114.275566896178,3.52921,3.6137751499521915,4.986224850047808
gen=42_member=7094_pso,50,storage_zminus_0p40,storage,Storage,S,0.96,0.1152,0.12,0.15136080967773613,,,0.96,0.1152,32.7239728,32.72396444274264,111.33649364274265,2.40462,2.4700141891492966,6.1299858108507035
gen=45_member=7577_pso,50,storage_zminus_0p40,storage,Storage,S,0.96,0.1152,0.12,0.15136080967773613,,,0.96,0.1152,33.348481199999995,33.348578128286576,111.96110732828657,2.59343,2.6624556419058716,5.937544358094128
gen=38_member=6402_pso,50,storage_zminus_0p40,storage,Storage,S,0.96,0.1152,0.12,0.15136080967773613,,,0.96,0.1152,30.511791600000002,30.51186014513365,109.12438934513365,1.8927,1.9494289350514804,6.650571064948519
gen=31_member=5196_pso,50,storage_zminus_0p40,storage,Storage,S,0.96,0.1152,0.12,0.15136080967773613,,,0.96,0.1152,37.154128,37.154036317385696,115.76656551738569,4.37901,4.4730126750344095,4.12698732496559
gen=41_member=6995_pso,50,storage_zminus_0p40,storage,Storage,S,0.96,0.1152,0.12,0.15136080967773613,,,0.96,0.1152,33.0581728,33.05810757863159,111.6706367786316,2.50823,2.5755989719556585,6.024401028044341
gen=39_member=6611_pso,50,storage_zminus_0p40,storage,Storage,S,0.96,0.1152,0.12,0.15136080967773613,,,0.96,0.1152,35.8961992,35.89623286365389,114.5087620636539,3.66312,3.748569174543034,4.851430825456966
gen=49_member=8310_pso,50,storage_zminus_0p40,storage,Storage,S,0.96,0.1152,0.12,0.15136080967773613,,,0.96,0.1152,30.436708,30.43676948862573,109.04929868862573,1.88142,1.93816719783926,6.66183280216074
gen=41_member=6917_pso,50,storage_zminus_0p40,storage,Storage,S,0.96,0.1152,0.12,0.15136080967773613,,,0.96,0.1152,30.7027312,30.7026693264571,109.3151985264571,1.93448,1.991894709585514,6.6081052904144855
gen=42_member=7156_pso,50,storage_zminus_0p40,storage,Storage,S,0.96,0.1152,0.12,0.15136080967773613,,,0.96,0.1152,30.610492,30.610510708305725,109.22303990830572,1.91823,1.975450802623404,6.624549197376596
gen=29_member=4898_pso,50,storage_zminus_0p40,storage,Storage,S,0.96,0.1152,0.12,0.15136080967773613,,,0.96,0.1152,35.9271684,35.92717187396659,114.5397010739666,3.68037,3.7675987484286493,4.83240125157135
gen=47_member=7961_pso,50,storage_zminus_0p40,storage,Storage,S,0.96,0.1152,0.12,0.15136080967773613,,,0.96,0.1152,32.81844,32.81846706326812,111.43099626326813,2.42627,2.492203399956845,6.107796600043155
gen=31_member=5213_pso,50,storage_zminus_0p40,storage,Storage,S,0.96,0.1152,0.12,0.15136080967773613,,,0.96,0.1152,34.374698,34.37459988167344,112.98712908167344,2.94698,3.021640389538614,5.578359610461385
gen=33_member=5529_pso,50,storage_zminus_0p40,storage,Storage,S,0.96,0.1152,0.12,0.15136080967773613,,,0.96,0.1152,18.329822840000002,18.32982475749499,96.94235395749497,0.902294,0.9358848603940655,7.664115139605935
gen=41_member=6902_pso,50,storage_zminus_0p40,storage,Storage,S,0.96,0.1152,0.12,0.15136080967773613,,,0.96,0.1152,29.628389600000002,29.628353465378915,108.24088266537892,1.72975,1.7832144953739164,6.8167855046260835
gen=43_member=7373_pso,50,storage_zminus_0p40,storage,Storage,S,0.96,0.1152,0.12,0.15136080967773613,,,0.96,0.1152,30.566823199999998,30.566917442941545,109.17944664294156,1.90841,1.9654849163455348,6.634515083654465
gen=43_member=7354_pso,50,storage_zminus_0p40,storage,Storage,S,0.96,0.1152,0.12,0.15136080967773613,,,0.96,0.1152,36.3656388,36.365559376347385,114.97808857634739,3.91205,4.0004447313654,4.5995552686345995
gen=48_member=8255_pso,50,storage_zminus_0p40,storage,Storage,S,0.96,0.1152,0.12,0.15136080967773613,,,0.96,0.1152,18.692073360000002,18.692080334260165,97.30460953426017,0.907206,0.9410052414336507,7.658994758566349
gen=38_member=6443_pso,50,storage_zminus_0p40,storage,Storage,S,0.96,0.1152,0.12,0.15136080967773613,,,0.96,0.1152,31.6712428,31.67115470758055,110.28368390758054,2.14746,2.2085884595619314,6.391411540438068
gen=47_member=7988_pso,50,storage_zminus_0p40,storage,Storage,S,0.96,0.1152,0.12,0.15136080967773613,,,0.96,0.1152,30.769794,30.769795007202468,109.38232420720249,1.94462,2.002360426907852,6.597639573092147
gen=37_member=6360_pso,50,storage_zminus_0p40,storage,Storage,S,0.96,0.1152,0.12,0.15136080967773613,,,0.96,0.1152,28.05609,28.056013799679008,106.668542999679,1.51193,1.5617032602549723,7.038296739745027
gen=48_member=8171_pso,50,storage_zminus_0p40,storage,Storage,S,0.96,0.1152,0.12,0.15136080967773613,,,0.96,0.1152,34.994082,34.99403631605541,113.60656551605543,3.20978,3.290131584529607,5.309868415470392
gen=45_member=7732_pso,50,storage_zminus_0p40,storage,Storage,S,0.96,0.1152,0.12,0.15136080967773613,,,0.96,0.1152,28.232101999999998,28.232171596528566,106.84470079652857,1.52704,1.5763540491158468,7.023645950884153
gen=35_member=5956_pso,50,storage_zminus_0p40,storage,Storage,S,0.96,0.1152,0.12,0.15136080967773613,,,0.96,0.1152,34.0774828,34.07740547464268,112.6899346746427,2.82984,2.9050570694904145,5.694942930509585
gen=45_member=7623_pso,50,storage_zminus_0p40,storage,Storage,S,0.96,0.1152,0.12,0.15136080967773613,,,0.96,0.1152,26.867897600000003,26.867886619436277,105.48041581943627,1.35875,1.4057122804313626,7.194287719568637
gen=34_member=5765_pso,50,storage_zminus_0p40,storage,Storage,S,0.96,0.1152,0.12,0.15136080967773613,,,0.96,0.1152,30.9233032,30.92338623359191,109.5359154335919,1.98173,2.0400842220427955,6.559915777957205
gen=38_member=6501_pso,50,storage_zminus_0p40,storage,Storage,S,0.96,0.1152,0.12,0.15136080967773613,,,0.96,0.1152,32.3964568,32.396349530682755,111.00887873068277,2.32041,2.3845385126567953,6.215461487343204
gen=48_member=8203_pso,50,storage_zminus_0p40,storage,Storage,S,0.96,0.1152,0.12,0.15136080967773613,,,0.96,0.1152,32.4539392,32.453841272609736,111.06637047260975,2.33521,2.3994653925594007,6.2005346074405985
gen=47_member=7974_pso,50,storage_zminus_0p40,storage,Storage,S,0.96,0.1152,0.12,0.15136080967773613,,,0.96,0.1152,35.0424296,35.04236881028093,113.65489801028093,3.23167,3.3124746445253193,5.28752535547468
gen=42_member=7123_pso,50,storage_zminus_0p40,storage,Storage,S,0.96,0.1152,0.12,0.15136080967773613,,,0.96,0.1152,34.3967552,34.396745119239434,113.00927431923942,2.95964,3.0339138339414604,5.56608616605854
gen=30_member=5110_pso,50,storage_zminus_0p40,storage,Storage,S,0.96,0.1152,0.12,0.15136080967773613,,,0.96,0.1152,36.395271199999996,36.39534938259375,115.00787858259373,3.93251,4.020924059712094,4.579075940287906
gen=40_member=6879_pso,50,storage_zminus_0p40,storage,Storage,S,0.96,0.1152,0.12,0.15136080967773613,,,0.96,0.1152,35.52546,35.52547804840835,114.13800724840836,3.47595,3.5604948108376995,5.0395051891623
gen=31_member=5217_pso,50,storage_zminus_0p40,storage,Storage,S,0.96,0.1152,0.12,0.15136080967773613,,,0.96,0.1152,36.452308,36.4522647735805,115.0647939735805,3.94088,4.030188701437945,4.569811298562055
gen=42_member=7215_pso,50,storage_zminus_0p40,storage,Storage,S,0.96,0.1152,0.12,0.15136080967773613,,,0.96,0.1152,34.9225632,34.92253563470857,113.53506483470858,3.17583,3.2552130247620648,5.344786975237935
gen=37_member=6211_pso,50,storage_zminus_0p40,storage,Storage,S,0.96,0.1152,0.12,0.15136080967773613,,,0.96,0.1152,20.656456399999996,20.656455308041814,99.26898450804181,1.01369,1.0507209944488958,7.549279005551104
gen=40_member=6803_pso,50,storage_zminus_0p40,storage,Storage,S,0.96,0.1152,0.12,0.15136080967773613,,,0.96,0.1152,33.8223768,33.822321012801254,112.43485021280125,2.72359,2.7951392342473924,5.804860765752608
gen=30_member=5155_pso,50,storage_zminus_0p40,storage,Storage,S,0.96,0.1152,0.12,0.15136080967773613,,,0.96,0.1152,34.1209288,34.12094915647915,112.73347835647915,2.84803,2.9210209277141814,5.678979072285818
gen=32_member=5405_pso,50,storage_zminus_0p40,storage,Storage,S,0.96,0.1152,0.12,0.15136080967773613,,,0.96,0.1152,27.866487199999998,27.866536503306772,106.47906570330677,1.47179,1.5210371231045032,7.078962876895496
gen=37_member=6224_pso,50,storage_zminus_0p40,storage,Storage,S,0.96,0.1152,0.12,0.15136080967773613,,,0.96,0.1152,35.2442864,35.24434680969291,113.85687600969291,3.32624,3.4084990416704737,5.1915009583295255
gen=36_member=6188_pso,50,storage_zminus_0p40,storage,Storage,S,0.96,0.1152,0.12,0.15136080967773613,,,0.96,0.1152,26.545060399999997,26.54503702240775,105.15756622240775,1.34227,1.3880002690990672,7.211999730900932
gen=44_member=7508_pso,50,storage_zminus_0p40,storage,Storage,S,0.96,0.1152,0.12,0.15136080967773613,,,0.96,0.1152,35.030844,35.030748929325185,113.64327812932517,3.22133,3.3019169243146695,5.29808307568533
gen=48_member=8233_pso,50,storage_zminus_0p40,storage,Storage,S,0.96,0.1152,0.12,0.15136080967773613,,,0.96,0.1152,34.676369199999996,34.67641402474263,113.28894322474264,3.06245,3.139281438113872,5.460718561886128
gen=27_member=4602_pso,50,storage_zminus_0p40,storage,Storage,S,0.96,0.1152,0.12,0.15136080967773613,,,0.96,0.1152,31.533998,31.534063129350688,110.1465923293507,2.12737,2.188817020207647,6.411182979792352
gen=34_member=5714_pso,50,storage_zminus_0p40,storage,Storage,S,0.96,0.1152,0.12,0.15136080967773613,,,0.96,0.1152,35.2895148,35.289422752427136,113.90195195242715,3.37452,3.453931073546154,5.146068926453846
gen=33_member=5592_pso,50,storage_zminus_0p40,storage,Storage,S,0.96,0.1152,0.12,0.15136080967773613,,,0.96,0.1152,32.9057776,32.90581117439859,111.5183403743986,2.46009,2.526523990513936,6.073476009486064
gen=46_member=7897_pso,50,storage_zminus_0p40,storage,Storage,S,0.96,0.1152,0.12,0.15136080967773613,,,0.96,0.1152,34.6601048,34.66001472979494,113.27254392979495,3.05438,3.130708944371548,5.469291055628451
gen=44_member=7516_pso,50,storage_zminus_0p40,storage,Storage,S,0.96,0.1152,0.12,0.15136080967773613,,,0.96,0.1152,36.109196,36.10912532430648,114.72165452430647,3.75377,3.8401936645198345,4.759806335480166
gen=47_member=8023_pso,50,storage_zminus_0p40,storage,Storage,S,0.96,0.1152,0.12,0.15136080967773613,,,0.96,0.1152,36.075776,36.0756878960716,114.68821709607163,3.73629,3.8224474707242404,4.777552529275759
gen=43_member=7367_pso,50,storage_zminus_0p40,storage,Storage,S,0.96,0.1152,0.12,0.15136080967773613,,,0.96,0.1152,35.8665668,35.86655852747779,114.47908772747779,3.64645,3.7325862124876017,4.8674137875123975
gen=41_member=6969_pso,50,storage_zminus_0p40,storage,Storage,S,0.96,0.1152,0.12,0.15136080967773613,,,0.96,0.1152,34.0139848,34.01408910075473,112.62661830075474,2.81773,2.8926673190005845,5.707332680999415
gen=34_member=5825_pso,50,storage_zminus_0p40,storage,Storage,S,0.96,0.1152,0.12,0.15136080967773613,,,0.96,0.1152,21.687307439999998,21.6872977704652,100.29982697046519,1.03166,1.070055166461656,7.529944833538344
gen=40_member=6799_pso,50,storage_zminus_0p40,storage,Storage,S,0.96,0.1152,0.12,0.15136080967773613,,,0.96,0.1152,34.952641199999995,34.952751930942966,113.56528113094296,3.18988,3.2698576237841714,5.330142376215829
gen=36_member=6120_pso,50,storage_zminus_0p40,storage,Storage,S,0.96,0.1152,0.12,0.15136080967773613,,,0.96,0.1152,35.9581376,35.95802982865704,114.57055902865704,3.68918,3.77477881085908,4.82522118914092
gen=43_member=7295_pso,50,storage_zminus_0p40,storage,Storage,S,0.96,0.1152,0.12,0.15136080967773613,,,0.96,0.1152,35.5167708,35.51686845465705,114.12939765465704,3.46262,3.5459033297520666,5.054096670247933
gen=37_member=6202_pso,50,storage_zminus_0p40,storage,Storage,S,0.96,0.1152,0.12,0.15136080967773613,,,0.96,0.1152,29.765634399999996,29.765572548609313,108.37810174860931,1.7877,1.8422143348586708,6.757785665141329
gen=41_member=6991_pso,50,storage_zminus_0p40,storage,Storage,S,0.96,0.1152,0.12,0.15136080967773613,,,0.96,0.1152,36.3934888,36.393381324833584,115.00591052483358,3.91812,4.007222147921127,4.592777852078872
gen=34_member=5786_pso,50,storage_zminus_0p40,storage,Storage,S,0.96,0.1152,0.12,0.15136080967773613,,,0.96,0.1152,35.6983528,35.69845644451818,114.31098564451818,3.5556,3.64071365081378,4.95928634918622
gen=46_member=7820_pso,50,storage_zminus_0p40,storage,Storage,S,0.96,0.1152,0.12,0.15136080967773613,,,0.96,0.1152,35.8603284,35.860377441964175,114.47290664196417,3.63264,3.718108028984325,4.8818919710156745
gen=49_member=8399_pso,50,storage_zminus_0p40,storage,Storage,S,0.96,0.1152,0.12,0.15136080967773613,,,0.96,0.1152,35.851862,35.85181623963164,114.46434543963164,3.62622,3.7115800554477505,4.888419944552249
gen=34_member=5808_pso,50,storage_zminus_0p40,storage,Storage,S,0.96,0.1152,0.12,0.15136080967773613,,,0.96,0.1152,36.496199600000004,36.496093279758526,115.10862247975852,3.95771,4.046254693378349,4.553745306621651
gen=43_member=7329_pso,50,storage_zminus_0p40,storage,Storage,S,0.96,0.1152,0.12,0.15136080967773613,,,0.96,0.1152,34.9811596,34.981147257172495,113.59367645717249,3.19666,3.2767727103308273,5.323227289669172
gen=42_member=7088_pso,50,storage_zminus_0p40,storage,Storage,S,0.96,0.1152,0.12,0.15136080967773613,,,0.96,0.1152,35.7903692,35.79047148072272,114.40300068072271,3.60323,3.6885627343085408,4.911437265691459
gen=45_member=7708_pso,50,storage_zminus_0p40,storage,Storage,S,0.96,0.1152,0.12,0.15136080967773613,,,0.96,0.1152,33.8571336,33.85718549462576,112.46971469462578,2.7429,2.8150774301338775,5.784922569866122
gen=32_member=5495_pso,50,storage_zminus_0p40,storage,Storage,S,0.96,0.1152,0.12,0.15136080967773613,,,0.96,0.1152,25.922334399999997,25.92224315458362,104.53477235458361,1.29931,1.34468976255063,7.25531023744937
gen=41_member=6992_pso,50,storage_zminus_0p40,storage,Storage,S,0.96,0.1152,0.12,0.15136080967773613,,,0.96,0.1152,35.8253488,35.82539989519937,114.43792909519937,3.61253,3.6976912567601268,4.902308743239873
gen=44_member=7474_pso,50,storage_zminus_0p40,storage,Storage,S,0.96,0.1152,0.12,0.15136080967773613,,,0.96,0.1152,35.6065592,35.60659604089044,114.21912524089045,3.50006,3.5845775335558745,5.015422466444125
gen=38_member=6529_pso,50,storage_zminus_0p40,storage,Storage,S,0.96,0.1152,0.12,0.15136080967773613,,,0.96,0.1152,34.6110888,34.611036113818564,113.22356531381857,3.04111,3.1171909965893363,5.482809003410663
gen=38_member=6418_pso,50,storage_zminus_0p40,storage,Storage,S,0.96,0.1152,0.12,0.15136080967773613,,,0.96,0.1152,34.4430976,34.443010318174956,113.05553951817497,2.97833,3.052993592960668,5.547006407039332
gen=42_member=7193_pso,50,storage_zminus_0p40,storage,Storage,S,0.96,0.1152,0.12,0.15136080967773613,,,0.96,0.1152,33.445622,33.44556490244684,112.05809410244683,2.62386,2.693636813470158,5.906363186529841
gen=40_member=6846_pso,50,storage_zminus_0p40,storage,Storage,S,0.96,0.1152,0.12,0.15136080967773613,,,0.96,0.1152,33.0759968,33.07610629167887,111.68863549167887,2.5122,2.5800398738293078,6.019960126170692
gen=42_member=7137_pso,50,storage_zminus_0p40,storage,Storage,S,0.96,0.1152,0.12,0.15136080967773613,,,0.96,0.1152,31.799798399999997,31.799870105395673,110.41239930539568,2.16651,2.228321548555364,6.371678451444636
gen=41_member=6951_pso,50,storage_zminus_0p40,storage,Storage,S,0.96,0.1152,0.12,0.15136080967773613,,,0.96,0.1152,31.7882128,31.788273688982024,110.40080288898203,2.16614,2.2272264043314625,6.372773595668537
gen=44_member=7514_pso,50,storage_zminus_0p40,storage,Storage,S,0.96,0.1152,0.12,0.15136080967773613,,,0.96,0.1152,34.407672399999996,34.40775328560086,113.02028248560086,2.96984,3.044749626208214,5.555250373791786
gen=26_member=4423_pso,50,storage_zminus_0p40,storage,Storage,S,0.96,0.1152,0.12,0.15136080967773613,,,0.96,0.1152,32.826238,32.826298754166096,111.43882795416609,2.44423,2.5103944871412867,6.0896055128587125
gen=30_member=5151_pso,50,storage_zminus_0p40,storage,Storage,S,0.96,0.1152,0.12,0.15136080967773613,,,0.96,0.1152,36.297461999999996,36.297392702126395,114.9099219021264,3.85519,3.942740054318031,4.657259945681968
gen=36_member=6144_pso,50,storage_zminus_0p40,storage,Storage,S,0.96,0.1152,0.12,0.15136080967773613,,,0.96,0.1152,34.510605999999996,34.510550189225945,113.12307938922596,3.00686,3.0821166759027245,5.517883324097275
gen=41_member=6946_pso,50,storage_zminus_0p40,storage,Storage,S,0.96,0.1152,0.12,0.15136080967773613,,,0.96,0.1152,35.683425199999995,35.683385394119824,114.29591459411984,3.5443,3.6290576840481825,4.970942315951817
gen=43_member=7239_pso,50,storage_zminus_0p40,storage,Storage,S,0.96,0.1152,0.12,0.15136080967773613,,,0.96,0.1152,35.7208556,35.72083483075705,114.33336403075705,3.56889,3.6540465254697434,4.945953474530256
gen=20_member=3413_pso,50,storage_zminus_0p40,storage,Storage,S,0.96,0.1152,0.12,0.15136080967773613,,,0.96,0.1152,32.9545708,32.95461211746549,111.5671413174655,2.47644,2.543259888636386,6.056740111363613
gen=35_member=5913_pso,50,storage_zminus_0p40,storage,Storage,S,0.96,0.1152,0.12,0.15136080967773613,,,0.96,0.1152,21.26195996,21.261970620979778,99.87449982097976,1.01633,1.054092642628993,7.545907357371007
gen=47_member=7945_pso,50,storage_zminus_0p40,storage,Storage,S,0.96,0.1152,0.12,0.15136080967773613,,,0.96,0.1152,34.610420399999995,34.610460392456865,113.22298959245687,3.03486,3.1107693020929847,5.489230697907015
gen=31_member=5214_pso,50,storage_zminus_0p40,storage,Storage,S,0.96,0.1152,0.12,0.15136080967773613,,,0.96,0.1152,35.4428012,35.44276706150495,114.05529626150495,3.42253,3.5062397864209864,5.093760213579014
gen=35_member=5893_pso,50,storage_zminus_0p40,storage,Storage,S,0.96,0.1152,0.12,0.15136080967773613,,,0.96,0.1152,16.002053,16.002041893722712,94.61457109372272,0.813288,0.8435623123810355,7.7564376876189645
gen=42_member=7082_pso,50,storage_zminus_0p40,storage,Storage,S,0.96,0.1152,0.12,0.15136080967773613,,,0.96,0.1152,33.697386,33.697411190937146,112.30994039093714,2.69841,2.7695180333935245,5.8304819666064756
gen=44_member=7534_pso,50,storage_zminus_0p40,storage,Storage,S,0.96,0.1152,0.12,0.15136080967773613,,,0.96,0.1152,34.346848,34.34682017838482,112.95934937838484,2.93385,3.0080712520417823,5.591928747958217
gen=45_member=7645_pso,50,storage_zminus_0p40,storage,Storage,S,0.96,0.1152,0.12,0.15136080967773613,,,0.96,0.1152,35.619036,35.61911037390231,114.23163957390231,3.51669,3.6011936017725144,4.998806398227485
gen=39_member=6590_pso,50,storage_zminus_0p40,storage,Storage,S,0.96,0.1152,0.12,0.15136080967773613,,,0.96,0.1152,36.736378,36.73640015568762,115.3489293556876,4.09121,4.18131827117439,4.41868172882561
gen=38_member=6398_pso,50,storage_zminus_0p40,storage,Storage,S,0.96,0.1152,0.12,0.15136080967773613,,,0.96,0.1152,35.0974612,35.09741973001883,113.70994893001883,3.25449,3.335603207813774,5.264396792186226
gen=45_member=7594_pso,50,storage_zminus_0p40,storage,Storage,S,0.96,0.1152,0.12,0.15136080967773613,,,0.96,0.1152,36.3103844,36.31039554746737,114.92292474746739,3.8606,3.9481569762447006,4.6518430237552995
gen=48_member=8227_pso,50,storage_zminus_0p40,storage,Storage,S,0.96,0.1152,0.12,0.15136080967773613,,,0.96,0.1152,33.9072636,33.90734269461019,112.51987189461022,2.7553,2.8277616337163862,5.772238366283613
gen=30_member=5150_pso,50,storage_zminus_0p40,storage,Storage,S,0.96,0.1152,0.12,0.15136080967773613,,,0.96,0.1152,36.47793,36.47794126781239,115.0904704678124,3.95517,4.043777747283359,4.5562222527166405
gen=49_member=8327_pso,50,storage_zminus_0p40,storage,Storage,S,0.96,0.1152,0.12,0.15136080967773613,,,0.96,0.1152,30.106963999999998,30.10695679161178,108.71948599161179,1.80674,1.862070896769441,6.737929103230559
gen=43_member=7261_pso,50,storage_zminus_0p40,storage,Storage,S,0.96,0.1152,0.12,0.15136080967773613,,,0.96,0.1152,34.4863208,34.48623759426499,113.09876679426499,2.98936,3.0642471297956537,5.535752870204346
gen=36_member=6133_pso,50,storage_zminus_0p40,storage,Storage,S,0.96,0.1152,0.12,0.15136080967773613,,,0.96,0.1152,35.8721368,35.87203034437702,114.48455954437703,3.65379,3.7394059465639726,4.860594053436027
gen=41_member=6892_pso,50,storage_zminus_0p40,storage,Storage,S,0.96,0.1152,0.12,0.15136080967773613,,,0.96,0.1152,29.7658572,29.765857301341477,108.37838650134148,1.79322,1.8478337923391008,6.752166207660899
gen=47_member=8012_pso,50,storage_zminus_0p40,storage,Storage,S,0.96,0.1152,0.12,0.15136080967773613,,,0.96,0.1152,35.983982399999995,35.984022812402536,114.59655201240253,3.70111,3.7872261738222317,4.812773826177768
gen=47_member=7966_pso,50,storage_zminus_0p40,storage,Storage,S,0.96,0.1152,0.12,0.15136080967773613,,,0.96,0.1152,33.7234536,33.72345101193558,112.3359802119356,2.70123,2.772340062763328,5.827659937236671
gen=49_member=8363_pso,50,storage_zminus_0p40,storage,Storage,S,0.96,0.1152,0.12,0.15136080967773613,,,0.96,0.1152,35.4777808,35.477807888172215,114.09033708817222,3.43975,3.5229671112933345,5.077032888706665
gen=44_member=7456_pso,50,storage_zminus_0p40,storage,Storage,S,0.96,0.1152,0.12,0.15136080967773613,,,0.96,0.1152,35.4550552,35.454985598383615,114.06751479838361,3.43116,3.5149292967057137,5.085070703294286
gen=40_member=6804_pso,50,storage_zminus_0p40,storage,Storage,S,0.96,0.1152,0.12,0.15136080967773613,,,0.96,0.1152,34.5288756,34.528979791643806,113.14150899164382,3.01687,3.09214464391093,5.5078553560890695
gen=38_member=6471_pso,50,storage_zminus_0p40,storage,Storage,S,0.96,0.1152,0.12,0.15136080967773613,,,0.96,0.1152,35.0604764,35.06049322067706,113.67302242067706,3.24426,3.3252740813257438,5.274725918674256
gen=22_member=3634_pso,50,storage_zminus_0p40,storage,Storage,S,0.96,0.1152,0.12,0.15136080967773613,,,0.96,0.1152,33.487508399999996,33.48751472965719,112.1000439296572,2.63496,2.7048256189038047,5.895174381096195
gen=44_member=7539_pso,50,storage_zminus_0p40,storage,Storage,S,0.96,0.1152,0.12,0.15136080967773613,,,0.96,0.1152,36.0109412,36.01086498046887,114.62339418046886,3.71574,3.8016417169576253,4.798358283042374
gen=49_member=8356_pso,50,storage_zminus_0p40,storage,Storage,S,0.96,0.1152,0.12,0.15136080967773613,,,0.96,0.1152,32.883720399999994,32.88362932713905,111.49615852713904,2.45508,2.5214944466005704,6.078505553399429
gen=46_member=7849_pso,50,storage_zminus_0p40,storage,Storage,S,0.96,0.1152,0.12,0.15136080967773613,,,0.96,0.1152,33.7256816,33.7256272553146,112.3381564553146,2.71464,2.786003635750005,5.813996364249995
gen=42_member=7200_pso,50,storage_zminus_0p40,storage,Storage,S,0.96,0.1152,0.12,0.15136080967773613,,,0.96,0.1152,35.3322924,35.33222140569574,113.94475060569573,3.37515,3.458190480446211,5.141809519553789
gen=38_member=6459_pso,50,storage_zminus_0p40,storage,Storage,S,0.96,0.1152,0.12,0.15136080967773613,,,0.96,0.1152,36.735932399999996,36.73590992805043,115.34843912805044,4.07908,4.168983553519576,4.431016446480424
gen=40_member=6838_pso,50,storage_zminus_0p40,storage,Storage,S,0.96,0.1152,0.12,0.15136080967773613,,,0.96,0.1152,27.5438728,27.54385585819388,106.15638505819388,1.42018,1.4675781065002809,7.132421893499719
gen=35_member=5994_pso,50,storage_zminus_0p40,storage,Storage,S,0.96,0.1152,0.12,0.15136080967773613,,,0.96,0.1152,34.683276,34.68326987798987,113.29579907798986,3.07603,3.153373879427205,5.446626120572795
gen=39_member=6670_pso,50,storage_zminus_0p40,storage,Storage,S,0.96,0.1152,0.12,0.15136080967773613,,,0.96,0.1152,32.435669600000004,32.43577512726643,111.04830432726642,2.33137,2.395528475331004,6.204471524668996
gen=48_member=8120_pso,50,storage_zminus_0p40,storage,Storage,S,0.96,0.1152,0.12,0.15136080967773613,,,0.96,0.1152,36.049485600000004,36.049477181493145,114.66200638149316,3.72385,3.809816714696442,4.7901832853035575
gen=47_member=7929_pso,50,storage_zminus_0p40,storage,Storage,S,0.96,0.1152,0.12,0.15136080967773613,,,0.96,0.1152,33.2756256,33.27569117913837,111.88822037913837,2.58067,2.64985278238671,5.9501472176132895
gen=32_member=5467_pso,50,storage_zminus_0p40,storage,Storage,S,0.96,0.1152,0.12,0.15136080967773613,,,0.96,0.1152,35.4252,35.425295105606956,114.03782430560697,3.40923,3.492740093228719,5.107259906771281
gen=45_member=7589_pso,50,storage_zminus_0p40,storage,Storage,S,0.96,0.1152,0.12,0.15136080967773613,,,0.96,0.1152,35.264561199999996,35.264548182297666,113.87707738229766,3.34169,3.4237681675420575,5.176231832457942
gen=42_member=7063_pso,50,storage_zminus_0p40,storage,Storage,S,0.96,0.1152,0.12,0.15136080967773613,,,0.96,0.1152,32.7798956,32.77998072785285,111.39250992785287,2.41578,2.481379102766941,6.1186208972330585
gen=46_member=7783_pso,50,storage_zminus_0p40,storage,Storage,S,0.96,0.1152,0.12,0.15136080967773613,,,0.96,0.1152,35.2509704,35.250884894283324,113.86341409428333,3.33505,3.4175354865297694,5.18246451347023
gen=42_member=7112_pso,50,storage_zminus_0p40,storage,Storage,S,0.96,0.1152,0.12,0.15136080967773613,,,0.96,0.1152,29.955014399999996,29.954952265185444,108.56748146518542,1.80414,1.8589142933461722,6.741085706653827
gen=43_member=7278_pso,50,storage_zminus_0p40,storage,Storage,S,0.96,0.1152,0.12,0.15136080967773613,,,0.96,0.1152,26.961028,26.96102909294159,105.5735582929416,1.36641,1.4135281089711913,7.186471891028808
gen=48_member=8123_pso,50,storage_zminus_0p40,storage,Storage,S,0.96,0.1152,0.12,0.15136080967773613,,,0.96,0.1152,35.7057052,35.70569359544761,114.31822279544762,3.56822,3.6533348362784026,4.9466651637215975
gen=38_member=6409_pso,50,storage_zminus_0p40,storage,Storage,S,0.96,0.1152,0.12,0.15136080967773613,,,0.96,0.1152,35.5586572,35.558655547749574,114.17118474774956,3.48534,3.57005394377366,5.02994605622634
gen=36_member=6139_pso,50,storage_zminus_0p40,storage,Storage,S,0.96,0.1152,0.12,0.15136080967773613,,,0.96,0.1152,36.7221188,36.722176673504485,115.33470587350449,4.07625,4.166098295941281,4.4339017040587185
gen=40_member=6783_pso,50,storage_zminus_0p40,storage,Storage,S,0.96,0.1152,0.12,0.15136080967773613,,,0.96,0.1152,34.2880288,34.28795088667764,112.90048008667765,2.92983,3.006975386108933,5.593024613891067
gen=29_member=4924_pso,50,storage_zminus_0p40,storage,Storage,S,0.96,0.1152,0.12,0.15136080967773613,,,0.96,0.1152,33.3221908,33.32221023991749,111.93473943991748,2.58783,2.6570003515477203,5.942999648452279
gen=46_member=7822_pso,50,storage_zminus_0p40,storage,Storage,S,0.96,0.1152,0.12,0.15136080967773613,,,0.96,0.1152,36.6993932,36.69936383186918,115.31189303186918,4.06609,4.155981171266467,4.444018828733532
gen=33_member=5655_pso,50,storage_zminus_0p40,storage,Storage,S,0.96,0.1152,0.12,0.15136080967773613,,,0.96,0.1152,35.6303988,35.630370058555734,114.24289925855572,3.51718,3.6016198936498887,4.998380106350111
gen=31_member=5227_pso,50,storage_zminus_0p40,storage,Storage,S,0.96,0.1152,0.12,0.15136080967773613,,,0.96,0.1152,33.1920756,33.191986899653344,111.80451609965334,2.57051,2.639097636086801,5.960902363913199
gen=46_member=7810_pso,50,storage_zminus_0p40,storage,Storage,S,0.96,0.1152,0.12,0.15136080967773613,,,0.96,0.1152,34.574104,34.57406416730866,113.18659336730867,3.02342,3.0989894600564947,5.501010539943505
gen=28_member=4720_pso,50,storage_zminus_0p40,storage,Storage,S,0.96,0.1152,0.12,0.15136080967773613,,,0.96,0.1152,35.3848732,35.38488870745046,113.99741790745045,3.39794,3.4812672855738707,5.1187327144261285
gen=31_member=5250_pso,50,storage_zminus_0p40,storage,Storage,S,0.96,0.1152,0.12,0.15136080967773613,,,0.96,0.1152,34.0534204,34.05351185359164,112.66604105359163,2.82385,2.8989979239845924,5.701002076015407
gen=46_member=7862_pso,50,storage_zminus_0p40,storage,Storage,S,0.96,0.1152,0.12,0.15136080967773613,,,0.96,0.1152,34.5019168,34.50190548961805,113.11443468961807,2.9983,3.0732108923125,5.5267891076875
gen=29_member=4911_pso,50,storage_zminus_0p40,storage,Storage,S,0.96,0.1152,0.12,0.15136080967773613,,,0.96,0.1152,33.8640404,33.86401239624249,112.47654159624248,2.75415,2.826027288236825,5.773972711763175
gen=43_member=7385_pso,50,storage_zminus_0p40,storage,Storage,S,0.96,0.1152,0.12,0.15136080967773613,,,0.96,0.1152,26.117729999999998,26.117703630103588,104.73023283010357,1.30432,1.3494908109074968,7.250509189092503
gen=34_member=5724_pso,50,storage_zminus_0p40,storage,Storage,S,0.96,0.1152,0.12,0.15136080967773613,,,0.96,0.1152,35.5597712,35.55966917902097,114.17219837902098,3.48909,3.5737740547770707,5.026225945222929
gen=39_member=6557_pso,50,storage_zminus_0p40,storage,Storage,S,0.96,0.1152,0.12,0.15136080967773613,,,0.96,0.1152,30.951821600000002,30.95190437561837,109.56443357561837,1.98352,2.041909217017918,6.558090782982082
gen=43_member=7341_pso,50,storage_zminus_0p40,storage,Storage,S,0.96,0.1152,0.12,0.15136080967773613,,,0.96,0.1152,35.697461600000004,35.69752068422161,114.31004988422161,3.54777,3.6326932205770217,4.967306779422978
gen=37_member=6349_pso,50,storage_zminus_0p40,storage,Storage,S,0.96,0.1152,0.12,0.15136080967773613,,,0.96,0.1152,33.8629264,33.862942575484915,112.47547177548492,2.74347,2.8156113079597684,5.784388692040231
gen=41_member=6889_pso,50,storage_zminus_0p40,storage,Storage,S,0.96,0.1152,0.12,0.15136080967773613,,,0.96,0.1152,27.384348,27.38432060845482,105.99684980845481,1.4106,1.4579957669839676,7.142004233016032
gen=47_member=8010_pso,50,storage_zminus_0p40,storage,Storage,S,0.96,0.1152,0.12,0.15136080967773613,,,0.96,0.1152,33.483498,33.48339815320258,112.09592735320258,2.63426,2.704344078866239,5.895655921133761
gen=38_member=6465_pso,50,storage_zminus_0p40,storage,Storage,S,0.96,0.1152,0.12,0.15136080967773613,,,0.96,0.1152,35.5849476,35.58483752237572,114.19736672237573,3.49711,3.5818501404938687,5.018149859506131
gen=29_member=4976_pso,50,storage_zminus_0p40,storage,Storage,S,0.96,0.1152,0.12,0.15136080967773613,,,0.96,0.1152,32.8534196,32.85346614458213,111.46599534458214,2.44488,2.5110534047524045,6.088946595247595
gen=34_member=5729_pso,50,storage_zminus_0p40,storage,Storage,S,0.96,0.1152,0.12,0.15136080967773613,,,0.96,0.1152,36.1272428,36.12729970982421,114.7398289098242,3.76248,3.84892496634815,4.7510750336518495
gen=46_member=7888_pso,50,storage_zminus_0p40,storage,Storage,S,0.96,0.1152,0.12,0.15136080967773613,,,0.96,0.1152,32.783460399999996,32.783404919650515,111.3959341196505,2.41843,2.4840791910699065,6.115920808930094
gen=46_member=7821_pso,50,storage_zminus_0p40,storage,Storage,S,0.96,0.1152,0.12,0.15136080967773613,,,0.96,0.1152,31.01933,31.019254054929405,109.63178325492942,1.99327,2.051817716846205,6.548182283153794
gen=48_member=8165_pso,50,storage_zminus_0p40,storage,Storage,S,0.96,0.1152,0.12,0.15136080967773613,,,0.96,0.1152,35.0845388,35.08459194378328,113.69712114378328,3.24714,3.328131797509266,5.271868202490733
gen=36_member=6131_pso,50,storage_zminus_0p40,storage,Storage,S,0.96,0.1152,0.12,0.15136080967773613,,,0.96,0.1152,36.0098272,36.00986073528155,114.62238993528156,3.70849,3.7945560551513253,4.805443944848674
gen=32_member=5391_pso,50,storage_zminus_0p40,storage,Storage,S,0.96,0.1152,0.12,0.15136080967773613,,,0.96,0.1152,33.261589199999996,33.261505768011496,111.8740349680115,2.57343,2.6422760529813405,5.957723947018659
gen=34_member=5740_pso,50,storage_zminus_0p40,storage,Storage,S,0.96,0.1152,0.12,0.15136080967773613,,,0.96,0.1152,27.0249716,27.025055498234494,105.63758469823449,1.37217,1.418658124424581,7.181341875575418
gen=35_member=5978_pso,50,storage_zminus_0p40,storage,Storage,S,0.96,0.1152,0.12,0.15136080967773613,,,0.96,0.1152,35.7979444,35.798046250315835,114.41057545031585,3.60663,3.6918621198799872,4.908137880120012
gen=32_member=5373_pso,50,storage_zminus_0p40,storage,Storage,S,0.96,0.1152,0.12,0.15136080967773613,,,0.96,0.1152,34.4901084,34.49010839919886,113.10263759919886,2.995,3.070872217578902,5.529127782421098
gen=44_member=7565_pso,50,storage_zminus_0p40,storage,Storage,S,0.96,0.1152,0.12,0.15136080967773613,,,0.96,0.1152,32.9715036,32.97144846847227,111.58397766847226,2.47831,2.545379485313557,6.054620514686443
gen=45_member=7737_pso,50,storage_zminus_0p40,storage,Storage,S,0.96,0.1152,0.12,0.15136080967773613,,,0.96,0.1152,36.1261288,36.12613241634489,114.7386616163449,3.75756,3.8440491455487638,4.755950854451235
gen=35_member=6019_pso,50,storage_zminus_0p40,storage,Storage,S,0.96,0.1152,0.12,0.15136080967773613,,,0.96,0.1152,36.062408,36.06245626130536,114.67498546130537,3.73038,3.8164470893679843,4.783552910632015
gen=46_member=7796_pso,50,storage_zminus_0p40,storage,Storage,S,0.96,0.1152,0.12,0.15136080967773613,,,0.96,0.1152,35.467532,35.46763029885118,114.08015949885117,3.43824,3.522170095655651,5.077829904344348
gen=47_member=7977_pso,50,storage_zminus_0p40,storage,Storage,S,0.96,0.1152,0.12,0.15136080967773613,,,0.96,0.1152,35.5069676,35.506986680921436,114.11951588092144,3.45533,3.539248869421838,5.060751130578161
gen=49_member=8311_pso,50,storage_zminus_0p40,storage,Storage,S,0.96,0.1152,0.12,0.15136080967773613,,,0.96,0.1152,36.0073764,36.00733726709178,114.61986646709177,3.70558,3.7915431002203266,4.808456899779673
gen=29_member=4851_pso,50,storage_zminus_0p40,storage,Storage,S,0.96,0.1152,0.12,0.15136080967773613,,,0.96,0.1152,35.2643384,35.264277472776136,113.87680667277613,3.33985,3.422375809865332,5.177624190134668
gen=34_member=5819_pso,50,storage_zminus_0p40,storage,Storage,S,0.96,0.1152,0.12,0.15136080967773613,,,0.96,0.1152,34.5609588,34.56103873283972,113.17356793283972,3.0224,3.0980077576185585,5.501992242381441
gen=38_member=6490_pso,50,storage_zminus_0p40,storage,Storage,S,0.96,0.1152,0.12,0.15136080967773613,,,0.96,0.1152,36.0697604,36.069858023161345,114.68238722316136,3.73254,3.818640332680459,4.78135966731954
gen=42_member=7145_pso,50,storage_zminus_0p40,storage,Storage,S,0.96,0.1152,0.12,0.15136080967773613,,,0.96,0.1152,36.306151199999995,36.30614392385608,114.9186731238561,3.85887,3.946881678117628,4.6531183218823715
gen=28_member=4655_pso,50,storage_zminus_0p40,storage,Storage,S,0.96,0.1152,0.12,0.15136080967773613,,,0.96,0.1152,33.7361532,33.73614280489097,112.34867200489097,2.71633,2.787712456563414,5.812287543436586
gen=24_member=4008_pso,50,storage_zminus_0p40,storage,Storage,S,0.96,0.1152,0.12,0.15136080967773613,,,0.96,0.1152,33.7668996,33.76696087691461,112.3794900769146,2.71969,2.791349197529696,5.808650802470304
gen=34_member=5732_pso,50,storage_zminus_0p40,storage,Storage,S,0.96,0.1152,0.12,0.15136080967773613,,,0.96,0.1152,33.7822728,33.7821917262945,112.39472092629453,2.72045,2.7918656802680517,5.808134319731948
gen=40_member=6768_pso,50,storage_zminus_0p40,storage,Storage,S,0.96,0.1152,0.12,0.15136080967773613,,,0.96,0.1152,36.653050799999995,36.65302211816361,115.26555131816362,4.06357,4.154387598073586,4.445612401926414
gen=44_member=7554_pso,50,storage_zminus_0p40,storage,Storage,S,0.96,0.1152,0.12,0.15136080967773613,,,0.96,0.1152,33.7114224,33.71131958774986,112.32384878774988,2.69854,2.7695919291532434,5.830408070846756
gen=18_member=3072_pso,50,storage_zminus_0p40,storage,Storage,S,0.96,0.1152,0.12,0.15136080967773613,,,0.96,0.1152,37.154796399999995,37.15490686727385,115.76743606727385,4.37912,4.473702198950938,4.126297801049062
gen=50_member=8445_pso,50,storage_zminus_0p40,storage,Storage,S,0.96,0.1152,0.12,0.15136080967773613,,,0.96,0.1152,20.94736636,20.947372107145803,99.55990130714581,1.01547,1.0525592146104292,7.54744078538957
gen=50_member=8506_pso,50,storage_zminus_0p40,storage,Storage,S,0.96,0.1152,0.12,0.15136080967773613,,,0.96,0.1152,36.1778184,36.17771080932583,114.79024000932583,3.79088,3.8777558965055707,4.722244103494429
gen=50_member=8596_pso,50,storage_zminus_0p40,storage,Storage,S,0.96,0.1152,0.12,0.15136080967773613,,,0.96,0.1152,31.6560924,31.656131000200023,110.26866020020003,2.13446,2.195807485078194,6.404192514921806
gen=50_member=8464_pso,50,storage_zminus_0p40,storage,Storage,S,0.96,0.1152,0.12,0.15136080967773613,,,0.96,0.1152,35.1692028,35.16929619734085,113.78182539734085,3.28738,3.3687933160972308,5.231206683902769
gen=50_member=8489_pso,50,storage_zminus_0p40,storage,Storage,S,0.96,0.1152,0.12,0.15136080967773613,,,0.96,0.1152,33.927984,33.928075253726064,112.54060445372608,2.76217,2.8347445621022382,5.765255437897761
gen=50_member=8579_pso,50,storage_zminus_0p40,storage,Storage,S,0.96,0.1152,0.12,0.15136080967773613,,,0.96,0.1152,35.2674576,35.267503555717184,113.8800327557172,3.34196,3.4245114030922585,5.175488596907741
gen=50_member=8474_pso,50,storage_zminus_0p40,storage,Storage,S,0.96,0.1152,0.12,0.15136080967773613,,,0.96,0.1152,28.369124,28.369120398124426,106.98164959812442,1.54501,1.5953757151170915,7.004624284882908
gen=50_member=8555_pso,50,storage_zminus_0p40,storage,Storage,S,0.96,0.1152,0.12,0.15136080967773613,,,0.96,0.1152,34.7982408,34.798261721440575,113.41079092144058,3.12278,3.2014019615702356,5.398598038429764
gen=50_member=8483_pso,50,storage_zminus_0p40,storage,Storage,S,0.96,0.1152,0.12,0.15136080967773613,,,0.96,0.1152,32.124418,32.12450543561306,110.73703463561304,2.25475,2.317468654073267,6.282531345926733
gen=50_member=8443_pso,50,storage_zminus_0p40,storage,Storage,S,0.96,0.1152,0.12,0.15136080967773613,,,0.96,0.1152,29.0288348,29.028751720435796,107.64128092043579,1.62866,1.6800537136529634,6.919946286347036
gen=50_member=8469_pso,50,storage_zminus_0p40,storage,Storage,S,0.96,0.1152,0.12,0.15136080967773613,,,0.96,0.1152,27.342684399999996,27.342638190802248,105.95516739080225,1.39731,1.4441807835522062,7.155819216447793
gen=50_member=8584_pso,50,storage_zminus_0p40,storage,Storage,S,0.96,0.1152,0.12,0.15136080967773613,,,0.96,0.1152,36.776259200000005,36.77633515260383,115.38886435260383,4.09976,4.190436417151669,4.409563582848331
gen=50_member=8572_pso,50,storage_zminus_0p40,storage,Storage,S,0.96,0.1152,0.12,0.15136080967773613,,,0.96,0.1152,35.3808628,35.38077037906462,113.99329957906461,3.38958,3.4727868873345527,5.127213112665447
gen=50_member=8550_pso,50,storage_zminus_0p40,storage,Storage,S,0.96,0.1152,0.12,0.15136080967773613,,,0.96,0.1152,35.4354488,35.43550778076299,114.048036980763,3.41089,3.4944337144033635,5.105566285596636
gen=50_member=8507_pso,50,storage_zminus_0p40,storage,Storage,S,0.96,0.1152,0.12,0.15136080967773613,,,0.96,0.1152,29.1130532,29.113125122660595,107.72565432266059,1.64928,1.7011830485499664,6.8988169514500335
gen=50_member=8467_pso,50,storage_zminus_0p40,storage,Storage,S,0.96,0.1152,0.12,0.15136080967773613,,,0.96,0.1152,28.4317308,28.431750054504132,107.04427925450413,1.56923,1.6193950997048148,6.980604900295185
gen=50_member=8487_pso,50,storage_zminus_0p40,storage,Storage,S,0.96,0.1152,0.12,0.15136080967773613,,,0.96,0.1152,35.5025116,35.50262187067714,114.11515107067714,3.45215,3.535809814607371,5.064190185392629
152,50,baseline_storage,storage,Storage,S,1.0,0.12,0.12,0.16396720767670225,,,1.0,0.12,39.0853584,39.0854414587126,117.6979706587126,4.78258,4.782582221327709,3.817417778672291
gen=36_member=6021_pso,50,baseline_storage,storage,Storage,S,1.0,0.12,0.12,0.16396720767670225,,,1.0,0.12,15.73043752,15.730428646974957,94.34295784697495,0.811083,0.8110833649714815,7.788916635028518
16,50,baseline_storage,storage,Storage,S,1.0,0.12,0.12,0.16396720767670225,,,1.0,0.12,38.467534,38.46752870631738,117.08005790631736,4.48927,4.489273592740293,4.1107264072597065
130,50,baseline_storage,storage,Storage,S,1.0,0.12,0.12,0.16396720767670225,,,1.0,0.12,38.6001,38.60014577795708,117.21267497795709,4.69071,4.690710603433739,3.909289396566261
95,50,baseline_storage,storage,Storage,S,1.0,0.12,0.12,0.16396720767670225,,,1.0,0.12,38.900657200000005,38.90068138512153,117.51321058512153,4.70127,4.701268362481829,3.8987316375181704
156,50,baseline_storage,storage,Storage,S,1.0,0.12,0.12,0.16396720767670225,,,1.0,0.12,37.6137644,37.61379239712806,116.22632159712806,4.4265,4.42649581404381,4.173504185956189
gen=47_member=7948_pso,50,baseline_storage,storage,Storage,S,1.0,0.12,0.12,0.16396720767670225,,,1.0,0.12,28.5299856,28.529932454502454,107.14246165450244,1.5703,1.5702986372987264,7.029701362701273
gen=48_member=8161_pso,50,baseline_storage,storage,Storage,S,1.0,0.12,0.12,0.16396720767670225,,,1.0,0.12,24.5082228,24.508282368015493,103.1208115680155,1.17026,1.1702608914176431,7.429739108582357
gen=33_member=5661_pso,50,baseline_storage,storage,Storage,S,1.0,0.12,0.12,0.16396720767670225,,,1.0,0.12,36.8916696,36.89173247767671,115.50426167767671,4.21575,4.215754201843512,4.3842457981564875
gen=47_member=7921_pso,50,baseline_storage,storage,Storage,S,1.0,0.12,0.12,0.16396720767670225,,,1.0,0.12,37.0291372,37.029124549782175,115.6416537497822,4.27101,4.271007614577858,4.328992385422142
gen=40_member=6722_pso,50,baseline_storage,storage,Storage,S,1.0,0.12,0.12,0.16396720767670225,,,1.0,0.12,29.2066292,29.206608318766545,107.81913751876654,1.65561,1.6556098007990303,6.944390199200969
gen=48_member=8113_pso,50,baseline_storage,storage,Storage,S,1.0,0.12,0.12,0.16396720767670225,,,1.0,0.12,37.0135412,37.01352492542517,115.62605412542518,4.2324,4.232401729996877,4.367598270003123
gen=48_member=8218_pso,50,baseline_storage,storage,Storage,S,1.0,0.12,0.12,0.16396720767670225,,,1.0,0.12,36.6236412,36.62363801974855,115.23616721974857,4.03399,4.033988191639938,4.566011808360062
gen=42_member=7058_pso,50,baseline_storage,storage,Storage,S,1.0,0.12,0.12,0.16396720767670225,,,1.0,0.12,17.825114,17.82511697626178,96.4376461762618,0.864582,0.8645822572117029,7.735417742788297
gen=48_member=8245_pso,50,baseline_storage,storage,Storage,S,1.0,0.12,0.12,0.16396720767670225,,,1.0,0.12,36.87897,36.87888641911074,115.49141561911075,4.17121,4.1712068907145685,4.428793109285431
gen=41_member=6922_pso,50,baseline_storage,storage,Storage,S,1.0,0.12,0.12,0.16396720767670225,,,1.0,0.12,32.1159516,32.11592080418332,110.72845000418333,2.24821,2.248210831838707,6.351789168161293
gen=41_member=6885_pso,50,baseline_storage,storage,Storage,S,1.0,0.12,0.12,0.16396720767670225,,,1.0,0.12,16.94815092,16.94814371857778,95.56067291857778,0.828565,0.8285654379401006,7.771434562059899
gen=37_member=6262_pso,50,baseline_storage,storage,Storage,S,1.0,0.12,0.12,0.16396720767670225,,,1.0,0.12,25.3729096,25.372800727077287,103.98532992707726,1.2425,1.2424981099154597,7.35750189008454
gen=39_member=6554_pso,50,baseline_storage,storage,Storage,S,1.0,0.12,0.12,0.16396720767670225,,,1.0,0.12,22.91498,22.91493475179726,101.52746395179726,1.07599,1.0759853155948564,7.524014684405143
gen=44_member=7409_pso,50,baseline_storage,storage,Storage,S,1.0,0.12,0.12,0.16396720767670225,,,1.0,0.12,29.026161199999997,29.02617500954204,107.63870420954201,1.61819,1.6181922753542444,6.981807724645755
gen=33_member=5597_pso,50,baseline_storage,storage,Storage,S,1.0,0.12,0.12,0.16396720767670225,,,1.0,0.12,20.425457360000003,20.425447005160812,99.03797620516082,0.993719,0.9937193119614058,7.606280688038594
gen=35_member=5926_pso,50,baseline_storage,storage,Storage,S,1.0,0.12,0.12,0.16396720767670225,,,1.0,0.12,28.758578399999998,28.75848621927199,107.371015419272,1.60584,1.6058441235180438,6.994155876481956
gen=42_member=7147_pso,50,baseline_storage,storage,Storage,S,1.0,0.12,0.12,0.16396720767670225,,,1.0,0.12,36.785394,36.78548226240043,115.39801146240043,4.12536,4.125357521076862,4.474642478923138
gen=47_member=7992_pso,50,baseline_storage,storage,Storage,S,1.0,0.12,0.12,0.16396720767670225,,,1.0,0.12,37.303181200000004,37.30318347661641,115.91571267661642,4.41535,4.415352874721832,4.184647125278167
gen=44_member=7479_pso,50,baseline_storage,storage,Storage,S,1.0,0.12,0.12,0.16396720767670225,,,1.0,0.12,29.72709,29.726992928553695,108.3395221285537,1.7727,1.7727044994457113,6.827295500554288
gen=46_member=7840_pso,50,baseline_storage,storage,Storage,S,1.0,0.12,0.12,0.16396720767670225,,,1.0,0.12,27.838414399999998,27.838357196260656,106.45088639626066,1.46259,1.4625932530033692,7.13740674699663
gen=36_member=6076_pso,50,baseline_storage,storage,Storage,S,1.0,0.12,0.12,0.16396720767670225,,,1.0,0.12,37.071692,37.07165394641189,115.6841831464119,4.31441,4.314408249931125,4.285591750068875
gen=39_member=6576_pso,50,baseline_storage,storage,Storage,S,1.0,0.12,0.12,0.16396720767670225,,,1.0,0.12,24.576845199999998,24.57679423226629,103.18932343226629,1.21064,1.2106413178735036,7.389358682126496
gen=46_member=7833_pso,50,baseline_storage,storage,Storage,S,1.0,0.12,0.12,0.16396720767670225,,,1.0,0.12,30.2738412,30.273822445456965,108.88635164545695,1.83739,1.837394816219615,6.762605183780384
gen=36_member=6039_pso,50,baseline_storage,storage,Storage,S,1.0,0.12,0.12,0.16396720767670225,,,1.0,0.12,34.2367848,34.236759922666806,112.84928912266682,2.88658,2.8865790925389523,5.713420907461048
gen=45_member=7630_pso,50,baseline_storage,storage,Storage,S,1.0,0.12,0.12,0.16396720767670225,,,1.0,0.12,20.27341864,20.273425248681576,98.88595444868157,0.964314,0.9643142048409978,7.635685795159002
gen=41_member=7002_pso,50,baseline_storage,storage,Storage,S,1.0,0.12,0.12,0.16396720767670225,,,1.0,0.12,31.456018,31.456010064777686,110.0685392647777,2.09323,2.0932333142827297,6.50676668571727
gen=44_member=7416_pso,50,baseline_storage,storage,Storage,S,1.0,0.12,0.12,0.16396720767670225,,,1.0,0.12,22.539562,22.53949283051267,101.15202203051267,1.03735,1.0373456001592622,7.562654399840738
gen=48_member=8130_pso,50,baseline_storage,storage,Storage,S,1.0,0.12,0.12,0.16396720767670225,,,1.0,0.12,30.2965668,30.29664546331896,108.90917466331896,1.8663,1.8663016796690663,6.733698320330934
gen=42_member=7150_pso,50,baseline_storage,storage,Storage,S,1.0,0.12,0.12,0.16396720767670225,,,1.0,0.12,23.0183592,23.018345966531463,101.63087516653145,1.08725,1.087248915729321,7.512751084270679
gen=46_member=7861_pso,50,baseline_storage,storage,Storage,S,1.0,0.12,0.12,0.16396720767670225,,,1.0,0.12,36.5779672,36.57795625745423,115.19048545745423,4.0076,4.007601081757205,4.592398918242795
gen=47_member=8013_pso,50,baseline_storage,storage,Storage,S,1.0,0.12,0.12,0.16396720767670225,,,1.0,0.12,24.1898416,24.189885878306495,102.80241507830647,1.14776,1.147762321088277,7.452237678911723
gen=34_member=5833_pso,50,baseline_storage,storage,Storage,S,1.0,0.12,0.12,0.16396720767670225,,,1.0,0.12,37.0554276,37.05546674905064,115.66799594905063,4.29346,4.293456493397734,4.3065435066022655
gen=29_member=4835_pso,50,baseline_storage,storage,Storage,S,1.0,0.12,0.12,0.16396720767670225,,,1.0,0.12,31.1628132,31.16289112554577,109.77542032554577,2.02499,2.0249856399765958,6.575014360023404
gen=43_member=7309_pso,50,baseline_storage,storage,Storage,S,1.0,0.12,0.12,0.16396720767670225,,,1.0,0.12,28.36244,28.362383210764136,106.97491241076413,1.53641,1.5364104025504484,7.0635895974495515
gen=42_member=7162_pso,50,baseline_storage,storage,Storage,S,1.0,0.12,0.12,0.16396720767670225,,,1.0,0.12,34.2657488,34.265693983561704,112.87822318356172,2.92099,2.9209899539452193,5.67901004605478
gen=43_member=7394_pso,50,baseline_storage,storage,Storage,S,1.0,0.12,0.12,0.16396720767670225,,,1.0,0.12,29.6994628,29.69937939750987,108.31190859750988,1.74092,1.7409232462479096,6.85907675375209
gen=47_member=7994_pso,50,baseline_storage,storage,Storage,S,1.0,0.12,0.12,0.16396720767670225,,,1.0,0.12,27.7078536,27.707961235794844,106.32049043579485,1.42551,1.4255099966871652,7.174490003312835
gen=48_member=8212_pso,50,baseline_storage,storage,Storage,S,1.0,0.12,0.12,0.16396720767670225,,,1.0,0.12,25.5088176,25.50891213870453,104.12144133870451,1.2664,1.266398238769936,7.333601761230064
gen=34_member=5718_pso,50,baseline_storage,storage,Storage,S,1.0,0.12,0.12,0.16396720767670225,,,1.0,0.12,19.217970479999998,19.217975104740983,97.83050430474097,0.92753,0.9275296888087197,7.6724703111912795
gen=40_member=6749_pso,50,baseline_storage,storage,Storage,S,1.0,0.12,0.12,0.16396720767670225,,,1.0,0.12,32.0337384,32.033822459218676,110.64635165921867,2.22633,2.226329000439628,6.373670999560371
gen=45_member=7712_pso,50,baseline_storage,storage,Storage,S,1.0,0.12,0.12,0.16396720767670225,,,1.0,0.12,31.9644476,31.96441941761888,110.57694861761888,2.20694,2.206943643436204,6.393056356563795
gen=49_member=8286_pso,50,baseline_storage,storage,Storage,S,1.0,0.12,0.12,0.16396720767670225,,,1.0,0.12,31.885799199999997,31.88574680923485,110.49827600923484,2.18552,2.1855188028063663,6.414481197193633
gen=47_member=7987_pso,50,baseline_storage,storage,Storage,S,1.0,0.12,0.12,0.16396720767670225,,,1.0,0.12,32.3378604,32.3379503115816,110.95047951158162,2.30822,2.3082233922736415,6.291776607726359
gen=42_member=7104_pso,50,baseline_storage,storage,Storage,S,1.0,0.12,0.12,0.16396720767670225,,,1.0,0.12,37.1305112,37.1305477391165,115.7430769391165,4.35228,4.352276475860758,4.247723524139242
gen=44_member=7536_pso,50,baseline_storage,storage,Storage,S,1.0,0.12,0.12,0.16396720767670225,,,1.0,0.12,23.466855600000002,23.46684587614881,102.0793750761488,1.11985,1.119851808944549,7.48014819105545
gen=38_member=6480_pso,50,baseline_storage,storage,Storage,S,1.0,0.12,0.12,0.16396720767670225,,,1.0,0.12,31.4072248,31.407133065935877,110.01966226593586,2.07448,2.0744810502582167,6.525518949741783
gen=43_member=7269_pso,50,baseline_storage,storage,Storage,S,1.0,0.12,0.12,0.16396720767670225,,,1.0,0.12,36.833296,36.83339971387087,115.44592891387086,4.14372,4.14371619026555,4.456283809734449
gen=35_member=5948_pso,50,baseline_storage,storage,Storage,S,1.0,0.12,0.12,0.16396720767670225,,,1.0,0.12,37.07392,37.07384621264411,115.68637541264411,4.33924,4.339241874247068,4.260758125752932
gen=29_member=4871_pso,50,baseline_storage,storage,Storage,S,1.0,0.12,0.12,0.16396720767670225,,,1.0,0.12,17.843495,17.843497187733753,96.45602638773376,0.881544,0.8815436349096046,7.718456365090395
gen=36_member=6031_pso,50,baseline_storage,storage,Storage,S,1.0,0.12,0.12,0.16396720767670225,,,1.0,0.12,31.3383796,31.338390787551674,109.95091998755169,2.05415,2.054152766640796,6.545847233359204
gen=39_member=6689_pso,50,baseline_storage,storage,Storage,S,1.0,0.12,0.12,0.16396720767670225,,,1.0,0.12,29.4165068,29.416418185838467,108.02894738583845,1.67871,1.6787094998114656,6.921290500188534
gen=46_member=7811_pso,50,baseline_storage,storage,Storage,S,1.0,0.12,0.12,0.16396720767670225,,,1.0,0.12,30.8479968,30.84800808580873,109.46053728580873,1.95962,1.9596188640199474,6.640381135980052
gen=36_member=6150_pso,50,baseline_storage,storage,Storage,S,1.0,0.12,0.12,0.16396720767670225,,,1.0,0.12,29.510305600000002,29.510270949002532,108.12280014900254,1.71536,1.715362470532215,6.884637529467785
gen=28_member=4698_pso,50,baseline_storage,storage,Storage,S,1.0,0.12,0.12,0.16396720767670225,,,1.0,0.12,19.62453592,19.62453473077234,98.23706393077234,0.948853,0.9488534751048375,7.651146524895162
gen=45_member=7580_pso,50,baseline_storage,storage,Storage,S,1.0,0.12,0.12,0.16396720767670225,,,1.0,0.12,29.4198488,29.41977376399195,108.03230296399194,1.6928,1.692796757945654,6.907203242054345
gen=37_member=6318_pso,50,baseline_storage,storage,Storage,S,1.0,0.12,0.12,0.16396720767670225,,,1.0,0.12,36.3585092,36.35850397821222,114.97103317821221,3.89263,3.8926304214774343,4.707369578522565
gen=39_member=6634_pso,50,baseline_storage,storage,Storage,S,1.0,0.12,0.12,0.16396720767670225,,,1.0,0.12,37.24659,37.24656995207669,115.8590991520767,4.3792,4.3792013937893275,4.220798606210672
gen=46_member=7788_pso,50,baseline_storage,storage,Storage,S,1.0,0.12,0.12,0.16396720767670225,,,1.0,0.12,32.533256,32.533172613400616,111.1457018134006,2.35444,2.3544415896375157,6.245558410362484
gen=46_member=7881_pso,50,baseline_storage,storage,Storage,S,1.0,0.12,0.12,0.16396720767670225,,,1.0,0.12,27.1929628,27.192862415219388,105.80539161521938,1.37653,1.376534935137965,7.223465064862035
gen=27_member=4566_pso,50,baseline_storage,storage,Storage,S,1.0,0.12,0.12,0.16396720767670225,,,1.0,0.12,34.2026964,34.20265674649548,112.8151859464955,2.87573,2.87572560211735,5.72427439788265
gen=39_member=6698_pso,50,baseline_storage,storage,Storage,S,1.0,0.12,0.12,0.16396720767670225,,,1.0,0.12,33.52026,33.52015097310551,112.13268017310553,2.6497,2.6497013934446474,5.950298606555352
gen=41_member=6986_pso,50,baseline_storage,storage,Storage,S,1.0,0.12,0.12,0.16396720767670225,,,1.0,0.12,35.7676436,35.767651554973604,114.38018075497361,3.58673,3.586730385344672,5.013269614655328
gen=41_member=6973_pso,50,baseline_storage,storage,Storage,S,1.0,0.12,0.12,0.16396720767670225,,,1.0,0.12,35.1593996,35.15947657236159,113.77200577236158,3.28388,3.283884959892168,5.316115040107832
gen=27_member=4568_pso,50,baseline_storage,storage,Storage,S,1.0,0.12,0.12,0.16396720767670225,,,1.0,0.12,32.5586552,32.558684654753776,111.17121385475377,2.37042,2.370423148131909,6.2295768518680905
gen=37_member=6357_pso,50,baseline_storage,storage,Storage,S,1.0,0.12,0.12,0.16396720767670225,,,1.0,0.12,32.625718,32.62572860768373,111.23825780768374,2.3887,2.388702197214058,6.211297802785942
gen=47_member=8006_pso,50,baseline_storage,storage,Storage,S,1.0,0.12,0.12,0.16396720767670225,,,1.0,0.12,36.7613316,36.761407828424296,115.37393702842431,4.09604,4.096041808260816,4.5039581917391835
gen=41_member=6898_pso,50,baseline_storage,storage,Storage,S,1.0,0.12,0.12,0.16396720767670225,,,1.0,0.12,31.489438,31.489447863162184,110.10197706316218,2.11934,2.119335855423188,6.480664144576812
gen=39_member=6668_pso,50,baseline_storage,storage,Storage,S,1.0,0.12,0.12,0.16396720767670225,,,1.0,0.12,33.933108399999995,33.933030846740984,112.545560046741,2.77099,2.7709912319006165,5.829008768099383
gen=48_member=8200_pso,50,baseline_storage,storage,Storage,S,1.0,0.12,0.12,0.16396720767670225,,,1.0,0.12,34.8907028,34.89080581472363,113.50333501472363,3.16725,3.1672458805732453,5.432754119426754
gen=32_member=5452_pso,50,baseline_storage,storage,Storage,S,1.0,0.12,0.12,0.16396720767670225,,,1.0,0.12,34.8474796,34.84753054005696,113.46005974005696,3.14182,3.141817552171591,5.458182447828408
gen=44_member=7522_pso,50,baseline_storage,storage,Storage,S,1.0,0.12,0.12,0.16396720767670225,,,1.0,0.12,33.1631116,33.16311565476033,111.77564485476033,2.53937,2.539368247581174,6.060631752418826
gen=45_member=7699_pso,50,baseline_storage,storage,Storage,S,1.0,0.12,0.12,0.16396720767670225,,,1.0,0.12,25.6714616,25.671464649350018,104.28399384935003,1.28466,1.2846600959013812,7.315339904098618
gen=38_member=6478_pso,50,baseline_storage,storage,Storage,S,1.0,0.12,0.12,0.16396720767670225,,,1.0,0.12,35.2785976,35.27857906393331,113.8911082639333,3.35376,3.3537617018742854,5.246238298125714
gen=48_member=8105_pso,50,baseline_storage,storage,Storage,S,1.0,0.12,0.12,0.16396720767670225,,,1.0,0.12,36.5527908,36.55273076856624,115.16525996856623,3.9902,3.9901981205782486,4.609801879421751
gen=47_member=7995_pso,50,baseline_storage,storage,Storage,S,1.0,0.12,0.12,0.16396720767670225,,,1.0,0.12,36.497536399999994,36.49744644974915,115.10997564974916,3.97511,3.975106482748441,4.624893517251559
gen=38_member=6507_pso,50,baseline_storage,storage,Storage,S,1.0,0.12,0.12,0.16396720767670225,,,1.0,0.12,36.2430988,36.243072285057984,114.85560148505799,3.82686,3.8268570564980315,4.773142943501968
gen=47_member=8017_pso,50,baseline_storage,storage,Storage,S,1.0,0.12,0.12,0.16396720767670225,,,1.0,0.12,26.3334004,26.33332130996634,104.94585050996633,1.31111,1.3111126222085394,7.28888737779146
gen=28_member=4806_pso,50,baseline_storage,storage,Storage,S,1.0,0.12,0.12,0.16396720767670225,,,1.0,0.12,36.335338,36.335363024535646,114.94789222453565,3.87574,3.8757359184083398,4.7242640815916594
gen=33_member=5559_pso,50,baseline_storage,storage,Storage,S,1.0,0.12,0.12,0.16396720767670225,,,1.0,0.12,32.1440244,32.1440689013816,110.7565981013816,2.27771,2.27770616129014,6.322293838709859
gen=28_member=4728_pso,50,baseline_storage,storage,Storage,S,1.0,0.12,0.12,0.16396720767670225,,,1.0,0.12,25.063886,25.063855919912235,103.67638511991223,1.21593,1.215931183468382,7.3840688165316175
gen=30_member=4999_pso,50,baseline_storage,storage,Storage,S,1.0,0.12,0.12,0.16396720767670225,,,1.0,0.12,33.9879172,33.98794532305361,112.60047452305362,2.78942,2.7894244899895115,5.810575510010488
gen=47_member=7949_pso,50,baseline_storage,storage,Storage,S,1.0,0.12,0.12,0.16396720767670225,,,1.0,0.12,31.069014399999997,31.068968509771572,109.68149770977158,1.99378,1.9937752885784714,6.606224711421528
gen=37_member=6216_pso,50,baseline_storage,storage,Storage,S,1.0,0.12,0.12,0.16396720767670225,,,1.0,0.12,34.7610332,34.76111558406628,113.37364478406629,3.104,3.1039998368234114,5.496000163176588
gen=35_member=5892_pso,50,baseline_storage,storage,Storage,S,1.0,0.12,0.12,0.16396720767670225,,,1.0,0.12,33.624976,33.6250096550061,112.23753885500611,2.6693,2.669301284000799,5.930698715999201
gen=47_member=7933_pso,50,baseline_storage,storage,Storage,S,1.0,0.12,0.12,0.16396720767670225,,,1.0,0.12,26.4996092,26.49956968298791,105.11209888298791,1.3367,1.336698211855586,7.263301788144414
gen=42_member=7127_pso,50,baseline_storage,storage,Storage,S,1.0,0.12,0.12,0.16396720767670225,,,1.0,0.12,33.1831636,33.183068642146345,111.79559784214636,2.56094,2.5609438201383607,6.039056179861639
gen=46_member=7815_pso,50,baseline_storage,storage,Storage,S,1.0,0.12,0.12,0.16396720767670225,,,1.0,0.12,30.2096748,30.209600453547942,108.82212965354798,1.82093,1.8209316870333607,6.779068312966639
gen=41_member=6988_pso,50,baseline_storage,storage,Storage,S,1.0,0.12,0.12,0.16396720767670225,,,1.0,0.12,27.9351096,27.935094147883344,106.54762334788336,1.48478,1.4847806569614805,7.115219343038519
gen=39_member=6630_pso,50,baseline_storage,storage,Storage,S,1.0,0.12,0.12,0.16396720767670225,,,1.0,0.12,32.2866164,32.28667995166453,110.89920915166454,2.28023,2.280231493565503,6.319768506434497
gen=46_member=7750_pso,50,baseline_storage,storage,Storage,S,1.0,0.12,0.12,0.16396720767670225,,,1.0,0.12,33.3573932,33.35737322320111,111.9699024232011,2.61481,2.6148133674398326,5.985186632560167
gen=47_member=8066_pso,50,baseline_storage,storage,Storage,S,1.0,0.12,0.12,0.16396720767670225,,,1.0,0.12,36.1452896,36.14526258672567,114.75779178672568,3.76811,3.7681126270390246,4.831887372960975
gen=49_member=8375_pso,50,baseline_storage,storage,Storage,S,1.0,0.12,0.12,0.16396720767670225,,,1.0,0.12,33.014504,33.01442462041577,111.62695382041578,2.48535,2.4853491554079423,6.114650844592058
gen=48_member=8129_pso,50,baseline_storage,storage,Storage,S,1.0,0.12,0.12,0.16396720767670225,,,1.0,0.12,36.633444399999995,36.63353389800296,115.24606309800296,4.0627,4.06270361545497,4.53729638454503
gen=39_member=6585_pso,50,baseline_storage,storage,Storage,S,1.0,0.12,0.12,0.16396720767670225,,,1.0,0.12,34.7828676,34.78292178056862,113.39545098056861,3.109,3.109000659648074,5.490999340351926
gen=47_member=8011_pso,50,baseline_storage,storage,Storage,S,1.0,0.12,0.12,0.16396720767670225,,,1.0,0.12,35.1213008,35.12122980345115,113.73375900345114,3.26403,3.2640326550202103,5.335967344979789
gen=40_member=6726_pso,50,baseline_storage,storage,Storage,S,1.0,0.12,0.12,0.16396720767670225,,,1.0,0.12,31.242575600000002,31.242517549639818,109.85504674963983,2.03707,2.037067297747835,6.562932702252165
gen=44_member=7543_pso,50,baseline_storage,storage,Storage,S,1.0,0.12,0.12,0.16396720767670225,,,1.0,0.12,35.1870268,35.18705597340057,113.79958517340057,3.29833,3.298334361468742,5.301665638531258
gen=43_member=7287_pso,50,baseline_storage,storage,Storage,S,1.0,0.12,0.12,0.16396720767670225,,,1.0,0.12,33.646587600000004,33.64656535247972,112.25909455247972,2.68124,2.6812389897553146,5.918761010244685
gen=41_member=6982_pso,50,baseline_storage,storage,Storage,S,1.0,0.12,0.12,0.16396720767670225,,,1.0,0.12,36.2787468,36.278668778733376,114.89119797873339,3.84028,3.8402820549687466,4.7597179450312534
gen=33_member=5577_pso,50,baseline_storage,storage,Storage,S,1.0,0.12,0.12,0.16396720767670225,,,1.0,0.12,34.0012852,34.00137781832889,112.6139070183289,2.80281,2.802809316052238,5.797190683947761
gen=48_member=8183_pso,50,baseline_storage,storage,Storage,S,1.0,0.12,0.12,0.16396720767670225,,,1.0,0.12,34.7057788,34.70587203703935,113.31840123703935,3.0773,3.077297589094499,5.5227024109055005
gen=48_member=8234_pso,50,baseline_storage,storage,Storage,S,1.0,0.12,0.12,0.16396720767670225,,,1.0,0.12,23.7818948,23.781937390842728,102.39446659084273,1.1268,1.1267995679231435,7.473200432076856
gen=42_member=7080_pso,50,baseline_storage,storage,Storage,S,1.0,0.12,0.12,0.16396720767670225,,,1.0,0.12,35.2182188,35.21819334968434,113.83072254968432,3.313,3.312997349575764,5.287002650424236
gen=47_member=8007_pso,50,baseline_storage,storage,Storage,S,1.0,0.12,0.12,0.16396720767670225,,,1.0,0.12,34.1347424,34.13470291303967,112.74723211303967,2.85212,2.8521192952616707,5.7478807047383285
gen=35_member=5961_pso,50,baseline_storage,storage,Storage,S,1.0,0.12,0.12,0.16396720767670225,,,1.0,0.12,36.8771876,36.87726444522587,115.48979364522586,4.16397,4.163974337028345,4.436025662971654
gen=31_member=5281_pso,50,baseline_storage,storage,Storage,S,1.0,0.12,0.12,0.16396720767670225,,,1.0,0.12,33.1156552,33.11569694121411,111.72822614121412,2.52766,2.527655550535176,6.072344449464824
gen=44_member=7417_pso,50,baseline_storage,storage,Storage,S,1.0,0.12,0.12,0.16396720767670225,,,1.0,0.12,28.040048399999996,28.04007293817745,106.65260213817746,1.50233,1.5023341028356045,7.097665897164395
gen=32_member=5429_pso,50,baseline_storage,storage,Storage,S,1.0,0.12,0.12,0.16396720767670225,,,1.0,0.12,36.214580399999996,36.214597535229515,114.82712673522953,3.8078,3.8077971403894884,4.792202859610511
gen=37_member=6347_pso,50,baseline_storage,storage,Storage,S,1.0,0.12,0.12,0.16396720767670225,,,1.0,0.12,35.6629276,35.66303769617801,114.275566896178,3.52921,3.5292051773858613,5.070794822614138
gen=42_member=7094_pso,50,baseline_storage,storage,Storage,S,1.0,0.12,0.12,0.16396720767670225,,,1.0,0.12,32.7239728,32.72396444274264,111.33649364274265,2.40462,2.4046240815079276,6.195375918492072
gen=45_member=7577_pso,50,baseline_storage,storage,Storage,S,1.0,0.12,0.12,0.16396720767670225,,,1.0,0.12,33.348481199999995,33.348578128286576,111.96110732828657,2.59343,2.593432230219679,6.006567769780321
gen=38_member=6402_pso,50,baseline_storage,storage,Storage,S,1.0,0.12,0.12,0.16396720767670225,,,1.0,0.12,30.511791600000002,30.51186014513365,109.12438934513365,1.8927,1.8927029265017545,6.707297073498245
gen=31_member=5196_pso,50,baseline_storage,storage,Storage,S,1.0,0.12,0.12,0.16396720767670225,,,1.0,0.12,37.154128,37.154036317385696,115.76656551738569,4.37901,4.3790099839992,4.220990016000799
gen=41_member=6995_pso,50,baseline_storage,storage,Storage,S,1.0,0.12,0.12,0.16396720767670225,,,1.0,0.12,33.0581728,33.05810757863159,111.6706367786316,2.50823,2.5082290688344937,6.091770931165506
gen=39_member=6611_pso,50,baseline_storage,storage,Storage,S,1.0,0.12,0.12,0.16396720767670225,,,1.0,0.12,35.8961992,35.89623286365389,114.5087620636539,3.66312,3.663118269814579,4.936881730185421
gen=49_member=8310_pso,50,baseline_storage,storage,Storage,S,1.0,0.12,0.12,0.16396720767670225,,,1.0,0.12,30.436708,30.43676948862573,109.04929868862573,1.88142,1.8814224001312523,6.718577599868747
gen=41_member=6917_pso,50,baseline_storage,storage,Storage,S,1.0,0.12,0.12,0.16396720767670225,,,1.0,0.12,30.7027312,30.7026693264571,109.3151985264571,1.93448,1.9344802970633985,6.665519702936601
gen=42_member=7156_pso,50,baseline_storage,storage,Storage,S,1.0,0.12,0.12,0.16396720767670225,,,1.0,0.12,30.610492,30.610510708305725,109.22303990830572,1.91823,1.9182267449739134,6.681773255026086
gen=29_member=4898_pso,50,baseline_storage,storage,Storage,S,1.0,0.12,0.12,0.16396720767670225,,,1.0,0.12,35.9271684,35.92717187396659,114.5397010739666,3.68037,3.680374002125098,4.919625997874902
gen=47_member=7961_pso,50,baseline_storage,storage,Storage,S,1.0,0.12,0.12,0.16396720767670225,,,1.0,0.12,32.81844,32.81846706326812,111.43099626326813,2.42627,2.4262709560882163,6.173729043911783
gen=31_member=5213_pso,50,baseline_storage,storage,Storage,S,1.0,0.12,0.12,0.16396720767670225,,,1.0,0.12,34.374698,34.37459988167344,112.98712908167344,2.94698,2.9469766581836145,5.653023341816385
gen=33_member=5529_pso,50,baseline_storage,storage,Storage,S,1.0,0.12,0.12,0.16396720767670225,,,1.0,0.12,18.329822840000002,18.32982475749499,96.94235395749497,0.902294,0.9022937938185509,7.697706206181449
gen=41_member=6902_pso,50,baseline_storage,storage,Storage,S,1.0,0.12,0.12,0.16396720767670225,,,1.0,0.12,29.628389600000002,29.628353465378915,108.24088266537892,1.72975,1.7297505883192235,6.870249411680776
gen=43_member=7373_pso,50,baseline_storage,storage,Storage,S,1.0,0.12,0.12,0.16396720767670225,,,1.0,0.12,30.566823199999998,30.566917442941545,109.17944664294156,1.90841,1.908406212310852,6.691593787689148
gen=43_member=7354_pso,50,baseline_storage,storage,Storage,S,1.0,0.12,0.12,0.16396720767670225,,,1.0,0.12,36.3656388,36.365559376347385,114.97808857634739,3.91205,3.912045083841329,4.68795491615867
gen=48_member=8255_pso,50,baseline_storage,storage,Storage,S,1.0,0.12,0.12,0.16396720767670225,,,1.0,0.12,18.692073360000002,18.692080334260165,97.30460953426017,0.907206,0.9072063929299553,7.692793607070044
gen=38_member=6443_pso,50,baseline_storage,storage,Storage,S,1.0,0.12,0.12,0.16396720767670225,,,1.0,0.12,31.6712428,31.67115470758055,110.28368390758054,2.14746,2.1474636576256336,6.452536342374366
gen=47_member=7988_pso,50,baseline_storage,storage,Storage,S,1.0,0.12,0.12,0.16396720767670225,,,1.0,0.12,30.769794,30.769795007202468,109.38232420720249,1.94462,1.9446224455793006,6.655377554420699
gen=37_member=6360_pso,50,baseline_storage,storage,Storage,S,1.0,0.12,0.12,0.16396720767670225,,,1.0,0.12,28.05609,28.056013799679008,106.668542999679,1.51193,1.5119307530994452,7.088069246900554
gen=48_member=8171_pso,50,baseline_storage,storage,Storage,S,1.0,0.12,0.12,0.16396720767670225,,,1.0,0.12,34.994082,34.99403631605541,113.60656551605543,3.20978,3.2097832134087616,5.390216786591238
gen=45_member=7732_pso,50,baseline_storage,storage,Storage,S,1.0,0.12,0.12,0.16396720767670225,,,1.0,0.12,28.232101999999998,28.232171596528566,106.84470079652857,1.52704,1.5270430343618207,7.072956965638179
gen=35_member=5956_pso,50,baseline_storage,storage,Storage,S,1.0,0.12,0.12,0.16396720767670225,,,1.0,0.12,34.0774828,34.07740547464268,112.6899346746427,2.82984,2.8298424505292394,5.77015754947076
gen=45_member=7623_pso,50,baseline_storage,storage,Storage,S,1.0,0.12,0.12,0.16396720767670225,,,1.0,0.12,26.867897600000003,26.867886619436277,105.48041581943627,1.35875,1.3587454728667916,7.241254527133208
gen=34_member=5765_pso,50,baseline_storage,storage,Storage,S,1.0,0.12,0.12,0.16396720767670225,,,1.0,0.12,30.9233032,30.92338623359191,109.5359154335919,1.98173,1.9817261402621529,6.6182738597378465
gen=38_member=6501_pso,50,baseline_storage,storage,Storage,S,1.0,0.12,0.12,0.16396720767670225,,,1.0,0.12,32.3964568,32.396349530682755,111.00887873068277,2.32041,2.3204104251195217,6.279589574880478
gen=48_member=8203_pso,50,baseline_storage,storage,Storage,S,1.0,0.12,0.12,0.16396720767670225,,,1.0,0.12,32.4539392,32.453841272609736,111.06637047260975,2.33521,2.3352127973438446,6.264787202656155
gen=47_member=7974_pso,50,baseline_storage,storage,Storage,S,1.0,0.12,0.12,0.16396720767670225,,,1.0,0.12,35.0424296,35.04236881028093,113.65489801028093,3.23167,3.231672181574875,5.368327818425125
gen=42_member=7123_pso,50,baseline_storage,storage,Storage,S,1.0,0.12,0.12,0.16396720767670225,,,1.0,0.12,34.3967552,34.396745119239434,113.00927431923942,2.95964,2.9596390707578255,5.640360929242174
gen=30_member=5110_pso,50,baseline_storage,storage,Storage,S,1.0,0.12,0.12,0.16396720767670225,,,1.0,0.12,36.395271199999996,36.39534938259375,115.00787858259373,3.93251,3.932509378217297,4.667490621782703
gen=40_member=6879_pso,50,baseline_storage,storage,Storage,S,1.0,0.12,0.12,0.16396720767670225,,,1.0,0.12,35.52546,35.52547804840835,114.13800724840836,3.47595,3.475950463907369,5.124049536092631
gen=31_member=5217_pso,50,baseline_storage,storage,Storage,S,1.0,0.12,0.12,0.16396720767670225,,,1.0,0.12,36.452308,36.4522647735805,115.0647939735805,3.94088,3.9408802762959994,4.659119723704
gen=42_member=7215_pso,50,baseline_storage,storage,Storage,S,1.0,0.12,0.12,0.16396720767670225,,,1.0,0.12,34.9225632,34.92253563470857,113.53506483470858,3.17583,3.175829157195778,5.424170842804221
gen=37_member=6211_pso,50,baseline_storage,storage,Storage,S,1.0,0.12,0.12,0.16396720767670225,,,1.0,0.12,20.656456399999996,20.656455308041814,99.26898450804181,1.01369,1.0136914070123024,7.586308592987697
gen=40_member=6803_pso,50,baseline_storage,storage,Storage,S,1.0,0.12,0.12,0.16396720767670225,,,1.0,0.12,33.8223768,33.822321012801254,112.43485021280125,2.72359,2.7235943155761655,5.876405684423834
gen=30_member=5155_pso,50,baseline_storage,storage,Storage,S,1.0,0.12,0.12,0.16396720767670225,,,1.0,0.12,34.1209288,34.12094915647915,112.73347835647915,2.84803,2.848031611013018,5.751968388986981
gen=32_member=5405_pso,50,baseline_storage,storage,Storage,S,1.0,0.12,0.12,0.16396720767670225,,,1.0,0.12,27.866487199999998,27.866536503306772,106.47906570330677,1.47179,1.4717926599847913,7.128207340015209
gen=37_member=6224_pso,50,baseline_storage,storage,Storage,S,1.0,0.12,0.12,0.16396720767670225,,,1.0,0.12,35.2442864,35.24434680969291,113.85687600969291,3.32624,3.326237167132866,5.273762832867133
gen=36_member=6188_pso,50,baseline_storage,storage,Storage,S,1.0,0.12,0.12,0.16396720767670225,,,1.0,0.12,26.545060399999997,26.54503702240775,105.15756622240775,1.34227,1.342270068175498,7.257729931824501
gen=44_member=7508_pso,50,baseline_storage,storage,Storage,S,1.0,0.12,0.12,0.16396720767670225,,,1.0,0.12,35.030844,35.030748929325185,113.64327812932517,3.22133,3.2213251018364017,5.378674898163598
gen=48_member=8233_pso,50,baseline_storage,storage,Storage,S,1.0,0.12,0.12,0.16396720767670225,,,1.0,0.12,34.676369199999996,34.67641402474263,113.28894322474264,3.06245,3.0624463998642413,5.537553600135759
gen=27_member=4602_pso,50,baseline_storage,storage,Storage,S,1.0,0.12,0.12,0.16396720767670225,,,1.0,0.12,31.533998,31.534063129350688,110.1465923293507,2.12737,2.1273719794301997,6.4726280205698
gen=34_member=5714_pso,50,baseline_storage,storage,Storage,S,1.0,0.12,0.12,0.16396720767670225,,,1.0,0.12,35.2895148,35.289422752427136,113.90195195242715,3.37452,3.3745240137867936,5.2254759862132065
gen=33_member=5592_pso,50,baseline_storage,storage,Storage,S,1.0,0.12,0.12,0.16396720767670225,,,1.0,0.12,32.9057776,32.90581117439859,111.5183403743986,2.46009,2.4600901846108965,6.139909815389103
gen=46_member=7897_pso,50,baseline_storage,storage,Storage,S,1.0,0.12,0.12,0.16396720767670225,,,1.0,0.12,34.6601048,34.66001472979494,113.27254392979495,3.05438,3.054383085197773,5.545616914802227
gen=44_member=7516_pso,50,baseline_storage,storage,Storage,S,1.0,0.12,0.12,0.16396720767670225,,,1.0,0.12,36.109196,36.10912532430648,114.72165452430647,3.75377,3.753768229615384,4.846231770384616
gen=47_member=8023_pso,50,baseline_storage,storage,Storage,S,1.0,0.12,0.12,0.16396720767670225,,,1.0,0.12,36.075776,36.0756878960716,114.68821709607163,3.73629,3.736287275768742,4.863712724231258
gen=43_member=7367_pso,50,baseline_storage,storage,Storage,S,1.0,0.12,0.12,0.16396720767670225,,,1.0,0.12,35.8665668,35.86655852747779,114.47908772747779,3.64645,3.646452731121315,4.953547268878685
gen=41_member=6969_pso,50,baseline_storage,storage,Storage,S,1.0,0.12,0.12,0.16396720767670225,,,1.0,0.12,34.0139848,34.01408910075473,112.62661830075474,2.81773,2.8177336383909917,5.7822663616090075
gen=34_member=5825_pso,50,baseline_storage,storage,Storage,S,1.0,0.12,0.12,0.16396720767670225,,,1.0,0.12,21.687307439999998,21.6872977704652,100.29982697046519,1.03166,1.031660987734052,7.568339012265948
gen=40_member=6799_pso,50,baseline_storage,storage,Storage,S,1.0,0.12,0.12,0.16396720767670225,,,1.0,0.12,34.952641199999995,34.952751930942966,113.56528113094296,3.18988,3.189877173659776,5.410122826340224
gen=36_member=6120_pso,50,baseline_storage,storage,Storage,S,1.0,0.12,0.12,0.16396720767670225,,,1.0,0.12,35.9581376,35.95802982865704,114.57055902865704,3.68918,3.6891823362554983,4.910817663744501
gen=43_member=7295_pso,50,baseline_storage,storage,Storage,S,1.0,0.12,0.12,0.16396720767670225,,,1.0,0.12,35.5167708,35.51686845465705,114.12939765465704,3.46262,3.462616051819169,5.1373839481808306
gen=37_member=6202_pso,50,baseline_storage,storage,Storage,S,1.0,0.12,0.12,0.16396720767670225,,,1.0,0.12,29.765634399999996,29.765572548609313,108.37810174860931,1.7877,1.7876984758523486,6.812301524147651
gen=41_member=6991_pso,50,baseline_storage,storage,Storage,S,1.0,0.12,0.12,0.16396720767670225,,,1.0,0.12,36.3934888,36.393381324833584,115.00591052483358,3.91812,3.9181165555809114,4.681883444419088
gen=34_member=5786_pso,50,baseline_storage,storage,Storage,S,1.0,0.12,0.12,0.16396720767670225,,,1.0,0.12,35.6983528,35.69845644451818,114.31098564451818,3.5556,3.5555964069787223,5.044403593021277
gen=46_member=7820_pso,50,baseline_storage,storage,Storage,S,1.0,0.12,0.12,0.16396720767670225,,,1.0,0.12,35.8603284,35.860377441964175,114.47290664196417,3.63264,3.6326419104411802,4.96735808955882
gen=49_member=8399_pso,50,baseline_storage,storage,Storage,S,1.0,0.12,0.12,0.16396720767670225,,,1.0,0.12,35.851862,35.85181623963164,114.46434543963164,3.62622,3.626218563359731,4.973781436640269
gen=34_member=5808_pso,50,baseline_storage,storage,Storage,S,1.0,0.12,0.12,0.16396720767670225,,,1.0,0.12,36.496199600000004,36.496093279758526,115.10862247975852,3.95771,3.957705212678139,4.642294787321861
gen=43_member=7329_pso,50,baseline_storage,storage,Storage,S,1.0,0.12,0.12,0.16396720767670225,,,1.0,0.12,34.9811596,34.981147257172495,113.59367645717249,3.19666,3.196664946537503,5.403335053462497
gen=42_member=7088_pso,50,baseline_storage,storage,Storage,S,1.0,0.12,0.12,0.16396720767670225,,,1.0,0.12,35.7903692,35.79047148072272,114.40300068072271,3.60323,3.6032319677579827,4.9967680322420165
gen=45_member=7708_pso,50,baseline_storage,storage,Storage,S,1.0,0.12,0.12,0.16396720767670225,,,1.0,0.12,33.8571336,33.85718549462576,112.46971469462578,2.7429,2.742898734192789,5.857101265807211
gen=32_member=5495_pso,50,baseline_storage,storage,Storage,S,1.0,0.12,0.12,0.16396720767670225,,,1.0,0.12,25.922334399999997,25.92224315458362,104.53477235458361,1.29931,1.2993111659258398,7.30068883407416
gen=41_member=6992_pso,50,baseline_storage,storage,Storage,S,1.0,0.12,0.12,0.16396720767670225,,,1.0,0.12,35.8253488,35.82539989519937,114.43792909519937,3.61253,3.6125298909180685,4.987470109081931
gen=44_member=7474_pso,50,baseline_storage,storage,Storage,S,1.0,0.12,0.12,0.16396720767670225,,,1.0,0.12,35.6065592,35.60659604089044,114.21912524089045,3.50006,3.500060004864631,5.099939995135369
gen=38_member=6529_pso,50,baseline_storage,storage,Storage,S,1.0,0.12,0.12,0.16396720767670225,,,1.0,0.12,34.6110888,34.611036113818564,113.22356531381857,3.04111,3.041111755454159,5.558888244545841
gen=38_member=6418_pso,50,baseline_storage,storage,Storage,S,1.0,0.12,0.12,0.16396720767670225,,,1.0,0.12,34.4430976,34.443010318174956,113.05553951817497,2.97833,2.978329086001256,5.621670913998743
gen=42_member=7193_pso,50,baseline_storage,storage,Storage,S,1.0,0.12,0.12,0.16396720767670225,,,1.0,0.12,33.445622,33.44556490244684,112.05809410244683,2.62386,2.6238571418490007,5.9761428581509985
gen=40_member=6846_pso,50,baseline_storage,storage,Storage,S,1.0,0.12,0.12,0.16396720767670225,,,1.0,0.12,33.0759968,33.07610629167887,111.68863549167887,2.5122,2.5121954424954005,6.087804557504599
gen=42_member=7137_pso,50,baseline_storage,storage,Storage,S,1.0,0.12,0.12,0.16396720767670225,,,1.0,0.12,31.799798399999997,31.799870105395673,110.41239930539568,2.16651,2.166508641055657,6.433491358944343
gen=41_member=6951_pso,50,baseline_storage,storage,Storage,S,1.0,0.12,0.12,0.16396720767670225,,,1.0,0.12,31.7882128,31.788273688982024,110.40080288898203,2.16614,2.1661407021590344,6.433859297840965
gen=44_member=7514_pso,50,baseline_storage,storage,Storage,S,1.0,0.12,0.12,0.16396720767670225,,,1.0,0.12,34.407672399999996,34.40775328560086,113.02028248560086,2.96984,2.969835090773703,5.630164909226297
gen=26_member=4423_pso,50,baseline_storage,storage,Storage,S,1.0,0.12,0.12,0.16396720767670225,,,1.0,0.12,32.826238,32.826298754166096,111.43882795416609,2.44423,2.4442324503270694,6.15576754967293
gen=30_member=5151_pso,50,baseline_storage,storage,Storage,S,1.0,0.12,0.12,0.16396720767670225,,,1.0,0.12,36.297461999999996,36.297392702126395,114.9099219021264,3.85519,3.855186874041565,4.7448131259584345
gen=36_member=6144_pso,50,baseline_storage,storage,Storage,S,1.0,0.12,0.12,0.16396720767670225,,,1.0,0.12,34.510605999999996,34.510550189225945,113.12307938922596,3.00686,3.0068591738707413,5.593140826129258
gen=41_member=6946_pso,50,baseline_storage,storage,Storage,S,1.0,0.12,0.12,0.16396720767670225,,,1.0,0.12,35.683425199999995,35.683385394119824,114.29591459411984,3.5443,3.5442993418543915,5.055700658145608
gen=43_member=7239_pso,50,baseline_storage,storage,Storage,S,1.0,0.12,0.12,0.16396720767670225,,,1.0,0.12,35.7208556,35.72083483075705,114.33336403075705,3.56889,3.568889637147474,5.031110362852526
gen=20_member=3413_pso,50,baseline_storage,storage,Storage,S,1.0,0.12,0.12,0.16396720767670225,,,1.0,0.12,32.9545708,32.95461211746549,111.5671413174655,2.47644,2.476442307505919,6.123557692494081
gen=35_member=5913_pso,50,baseline_storage,storage,Storage,S,1.0,0.12,0.12,0.16396720767670225,,,1.0,0.12,21.26195996,21.261970620979778,99.87449982097976,1.01633,1.0163314134959738,7.583668586504026
gen=47_member=7945_pso,50,baseline_storage,storage,Storage,S,1.0,0.12,0.12,0.16396720767670225,,,1.0,0.12,34.610420399999995,34.610460392456865,113.22298959245687,3.03486,3.0348582169560134,5.565141783043986
gen=31_member=5214_pso,50,baseline_storage,storage,Storage,S,1.0,0.12,0.12,0.16396720767670225,,,1.0,0.12,35.4428012,35.44276706150495,114.05529626150495,3.42253,3.42252865851418,5.17747134148582
gen=35_member=5893_pso,50,baseline_storage,storage,Storage,S,1.0,0.12,0.12,0.16396720767670225,,,1.0,0.12,16.002053,16.002041893722712,94.61457109372272,0.813288,0.8132883924956406,7.786711607504359
gen=42_member=7082_pso,50,baseline_storage,storage,Storage,S,1.0,0.12,0.12,0.16396720767670225,,,1.0,0.12,33.697386,33.697411190937146,112.30994039093714,2.69841,2.6984095035547186,5.901590496445281
gen=44_member=7534_pso,50,baseline_storage,storage,Storage,S,1.0,0.12,0.12,0.16396720767670225,,,1.0,0.12,34.346848,34.34682017838482,112.95934937838484,2.93385,2.9338504123415627,5.6661495876584365
gen=45_member=7645_pso,50,baseline_storage,storage,Storage,S,1.0,0.12,0.12,0.16396720767670225,,,1.0,0.12,35.619036,35.61911037390231,114.23163957390231,3.51669,3.516691347333545,5.083308652666455
gen=39_member=6590_pso,50,baseline_storage,storage,Storage,S,1.0,0.12,0.12,0.16396720767670225,,,1.0,0.12,36.736378,36.73640015568762,115.3489293556876,4.09121,4.091206726931732,4.508793273068267
gen=38_member=6398_pso,50,baseline_storage,storage,Storage,S,1.0,0.12,0.12,0.16396720767670225,,,1.0,0.12,35.0974612,35.09741973001883,113.70994893001883,3.25449,3.2544898932889756,5.345510106711024
gen=45_member=7594_pso,50,baseline_storage,storage,Storage,S,1.0,0.12,0.12,0.16396720767670225,,,1.0,0.12,36.3103844,36.31039554746737,114.92292474746739,3.8606,3.860598708949262,4.739401291050738
gen=48_member=8227_pso,50,baseline_storage,storage,Storage,S,1.0,0.12,0.12,0.16396720767670225,,,1.0,0.12,33.9072636,33.90734269461019,112.51987189461022,2.7553,2.7552995004033938,5.844700499596605
gen=30_member=5150_pso,50,baseline_storage,storage,Storage,S,1.0,0.12,0.12,0.16396720767670225,,,1.0,0.12,36.47793,36.47794126781239,115.0904704678124,3.95517,3.9551744266243625,4.644825573375638
gen=49_member=8327_pso,50,baseline_storage,storage,Storage,S,1.0,0.12,0.12,0.16396720767670225,,,1.0,0.12,30.106963999999998,30.10695679161178,108.71948599161179,1.80674,1.8067379306649054,6.7932620693350945
gen=43_member=7261_pso,50,baseline_storage,storage,Storage,S,1.0,0.12,0.12,0.16396720767670225,,,1.0,0.12,34.4863208,34.48623759426499,113.09876679426499,2.98936,2.989359921162631,5.610640078837369
gen=36_member=6133_pso,50,baseline_storage,storage,Storage,S,1.0,0.12,0.12,0.16396720767670225,,,1.0,0.12,35.8721368,35.87203034437702,114.48455954437703,3.65379,3.6537904336927265,4.946209566307273
gen=41_member=6892_pso,50,baseline_storage,storage,Storage,S,1.0,0.12,0.12,0.16396720767670225,,,1.0,0.12,29.7658572,29.765857301341477,108.37838650134148,1.79322,1.7932215884321627,6.806778411567837
gen=47_member=8012_pso,50,baseline_storage,storage,Storage,S,1.0,0.12,0.12,0.16396720767670225,,,1.0,0.12,35.983982399999995,35.984022812402536,114.59655201240253,3.70111,3.701110964068317,4.898889035931683
gen=47_member=7966_pso,50,baseline_storage,storage,Storage,S,1.0,0.12,0.12,0.16396720767670225,,,1.0,0.12,33.7234536,33.72345101193558,112.3359802119356,2.70123,2.7012340465738194,5.89876595342618
gen=49_member=8363_pso,50,baseline_storage,storage,Storage,S,1.0,0.12,0.12,0.16396720767670225,,,1.0,0.12,35.4777808,35.477807888172215,114.09033708817222,3.43975,3.4397528364932968,5.160247163506703
gen=44_member=7456_pso,50,baseline_storage,storage,Storage,S,1.0,0.12,0.12,0.16396720767670225,,,1.0,0.12,35.4550552,35.454985598383615,114.06751479838361,3.43116,3.431156849191001,5.168843150808998
gen=40_member=6804_pso,50,baseline_storage,storage,Storage,S,1.0,0.12,0.12,0.16396720767670225,,,1.0,0.12,34.5288756,34.528979791643806,113.14150899164382,3.01687,3.016870007405461,5.583129992594539
gen=38_member=6471_pso,50,baseline_storage,storage,Storage,S,1.0,0.12,0.12,0.16396720767670225,,,1.0,0.12,35.0604764,35.06049322067706,113.67302242067706,3.24426,3.2442631362861047,5.355736863713895
gen=22_member=3634_pso,50,baseline_storage,storage,Storage,S,1.0,0.12,0.12,0.16396720767670225,,,1.0,0.12,33.487508399999996,33.48751472965719,112.1000439296572,2.63496,2.6349586355249133,5.965041364475086
gen=44_member=7539_pso,50,baseline_storage,storage,Storage,S,1.0,0.12,0.12,0.16396720767670225,,,1.0,0.12,36.0109412,36.01086498046887,114.62339418046886,3.71574,3.71574467634347,4.88425532365653
gen=49_member=8356_pso,50,baseline_storage,storage,Storage,S,1.0,0.12,0.12,0.16396720767670225,,,1.0,0.12,32.883720399999994,32.88362932713905,111.49615852713904,2.45508,2.455078154837682,6.144921845162317
gen=46_member=7849_pso,50,baseline_storage,storage,Storage,S,1.0,0.12,0.12,0.16396720767670225,,,1.0,0.12,33.7256816,33.7256272553146,112.3381564553146,2.71464,2.714637855713367,5.885362144286633
gen=42_member=7200_pso,50,baseline_storage,storage,Storage,S,1.0,0.12,0.12,0.16396720767670225,,,1.0,0.12,35.3322924,35.33222140569574,113.94475060569573,3.37515,3.375146551306809,5.224853448693191
gen=38_member=6459_pso,50,baseline_storage,storage,Storage,S,1.0,0.12,0.12,0.16396720767670225,,,1.0,0.12,36.735932399999996,36.73590992805043,115.34843912805044,4.07908,4.079081097759876,4.5209189022401235
gen=40_member=6838_pso,50,baseline_storage,storage,Storage,S,1.0,0.12,0.12,0.16396720767670225,,,1.0,0.12,27.5438728,27.54385585819388,106.15638505819388,1.42018,1.4201768569284965,7.179823143071503
gen=35_member=5994_pso,50,baseline_storage,storage,Storage,S,1.0,0.12,0.12,0.16396720767670225,,,1.0,0.12,34.683276,34.68326987798987,113.29579907798986,3.07603,3.076027027129444,5.523972972870556
gen=39_member=6670_pso,50,baseline_storage,storage,Storage,S,1.0,0.12,0.12,0.16396720767670225,,,1.0,0.12,32.435669600000004,32.43577512726643,111.04830432726642,2.33137,2.331366553624733,6.268633446375267
gen=48_member=8120_pso,50,baseline_storage,storage,Storage,S,1.0,0.12,0.12,0.16396720767670225,,,1.0,0.12,36.049485600000004,36.049477181493145,114.66200638149316,3.72385,3.7238509530605737,4.876149046939426
gen=47_member=7929_pso,50,baseline_storage,storage,Storage,S,1.0,0.12,0.12,0.16396720767670225,,,1.0,0.12,33.2756256,33.27569117913837,111.88822037913837,2.58067,2.5806656123379543,6.019334387662045
gen=32_member=5467_pso,50,baseline_storage,storage,Storage,S,1.0,0.12,0.12,0.16396720767670225,,,1.0,0.12,35.4252,35.425295105606956,114.03782430560697,3.40923,3.4092267076579525,5.1907732923420475
gen=45_member=7589_pso,50,baseline_storage,storage,Storage,S,1.0,0.12,0.12,0.16396720767670225,,,1.0,0.12,35.264561199999996,35.264548182297666,113.87707738229766,3.34169,3.3416938493864854,5.258306150613514
gen=42_member=7063_pso,50,baseline_storage,storage,Storage,S,1.0,0.12,0.12,0.16396720767670225,,,1.0,0.12,32.7798956,32.77998072785285,111.39250992785287,2.41578,2.4157795755081053,6.184220424491894
gen=46_member=7783_pso,50,baseline_storage,storage,Storage,S,1.0,0.12,0.12,0.16396720767670225,,,1.0,0.12,35.2509704,35.250884894283324,113.86341409428333,3.33505,3.3350465550096735,5.264953444990326
gen=42_member=7112_pso,50,baseline_storage,storage,Storage,S,1.0,0.12,0.12,0.16396720767670225,,,1.0,0.12,29.955014399999996,29.954952265185444,108.56748146518542,1.80414,1.8041382604731795,6.795861739526821
gen=43_member=7278_pso,50,baseline_storage,storage,Storage,S,1.0,0.12,0.12,0.16396720767670225,,,1.0,0.12,26.961028,26.96102909294159,105.5735582929416,1.36641,1.3664061755116315,7.233593824488368
gen=48_member=8123_pso,50,baseline_storage,storage,Storage,S,1.0,0.12,0.12,0.16396720767670225,,,1.0,0.12,35.7057052,35.70569359544761,114.31822279544762,3.56822,3.568217329581769,5.031782670418231
gen=38_member=6409_pso,50,baseline_storage,storage,Storage,S,1.0,0.12,0.12,0.16396720767670225,,,1.0,0.12,35.5586572,35.558655547749574,114.17118474774956,3.48534,3.4853415920391573,5.114658407960842
gen=36_member=6139_pso,50,baseline_storage,storage,Storage,S,1.0,0.12,0.12,0.16396720767670225,,,1.0,0.12,36.7221188,36.722176673504485,115.33470587350449,4.07625,4.0762456348744855,4.523754365125514
gen=40_member=6783_pso,50,baseline_storage,storage,Storage,S,1.0,0.12,0.12,0.16396720767670225,,,1.0,0.12,34.2880288,34.28795088667764,112.90048008667765,2.92983,2.929833439615535,5.670166560384464
gen=29_member=4924_pso,50,baseline_storage,storage,Storage,S,1.0,0.12,0.12,0.16396720767670225,,,1.0,0.12,33.3221908,33.32221023991749,111.93473943991748,2.58783,2.587828022406685,6.012171977593315
gen=46_member=7822_pso,50,baseline_storage,storage,Storage,S,1.0,0.12,0.12,0.16396720767670225,,,1.0,0.12,36.6993932,36.69936383186918,115.31189303186918,4.06609,4.066085660473553,4.533914339526446
gen=33_member=5655_pso,50,baseline_storage,storage,Storage,S,1.0,0.12,0.12,0.16396720767670225,,,1.0,0.12,35.6303988,35.630370058555734,114.24289925855572,3.51718,3.517184950203703,5.082815049796297
gen=31_member=5227_pso,50,baseline_storage,storage,Storage,S,1.0,0.12,0.12,0.16396720767670225,,,1.0,0.12,33.1920756,33.191986899653344,111.80451609965334,2.57051,2.5705116414506657,6.029488358549334
gen=46_member=7810_pso,50,baseline_storage,storage,Storage,S,1.0,0.12,0.12,0.16396720767670225,,,1.0,0.12,34.574104,34.57406416730866,113.18659336730867,3.02342,3.0234229584310697,5.57657704156893
gen=28_member=4720_pso,50,baseline_storage,storage,Storage,S,1.0,0.12,0.12,0.16396720767670225,,,1.0,0.12,35.3848732,35.38488870745046,113.99741790745045,3.39794,3.397935940640787,5.202064059359213
gen=31_member=5250_pso,50,baseline_storage,storage,Storage,S,1.0,0.12,0.12,0.16396720767670225,,,1.0,0.12,34.0534204,34.05351185359164,112.66604105359163,2.82385,2.8238468837659503,5.776153116234049
gen=46_member=7862_pso,50,baseline_storage,storage,Storage,S,1.0,0.12,0.12,0.16396720767670225,,,1.0,0.12,34.5019168,34.50190548961805,113.11443468961807,2.9983,2.998298907907464,5.601701092092536
gen=29_member=4911_pso,50,baseline_storage,storage,Storage,S,1.0,0.12,0.12,0.16396720767670225,,,1.0,0.12,33.8640404,33.86401239624249,112.47654159624248,2.75415,2.7541462326369746,5.845853767363025
gen=43_member=7385_pso,50,baseline_storage,storage,Storage,S,1.0,0.12,0.12,0.16396720767670225,,,1.0,0.12,26.117729999999998,26.117703630103588,104.73023283010357,1.30432,1.304315285491199,7.2956847145088
gen=34_member=5724_pso,50,baseline_storage,storage,Storage,S,1.0,0.12,0.12,0.16396720767670225,,,1.0,0.12,35.5597712,35.55966917902097,114.17219837902098,3.48909,3.489091483382917,5.110908516617083
gen=39_member=6557_pso,50,baseline_storage,storage,Storage,S,1.0,0.12,0.12,0.16396720767670225,,,1.0,0.12,30.951821600000002,30.95190437561837,109.56443357561837,1.98352,1.9835249724970192,6.616475027502981
gen=43_member=7341_pso,50,baseline_storage,storage,Storage,S,1.0,0.12,0.12,0.16396720767670225,,,1.0,0.12,35.697461600000004,35.69752068422161,114.31004988422161,3.54777,3.5477651856602406,5.052234814339759
gen=37_member=6349_pso,50,baseline_storage,storage,Storage,S,1.0,0.12,0.12,0.16396720767670225,,,1.0,0.12,33.8629264,33.862942575484915,112.47547177548492,2.74347,2.7434690769353645,5.856530923064636
gen=41_member=6889_pso,50,baseline_storage,storage,Storage,S,1.0,0.12,0.12,0.16396720767670225,,,1.0,0.12,27.384348,27.38432060845482,105.99684980845481,1.4106,1.4106019754541828,7.189398024545817
gen=47_member=8010_pso,50,baseline_storage,storage,Storage,S,1.0,0.12,0.12,0.16396720767670225,,,1.0,0.12,33.483498,33.48339815320258,112.09592735320258,2.63426,2.6342594566188096,5.96574054338119
gen=38_member=6465_pso,50,baseline_storage,storage,Storage,S,1.0,0.12,0.12,0.16396720767670225,,,1.0,0.12,35.5849476,35.58483752237572,114.19736672237573,3.49711,3.497111324050283,5.102888675949717
gen=29_member=4976_pso,50,baseline_storage,storage,Storage,S,1.0,0.12,0.12,0.16396720767670225,,,1.0,0.12,32.8534196,32.85346614458213,111.46599534458214,2.44488,2.4448842022049715,6.155115797795029
gen=34_member=5729_pso,50,baseline_storage,storage,Storage,S,1.0,0.12,0.12,0.16396720767670225,,,1.0,0.12,36.1272428,36.12729970982421,114.7398289098242,3.76248,3.7624810950233476,4.837518904976652
gen=46_member=7888_pso,50,baseline_storage,storage,Storage,S,1.0,0.12,0.12,0.16396720767670225,,,1.0,0.12,32.783460399999996,32.783404919650515,111.3959341196505,2.41843,2.418430577488762,6.181569422511238
gen=46_member=7821_pso,50,baseline_storage,storage,Storage,S,1.0,0.12,0.12,0.16396720767670225,,,1.0,0.12,31.01933,31.019254054929405,109.63178325492942,1.99327,1.9932714881763647,6.6067285118236345
gen=48_member=8165_pso,50,baseline_storage,storage,Storage,S,1.0,0.12,0.12,0.16396720767670225,,,1.0,0.12,35.0845388,35.08459194378328,113.69712114378328,3.24714,3.2471408840658538,5.352859115934146
gen=36_member=6131_pso,50,baseline_storage,storage,Storage,S,1.0,0.12,0.12,0.16396720767670225,,,1.0,0.12,36.0098272,36.00986073528155,114.62238993528156,3.70849,3.708493410413307,4.891506589586692
gen=32_member=5391_pso,50,baseline_storage,storage,Storage,S,1.0,0.12,0.12,0.16396720767670225,,,1.0,0.12,33.261589199999996,33.261505768011496,111.8740349680115,2.57343,2.5734339649692104,6.02656603503079
gen=34_member=5740_pso,50,baseline_storage,storage,Storage,S,1.0,0.12,0.12,0.16396720767670225,,,1.0,0.12,27.0249716,27.025055498234494,105.63758469823449,1.37217,1.3721664215087601,7.227833578491239
gen=35_member=5978_pso,50,baseline_storage,storage,Storage,S,1.0,0.12,0.12,0.16396720767670225,,,1.0,0.12,35.7979444,35.798046250315835,114.41057545031585,3.60663,3.6066329183701873,4.993367081629812
gen=32_member=5373_pso,50,baseline_storage,storage,Storage,S,1.0,0.12,0.12,0.16396720767670225,,,1.0,0.12,34.4901084,34.49010839919886,113.10263759919886,2.995,2.995004204654325,5.604995795345674
gen=44_member=7565_pso,50,baseline_storage,storage,Storage,S,1.0,0.12,0.12,0.16396720767670225,,,1.0,0.12,32.9715036,32.97144846847227,111.58397766847226,2.47831,2.478310881640845,6.121689118359155
gen=45_member=7737_pso,50,baseline_storage,storage,Storage,S,1.0,0.12,0.12,0.16396720767670225,,,1.0,0.12,36.1261288,36.12613241634489,114.7386616163449,3.75756,3.7575596650694987,4.842440334930501
gen=35_member=6019_pso,50,baseline_storage,storage,Storage,S,1.0,0.12,0.12,0.16396720767670225,,,1.0,0.12,36.062408,36.06245626130536,114.67498546130537,3.73038,3.7303822104294633,4.869617789570537
gen=46_member=7796_pso,50,baseline_storage,storage,Storage,S,1.0,0.12,0.12,0.16396720767670225,,,1.0,0.12,35.467532,35.46763029885118,114.08015949885117,3.43824,3.43823893574998,5.16176106425002
gen=47_member=7977_pso,50,baseline_storage,storage,Storage,S,1.0,0.12,0.12,0.16396720767670225,,,1.0,0.12,35.5069676,35.506986680921436,114.11951588092144,3.45533,3.4553251022415497,5.14467489775845
gen=49_member=8311_pso,50,baseline_storage,storage,Storage,S,1.0,0.12,0.12,0.16396720767670225,,,1.0,0.12,36.0073764,36.00733726709178,114.61986646709177,3.70558,3.7055758911768053,4.894424108823195
gen=29_member=4851_pso,50,baseline_storage,storage,Storage,S,1.0,0.12,0.12,0.16396720767670225,,,1.0,0.12,35.2643384,35.264277472776136,113.87680667277613,3.33985,3.339852235813954,5.260147764186046
gen=34_member=5819_pso,50,baseline_storage,storage,Storage,S,1.0,0.12,0.12,0.16396720767670225,,,1.0,0.12,34.5609588,34.56103873283972,113.17356793283972,3.0224,3.022398591006844,5.577601408993155
gen=38_member=6490_pso,50,baseline_storage,storage,Storage,S,1.0,0.12,0.12,0.16396720767670225,,,1.0,0.12,36.0697604,36.069858023161345,114.68238722316136,3.73254,3.7325391237239685,4.867460876276031
gen=42_member=7145_pso,50,baseline_storage,storage,Storage,S,1.0,0.12,0.12,0.16396720767670225,,,1.0,0.12,36.306151199999995,36.30614392385608,114.9186731238561,3.85887,3.858871338058117,4.741128661941882
gen=28_member=4655_pso,50,baseline_storage,storage,Storage,S,1.0,0.12,0.12,0.16396720767670225,,,1.0,0.12,33.7361532,33.73614280489097,112.34867200489097,2.71633,2.7163349555958534,5.883665044404147
gen=24_member=4008_pso,50,baseline_storage,storage,Storage,S,1.0,0.12,0.12,0.16396720767670225,,,1.0,0.12,33.7668996,33.76696087691461,112.3794900769146,2.71969,2.7196924545351737,5.8803075454648255
gen=34_member=5732_pso,50,baseline_storage,storage,Storage,S,1.0,0.12,0.12,0.16396720767670225,,,1.0,0.12,33.7822728,33.7821917262945,112.39472092629453,2.72045,2.7204459363071374,5.879554063692862
gen=40_member=6768_pso,50,baseline_storage,storage,Storage,S,1.0,0.12,0.12,0.16396720767670225,,,1.0,0.12,36.653050799999995,36.65302211816361,115.26555131816362,4.06357,4.063568704514503,4.536431295485497
gen=44_member=7554_pso,50,baseline_storage,storage,Storage,S,1.0,0.12,0.12,0.16396720767670225,,,1.0,0.12,33.7114224,33.71131958774986,112.32384878774988,2.69854,2.6985365408908595,5.90146345910914
gen=18_member=3072_pso,50,baseline_storage,storage,Storage,S,1.0,0.12,0.12,0.16396720767670225,,,1.0,0.12,37.154796399999995,37.15490686727385,115.76743606727385,4.37912,4.379123996722136,4.220876003277864
gen=50_member=8445_pso,50,baseline_storage,storage,Storage,S,1.0,0.12,0.12,0.16396720767670225,,,1.0,0.12,20.94736636,20.947372107145803,99.55990130714581,1.01547,1.0154703928416016,7.584529607158398
gen=50_member=8506_pso,50,baseline_storage,storage,Storage,S,1.0,0.12,0.12,0.16396720767670225,,,1.0,0.12,36.1778184,36.17771080932583,114.79024000932583,3.79088,3.7908831835680523,4.809116816431947
gen=50_member=8596_pso,50,baseline_storage,storage,Storage,S,1.0,0.12,0.12,0.16396720767670225,,,1.0,0.12,31.6560924,31.656131000200023,110.26866020020003,2.13446,2.1344595323964763,6.465540467603523
gen=50_member=8464_pso,50,baseline_storage,storage,Storage,S,1.0,0.12,0.12,0.16396720767670225,,,1.0,0.12,35.1692028,35.16929619734085,113.78182539734085,3.28738,3.2873772225461146,5.3126227774538854
gen=50_member=8489_pso,50,baseline_storage,storage,Storage,S,1.0,0.12,0.12,0.16396720767670225,,,1.0,0.12,33.927984,33.928075253726064,112.54060445372608,2.76217,2.7621716131516663,5.837828386848333
gen=50_member=8579_pso,50,baseline_storage,storage,Storage,S,1.0,0.12,0.12,0.16396720767670225,,,1.0,0.12,35.2674576,35.267503555717184,113.8800327557172,3.34196,3.341960069793125,5.258039930206875
gen=50_member=8474_pso,50,baseline_storage,storage,Storage,S,1.0,0.12,0.12,0.16396720767670225,,,1.0,0.12,28.369124,28.369120398124426,106.98164959812442,1.54501,1.545008856601091,7.054991143398908
gen=50_member=8555_pso,50,baseline_storage,storage,Storage,S,1.0,0.12,0.12,0.16396720767670225,,,1.0,0.12,34.7982408,34.798261721440575,113.41079092144058,3.12278,3.122777075087054,5.477222924912946
gen=50_member=8483_pso,50,baseline_storage,storage,Storage,S,1.0,0.12,0.12,0.16396720767670225,,,1.0,0.12,32.124418,32.12450543561306,110.73703463561304,2.25475,2.254748390424492,6.345251609575508
gen=50_member=8443_pso,50,baseline_storage,storage,Storage,S,1.0,0.12,0.12,0.16396720767670225,,,1.0,0.12,29.0288348,29.028751720435796,107.64128092043579,1.62866,1.6286550645203905,6.971344935479609
gen=50_member=8469_pso,50,baseline_storage,storage,Storage,S,1.0,0.12,0.12,0.16396720767670225,,,1.0,0.12,27.342684399999996,27.342638190802248,105.95516739080225,1.39731,1.3973096615726888,7.202690338427311
gen=50_member=8584_pso,50,baseline_storage,storage,Storage,S,1.0,0.12,0.12,0.16396720767670225,,,1.0,0.12,36.776259200000005,36.77633515260383,115.38886435260383,4.09976,4.0997561143955386,4.500243885604461
gen=50_member=8572_pso,50,baseline_storage,storage,Storage,S,1.0,0.12,0.12,0.16396720767670225,,,1.0,0.12,35.3808628,35.38077037906462,113.99329957906461,3.38958,3.389579700812769,5.210420299187231
gen=50_member=8550_pso,50,baseline_storage,storage,Storage,S,1.0,0.12,0.12,0.16396720767670225,,,1.0,0.12,35.4354488,35.43550778076299,114.048036980763,3.41089,3.4108893975704633,5.189110602429537
gen=50_member=8507_pso,50,baseline_storage,storage,Storage,S,1.0,0.12,0.12,0.16396720767670225,,,1.0,0.12,29.1130532,29.113125122660595,107.72565432266059,1.64928,1.6492785593130492,6.950721440686951
gen=50_member=8467_pso,50,baseline_storage,storage,Storage,S,1.0,0.12,0.12,0.16396720767670225,,,1.0,0.12,28.4317308,28.431750054504132,107.04427925450413,1.56923,1.5692285694059316,7.0307714305940685
gen=50_member=8487_pso,50,baseline_storage,storage,Storage,S,1.0,0.12,0.12,0.16396720767670225,,,1.0,0.12,35.5025116,35.50262187067714,114.11515107067714,3.45215,3.4521491223510132,5.147850877648986
152,50,storage_zplus_0p40,storage,Storage,S,1.04,0.1248,0.12,0.1513608096777361,,,1.04,0.1248,39.0853584,39.0854414587126,117.6979706587126,4.78258,4.687104411842829,3.9128955881571708
gen=36_member=6021_pso,50,storage_zplus_0p40,storage,Storage,S,1.04,0.1248,0.12,0.1513608096777361,,,1.04,0.1248,15.73043752,15.730428646974957,94.34295784697495,0.811083,0.7828669915714707,7.817133008428529
16,50,storage_zplus_0p40,storage,Storage,S,1.04,0.1248,0.12,0.1513608096777361,,,1.04,0.1248,38.467534,38.46752870631738,117.08005790631736,4.48927,4.39716909637271,4.20283090362729
130,50,storage_zplus_0p40,storage,Storage,S,1.04,0.1248,0.12,0.1513608096777361,,,1.04,0.1248,38.6001,38.60014577795708,117.21267497795709,4.69071,4.596603391898168,4.0033966081018315
95,50,storage_zplus_0p40,storage,Storage,S,1.04,0.1248,0.12,0.1513608096777361,,,1.04,0.1248,38.900657200000005,38.90068138512153,117.51321058512153,4.70127,4.606163313804018,3.9938366861959818
156,50,storage_zplus_0p40,storage,Storage,S,1.04,0.1248,0.12,0.1513608096777361,,,1.04,0.1248,37.6137644,37.61379239712806,116.22632159712806,4.4265,4.336129377129777,4.263870622870223
gen=47_member=7948_pso,50,storage_zplus_0p40,storage,Storage,S,1.04,0.1248,0.12,0.1513608096777361,,,1.04,0.1248,28.5299856,28.529932454502454,107.14246165450244,1.5703,1.5229817838705766,7.077018216129423
gen=48_member=8161_pso,50,storage_zplus_0p40,storage,Storage,S,1.04,0.1248,0.12,0.1513608096777361,,,1.04,0.1248,24.5082228,24.508282368015493,103.1208115680155,1.17026,1.1290318949068827,7.470968105093117
gen=33_member=5661_pso,50,storage_zplus_0p40,storage,Storage,S,1.04,0.1248,0.12,0.1513608096777361,,,1.04,0.1248,36.8916696,36.89173247767671,115.50426167767671,4.21575,4.127974659456012,4.472025340543988
gen=47_member=7921_pso,50,storage_zplus_0p40,storage,Storage,S,1.04,0.1248,0.12,0.1513608096777361,,,1.04,0.1248,37.0291372,37.029124549782175,115.6416537497822,4.27101,4.182756508692518,4.417243491307482
gen=40_member=6722_pso,50,storage_zplus_0p40,storage,Storage,S,1.04,0.1248,0.12,0.1513608096777361,,,1.04,0.1248,29.2066292,29.206608318766545,107.81913751876654,1.65561,1.6067240108318332,6.993275989168167
gen=48_member=8113_pso,50,storage_zplus_0p40,storage,Storage,S,1.04,0.1248,0.12,0.1513608096777361,,,1.04,0.1248,37.0135412,37.01352492542517,115.62605412542518,4.2324,4.144611077162903,4.455388922837097
gen=48_member=8218_pso,50,storage_zplus_0p40,storage,Storage,S,1.04,0.1248,0.12,0.1513608096777361,,,1.04,0.1248,36.6236412,36.62363801974855,115.23616721974857,4.03399,3.9491920717063276,4.650807928293672
gen=42_member=7058_pso,50,storage_zplus_0p40,storage,Storage,S,1.04,0.1248,0.12,0.1513608096777361,,,1.04,0.1248,17.825114,17.82511697626178,96.4376461762618,0.864582,0.8329533889473917,7.767046611052608
gen=48_member=8245_pso,50,storage_zplus_0p40,storage,Storage,S,1.04,0.1248,0.12,0.1513608096777361,,,1.04,0.1248,36.87897,36.87888641911074,115.49141561911075,4.17121,4.083824145151791,4.516175854848209
gen=41_member=6922_pso,50,storage_zplus_0p40,storage,Storage,S,1.04,0.1248,0.12,0.1513608096777361,,,1.04,0.1248,32.1159516,32.11592080418332,110.72845000418333,2.24821,2.1893190023796567,6.410680997620343
gen=41_member=6885_pso,50,storage_zplus_0p40,storage,Storage,S,1.04,0.1248,0.12,0.1513608096777361,,,1.04,0.1248,16.94815092,16.94814371857778,95.56067291857778,0.828565,0.7989841877641073,7.801015812235892
gen=37_member=6262_pso,50,storage_zplus_0p40,storage,Storage,S,1.04,0.1248,0.12,0.1513608096777361,,,1.04,0.1248,25.3729096,25.372800727077287,103.98532992707726,1.2425,1.2004448611252763,7.399555138874724
gen=39_member=6554_pso,50,storage_zplus_0p40,storage,Storage,S,1.04,0.1248,0.12,0.1513608096777361,,,1.04,0.1248,22.91498,22.91493475179726,101.52746395179726,1.07599,1.037121495949746,7.5628785040502535
gen=44_member=7409_pso,50,storage_zplus_0p40,storage,Storage,S,1.04,0.1248,0.12,0.1513608096777361,,,1.04,0.1248,29.026161199999997,29.02617500954204,107.63870420954201,1.61819,1.5702584339761319,7.029741566023867
gen=33_member=5597_pso,50,storage_zplus_0p40,storage,Storage,S,1.04,0.1248,0.12,0.1513608096777361,,,1.04,0.1248,20.425457360000003,20.425447005160812,99.03797620516082,0.993719,0.9589217018349756,7.641078298165024
gen=35_member=5926_pso,50,storage_zplus_0p40,storage,Storage,S,1.04,0.1248,0.12,0.1513608096777361,,,1.04,0.1248,28.758578399999998,28.75848621927199,107.371015419272,1.60584,1.5580616450641334,7.0419383549358665
gen=42_member=7147_pso,50,storage_zplus_0p40,storage,Storage,S,1.04,0.1248,0.12,0.1513608096777361,,,1.04,0.1248,36.785394,36.78548226240043,115.39801146240043,4.12536,4.038527594594333,4.561472405405667
gen=47_member=7992_pso,50,storage_zplus_0p40,storage,Storage,S,1.04,0.1248,0.12,0.1513608096777361,,,1.04,0.1248,37.303181200000004,37.30318347661641,115.91571267661642,4.41535,4.3252132222288555,4.274786777771144
gen=44_member=7479_pso,50,storage_zplus_0p40,storage,Storage,S,1.04,0.1248,0.12,0.1513608096777361,,,1.04,0.1248,29.72709,29.726992928553695,108.3395221285537,1.7727,1.7215077137656256,6.8784922862343745
gen=46_member=7840_pso,50,storage_zplus_0p40,storage,Storage,S,1.04,0.1248,0.12,0.1513608096777361,,,1.04,0.1248,27.838414399999998,27.838357196260656,106.45088639626066,1.46259,1.4173574165178966,7.182642583482103
gen=36_member=6076_pso,50,storage_zplus_0p40,storage,Storage,S,1.04,0.1248,0.12,0.1513608096777361,,,1.04,0.1248,37.071692,37.07165394641189,115.6841831464119,4.31441,4.225520016691456,4.374479983308544
gen=39_member=6576_pso,50,storage_zplus_0p40,storage,Storage,S,1.04,0.1248,0.12,0.1513608096777361,,,1.04,0.1248,24.576845199999998,24.57679423226629,103.18932343226629,1.21064,1.1698245862526566,7.430175413747343
gen=46_member=7833_pso,50,storage_zplus_0p40,storage,Storage,S,1.04,0.1248,0.12,0.1513608096777361,,,1.04,0.1248,30.2738412,30.273822445456965,108.88635164545695,1.83739,1.7850641965208967,6.814935803479103
gen=36_member=6039_pso,50,storage_zplus_0p40,storage,Storage,S,1.04,0.1248,0.12,0.1513608096777361,,,1.04,0.1248,34.2367848,34.236759922666806,112.84928912266682,2.88658,2.8163876189454324,5.783612381054567
gen=45_member=7630_pso,50,storage_zplus_0p40,storage,Storage,S,1.04,0.1248,0.12,0.1513608096777361,,,1.04,0.1248,20.27341864,20.273425248681576,98.88595444868157,0.964314,0.9292121823322227,7.670787817667777
gen=41_member=7002_pso,50,storage_zplus_0p40,storage,Storage,S,1.04,0.1248,0.12,0.1513608096777361,,,1.04,0.1248,31.456018,31.456010064777686,110.0685392647777,2.09323,2.0366074990555503,6.563392500944449
gen=44_member=7416_pso,50,storage_zplus_0p40,storage,Storage,S,1.04,0.1248,0.12,0.1513608096777361,,,1.04,0.1248,22.539562,22.53949283051267,101.15202203051267,1.03735,0.9994472521893804,7.600552747810619
gen=48_member=8130_pso,50,storage_zplus_0p40,storage,Storage,S,1.04,0.1248,0.12,0.1513608096777361,,,1.04,0.1248,30.2965668,30.29664546331896,108.90917466331896,1.8663,1.8136686597164617,6.786331340283538
gen=42_member=7150_pso,50,storage_zplus_0p40,storage,Storage,S,1.04,0.1248,0.12,0.1513608096777361,,,1.04,0.1248,23.0183592,23.018345966531463,101.63087516653145,1.08725,1.0498731248035293,7.5501268751964705
gen=46_member=7861_pso,50,storage_zplus_0p40,storage,Storage,S,1.04,0.1248,0.12,0.1513608096777361,,,1.04,0.1248,36.5779672,36.57795625745423,115.19048545745423,4.0076,3.9220592217382353,4.677940778261764
gen=47_member=8013_pso,50,storage_zplus_0p40,storage,Storage,S,1.04,0.1248,0.12,0.1513608096777361,,,1.04,0.1248,24.1898416,24.189885878306495,102.80241507830647,1.14776,1.1077709693110622,7.492229030688938
gen=34_member=5833_pso,50,storage_zplus_0p40,storage,Storage,S,1.04,0.1248,0.12,0.1513608096777361,,,1.04,0.1248,37.0554276,37.05546674905064,115.66799594905063,4.29346,4.204773316829714,4.395226683170286
gen=29_member=4835_pso,50,storage_zplus_0p40,storage,Storage,S,1.04,0.1248,0.12,0.1513608096777361,,,1.04,0.1248,31.1628132,31.16289112554577,109.77542032554577,2.02499,1.9691842927688923,6.630815707231108
gen=43_member=7309_pso,50,storage_zplus_0p40,storage,Storage,S,1.04,0.1248,0.12,0.1513608096777361,,,1.04,0.1248,28.36244,28.362383210764136,106.97491241076413,1.53641,1.4899270053048637,7.110072994695136
gen=42_member=7162_pso,50,storage_zplus_0p40,storage,Storage,S,1.04,0.1248,0.12,0.1513608096777361,,,1.04,0.1248,34.2657488,34.265693983561704,112.87822318356172,2.92099,2.850564641975896,5.749435358024104
gen=43_member=7394_pso,50,storage_zplus_0p40,storage,Storage,S,1.04,0.1248,0.12,0.1513608096777361,,,1.04,0.1248,29.6994628,29.69937939750987,108.31190859750988,1.74092,1.6904172984386352,6.909582701561364
gen=47_member=7994_pso,50,storage_zplus_0p40,storage,Storage,S,1.04,0.1248,0.12,0.1513608096777361,,,1.04,0.1248,27.7078536,27.707961235794844,106.32049043579485,1.42551,1.380686586225855,7.219313413774144
gen=48_member=8212_pso,50,storage_zplus_0p40,storage,Storage,S,1.04,0.1248,0.12,0.1513608096777361,,,1.04,0.1248,25.5088176,25.50891213870453,104.12144133870451,1.2664,1.2242175673801543,7.375782432619845
gen=34_member=5718_pso,50,storage_zplus_0p40,storage,Storage,S,1.04,0.1248,0.12,0.1513608096777361,,,1.04,0.1248,19.217970479999998,19.217975104740983,97.83050430474097,0.92753,0.8960149300235655,7.703985069976434
gen=40_member=6749_pso,50,storage_zplus_0p40,storage,Storage,S,1.04,0.1248,0.12,0.1513608096777361,,,1.04,0.1248,32.0337384,32.033822459218676,110.64635165921867,2.22633,2.1674187593083083,6.432581240691691
gen=45_member=7712_pso,50,storage_zplus_0p40,storage,Storage,S,1.04,0.1248,0.12,0.1513608096777361,,,1.04,0.1248,31.9644476,31.96441941761888,110.57694861761888,2.20694,2.1483857314387245,6.451614268561276
gen=49_member=8286_pso,50,storage_zplus_0p40,storage,Storage,S,1.04,0.1248,0.12,0.1513608096777361,,,1.04,0.1248,31.885799199999997,31.88574680923485,110.49827600923484,2.18552,2.127208324413048,6.472791675586952
gen=47_member=7987_pso,50,storage_zplus_0p40,storage,Storage,S,1.04,0.1248,0.12,0.1513608096777361,,,1.04,0.1248,32.3378604,32.3379503115816,110.95047951158162,2.30822,2.2481687942948674,6.351831205705132
gen=42_member=7104_pso,50,storage_zplus_0p40,storage,Storage,S,1.04,0.1248,0.12,0.1513608096777361,,,1.04,0.1248,37.1305112,37.1305477391165,115.7430769391165,4.35228,4.26294042355056,4.337059576449439
gen=44_member=7536_pso,50,storage_zplus_0p40,storage,Storage,S,1.04,0.1248,0.12,0.1513608096777361,,,1.04,0.1248,23.466855600000002,23.46684587614881,102.0793750761488,1.11985,1.081341712724297,7.518658287275702
gen=38_member=6480_pso,50,storage_zplus_0p40,storage,Storage,S,1.04,0.1248,0.12,0.1513608096777361,,,1.04,0.1248,31.4072248,31.407133065935877,110.01966226593586,2.07448,2.0174140948813384,6.582585905118661
gen=43_member=7269_pso,50,storage_zplus_0p40,storage,Storage,S,1.04,0.1248,0.12,0.1513608096777361,,,1.04,0.1248,36.833296,36.83339971387087,115.44592891387086,4.14372,4.056744776638388,4.543255223361611
gen=35_member=5948_pso,50,storage_zplus_0p40,storage,Storage,S,1.04,0.1248,0.12,0.1513608096777361,,,1.04,0.1248,37.07392,37.07384621264411,115.68637541264411,4.33924,4.249972573063285,4.350027426936714
gen=29_member=4871_pso,50,storage_zplus_0p40,storage,Storage,S,1.04,0.1248,0.12,0.1513608096777361,,,1.04,0.1248,17.843495,17.843497187733753,96.45602638773376,0.881544,0.8507536803289393,7.749246319671061
gen=36_member=6031_pso,50,storage_zplus_0p40,storage,Storage,S,1.04,0.1248,0.12,0.1513608096777361,,,1.04,0.1248,31.3383796,31.338390787551674,109.95091998755169,2.05415,1.997651290305475,6.602348709694525
gen=39_member=6689_pso,50,storage_zplus_0p40,storage,Storage,S,1.04,0.1248,0.12,0.1513608096777361,,,1.04,0.1248,29.4165068,29.416418185838467,108.02894738583845,1.67871,1.629438809519101,6.970561190480899
gen=46_member=7811_pso,50,storage_zplus_0p40,storage,Storage,S,1.04,0.1248,0.12,0.1513608096777361,,,1.04,0.1248,30.8479968,30.84800808580873,109.46053728580873,1.95962,1.904984906150203,6.695015093849797
gen=36_member=6150_pso,50,storage_zplus_0p40,storage,Storage,S,1.04,0.1248,0.12,0.1513608096777361,,,1.04,0.1248,29.510305600000002,29.510270949002532,108.12280014900254,1.71536,1.6653504420963836,6.934649557903616
gen=28_member=4698_pso,50,storage_zplus_0p40,storage,Storage,S,1.04,0.1248,0.12,0.1513608096777361,,,1.04,0.1248,19.62453592,19.62453473077234,98.23706393077234,0.948853,0.9147586086568665,7.685241391343133
gen=45_member=7580_pso,50,storage_zplus_0p40,storage,Storage,S,1.04,0.1248,0.12,0.1513608096777361,,,1.04,0.1248,29.4198488,29.41977376399195,108.03230296399194,1.6928,1.6433496751489103,6.95665032485109
gen=37_member=6318_pso,50,storage_zplus_0p40,storage,Storage,S,1.04,0.1248,0.12,0.1513608096777361,,,1.04,0.1248,36.3585092,36.35850397821222,114.97103317821221,3.89263,3.8092963087423413,4.790703691257658
gen=39_member=6634_pso,50,storage_zplus_0p40,storage,Storage,S,1.04,0.1248,0.12,0.1513608096777361,,,1.04,0.1248,37.24659,37.24656995207669,115.8590991520767,4.3792,4.2893742584294,4.3106257415705995
gen=46_member=7788_pso,50,storage_zplus_0p40,storage,Storage,S,1.04,0.1248,0.12,0.1513608096777361,,,1.04,0.1248,32.533256,32.533172613400616,111.1457018134006,2.35444,2.293228887883428,6.3067711121165715
gen=46_member=7881_pso,50,storage_zplus_0p40,storage,Storage,S,1.04,0.1248,0.12,0.1513608096777361,,,1.04,0.1248,27.1929628,27.192862415219388,105.80539161521938,1.37653,1.331565070324638,7.268434929675362
gen=27_member=4566_pso,50,storage_zplus_0p40,storage,Storage,S,1.04,0.1248,0.12,0.1513608096777361,,,1.04,0.1248,34.2026964,34.20265674649548,112.8151859464955,2.87573,2.8050460458668725,5.794953954133128
gen=39_member=6698_pso,50,storage_zplus_0p40,storage,Storage,S,1.04,0.1248,0.12,0.1513608096777361,,,1.04,0.1248,33.52026,33.52015097310551,112.13268017310553,2.6497,2.5834996651418636,6.0165003348581365
gen=41_member=6986_pso,50,storage_zplus_0p40,storage,Storage,S,1.04,0.1248,0.12,0.1513608096777361,,,1.04,0.1248,35.7676436,35.767651554973604,114.38018075497361,3.58673,3.505740720854158,5.094259279145842
gen=41_member=6973_pso,50,storage_zplus_0p40,storage,Storage,S,1.04,0.1248,0.12,0.1513608096777361,,,1.04,0.1248,35.1593996,35.15947657236159,113.77200577236158,3.28388,3.206564025363098,5.393435974636901
gen=27_member=4568_pso,50,storage_zplus_0p40,storage,Storage,S,1.04,0.1248,0.12,0.1513608096777361,,,1.04,0.1248,32.5586552,32.558684654753776,111.17121385475377,2.37042,2.3093784619453444,6.290621538054655
gen=37_member=6357_pso,50,storage_zplus_0p40,storage,Storage,S,1.04,0.1248,0.12,0.1513608096777361,,,1.04,0.1248,32.625718,32.62572860768373,111.23825780768374,2.3887,2.3268338642358537,6.273166135764146
gen=47_member=8006_pso,50,storage_zplus_0p40,storage,Storage,S,1.04,0.1248,0.12,0.1513608096777361,,,1.04,0.1248,36.7613316,36.761407828424296,115.37393702842431,4.09604,4.010465135046518,4.589534864953482
gen=41_member=6898_pso,50,storage_zplus_0p40,storage,Storage,S,1.04,0.1248,0.12,0.1513608096777361,,,1.04,0.1248,31.489438,31.489447863162184,110.10197706316218,2.11934,2.061894208909234,6.538105791090766
gen=39_member=6668_pso,50,storage_zplus_0p40,storage,Storage,S,1.04,0.1248,0.12,0.1513608096777361,,,1.04,0.1248,33.933108399999995,33.933030846740984,112.545560046741,2.77099,2.702656478392234,5.897343521607766
gen=48_member=8200_pso,50,storage_zplus_0p40,storage,Storage,S,1.04,0.1248,0.12,0.1513608096777361,,,1.04,0.1248,34.8907028,34.89080581472363,113.50333501472363,3.16725,3.0918437075251073,5.508156292474892
gen=32_member=5452_pso,50,storage_zplus_0p40,storage,Storage,S,1.04,0.1248,0.12,0.1513608096777361,,,1.04,0.1248,34.8474796,34.84753054005696,113.46005974005696,3.14182,3.067171907288749,5.5328280927112505
gen=44_member=7522_pso,50,storage_zplus_0p40,storage,Storage,S,1.04,0.1248,0.12,0.1513608096777361,,,1.04,0.1248,33.1631116,33.16311565476033,111.77564485476033,2.53937,2.4752498457322454,6.124750154267755
gen=45_member=7699_pso,50,storage_zplus_0p40,storage,Storage,S,1.04,0.1248,0.12,0.1513608096777361,,,1.04,0.1248,25.6714616,25.671464649350018,104.28399384935003,1.28466,1.2430702774673361,7.356929722532664
gen=38_member=6478_pso,50,storage_zplus_0p40,storage,Storage,S,1.04,0.1248,0.12,0.1513608096777361,,,1.04,0.1248,35.2785976,35.27857906393331,113.8911082639333,3.35376,3.2754699118322192,5.32453008816778
gen=48_member=8105_pso,50,storage_zplus_0p40,storage,Storage,S,1.04,0.1248,0.12,0.1513608096777361,,,1.04,0.1248,36.5527908,36.55273076856624,115.16525996856623,3.9902,3.9056230424991285,4.694376957500872
gen=47_member=7995_pso,50,storage_zplus_0p40,storage,Storage,S,1.04,0.1248,0.12,0.1513608096777361,,,1.04,0.1248,36.497536399999994,36.49744644974915,115.10997564974916,3.97511,3.8897761614842716,4.710223838515728
gen=38_member=6507_pso,50,storage_zplus_0p40,storage,Storage,S,1.04,0.1248,0.12,0.1513608096777361,,,1.04,0.1248,36.2430988,36.243072285057984,114.85560148505799,3.82686,3.7440899720193372,4.855910027980663
gen=47_member=8017_pso,50,storage_zplus_0p40,storage,Storage,S,1.04,0.1248,0.12,0.1513608096777361,,,1.04,0.1248,26.3334004,26.33332130996634,104.94585050996633,1.31111,1.2681109822172525,7.331889017782747
gen=28_member=4806_pso,50,storage_zplus_0p40,storage,Storage,S,1.04,0.1248,0.12,0.1513608096777361,,,1.04,0.1248,36.335338,36.335363024535646,114.94789222453565,3.87574,3.7925620335459054,4.807437966454094
gen=33_member=5559_pso,50,storage_zplus_0p40,storage,Storage,S,1.04,0.1248,0.12,0.1513608096777361,,,1.04,0.1248,32.1440244,32.1440689013816,110.7565981013816,2.27771,2.2174698186657635,6.382530181334236
gen=28_member=4728_pso,50,storage_zplus_0p40,storage,Storage,S,1.04,0.1248,0.12,0.1513608096777361,,,1.04,0.1248,25.063886,25.063855919912235,103.67638511991223,1.21593,1.1747037035925305,7.425296296407469
gen=30_member=4999_pso,50,storage_zplus_0p40,storage,Storage,S,1.04,0.1248,0.12,0.1513608096777361,,,1.04,0.1248,33.9879172,33.98794532305361,112.60047452305362,2.78942,2.720011181346646,5.879988818653354
gen=47_member=7949_pso,50,storage_zplus_0p40,storage,Storage,S,1.04,0.1248,0.12,0.1513608096777361,,,1.04,0.1248,31.069014399999997,31.068968509771572,109.68149770977158,1.99378,1.9384848690924545,6.661515130907545
gen=37_member=6216_pso,50,storage_zplus_0p40,storage,Storage,S,1.04,0.1248,0.12,0.1513608096777361,,,1.04,0.1248,34.7610332,34.76111558406628,113.37364478406629,3.104,3.030366943876535,5.569633056123465
gen=35_member=5892_pso,50,storage_zplus_0p40,storage,Storage,S,1.04,0.1248,0.12,0.1513608096777361,,,1.04,0.1248,33.624976,33.6250096550061,112.23753885500611,2.6693,2.602723762502304,5.997276237497696
gen=47_member=7933_pso,50,storage_zplus_0p40,storage,Storage,S,1.04,0.1248,0.12,0.1513608096777361,,,1.04,0.1248,26.4996092,26.49956968298791,105.11209888298791,1.3367,1.2932955270007949,7.306704472999205
gen=42_member=7127_pso,50,storage_zplus_0p40,storage,Storage,S,1.04,0.1248,0.12,0.1513608096777361,,,1.04,0.1248,33.1831636,33.183068642146345,111.79559784214636,2.56094,2.496252961393312,6.103747038606688
gen=46_member=7815_pso,50,storage_zplus_0p40,storage,Storage,S,1.04,0.1248,0.12,0.1513608096777361,,,1.04,0.1248,30.2096748,30.209600453547942,108.82212965354798,1.82093,1.7689739920022771,6.831026007997723
gen=41_member=6988_pso,50,storage_zplus_0p40,storage,Storage,S,1.04,0.1248,0.12,0.1513608096777361,,,1.04,0.1248,27.9351096,27.935094147883344,106.54762334788336,1.48478,1.4389789592403068,7.161021040759692
gen=39_member=6630_pso,50,storage_zplus_0p40,storage,Storage,S,1.04,0.1248,0.12,0.1513608096777361,,,1.04,0.1248,32.2866164,32.28667995166453,110.89920915166454,2.28023,2.2208436113168446,6.379156388683155
gen=46_member=7750_pso,50,storage_zplus_0p40,storage,Storage,S,1.04,0.1248,0.12,0.1513608096777361,,,1.04,0.1248,33.3573932,33.35737322320111,111.9699024232011,2.61481,2.5483742747665765,6.051625725233423
gen=47_member=8066_pso,50,storage_zplus_0p40,storage,Storage,S,1.04,0.1248,0.12,0.1513608096777361,,,1.04,0.1248,36.1452896,36.14526258672567,114.75779178672568,3.76811,3.685889713073097,4.914110286926903
gen=49_member=8375_pso,50,storage_zplus_0p40,storage,Storage,S,1.04,0.1248,0.12,0.1513608096777361,,,1.04,0.1248,33.014504,33.01442462041577,111.62695382041578,2.48535,2.4221911557787332,6.177808844221266
gen=48_member=8129_pso,50,storage_zplus_0p40,storage,Storage,S,1.04,0.1248,0.12,0.1513608096777361,,,1.04,0.1248,36.633444399999995,36.63353389800296,115.24606309800296,4.0627,3.9774885046841932,4.622511495315806
gen=39_member=6585_pso,50,storage_zplus_0p40,storage,Storage,S,1.04,0.1248,0.12,0.1513608096777361,,,1.04,0.1248,34.7828676,34.78292178056862,113.39545098056861,3.109,3.0354386414025507,5.564561358597449
gen=47_member=8011_pso,50,storage_zplus_0p40,storage,Storage,S,1.04,0.1248,0.12,0.1513608096777361,,,1.04,0.1248,35.1213008,35.12122980345115,113.73375900345114,3.26403,3.1872191465968664,5.412780853403133
gen=40_member=6726_pso,50,storage_zplus_0p40,storage,Storage,S,1.04,0.1248,0.12,0.1513608096777361,,,1.04,0.1248,31.242575600000002,31.242517549639818,109.85504674963983,2.03707,1.980971745207008,6.619028254792992
gen=44_member=7543_pso,50,storage_zplus_0p40,storage,Storage,S,1.04,0.1248,0.12,0.1513608096777361,,,1.04,0.1248,35.1870268,35.18705597340057,113.79958517340057,3.29833,3.2208487332498863,5.379151266750114
gen=43_member=7287_pso,50,storage_zplus_0p40,storage,Storage,S,1.04,0.1248,0.12,0.1513608096777361,,,1.04,0.1248,33.646587600000004,33.64656535247972,112.25909455247972,2.68124,2.614526876266283,5.985473123733716
gen=41_member=6982_pso,50,storage_zplus_0p40,storage,Storage,S,1.04,0.1248,0.12,0.1513608096777361,,,1.04,0.1248,36.2787468,36.278668778733376,114.89119797873339,3.84028,3.7569385154374806,4.843061484562519
gen=33_member=5577_pso,50,storage_zplus_0p40,storage,Storage,S,1.04,0.1248,0.12,0.1513608096777361,,,1.04,0.1248,34.0012852,34.00137781832889,112.6139070183289,2.80281,2.7326589136292037,5.867341086370796
gen=48_member=8183_pso,50,storage_zplus_0p40,storage,Storage,S,1.04,0.1248,0.12,0.1513608096777361,,,1.04,0.1248,34.7057788,34.70587203703935,113.31840123703935,3.0773,3.0044018180862118,5.595598181913788
gen=48_member=8234_pso,50,storage_zplus_0p40,storage,Storage,S,1.04,0.1248,0.12,0.1513608096777361,,,1.04,0.1248,23.7818948,23.781937390842728,102.39446659084273,1.1268,1.0882001595044386,7.511799840495561
gen=42_member=7080_pso,50,storage_zplus_0p40,storage,Storage,S,1.04,0.1248,0.12,0.1513608096777361,,,1.04,0.1248,35.2182188,35.21819334968434,113.83072254968432,3.313,3.2352731389203613,5.364726861079639
gen=47_member=8007_pso,50,storage_zplus_0p40,storage,Storage,S,1.04,0.1248,0.12,0.1513608096777361,,,1.04,0.1248,34.1347424,34.13470291303967,112.74723211303967,2.85212,2.781000435591531,5.818999564408468
gen=35_member=5961_pso,50,storage_zplus_0p40,storage,Storage,S,1.04,0.1248,0.12,0.1513608096777361,,,1.04,0.1248,36.8771876,36.87726444522587,115.48979364522586,4.16397,4.077292442273317,4.522707557726682
gen=31_member=5281_pso,50,storage_zplus_0p40,storage,Storage,S,1.04,0.1248,0.12,0.1513608096777361,,,1.04,0.1248,33.1156552,33.11569694121411,111.72822614121412,2.52766,2.463691788815767,6.136308211184232
gen=44_member=7417_pso,50,storage_zplus_0p40,storage,Storage,S,1.04,0.1248,0.12,0.1513608096777361,,,1.04,0.1248,28.040048399999996,28.04007293817745,106.65260213817746,1.50233,1.4565997847751044,7.143400215224895
gen=32_member=5429_pso,50,storage_zplus_0p40,storage,Storage,S,1.04,0.1248,0.12,0.1513608096777361,,,1.04,0.1248,36.214580399999996,36.214597535229515,114.82712673522953,3.8078,3.7249909652459943,4.875009034754005
gen=37_member=6347_pso,50,storage_zplus_0p40,storage,Storage,S,1.04,0.1248,0.12,0.1513608096777361,,,1.04,0.1248,35.6629276,35.66303769617801,114.275566896178,3.52921,3.449006448610574,5.150993551389426
gen=42_member=7094_pso,50,storage_zplus_0p40,storage,Storage,S,1.04,0.1248,0.12,0.1513608096777361,,,1.04,0.1248,32.7239728,32.72396444274264,111.33649364274265,2.40462,2.342986368467645,6.257013631532354
gen=45_member=7577_pso,50,storage_zplus_0p40,storage,Storage,S,1.04,0.1248,0.12,0.1513608096777361,,,1.04,0.1248,33.348481199999995,33.348578128286576,111.96110732828657,2.59343,2.5282714000661164,6.071728599933883
gen=38_member=6402_pso,50,storage_zplus_0p40,storage,Storage,S,1.04,0.1248,0.12,0.1513608096777361,,,1.04,0.1248,30.511791600000002,30.51186014513365,109.12438934513365,1.8927,1.8392754442307946,6.760724555769205
gen=31_member=5196_pso,50,storage_zplus_0p40,storage,Storage,S,1.04,0.1248,0.12,0.1513608096777361,,,1.04,0.1248,37.154128,37.154036317385696,115.76656551738569,4.37901,4.289438680362614,4.310561319637386
gen=41_member=6995_pso,50,storage_zplus_0p40,storage,Storage,S,1.04,0.1248,0.12,0.1513608096777361,,,1.04,0.1248,33.0581728,33.05810757863159,111.6706367786316,2.50823,2.444683919615475,6.155316080384525
gen=39_member=6611_pso,50,storage_zplus_0p40,storage,Storage,S,1.04,0.1248,0.12,0.1513608096777361,,,1.04,0.1248,35.8961992,35.89623286365389,114.5087620636539,3.66312,3.5820619503565747,5.0179380496434245
gen=49_member=8310_pso,50,storage_zplus_0p40,storage,Storage,S,1.04,0.1248,0.12,0.1513608096777361,,,1.04,0.1248,30.436708,30.43676948862573,109.04929868862573,1.88142,1.8279902350303265,6.772009764969673
gen=41_member=6917_pso,50,storage_zplus_0p40,storage,Storage,S,1.04,0.1248,0.12,0.1513608096777361,,,1.04,0.1248,30.7027312,30.7026693264571,109.3151985264571,1.93448,1.880397114395092,6.719602885604908
gen=42_member=7156_pso,50,storage_zplus_0p40,storage,Storage,S,1.04,0.1248,0.12,0.1513608096777361,,,1.04,0.1248,30.610492,30.610510708305725,109.22303990830572,1.91823,1.864353832132177,6.735646167867823
gen=29_member=4898_pso,50,storage_zplus_0p40,storage,Storage,S,1.04,0.1248,0.12,0.1513608096777361,,,1.04,0.1248,35.9271684,35.92717187396659,114.5397010739666,3.68037,3.5975726413274396,5.00242735867256
gen=47_member=7961_pso,50,storage_zplus_0p40,storage,Storage,S,1.04,0.1248,0.12,0.1513608096777361,,,1.04,0.1248,32.81844,32.81846706326812,111.43099626326813,2.42627,2.3641096397657435,6.235890360234256
gen=31_member=5213_pso,50,storage_zplus_0p40,storage,Storage,S,1.04,0.1248,0.12,0.1513608096777361,,,1.04,0.1248,34.374698,34.37459988167344,112.98712908167344,2.94698,2.8764019160918335,5.723598083908167
gen=33_member=5529_pso,50,storage_zplus_0p40,storage,Storage,S,1.04,0.1248,0.12,0.1513608096777361,,,1.04,0.1248,18.329822840000002,18.32982475749499,96.94235395749497,0.902294,0.8707417254174655,7.729258274582534
gen=41_member=6902_pso,50,storage_zplus_0p40,storage,Storage,S,1.04,0.1248,0.12,0.1513608096777361,,,1.04,0.1248,29.628389600000002,29.628353465378915,108.24088266537892,1.72975,1.679444121951245,6.920555878048755
gen=43_member=7373_pso,50,storage_zplus_0p40,storage,Storage,S,1.04,0.1248,0.12,0.1513608096777361,,,1.04,0.1248,30.566823199999998,30.566917442941545,109.17944664294156,1.90841,1.8546465838482713,6.745353416151728
gen=43_member=7354_pso,50,storage_zplus_0p40,storage,Storage,S,1.04,0.1248,0.12,0.1513608096777361,,,1.04,0.1248,36.3656388,36.365559376347385,114.97808857634739,3.91205,3.8281488609902277,4.771851139009772
gen=48_member=8255_pso,50,storage_zplus_0p40,storage,Storage,S,1.04,0.1248,0.12,0.1513608096777361,,,1.04,0.1248,18.692073360000002,18.692080334260165,97.30460953426017,0.907206,0.8755159399870139,7.724484060012986
gen=38_member=6443_pso,50,storage_zplus_0p40,storage,Storage,S,1.04,0.1248,0.12,0.1513608096777361,,,1.04,0.1248,31.6712428,31.67115470758055,110.28368390758054,2.14746,2.089913961817324,6.510086038182676
gen=47_member=7988_pso,50,storage_zplus_0p40,storage,Storage,S,1.04,0.1248,0.12,0.1513608096777361,,,1.04,0.1248,30.769794,30.769795007202468,109.38232420720249,1.94462,1.8902354561910906,6.709764543808909
gen=37_member=6360_pso,50,storage_zplus_0p40,storage,Storage,S,1.04,0.1248,0.12,0.1513608096777361,,,1.04,0.1248,28.05609,28.056013799679008,106.668542999679,1.51193,1.465067497215467,7.134932502784533
gen=48_member=8171_pso,50,storage_zplus_0p40,storage,Storage,S,1.04,0.1248,0.12,0.1513608096777361,,,1.04,0.1248,34.994082,34.99403631605541,113.60656551605543,3.20978,3.133740343766036,5.466259656233964
gen=45_member=7732_pso,50,storage_zplus_0p40,storage,Storage,S,1.04,0.1248,0.12,0.1513608096777361,,,1.04,0.1248,28.232101999999998,28.232171596528566,106.84470079652857,1.52704,1.4807173086609529,7.119282691339047
gen=35_member=5956_pso,50,storage_zplus_0p40,storage,Storage,S,1.04,0.1248,0.12,0.1513608096777361,,,1.04,0.1248,34.0774828,34.07740547464268,112.6899346746427,2.82984,2.758841169423364,5.841158830576635
gen=45_member=7623_pso,50,storage_zplus_0p40,storage,Storage,S,1.04,0.1248,0.12,0.1513608096777361,,,1.04,0.1248,26.867897600000003,26.867886619436277,105.48041581943627,1.35875,1.314405919036964,7.285594080963036
gen=34_member=5765_pso,50,storage_zplus_0p40,storage,Storage,S,1.04,0.1248,0.12,0.1513608096777361,,,1.04,0.1248,30.9233032,30.92338623359191,109.5359154335919,1.98173,1.926753105873653,6.673246894126347
gen=38_member=6501_pso,50,storage_zplus_0p40,storage,Storage,S,1.04,0.1248,0.12,0.1513608096777361,,,1.04,0.1248,32.3964568,32.396349530682755,111.00887873068277,2.32041,2.2599647371187292,6.340035262881271
gen=48_member=8203_pso,50,storage_zplus_0p40,storage,Storage,S,1.04,0.1248,0.12,0.1513608096777361,,,1.04,0.1248,32.4539392,32.453841272609736,111.06637047260975,2.33521,2.2746645749439565,6.325335425056043
gen=47_member=7974_pso,50,storage_zplus_0p40,storage,Storage,S,1.04,0.1248,0.12,0.1513608096777361,,,1.04,0.1248,35.0424296,35.04236881028093,113.65489801028093,3.23167,3.1551604061864604,5.444839593813539
gen=42_member=7123_pso,50,storage_zplus_0p40,storage,Storage,S,1.04,0.1248,0.12,0.1513608096777361,,,1.04,0.1248,34.3967552,34.396745119239434,113.00927431923942,2.95964,2.8894094366424463,5.710590563357553
gen=30_member=5110_pso,50,storage_zplus_0p40,storage,Storage,S,1.04,0.1248,0.12,0.1513608096777361,,,1.04,0.1248,36.395271199999996,36.39534938259375,115.00787858259373,3.93251,3.848593339980847,4.7514066600191525
gen=40_member=6879_pso,50,storage_zplus_0p40,storage,Storage,S,1.04,0.1248,0.12,0.1513608096777361,,,1.04,0.1248,35.52546,35.52547804840835,114.13800724840836,3.47595,3.3958845388702654,5.204115461129734
gen=31_member=5217_pso,50,storage_zplus_0p40,storage,Storage,S,1.04,0.1248,0.12,0.1513608096777361,,,1.04,0.1248,36.452308,36.4522647735805,115.0647939735805,3.94088,3.856258012646628,4.7437419873533715
gen=42_member=7215_pso,50,storage_zplus_0p40,storage,Storage,S,1.04,0.1248,0.12,0.1513608096777361,,,1.04,0.1248,34.9225632,34.92253563470857,113.53506483470858,3.17583,3.100691223879938,5.499308776120062
gen=37_member=6211_pso,50,storage_zplus_0p40,storage,Storage,S,1.04,0.1248,0.12,0.1513608096777361,,,1.04,0.1248,20.656456399999996,20.656455308041814,99.26898450804181,1.01369,0.9788958767512991,7.621104123248701
gen=40_member=6803_pso,50,storage_zplus_0p40,storage,Storage,S,1.04,0.1248,0.12,0.1513608096777361,,,1.04,0.1248,33.8223768,33.822321012801254,112.43485021280125,2.72359,2.6560208058367487,5.943979194163251
gen=30_member=5155_pso,50,storage_zplus_0p40,storage,Storage,S,1.04,0.1248,0.12,0.1513608096777361,,,1.04,0.1248,34.1209288,34.12094915647915,112.73347835647915,2.84803,2.7790513723209953,5.820948627679004
gen=32_member=5405_pso,50,storage_zplus_0p40,storage,Storage,S,1.04,0.1248,0.12,0.1513608096777361,,,1.04,0.1248,27.866487199999998,27.866536503306772,106.47906570330677,1.47179,1.425405210978905,7.174594789021095
gen=37_member=6224_pso,50,storage_zplus_0p40,storage,Storage,S,1.04,0.1248,0.12,0.1513608096777361,,,1.04,0.1248,35.2442864,35.24434680969291,113.85687600969291,3.32624,3.248301336268762,5.351698663731238
gen=36_member=6188_pso,50,storage_zplus_0p40,storage,Storage,S,1.04,0.1248,0.12,0.1513608096777361,,,1.04,0.1248,26.545060399999997,26.54503702240775,105.15756622240775,1.34227,1.2991074590547116,7.300892540945288
gen=44_member=7508_pso,50,storage_zplus_0p40,storage,Storage,S,1.04,0.1248,0.12,0.1513608096777361,,,1.04,0.1248,35.030844,35.030748929325185,113.64327812932517,3.22133,3.145016278469539,5.454983721530461
gen=48_member=8233_pso,50,storage_zplus_0p40,storage,Storage,S,1.04,0.1248,0.12,0.1513608096777361,,,1.04,0.1248,34.676369199999996,34.67641402474263,113.28894322474264,3.06245,2.989824621108662,5.610175378891338
gen=27_member=4602_pso,50,storage_zplus_0p40,storage,Storage,S,1.04,0.1248,0.12,0.1513608096777361,,,1.04,0.1248,31.533998,31.534063129350688,110.1465923293507,2.12737,2.0694978034351954,6.530502196564804
gen=34_member=5714_pso,50,storage_zplus_0p40,storage,Storage,S,1.04,0.1248,0.12,0.1513608096777361,,,1.04,0.1248,35.2895148,35.289422752427136,113.90195195242715,3.37452,3.299400762770132,5.300599237229868
gen=33_member=5592_pso,50,storage_zplus_0p40,storage,Storage,S,1.04,0.1248,0.12,0.1513608096777361,,,1.04,0.1248,32.9057776,32.90581117439859,111.5183403743986,2.46009,2.397451505895617,6.2025484941043825
gen=46_member=7897_pso,50,storage_zplus_0p40,storage,Storage,S,1.04,0.1248,0.12,0.1513608096777361,,,1.04,0.1248,34.6601048,34.66001472979494,113.27254392979495,3.05438,2.982215925892824,5.617784074107176
gen=44_member=7516_pso,50,storage_zplus_0p40,storage,Storage,S,1.04,0.1248,0.12,0.1513608096777361,,,1.04,0.1248,36.109196,36.10912532430648,114.72165452430647,3.75377,3.67176907713871,4.92823092286129
gen=47_member=8023_pso,50,storage_zplus_0p40,storage,Storage,S,1.04,0.1248,0.12,0.1513608096777361,,,1.04,0.1248,36.075776,36.0756878960716,114.68821709607163,3.73629,3.654546036917051,4.945453963082949
gen=43_member=7367_pso,50,storage_zplus_0p40,storage,Storage,S,1.04,0.1248,0.12,0.1513608096777361,,,1.04,0.1248,35.8665668,35.86655852747779,114.47908772747779,3.64645,3.5647768552531764,5.035223144746823
gen=41_member=6969_pso,50,storage_zplus_0p40,storage,Storage,S,1.04,0.1248,0.12,0.1513608096777361,,,1.04,0.1248,34.0139848,34.01408910075473,112.62661830075474,2.81773,2.7470145587484116,5.8529854412515885
gen=34_member=5825_pso,50,storage_zplus_0p40,storage,Storage,S,1.04,0.1248,0.12,0.1513608096777361,,,1.04,0.1248,21.687307439999998,21.6872977704652,100.29982697046519,1.03166,0.9955767298951519,7.6044232701048475
gen=40_member=6799_pso,50,storage_zplus_0p40,storage,Storage,S,1.04,0.1248,0.12,0.1513608096777361,,,1.04,0.1248,34.952641199999995,34.952751930942966,113.56528113094296,3.18988,3.1141741415048143,5.485825858495185
gen=36_member=6120_pso,50,storage_zplus_0p40,storage,Storage,S,1.04,0.1248,0.12,0.1513608096777361,,,1.04,0.1248,35.9581376,35.95802982865704,114.57055902865704,3.68918,3.607987185103597,4.992012814896403
gen=43_member=7295_pso,50,storage_zplus_0p40,storage,Storage,S,1.04,0.1248,0.12,0.1513608096777361,,,1.04,0.1248,35.5167708,35.51686845465705,114.12939765465704,3.46262,3.3836859259514216,5.216314074048578
gen=37_member=6202_pso,50,storage_zplus_0p40,storage,Storage,S,1.04,0.1248,0.12,0.1513608096777361,,,1.04,0.1248,29.765634399999996,29.765572548609313,108.37810174860931,1.7877,1.7363873120102722,6.863612687989727
gen=41_member=6991_pso,50,storage_zplus_0p40,storage,Storage,S,1.04,0.1248,0.12,0.1513608096777361,,,1.04,0.1248,36.3934888,36.393381324833584,115.00591052483358,3.91812,3.8336286879240977,4.766371312075902
gen=34_member=5786_pso,50,storage_zplus_0p40,storage,Storage,S,1.04,0.1248,0.12,0.1513608096777361,,,1.04,0.1248,35.6983528,35.69845644451818,114.31098564451818,3.5556,3.4748288244674623,5.125171175532538
gen=46_member=7820_pso,50,storage_zplus_0p40,storage,Storage,S,1.04,0.1248,0.12,0.1513608096777361,,,1.04,0.1248,35.8603284,35.860377441964175,114.47290664196417,3.63264,3.551575933734483,5.048424066265516
gen=49_member=8399_pso,50,storage_zplus_0p40,storage,Storage,S,1.04,0.1248,0.12,0.1513608096777361,,,1.04,0.1248,35.851862,35.85181623963164,114.46434543963164,3.62622,3.5452528872502582,5.054747112749741
gen=34_member=5808_pso,50,storage_zplus_0p40,storage,Storage,S,1.04,0.1248,0.12,0.1513608096777361,,,1.04,0.1248,36.496199600000004,36.496093279758526,115.10862247975852,3.95771,3.8736960121776742,4.726303987822325
gen=43_member=7329_pso,50,storage_zplus_0p40,storage,Storage,S,1.04,0.1248,0.12,0.1513608096777361,,,1.04,0.1248,34.9811596,34.981147257172495,113.59367645717249,3.19666,3.120822530660667,5.479177469339333
gen=42_member=7088_pso,50,storage_zplus_0p40,storage,Storage,S,1.04,0.1248,0.12,0.1513608096777361,,,1.04,0.1248,35.7903692,35.79047148072272,114.40300068072271,3.60323,3.522300877304932,5.077699122695067
gen=45_member=7708_pso,50,storage_zplus_0p40,storage,Storage,S,1.04,0.1248,0.12,0.1513608096777361,,,1.04,0.1248,33.8571336,33.85718549462576,112.46971469462578,2.7429,2.6747353099589355,5.925264690041065
gen=32_member=5495_pso,50,storage_zplus_0p40,storage,Storage,S,1.04,0.1248,0.12,0.1513608096777361,,,1.04,0.1248,25.922334399999997,25.92224315458362,104.53477235458361,1.29931,1.2564763114574047,7.343523688542595
gen=41_member=6992_pso,50,storage_zplus_0p40,storage,Storage,S,1.04,0.1248,0.12,0.1513608096777361,,,1.04,0.1248,35.8253488,35.82539989519937,114.43792909519937,3.61253,3.5317573252097,5.0682426747903
gen=44_member=7474_pso,50,storage_zplus_0p40,storage,Storage,S,1.04,0.1248,0.12,0.1513608096777361,,,1.04,0.1248,35.6065592,35.60659604089044,114.21912524089045,3.50006,3.419976746845647,5.180023253154353
gen=38_member=6529_pso,50,storage_zplus_0p40,storage,Storage,S,1.04,0.1248,0.12,0.1513608096777361,,,1.04,0.1248,34.6110888,34.611036113818564,113.22356531381857,3.04111,2.9691843737426034,5.630815626257396
gen=38_member=6418_pso,50,storage_zplus_0p40,storage,Storage,S,1.04,0.1248,0.12,0.1513608096777361,,,1.04,0.1248,34.4430976,34.443010318174956,113.05553951817497,2.97833,2.9077289680104075,5.692271031989592
gen=42_member=7193_pso,50,storage_zplus_0p40,storage,Storage,S,1.04,0.1248,0.12,0.1513608096777361,,,1.04,0.1248,33.445622,33.44556490244684,112.05809410244683,2.62386,2.5579715151512414,6.042028484848759
gen=40_member=6846_pso,50,storage_zplus_0p40,storage,Storage,S,1.04,0.1248,0.12,0.1513608096777361,,,1.04,0.1248,33.0759968,33.07610629167887,111.68863549167887,2.5122,2.448218639762578,6.151781360237422
gen=42_member=7137_pso,50,storage_zplus_0p40,storage,Storage,S,1.04,0.1248,0.12,0.1513608096777361,,,1.04,0.1248,31.799798399999997,31.799870105395673,110.41239930539568,2.16651,2.1083011888243415,6.491698811175658
gen=41_member=6951_pso,50,storage_zplus_0p40,storage,Storage,S,1.04,0.1248,0.12,0.1513608096777361,,,1.04,0.1248,31.7882128,31.788273688982024,110.40080288898203,2.16614,2.1085914524323663,6.491408547567634
gen=44_member=7514_pso,50,storage_zplus_0p40,storage,Storage,S,1.04,0.1248,0.12,0.1513608096777361,,,1.04,0.1248,34.407672399999996,34.40775328560086,113.02028248560086,2.96984,2.8990135452815684,5.700986454718431
gen=26_member=4423_pso,50,storage_zplus_0p40,storage,Storage,S,1.04,0.1248,0.12,0.1513608096777361,,,1.04,0.1248,32.826238,32.826298754166096,111.43882795416609,2.44423,2.3818502633811955,6.218149736618804
gen=30_member=5151_pso,50,storage_zplus_0p40,storage,Storage,S,1.04,0.1248,0.12,0.1513608096777361,,,1.04,0.1248,36.297461999999996,36.297392702126395,114.9099219021264,3.85519,3.772156336416132,4.8278436635838675
gen=36_member=6144_pso,50,storage_zplus_0p40,storage,Storage,S,1.04,0.1248,0.12,0.1513608096777361,,,1.04,0.1248,34.510605999999996,34.510550189225945,113.12307938922596,3.00686,2.9357004632437245,5.664299536756275
gen=41_member=6946_pso,50,storage_zplus_0p40,storage,Storage,S,1.04,0.1248,0.12,0.1513608096777361,,,1.04,0.1248,35.683425199999995,35.683385394119824,114.29591459411984,3.5443,3.4640110948208958,5.135988905179104
gen=43_member=7239_pso,50,storage_zplus_0p40,storage,Storage,S,1.04,0.1248,0.12,0.1513608096777361,,,1.04,0.1248,35.7208556,35.72083483075705,114.33336403075705,3.56889,3.488105409939647,5.111894590060352
gen=20_member=3413_pso,50,storage_zplus_0p40,storage,Storage,S,1.04,0.1248,0.12,0.1513608096777361,,,1.04,0.1248,32.9545708,32.95461211746549,111.5671413174655,2.47644,2.413438127044636,6.186561872955364
gen=35_member=5913_pso,50,storage_zplus_0p40,storage,Storage,S,1.04,0.1248,0.12,0.1513608096777361,,,1.04,0.1248,21.26195996,21.261970620979778,99.87449982097976,1.01633,0.9808581747134834,7.619141825286516
gen=47_member=7945_pso,50,storage_zplus_0p40,storage,Storage,S,1.04,0.1248,0.12,0.1513608096777361,,,1.04,0.1248,34.610420399999995,34.610460392456865,113.22298959245687,3.03486,2.9630847819658332,5.636915218034167
gen=31_member=5214_pso,50,storage_zplus_0p40,storage,Storage,S,1.04,0.1248,0.12,0.1513608096777361,,,1.04,0.1248,35.4428012,35.44276706150495,114.05529626150495,3.42253,3.3431912363548353,5.256808763645164
gen=35_member=5893_pso,50,storage_zplus_0p40,storage,Storage,S,1.04,0.1248,0.12,0.1513608096777361,,,1.04,0.1248,16.002053,16.002041893722712,94.61457109372272,0.813288,0.7848918100683222,7.815108189931678
gen=42_member=7082_pso,50,storage_zplus_0p40,storage,Storage,S,1.04,0.1248,0.12,0.1513608096777361,,,1.04,0.1248,33.697386,33.697411190937146,112.30994039093714,2.69841,2.6312514790894643,5.968748520910536
gen=44_member=7534_pso,50,storage_zplus_0p40,storage,Storage,S,1.04,0.1248,0.12,0.1513608096777361,,,1.04,0.1248,34.346848,34.34682017838482,112.95934937838484,2.93385,2.863689928073901,5.736310071926098
gen=45_member=7645_pso,50,storage_zplus_0p40,storage,Storage,S,1.04,0.1248,0.12,0.1513608096777361,,,1.04,0.1248,35.619036,35.61911037390231,114.23163957390231,3.51669,3.436590174357305,5.163409825642695
gen=39_member=6590_pso,50,storage_zplus_0p40,storage,Storage,S,1.04,0.1248,0.12,0.1513608096777361,,,1.04,0.1248,36.736378,36.73640015568762,115.3489293556876,4.09121,4.005698587522769,4.594301412477231
gen=38_member=6398_pso,50,storage_zplus_0p40,storage,Storage,S,1.04,0.1248,0.12,0.1513608096777361,,,1.04,0.1248,35.0974612,35.09741973001883,113.70994893001883,3.25449,3.1776763152964937,5.422323684703506
gen=45_member=7594_pso,50,storage_zplus_0p40,storage,Storage,S,1.04,0.1248,0.12,0.1513608096777361,,,1.04,0.1248,36.3103844,36.31039554746737,114.92292474746739,3.8606,3.7775425426809845,4.822457457319015
gen=48_member=8227_pso,50,storage_zplus_0p40,storage,Storage,S,1.04,0.1248,0.12,0.1513608096777361,,,1.04,0.1248,33.9072636,33.90734269461019,112.51987189461022,2.7553,2.686867945786637,5.913132054213363
gen=30_member=5150_pso,50,storage_zplus_0p40,storage,Storage,S,1.04,0.1248,0.12,0.1513608096777361,,,1.04,0.1248,36.47793,36.47794126781239,115.0904704678124,3.95517,3.8711105705199373,4.728889429480063
gen=49_member=8327_pso,50,storage_zplus_0p40,storage,Storage,S,1.04,0.1248,0.12,0.1513608096777361,,,1.04,0.1248,30.106963999999998,30.10695679161178,108.71948599161179,1.80674,1.7546708718526378,6.845329128147362
gen=43_member=7261_pso,50,storage_zplus_0p40,storage,Storage,S,1.04,0.1248,0.12,0.1513608096777361,,,1.04,0.1248,34.4863208,34.48623759426499,113.09876679426499,2.98936,2.9185488308834886,5.681451169116511
gen=36_member=6133_pso,50,storage_zplus_0p40,storage,Storage,S,1.04,0.1248,0.12,0.1513608096777361,,,1.04,0.1248,35.8721368,35.87203034437702,114.48455954437703,3.65379,3.572578103891012,5.027421896108988
gen=41_member=6892_pso,50,storage_zplus_0p40,storage,Storage,S,1.04,0.1248,0.12,0.1513608096777361,,,1.04,0.1248,29.7658572,29.765857301341477,108.37838650134148,1.79322,1.7418136918997593,6.85818630810024
gen=47_member=8012_pso,50,storage_zplus_0p40,storage,Storage,S,1.04,0.1248,0.12,0.1513608096777361,,,1.04,0.1248,35.983982399999995,35.984022812402536,114.59655201240253,3.70111,3.6194380479935795,4.98056195200642
gen=47_member=7966_pso,50,storage_zplus_0p40,storage,Storage,S,1.04,0.1248,0.12,0.1513608096777361,,,1.04,0.1248,33.7234536,33.72345101193558,112.3359802119356,2.70123,2.634083141521412,5.965916858478588
gen=49_member=8363_pso,50,storage_zplus_0p40,storage,Storage,S,1.04,0.1248,0.12,0.1513608096777361,,,1.04,0.1248,35.4777808,35.477807888172215,114.09033708817222,3.43975,3.3608940270522814,5.239105972947718
gen=44_member=7456_pso,50,storage_zplus_0p40,storage,Storage,S,1.04,0.1248,0.12,0.1513608096777361,,,1.04,0.1248,35.4550552,35.454985598383615,114.06751479838361,3.43116,3.3516937456298534,5.248306254370146
gen=40_member=6804_pso,50,storage_zplus_0p40,storage,Storage,S,1.04,0.1248,0.12,0.1513608096777361,,,1.04,0.1248,34.5288756,34.528979791643806,113.14150899164382,3.01687,2.945689998305423,5.654310001694577
gen=38_member=6471_pso,50,storage_zplus_0p40,storage,Storage,S,1.04,0.1248,0.12,0.1513608096777361,,,1.04,0.1248,35.0604764,35.06049322067706,113.67302242067706,3.24426,3.1675459158996326,5.4324540841003675
gen=22_member=3634_pso,50,storage_zplus_0p40,storage,Storage,S,1.04,0.1248,0.12,0.1513608096777361,,,1.04,0.1248,33.487508399999996,33.48751472965719,112.1000439296572,2.63496,2.569000504586873,6.030999495413127
gen=44_member=7539_pso,50,storage_zplus_0p40,storage,Storage,S,1.04,0.1248,0.12,0.1513608096777361,,,1.04,0.1248,36.0109412,36.01086498046887,114.62339418046886,3.71574,3.634259544074659,4.96574045592534
gen=49_member=8356_pso,50,storage_zplus_0p40,storage,Storage,S,1.04,0.1248,0.12,0.1513608096777361,,,1.04,0.1248,32.883720399999994,32.88362932713905,111.49615852713904,2.45508,2.392464628566544,6.207535371433456
gen=46_member=7849_pso,50,storage_zplus_0p40,storage,Storage,S,1.04,0.1248,0.12,0.1513608096777361,,,1.04,0.1248,33.7256816,33.7256272553146,112.3381564553146,2.71464,2.6472384635250825,5.952761536474917
gen=42_member=7200_pso,50,storage_zplus_0p40,storage,Storage,S,1.04,0.1248,0.12,0.1513608096777361,,,1.04,0.1248,35.3322924,35.33222140569574,113.94475060569573,3.37515,3.2964296310124634,5.303570368987536
gen=38_member=6459_pso,50,storage_zplus_0p40,storage,Storage,S,1.04,0.1248,0.12,0.1513608096777361,,,1.04,0.1248,36.735932399999996,36.73590992805043,115.34843912805044,4.07908,3.993792076957447,4.606207923042552
gen=40_member=6838_pso,50,storage_zplus_0p40,storage,Storage,S,1.04,0.1248,0.12,0.1513608096777361,,,1.04,0.1248,27.5438728,27.54385585819388,106.15638505819388,1.42018,1.3754051271945933,7.224594872805406
gen=35_member=5994_pso,50,storage_zplus_0p40,storage,Storage,S,1.04,0.1248,0.12,0.1513608096777361,,,1.04,0.1248,34.683276,34.68326987798987,113.29579907798986,3.07603,3.002940481149318,5.597059518850681
gen=39_member=6670_pso,50,storage_zplus_0p40,storage,Storage,S,1.04,0.1248,0.12,0.1513608096777361,,,1.04,0.1248,32.435669600000004,32.43577512726643,111.04830432726642,2.33137,2.2709014675536463,6.329098532446354
gen=48_member=8120_pso,50,storage_zplus_0p40,storage,Storage,S,1.04,0.1248,0.12,0.1513608096777361,,,1.04,0.1248,36.049485600000004,36.049477181493145,114.66200638149316,3.72385,3.642298532552743,4.957701467447256
gen=47_member=7929_pso,50,storage_zplus_0p40,storage,Storage,S,1.04,0.1248,0.12,0.1513608096777361,,,1.04,0.1248,33.2756256,33.27569117913837,111.88822037913837,2.58067,2.515384634815688,6.084615365184312
gen=32_member=5467_pso,50,storage_zplus_0p40,storage,Storage,S,1.04,0.1248,0.12,0.1513608096777361,,,1.04,0.1248,35.4252,35.425295105606956,114.03782430560697,3.40923,3.3300522783948625,5.269947721605137
gen=45_member=7589_pso,50,storage_zplus_0p40,storage,Storage,S,1.04,0.1248,0.12,0.1513608096777361,,,1.04,0.1248,35.264561199999996,35.264548182297666,113.87707738229766,3.34169,3.2639406533065243,5.336059346693475
gen=42_member=7063_pso,50,storage_zplus_0p40,storage,Storage,S,1.04,0.1248,0.12,0.1513608096777361,,,1.04,0.1248,32.7798956,32.77998072785285,111.39250992785287,2.41578,2.353944008642672,6.246055991357327
gen=46_member=7783_pso,50,storage_zplus_0p40,storage,Storage,S,1.04,0.1248,0.12,0.1513608096777361,,,1.04,0.1248,35.2509704,35.250884894283324,113.86341409428333,3.33505,3.256868137628735,5.343131862371265
gen=42_member=7112_pso,50,storage_zplus_0p40,storage,Storage,S,1.04,0.1248,0.12,0.1513608096777361,,,1.04,0.1248,29.955014399999996,29.954952265185444,108.56748146518542,1.80414,1.75256753272979,6.84743246727021
gen=43_member=7278_pso,50,storage_zplus_0p40,storage,Storage,S,1.04,0.1248,0.12,0.1513608096777361,,,1.04,0.1248,26.961028,26.96102909294159,105.5735582929416,1.36641,1.32191084404406,7.278089155955939
gen=48_member=8123_pso,50,storage_zplus_0p40,storage,Storage,S,1.04,0.1248,0.12,0.1513608096777361,,,1.04,0.1248,35.7057052,35.70569359544761,114.31822279544762,3.56822,3.487531220756002,5.112468779243997
gen=38_member=6409_pso,50,storage_zplus_0p40,storage,Storage,S,1.04,0.1248,0.12,0.1513608096777361,,,1.04,0.1248,35.5586572,35.558655547749574,114.17118474774956,3.48534,3.405106178307155,5.194893821692845
gen=36_member=6139_pso,50,storage_zplus_0p40,storage,Storage,S,1.04,0.1248,0.12,0.1513608096777361,,,1.04,0.1248,36.7221188,36.722176673504485,115.33470587350449,4.07625,3.9910042788526927,4.608995721147307
gen=40_member=6783_pso,50,storage_zplus_0p40,storage,Storage,S,1.04,0.1248,0.12,0.1513608096777361,,,1.04,0.1248,34.2880288,34.28795088667764,112.90048008667765,2.92983,2.856887957644947,5.743112042355053
gen=29_member=4924_pso,50,storage_zplus_0p40,storage,Storage,S,1.04,0.1248,0.12,0.1513608096777361,,,1.04,0.1248,33.3221908,33.32221023991749,111.93473943991748,2.58783,2.522549921800059,6.0774500781999405
gen=46_member=7822_pso,50,storage_zplus_0p40,storage,Storage,S,1.04,0.1248,0.12,0.1513608096777361,,,1.04,0.1248,36.6993932,36.69936383186918,115.31189303186918,4.06609,3.980785882495823,4.6192141175041765
gen=33_member=5655_pso,50,storage_zplus_0p40,storage,Storage,S,1.04,0.1248,0.12,0.1513608096777361,,,1.04,0.1248,35.6303988,35.630370058555734,114.24289925855572,3.51718,3.437118670018565,5.162881329981435
gen=31_member=5227_pso,50,storage_zplus_0p40,storage,Storage,S,1.04,0.1248,0.12,0.1513608096777361,,,1.04,0.1248,33.1920756,33.191986899653344,111.80451609965334,2.57051,2.5057740629718825,6.094225937028117
gen=46_member=7810_pso,50,storage_zplus_0p40,storage,Storage,S,1.04,0.1248,0.12,0.1513608096777361,,,1.04,0.1248,34.574104,34.57406416730866,113.18659336730867,3.02342,2.9519647266865015,5.648035273313498
gen=28_member=4720_pso,50,storage_zplus_0p40,storage,Storage,S,1.04,0.1248,0.12,0.1513608096777361,,,1.04,0.1248,35.3848732,35.38488870745046,113.99741790745045,3.39794,3.3189527813277158,5.281047218672284
gen=31_member=5250_pso,50,storage_zplus_0p40,storage,Storage,S,1.04,0.1248,0.12,0.1513608096777361,,,1.04,0.1248,34.0534204,34.05351185359164,112.66604105359163,2.82385,2.752908102981393,5.847091897018607
gen=46_member=7862_pso,50,storage_zplus_0p40,storage,Storage,S,1.04,0.1248,0.12,0.1513608096777361,,,1.04,0.1248,34.5019168,34.50190548961805,113.11443468961807,2.9983,2.92746418785294,5.67253581214706
gen=29_member=4911_pso,50,storage_zplus_0p40,storage,Storage,S,1.04,0.1248,0.12,0.1513608096777361,,,1.04,0.1248,33.8640404,33.86401239624249,112.47654159624248,2.75415,2.6862443313456468,5.913755668654353
gen=43_member=7385_pso,50,storage_zplus_0p40,storage,Storage,S,1.04,0.1248,0.12,0.1513608096777361,,,1.04,0.1248,26.117729999999998,26.117703630103588,104.73023283010357,1.30432,1.261685501817681,7.338314498182319
gen=34_member=5724_pso,50,storage_zplus_0p40,storage,Storage,S,1.04,0.1248,0.12,0.1513608096777361,,,1.04,0.1248,35.5597712,35.55966917902097,114.17219837902098,3.48909,3.408879968775756,5.191120031224244
gen=39_member=6557_pso,50,storage_zplus_0p40,storage,Storage,S,1.04,0.1248,0.12,0.1513608096777361,,,1.04,0.1248,30.951821600000002,30.95190437561837,109.56443357561837,1.98352,1.928526333131418,6.6714736668685815
gen=43_member=7341_pso,50,storage_zplus_0p40,storage,Storage,S,1.04,0.1248,0.12,0.1513608096777361,,,1.04,0.1248,35.697461600000004,35.69752068422161,114.31004988422161,3.54777,3.4672666486543373,5.132733351345662
gen=37_member=6349_pso,50,storage_zplus_0p40,storage,Storage,S,1.04,0.1248,0.12,0.1513608096777361,,,1.04,0.1248,33.8629264,33.862942575484915,112.47547177548492,2.74347,2.6753320657155473,5.924667934284452
gen=41_member=6889_pso,50,storage_zplus_0p40,storage,Storage,S,1.04,0.1248,0.12,0.1513608096777361,,,1.04,0.1248,27.384348,27.38432060845482,105.99684980845481,1.4106,1.3658394502228528,7.234160549777147
gen=47_member=8010_pso,50,storage_zplus_0p40,storage,Storage,S,1.04,0.1248,0.12,0.1513608096777361,,,1.04,0.1248,33.483498,33.48339815320258,112.09592735320258,2.63426,2.5680978144691835,6.031902185530816
gen=38_member=6465_pso,50,storage_zplus_0p40,storage,Storage,S,1.04,0.1248,0.12,0.1513608096777361,,,1.04,0.1248,35.5849476,35.58483752237572,114.19736672237573,3.49711,3.4167520189375655,5.183247981062435
gen=29_member=4976_pso,50,storage_zplus_0p40,storage,Storage,S,1.04,0.1248,0.12,0.1513608096777361,,,1.04,0.1248,32.8534196,32.85346614458213,111.46599534458214,2.44488,2.3824958314518114,6.217504168548189
gen=34_member=5729_pso,50,storage_zplus_0p40,storage,Storage,S,1.04,0.1248,0.12,0.1513608096777361,,,1.04,0.1248,36.1272428,36.12729970982421,114.7398289098242,3.76248,3.680495880258784,4.919504119741216
gen=46_member=7888_pso,50,storage_zplus_0p40,storage,Storage,S,1.04,0.1248,0.12,0.1513608096777361,,,1.04,0.1248,32.783460399999996,32.783404919650515,111.3959341196505,2.41843,2.356546983058437,6.2434530169415625
gen=46_member=7821_pso,50,storage_zplus_0p40,storage,Storage,S,1.04,0.1248,0.12,0.1513608096777361,,,1.04,0.1248,31.01933,31.019254054929405,109.63178325492942,1.99327,1.9381227634752276,6.661877236524772
gen=48_member=8165_pso,50,storage_zplus_0p40,storage,Storage,S,1.04,0.1248,0.12,0.1513608096777361,,,1.04,0.1248,35.0845388,35.08459194378328,113.69712114378328,3.24714,3.1704392327218973,5.429560767278103
gen=36_member=6131_pso,50,storage_zplus_0p40,storage,Storage,S,1.04,0.1248,0.12,0.1513608096777361,,,1.04,0.1248,36.0098272,36.00986073528155,114.62238993528156,3.70849,3.626845899889142,4.9731541001108575
gen=32_member=5391_pso,50,storage_zplus_0p40,storage,Storage,S,1.04,0.1248,0.12,0.1513608096777361,,,1.04,0.1248,33.261589199999996,33.261505768011496,111.8740349680115,2.57343,2.5084986075184807,6.0915013924815185
gen=34_member=5740_pso,50,storage_zplus_0p40,storage,Storage,S,1.04,0.1248,0.12,0.1513608096777361,,,1.04,0.1248,27.0249716,27.025055498234494,105.63758469823449,1.37217,1.328263472011977,7.271736527988023
gen=35_member=5978_pso,50,storage_zplus_0p40,storage,Storage,S,1.04,0.1248,0.12,0.1513608096777361,,,1.04,0.1248,35.7979444,35.798046250315835,114.41057545031585,3.60663,3.525799926252081,5.074200073747919
gen=32_member=5373_pso,50,storage_zplus_0p40,storage,Storage,S,1.04,0.1248,0.12,0.1513608096777361,,,1.04,0.1248,34.4901084,34.49010839919886,113.10263759919886,2.995,2.9232930068827367,5.6767069931172625
gen=44_member=7565_pso,50,storage_zplus_0p40,storage,Storage,S,1.04,0.1248,0.12,0.1513608096777361,,,1.04,0.1248,32.9715036,32.97144846847227,111.58397766847226,2.47831,2.415094016807349,6.1849059831926505
gen=45_member=7737_pso,50,storage_zplus_0p40,storage,Storage,S,1.04,0.1248,0.12,0.1513608096777361,,,1.04,0.1248,36.1261288,36.12613241634489,114.7386616163449,3.75756,3.675498613176224,4.924501386823776
gen=35_member=6019_pso,50,storage_zplus_0p40,storage,Storage,S,1.04,0.1248,0.12,0.1513608096777361,,,1.04,0.1248,36.062408,36.06245626130536,114.67498546130537,3.73038,3.6487335442268196,4.95126645577318
gen=46_member=7796_pso,50,storage_zplus_0p40,storage,Storage,S,1.04,0.1248,0.12,0.1513608096777361,,,1.04,0.1248,35.467532,35.46763029885118,114.08015949885117,3.43824,3.3586238822159578,5.241376117784042
gen=47_member=7977_pso,50,storage_zplus_0p40,storage,Storage,S,1.04,0.1248,0.12,0.1513608096777361,,,1.04,0.1248,35.5069676,35.506986680921436,114.11951588092144,3.45533,3.375755968740007,5.2242440312599925
gen=49_member=8311_pso,50,storage_zplus_0p40,storage,Storage,S,1.04,0.1248,0.12,0.1513608096777361,,,1.04,0.1248,36.0073764,36.00733726709178,114.61986646709177,3.70558,3.6240249213242883,4.975975078675711
gen=29_member=4851_pso,50,storage_zplus_0p40,storage,Storage,S,1.04,0.1248,0.12,0.1513608096777361,,,1.04,0.1248,35.2643384,35.264277472776136,113.87680667277613,3.33985,3.261648669635896,5.3383513303641035
gen=34_member=5819_pso,50,storage_zplus_0p40,storage,Storage,S,1.04,0.1248,0.12,0.1513608096777361,,,1.04,0.1248,34.5609588,34.56103873283972,113.17356793283972,3.0224,2.9509149956982146,5.649085004301785
gen=38_member=6490_pso,50,storage_zplus_0p40,storage,Storage,S,1.04,0.1248,0.12,0.1513608096777361,,,1.04,0.1248,36.0697604,36.069858023161345,114.68238722316136,3.73254,3.650855179278427,4.949144820721573
gen=42_member=7145_pso,50,storage_zplus_0p40,storage,Storage,S,1.04,0.1248,0.12,0.1513608096777361,,,1.04,0.1248,36.306151199999995,36.30614392385608,114.9186731238561,3.85887,3.7754150019279833,4.824584998072016
gen=28_member=4655_pso,50,storage_zplus_0p40,storage,Storage,S,1.04,0.1248,0.12,0.1513608096777361,,,1.04,0.1248,33.7361532,33.73614280489097,112.34867200489097,2.71633,2.648921413380102,5.951078586619898
gen=24_member=4008_pso,50,storage_zplus_0p40,storage,Storage,S,1.04,0.1248,0.12,0.1513608096777361,,,1.04,0.1248,33.7668996,33.76696087691461,112.3794900769146,2.71969,2.6520244897703953,5.947975510229604
gen=34_member=5732_pso,50,storage_zplus_0p40,storage,Storage,S,1.04,0.1248,0.12,0.1513608096777361,,,1.04,0.1248,33.7822728,33.7821917262945,112.39472092629453,2.72045,2.652992492174921,5.947007507825079
gen=40_member=6768_pso,50,storage_zplus_0p40,storage,Storage,S,1.04,0.1248,0.12,0.1513608096777361,,,1.04,0.1248,36.653050799999995,36.65302211816361,115.26555131816362,4.06357,3.9776336762590736,4.622366323740926
gen=44_member=7554_pso,50,storage_zplus_0p40,storage,Storage,S,1.04,0.1248,0.12,0.1513608096777361,,,1.04,0.1248,33.7114224,33.71131958774986,112.32384878774988,2.69854,2.631435371139363,5.968564628860637
gen=18_member=3072_pso,50,storage_zplus_0p40,storage,Storage,S,1.04,0.1248,0.12,0.1513608096777361,,,1.04,0.1248,37.154796399999995,37.15490686727385,115.76743606727385,4.37912,4.289403628185267,4.310596371814732
gen=50_member=8445_pso,50,storage_zplus_0p40,storage,Storage,S,1.04,0.1248,0.12,0.1513608096777361,,,1.04,0.1248,20.94736636,20.947372107145803,99.55990130714581,1.01547,0.9806196142411953,7.619380385758804
gen=50_member=8506_pso,50,storage_zplus_0p40,storage,Storage,S,1.04,0.1248,0.12,0.1513608096777361,,,1.04,0.1248,36.1778184,36.17771080932583,114.79024000932583,3.79088,3.708457684352179,4.89154231564782
gen=50_member=8596_pso,50,storage_zplus_0p40,storage,Storage,S,1.04,0.1248,0.12,0.1513608096777361,,,1.04,0.1248,31.6560924,31.656131000200023,110.26866020020003,2.13446,2.0766991527982177,6.5233008472017815
gen=50_member=8464_pso,50,storage_zplus_0p40,storage,Storage,S,1.04,0.1248,0.12,0.1513608096777361,,,1.04,0.1248,35.1692028,35.16929619734085,113.78182539734085,3.28738,3.2102699360826534,5.389730063917346
gen=50_member=8489_pso,50,storage_zplus_0p40,storage,Storage,S,1.04,0.1248,0.12,0.1513608096777361,,,1.04,0.1248,33.927984,33.928075253726064,112.54060445372608,2.76217,2.6936326393888748,5.906367360611124
gen=50_member=8579_pso,50,storage_zplus_0p40,storage,Storage,S,1.04,0.1248,0.12,0.1513608096777361,,,1.04,0.1248,35.2674576,35.267503555717184,113.8800327557172,3.34196,3.263720707919952,5.3362792920800475
gen=50_member=8474_pso,50,storage_zplus_0p40,storage,Storage,S,1.04,0.1248,0.12,0.1513608096777361,,,1.04,0.1248,28.369124,28.369120398124426,106.98164959812442,1.54501,1.4976153788391564,7.1023846211608435
gen=50_member=8555_pso,50,storage_zplus_0p40,storage,Storage,S,1.04,0.1248,0.12,0.1513608096777361,,,1.04,0.1248,34.7982408,34.798261721440575,113.41079092144058,3.12278,3.0484241931210154,5.551575806878985
gen=50_member=8483_pso,50,storage_zplus_0p40,storage,Storage,S,1.04,0.1248,0.12,0.1513608096777361,,,1.04,0.1248,32.124418,32.12450543561306,110.73703463561304,2.25475,2.195651378079116,6.404348621920883
gen=50_member=8443_pso,50,storage_zplus_0p40,storage,Storage,S,1.04,0.1248,0.12,0.1513608096777361,,,1.04,0.1248,29.0288348,29.028751720435796,107.64128092043579,1.62866,1.5803239737157788,7.019676026284221
gen=50_member=8469_pso,50,storage_zplus_0p40,storage,Storage,S,1.04,0.1248,0.12,0.1513608096777361,,,1.04,0.1248,27.342684399999996,27.342638190802248,105.95516739080225,1.39731,1.3530581765012002,7.2469418234987995
gen=50_member=8584_pso,50,storage_zplus_0p40,storage,Storage,S,1.04,0.1248,0.12,0.1513608096777361,,,1.04,0.1248,36.776259200000005,36.77633515260383,115.38886435260383,4.09976,4.013804122660093,4.5861958773399065
gen=50_member=8572_pso,50,storage_zplus_0p40,storage,Storage,S,1.04,0.1248,0.12,0.1513608096777361,,,1.04,0.1248,35.3808628,35.38077037906462,113.99329957906461,3.38958,3.31070264360548,5.28929735639452
gen=50_member=8550_pso,50,storage_zplus_0p40,storage,Storage,S,1.04,0.1248,0.12,0.1513608096777361,,,1.04,0.1248,35.4354488,35.43550778076299,114.048036980763,3.41089,3.331684976094893,5.268315023905107
gen=50_member=8507_pso,50,storage_zplus_0p40,storage,Storage,S,1.04,0.1248,0.12,0.1513608096777361,,,1.04,0.1248,29.1130532,29.113125122660595,107.72565432266059,1.64928,1.6004748768881418,6.999525123111858
gen=50_member=8467_pso,50,storage_zplus_0p40,storage,Storage,S,1.04,0.1248,0.12,0.1513608096777361,,,1.04,0.1248,28.4317308,28.431750054504132,107.04427925450413,1.56923,1.5220868226737974,7.077913177326202
gen=50_member=8487_pso,50,storage_zplus_0p40,storage,Storage,S,1.04,0.1248,0.12,0.1513608096777361,,,1.04,0.1248,35.5025116,35.50262187067714,114.11515107067714,3.45215,3.37283085783628,5.22716914216372
152,50,storage_zplus_0p80,storage,Storage,S,1.08,0.1296,0.12,0.1190646299660992,,,1.08,0.1296,39.0853584,39.0854414587126,117.6979706587126,4.78258,4.596273354765336,4.003726645234663
gen=36_member=6021_pso,50,storage_zplus_0p80,storage,Storage,S,1.08,0.1296,0.12,0.1190646299660992,,,1.08,0.1296,15.73043752,15.730428646974957,94.34295784697495,0.811083,0.7563596827808742,7.843640317219125
16,50,storage_zplus_0p80,storage,Storage,S,1.08,0.1296,0.12,0.1190646299660992,,,1.08,0.1296,38.467534,38.46752870631738,117.08005790631736,4.48927,4.309674742136644,4.290325257863356
130,50,storage_zplus_0p80,storage,Storage,S,1.08,0.1296,0.12,0.1190646299660992,,,1.08,0.1296,38.6001,38.60014577795708,117.21267497795709,4.69071,4.507336329103942,4.092663670896058
95,50,storage_zplus_0p80,storage,Storage,S,1.08,0.1296,0.12,0.1190646299660992,,,1.08,0.1296,38.900657200000005,38.90068138512153,117.51321058512153,4.70127,4.515687042973808,4.084312957026191
156,50,storage_zplus_0p80,storage,Storage,S,1.08,0.1296,0.12,0.1190646299660992,,,1.08,0.1296,37.6137644,37.61379239712806,116.22632159712806,4.4265,4.250479204676073,4.349520795323927
gen=47_member=7948_pso,50,storage_zplus_0p80,storage,Storage,S,1.08,0.1296,0.12,0.1190646299660992,,,1.08,0.1296,28.5299856,28.529932454502454,107.14246165450244,1.5703,1.4783960634379336,7.121603936562066
gen=48_member=8161_pso,50,storage_zplus_0p80,storage,Storage,S,1.08,0.1296,0.12,0.1190646299660992,,,1.08,0.1296,24.5082228,24.508282368015493,103.1208115680155,1.17026,1.0901297208892098,7.50987027911079
gen=33_member=5661_pso,50,storage_zplus_0p80,storage,Storage,S,1.08,0.1296,0.12,0.1190646299660992,,,1.08,0.1296,36.8916696,36.89173247767671,115.50426167767671,4.21575,4.044529276921968,4.555470723078032
gen=47_member=7921_pso,50,storage_zplus_0p80,storage,Storage,S,1.08,0.1296,0.12,0.1190646299660992,,,1.08,0.1296,37.0291372,37.029124549782175,115.6416537497822,4.27101,4.099005006479094,4.500994993520906
gen=40_member=6722_pso,50,storage_zplus_0p80,storage,Storage,S,1.08,0.1296,0.12,0.1190646299660992,,,1.08,0.1296,29.2066292,29.206608318766545,107.81913751876654,1.65561,1.5606508066372666,7.0393491933627335
gen=48_member=8113_pso,50,storage_zplus_0p80,storage,Storage,S,1.08,0.1296,0.12,0.1190646299660992,,,1.08,0.1296,37.0135412,37.01352492542517,115.62605412542518,4.2324,4.061118682977099,4.5388813170229
gen=48_member=8218_pso,50,storage_zplus_0p80,storage,Storage,S,1.08,0.1296,0.12,0.1190646299660992,,,1.08,0.1296,36.6236412,36.62363801974855,115.23616721974857,4.03399,3.8686079605774655,4.731392039422534
gen=42_member=7058_pso,50,storage_zplus_0p80,storage,Storage,S,1.08,0.1296,0.12,0.1190646299660992,,,1.08,0.1296,17.825114,17.82511697626178,96.4376461762618,0.864582,0.8032346658310514,7.796765334168948
gen=48_member=8245_pso,50,storage_zplus_0p80,storage,Storage,S,1.08,0.1296,0.12,0.1190646299660992,,,1.08,0.1296,36.87897,36.87888641911074,115.49141561911075,4.17121,4.000667386969021,4.599332613030978
gen=41_member=6922_pso,50,storage_zplus_0p80,storage,Storage,S,1.08,0.1296,0.12,0.1190646299660992,,,1.08,0.1296,32.1159516,32.11592080418332,110.72845000418333,2.24821,2.13374435060705,6.4662556493929495
gen=41_member=6885_pso,50,storage_zplus_0p80,storage,Storage,S,1.08,0.1296,0.12,0.1190646299660992,,,1.08,0.1296,16.94815092,16.94814371857778,95.56067291857778,0.828565,0.7711804338695627,7.828819566130437
gen=37_member=6262_pso,50,storage_zplus_0p80,storage,Storage,S,1.08,0.1296,0.12,0.1190646299660992,,,1.08,0.1296,25.3729096,25.372800727077287,103.98532992707726,1.2425,1.1607544782547496,7.43924552174525
gen=39_member=6554_pso,50,storage_zplus_0p80,storage,Storage,S,1.08,0.1296,0.12,0.1190646299660992,,,1.08,0.1296,22.91498,22.91493475179726,101.52746395179726,1.07599,1.0005063367966984,7.599493663203301
gen=44_member=7409_pso,50,storage_zplus_0p80,storage,Storage,S,1.08,0.1296,0.12,0.1190646299660992,,,1.08,0.1296,29.026161199999997,29.02617500954204,107.63870420954201,1.61819,1.525083829910311,7.074916170089688
gen=33_member=5597_pso,50,storage_zplus_0p80,storage,Storage,S,1.08,0.1296,0.12,0.1190646299660992,,,1.08,0.1296,20.425457360000003,20.425447005160812,99.03797620516082,0.993719,0.9261298060063974,7.6738701939936025
gen=35_member=5926_pso,50,storage_zplus_0p80,storage,Storage,S,1.08,0.1296,0.12,0.1190646299660992,,,1.08,0.1296,28.758578399999998,28.75848621927199,107.371015419272,1.60584,1.5130459660337616,7.086954033966238
gen=42_member=7147_pso,50,storage_zplus_0p80,storage,Storage,S,1.08,0.1296,0.12,0.1190646299660992,,,1.08,0.1296,36.785394,36.78548226240043,115.39801146240043,4.12536,3.955851252897383,4.644148747102617
gen=47_member=7992_pso,50,storage_zplus_0p80,storage,Storage,S,1.08,0.1296,0.12,0.1190646299660992,,,1.08,0.1296,37.303181200000004,37.30318347661641,115.91571267661642,4.41535,4.239643640831605,4.360356359168395
gen=44_member=7479_pso,50,storage_zplus_0p80,storage,Storage,S,1.08,0.1296,0.12,0.1190646299660992,,,1.08,0.1296,29.72709,29.726992928553695,108.3395221285537,1.7727,1.6732211622554083,6.926778837744592
gen=46_member=7840_pso,50,storage_zplus_0p80,storage,Storage,S,1.08,0.1296,0.12,0.1190646299660992,,,1.08,0.1296,27.838414399999998,27.838357196260656,106.45088639626066,1.46259,1.3745351030247837,7.225464896975216
gen=36_member=6076_pso,50,storage_zplus_0p80,storage,Storage,S,1.08,0.1296,0.12,0.1190646299660992,,,1.08,0.1296,37.071692,37.07165394641189,115.6841831464119,4.31441,4.140700468688449,4.459299531311551
gen=39_member=6576_pso,50,storage_zplus_0p80,storage,Storage,S,1.08,0.1296,0.12,0.1190646299660992,,,1.08,0.1296,24.576845199999998,24.57679423226629,103.18932343226629,1.21064,1.1312883337064545,7.4687116662935455
gen=46_member=7833_pso,50,storage_zplus_0p80,storage,Storage,S,1.08,0.1296,0.12,0.1190646299660992,,,1.08,0.1296,30.2738412,30.273822445456965,108.88635164545695,1.83739,1.7356830489779114,6.864316951022088
gen=36_member=6039_pso,50,storage_zplus_0p80,storage,Storage,S,1.08,0.1296,0.12,0.1190646299660992,,,1.08,0.1296,34.2367848,34.236759922666806,112.84928912266682,2.88658,2.7499499432284598,5.85005005677154
gen=45_member=7630_pso,50,storage_zplus_0p80,storage,Storage,S,1.08,0.1296,0.12,0.1190646299660992,,,1.08,0.1296,20.27341864,20.273425248681576,98.88595444868157,0.964314,0.8962035868217307,7.703796413178269
gen=41_member=7002_pso,50,storage_zplus_0p80,storage,Storage,S,1.08,0.1296,0.12,0.1190646299660992,,,1.08,0.1296,31.456018,31.456010064777686,110.0685392647777,2.09323,1.9831552508086003,6.616844749191399
gen=44_member=7416_pso,50,storage_zplus_0p80,storage,Storage,S,1.08,0.1296,0.12,0.1190646299660992,,,1.08,0.1296,22.539562,22.53949283051267,101.15202203051267,1.03735,0.9637692831520657,7.636230716847934
gen=48_member=8130_pso,50,storage_zplus_0p80,storage,Storage,S,1.08,0.1296,0.12,0.1190646299660992,,,1.08,0.1296,30.2965668,30.29664546331896,108.90917466331896,1.8663,1.763994531646915,6.836005468353084
gen=42_member=7150_pso,50,storage_zplus_0p80,storage,Storage,S,1.08,0.1296,0.12,0.1190646299660992,,,1.08,0.1296,23.0183592,23.018345966531463,101.63087516653145,1.08725,1.014687576429106,7.585312423570894
gen=46_member=7861_pso,50,storage_zplus_0p80,storage,Storage,S,1.08,0.1296,0.12,0.1190646299660992,,,1.08,0.1296,36.5779672,36.57795625745423,115.19048545745423,4.0076,3.840791742346789,4.75920825765321
gen=47_member=8013_pso,50,storage_zplus_0p80,storage,Storage,S,1.08,0.1296,0.12,0.1190646299660992,,,1.08,0.1296,24.1898416,24.189885878306495,102.80241507830647,1.14776,1.0700683821271373,7.529931617872863
gen=34_member=5833_pso,50,storage_zplus_0p80,storage,Storage,S,1.08,0.1296,0.12,0.1190646299660992,,,1.08,0.1296,37.0554276,37.05546674905064,115.66799594905063,4.29346,4.120576589280377,4.4794234107196225
gen=29_member=4835_pso,50,storage_zplus_0p80,storage,Storage,S,1.08,0.1296,0.12,0.1190646299660992,,,1.08,0.1296,31.1628132,31.16289112554577,109.77542032554577,2.02499,1.9165153011678138,6.683484698832186
gen=43_member=7309_pso,50,storage_zplus_0p80,storage,Storage,S,1.08,0.1296,0.12,0.1190646299660992,,,1.08,0.1296,28.36244,28.362383210764136,106.97491241076413,1.53641,1.4461608343209227,7.153839165679077
gen=42_member=7162_pso,50,storage_zplus_0p80,storage,Storage,S,1.08,0.1296,0.12,0.1190646299660992,,,1.08,0.1296,34.2657488,34.265693983561704,112.87822318356172,2.92099,2.7839123988197896,5.81608760118021
gen=43_member=7394_pso,50,storage_zplus_0p80,storage,Storage,S,1.08,0.1296,0.12,0.1190646299660992,,,1.08,0.1296,29.6994628,29.69937939750987,108.31190859750988,1.74092,1.6427916896070676,6.957208310392932
gen=47_member=7994_pso,50,storage_zplus_0p80,storage,Storage,S,1.08,0.1296,0.12,0.1190646299660992,,,1.08,0.1296,27.7078536,27.707961235794844,106.32049043579485,1.42551,1.3382959839022024,7.261704016097797
gen=48_member=8212_pso,50,storage_zplus_0p80,storage,Storage,S,1.08,0.1296,0.12,0.1190646299660992,,,1.08,0.1296,25.5088176,25.50891213870453,104.12144133870451,1.2664,1.184387110349187,7.415612889650813
gen=34_member=5718_pso,50,storage_zplus_0p80,storage,Storage,S,1.08,0.1296,0.12,0.1190646299660992,,,1.08,0.1296,19.217970479999998,19.217975104740983,97.83050430474097,0.92753,0.8663911729961973,7.733608827003803
gen=40_member=6749_pso,50,storage_zplus_0p80,storage,Storage,S,1.08,0.1296,0.12,0.1190646299660992,,,1.08,0.1296,32.0337384,32.033822459218676,110.64635165921867,2.22633,2.1118301428215784,6.488169857178422
gen=45_member=7712_pso,50,storage_zplus_0p80,storage,Storage,S,1.08,0.1296,0.12,0.1190646299660992,,,1.08,0.1296,31.9644476,31.96441941761888,110.57694861761888,2.20694,2.0931214419325923,6.506878558067408
gen=49_member=8286_pso,50,storage_zplus_0p80,storage,Storage,S,1.08,0.1296,0.12,0.1190646299660992,,,1.08,0.1296,31.885799199999997,31.88574680923485,110.49827600923484,2.18552,2.0721806066027844,6.527819393397215
gen=47_member=7987_pso,50,storage_zplus_0p80,storage,Storage,S,1.08,0.1296,0.12,0.1190646299660992,,,1.08,0.1296,32.3378604,32.3379503115816,110.95047951158162,2.30822,2.191481383665585,6.4085186163344146
gen=42_member=7104_pso,50,storage_zplus_0p80,storage,Storage,S,1.08,0.1296,0.12,0.1190646299660992,,,1.08,0.1296,37.1305112,37.1305477391165,115.7430769391165,4.35228,4.177822971820393,4.422177028179607
gen=44_member=7536_pso,50,storage_zplus_0p80,storage,Storage,S,1.08,0.1296,0.12,0.1190646299660992,,,1.08,0.1296,23.466855600000002,23.46684587614881,102.0793750761488,1.11985,1.0450443544477683,7.554955645552232
gen=38_member=6480_pso,50,storage_zplus_0p80,storage,Storage,S,1.08,0.1296,0.12,0.1190646299660992,,,1.08,0.1296,31.4072248,31.407133065935877,110.01966226593586,2.07448,1.963579279282708,6.636420720717291
gen=43_member=7269_pso,50,storage_zplus_0p80,storage,Storage,S,1.08,0.1296,0.12,0.1190646299660992,,,1.08,0.1296,36.833296,36.83339971387087,115.44592891387086,4.14372,3.973809237430853,4.626190762569147
gen=35_member=5948_pso,50,storage_zplus_0p80,storage,Storage,S,1.08,0.1296,0.12,0.1190646299660992,,,1.08,0.1296,37.07392,37.07384621264411,115.68637541264411,4.33924,4.165043302991086,4.434956697008913
gen=29_member=4871_pso,50,storage_zplus_0p80,storage,Storage,S,1.08,0.1296,0.12,0.1190646299660992,,,1.08,0.1296,17.843495,17.843497187733753,96.45602638773376,0.881544,0.8217883441248854,7.778211655875114
gen=36_member=6031_pso,50,storage_zplus_0p80,storage,Storage,S,1.08,0.1296,0.12,0.1190646299660992,,,1.08,0.1296,31.3383796,31.338390787551674,109.95091998755169,2.05415,1.9443316618666686,6.6556683381333315
gen=39_member=6689_pso,50,storage_zplus_0p80,storage,Storage,S,1.08,0.1296,0.12,0.1190646299660992,,,1.08,0.1296,29.4165068,29.416418185838467,108.02894738583845,1.67871,1.582984630826815,7.017015369173185
gen=46_member=7811_pso,50,storage_zplus_0p80,storage,Storage,S,1.08,0.1296,0.12,0.1190646299660992,,,1.08,0.1296,30.8479968,30.84800808580873,109.46053728580873,1.95962,1.8534173943968573,6.746582605603143
gen=36_member=6150_pso,50,storage_zplus_0p80,storage,Storage,S,1.08,0.1296,0.12,0.1190646299660992,,,1.08,0.1296,29.510305600000002,29.510270949002532,108.12280014900254,1.71536,1.6181840698769832,6.981815930123016
gen=28_member=4698_pso,50,storage_zplus_0p80,storage,Storage,S,1.08,0.1296,0.12,0.1190646299660992,,,1.08,0.1296,19.62453592,19.62453473077234,98.23706393077234,0.948853,0.8826836769938072,7.717316323006193
gen=45_member=7580_pso,50,storage_zplus_0p80,storage,Storage,S,1.08,0.1296,0.12,0.1190646299660992,,,1.08,0.1296,29.4198488,29.41977376399195,108.03230296399194,1.6928,1.5967296549392669,7.0032703450607325
gen=37_member=6318_pso,50,storage_zplus_0p80,storage,Storage,S,1.08,0.1296,0.12,0.1190646299660992,,,1.08,0.1296,36.3585092,36.35850397821222,114.97103317821221,3.89263,3.730119096919578,4.869880903080421
gen=39_member=6634_pso,50,storage_zplus_0p80,storage,Storage,S,1.08,0.1296,0.12,0.1190646299660992,,,1.08,0.1296,37.24659,37.24656995207669,115.8590991520767,4.3792,4.20418726463033,4.395812735369669
gen=46_member=7788_pso,50,storage_zplus_0p80,storage,Storage,S,1.08,0.1296,0.12,0.1190646299660992,,,1.08,0.1296,32.533256,32.533172613400616,111.1457018134006,2.35444,2.235403151264897,6.364596848735102
gen=46_member=7881_pso,50,storage_zplus_0p80,storage,Storage,S,1.08,0.1296,0.12,0.1190646299660992,,,1.08,0.1296,27.1929628,27.192862415219388,105.80539161521938,1.37653,1.2890414432641961,7.3109585567358035
gen=27_member=4566_pso,50,storage_zplus_0p80,storage,Storage,S,1.08,0.1296,0.12,0.1190646299660992,,,1.08,0.1296,34.2026964,34.20265674649548,112.8151859464955,2.87573,2.7381796094531974,5.861820390546802
gen=39_member=6698_pso,50,storage_zplus_0p80,storage,Storage,S,1.08,0.1296,0.12,0.1190646299660992,,,1.08,0.1296,33.52026,33.52015097310551,112.13268017310553,2.6497,2.520882169170611,6.0791178308293885
gen=41_member=6986_pso,50,storage_zplus_0p80,storage,Storage,S,1.08,0.1296,0.12,0.1190646299660992,,,1.08,0.1296,35.7676436,35.767651554973604,114.38018075497361,3.58673,3.428832516175388,5.171167483824611
gen=41_member=6973_pso,50,storage_zplus_0p80,storage,Storage,S,1.08,0.1296,0.12,0.1190646299660992,,,1.08,0.1296,35.1593996,35.15947657236159,113.77200577236158,3.28388,3.133203832600109,5.466796167399891
gen=27_member=4568_pso,50,storage_zplus_0p80,storage,Storage,S,1.08,0.1296,0.12,0.1190646299660992,,,1.08,0.1296,32.5586552,32.558684654753776,111.17121385475377,2.37042,2.2517295104914306,6.348270489508569
gen=37_member=6357_pso,50,storage_zplus_0p80,storage,Storage,S,1.08,0.1296,0.12,0.1190646299660992,,,1.08,0.1296,32.625718,32.62572860768373,111.23825780768374,2.3887,2.2684041614158104,6.331595838584189
gen=47_member=8006_pso,50,storage_zplus_0p80,storage,Storage,S,1.08,0.1296,0.12,0.1190646299660992,,,1.08,0.1296,36.7613316,36.761407828424296,115.37393702842431,4.09604,3.9291306052247457,4.670869394775254
gen=41_member=6898_pso,50,storage_zplus_0p80,storage,Storage,S,1.08,0.1296,0.12,0.1190646299660992,,,1.08,0.1296,31.489438,31.489447863162184,110.10197706316218,2.11934,2.0077062426021492,6.592293757397851
gen=39_member=6668_pso,50,storage_zplus_0p80,storage,Storage,S,1.08,0.1296,0.12,0.1190646299660992,,,1.08,0.1296,33.933108399999995,33.933030846740984,112.545560046741,2.77099,2.63798675125411,5.9620132487458894
gen=48_member=8200_pso,50,storage_zplus_0p80,storage,Storage,S,1.08,0.1296,0.12,0.1190646299660992,,,1.08,0.1296,34.8907028,34.89080581472363,113.50333501472363,3.16725,3.020345376612987,5.579654623387013
gen=32_member=5452_pso,50,storage_zplus_0p80,storage,Storage,S,1.08,0.1296,0.12,0.1190646299660992,,,1.08,0.1296,34.8474796,34.84753054005696,113.46005974005696,3.14182,2.9964499775647657,5.603550022435234
gen=44_member=7522_pso,50,storage_zplus_0p80,storage,Storage,S,1.08,0.1296,0.12,0.1190646299660992,,,1.08,0.1296,33.1631116,33.16311565476033,111.77564485476033,2.53937,2.4146385207991563,6.185361479200843
gen=45_member=7699_pso,50,storage_zplus_0p80,storage,Storage,S,1.08,0.1296,0.12,0.1190646299660992,,,1.08,0.1296,25.6714616,25.671464649350018,104.28399384935003,1.28466,1.2037890160408156,7.396210983959184
gen=38_member=6478_pso,50,storage_zplus_0p80,storage,Storage,S,1.08,0.1296,0.12,0.1190646299660992,,,1.08,0.1296,35.2785976,35.27857906393331,113.8911082639333,3.35376,3.2011363579462255,5.398863642053774
gen=48_member=8105_pso,50,storage_zplus_0p80,storage,Storage,S,1.08,0.1296,0.12,0.1190646299660992,,,1.08,0.1296,36.5527908,36.55273076856624,115.16525996856623,3.9902,3.825206401839735,4.774793598160265
gen=47_member=7995_pso,50,storage_zplus_0p80,storage,Storage,S,1.08,0.1296,0.12,0.1190646299660992,,,1.08,0.1296,36.497536399999994,36.49744644974915,115.10997564974916,3.97511,3.8083316668510445,4.791668333148955
gen=38_member=6507_pso,50,storage_zplus_0p80,storage,Storage,S,1.08,0.1296,0.12,0.1190646299660992,,,1.08,0.1296,36.2430988,36.243072285057984,114.85560148505799,3.82686,3.665493804021181,4.934506195978819
gen=47_member=8017_pso,50,storage_zplus_0p80,storage,Storage,S,1.08,0.1296,0.12,0.1190646299660992,,,1.08,0.1296,26.3334004,26.33332130996634,104.94585050996633,1.31111,1.2274959944420298,7.372504005557969
gen=28_member=4806_pso,50,storage_zplus_0p80,storage,Storage,S,1.08,0.1296,0.12,0.1190646299660992,,,1.08,0.1296,36.335338,36.335363024535646,114.94789222453565,3.87574,3.7135369182535753,4.886463081746424
gen=33_member=5559_pso,50,storage_zplus_0p80,storage,Storage,S,1.08,0.1296,0.12,0.1190646299660992,,,1.08,0.1296,32.1440244,32.1440689013816,110.7565981013816,2.27771,2.1605737185786134,6.439426281421387
gen=28_member=4728_pso,50,storage_zplus_0p80,storage,Storage,S,1.08,0.1296,0.12,0.1190646299660992,,,1.08,0.1296,25.063886,25.063855919912235,103.67638511991223,1.21593,1.13580772065177,7.46419227934823
gen=30_member=4999_pso,50,storage_zplus_0p80,storage,Storage,S,1.08,0.1296,0.12,0.1190646299660992,,,1.08,0.1296,33.9879172,33.98794532305361,112.60047452305362,2.78942,2.654353364545505,5.945646635454494
gen=47_member=7949_pso,50,storage_zplus_0p80,storage,Storage,S,1.08,0.1296,0.12,0.1190646299660992,,,1.08,0.1296,31.069014399999997,31.068968509771572,109.68149770977158,1.99378,1.886301547285009,6.713698452714991
gen=37_member=6216_pso,50,storage_zplus_0p80,storage,Storage,S,1.08,0.1296,0.12,0.1190646299660992,,,1.08,0.1296,34.7610332,34.76111558406628,113.37364478406629,3.104,2.9606229001102227,5.639377099889777
gen=35_member=5892_pso,50,storage_zplus_0p80,storage,Storage,S,1.08,0.1296,0.12,0.1190646299660992,,,1.08,0.1296,33.624976,33.6250096550061,112.23753885500611,2.6693,2.53973996322544,6.06026003677456
gen=47_member=7933_pso,50,storage_zplus_0p80,storage,Storage,S,1.08,0.1296,0.12,0.1190646299660992,,,1.08,0.1296,26.4996092,26.49956968298791,105.11209888298791,1.3367,1.2522764911826711,7.347723508817328
gen=42_member=7127_pso,50,storage_zplus_0p80,storage,Storage,S,1.08,0.1296,0.12,0.1190646299660992,,,1.08,0.1296,33.1831636,33.183068642146345,111.79559784214636,2.56094,2.4350252845284728,6.164974715471526
gen=46_member=7815_pso,50,storage_zplus_0p80,storage,Storage,S,1.08,0.1296,0.12,0.1190646299660992,,,1.08,0.1296,30.2096748,30.209600453547942,108.82212965354798,1.82093,1.7199339829856368,6.880066017014363
gen=41_member=6988_pso,50,storage_zplus_0p80,storage,Storage,S,1.08,0.1296,0.12,0.1190646299660992,,,1.08,0.1296,27.9351096,27.935094147883344,106.54762334788336,1.48478,1.3957725943441919,7.204227405655808
gen=39_member=6630_pso,50,storage_zplus_0p80,storage,Storage,S,1.08,0.1296,0.12,0.1190646299660992,,,1.08,0.1296,32.2866164,32.28667995166453,110.89920915166454,2.28023,2.1647931948795507,6.435206805120449
gen=46_member=7750_pso,50,storage_zplus_0p80,storage,Storage,S,1.08,0.1296,0.12,0.1190646299660992,,,1.08,0.1296,33.3573932,33.35737322320111,111.9699024232011,2.61481,2.485584498722775,6.114415501277225
gen=47_member=8066_pso,50,storage_zplus_0p80,storage,Storage,S,1.08,0.1296,0.12,0.1190646299660992,,,1.08,0.1296,36.1452896,36.14526258672567,114.75779178672568,3.76811,3.6077549241598557,4.9922450758401435
gen=49_member=8375_pso,50,storage_zplus_0p80,storage,Storage,S,1.08,0.1296,0.12,0.1190646299660992,,,1.08,0.1296,33.014504,33.01442462041577,111.62695382041578,2.48535,2.3625088399249874,6.237491160075012
gen=48_member=8129_pso,50,storage_zplus_0p80,storage,Storage,S,1.08,0.1296,0.12,0.1190646299660992,,,1.08,0.1296,36.633444399999995,36.63353389800296,115.24606309800296,4.0627,3.896500593326023,4.703499406673977
gen=39_member=6585_pso,50,storage_zplus_0p80,storage,Storage,S,1.08,0.1296,0.12,0.1190646299660992,,,1.08,0.1296,34.7828676,34.78292178056862,113.39545098056861,3.109,2.9657611577362806,5.634238842263719
gen=47_member=8011_pso,50,storage_zplus_0p80,storage,Storage,S,1.08,0.1296,0.12,0.1190646299660992,,,1.08,0.1296,35.1213008,35.12122980345115,113.73375900345114,3.26403,3.1143521845186735,5.485647815481326
gen=40_member=6726_pso,50,storage_zplus_0p80,storage,Storage,S,1.08,0.1296,0.12,0.1190646299660992,,,1.08,0.1296,31.242575600000002,31.242517549639818,109.85504674963983,2.03707,1.9280290573447547,6.6719709426552445
gen=44_member=7543_pso,50,storage_zplus_0p80,storage,Storage,S,1.08,0.1296,0.12,0.1190646299660992,,,1.08,0.1296,35.1870268,35.18705597340057,113.79958517340057,3.29833,3.1473258757615468,5.452674124238452
gen=43_member=7287_pso,50,storage_zplus_0p80,storage,Storage,S,1.08,0.1296,0.12,0.1190646299660992,,,1.08,0.1296,33.646587600000004,33.64656535247972,112.25909455247972,2.68124,2.5514150580592867,6.048584941940713
gen=41_member=6982_pso,50,storage_zplus_0p80,storage,Storage,S,1.08,0.1296,0.12,0.1190646299660992,,,1.08,0.1296,36.2787468,36.278668778733376,114.89119797873339,3.84028,3.677827776310536,4.922172223689463
gen=33_member=5577_pso,50,storage_zplus_0p80,storage,Storage,S,1.08,0.1296,0.12,0.1190646299660992,,,1.08,0.1296,34.0012852,34.00137781832889,112.6139070183289,2.80281,2.6663425008958517,5.933657499104148
gen=48_member=8183_pso,50,storage_zplus_0p80,storage,Storage,S,1.08,0.1296,0.12,0.1190646299660992,,,1.08,0.1296,34.7057788,34.70587203703935,113.31840123703935,3.0773,2.935352435658072,5.664647564341928
gen=48_member=8234_pso,50,storage_zplus_0p80,storage,Storage,S,1.08,0.1296,0.12,0.1190646299660992,,,1.08,0.1296,23.7818948,23.781937390842728,102.39446659084273,1.1268,1.051812078848661,7.548187921151339
gen=42_member=7080_pso,50,storage_zplus_0p80,storage,Storage,S,1.08,0.1296,0.12,0.1190646299660992,,,1.08,0.1296,35.2182188,35.21819334968434,113.83072254968432,3.313,3.161527086321058,5.438472913678941
gen=47_member=8007_pso,50,storage_zplus_0p80,storage,Storage,S,1.08,0.1296,0.12,0.1190646299660992,,,1.08,0.1296,34.1347424,34.13470291303967,112.74723211303967,2.85212,2.713708550508689,5.886291449491311
gen=35_member=5961_pso,50,storage_zplus_0p80,storage,Storage,S,1.08,0.1296,0.12,0.1190646299660992,,,1.08,0.1296,36.8771876,36.87726444522587,115.48979364522586,4.16397,3.994943569191867,4.6050564308081325
gen=31_member=5281_pso,50,storage_zplus_0p80,storage,Storage,S,1.08,0.1296,0.12,0.1190646299660992,,,1.08,0.1296,33.1156552,33.11569694121411,111.72822614121412,2.52766,2.4032406967573707,6.196759303242629
gen=44_member=7417_pso,50,storage_zplus_0p80,storage,Storage,S,1.08,0.1296,0.12,0.1190646299660992,,,1.08,0.1296,28.040048399999996,28.04007293817745,106.65260213817746,1.50233,1.413542006276435,7.186457993723565
gen=32_member=5429_pso,50,storage_zplus_0p80,storage,Storage,S,1.08,0.1296,0.12,0.1190646299660992,,,1.08,0.1296,36.214580399999996,36.214597535229515,114.82712673522953,3.8078,3.6462633354094627,4.9537366645905365
gen=37_member=6347_pso,50,storage_zplus_0p80,storage,Storage,S,1.08,0.1296,0.12,0.1190646299660992,,,1.08,0.1296,35.6629276,35.66303769617801,114.275566896178,3.52921,3.372838818388977,5.227161181611023
gen=42_member=7094_pso,50,storage_zplus_0p80,storage,Storage,S,1.08,0.1296,0.12,0.1190646299660992,,,1.08,0.1296,32.7239728,32.72396444274264,111.33649364274265,2.40462,2.284772854605659,6.31522714539434
gen=45_member=7577_pso,50,storage_zplus_0p80,storage,Storage,S,1.08,0.1296,0.12,0.1190646299660992,,,1.08,0.1296,33.348481199999995,33.348578128286576,111.96110732828657,2.59343,2.466636787752928,6.133363212247072
gen=38_member=6402_pso,50,storage_zplus_0p80,storage,Storage,S,1.08,0.1296,0.12,0.1190646299660992,,,1.08,0.1296,30.511791600000002,30.51186014513365,109.12438934513365,1.8927,1.78886185422027,6.811138145779729
gen=31_member=5196_pso,50,storage_zplus_0p80,storage,Storage,S,1.08,0.1296,0.12,0.1190646299660992,,,1.08,0.1296,37.154128,37.154036317385696,115.76656551738569,4.37901,4.204342782747738,4.395657217252261
gen=41_member=6995_pso,50,storage_zplus_0p80,storage,Storage,S,1.08,0.1296,0.12,0.1190646299660992,,,1.08,0.1296,33.0581728,33.05810757863159,111.6706367786316,2.50823,2.384631136441203,6.215368863558797
gen=39_member=6611_pso,50,storage_zplus_0p80,storage,Storage,S,1.08,0.1296,0.12,0.1190646299660992,,,1.08,0.1296,35.8961992,35.89623286365389,114.5087620636539,3.66312,3.505056875920561,5.094943124079439
gen=49_member=8310_pso,50,storage_zplus_0p80,storage,Storage,S,1.08,0.1296,0.12,0.1190646299660992,,,1.08,0.1296,30.436708,30.43676948862573,109.04929868862573,1.88142,1.7775783530868787,6.822421646913121
gen=41_member=6917_pso,50,storage_zplus_0p80,storage,Storage,S,1.08,0.1296,0.12,0.1190646299660992,,,1.08,0.1296,30.7027312,30.7026693264571,109.3151985264571,1.93448,1.8293569727394308,6.770643027260569
gen=42_member=7156_pso,50,storage_zplus_0p80,storage,Storage,S,1.08,0.1296,0.12,0.1190646299660992,,,1.08,0.1296,30.610492,30.610510708305725,109.22303990830572,1.91823,1.8135294503217296,6.7864705496782705
gen=29_member=4898_pso,50,storage_zplus_0p80,storage,Storage,S,1.08,0.1296,0.12,0.1190646299660992,,,1.08,0.1296,35.9271684,35.92717187396659,114.5397010739666,3.68037,3.518932878080154,5.081067121919846
gen=47_member=7961_pso,50,storage_zplus_0p80,storage,Storage,S,1.08,0.1296,0.12,0.1190646299660992,,,1.08,0.1296,32.81844,32.81846706326812,111.43099626326813,2.42627,2.3053894689955903,6.294610531004409
gen=31_member=5213_pso,50,storage_zplus_0p80,storage,Storage,S,1.08,0.1296,0.12,0.1190646299660992,,,1.08,0.1296,34.374698,34.37459988167344,112.98712908167344,2.94698,2.809568669519977,5.790431330480023
gen=33_member=5529_pso,50,storage_zplus_0p80,storage,Storage,S,1.08,0.1296,0.12,0.1190646299660992,,,1.08,0.1296,18.329822840000002,18.32982475749499,96.94235395749497,0.902294,0.8410509710094389,7.7589490289905605
gen=41_member=6902_pso,50,storage_zplus_0p80,storage,Storage,S,1.08,0.1296,0.12,0.1190646299660992,,,1.08,0.1296,29.628389600000002,29.628353465378915,108.24088266537892,1.72975,1.632012212288298,6.967987787711701
gen=43_member=7373_pso,50,storage_zplus_0p80,storage,Storage,S,1.08,0.1296,0.12,0.1190646299660992,,,1.08,0.1296,30.566823199999998,30.566917442941545,109.17944664294156,1.90841,1.8039188837660944,6.796081116233905
gen=43_member=7354_pso,50,storage_zplus_0p80,storage,Storage,S,1.08,0.1296,0.12,0.1190646299660992,,,1.08,0.1296,36.3656388,36.365559376347385,114.97808857634739,3.91205,3.748408923528942,4.851591076471058
gen=48_member=8255_pso,50,storage_zplus_0p80,storage,Storage,S,1.08,0.1296,0.12,0.1190646299660992,,,1.08,0.1296,18.692073360000002,18.692080334260165,97.30460953426017,0.907206,0.8457487195259467,7.754251280474053
gen=38_member=6443_pso,50,storage_zplus_0p80,storage,Storage,S,1.08,0.1296,0.12,0.1190646299660992,,,1.08,0.1296,31.6712428,31.67115470758055,110.28368390758054,2.14746,2.0356158993481634,6.564384100651836
gen=47_member=7988_pso,50,storage_zplus_0p80,storage,Storage,S,1.08,0.1296,0.12,0.1190646299660992,,,1.08,0.1296,30.769794,30.769795007202468,109.38232420720249,1.94462,1.8389111074030866,6.761088892596913
gen=37_member=6360_pso,50,storage_zplus_0p80,storage,Storage,S,1.08,0.1296,0.12,0.1190646299660992,,,1.08,0.1296,28.05609,28.056013799679008,106.668542999679,1.51193,1.4208612049673037,7.179138795032696
gen=48_member=8171_pso,50,storage_zplus_0p80,storage,Storage,S,1.08,0.1296,0.12,0.1190646299660992,,,1.08,0.1296,34.994082,34.99403631605541,113.60656551605543,3.20978,3.0616183597238735,5.538381640276127
gen=45_member=7732_pso,50,storage_zplus_0p80,storage,Storage,S,1.08,0.1296,0.12,0.1190646299660992,,,1.08,0.1296,28.232101999999998,28.232171596528566,106.84470079652857,1.52704,1.4370865613286117,7.162913438671388
gen=35_member=5956_pso,50,storage_zplus_0p80,storage,Storage,S,1.08,0.1296,0.12,0.1190646299660992,,,1.08,0.1296,34.0774828,34.07740547464268,112.6899346746427,2.82984,2.691711478904691,5.908288521095308
gen=45_member=7623_pso,50,storage_zplus_0p80,storage,Storage,S,1.08,0.1296,0.12,0.1190646299660992,,,1.08,0.1296,26.867897600000003,26.867886619436277,105.48041581943627,1.35875,1.272485695950181,7.327514304049819
gen=34_member=5765_pso,50,storage_zplus_0p80,storage,Storage,S,1.08,0.1296,0.12,0.1190646299660992,,,1.08,0.1296,30.9233032,30.92338623359191,109.5359154335919,1.98173,1.8748678424203884,6.725132157579611
gen=38_member=6501_pso,50,storage_zplus_0p80,storage,Storage,S,1.08,0.1296,0.12,0.1190646299660992,,,1.08,0.1296,32.3964568,32.396349530682755,111.00887873068277,2.32041,2.2028783892735393,6.39712161072646
gen=48_member=8203_pso,50,storage_zplus_0p80,storage,Storage,S,1.08,0.1296,0.12,0.1190646299660992,,,1.08,0.1296,32.4539392,32.453841272609736,111.06637047260975,2.33521,2.217489251441257,6.382510748558742
gen=47_member=7974_pso,50,storage_zplus_0p80,storage,Storage,S,1.08,0.1296,0.12,0.1190646299660992,,,1.08,0.1296,35.0424296,35.04236881028093,113.65489801028093,3.23167,3.082611519369266,5.517388480630734
gen=42_member=7123_pso,50,storage_zplus_0p80,storage,Storage,S,1.08,0.1296,0.12,0.1190646299660992,,,1.08,0.1296,34.3967552,34.396745119239434,113.00927431923942,2.95964,2.8228752625553377,5.777124737444662
gen=30_member=5110_pso,50,storage_zplus_0p80,storage,Storage,S,1.08,0.1296,0.12,0.1190646299660992,,,1.08,0.1296,36.395271199999996,36.39534938259375,115.00787858259373,3.93251,3.768828706217596,4.831171293782404
gen=40_member=6879_pso,50,storage_zplus_0p80,storage,Storage,S,1.08,0.1296,0.12,0.1190646299660992,,,1.08,0.1296,35.52546,35.52547804840835,114.13800724840836,3.47595,3.3198370895042815,5.280162910495719
gen=31_member=5217_pso,50,storage_zplus_0p80,storage,Storage,S,1.08,0.1296,0.12,0.1190646299660992,,,1.08,0.1296,36.452308,36.4522647735805,115.0647939735805,3.94088,3.7756365606566007,4.824363439343399
gen=42_member=7215_pso,50,storage_zplus_0p80,storage,Storage,S,1.08,0.1296,0.12,0.1190646299660992,,,1.08,0.1296,34.9225632,34.92253563470857,113.53506483470858,3.17583,3.029489016795056,5.570510983204944
gen=37_member=6211_pso,50,storage_zplus_0p80,storage,Storage,S,1.08,0.1296,0.12,0.1190646299660992,,,1.08,0.1296,20.656456399999996,20.656455308041814,99.26898450804181,1.01369,0.9461431946662892,7.65385680533371
gen=40_member=6803_pso,50,storage_zplus_0p80,storage,Storage,S,1.08,0.1296,0.12,0.1190646299660992,,,1.08,0.1296,33.8223768,33.822321012801254,112.43485021280125,2.72359,2.592076807502476,6.007923192497524
gen=30_member=5155_pso,50,storage_zplus_0p80,storage,Storage,S,1.08,0.1296,0.12,0.1190646299660992,,,1.08,0.1296,34.1209288,34.12094915647915,112.73347835647915,2.84803,2.7137349408361158,5.886265059163884
gen=32_member=5405_pso,50,storage_zplus_0p80,storage,Storage,S,1.08,0.1296,0.12,0.1190646299660992,,,1.08,0.1296,27.866487199999998,27.866536503306772,106.47906570330677,1.47179,1.3819153758677098,7.21808462413229
gen=37_member=6224_pso,50,storage_zplus_0p80,storage,Storage,S,1.08,0.1296,0.12,0.1190646299660992,,,1.08,0.1296,35.2442864,35.24434680969291,113.85687600969291,3.32624,3.174352294037976,5.425647705962024
gen=36_member=6188_pso,50,storage_zplus_0p80,storage,Storage,S,1.08,0.1296,0.12,0.1190646299660992,,,1.08,0.1296,26.545060399999997,26.54503702240775,105.15756622240775,1.34227,1.258308891995459,7.34169110800454
gen=44_member=7508_pso,50,storage_zplus_0p80,storage,Storage,S,1.08,0.1296,0.12,0.1190646299660992,,,1.08,0.1296,35.030844,35.030748929325185,113.64327812932517,3.22133,3.0726439607721683,5.527356039227831
gen=48_member=8233_pso,50,storage_zplus_0p80,storage,Storage,S,1.08,0.1296,0.12,0.1190646299660992,,,1.08,0.1296,34.676369199999996,34.67641402474263,113.28894322474264,3.06245,2.9210444219061498,5.67895557809385
gen=27_member=4602_pso,50,storage_zplus_0p80,storage,Storage,S,1.08,0.1296,0.12,0.1190646299660992,,,1.08,0.1296,31.533998,31.534063129350688,110.1465923293507,2.12737,2.0148769432721365,6.585123056727863
gen=34_member=5714_pso,50,storage_zplus_0p80,storage,Storage,S,1.08,0.1296,0.12,0.1190646299660992,,,1.08,0.1296,35.2895148,35.289422752427136,113.90195195242715,3.37452,3.2281901574502476,5.371809842549752
gen=33_member=5592_pso,50,storage_zplus_0p80,storage,Storage,S,1.08,0.1296,0.12,0.1190646299660992,,,1.08,0.1296,32.9057776,32.90581117439859,111.5183403743986,2.46009,2.338273919697822,6.261726080302178
gen=46_member=7897_pso,50,storage_zplus_0p80,storage,Storage,S,1.08,0.1296,0.12,0.1190646299660992,,,1.08,0.1296,34.6601048,34.66001472979494,113.27254392979495,3.05438,2.9138514350015723,5.686148564998428
gen=44_member=7516_pso,50,storage_zplus_0p80,storage,Storage,S,1.08,0.1296,0.12,0.1190646299660992,,,1.08,0.1296,36.109196,36.10912532430648,114.72165452430647,3.75377,3.5938516062085077,5.0061483937914915
gen=47_member=8023_pso,50,storage_zplus_0p80,storage,Storage,S,1.08,0.1296,0.12,0.1190646299660992,,,1.08,0.1296,36.075776,36.0756878960716,114.68821709607163,3.73629,3.576878575065929,5.023121424934071
gen=43_member=7367_pso,50,storage_zplus_0p80,storage,Storage,S,1.08,0.1296,0.12,0.1190646299660992,,,1.08,0.1296,35.8665668,35.86655852747779,114.47908772747779,3.64645,3.48710443937542,5.11289556062458
gen=41_member=6969_pso,50,storage_zplus_0p80,storage,Storage,S,1.08,0.1296,0.12,0.1190646299660992,,,1.08,0.1296,34.0139848,34.01408910075473,112.62661830075474,2.81773,2.680151276220792,5.919848723779207
gen=34_member=5825_pso,50,storage_zplus_0p80,storage,Storage,S,1.08,0.1296,0.12,0.1190646299660992,,,1.08,0.1296,21.687307439999998,21.6872977704652,100.29982697046519,1.03166,0.9616062242265578,7.638393775773442
gen=40_member=6799_pso,50,storage_zplus_0p80,storage,Storage,S,1.08,0.1296,0.12,0.1190646299660992,,,1.08,0.1296,34.952641199999995,34.952751930942966,113.56528113094296,3.18988,3.042416119952677,5.557583880047323
gen=36_member=6120_pso,50,storage_zplus_0p80,storage,Storage,S,1.08,0.1296,0.12,0.1190646299660992,,,1.08,0.1296,35.9581376,35.95802982865704,114.57055902865704,3.68918,3.5308489198152473,5.069151080184753
gen=43_member=7295_pso,50,storage_zplus_0p80,storage,Storage,S,1.08,0.1296,0.12,0.1190646299660992,,,1.08,0.1296,35.5167708,35.51686845465705,114.12939765465704,3.46262,3.308763136797911,5.291236863202089
gen=37_member=6202_pso,50,storage_zplus_0p80,storage,Storage,S,1.08,0.1296,0.12,0.1190646299660992,,,1.08,0.1296,29.765634399999996,29.765572548609313,108.37810174860931,1.7877,1.687993813977497,6.912006186022502
gen=41_member=6991_pso,50,storage_zplus_0p80,storage,Storage,S,1.08,0.1296,0.12,0.1190646299660992,,,1.08,0.1296,36.3934888,36.393381324833584,115.00591052483358,3.91812,3.7533021003278186,4.846697899672181
gen=34_member=5786_pso,50,storage_zplus_0p80,storage,Storage,S,1.08,0.1296,0.12,0.1190646299660992,,,1.08,0.1296,35.6983528,35.69845644451818,114.31098564451818,3.5556,3.3982188237122726,5.201781176287727
gen=46_member=7820_pso,50,storage_zplus_0p80,storage,Storage,S,1.08,0.1296,0.12,0.1190646299660992,,,1.08,0.1296,35.8603284,35.860377441964175,114.47290664196417,3.63264,3.474567719121998,5.125432280878002
gen=49_member=8399_pso,50,storage_zplus_0p80,storage,Storage,S,1.08,0.1296,0.12,0.1190646299660992,,,1.08,0.1296,35.851862,35.85181623963164,114.46434543963164,3.62622,3.46834099816191,5.13165900183809
gen=34_member=5808_pso,50,storage_zplus_0p80,storage,Storage,S,1.08,0.1296,0.12,0.1190646299660992,,,1.08,0.1296,36.496199600000004,36.496093279758526,115.10862247975852,3.95771,3.7938687889883416,4.8061312110116585
gen=43_member=7329_pso,50,storage_zplus_0p80,storage,Storage,S,1.08,0.1296,0.12,0.1190646299660992,,,1.08,0.1296,34.9811596,34.981147257172495,113.59367645717249,3.19666,3.0489239521175784,5.551076047882422
gen=42_member=7088_pso,50,storage_zplus_0p80,storage,Storage,S,1.08,0.1296,0.12,0.1190646299660992,,,1.08,0.1296,35.7903692,35.79047148072272,114.40300068072271,3.60323,3.445394118675049,5.154605881324951
gen=45_member=7708_pso,50,storage_zplus_0p80,storage,Storage,S,1.08,0.1296,0.12,0.1190646299660992,,,1.08,0.1296,33.8571336,33.85718549462576,112.46971469462578,2.7429,2.610249409723248,5.989750590276752
gen=32_member=5495_pso,50,storage_zplus_0p80,storage,Storage,S,1.08,0.1296,0.12,0.1190646299660992,,,1.08,0.1296,25.922334399999997,25.92224315458362,104.53477235458361,1.29931,1.2159837074874356,7.384016292512564
gen=41_member=6992_pso,50,storage_zplus_0p80,storage,Storage,S,1.08,0.1296,0.12,0.1190646299660992,,,1.08,0.1296,35.8253488,35.82539989519937,114.43792909519937,3.61253,3.455031034229112,5.144968965770888
gen=44_member=7474_pso,50,storage_zplus_0p80,storage,Storage,S,1.08,0.1296,0.12,0.1190646299660992,,,1.08,0.1296,35.6065592,35.60659604089044,114.21912524089045,3.50006,3.3438917235094037,5.256108276490596
gen=38_member=6529_pso,50,storage_zplus_0p80,storage,Storage,S,1.08,0.1296,0.12,0.1190646299660992,,,1.08,0.1296,34.6110888,34.611036113818564,113.22356531381857,3.04111,2.9010524311125137,5.698947568887486
gen=38_member=6418_pso,50,storage_zplus_0p80,storage,Storage,S,1.08,0.1296,0.12,0.1190646299660992,,,1.08,0.1296,34.4430976,34.443010318174956,113.05553951817497,2.97833,2.8408457124588358,5.759154287541164
gen=42_member=7193_pso,50,storage_zplus_0p80,storage,Storage,S,1.08,0.1296,0.12,0.1190646299660992,,,1.08,0.1296,33.445622,33.44556490244684,112.05809410244683,2.62386,2.4956504331318308,6.104349566868169
gen=40_member=6846_pso,50,storage_zplus_0p80,storage,Storage,S,1.08,0.1296,0.12,0.1190646299660992,,,1.08,0.1296,33.0759968,33.07610629167887,111.68863549167887,2.5122,2.38777847079725,6.21222152920275
gen=42_member=7137_pso,50,storage_zplus_0p80,storage,Storage,S,1.08,0.1296,0.12,0.1190646299660992,,,1.08,0.1296,31.799798399999997,31.799870105395673,110.41239930539568,2.16651,2.053371120061342,6.546628879938657
gen=41_member=6951_pso,50,storage_zplus_0p80,storage,Storage,S,1.08,0.1296,0.12,0.1190646299660992,,,1.08,0.1296,31.7882128,31.788273688982024,110.40080288898203,2.16614,2.0542539725571283,6.545746027442871
gen=44_member=7514_pso,50,storage_zplus_0p80,storage,Storage,S,1.08,0.1296,0.12,0.1190646299660992,,,1.08,0.1296,34.407672399999996,34.40775328560086,113.02028248560086,2.96984,2.8319368873250332,5.768063112674966
gen=26_member=4423_pso,50,storage_zplus_0p80,storage,Storage,S,1.08,0.1296,0.12,0.1190646299660992,,,1.08,0.1296,32.826238,32.826298754166096,111.43882795416609,2.44423,2.3229255310371104,6.277074468962889
gen=30_member=5151_pso,50,storage_zplus_0p80,storage,Storage,S,1.08,0.1296,0.12,0.1190646299660992,,,1.08,0.1296,36.297461999999996,36.297392702126395,114.9099219021264,3.85519,3.6932909296697236,4.906709070330276
gen=36_member=6144_pso,50,storage_zplus_0p80,storage,Storage,S,1.08,0.1296,0.12,0.1190646299660992,,,1.08,0.1296,34.510605999999996,34.510550189225945,113.12307938922596,3.00686,2.868291587989091,5.731708412010908
gen=41_member=6946_pso,50,storage_zplus_0p80,storage,Storage,S,1.08,0.1296,0.12,0.1190646299660992,,,1.08,0.1296,35.683425199999995,35.683385394119824,114.29591459411984,3.5443,3.3877273083063755,5.212272691693624
gen=43_member=7239_pso,50,storage_zplus_0p80,storage,Storage,S,1.08,0.1296,0.12,0.1190646299660992,,,1.08,0.1296,35.7208556,35.72083483075705,114.33336403075705,3.56889,3.4113424891850843,5.188657510814915
gen=20_member=3413_pso,50,storage_zplus_0p80,storage,Storage,S,1.08,0.1296,0.12,0.1190646299660992,,,1.08,0.1296,32.9545708,32.95461211746549,111.5671413174655,2.47644,2.3539166082447758,6.246083391755224
gen=35_member=5913_pso,50,storage_zplus_0p80,storage,Storage,S,1.08,0.1296,0.12,0.1190646299660992,,,1.08,0.1296,21.26195996,21.261970620979778,99.87449982097976,1.01633,0.947476853285887,7.652523146714112
gen=47_member=7945_pso,50,storage_zplus_0p80,storage,Storage,S,1.08,0.1296,0.12,0.1190646299660992,,,1.08,0.1296,34.610420399999995,34.610460392456865,113.22298959245687,3.03486,2.8950952031818704,5.704904796818129
gen=31_member=5214_pso,50,storage_zplus_0p80,storage,Storage,S,1.08,0.1296,0.12,0.1190646299660992,,,1.08,0.1296,35.4428012,35.44276706150495,114.05529626150495,3.42253,3.267833815448428,5.332166184551571
gen=35_member=5893_pso,50,storage_zplus_0p80,storage,Storage,S,1.08,0.1296,0.12,0.1190646299660992,,,1.08,0.1296,16.002053,16.002041893722712,94.61457109372272,0.813288,0.7582058465966918,7.841794153403308
gen=42_member=7082_pso,50,storage_zplus_0p80,storage,Storage,S,1.08,0.1296,0.12,0.1190646299660992,,,1.08,0.1296,33.697386,33.697411190937146,112.30994039093714,2.69841,2.5677027915301602,6.032297208469839
gen=44_member=7534_pso,50,storage_zplus_0p80,storage,Storage,S,1.08,0.1296,0.12,0.1190646299660992,,,1.08,0.1296,34.346848,34.34682017838482,112.95934937838484,2.93385,2.7972420139334413,5.802757986066558
gen=45_member=7645_pso,50,storage_zplus_0p80,storage,Storage,S,1.08,0.1296,0.12,0.1190646299660992,,,1.08,0.1296,35.619036,35.61911037390231,114.23163957390231,3.51669,3.3605264585994776,5.239473541400522
gen=39_member=6590_pso,50,storage_zplus_0p80,storage,Storage,S,1.08,0.1296,0.12,0.1190646299660992,,,1.08,0.1296,36.736378,36.73640015568762,115.3489293556876,4.09121,3.9244324364887206,4.6755675635112794
gen=38_member=6398_pso,50,storage_zplus_0p80,storage,Storage,S,1.08,0.1296,0.12,0.1190646299660992,,,1.08,0.1296,35.0974612,35.09741973001883,113.70994893001883,3.25449,3.1048113331332123,5.495188666866787
gen=45_member=7594_pso,50,storage_zplus_0p80,storage,Storage,S,1.08,0.1296,0.12,0.1190646299660992,,,1.08,0.1296,36.3103844,36.31039554746737,114.92292474746739,3.8606,3.698632552723758,4.901367447276241
gen=48_member=8227_pso,50,storage_zplus_0p80,storage,Storage,S,1.08,0.1296,0.12,0.1190646299660992,,,1.08,0.1296,33.9072636,33.90734269461019,112.51987189461022,2.7553,2.6221183221939124,5.977881677806087
gen=30_member=5150_pso,50,storage_zplus_0p80,storage,Storage,S,1.08,0.1296,0.12,0.1190646299660992,,,1.08,0.1296,36.47793,36.47794126781239,115.0904704678124,3.95517,3.7912281891607296,4.80877181083927
gen=49_member=8327_pso,50,storage_zplus_0p80,storage,Storage,S,1.08,0.1296,0.12,0.1190646299660992,,,1.08,0.1296,30.106963999999998,30.10695679161178,108.71948599161179,1.80674,1.7055775873241739,6.894422412675826
gen=43_member=7261_pso,50,storage_zplus_0p80,storage,Storage,S,1.08,0.1296,0.12,0.1190646299660992,,,1.08,0.1296,34.4863208,34.48623759426499,113.09876679426499,2.98936,2.85146579695376,5.74853420304624
gen=36_member=6133_pso,50,storage_zplus_0p80,storage,Storage,S,1.08,0.1296,0.12,0.1190646299660992,,,1.08,0.1296,35.8721368,35.87203034437702,114.48455954437703,3.65379,3.4954266026626084,5.104573397337392
gen=41_member=6892_pso,50,storage_zplus_0p80,storage,Storage,S,1.08,0.1296,0.12,0.1190646299660992,,,1.08,0.1296,29.7658572,29.765857301341477,108.37838650134148,1.79322,1.693328037511929,6.906671962488071
gen=47_member=8012_pso,50,storage_zplus_0p80,storage,Storage,S,1.08,0.1296,0.12,0.1190646299660992,,,1.08,0.1296,35.983982399999995,35.984022812402536,114.59655201240253,3.70111,3.5419158279811285,5.058084172018871
gen=47_member=7966_pso,50,storage_zplus_0p80,storage,Storage,S,1.08,0.1296,0.12,0.1190646299660992,,,1.08,0.1296,33.7234536,33.72345101193558,112.3359802119356,2.70123,2.570546822106549,6.029453177893451
gen=49_member=8363_pso,50,storage_zplus_0p80,storage,Storage,S,1.08,0.1296,0.12,0.1190646299660992,,,1.08,0.1296,35.4777808,35.477807888172215,114.09033708817222,3.43975,3.2860416428799595,5.31395835712004
gen=44_member=7456_pso,50,storage_zplus_0p80,storage,Storage,S,1.08,0.1296,0.12,0.1190646299660992,,,1.08,0.1296,35.4550552,35.454985598383615,114.06751479838361,3.43116,3.2762125053710847,5.323787494628915
gen=40_member=6804_pso,50,storage_zplus_0p80,storage,Storage,S,1.08,0.1296,0.12,0.1190646299660992,,,1.08,0.1296,34.5288756,34.528979791643806,113.14150899164382,3.01687,2.8782543689371924,5.721745631062808
gen=38_member=6471_pso,50,storage_zplus_0p80,storage,Storage,S,1.08,0.1296,0.12,0.1190646299660992,,,1.08,0.1296,35.0604764,35.06049322067706,113.67302242067706,3.24426,3.0947741530737605,5.505225846926239
gen=22_member=3634_pso,50,storage_zplus_0p80,storage,Storage,S,1.08,0.1296,0.12,0.1190646299660992,,,1.08,0.1296,33.487508399999996,33.48751472965719,112.1000439296572,2.63496,2.5066144936873798,6.09338550631262
gen=44_member=7539_pso,50,storage_zplus_0p80,storage,Storage,S,1.08,0.1296,0.12,0.1190646299660992,,,1.08,0.1296,36.0109412,36.01086498046887,114.62339418046886,3.71574,3.5568415195970244,5.043158480402975
gen=49_member=8356_pso,50,storage_zplus_0p80,storage,Storage,S,1.08,0.1296,0.12,0.1190646299660992,,,1.08,0.1296,32.883720399999994,32.88362932713905,111.49615852713904,2.45508,2.333325677470692,6.266674322529308
gen=46_member=7849_pso,50,storage_zplus_0p80,storage,Storage,S,1.08,0.1296,0.12,0.1190646299660992,,,1.08,0.1296,33.7256816,33.7256272553146,112.3381564553146,2.71464,2.5834622985143563,6.016537701485643
gen=42_member=7200_pso,50,storage_zplus_0p80,storage,Storage,S,1.08,0.1296,0.12,0.1190646299660992,,,1.08,0.1296,35.3322924,35.33222140569574,113.94475060569573,3.37515,3.2217565568981006,5.3782434431018995
gen=38_member=6459_pso,50,storage_zplus_0p80,storage,Storage,S,1.08,0.1296,0.12,0.1190646299660992,,,1.08,0.1296,36.735932399999996,36.73590992805043,115.34843912805044,4.07908,3.9127483395138767,4.6872516604861225
gen=40_member=6838_pso,50,storage_zplus_0p80,storage,Storage,S,1.08,0.1296,0.12,0.1190646299660992,,,1.08,0.1296,27.5438728,27.54385585819388,106.15638505819388,1.42018,1.3330564529465914,7.266943547053408
gen=35_member=5994_pso,50,storage_zplus_0p80,storage,Storage,S,1.08,0.1296,0.12,0.1190646299660992,,,1.08,0.1296,34.683276,34.68326987798987,113.29579907798986,3.07603,2.933743565632488,5.6662564343675115
gen=39_member=6670_pso,50,storage_zplus_0p80,storage,Storage,S,1.08,0.1296,0.12,0.1190646299660992,,,1.08,0.1296,32.435669600000004,32.43577512726643,111.04830432726642,2.33137,2.2138076477616586,6.386192352238341
gen=48_member=8120_pso,50,storage_zplus_0p80,storage,Storage,S,1.08,0.1296,0.12,0.1190646299660992,,,1.08,0.1296,36.049485600000004,36.049477181493145,114.66200638149316,3.72385,3.5648144126955716,5.035185587304428
gen=47_member=7929_pso,50,storage_zplus_0p80,storage,Storage,S,1.08,0.1296,0.12,0.1190646299660992,,,1.08,0.1296,33.2756256,33.27569117913837,111.88822037913837,2.58067,2.4536687041839733,6.146331295816026
gen=32_member=5467_pso,50,storage_zplus_0p80,storage,Storage,S,1.08,0.1296,0.12,0.1190646299660992,,,1.08,0.1296,35.4252,35.425295105606956,114.03782430560697,3.40923,3.2549150698780065,5.345084930121994
gen=45_member=7589_pso,50,storage_zplus_0p80,storage,Storage,S,1.08,0.1296,0.12,0.1190646299660992,,,1.08,0.1296,35.264561199999996,35.264548182297666,113.87707738229766,3.34169,3.1901600634672973,5.409839936532702
gen=42_member=7063_pso,50,storage_zplus_0p80,storage,Storage,S,1.08,0.1296,0.12,0.1190646299660992,,,1.08,0.1296,32.7798956,32.77998072785285,111.39250992785287,2.41578,2.2955437835659556,6.304456216434044
gen=46_member=7783_pso,50,storage_zplus_0p80,storage,Storage,S,1.08,0.1296,0.12,0.1190646299660992,,,1.08,0.1296,35.2509704,35.250884894283324,113.86341409428333,3.33505,3.182662693668767,5.417337306331232
gen=42_member=7112_pso,50,storage_zplus_0p80,storage,Storage,S,1.08,0.1296,0.12,0.1190646299660992,,,1.08,0.1296,29.955014399999996,29.954952265185444,108.56748146518542,1.80414,1.703915217048463,6.896084782951537
gen=43_member=7278_pso,50,storage_zplus_0p80,storage,Storage,S,1.08,0.1296,0.12,0.1190646299660992,,,1.08,0.1296,26.961028,26.96102909294159,105.5735582929416,1.36641,1.279835109854266,7.320164890145733
gen=48_member=8123_pso,50,storage_zplus_0p80,storage,Storage,S,1.08,0.1296,0.12,0.1190646299660992,,,1.08,0.1296,35.7057052,35.70569359544761,114.31822279544762,3.56822,3.410939797001782,5.189060202998218
gen=38_member=6409_pso,50,storage_zplus_0p80,storage,Storage,S,1.08,0.1296,0.12,0.1190646299660992,,,1.08,0.1296,35.5586572,35.558655547749574,114.17118474774956,3.48534,3.328908973483171,5.271091026516828
gen=36_member=6139_pso,50,storage_zplus_0p80,storage,Storage,S,1.08,0.1296,0.12,0.1190646299660992,,,1.08,0.1296,36.7221188,36.722176673504485,115.33470587350449,4.07625,3.910006188159339,4.689993811840661
gen=40_member=6783_pso,50,storage_zplus_0p80,storage,Storage,S,1.08,0.1296,0.12,0.1190646299660992,,,1.08,0.1296,34.2880288,34.28795088667764,112.90048008667765,2.92983,2.7877964282474177,5.8122035717525815
gen=29_member=4924_pso,50,storage_zplus_0p80,storage,Storage,S,1.08,0.1296,0.12,0.1190646299660992,,,1.08,0.1296,33.3221908,33.32221023991749,111.93473943991748,2.58783,2.460830856583807,6.139169143416193
gen=46_member=7822_pso,50,storage_zplus_0p80,storage,Storage,S,1.08,0.1296,0.12,0.1190646299660992,,,1.08,0.1296,36.6993932,36.69936383186918,115.31189303186918,4.06609,3.8997208398381877,4.700279160161812
gen=33_member=5655_pso,50,storage_zplus_0p80,storage,Storage,S,1.08,0.1296,0.12,0.1190646299660992,,,1.08,0.1296,35.6303988,35.630370058555734,114.24289925855572,3.51718,3.361080584624155,5.238919415375845
gen=31_member=5227_pso,50,storage_zplus_0p80,storage,Storage,S,1.08,0.1296,0.12,0.1190646299660992,,,1.08,0.1296,33.1920756,33.191986899653344,111.80451609965334,2.57051,2.4445431548386263,6.155456845161373
gen=46_member=7810_pso,50,storage_zplus_0p80,storage,Storage,S,1.08,0.1296,0.12,0.1190646299660992,,,1.08,0.1296,34.574104,34.57406416730866,113.18659336730867,3.02342,2.884265337125891,5.715734662874109
gen=28_member=4720_pso,50,storage_zplus_0p80,storage,Storage,S,1.08,0.1296,0.12,0.1190646299660992,,,1.08,0.1296,35.3848732,35.38488870745046,113.99741790745045,3.39794,3.243942891896087,5.356057108103913
gen=31_member=5250_pso,50,storage_zplus_0p80,storage,Storage,S,1.08,0.1296,0.12,0.1190646299660992,,,1.08,0.1296,34.0534204,34.05351185359164,112.66604105359163,2.82385,2.6858315352361535,5.914168464763846
gen=46_member=7862_pso,50,storage_zplus_0p80,storage,Storage,S,1.08,0.1296,0.12,0.1190646299660992,,,1.08,0.1296,34.5019168,34.50190548961805,113.11443468961807,2.9983,2.8603586854957586,5.739641314504241
gen=29_member=4911_pso,50,storage_zplus_0p80,storage,Storage,S,1.08,0.1296,0.12,0.1190646299660992,,,1.08,0.1296,33.8640404,33.86401239624249,112.47654159624248,2.75415,2.6219793888004004,5.978020611199599
gen=43_member=7385_pso,50,storage_zplus_0p80,storage,Storage,S,1.08,0.1296,0.12,0.1190646299660992,,,1.08,0.1296,26.117729999999998,26.117703630103588,104.73023283010357,1.30432,1.2213982850757465,7.378601714924253
gen=34_member=5724_pso,50,storage_zplus_0p80,storage,Storage,S,1.08,0.1296,0.12,0.1190646299660992,,,1.08,0.1296,35.5597712,35.55966917902097,114.17219837902098,3.48909,3.332626352373444,5.267373647626556
gen=39_member=6557_pso,50,storage_zplus_0p80,storage,Storage,S,1.08,0.1296,0.12,0.1190646299660992,,,1.08,0.1296,30.951821600000002,30.95190437561837,109.56443357561837,1.98352,1.8766147708867529,6.723385229113247
gen=43_member=7341_pso,50,storage_zplus_0p80,storage,Storage,S,1.08,0.1296,0.12,0.1190646299660992,,,1.08,0.1296,35.697461600000004,35.69752068422161,114.31004988422161,3.54777,3.3907785668915023,5.209221433108498
gen=37_member=6349_pso,50,storage_zplus_0p80,storage,Storage,S,1.08,0.1296,0.12,0.1190646299660992,,,1.08,0.1296,33.8629264,33.862942575484915,112.47547177548492,2.74347,2.6108578254058354,5.989142174594164
gen=41_member=6889_pso,50,storage_zplus_0p80,storage,Storage,S,1.08,0.1296,0.12,0.1190646299660992,,,1.08,0.1296,27.384348,27.38432060845482,105.99684980845481,1.4106,1.3235021911497518,7.276497808850248
gen=47_member=8010_pso,50,storage_zplus_0p80,storage,Storage,S,1.08,0.1296,0.12,0.1190646299660992,,,1.08,0.1296,33.483498,33.48339815320258,112.09592735320258,2.63426,2.505522865604747,6.094477134395253
gen=38_member=6465_pso,50,storage_zplus_0p80,storage,Storage,S,1.08,0.1296,0.12,0.1190646299660992,,,1.08,0.1296,35.5849476,35.58483752237572,114.19736672237573,3.49711,3.3403547602153028,5.259645239784697
gen=29_member=4976_pso,50,storage_zplus_0p80,storage,Storage,S,1.08,0.1296,0.12,0.1190646299660992,,,1.08,0.1296,32.8534196,32.85346614458213,111.46599534458214,2.44488,2.32356181155631,6.27643818844369
gen=34_member=5729_pso,50,storage_zplus_0p80,storage,Storage,S,1.08,0.1296,0.12,0.1190646299660992,,,1.08,0.1296,36.1272428,36.12729970982421,114.7398289098242,3.76248,3.6025942127668276,4.997405787233172
gen=46_member=7888_pso,50,storage_zplus_0p80,storage,Storage,S,1.08,0.1296,0.12,0.1190646299660992,,,1.08,0.1296,32.783460399999996,32.783404919650515,111.3959341196505,2.41843,2.298099322619264,6.301900677380736
gen=46_member=7821_pso,50,storage_zplus_0p80,storage,Storage,S,1.08,0.1296,0.12,0.1190646299660992,,,1.08,0.1296,31.01933,31.019254054929405,109.63178325492942,1.99327,1.8860648944386602,6.713935105561339
gen=48_member=8165_pso,50,storage_zplus_0p80,storage,Storage,S,1.08,0.1296,0.12,0.1190646299660992,,,1.08,0.1296,35.0845388,35.08459194378328,113.69712114378328,3.24714,3.0976900385960544,5.502309961403945
gen=36_member=6131_pso,50,storage_zplus_0p80,storage,Storage,S,1.08,0.1296,0.12,0.1190646299660992,,,1.08,0.1296,36.0098272,36.00986073528155,114.62238993528156,3.70849,3.549269841973016,5.050730158026983
gen=32_member=5391_pso,50,storage_zplus_0p80,storage,Storage,S,1.08,0.1296,0.12,0.1190646299660992,,,1.08,0.1296,33.261589199999996,33.261505768011496,111.8740349680115,2.57343,2.4471202829765852,6.152879717023414
gen=34_member=5740_pso,50,storage_zplus_0p80,storage,Storage,S,1.08,0.1296,0.12,0.1190646299660992,,,1.08,0.1296,27.0249716,27.025055498234494,105.63758469823449,1.37217,1.2867441041872474,7.313255895812752
gen=35_member=5978_pso,50,storage_zplus_0p80,storage,Storage,S,1.08,0.1296,0.12,0.1190646299660992,,,1.08,0.1296,35.7979444,35.798046250315835,114.41057545031585,3.60663,3.4490210801773067,5.150978919822693
gen=32_member=5373_pso,50,storage_zplus_0p80,storage,Storage,S,1.08,0.1296,0.12,0.1190646299660992,,,1.08,0.1296,34.4901084,34.49010839919886,113.10263759919886,2.995,2.855393711882061,5.7446062881179385
gen=44_member=7565_pso,50,storage_zplus_0p80,storage,Storage,S,1.08,0.1296,0.12,0.1190646299660992,,,1.08,0.1296,32.9715036,32.97144846847227,111.58397766847226,2.47831,2.3553937083483616,6.244606291651638
gen=45_member=7737_pso,50,storage_zplus_0p80,storage,Storage,S,1.08,0.1296,0.12,0.1190646299660992,,,1.08,0.1296,36.1261288,36.12613241634489,114.7386616163449,3.75756,3.597520921741454,5.0024790782585455
gen=35_member=6019_pso,50,storage_zplus_0p80,storage,Storage,S,1.08,0.1296,0.12,0.1190646299660992,,,1.08,0.1296,36.062408,36.06245626130536,114.67498546130537,3.73038,3.5711561869885844,5.028843813011415
gen=46_member=7796_pso,50,storage_zplus_0p80,storage,Storage,S,1.08,0.1296,0.12,0.1190646299660992,,,1.08,0.1296,35.467532,35.46763029885118,114.08015949885117,3.43824,3.2830904096306144,5.316909590369385
gen=47_member=7977_pso,50,storage_zplus_0p80,storage,Storage,S,1.08,0.1296,0.12,0.1190646299660992,,,1.08,0.1296,35.5069676,35.506986680921436,114.11951588092144,3.45533,3.300202617673653,5.2997973823263465
gen=49_member=8311_pso,50,storage_zplus_0p80,storage,Storage,S,1.08,0.1296,0.12,0.1190646299660992,,,1.08,0.1296,36.0073764,36.00733726709178,114.61986646709177,3.70558,3.54654573037432,5.0534542696256795
gen=29_member=4851_pso,50,storage_zplus_0p80,storage,Storage,S,1.08,0.1296,0.12,0.1190646299660992,,,1.08,0.1296,35.2643384,35.264277472776136,113.87680667277613,3.33985,3.187424224531915,5.412575775468085
gen=34_member=5819_pso,50,storage_zplus_0p80,storage,Storage,S,1.08,0.1296,0.12,0.1190646299660992,,,1.08,0.1296,34.5609588,34.56103873283972,113.17356793283972,3.0224,2.8832024263098357,5.7167975736901635
gen=38_member=6490_pso,50,storage_zplus_0p80,storage,Storage,S,1.08,0.1296,0.12,0.1190646299660992,,,1.08,0.1296,36.0697604,36.069858023161345,114.68238722316136,3.73254,3.573243571583004,5.026756428416995
gen=42_member=7145_pso,50,storage_zplus_0p80,storage,Storage,S,1.08,0.1296,0.12,0.1190646299660992,,,1.08,0.1296,36.306151199999995,36.30614392385608,114.9186731238561,3.85887,3.6960113536227013,4.903988646377298
gen=28_member=4655_pso,50,storage_zplus_0p80,storage,Storage,S,1.08,0.1296,0.12,0.1190646299660992,,,1.08,0.1296,33.7361532,33.73614280489097,112.34867200489097,2.71633,2.585130082693375,6.0148699173066245
gen=24_member=4008_pso,50,storage_zplus_0p80,storage,Storage,S,1.08,0.1296,0.12,0.1190646299660992,,,1.08,0.1296,33.7668996,33.76696087691461,112.3794900769146,2.71969,2.5880038025066114,6.011996197493389
gen=34_member=5732_pso,50,storage_zplus_0p80,storage,Storage,S,1.08,0.1296,0.12,0.1190646299660992,,,1.08,0.1296,33.7822728,33.7821917262945,112.39472092629453,2.72045,2.589163754837176,6.010836245162824
gen=40_member=6768_pso,50,storage_zplus_0p80,storage,Storage,S,1.08,0.1296,0.12,0.1190646299660992,,,1.08,0.1296,36.653050799999995,36.65302211816361,115.26555131816362,4.06357,3.8956051445775275,4.704394855422472
gen=44_member=7554_pso,50,storage_zplus_0p80,storage,Storage,S,1.08,0.1296,0.12,0.1190646299660992,,,1.08,0.1296,33.7114224,33.71131958774986,112.32384878774988,2.69854,2.5679463669794305,6.032053633020569
gen=18_member=3072_pso,50,storage_zplus_0p80,storage,Storage,S,1.08,0.1296,0.12,0.1190646299660992,,,1.08,0.1296,37.154796399999995,37.15490686727385,115.76743606727385,4.37912,4.203662537210513,4.396337462789487
gen=50_member=8445_pso,50,storage_zplus_0p80,storage,Storage,S,1.08,0.1296,0.12,0.1190646299660992,,,1.08,0.1296,20.94736636,20.947372107145803,99.55990130714581,1.01547,0.9478153798915757,7.652184620108424
gen=50_member=8506_pso,50,storage_zplus_0p80,storage,Storage,S,1.08,0.1296,0.12,0.1190646299660992,,,1.08,0.1296,36.1778184,36.17771080932583,114.79024000932583,3.79088,3.6301337410591983,4.969866258940801
gen=50_member=8596_pso,50,storage_zplus_0p80,storage,Storage,S,1.08,0.1296,0.12,0.1190646299660992,,,1.08,0.1296,31.6560924,31.656131000200023,110.26866020020003,2.13446,2.0222021457070265,6.577797854292973
gen=50_member=8464_pso,50,storage_zplus_0p80,storage,Storage,S,1.08,0.1296,0.12,0.1190646299660992,,,1.08,0.1296,35.1692028,35.16929619734085,113.78182539734085,3.28738,3.1371214811310786,5.462878518868921
gen=50_member=8489_pso,50,storage_zplus_0p80,storage,Storage,S,1.08,0.1296,0.12,0.1190646299660992,,,1.08,0.1296,33.927984,33.928075253726064,112.54060445372608,2.76217,2.62877809131287,5.971221908687129
gen=50_member=8579_pso,50,storage_zplus_0p80,storage,Storage,S,1.08,0.1296,0.12,0.1190646299660992,,,1.08,0.1296,35.2674576,35.267503555717184,113.8800327557172,3.34196,3.18945564079748,5.41054435920252
gen=50_member=8474_pso,50,storage_zplus_0p80,storage,Storage,S,1.08,0.1296,0.12,0.1190646299660992,,,1.08,0.1296,28.369124,28.369120398124426,106.98164959812442,1.54501,1.4529370682107887,7.147062931789211
gen=50_member=8555_pso,50,storage_zplus_0p80,storage,Storage,S,1.08,0.1296,0.12,0.1190646299660992,,,1.08,0.1296,34.7982408,34.798261721440575,113.41079092144058,3.12278,2.977976698651028,5.622023301348971
gen=50_member=8483_pso,50,storage_zplus_0p80,storage,Storage,S,1.08,0.1296,0.12,0.1190646299660992,,,1.08,0.1296,32.124418,32.12450543561306,110.73703463561304,2.25475,2.1398589505104337,6.460141049489566
gen=50_member=8443_pso,50,storage_zplus_0p80,storage,Storage,S,1.08,0.1296,0.12,0.1190646299660992,,,1.08,0.1296,29.0288348,29.028751720435796,107.64128092043579,1.62866,1.5347845695438618,7.065215430456138
gen=50_member=8469_pso,50,storage_zplus_0p80,storage,Storage,S,1.08,0.1296,0.12,0.1190646299660992,,,1.08,0.1296,27.342684399999996,27.342638190802248,105.95516739080225,1.39731,1.3112189861120955,7.288781013887904
gen=50_member=8584_pso,50,storage_zplus_0p80,storage,Storage,S,1.08,0.1296,0.12,0.1190646299660992,,,1.08,0.1296,36.776259200000005,36.77633515260383,115.38886435260383,4.09976,3.932048967411631,4.667951032588369
gen=50_member=8572_pso,50,storage_zplus_0p80,storage,Storage,S,1.08,0.1296,0.12,0.1190646299660992,,,1.08,0.1296,35.3808628,35.38077037906462,113.99329957906461,3.38958,3.235854640590868,5.3641453594091315
gen=50_member=8550_pso,50,storage_zplus_0p80,storage,Storage,S,1.08,0.1296,0.12,0.1190646299660992,,,1.08,0.1296,35.4354488,35.43550778076299,114.048036980763,3.41089,3.2565160673799083,5.343483932620091
gen=50_member=8507_pso,50,storage_zplus_0p80,storage,Storage,S,1.08,0.1296,0.12,0.1190646299660992,,,1.08,0.1296,29.1130532,29.113125122660595,107.72565432266059,1.64928,1.5544925313607956,7.0455074686392045
gen=50_member=8467_pso,50,storage_zplus_0p80,storage,Storage,S,1.08,0.1296,0.12,0.1190646299660992,,,1.08,0.1296,28.4317308,28.431750054504132,107.04427925450413,1.56923,1.4776961317229156,7.1223038682770845
gen=50_member=8487_pso,50,storage_zplus_0p80,storage,Storage,S,1.08,0.1296,0.12,0.1190646299660992,,,1.08,0.1296,35.5025116,35.50262187067714,114.11515107067714,3.45215,3.297515017388761,5.302484982611238
152,50,storage_zplus_1p20,storage,Storage,S,1.12,0.13440000000000002,0.12,0.07981140824009199,,,1.12,0.13440000000000002,39.0853584,39.0854414587126,117.6979706587126,4.78258,4.509541868975325,4.090458131024675
gen=36_member=6021_pso,50,storage_zplus_1p20,storage,Storage,S,1.12,0.13440000000000002,0.12,0.07981140824009199,,,1.12,0.13440000000000002,15.73043752,15.730428646974957,94.34295784697495,0.811083,0.7314125544734738,7.868587445526526
16,50,storage_zplus_1p20,storage,Storage,S,1.12,0.13440000000000002,0.12,0.07981140824009199,,,1.12,0.13440000000000002,38.467534,38.46752870631738,117.08005790631736,4.48927,4.22614701137663,4.373852988623369
130,50,storage_zplus_1p20,storage,Storage,S,1.12,0.13440000000000002,0.12,0.07981140824009199,,,1.12,0.13440000000000002,38.6001,38.60014577795708,117.21267497795709,4.69071,4.42183149807268,4.17816850192732
95,50,storage_zplus_1p20,storage,Storage,S,1.12,0.13440000000000002,0.12,0.07981140824009199,,,1.12,0.13440000000000002,38.900657200000005,38.90068138512153,117.51321058512153,4.70127,4.429331398418045,4.170668601581955
156,50,storage_zplus_1p20,storage,Storage,S,1.12,0.13440000000000002,0.12,0.07981140824009199,,,1.12,0.13440000000000002,37.6137644,37.61379239712806,116.22632159712806,4.4265,4.1685317016826,4.4314682983174
gen=47_member=7948_pso,50,storage_zplus_1p20,storage,Storage,S,1.12,0.13440000000000002,0.12,0.07981140824009199,,,1.12,0.13440000000000002,28.5299856,28.529932454502454,107.14246165450244,1.5703,1.4363099287681136,7.163690071231886
gen=48_member=8161_pso,50,storage_zplus_1p20,storage,Storage,S,1.12,0.13440000000000002,0.12,0.07981140824009199,,,1.12,0.13440000000000002,24.5082228,24.508282368015493,103.1208115680155,1.17026,1.053368457011308,7.546631542988692
gen=33_member=5661_pso,50,storage_zplus_1p20,storage,Storage,S,1.12,0.13440000000000002,0.12,0.07981140824009199,,,1.12,0.13440000000000002,36.8916696,36.89173247767671,115.50426167767671,4.21575,3.9649074807131406,4.635092519286859
gen=47_member=7921_pso,50,storage_zplus_1p20,storage,Storage,S,1.12,0.13440000000000002,0.12,0.07981140824009199,,,1.12,0.13440000000000002,37.0291372,37.029124549782175,115.6416537497822,4.27101,4.019109527377827,4.580890472622173
gen=40_member=6722_pso,50,storage_zplus_1p20,storage,Storage,S,1.12,0.13440000000000002,0.12,0.07981140824009199,,,1.12,0.13440000000000002,29.2066292,29.206608318766545,107.81913751876654,1.65561,1.5171472460149638,7.082852753985036
gen=48_member=8113_pso,50,storage_zplus_1p20,storage,Storage,S,1.12,0.13440000000000002,0.12,0.07981140824009199,,,1.12,0.13440000000000002,37.0135412,37.01352492542517,115.62605412542518,4.2324,3.9816574692836557,4.618342530716344
gen=48_member=8218_pso,50,storage_zplus_1p20,storage,Storage,S,1.12,0.13440000000000002,0.12,0.07981140824009199,,,1.12,0.13440000000000002,36.6236412,36.62363801974855,115.23616721974857,4.03399,3.791912196968801,4.808087803031198
gen=42_member=7058_pso,50,storage_zplus_1p20,storage,Storage,S,1.12,0.13440000000000002,0.12,0.07981140824009199,,,1.12,0.13440000000000002,17.825114,17.82511697626178,96.4376461762618,0.864582,0.775262685587482,7.824737314412518
gen=48_member=8245_pso,50,storage_zplus_1p20,storage,Storage,S,1.12,0.13440000000000002,0.12,0.07981140824009199,,,1.12,0.13440000000000002,36.87897,36.87888641911074,115.49141561911075,4.17121,3.9214291720263095,4.67857082797369
gen=41_member=6922_pso,50,storage_zplus_1p20,storage,Storage,S,1.12,0.13440000000000002,0.12,0.07981140824009199,,,1.12,0.13440000000000002,32.1159516,32.11592080418332,110.72845000418333,2.24821,2.0811955660732444,6.518804433926755
gen=41_member=6885_pso,50,storage_zplus_1p20,storage,Storage,S,1.12,0.13440000000000002,0.12,0.07981140824009199,,,1.12,0.13440000000000002,16.94815092,16.94814371857778,95.56067291857778,0.828565,0.7450009595102067,7.854999040489793
gen=37_member=6262_pso,50,storage_zplus_1p20,storage,Storage,S,1.12,0.13440000000000002,0.12,0.07981140824009199,,,1.12,0.13440000000000002,25.3729096,25.372800727077287,103.98532992707726,1.2425,1.1232396763691042,7.476760323630895
gen=39_member=6554_pso,50,storage_zplus_1p20,storage,Storage,S,1.12,0.13440000000000002,0.12,0.07981140824009199,,,1.12,0.13440000000000002,22.91498,22.91493475179726,101.52746395179726,1.07599,0.9659565945462947,7.6340434054537045
gen=44_member=7409_pso,50,storage_zplus_1p20,storage,Storage,S,1.12,0.13440000000000002,0.12,0.07981140824009199,,,1.12,0.13440000000000002,29.026161199999997,29.02617500954204,107.63870420954201,1.61819,1.4824302011583463,7.117569798841654
gen=33_member=5597_pso,50,storage_zplus_1p20,storage,Storage,S,1.12,0.13440000000000002,0.12,0.07981140824009199,,,1.12,0.13440000000000002,20.425457360000003,20.425447005160812,99.03797620516082,0.993719,0.8951776732030086,7.704822326796991
gen=35_member=5926_pso,50,storage_zplus_1p20,storage,Storage,S,1.12,0.13440000000000002,0.12,0.07981140824009199,,,1.12,0.13440000000000002,28.758578399999998,28.75848621927199,107.371015419272,1.60584,1.4705563559250736,7.129443644074926
gen=42_member=7147_pso,50,storage_zplus_1p20,storage,Storage,S,1.12,0.13440000000000002,0.12,0.07981140824009199,,,1.12,0.13440000000000002,36.785394,36.78548226240043,115.39801146240043,4.12536,3.8771247392174066,4.722875260782593
gen=47_member=7992_pso,50,storage_zplus_1p20,storage,Storage,S,1.12,0.13440000000000002,0.12,0.07981140824009199,,,1.12,0.13440000000000002,37.303181200000004,37.30318347661641,115.91571267661642,4.41535,4.1579338021272605,4.442066197872739
gen=44_member=7479_pso,50,storage_zplus_1p20,storage,Storage,S,1.12,0.13440000000000002,0.12,0.07981140824009199,,,1.12,0.13440000000000002,29.72709,29.726992928553695,108.3395221285537,1.7727,1.627592291202897,6.972407708797102
gen=46_member=7840_pso,50,storage_zplus_1p20,storage,Storage,S,1.12,0.13440000000000002,0.12,0.07981140824009199,,,1.12,0.13440000000000002,27.838414399999998,27.838357196260656,106.45088639626066,1.46259,1.3339421099545836,7.266057890045416
gen=36_member=6076_pso,50,storage_zplus_1p20,storage,Storage,S,1.12,0.13440000000000002,0.12,0.07981140824009199,,,1.12,0.13440000000000002,37.071692,37.07165394641189,115.6841831464119,4.31441,4.060045297761298,4.539954702238702
gen=39_member=6576_pso,50,storage_zplus_1p20,storage,Storage,S,1.12,0.13440000000000002,0.12,0.07981140824009199,,,1.12,0.13440000000000002,24.576845199999998,24.57679423226629,103.18932343226629,1.21064,1.0948502020351116,7.505149797964888
gen=46_member=7833_pso,50,storage_zplus_1p20,storage,Storage,S,1.12,0.13440000000000002,0.12,0.07981140824009199,,,1.12,0.13440000000000002,30.2738412,30.273822445456965,108.88635164545695,1.83739,1.6890005764020903,6.910999423597909
gen=36_member=6039_pso,50,storage_zplus_1p20,storage,Storage,S,1.12,0.13440000000000002,0.12,0.07981140824009199,,,1.12,0.13440000000000002,34.2367848,34.236759922666806,112.84928912266682,2.88658,2.6869485536236875,5.913051446376312
gen=45_member=7630_pso,50,storage_zplus_1p20,storage,Storage,S,1.12,0.13440000000000002,0.12,0.07981140824009199,,,1.12,0.13440000000000002,20.27341864,20.273425248681576,98.88595444868157,0.964314,0.86511272443706,7.73488727556294
gen=41_member=7002_pso,50,storage_zplus_1p20,storage,Storage,S,1.12,0.13440000000000002,0.12,0.07981140824009199,,,1.12,0.13440000000000002,31.456018,31.456010064777686,110.0685392647777,2.09323,1.9325956158636644,6.6674043841363355
gen=44_member=7416_pso,50,storage_zplus_1p20,storage,Storage,S,1.12,0.13440000000000002,0.12,0.07981140824009199,,,1.12,0.13440000000000002,22.539562,22.53949283051267,101.15202203051267,1.03735,0.9301285027440948,7.669871497255905
gen=48_member=8130_pso,50,storage_zplus_1p20,storage,Storage,S,1.12,0.13440000000000002,0.12,0.07981140824009199,,,1.12,0.13440000000000002,30.2965668,30.29664546331896,108.90917466331896,1.8663,1.7170261074988735,6.882973892501126
gen=42_member=7150_pso,50,storage_zplus_1p20,storage,Storage,S,1.12,0.13440000000000002,0.12,0.07981140824009199,,,1.12,0.13440000000000002,23.0183592,23.018345966531463,101.63087516653145,1.08725,0.9815113000838284,7.618488699916171
gen=46_member=7861_pso,50,storage_zplus_1p20,storage,Storage,S,1.12,0.13440000000000002,0.12,0.07981140824009199,,,1.12,0.13440000000000002,36.5779672,36.57795625745423,115.19048545745423,4.0076,3.763359997444662,4.836640002555338
gen=47_member=8013_pso,50,storage_zplus_1p20,storage,Storage,S,1.12,0.13440000000000002,0.12,0.07981140824009199,,,1.12,0.13440000000000002,24.1898416,24.189885878306495,102.80241507830647,1.14776,1.0344692772494974,7.565530722750502
gen=34_member=5833_pso,50,storage_zplus_1p20,storage,Storage,S,1.12,0.13440000000000002,0.12,0.07981140824009199,,,1.12,0.13440000000000002,37.0554276,37.05546674905064,115.66799594905063,4.29346,4.040109291450588,4.559890708549411
gen=29_member=4835_pso,50,storage_zplus_1p20,storage,Storage,S,1.12,0.13440000000000002,0.12,0.07981140824009199,,,1.12,0.13440000000000002,31.1628132,31.16289112554577,109.77542032554577,2.02499,1.8667091274123504,6.7332908725876495
gen=43_member=7309_pso,50,storage_zplus_1p20,storage,Storage,S,1.12,0.13440000000000002,0.12,0.07981140824009199,,,1.12,0.13440000000000002,28.36244,28.362383210764136,106.97491241076413,1.53641,1.4047080620915455,7.195291937908454
gen=42_member=7162_pso,50,storage_zplus_1p20,storage,Storage,S,1.12,0.13440000000000002,0.12,0.07981140824009199,,,1.12,0.13440000000000002,34.2657488,34.265693983561704,112.87822318356172,2.92099,2.7207148531008682,5.879285146899131
gen=43_member=7394_pso,50,storage_zplus_1p20,storage,Storage,S,1.12,0.13440000000000002,0.12,0.07981140824009199,,,1.12,0.13440000000000002,29.6994628,29.69937939750987,108.31190859750988,1.74092,1.5977970105959503,7.002202989404049
gen=47_member=7994_pso,50,storage_zplus_1p20,storage,Storage,S,1.12,0.13440000000000002,0.12,0.07981140824009199,,,1.12,0.13440000000000002,27.7078536,27.707961235794844,106.32049043579485,1.42551,1.2981509298864753,7.301849070113525
gen=48_member=8212_pso,50,storage_zplus_1p20,storage,Storage,S,1.12,0.13440000000000002,0.12,0.07981140824009199,,,1.12,0.13440000000000002,25.5088176,25.50891213870453,104.12144133870451,1.2664,1.1467219365013952,7.453278063498605
gen=34_member=5718_pso,50,storage_zplus_1p20,storage,Storage,S,1.12,0.13440000000000002,0.12,0.07981140824009199,,,1.12,0.13440000000000002,19.217970479999998,19.217975104740983,97.83050430474097,0.92753,0.8384967431288112,7.761503256871189
gen=40_member=6749_pso,50,storage_zplus_1p20,storage,Storage,S,1.12,0.13440000000000002,0.12,0.07981140824009199,,,1.12,0.13440000000000002,32.0337384,32.033822459218676,110.64635165921867,2.22633,2.0592747424289084,6.540725257571092
gen=45_member=7712_pso,50,storage_zplus_1p20,storage,Storage,S,1.12,0.13440000000000002,0.12,0.07981140824009199,,,1.12,0.13440000000000002,31.9644476,31.96441941761888,110.57694861761888,2.20694,2.040861978033324,6.5591380219666755
gen=49_member=8286_pso,50,storage_zplus_1p20,storage,Storage,S,1.12,0.13440000000000002,0.12,0.07981140824009199,,,1.12,0.13440000000000002,31.885799199999997,31.88574680923485,110.49827600923484,2.18552,2.020145156641246,6.579854843358754
gen=47_member=7987_pso,50,storage_zplus_1p20,storage,Storage,S,1.12,0.13440000000000002,0.12,0.07981140824009199,,,1.12,0.13440000000000002,32.3378604,32.3379503115816,110.95047951158162,2.30822,2.1378774966686382,6.462122503331361
gen=42_member=7104_pso,50,storage_zplus_1p20,storage,Storage,S,1.12,0.13440000000000002,0.12,0.07981140824009199,,,1.12,0.13440000000000002,37.1305112,37.1305477391165,115.7430769391165,4.35228,4.096743246900259,4.50325675309974
gen=44_member=7536_pso,50,storage_zplus_1p20,storage,Storage,S,1.12,0.13440000000000002,0.12,0.07981140824009199,,,1.12,0.13440000000000002,23.466855600000002,23.46684587614881,102.0793750761488,1.11985,1.0107799735101723,7.589220026489827
gen=38_member=6480_pso,50,storage_zplus_1p20,storage,Storage,S,1.12,0.13440000000000002,0.12,0.07981140824009199,,,1.12,0.13440000000000002,31.4072248,31.407133065935877,110.01966226593586,2.07448,1.9126993656820654,6.687300634317934
gen=43_member=7269_pso,50,storage_zplus_1p20,storage,Storage,S,1.12,0.13440000000000002,0.12,0.07981140824009199,,,1.12,0.13440000000000002,36.833296,36.83339971387087,115.44592891387086,4.14372,3.8949635849357196,4.70503641506428
gen=35_member=5948_pso,50,storage_zplus_1p20,storage,Storage,S,1.12,0.13440000000000002,0.12,0.07981140824009199,,,1.12,0.13440000000000002,37.07392,37.07384621264411,115.68637541264411,4.33924,4.084107529565489,4.515892470434511
gen=29_member=4871_pso,50,storage_zplus_1p20,storage,Storage,S,1.12,0.13440000000000002,0.12,0.07981140824009199,,,1.12,0.13440000000000002,17.843495,17.843497187733753,96.45602638773376,0.881544,0.7944917084021114,7.805508291597889
gen=36_member=6031_pso,50,storage_zplus_1p20,storage,Storage,S,1.12,0.13440000000000002,0.12,0.07981140824009199,,,1.12,0.13440000000000002,31.3383796,31.338390787551674,109.95091998755169,2.05415,1.89391898331538,6.706081016684619
gen=39_member=6689_pso,50,storage_zplus_1p20,storage,Storage,S,1.12,0.13440000000000002,0.12,0.07981140824009199,,,1.12,0.13440000000000002,29.4165068,29.416418185838467,108.02894738583845,1.67871,1.5391039855755169,7.060896014424483
gen=46_member=7811_pso,50,storage_zplus_1p20,storage,Storage,S,1.12,0.13440000000000002,0.12,0.07981140824009199,,,1.12,0.13440000000000002,30.8479968,30.84800808580873,109.46053728580873,1.95962,1.8046589313202943,6.795341068679705
gen=36_member=6150_pso,50,storage_zplus_1p20,storage,Storage,S,1.12,0.13440000000000002,0.12,0.07981140824009199,,,1.12,0.13440000000000002,29.510305600000002,29.510270949002532,108.12280014900254,1.71536,1.5736187475247538,7.026381252475246
gen=28_member=4698_pso,50,storage_zplus_1p20,storage,Storage,S,1.12,0.13440000000000002,0.12,0.07981140824009199,,,1.12,0.13440000000000002,19.62453592,19.62453473077234,98.23706393077234,0.948853,0.8524587265920921,7.747541273407908
gen=45_member=7580_pso,50,storage_zplus_1p20,storage,Storage,S,1.12,0.13440000000000002,0.12,0.07981140824009199,,,1.12,0.13440000000000002,29.4198488,29.41977376399195,108.03230296399194,1.6928,1.5526922483510834,7.047307751648916
gen=37_member=6318_pso,50,storage_zplus_1p20,storage,Storage,S,1.12,0.13440000000000002,0.12,0.07981140824009199,,,1.12,0.13440000000000002,36.3585092,36.35850397821222,114.97103317821221,3.89263,3.6547781688991927,4.945221831100807
gen=39_member=6634_pso,50,storage_zplus_1p20,storage,Storage,S,1.12,0.13440000000000002,0.12,0.07981140824009199,,,1.12,0.13440000000000002,37.24659,37.24656995207669,115.8590991520767,4.3792,4.122764808685914,4.477235191314086
gen=46_member=7788_pso,50,storage_zplus_1p20,storage,Storage,S,1.12,0.13440000000000002,0.12,0.07981140824009199,,,1.12,0.13440000000000002,32.533256,32.533172613400616,111.1457018134006,2.35444,2.1806956770488752,6.419304322951124
gen=46_member=7881_pso,50,storage_zplus_1p20,storage,Storage,S,1.12,0.13440000000000002,0.12,0.07981140824009199,,,1.12,0.13440000000000002,27.1929628,27.192862415219388,105.80539161521938,1.37653,1.248775423243369,7.35122457675663
gen=27_member=4566_pso,50,storage_zplus_1p20,storage,Storage,S,1.12,0.13440000000000002,0.12,0.07981140824009199,,,1.12,0.13440000000000002,34.2026964,34.20265674649548,112.8151859464955,2.87573,2.6748047989331294,5.92519520106687
gen=39_member=6698_pso,50,storage_zplus_1p20,storage,Storage,S,1.12,0.13440000000000002,0.12,0.07981140824009199,,,1.12,0.13440000000000002,33.52026,33.52015097310551,112.13268017310553,2.6497,2.461547782683803,6.138452217316196
gen=41_member=6986_pso,50,storage_zplus_1p20,storage,Storage,S,1.12,0.13440000000000002,0.12,0.07981140824009199,,,1.12,0.13440000000000002,35.7676436,35.767651554973604,114.38018075497361,3.58673,3.3556169874279007,5.244383012572099
gen=41_member=6973_pso,50,storage_zplus_1p20,storage,Storage,S,1.12,0.13440000000000002,0.12,0.07981140824009199,,,1.12,0.13440000000000002,35.1593996,35.15947657236159,113.77200577236158,3.28388,3.063494132108319,5.53650586789168
gen=27_member=4568_pso,50,storage_zplus_1p20,storage,Storage,S,1.12,0.13440000000000002,0.12,0.07981140824009199,,,1.12,0.13440000000000002,32.5586552,32.558684654753776,111.17121385475377,2.37042,2.197187261455487,6.402812738544513
gen=37_member=6357_pso,50,storage_zplus_1p20,storage,Storage,S,1.12,0.13440000000000002,0.12,0.07981140824009199,,,1.12,0.13440000000000002,32.625718,32.62572860768373,111.23825780768374,2.3887,2.2131040069662578,6.3868959930337414
gen=47_member=8006_pso,50,storage_zplus_1p20,storage,Storage,S,1.12,0.13440000000000002,0.12,0.07981140824009199,,,1.12,0.13440000000000002,36.7613316,36.761407828424296,115.37393702842431,4.09604,3.851712848979319,4.748287151020681
gen=41_member=6898_pso,50,storage_zplus_1p20,storage,Storage,S,1.12,0.13440000000000002,0.12,0.07981140824009199,,,1.12,0.13440000000000002,31.489438,31.489447863162184,110.10197706316218,2.11934,1.9564888483224236,6.6435111516775756
gen=39_member=6668_pso,50,storage_zplus_1p20,storage,Storage,S,1.12,0.13440000000000002,0.12,0.07981140824009199,,,1.12,0.13440000000000002,33.933108399999995,33.933030846740984,112.545560046741,2.77099,2.57667630954135,6.02332369045865
gen=48_member=8200_pso,50,storage_zplus_1p20,storage,Storage,S,1.12,0.13440000000000002,0.12,0.07981140824009199,,,1.12,0.13440000000000002,34.8907028,34.89080581472363,113.50333501472363,3.16725,2.952479940179716,5.647520059820284
gen=32_member=5452_pso,50,storage_zplus_1p20,storage,Storage,S,1.12,0.13440000000000002,0.12,0.07981140824009199,,,1.12,0.13440000000000002,34.8474796,34.84753054005696,113.46005974005696,3.14182,2.9293297342410263,5.670670265758973
gen=44_member=7522_pso,50,storage_zplus_1p20,storage,Storage,S,1.12,0.13440000000000002,0.12,0.07981140824009199,,,1.12,0.13440000000000002,33.1631116,33.16311565476033,111.77564485476033,2.53937,2.3572333330787787,6.242766666921221
gen=45_member=7699_pso,50,storage_zplus_1p20,storage,Storage,S,1.12,0.13440000000000002,0.12,0.07981140824009199,,,1.12,0.13440000000000002,25.6714616,25.671464649350018,104.28399384935003,1.28466,1.166632880236512,7.433367119763488
gen=38_member=6478_pso,50,storage_zplus_1p20,storage,Storage,S,1.12,0.13440000000000002,0.12,0.07981140824009199,,,1.12,0.13440000000000002,35.2785976,35.27857906393331,113.8911082639333,3.35376,3.130461429641817,5.469538570358182
gen=48_member=8105_pso,50,storage_zplus_1p20,storage,Storage,S,1.12,0.13440000000000002,0.12,0.07981140824009199,,,1.12,0.13440000000000002,36.5527908,36.55273076856624,115.16525996856623,3.9902,3.7486405587161964,4.851359441283803
gen=47_member=7995_pso,50,storage_zplus_1p20,storage,Storage,S,1.12,0.13440000000000002,0.12,0.07981140824009199,,,1.12,0.13440000000000002,36.497536399999994,36.49744644974915,115.10997564974916,3.97511,3.731027447045249,4.868972552954751
gen=38_member=6507_pso,50,storage_zplus_1p20,storage,Storage,S,1.12,0.13440000000000002,0.12,0.07981140824009199,,,1.12,0.13440000000000002,36.2430988,36.243072285057984,114.85560148505799,3.82686,3.590703572826309,5.009296427173691
gen=47_member=8017_pso,50,storage_zplus_1p20,storage,Storage,S,1.12,0.13440000000000002,0.12,0.07981140824009199,,,1.12,0.13440000000000002,26.3334004,26.33332130996634,104.94585050996633,1.31111,1.1890796261997951,7.410920373800204
gen=28_member=4806_pso,50,storage_zplus_1p20,storage,Storage,S,1.12,0.13440000000000002,0.12,0.07981140824009199,,,1.12,0.13440000000000002,36.335338,36.335363024535646,114.94789222453565,3.87574,3.638340560044092,4.961659439955907
gen=33_member=5559_pso,50,storage_zplus_1p20,storage,Storage,S,1.12,0.13440000000000002,0.12,0.07981140824009199,,,1.12,0.13440000000000002,32.1440244,32.1440689013816,110.7565981013816,2.27771,2.106729540781376,6.493270459218623
gen=28_member=4728_pso,50,storage_zplus_1p20,storage,Storage,S,1.12,0.13440000000000002,0.12,0.07981140824009199,,,1.12,0.13440000000000002,25.063886,25.063855919912235,103.67638511991223,1.21593,1.0990566299810811,7.500943370018918
gen=30_member=4999_pso,50,storage_zplus_1p20,storage,Storage,S,1.12,0.13440000000000002,0.12,0.07981140824009199,,,1.12,0.13440000000000002,33.9879172,33.98794532305361,112.60047452305362,2.78942,2.592131907591277,6.007868092408723
gen=47_member=7949_pso,50,storage_zplus_1p20,storage,Storage,S,1.12,0.13440000000000002,0.12,0.07981140824009199,,,1.12,0.13440000000000002,31.069014399999997,31.068968509771572,109.68149770977158,1.99378,1.8369588963175212,6.763041103682479
gen=37_member=6216_pso,50,storage_zplus_1p20,storage,Storage,S,1.12,0.13440000000000002,0.12,0.07981140824009199,,,1.12,0.13440000000000002,34.7610332,34.76111558406628,113.37364478406629,3.104,2.8944431610020174,5.705556838997982
gen=35_member=5892_pso,50,storage_zplus_1p20,storage,Storage,S,1.12,0.13440000000000002,0.12,0.07981140824009199,,,1.12,0.13440000000000002,33.624976,33.6250096550061,112.23753885500611,2.6693,2.4800472222888867,6.119952777711113
gen=47_member=7933_pso,50,storage_zplus_1p20,storage,Storage,S,1.12,0.13440000000000002,0.12,0.07981140824009199,,,1.12,0.13440000000000002,26.4996092,26.49956968298791,105.11209888298791,1.3367,1.213454904616716,7.386545095383283
gen=42_member=7127_pso,50,storage_zplus_1p20,storage,Storage,S,1.12,0.13440000000000002,0.12,0.07981140824009199,,,1.12,0.13440000000000002,33.1831636,33.183068642146345,111.79559784214636,2.56094,2.3769695283476886,6.2230304716523115
gen=46_member=7815_pso,50,storage_zplus_1p20,storage,Storage,S,1.12,0.13440000000000002,0.12,0.07981140824009199,,,1.12,0.13440000000000002,30.2096748,30.209600453547942,108.82212965354798,1.82093,1.6735638085600235,6.926436191439976
gen=41_member=6988_pso,50,storage_zplus_1p20,storage,Storage,S,1.12,0.13440000000000002,0.12,0.07981140824009199,,,1.12,0.13440000000000002,27.9351096,27.935094147883344,106.54762334788336,1.48478,1.3549452119075607,7.245054788092439
gen=39_member=6630_pso,50,storage_zplus_1p20,storage,Storage,S,1.12,0.13440000000000002,0.12,0.07981140824009199,,,1.12,0.13440000000000002,32.2866164,32.28667995166453,110.89920915166454,2.28023,2.1117854628438297,6.4882145371561695
gen=46_member=7750_pso,50,storage_zplus_1p20,storage,Storage,S,1.12,0.13440000000000002,0.12,0.07981140824009199,,,1.12,0.13440000000000002,33.3573932,33.35737322320111,111.9699024232011,2.61481,2.426149767544609,6.173850232455391
gen=47_member=8066_pso,50,storage_zplus_1p20,storage,Storage,S,1.12,0.13440000000000002,0.12,0.07981140824009199,,,1.12,0.13440000000000002,36.1452896,36.14526258672567,114.75779178672568,3.76811,3.5333972444068484,5.066602755593151
gen=49_member=8375_pso,50,storage_zplus_1p20,storage,Storage,S,1.12,0.13440000000000002,0.12,0.07981140824009199,,,1.12,0.13440000000000002,33.014504,33.01442462041577,111.62695382041578,2.48535,2.306007862610805,6.2939921373891945
gen=48_member=8129_pso,50,storage_zplus_1p20,storage,Storage,S,1.12,0.13440000000000002,0.12,0.07981140824009199,,,1.12,0.13440000000000002,36.633444399999995,36.63353389800296,115.24606309800296,4.0627,3.8194156983101606,4.780584301689839
gen=39_member=6585_pso,50,storage_zplus_1p20,storage,Storage,S,1.12,0.13440000000000002,0.12,0.07981140824009199,,,1.12,0.13440000000000002,34.7828676,34.78292178056862,113.39545098056861,3.109,2.8996455369064376,5.7003544630935625
gen=47_member=8011_pso,50,storage_zplus_1p20,storage,Storage,S,1.12,0.13440000000000002,0.12,0.07981140824009199,,,1.12,0.13440000000000002,35.1213008,35.12122980345115,113.73375900345114,3.26403,3.045118333544307,5.554881666455692
gen=40_member=6726_pso,50,storage_zplus_1p20,storage,Storage,S,1.12,0.13440000000000002,0.12,0.07981140824009199,,,1.12,0.13440000000000002,31.242575600000002,31.242517549639818,109.85504674963983,2.03707,1.877968623008396,6.722031376991604
gen=44_member=7543_pso,50,storage_zplus_1p20,storage,Storage,S,1.12,0.13440000000000002,0.12,0.07981140824009199,,,1.12,0.13440000000000002,35.1870268,35.18705597340057,113.79958517340057,3.29833,3.0774553197863477,5.522544680213652
gen=43_member=7287_pso,50,storage_zplus_1p20,storage,Storage,S,1.12,0.13440000000000002,0.12,0.07981140824009199,,,1.12,0.13440000000000002,33.646587600000004,33.64656535247972,112.25909455247972,2.68124,2.4916014304107423,6.108398569589257
gen=41_member=6982_pso,50,storage_zplus_1p20,storage,Storage,S,1.12,0.13440000000000002,0.12,0.07981140824009199,,,1.12,0.13440000000000002,36.2787468,36.278668778733376,114.89119797873339,3.84028,3.602504067418099,4.9974959325819
gen=33_member=5577_pso,50,storage_zplus_1p20,storage,Storage,S,1.12,0.13440000000000002,0.12,0.07981140824009199,,,1.12,0.13440000000000002,34.0012852,34.00137781832889,112.6139070183289,2.80281,2.6035429244318316,5.996457075568168
gen=48_member=8183_pso,50,storage_zplus_1p20,storage,Storage,S,1.12,0.13440000000000002,0.12,0.07981140824009199,,,1.12,0.13440000000000002,34.7057788,34.70587203703935,113.31840123703935,3.0773,2.869838782487851,5.730161217512149
gen=48_member=8234_pso,50,storage_zplus_1p20,storage,Storage,S,1.12,0.13440000000000002,0.12,0.07981140824009199,,,1.12,0.13440000000000002,23.7818948,23.781937390842728,102.39446659084273,1.1268,1.017455852849296,7.582544147150704
gen=42_member=7080_pso,50,storage_zplus_1p20,storage,Storage,S,1.12,0.13440000000000002,0.12,0.07981140824009199,,,1.12,0.13440000000000002,35.2182188,35.21819334968434,113.83072254968432,3.313,3.0914498452204873,5.508550154779512
gen=47_member=8007_pso,50,storage_zplus_1p20,storage,Storage,S,1.12,0.13440000000000002,0.12,0.07981140824009199,,,1.12,0.13440000000000002,34.1347424,34.13470291303967,112.74723211303967,2.85212,2.6499333053819405,5.950066694618059
gen=35_member=5961_pso,50,storage_zplus_1p20,storage,Storage,S,1.12,0.13440000000000002,0.12,0.07981140824009199,,,1.12,0.13440000000000002,36.8771876,36.87726444522587,115.48979364522586,4.16397,3.916506756849742,4.683493243150258
gen=31_member=5281_pso,50,storage_zplus_1p20,storage,Storage,S,1.12,0.13440000000000002,0.12,0.07981140824009199,,,1.12,0.13440000000000002,33.1156552,33.11569694121411,111.72822614121412,2.52766,2.3460070014142724,6.253992998585727
gen=44_member=7417_pso,50,storage_zplus_1p20,storage,Storage,S,1.12,0.13440000000000002,0.12,0.07981140824009199,,,1.12,0.13440000000000002,28.040048399999996,28.04007293817745,106.65260213817746,1.50233,1.3729289713993802,7.227071028600619
gen=32_member=5429_pso,50,storage_zplus_1p20,storage,Storage,S,1.12,0.13440000000000002,0.12,0.07981140824009199,,,1.12,0.13440000000000002,36.214580399999996,36.214597535229515,114.82712673522953,3.8078,3.571311895791934,5.028688104208065
gen=37_member=6347_pso,50,storage_zplus_1p20,storage,Storage,S,1.12,0.13440000000000002,0.12,0.07981140824009199,,,1.12,0.13440000000000002,35.6629276,35.66303769617801,114.275566896178,3.52921,3.3004189536695945,5.299581046330405
gen=42_member=7094_pso,50,storage_zplus_1p20,storage,Storage,S,1.12,0.13440000000000002,0.12,0.07981140824009199,,,1.12,0.13440000000000002,32.7239728,32.72396444274264,111.33649364274265,2.40462,2.2296925365096047,6.370307463490395
gen=45_member=7577_pso,50,storage_zplus_1p20,storage,Storage,S,1.12,0.13440000000000002,0.12,0.07981140824009199,,,1.12,0.13440000000000002,33.348481199999995,33.348578128286576,111.96110732828657,2.59343,2.408214666013455,6.1917853339865445
gen=38_member=6402_pso,50,storage_zplus_1p20,storage,Storage,S,1.12,0.13440000000000002,0.12,0.07981140824009199,,,1.12,0.13440000000000002,30.511791600000002,30.51186014513365,109.12438934513365,1.8927,1.7411996370574783,6.858800362942521
gen=31_member=5196_pso,50,storage_zplus_1p20,storage,Storage,S,1.12,0.13440000000000002,0.12,0.07981140824009199,,,1.12,0.13440000000000002,37.154128,37.154036317385696,115.76656551738569,4.37901,4.123145159167153,4.476854840832846
gen=41_member=6995_pso,50,storage_zplus_1p20,storage,Storage,S,1.12,0.13440000000000002,0.12,0.07981140824009199,,,1.12,0.13440000000000002,33.0581728,33.05810757863159,111.6706367786316,2.50823,2.32777463475239,6.27222536524761
gen=39_member=6611_pso,50,storage_zplus_1p20,storage,Storage,S,1.12,0.13440000000000002,0.12,0.07981140824009199,,,1.12,0.13440000000000002,35.8961992,35.89623286365389,114.5087620636539,3.66312,3.4317936545791436,5.168206345420856
gen=49_member=8310_pso,50,storage_zplus_1p20,storage,Storage,S,1.12,0.13440000000000002,0.12,0.07981140824009199,,,1.12,0.13440000000000002,30.436708,30.43676948862573,109.04929868862573,1.88142,1.7299244047595739,6.870075595240426
gen=41_member=6917_pso,50,storage_zplus_1p20,storage,Storage,S,1.12,0.13440000000000002,0.12,0.07981140824009199,,,1.12,0.13440000000000002,30.7027312,30.7026693264571,109.3151985264571,1.93448,1.781095318315157,6.818904681684843
gen=42_member=7156_pso,50,storage_zplus_1p20,storage,Storage,S,1.12,0.13440000000000002,0.12,0.07981140824009199,,,1.12,0.13440000000000002,30.610492,30.610510708305725,109.22303990830572,1.91823,1.7654941412741914,6.834505858725809
gen=29_member=4898_pso,50,storage_zplus_1p20,storage,Storage,S,1.12,0.13440000000000002,0.12,0.07981140824009199,,,1.12,0.13440000000000002,35.9271684,35.92717187396659,114.5397010739666,3.68037,3.4439918519695905,5.156008148030409
gen=47_member=7961_pso,50,storage_zplus_1p20,storage,Storage,S,1.12,0.13440000000000002,0.12,0.07981140824009199,,,1.12,0.13440000000000002,32.81844,32.81846706326812,111.43099626326813,2.42627,2.24982592470974,6.35017407529026
gen=31_member=5213_pso,50,storage_zplus_1p20,storage,Storage,S,1.12,0.13440000000000002,0.12,0.07981140824009199,,,1.12,0.13440000000000002,34.374698,34.37459988167344,112.98712908167344,2.94698,2.7461629906895686,5.853837009310431
gen=33_member=5529_pso,50,storage_zplus_1p20,storage,Storage,S,1.12,0.13440000000000002,0.12,0.07981140824009199,,,1.12,0.13440000000000002,18.329822840000002,18.32982475749499,96.94235395749497,0.902294,0.8130630851739705,7.786936914826029
gen=41_member=6902_pso,50,storage_zplus_1p20,storage,Storage,S,1.12,0.13440000000000002,0.12,0.07981140824009199,,,1.12,0.13440000000000002,29.628389600000002,29.628353465378915,108.24088266537892,1.72975,1.587206636023695,7.0127933639763045
gen=43_member=7373_pso,50,storage_zplus_1p20,storage,Storage,S,1.12,0.13440000000000002,0.12,0.07981140824009199,,,1.12,0.13440000000000002,30.566823199999998,30.566917442941545,109.17944664294156,1.90841,1.755957547294197,6.844042452705803
gen=43_member=7354_pso,50,storage_zplus_1p20,storage,Storage,S,1.12,0.13440000000000002,0.12,0.07981140824009199,,,1.12,0.13440000000000002,36.3656388,36.365559376347385,114.97808857634739,3.91205,3.672511563086109,4.92748843691389
gen=48_member=8255_pso,50,storage_zplus_1p20,storage,Storage,S,1.12,0.13440000000000002,0.12,0.07981140824009199,,,1.12,0.13440000000000002,18.692073360000002,18.692080334260165,97.30460953426017,0.907206,0.8177397595941751,7.782260240405824
gen=38_member=6443_pso,50,storage_zplus_1p20,storage,Storage,S,1.12,0.13440000000000002,0.12,0.07981140824009199,,,1.12,0.13440000000000002,31.6712428,31.67115470758055,110.28368390758054,2.14746,1.9842942230425018,6.615705776957498
gen=47_member=7988_pso,50,storage_zplus_1p20,storage,Storage,S,1.12,0.13440000000000002,0.12,0.07981140824009199,,,1.12,0.13440000000000002,30.769794,30.769795007202468,109.38232420720249,1.94462,1.7903812917490909,6.809618708250909
gen=37_member=6360_pso,50,storage_zplus_1p20,storage,Storage,S,1.12,0.13440000000000002,0.12,0.07981140824009199,,,1.12,0.13440000000000002,28.05609,28.056013799679008,106.668542999679,1.51193,1.3790914000579322,7.220908599942067
gen=48_member=8171_pso,50,storage_zplus_1p20,storage,Storage,S,1.12,0.13440000000000002,0.12,0.07981140824009199,,,1.12,0.13440000000000002,34.994082,34.99403631605541,113.60656551605543,3.20978,2.993103743235685,5.606896256764315
gen=45_member=7732_pso,50,storage_zplus_1p20,storage,Storage,S,1.12,0.13440000000000002,0.12,0.07981140824009199,,,1.12,0.13440000000000002,28.232101999999998,28.232171596528566,106.84470079652857,1.52704,1.3957110448379964,7.204288955162003
gen=35_member=5956_pso,50,storage_zplus_1p20,storage,Storage,S,1.12,0.13440000000000002,0.12,0.07981140824009199,,,1.12,0.13440000000000002,34.0774828,34.07740547464268,112.6899346746427,2.82984,2.628142730339878,5.971857269660122
gen=45_member=7623_pso,50,storage_zplus_1p20,storage,Storage,S,1.12,0.13440000000000002,0.12,0.07981140824009199,,,1.12,0.13440000000000002,26.867897600000003,26.867886619436277,105.48041581943627,1.35875,1.2327972354812275,7.3672027645187725
gen=34_member=5765_pso,50,storage_zplus_1p20,storage,Storage,S,1.12,0.13440000000000002,0.12,0.07981140824009199,,,1.12,0.13440000000000002,30.9233032,30.92338623359191,109.5359154335919,1.98173,1.8258105695417979,6.774189430458202
gen=38_member=6501_pso,50,storage_zplus_1p20,storage,Storage,S,1.12,0.13440000000000002,0.12,0.07981140824009199,,,1.12,0.13440000000000002,32.3964568,32.396349530682755,111.00887873068277,2.32041,2.148866395853288,6.451133604146712
gen=48_member=8203_pso,50,storage_zplus_1p20,storage,Storage,S,1.12,0.13440000000000002,0.12,0.07981140824009199,,,1.12,0.13440000000000002,32.4539392,32.453841272609736,111.06637047260975,2.33521,2.1633938870365297,6.43660611296347
gen=47_member=7974_pso,50,storage_zplus_1p20,storage,Storage,S,1.12,0.13440000000000002,0.12,0.07981140824009199,,,1.12,0.13440000000000002,35.0424296,35.04236881028093,113.65489801028093,3.23167,3.0136902004029418,5.586309799597058
gen=42_member=7123_pso,50,storage_zplus_1p20,storage,Storage,S,1.12,0.13440000000000002,0.12,0.07981140824009199,,,1.12,0.13440000000000002,34.3967552,34.396745119239434,113.00927431923942,2.95964,2.7597247854370908,5.840275214562909
gen=30_member=5110_pso,50,storage_zplus_1p20,storage,Storage,S,1.12,0.13440000000000002,0.12,0.07981140824009199,,,1.12,0.13440000000000002,36.395271199999996,36.39534938259375,115.00787858259373,3.93251,3.692901761300061,4.907098238699938
gen=40_member=6879_pso,50,storage_zplus_1p20,storage,Storage,S,1.12,0.13440000000000002,0.12,0.07981140824009199,,,1.12,0.13440000000000002,35.52546,35.52547804840835,114.13800724840836,3.47595,3.2474578440432738,5.352542155956726
gen=31_member=5217_pso,50,storage_zplus_1p20,storage,Storage,S,1.12,0.13440000000000002,0.12,0.07981140824009199,,,1.12,0.13440000000000002,36.452308,36.4522647735805,115.0647939735805,3.94088,3.6990206201515208,4.900979379848479
gen=42_member=7215_pso,50,storage_zplus_1p20,storage,Storage,S,1.12,0.13440000000000002,0.12,0.07981140824009199,,,1.12,0.13440000000000002,34.9225632,34.92253563470857,113.53506483470858,3.17583,2.961905980909983,5.638094019090017
gen=37_member=6211_pso,50,storage_zplus_1p20,storage,Storage,S,1.12,0.13440000000000002,0.12,0.07981140824009199,,,1.12,0.13440000000000002,20.656456399999996,20.656455308041814,99.26898450804181,1.01369,0.9152624090503886,7.684737590949611
gen=40_member=6803_pso,50,storage_zplus_1p20,storage,Storage,S,1.12,0.13440000000000002,0.12,0.07981140824009199,,,1.12,0.13440000000000002,33.8223768,33.822321012801254,112.43485021280125,2.72359,2.5314573376784995,6.0685426623215
gen=30_member=5155_pso,50,storage_zplus_1p20,storage,Storage,S,1.12,0.13440000000000002,0.12,0.07981140824009199,,,1.12,0.13440000000000002,34.1209288,34.12094915647915,112.73347835647915,2.84803,2.651774314677439,5.94822568532256
gen=32_member=5405_pso,50,storage_zplus_1p20,storage,Storage,S,1.12,0.13440000000000002,0.12,0.07981140824009199,,,1.12,0.13440000000000002,27.866487199999998,27.866536503306772,106.47906570330677,1.47179,1.3418556953707599,7.25814430462924
gen=37_member=6224_pso,50,storage_zplus_1p20,storage,Storage,S,1.12,0.13440000000000002,0.12,0.07981140824009199,,,1.12,0.13440000000000002,35.2442864,35.24434680969291,113.85687600969291,3.32624,3.104076201992927,5.495923798007073
gen=36_member=6188_pso,50,storage_zplus_1p20,storage,Storage,S,1.12,0.13440000000000002,0.12,0.07981140824009199,,,1.12,0.13440000000000002,26.545060399999997,26.54503702240775,105.15756622240775,1.34227,1.2196908984269408,7.380309101573059
gen=44_member=7508_pso,50,storage_zplus_1p20,storage,Storage,S,1.12,0.13440000000000002,0.12,0.07981140824009199,,,1.12,0.13440000000000002,35.030844,35.030748929325185,113.64327812932517,3.22133,3.003934014150832,5.596065985849167
gen=48_member=8233_pso,50,storage_zplus_1p20,storage,Storage,S,1.12,0.13440000000000002,0.12,0.07981140824009199,,,1.12,0.13440000000000002,34.676369199999996,34.67641402474263,113.28894322474264,3.06245,2.8557845081269284,5.744215491873071
gen=27_member=4602_pso,50,storage_zplus_1p20,storage,Storage,S,1.12,0.13440000000000002,0.12,0.07981140824009199,,,1.12,0.13440000000000002,31.533998,31.534063129350688,110.1465923293507,2.12737,1.9632339882648682,6.636766011735132
gen=34_member=5714_pso,50,storage_zplus_1p20,storage,Storage,S,1.12,0.13440000000000002,0.12,0.07981140824009199,,,1.12,0.13440000000000002,35.2895148,35.289422752427136,113.90195195242715,3.37452,3.1605672963732663,5.439432703626734
gen=33_member=5592_pso,50,storage_zplus_1p20,storage,Storage,S,1.12,0.13440000000000002,0.12,0.07981140824009199,,,1.12,0.13440000000000002,32.9057776,32.90581117439859,111.5183403743986,2.46009,2.2822598640065923,6.317740135993407
gen=46_member=7897_pso,50,storage_zplus_1p20,storage,Storage,S,1.12,0.13440000000000002,0.12,0.07981140824009199,,,1.12,0.13440000000000002,34.6601048,34.66001472979494,113.27254392979495,3.05438,2.8489746752874447,5.751025324712555
gen=44_member=7516_pso,50,storage_zplus_1p20,storage,Storage,S,1.12,0.13440000000000002,0.12,0.07981140824009199,,,1.12,0.13440000000000002,36.109196,36.10912532430648,114.72165452430647,3.75377,3.519705113623438,5.080294886376562
gen=47_member=8023_pso,50,storage_zplus_1p20,storage,Storage,S,1.12,0.13440000000000002,0.12,0.07981140824009199,,,1.12,0.13440000000000002,36.075776,36.0756878960716,114.68821709607163,3.73629,3.502973845920228,5.097026154079772
gen=43_member=7367_pso,50,storage_zplus_1p20,storage,Storage,S,1.12,0.13440000000000002,0.12,0.07981140824009199,,,1.12,0.13440000000000002,35.8665668,35.86655852747779,114.47908772747779,3.64645,3.4132631259543365,5.186736874045663
gen=41_member=6969_pso,50,storage_zplus_1p20,storage,Storage,S,1.12,0.13440000000000002,0.12,0.07981140824009199,,,1.12,0.13440000000000002,34.0139848,34.01408910075473,112.62661830075474,2.81773,2.616825938887488,5.9831740611125115
gen=34_member=5825_pso,50,storage_zplus_1p20,storage,Storage,S,1.12,0.13440000000000002,0.12,0.07981140824009199,,,1.12,0.13440000000000002,21.687307439999998,21.6872977704652,100.29982697046519,1.03166,0.9295740710914435,7.670425928908556
gen=40_member=6799_pso,50,storage_zplus_1p20,storage,Storage,S,1.12,0.13440000000000002,0.12,0.07981140824009199,,,1.12,0.13440000000000002,34.952641199999995,34.952751930942966,113.56528113094296,3.18988,2.9742480946766383,5.625751905323361
gen=36_member=6120_pso,50,storage_zplus_1p20,storage,Storage,S,1.12,0.13440000000000002,0.12,0.07981140824009199,,,1.12,0.13440000000000002,35.9581376,35.95802982865704,114.57055902865704,3.68918,3.4574572440348756,5.142542755965124
gen=43_member=7295_pso,50,storage_zplus_1p20,storage,Storage,S,1.12,0.13440000000000002,0.12,0.07981140824009199,,,1.12,0.13440000000000002,35.5167708,35.51686845465705,114.12939765465704,3.46262,3.2375342456099205,5.3624657543900796
gen=37_member=6202_pso,50,storage_zplus_1p20,storage,Storage,S,1.12,0.13440000000000002,0.12,0.07981140824009199,,,1.12,0.13440000000000002,29.765634399999996,29.765572548609313,108.37810174860931,1.7877,1.6422683239530078,6.957731676046992
gen=41_member=6991_pso,50,storage_zplus_1p20,storage,Storage,S,1.12,0.13440000000000002,0.12,0.07981140824009199,,,1.12,0.13440000000000002,36.3934888,36.393381324833584,115.00591052483358,3.91812,3.6768330589175964,4.923166941082403
gen=34_member=5786_pso,50,storage_zplus_1p20,storage,Storage,S,1.12,0.13440000000000002,0.12,0.07981140824009199,,,1.12,0.13440000000000002,35.6983528,35.69845644451818,114.31098564451818,3.5556,3.32531898568589,5.27468101431411
gen=46_member=7820_pso,50,storage_zplus_1p20,storage,Storage,S,1.12,0.13440000000000002,0.12,0.07981140824009199,,,1.12,0.13440000000000002,35.8603284,35.860377441964175,114.47290664196417,3.63264,3.401331016842154,5.198668983157845
gen=49_member=8399_pso,50,storage_zplus_1p20,storage,Storage,S,1.12,0.13440000000000002,0.12,0.07981140824009199,,,1.12,0.13440000000000002,35.851862,35.85181623963164,114.46434543963164,3.62622,3.3951744574132703,5.204825542586729
gen=34_member=5808_pso,50,storage_zplus_1p20,storage,Storage,S,1.12,0.13440000000000002,0.12,0.07981140824009199,,,1.12,0.13440000000000002,36.496199600000004,36.496093279758526,115.10862247975852,3.95771,3.7179014589208266,4.8820985410791735
gen=43_member=7329_pso,50,storage_zplus_1p20,storage,Storage,S,1.12,0.13440000000000002,0.12,0.07981140824009199,,,1.12,0.13440000000000002,34.9811596,34.981147257172495,113.59367645717249,3.19666,2.98065190924143,5.619348090758569
gen=42_member=7088_pso,50,storage_zplus_1p20,storage,Storage,S,1.12,0.13440000000000002,0.12,0.07981140824009199,,,1.12,0.13440000000000002,35.7903692,35.79047148072272,114.40300068072271,3.60323,3.3722123106056427,5.227787689394357
gen=45_member=7708_pso,50,storage_zplus_1p20,storage,Storage,S,1.12,0.13440000000000002,0.12,0.07981140824009199,,,1.12,0.13440000000000002,33.8571336,33.85718549462576,112.46971469462578,2.7429,2.549129850928519,6.05087014907148
gen=32_member=5495_pso,50,storage_zplus_1p20,storage,Storage,S,1.12,0.13440000000000002,0.12,0.07981140824009199,,,1.12,0.13440000000000002,25.922334399999997,25.92224315458362,104.53477235458361,1.29931,1.1776517803359732,7.422348219664027
gen=41_member=6992_pso,50,storage_zplus_1p20,storage,Storage,S,1.12,0.13440000000000002,0.12,0.07981140824009199,,,1.12,0.13440000000000002,35.8253488,35.82539989519937,114.43792909519937,3.61253,3.3820422841736297,5.21795771582637
gen=44_member=7474_pso,50,storage_zplus_1p20,storage,Storage,S,1.12,0.13440000000000002,0.12,0.07981140824009199,,,1.12,0.13440000000000002,35.6065592,35.60659604089044,114.21912524089045,3.50006,3.271507237580503,5.328492762419497
gen=38_member=6529_pso,50,storage_zplus_1p20,storage,Storage,S,1.12,0.13440000000000002,0.12,0.07981140824009199,,,1.12,0.13440000000000002,34.6110888,34.611036113818564,113.22356531381857,3.04111,2.8364008231615645,5.763599176838435
gen=38_member=6418_pso,50,storage_zplus_1p20,storage,Storage,S,1.12,0.13440000000000002,0.12,0.07981140824009199,,,1.12,0.13440000000000002,34.4430976,34.443010318174956,113.05553951817497,2.97833,2.7773699241065617,5.8226300758934375
gen=42_member=7193_pso,50,storage_zplus_1p20,storage,Storage,S,1.12,0.13440000000000002,0.12,0.07981140824009199,,,1.12,0.13440000000000002,33.445622,33.44556490244684,112.05809410244683,2.62386,2.4365948313938324,6.163405168606167
gen=40_member=6846_pso,50,storage_zplus_1p20,storage,Storage,S,1.12,0.13440000000000002,0.12,0.07981140824009199,,,1.12,0.13440000000000002,33.0759968,33.07610629167887,111.68863549167887,2.5122,2.3305654040584427,6.269434595941557
gen=42_member=7137_pso,50,storage_zplus_1p20,storage,Storage,S,1.12,0.13440000000000002,0.12,0.07981140824009199,,,1.12,0.13440000000000002,31.799798399999997,31.799870105395673,110.41239930539568,2.16651,2.0014338455230956,6.598566154476904
gen=41_member=6951_pso,50,storage_zplus_1p20,storage,Storage,S,1.12,0.13440000000000002,0.12,0.07981140824009199,,,1.12,0.13440000000000002,31.7882128,31.788273688982024,110.40080288898203,2.16614,2.0028462943108334,6.597153705689166
gen=44_member=7514_pso,50,storage_zplus_1p20,storage,Storage,S,1.12,0.13440000000000002,0.12,0.07981140824009199,,,1.12,0.13440000000000002,34.407672399999996,34.40775328560086,113.02028248560086,2.96984,2.7682959814274817,5.831704018572518
gen=26_member=4423_pso,50,storage_zplus_1p20,storage,Storage,S,1.12,0.13440000000000002,0.12,0.07981140824009199,,,1.12,0.13440000000000002,32.826238,32.826298754166096,111.43882795416609,2.44423,2.267164999483725,6.332835000516274
gen=30_member=5151_pso,50,storage_zplus_1p20,storage,Storage,S,1.12,0.13440000000000002,0.12,0.07981140824009199,,,1.12,0.13440000000000002,36.297461999999996,36.297392702126395,114.9099219021264,3.85519,3.61823011819825,4.98176988180175
gen=36_member=6144_pso,50,storage_zplus_1p20,storage,Storage,S,1.12,0.13440000000000002,0.12,0.07981140824009199,,,1.12,0.13440000000000002,34.510605999999996,34.510550189225945,113.12307938922596,3.00686,2.8043228870888246,5.795677112911175
gen=41_member=6946_pso,50,storage_zplus_1p20,storage,Storage,S,1.12,0.13440000000000002,0.12,0.07981140824009199,,,1.12,0.13440000000000002,35.683425199999995,35.683385394119824,114.29591459411984,3.5443,3.315149305904783,5.2848506940952165
gen=43_member=7239_pso,50,storage_zplus_1p20,storage,Storage,S,1.12,0.13440000000000002,0.12,0.07981140824009199,,,1.12,0.13440000000000002,35.7208556,35.72083483075705,114.33336403075705,3.56889,3.33830249287612,5.26169750712388
gen=20_member=3413_pso,50,storage_zplus_1p20,storage,Storage,S,1.12,0.13440000000000002,0.12,0.07981140824009199,,,1.12,0.13440000000000002,32.9545708,32.95461211746549,111.5671413174655,2.47644,2.2975838479690354,6.302416152030965
gen=35_member=5913_pso,50,storage_zplus_1p20,storage,Storage,S,1.12,0.13440000000000002,0.12,0.07981140824009199,,,1.12,0.13440000000000002,21.26195996,21.261970620979778,99.87449982097976,1.01633,0.9160121812613026,7.683987818738697
gen=47_member=7945_pso,50,storage_zplus_1p20,storage,Storage,S,1.12,0.13440000000000002,0.12,0.07981140824009199,,,1.12,0.13440000000000002,34.610420399999995,34.610460392456865,113.22298959245687,3.03486,2.8305763648322966,5.769423635167703
gen=31_member=5214_pso,50,storage_zplus_1p20,storage,Storage,S,1.12,0.13440000000000002,0.12,0.07981140824009199,,,1.12,0.13440000000000002,35.4428012,35.44276706150495,114.05529626150495,3.42253,3.196159021342278,5.403840978657722
gen=35_member=5893_pso,50,storage_zplus_1p20,storage,Storage,S,1.12,0.13440000000000002,0.12,0.07981140824009199,,,1.12,0.13440000000000002,16.002053,16.002041893722712,94.61457109372272,0.813288,0.7330821665610028,7.866917833438997
gen=42_member=7082_pso,50,storage_zplus_1p20,storage,Storage,S,1.12,0.13440000000000002,0.12,0.07981140824009199,,,1.12,0.13440000000000002,33.697386,33.697411190937146,112.30994039093714,2.69841,2.50745922790976,6.09254077209024
gen=44_member=7534_pso,50,storage_zplus_1p20,storage,Storage,S,1.12,0.13440000000000002,0.12,0.07981140824009199,,,1.12,0.13440000000000002,34.346848,34.34682017838482,112.95934937838484,2.93385,2.734197325336121,5.865802674663879
gen=45_member=7645_pso,50,storage_zplus_1p20,storage,Storage,S,1.12,0.13440000000000002,0.12,0.07981140824009199,,,1.12,0.13440000000000002,35.619036,35.61911037390231,114.23163957390231,3.51669,3.2881929867251287,5.311807013274871
gen=39_member=6590_pso,50,storage_zplus_1p20,storage,Storage,S,1.12,0.13440000000000002,0.12,0.07981140824009199,,,1.12,0.13440000000000002,36.736378,36.73640015568762,115.3489293556876,4.09121,3.8470830086374783,4.752916991362522
gen=38_member=6398_pso,50,storage_zplus_1p20,storage,Storage,S,1.12,0.13440000000000002,0.12,0.07981140824009199,,,1.12,0.13440000000000002,35.0974612,35.09741973001883,113.70994893001883,3.25449,3.03558148995144,5.56441851004856
gen=45_member=7594_pso,50,storage_zplus_1p20,storage,Storage,S,1.12,0.13440000000000002,0.12,0.07981140824009199,,,1.12,0.13440000000000002,36.3103844,36.31039554746737,114.92292474746739,3.8606,3.6235714652288045,4.976428534771195
gen=48_member=8227_pso,50,storage_zplus_1p20,storage,Storage,S,1.12,0.13440000000000002,0.12,0.07981140824009199,,,1.12,0.13440000000000002,33.9072636,33.90734269461019,112.51987189461022,2.7553,2.560745505098216,6.039254494901783
gen=30_member=5150_pso,50,storage_zplus_1p20,storage,Storage,S,1.12,0.13440000000000002,0.12,0.07981140824009199,,,1.12,0.13440000000000002,36.47793,36.47794126781239,115.0904704678124,3.95517,3.7152054386205524,4.884794561379447
gen=49_member=8327_pso,50,storage_zplus_1p20,storage,Storage,S,1.12,0.13440000000000002,0.12,0.07981140824009199,,,1.12,0.13440000000000002,30.106963999999998,30.10695679161178,108.71948599161179,1.80674,1.659199400250418,6.940800599749582
gen=43_member=7261_pso,50,storage_zplus_1p20,storage,Storage,S,1.12,0.13440000000000002,0.12,0.07981140824009199,,,1.12,0.13440000000000002,34.4863208,34.48623759426499,113.09876679426499,2.98936,2.787801067193815,5.812198932806185
gen=36_member=6133_pso,50,storage_zplus_1p20,storage,Storage,S,1.12,0.13440000000000002,0.12,0.07981140824009199,,,1.12,0.13440000000000002,35.8721368,35.87203034437702,114.48455954437703,3.65379,3.422054062473577,5.177945937526422
gen=41_member=6892_pso,50,storage_zplus_1p20,storage,Storage,S,1.12,0.13440000000000002,0.12,0.07981140824009199,,,1.12,0.13440000000000002,29.7658572,29.765857301341477,108.37838650134148,1.79322,1.6475120710656797,6.95248792893432
gen=47_member=8012_pso,50,storage_zplus_1p20,storage,Storage,S,1.12,0.13440000000000002,0.12,0.07981140824009199,,,1.12,0.13440000000000002,35.983982399999995,35.984022812402536,114.59655201240253,3.70111,3.4681323522382645,5.1318676477617355
gen=47_member=7966_pso,50,storage_zplus_1p20,storage,Storage,S,1.12,0.13440000000000002,0.12,0.07981140824009199,,,1.12,0.13440000000000002,33.7234536,33.72345101193558,112.3359802119356,2.70123,2.510322245927139,6.089677754072861
gen=49_member=8363_pso,50,storage_zplus_1p20,storage,Storage,S,1.12,0.13440000000000002,0.12,0.07981140824009199,,,1.12,0.13440000000000002,35.4777808,35.477807888172215,114.09033708817222,3.43975,3.214882781034978,5.385117218965021
gen=44_member=7456_pso,50,storage_zplus_1p20,storage,Storage,S,1.12,0.13440000000000002,0.12,0.07981140824009199,,,1.12,0.13440000000000002,35.4550552,35.454985598383615,114.06751479838361,3.43116,3.204443912340987,5.3955560876590125
gen=40_member=6804_pso,50,storage_zplus_1p20,storage,Storage,S,1.12,0.13440000000000002,0.12,0.07981140824009199,,,1.12,0.13440000000000002,34.5288756,34.528979791643806,113.14150899164382,3.01687,2.814255082920465,5.785744917079535
gen=38_member=6471_pso,50,storage_zplus_1p20,storage,Storage,S,1.12,0.13440000000000002,0.12,0.07981140824009199,,,1.12,0.13440000000000002,35.0604764,35.06049322067706,113.67302242067706,3.24426,3.0256362683262648,5.574363731673735
gen=22_member=3634_pso,50,storage_zplus_1p20,storage,Storage,S,1.12,0.13440000000000002,0.12,0.07981140824009199,,,1.12,0.13440000000000002,33.487508399999996,33.48751472965719,112.1000439296572,2.63496,2.4475005939735497,6.15249940602645
gen=44_member=7539_pso,50,storage_zplus_1p20,storage,Storage,S,1.12,0.13440000000000002,0.12,0.07981140824009199,,,1.12,0.13440000000000002,36.0109412,36.01086498046887,114.62339418046886,3.71574,3.4831798999378405,5.116820100062159
gen=49_member=8356_pso,50,storage_zplus_1p20,storage,Storage,S,1.12,0.13440000000000002,0.12,0.07981140824009199,,,1.12,0.13440000000000002,32.883720399999994,32.88362932713905,111.49615852713904,2.45508,2.277373289467549,6.32262671053245
gen=46_member=7849_pso,50,storage_zplus_1p20,storage,Storage,S,1.12,0.13440000000000002,0.12,0.07981140824009199,,,1.12,0.13440000000000002,33.7256816,33.7256272553146,112.3381564553146,2.71464,2.5230060270791346,6.0769939729208655
gen=42_member=7200_pso,50,storage_zplus_1p20,storage,Storage,S,1.12,0.13440000000000002,0.12,0.07981140824009199,,,1.12,0.13440000000000002,35.3322924,35.33222140569574,113.94475060569573,3.37515,3.1507827429910735,5.449217257008926
gen=38_member=6459_pso,50,storage_zplus_1p20,storage,Storage,S,1.12,0.13440000000000002,0.12,0.07981140824009199,,,1.12,0.13440000000000002,36.735932399999996,36.73590992805043,115.34843912805044,4.07908,3.835619940248652,4.764380059751348
gen=40_member=6838_pso,50,storage_zplus_1p20,storage,Storage,S,1.12,0.13440000000000002,0.12,0.07981140824009199,,,1.12,0.13440000000000002,27.5438728,27.54385585819388,106.15638505819388,1.42018,1.292944363875538,7.307055636124462
gen=35_member=5994_pso,50,storage_zplus_1p20,storage,Storage,S,1.12,0.13440000000000002,0.12,0.07981140824009199,,,1.12,0.13440000000000002,34.683276,34.68326987798987,113.29579907798986,3.07603,2.8681080858574024,5.731891914142597
gen=39_member=6670_pso,50,storage_zplus_1p20,storage,Storage,S,1.12,0.13440000000000002,0.12,0.07981140824009199,,,1.12,0.13440000000000002,32.435669600000004,32.43577512726643,111.04830432726642,2.33137,2.159797698043197,6.440202301956802
gen=48_member=8120_pso,50,storage_zplus_1p20,storage,Storage,S,1.12,0.13440000000000002,0.12,0.07981140824009199,,,1.12,0.13440000000000002,36.049485600000004,36.049477181493145,114.66200638149316,3.72385,3.4910877093442103,5.108912290655789
gen=47_member=7929_pso,50,storage_zplus_1p20,storage,Storage,S,1.12,0.13440000000000002,0.12,0.07981140824009199,,,1.12,0.13440000000000002,33.2756256,33.27569117913837,111.88822037913837,2.58067,2.3952204312100607,6.204779568789939
gen=32_member=5467_pso,50,storage_zplus_1p20,storage,Storage,S,1.12,0.13440000000000002,0.12,0.07981140824009199,,,1.12,0.13440000000000002,35.4252,35.425295105606956,114.03782430560697,3.40923,3.183503734920753,5.416496265079246
gen=45_member=7589_pso,50,storage_zplus_1p20,storage,Storage,S,1.12,0.13440000000000002,0.12,0.07981140824009199,,,1.12,0.13440000000000002,35.264561199999996,35.264548182297666,113.87707738229766,3.34169,3.12003999940285,5.479960000597149
gen=42_member=7063_pso,50,storage_zplus_1p20,storage,Storage,S,1.12,0.13440000000000002,0.12,0.07981140824009199,,,1.12,0.13440000000000002,32.7798956,32.77998072785285,111.39250992785287,2.41578,2.240286737389323,6.3597132626106765
gen=46_member=7783_pso,50,storage_zplus_1p20,storage,Storage,S,1.12,0.13440000000000002,0.12,0.07981140824009199,,,1.12,0.13440000000000002,35.2509704,35.250884894283324,113.86341409428333,3.33505,3.112166374466959,5.487833625533041
gen=42_member=7112_pso,50,storage_zplus_1p20,storage,Storage,S,1.12,0.13440000000000002,0.12,0.07981140824009199,,,1.12,0.13440000000000002,29.955014399999996,29.954952265185444,108.56748146518542,1.80414,1.6579306433287817,6.942069356671218
gen=43_member=7278_pso,50,storage_zplus_1p20,storage,Storage,S,1.12,0.13440000000000002,0.12,0.07981140824009199,,,1.12,0.13440000000000002,26.961028,26.96102909294159,105.5735582929416,1.36641,1.2399921029982475,7.360007897001752
gen=48_member=8123_pso,50,storage_zplus_1p20,storage,Storage,S,1.12,0.13440000000000002,0.12,0.07981140824009199,,,1.12,0.13440000000000002,35.7057052,35.70569359544761,114.31822279544762,3.56822,3.3381170199931196,5.26188298000688
gen=38_member=6409_pso,50,storage_zplus_1p20,storage,Storage,S,1.12,0.13440000000000002,0.12,0.07981140824009199,,,1.12,0.13440000000000002,35.5586572,35.558655547749574,114.17118474774956,3.48534,3.256384917225727,5.3436150827742726
gen=36_member=6139_pso,50,storage_zplus_1p20,storage,Storage,S,1.12,0.13440000000000002,0.12,0.07981140824009199,,,1.12,0.13440000000000002,36.7221188,36.722176673504485,115.33470587350449,4.07625,3.8329215293230243,4.767078470676975
gen=40_member=6783_pso,50,storage_zplus_1p20,storage,Storage,S,1.12,0.13440000000000002,0.12,0.07981140824009199,,,1.12,0.13440000000000002,34.2880288,34.28795088667764,112.90048008667765,2.92983,2.7222518984869755,5.877748101513024
gen=29_member=4924_pso,50,storage_zplus_1p20,storage,Storage,S,1.12,0.13440000000000002,0.12,0.07981140824009199,,,1.12,0.13440000000000002,33.3221908,33.32221023991749,111.93473943991748,2.58783,2.4023777544019342,6.197622245598065
gen=46_member=7822_pso,50,storage_zplus_1p20,storage,Storage,S,1.12,0.13440000000000002,0.12,0.07981140824009199,,,1.12,0.13440000000000002,36.6993932,36.69936383186918,115.31189303186918,4.06609,3.822565706909022,4.777434293090978
gen=33_member=5655_pso,50,storage_zplus_1p20,storage,Storage,S,1.12,0.13440000000000002,0.12,0.07981140824009199,,,1.12,0.13440000000000002,35.6303988,35.630370058555734,114.24289925855572,3.51718,3.288824480679551,5.311175519320448
gen=31_member=5227_pso,50,storage_zplus_1p20,storage,Storage,S,1.12,0.13440000000000002,0.12,0.07981140824009199,,,1.12,0.13440000000000002,33.1920756,33.191986899653344,111.80451609965334,2.57051,2.386517623166695,6.213482376833305
gen=46_member=7810_pso,50,storage_zplus_1p20,storage,Storage,S,1.12,0.13440000000000002,0.12,0.07981140824009199,,,1.12,0.13440000000000002,34.574104,34.57406416730866,113.18659336730867,3.02342,2.8200146917250337,5.779985308274966
gen=28_member=4720_pso,50,storage_zplus_1p20,storage,Storage,S,1.12,0.13440000000000002,0.12,0.07981140824009199,,,1.12,0.13440000000000002,35.3848732,35.38488870745046,113.99741790745045,3.39794,3.172608096058651,5.4273919039413485
gen=31_member=5250_pso,50,storage_zplus_1p20,storage,Storage,S,1.12,0.13440000000000002,0.12,0.07981140824009199,,,1.12,0.13440000000000002,34.0534204,34.05351185359164,112.66604105359163,2.82385,2.6222998448616788,5.97770015513832
gen=46_member=7862_pso,50,storage_zplus_1p20,storage,Storage,S,1.12,0.13440000000000002,0.12,0.07981140824009199,,,1.12,0.13440000000000002,34.5019168,34.50190548961805,113.11443468961807,2.9983,2.796672586380119,5.803327413619881
gen=29_member=4911_pso,50,storage_zplus_1p20,storage,Storage,S,1.12,0.13440000000000002,0.12,0.07981140824009199,,,1.12,0.13440000000000002,33.8640404,33.86401239624249,112.47654159624248,2.75415,2.561046116973085,6.038953883026915
gen=43_member=7385_pso,50,storage_zplus_1p20,storage,Storage,S,1.12,0.13440000000000002,0.12,0.07981140824009199,,,1.12,0.13440000000000002,26.117729999999998,26.117703630103588,104.73023283010357,1.30432,1.1832706404099622,7.416729359590038
gen=34_member=5724_pso,50,storage_zplus_1p20,storage,Storage,S,1.12,0.13440000000000002,0.12,0.07981140824009199,,,1.12,0.13440000000000002,35.5597712,35.55966917902097,114.17219837902098,3.48909,3.2600908355554425,5.339909164444557
gen=39_member=6557_pso,50,storage_zplus_1p20,storage,Storage,S,1.12,0.13440000000000002,0.12,0.07981140824009199,,,1.12,0.13440000000000002,30.951821600000002,30.95190437561837,109.56443357561837,1.98352,1.8275330117260593,6.772466988273941
gen=43_member=7341_pso,50,storage_zplus_1p20,storage,Storage,S,1.12,0.13440000000000002,0.12,0.07981140824009199,,,1.12,0.13440000000000002,35.697461600000004,35.69752068422161,114.31004988422161,3.54777,3.3180025374679274,5.281997462532072
gen=37_member=6349_pso,50,storage_zplus_1p20,storage,Storage,S,1.12,0.13440000000000002,0.12,0.07981140824009199,,,1.12,0.13440000000000002,33.8629264,33.862942575484915,112.47547177548492,2.74347,2.549742468525893,6.050257531474107
gen=41_member=6889_pso,50,storage_zplus_1p20,storage,Storage,S,1.12,0.13440000000000002,0.12,0.07981140824009199,,,1.12,0.13440000000000002,27.384348,27.38432060845482,105.99684980845481,1.4106,1.28340410578879,7.3165958942112095
gen=47_member=8010_pso,50,storage_zplus_1p20,storage,Storage,S,1.12,0.13440000000000002,0.12,0.07981140824009199,,,1.12,0.13440000000000002,33.483498,33.48339815320258,112.09592735320258,2.63426,2.446241933865905,6.1537580661340945
gen=38_member=6465_pso,50,storage_zplus_1p20,storage,Storage,S,1.12,0.13440000000000002,0.12,0.07981140824009199,,,1.12,0.13440000000000002,35.5849476,35.58483752237572,114.19736672237573,3.49711,3.2677743035620277,5.3322256964379715
gen=29_member=4976_pso,50,storage_zplus_1p20,storage,Storage,S,1.12,0.13440000000000002,0.12,0.07981140824009199,,,1.12,0.13440000000000002,32.8534196,32.85346614458213,111.46599534458214,2.44488,2.2677963379245227,6.332203662075477
gen=34_member=5729_pso,50,storage_zplus_1p20,storage,Storage,S,1.12,0.13440000000000002,0.12,0.07981140824009199,,,1.12,0.13440000000000002,36.1272428,36.12729970982421,114.7398289098242,3.76248,3.528464639209666,5.0715353607903335
gen=46_member=7888_pso,50,storage_zplus_1p20,storage,Storage,S,1.12,0.13440000000000002,0.12,0.07981140824009199,,,1.12,0.13440000000000002,32.783460399999996,32.783404919650515,111.3959341196505,2.41843,2.2427946385130126,6.357205361486987
gen=46_member=7821_pso,50,storage_zplus_1p20,storage,Storage,S,1.12,0.13440000000000002,0.12,0.07981140824009199,,,1.12,0.13440000000000002,31.01933,31.019254054929405,109.63178325492942,1.99327,1.836836004512668,6.763163995487332
gen=48_member=8165_pso,50,storage_zplus_1p20,storage,Storage,S,1.12,0.13440000000000002,0.12,0.07981140824009199,,,1.12,0.13440000000000002,35.0845388,35.08459194378328,113.69712114378328,3.24714,3.028573783892515,5.571426216107485
gen=36_member=6131_pso,50,storage_zplus_1p20,storage,Storage,S,1.12,0.13440000000000002,0.12,0.07981140824009199,,,1.12,0.13440000000000002,36.0098272,36.00986073528155,114.62238993528156,3.70849,3.475455343972736,5.124544656027264
gen=32_member=5391_pso,50,storage_zplus_1p20,storage,Storage,S,1.12,0.13440000000000002,0.12,0.07981140824009199,,,1.12,0.13440000000000002,33.261589199999996,33.261505768011496,111.8740349680115,2.57343,2.38900084451017,6.21099915548983
gen=34_member=5740_pso,50,storage_zplus_1p20,storage,Storage,S,1.12,0.13440000000000002,0.12,0.07981140824009199,,,1.12,0.13440000000000002,27.0249716,27.025055498234494,105.63758469823449,1.37217,1.247423289617771,7.352576710382229
gen=35_member=5978_pso,50,storage_zplus_1p20,storage,Storage,S,1.12,0.13440000000000002,0.12,0.07981140824009199,,,1.12,0.13440000000000002,35.7979444,35.798046250315835,114.41057545031585,3.60663,3.375987918791639,5.224012081208361
gen=32_member=5373_pso,50,storage_zplus_1p20,storage,Storage,S,1.12,0.13440000000000002,0.12,0.07981140824009199,,,1.12,0.13440000000000002,34.4901084,34.49010839919886,113.10263759919886,2.995,2.7909847316506853,5.809015268349315
gen=44_member=7565_pso,50,storage_zplus_1p20,storage,Storage,S,1.12,0.13440000000000002,0.12,0.07981140824009199,,,1.12,0.13440000000000002,32.9715036,32.97144846847227,111.58397766847226,2.47831,2.2989040554404796,6.3010959445595205
gen=45_member=7737_pso,50,storage_zplus_1p20,storage,Storage,S,1.12,0.13440000000000002,0.12,0.07981140824009199,,,1.12,0.13440000000000002,36.1261288,36.12613241634489,114.7386616163449,3.75756,3.523315546115689,5.076684453884311
gen=35_member=6019_pso,50,storage_zplus_1p20,storage,Storage,S,1.12,0.13440000000000002,0.12,0.07981140824009199,,,1.12,0.13440000000000002,36.062408,36.06245626130536,114.67498546130537,3.73038,3.497339321455377,5.1026606785446225
gen=46_member=7796_pso,50,storage_zplus_1p20,storage,Storage,S,1.12,0.13440000000000002,0.12,0.07981140824009199,,,1.12,0.13440000000000002,35.467532,35.46763029885118,114.08015949885117,3.43824,3.2112683406836102,5.38873165931639
gen=47_member=7977_pso,50,storage_zplus_1p20,storage,Storage,S,1.12,0.13440000000000002,0.12,0.07981140824009199,,,1.12,0.13440000000000002,35.5069676,35.506986680921436,114.11951588092144,3.45533,3.2283721917362325,5.371627808263767
gen=49_member=8311_pso,50,storage_zplus_1p20,storage,Storage,S,1.12,0.13440000000000002,0.12,0.07981140824009199,,,1.12,0.13440000000000002,36.0073764,36.00733726709178,114.61986646709177,3.70558,3.472846940253021,5.127153059746979
gen=29_member=4851_pso,50,storage_zplus_1p20,storage,Storage,S,1.12,0.13440000000000002,0.12,0.07981140824009199,,,1.12,0.13440000000000002,35.2643384,35.264277472776136,113.87680667277613,3.33985,3.1168811898821516,5.483118810117848
gen=34_member=5819_pso,50,storage_zplus_1p20,storage,Storage,S,1.12,0.13440000000000002,0.12,0.07981140824009199,,,1.12,0.13440000000000002,34.5609588,34.56103873283972,113.17356793283972,3.0224,2.8189474333547513,5.781052566645249
gen=38_member=6490_pso,50,storage_zplus_1p20,storage,Storage,S,1.12,0.13440000000000002,0.12,0.07981140824009199,,,1.12,0.13440000000000002,36.0697604,36.069858023161345,114.68238722316136,3.73254,3.4993934557523856,5.100606544247614
gen=42_member=7145_pso,50,storage_zplus_1p20,storage,Storage,S,1.12,0.13440000000000002,0.12,0.07981140824009199,,,1.12,0.13440000000000002,36.306151199999995,36.30614392385608,114.9186731238561,3.85887,3.620452873895256,4.979547126104744
gen=28_member=4655_pso,50,storage_zplus_1p20,storage,Storage,S,1.12,0.13440000000000002,0.12,0.07981140824009199,,,1.12,0.13440000000000002,33.7361532,33.73614280489097,112.34867200489097,2.71633,2.524657756564123,6.075342243435877
gen=24_member=4008_pso,50,storage_zplus_1p20,storage,Storage,S,1.12,0.13440000000000002,0.12,0.07981140824009199,,,1.12,0.13440000000000002,33.7668996,33.76696087691461,112.3794900769146,2.71969,2.527327360022471,6.072672639977529
gen=34_member=5732_pso,50,storage_zplus_1p20,storage,Storage,S,1.12,0.13440000000000002,0.12,0.07981140824009199,,,1.12,0.13440000000000002,33.7822728,33.7821917262945,112.39472092629453,2.72045,2.5286549981547215,6.071345001845279
gen=40_member=6768_pso,50,storage_zplus_1p20,storage,Storage,S,1.12,0.13440000000000002,0.12,0.07981140824009199,,,1.12,0.13440000000000002,36.653050799999995,36.65302211816361,115.26555131816362,4.06357,3.817726478021851,4.782273521978149
gen=44_member=7554_pso,50,storage_zplus_1p20,storage,Storage,S,1.12,0.13440000000000002,0.12,0.07981140824009199,,,1.12,0.13440000000000002,33.7114224,33.71131958774986,112.32384878774988,2.69854,2.507764402985723,6.092235597014277
gen=18_member=3072_pso,50,storage_zplus_1p20,storage,Storage,S,1.12,0.13440000000000002,0.12,0.07981140824009199,,,1.12,0.13440000000000002,37.154796399999995,37.15490686727385,115.76743606727385,4.37912,4.122315646354214,4.4776843536457855
gen=50_member=8445_pso,50,storage_zplus_1p20,storage,Storage,S,1.12,0.13440000000000002,0.12,0.07981140824009199,,,1.12,0.13440000000000002,20.94736636,20.947372107145803,99.55990130714581,1.01547,0.9168866707710187,7.683113329228981
gen=50_member=8506_pso,50,storage_zplus_1p20,storage,Storage,S,1.12,0.13440000000000002,0.12,0.07981140824009199,,,1.12,0.13440000000000002,36.1778184,36.17771080932583,114.79024000932583,3.79088,3.5556581319242477,5.044341868075752
gen=50_member=8596_pso,50,storage_zplus_1p20,storage,Storage,S,1.12,0.13440000000000002,0.12,0.07981140824009199,,,1.12,0.13440000000000002,31.6560924,31.656131000200023,110.26866020020003,2.13446,1.970686386528551,6.6293136134714485
gen=50_member=8464_pso,50,storage_zplus_1p20,storage,Storage,S,1.12,0.13440000000000002,0.12,0.07981140824009199,,,1.12,0.13440000000000002,35.1692028,35.16929619734085,113.78182539734085,3.28738,3.0676173837307004,5.532382616269299
gen=50_member=8489_pso,50,storage_zplus_1p20,storage,Storage,S,1.12,0.13440000000000002,0.12,0.07981140824009199,,,1.12,0.13440000000000002,33.927984,33.928075253726064,112.54060445372608,2.76217,2.567302773431004,6.032697226568995
gen=50_member=8579_pso,50,storage_zplus_1p20,storage,Storage,S,1.12,0.13440000000000002,0.12,0.07981140824009199,,,1.12,0.13440000000000002,35.2674576,35.267503555717184,113.8800327557172,3.34196,3.1188990489631903,5.48110095103681
gen=50_member=8474_pso,50,storage_zplus_1p20,storage,Storage,S,1.12,0.13440000000000002,0.12,0.07981140824009199,,,1.12,0.13440000000000002,28.369124,28.369120398124426,106.98164959812442,1.54501,1.410745150081165,7.189254849918835
gen=50_member=8555_pso,50,storage_zplus_1p20,storage,Storage,S,1.12,0.13440000000000002,0.12,0.07981140824009199,,,1.12,0.13440000000000002,34.7982408,34.798261721440575,113.41079092144058,3.12278,2.9111239621396656,5.688876037860334
gen=50_member=8483_pso,50,storage_zplus_1p20,storage,Storage,S,1.12,0.13440000000000002,0.12,0.07981140824009199,,,1.12,0.13440000000000002,32.124418,32.12450543561306,110.73703463561304,2.25475,2.0870888985761877,6.512911101423812
gen=50_member=8443_pso,50,storage_zplus_1p20,storage,Storage,S,1.12,0.13440000000000002,0.12,0.07981140824009199,,,1.12,0.13440000000000002,29.0288348,29.028751720435796,107.64128092043579,1.62866,1.4917943291279165,7.108205670872083
gen=50_member=8469_pso,50,storage_zplus_1p20,storage,Storage,S,1.12,0.13440000000000002,0.12,0.07981140824009199,,,1.12,0.13440000000000002,27.342684399999996,27.342638190802248,105.95516739080225,1.39731,1.2716050278181186,7.328394972181881
gen=50_member=8584_pso,50,storage_zplus_1p20,storage,Storage,S,1.12,0.13440000000000002,0.12,0.07981140824009199,,,1.12,0.13440000000000002,36.776259200000005,36.77633515260383,115.38886435260383,4.09976,3.8541835822898625,4.745816417710137
gen=50_member=8572_pso,50,storage_zplus_1p20,storage,Storage,S,1.12,0.13440000000000002,0.12,0.07981140824009199,,,1.12,0.13440000000000002,35.3808628,35.38077037906462,113.99329957906461,3.38958,3.1647208794257327,5.4352791205742665
gen=50_member=8550_pso,50,storage_zplus_1p20,storage,Storage,S,1.12,0.13440000000000002,0.12,0.07981140824009199,,,1.12,0.13440000000000002,35.4354488,35.43550778076299,114.048036980763,3.41089,3.1850760805304117,5.414923919469588
gen=50_member=8507_pso,50,storage_zplus_1p20,storage,Storage,S,1.12,0.13440000000000002,0.12,0.07981140824009199,,,1.12,0.13440000000000002,29.1130532,29.113125122660595,107.72565432266059,1.64928,1.511085642862748,7.088914357137252
gen=50_member=8467_pso,50,storage_zplus_1p20,storage,Storage,S,1.12,0.13440000000000002,0.12,0.07981140824009199,,,1.12,0.13440000000000002,28.4317308,28.431750054504132,107.04427925450413,1.56923,1.435738195348585,7.164261804651415
gen=50_member=8487_pso,50,storage_zplus_1p20,storage,Storage,S,1.12,0.13440000000000002,0.12,0.07981140824009199,,,1.12,0.13440000000000002,35.5025116,35.50262187067714,114.11515107067714,3.45215,3.2258953797286822,5.374104620271318
152,50,storage_zplus_1p60,storage,Storage,S,1.1600000000000001,0.13920000000000002,0.12,0.045588999785278535,,,1.1600000000000001,0.13920000000000002,39.0853584,39.0854414587126,117.6979706587126,4.78258,4.426668564665476,4.173331435334523
gen=36_member=6021_pso,50,storage_zplus_1p60,storage,Storage,S,1.1600000000000001,0.13920000000000002,0.12,0.045588999785278535,,,1.1600000000000001,0.13920000000000002,15.73043752,15.730428646974957,94.34295784697495,0.811083,0.7078928613661204,7.892107138633879
16,50,storage_zplus_1p60,storage,Storage,S,1.1600000000000001,0.13920000000000002,0.12,0.045588999785278535,,,1.1600000000000001,0.13920000000000002,38.467534,38.46752870631738,117.08005790631736,4.48927,4.1464384115090995,4.4535615884909
130,50,storage_zplus_1p60,storage,Storage,S,1.1600000000000001,0.13920000000000002,0.12,0.045588999785278535,,,1.1600000000000001,0.13920000000000002,38.6001,38.60014577795708,117.21267497795709,4.69071,4.3405367285701,4.259463271429899
95,50,storage_zplus_1p60,storage,Storage,S,1.1600000000000001,0.13920000000000002,0.12,0.045588999785278535,,,1.1600000000000001,0.13920000000000002,38.900657200000005,38.90068138512153,117.51321058512153,4.70127,4.346978732132438,4.253021267867561
156,50,storage_zplus_1p60,storage,Storage,S,1.1600000000000001,0.13920000000000002,0.12,0.045588999785278535,,,1.1600000000000001,0.13920000000000002,37.6137644,37.61379239712806,116.22632159712806,4.4265,4.090515359411178,4.509484640588822
gen=47_member=7948_pso,50,storage_zplus_1p60,storage,Storage,S,1.1600000000000001,0.13920000000000002,0.12,0.045588999785278535,,,1.1600000000000001,0.13920000000000002,28.5299856,28.529932454502454,107.14246165450244,1.5703,1.3965175313161187,7.203482468683881
gen=48_member=8161_pso,50,storage_zplus_1p60,storage,Storage,S,1.1600000000000001,0.13920000000000002,0.12,0.045588999785278535,,,1.1600000000000001,0.13920000000000002,24.5082228,24.508282368015493,103.1208115680155,1.17026,1.0185807097956718,7.581419290204328
gen=33_member=5661_pso,50,storage_zplus_1p60,storage,Storage,S,1.1600000000000001,0.13920000000000002,0.12,0.045588999785278535,,,1.1600000000000001,0.13920000000000002,36.8916696,36.89173247767671,115.50426167767671,4.21575,3.8890685729370817,4.710931427062918
gen=47_member=7921_pso,50,storage_zplus_1p60,storage,Storage,S,1.1600000000000001,0.13920000000000002,0.12,0.045588999785278535,,,1.1600000000000001,0.13920000000000002,37.0291372,37.029124549782175,115.6416537497822,4.27101,3.9428183478369605,4.65718165216304
gen=40_member=6722_pso,50,storage_zplus_1p60,storage,Storage,S,1.1600000000000001,0.13920000000000002,0.12,0.045588999785278535,,,1.1600000000000001,0.13920000000000002,29.2066292,29.206608318766545,107.81913751876654,1.65561,1.4759969717513166,7.1240030282486835
gen=48_member=8113_pso,50,storage_zplus_1p60,storage,Storage,S,1.1600000000000001,0.13920000000000002,0.12,0.045588999785278535,,,1.1600000000000001,0.13920000000000002,37.0135412,37.01352492542517,115.62605412542518,4.2324,3.905780124324281,4.694219875675719
gen=48_member=8218_pso,50,storage_zplus_1p60,storage,Storage,S,1.1600000000000001,0.13920000000000002,0.12,0.045588999785278535,,,1.1600000000000001,0.13920000000000002,36.6236412,36.62363801974855,115.23616721974857,4.03399,3.7188131511164197,4.88118684888358
gen=42_member=7058_pso,50,storage_zplus_1p60,storage,Storage,S,1.1600000000000001,0.13920000000000002,0.12,0.045588999785278535,,,1.1600000000000001,0.13920000000000002,17.825114,17.82511697626178,96.4376461762618,0.864582,0.748891407173434,7.851108592826566
gen=48_member=8245_pso,50,storage_zplus_1p60,storage,Storage,S,1.1600000000000001,0.13920000000000002,0.12,0.045588999785278535,,,1.1600000000000001,0.13920000000000002,36.87897,36.87888641911074,115.49141561911075,4.17121,3.845862317947525,4.754137682052475
gen=41_member=6922_pso,50,storage_zplus_1p60,storage,Storage,S,1.1600000000000001,0.13920000000000002,0.12,0.045588999785278535,,,1.1600000000000001,0.13920000000000002,32.1159516,32.11592080418332,110.72845000418333,2.24821,2.031408388254466,6.568591611745534
gen=41_member=6885_pso,50,storage_zplus_1p60,storage,Storage,S,1.1600000000000001,0.13920000000000002,0.12,0.045588999785278535,,,1.1600000000000001,0.13920000000000002,16.94815092,16.94814371857778,95.56067291857778,0.828565,0.7203090946016598,7.8796909053983395
gen=37_member=6262_pso,50,storage_zplus_1p60,storage,Storage,S,1.1600000000000001,0.13920000000000002,0.12,0.045588999785278535,,,1.1600000000000001,0.13920000000000002,25.3729096,25.372800727077287,103.98532992707726,1.2425,1.0877315710576296,7.51226842894237
gen=39_member=6554_pso,50,storage_zplus_1p60,storage,Storage,S,1.1600000000000001,0.13920000000000002,0.12,0.045588999785278535,,,1.1600000000000001,0.13920000000000002,22.91498,22.91493475179726,101.52746395179726,1.07599,0.9333075594693577,7.666692440530642
gen=44_member=7409_pso,50,storage_zplus_1p60,storage,Storage,S,1.1600000000000001,0.13920000000000002,0.12,0.045588999785278535,,,1.1600000000000001,0.13920000000000002,29.026161199999997,29.02617500954204,107.63870420954201,1.61819,1.4420877681550552,7.157912231844945
gen=33_member=5597_pso,50,storage_zplus_1p60,storage,Storage,S,1.1600000000000001,0.13920000000000002,0.12,0.045588999785278535,,,1.1600000000000001,0.13920000000000002,20.425457360000003,20.425447005160812,99.03797620516082,0.993719,0.8659164515565384,7.734083548443461
gen=35_member=5926_pso,50,storage_zplus_1p60,storage,Storage,S,1.1600000000000001,0.13920000000000002,0.12,0.045588999785278535,,,1.1600000000000001,0.13920000000000002,28.758578399999998,28.75848621927199,107.371015419272,1.60584,1.4303801562762573,7.169619843723742
gen=42_member=7147_pso,50,storage_zplus_1p60,storage,Storage,S,1.1600000000000001,0.13920000000000002,0.12,0.045588999785278535,,,1.1600000000000001,0.13920000000000002,36.785394,36.78548226240043,115.39801146240043,4.12536,3.8019729981478876,4.7980270018521125
gen=47_member=7992_pso,50,storage_zplus_1p60,storage,Storage,S,1.1600000000000001,0.13920000000000002,0.12,0.045588999785278535,,,1.1600000000000001,0.13920000000000002,37.303181200000004,37.30318347661641,115.91571267661642,4.41535,4.08000026127547,4.51999973872453
gen=44_member=7479_pso,50,storage_zplus_1p60,storage,Storage,S,1.1600000000000001,0.13920000000000002,0.12,0.045588999785278535,,,1.1600000000000001,0.13920000000000002,29.72709,29.726992928553695,108.3395221285537,1.7727,1.5844008270716234,7.015599172928376
gen=46_member=7840_pso,50,storage_zplus_1p60,storage,Storage,S,1.1600000000000001,0.13920000000000002,0.12,0.045588999785278535,,,1.1600000000000001,0.13920000000000002,27.838414399999998,27.838357196260656,106.45088639626066,1.46259,1.2954117414003659,7.304588258599634
gen=36_member=6076_pso,50,storage_zplus_1p60,storage,Storage,S,1.1600000000000001,0.13920000000000002,0.12,0.045588999785278535,,,1.1600000000000001,0.13920000000000002,37.071692,37.07165394641189,115.6841831464119,4.31441,3.9828752499286386,4.617124750071361
gen=39_member=6576_pso,50,storage_zplus_1p60,storage,Storage,S,1.1600000000000001,0.13920000000000002,0.12,0.045588999785278535,,,1.1600000000000001,0.13920000000000002,24.576845199999998,24.57679423226629,103.18932343226629,1.21064,1.0603460562722151,7.539653943727784
gen=46_member=7833_pso,50,storage_zplus_1p60,storage,Storage,S,1.1600000000000001,0.13920000000000002,0.12,0.045588999785278535,,,1.1600000000000001,0.13920000000000002,30.2738412,30.273822445456965,108.88635164545695,1.83739,1.644793915835682,6.955206084164318
gen=36_member=6039_pso,50,storage_zplus_1p60,storage,Storage,S,1.1600000000000001,0.13920000000000002,0.12,0.045588999785278535,,,1.1600000000000001,0.13920000000000002,34.2367848,34.236759922666806,112.84928912266682,2.88658,2.627106934473988,5.972893065526012
gen=45_member=7630_pso,50,storage_zplus_1p60,storage,Storage,S,1.1600000000000001,0.13920000000000002,0.12,0.045588999785278535,,,1.1600000000000001,0.13920000000000002,20.27341864,20.273425248681576,98.88595444868157,0.964314,0.8357821916736712,7.764217808326329
gen=41_member=7002_pso,50,storage_zplus_1p60,storage,Storage,S,1.1600000000000001,0.13920000000000002,0.12,0.045588999785278535,,,1.1600000000000001,0.13920000000000002,31.456018,31.456010064777686,110.0685392647777,2.09323,1.884686259202471,6.715313740797528
gen=44_member=7416_pso,50,storage_zplus_1p60,storage,Storage,S,1.1600000000000001,0.13920000000000002,0.12,0.045588999785278535,,,1.1600000000000001,0.13920000000000002,22.539562,22.53949283051267,101.15202203051267,1.03735,0.8983605449853506,7.701639455014649
gen=48_member=8130_pso,50,storage_zplus_1p60,storage,Storage,S,1.1600000000000001,0.13920000000000002,0.12,0.045588999785278535,,,1.1600000000000001,0.13920000000000002,30.2965668,30.29664546331896,108.90917466331896,1.8663,1.6725391853540366,6.927460814645963
gen=42_member=7150_pso,50,storage_zplus_1p60,storage,Storage,S,1.1600000000000001,0.13920000000000002,0.12,0.045588999785278535,,,1.1600000000000001,0.13920000000000002,23.0183592,23.018345966531463,101.63087516653145,1.08725,0.9501819099245263,7.649818090075473
gen=46_member=7861_pso,50,storage_zplus_1p60,storage,Storage,S,1.1600000000000001,0.13920000000000002,0.12,0.045588999785278535,,,1.1600000000000001,0.13920000000000002,36.5779672,36.57795625745423,115.19048545745423,4.0076,3.6894665204472705,4.910533479552729
gen=47_member=8013_pso,50,storage_zplus_1p60,storage,Storage,S,1.1600000000000001,0.13920000000000002,0.12,0.045588999785278535,,,1.1600000000000001,0.13920000000000002,24.1898416,24.189885878306495,102.80241507830647,1.14776,1.0008069973485523,7.599193002651448
gen=34_member=5833_pso,50,storage_zplus_1p60,storage,Storage,S,1.1600000000000001,0.13920000000000002,0.12,0.045588999785278535,,,1.1600000000000001,0.13920000000000002,37.0554276,37.05546674905064,115.66799594905063,4.29346,3.9635434394993134,4.636456560500687
gen=29_member=4835_pso,50,storage_zplus_1p60,storage,Storage,S,1.1600000000000001,0.13920000000000002,0.12,0.045588999785278535,,,1.1600000000000001,0.13920000000000002,31.1628132,31.16289112554577,109.77542032554577,2.02499,1.8195288865313772,6.780471113468622
gen=43_member=7309_pso,50,storage_zplus_1p60,storage,Storage,S,1.1600000000000001,0.13920000000000002,0.12,0.045588999785278535,,,1.1600000000000001,0.13920000000000002,28.36244,28.362383210764136,106.97491241076413,1.53641,1.3652909946688159,7.234709005331184
gen=42_member=7162_pso,50,storage_zplus_1p60,storage,Storage,S,1.1600000000000001,0.13920000000000002,0.12,0.045588999785278535,,,1.1600000000000001,0.13920000000000002,34.2657488,34.265693983561704,112.87822318356172,2.92099,2.6606904353510417,5.939309564648958
gen=43_member=7394_pso,50,storage_zplus_1p60,storage,Storage,S,1.1600000000000001,0.13920000000000002,0.12,0.045588999785278535,,,1.1600000000000001,0.13920000000000002,29.6994628,29.69937939750987,108.31190859750988,1.74092,1.5552135168312708,7.044786483168728
gen=47_member=7994_pso,50,storage_zplus_1p60,storage,Storage,S,1.1600000000000001,0.13920000000000002,0.12,0.045588999785278535,,,1.1600000000000001,0.13920000000000002,27.7078536,27.707961235794844,106.32049043579485,1.42551,1.2600820278818023,7.339917972118197
gen=48_member=8212_pso,50,storage_zplus_1p60,storage,Storage,S,1.1600000000000001,0.13920000000000002,0.12,0.045588999785278535,,,1.1600000000000001,0.13920000000000002,25.5088176,25.50891213870453,104.12144133870451,1.2664,1.1110552133674065,7.488944786632593
gen=34_member=5718_pso,50,storage_zplus_1p60,storage,Storage,S,1.1600000000000001,0.13920000000000002,0.12,0.045588999785278535,,,1.1600000000000001,0.13920000000000002,19.217970479999998,19.217975104740983,97.83050430474097,0.92753,0.8121872132478429,7.7878127867521565
gen=40_member=6749_pso,50,storage_zplus_1p60,storage,Storage,S,1.1600000000000001,0.13920000000000002,0.12,0.045588999785278535,,,1.1600000000000001,0.13920000000000002,32.0337384,32.033822459218676,110.64635165921867,2.22633,2.0094961841649335,6.590503815835066
gen=45_member=7712_pso,50,storage_zplus_1p60,storage,Storage,S,1.1600000000000001,0.13920000000000002,0.12,0.045588999785278535,,,1.1600000000000001,0.13920000000000002,31.9644476,31.96441941761888,110.57694861761888,2.20694,1.991361172425016,6.608638827574984
gen=49_member=8286_pso,50,storage_zplus_1p60,storage,Storage,S,1.1600000000000001,0.13920000000000002,0.12,0.045588999785278535,,,1.1600000000000001,0.13920000000000002,31.885799199999997,31.88574680923485,110.49827600923484,2.18552,1.9708515289186437,6.629148471081356
gen=47_member=7987_pso,50,storage_zplus_1p60,storage,Storage,S,1.1600000000000001,0.13920000000000002,0.12,0.045588999785278535,,,1.1600000000000001,0.13920000000000002,32.3378604,32.3379503115816,110.95047951158162,2.30822,2.0870908178186807,6.512909182181319
gen=42_member=7104_pso,50,storage_zplus_1p60,storage,Storage,S,1.1600000000000001,0.13920000000000002,0.12,0.045588999785278535,,,1.1600000000000001,0.13920000000000002,37.1305112,37.1305477391165,115.7430769391165,4.35228,4.019332769534093,4.580667230465907
gen=44_member=7536_pso,50,storage_zplus_1p60,storage,Storage,S,1.1600000000000001,0.13920000000000002,0.12,0.045588999785278535,,,1.1600000000000001,0.13920000000000002,23.466855600000002,23.46684587614881,102.0793750761488,1.11985,0.9783870595398121,7.621612940460188
gen=38_member=6480_pso,50,storage_zplus_1p60,storage,Storage,S,1.1600000000000001,0.13920000000000002,0.12,0.045588999785278535,,,1.1600000000000001,0.13920000000000002,31.4072248,31.407133065935877,110.01966226593586,2.07448,1.8645229026338594,6.73547709736614
gen=43_member=7269_pso,50,storage_zplus_1p60,storage,Storage,S,1.1600000000000001,0.13920000000000002,0.12,0.045588999785278535,,,1.1600000000000001,0.13920000000000002,36.833296,36.83339971387087,115.44592891387086,4.14372,3.819598419034405,4.780401580965595
gen=35_member=5948_pso,50,storage_zplus_1p60,storage,Storage,S,1.1600000000000001,0.13920000000000002,0.12,0.045588999785278535,,,1.1600000000000001,0.13920000000000002,37.07392,37.07384621264411,115.68637541264411,4.33924,4.006744270266769,4.59325572973323
gen=29_member=4871_pso,50,storage_zplus_1p60,storage,Storage,S,1.1600000000000001,0.13920000000000002,0.12,0.045588999785278535,,,1.1600000000000001,0.13920000000000002,17.843495,17.843497187733753,96.45602638773376,0.881544,0.7687244529182048,7.831275547081795
gen=36_member=6031_pso,50,storage_zplus_1p60,storage,Storage,S,1.1600000000000001,0.13920000000000002,0.12,0.045588999785278535,,,1.1600000000000001,0.13920000000000002,31.3383796,31.338390787551674,109.95091998755169,2.05415,1.84617066290748,6.75382933709252
gen=39_member=6689_pso,50,storage_zplus_1p60,storage,Storage,S,1.1600000000000001,0.13920000000000002,0.12,0.045588999785278535,,,1.1600000000000001,0.13920000000000002,29.4165068,29.416418185838467,108.02894738583845,1.67871,1.497583160679514,7.102416839320486
gen=46_member=7811_pso,50,storage_zplus_1p60,storage,Storage,S,1.1600000000000001,0.13920000000000002,0.12,0.045588999785278535,,,1.1600000000000001,0.13920000000000002,30.8479968,30.84800808580873,109.46053728580873,1.95962,1.7584765780294833,6.841523421970516
gen=36_member=6150_pso,50,storage_zplus_1p60,storage,Storage,S,1.1600000000000001,0.13920000000000002,0.12,0.045588999785278535,,,1.1600000000000001,0.13920000000000002,29.510305600000002,29.510270949002532,108.12280014900254,1.71536,1.5314387367964368,7.068561263203563
gen=28_member=4698_pso,50,storage_zplus_1p60,storage,Storage,S,1.1600000000000001,0.13920000000000002,0.12,0.045588999785278535,,,1.1600000000000001,0.13920000000000002,19.62453592,19.62453473077234,98.23706393077234,0.948853,0.8239316469454651,7.7760683530545345
gen=45_member=7580_pso,50,storage_zplus_1p60,storage,Storage,S,1.1600000000000001,0.13920000000000002,0.12,0.045588999785278535,,,1.1600000000000001,0.13920000000000002,29.4198488,29.41977376399195,108.03230296399194,1.6928,1.5110218989618789,7.088978101038121
gen=37_member=6318_pso,50,storage_zplus_1p60,storage,Storage,S,1.1600000000000001,0.13920000000000002,0.12,0.045588999785278535,,,1.1600000000000001,0.13920000000000002,36.3585092,36.35850397821222,114.97103317821221,3.89263,3.582984786046919,5.017015213953081
gen=39_member=6634_pso,50,storage_zplus_1p60,storage,Storage,S,1.1600000000000001,0.13920000000000002,0.12,0.045588999785278535,,,1.1600000000000001,0.13920000000000002,37.24659,37.24656995207669,115.8590991520767,4.3792,4.04519204207564,4.55480795792436
gen=46_member=7788_pso,50,storage_zplus_1p60,storage,Storage,S,1.1600000000000001,0.13920000000000002,0.12,0.045588999785278535,,,1.1600000000000001,0.13920000000000002,32.533256,32.533172613400616,111.1457018134006,2.35444,2.128835900599137,6.471164099400863
gen=46_member=7881_pso,50,storage_zplus_1p60,storage,Storage,S,1.1600000000000001,0.13920000000000002,0.12,0.045588999785278535,,,1.1600000000000001,0.13920000000000002,27.1929628,27.192862415219388,105.80539161521938,1.37653,1.2105964097185928,7.389403590281407
gen=27_member=4566_pso,50,storage_zplus_1p60,storage,Storage,S,1.1600000000000001,0.13920000000000002,0.12,0.045588999785278535,,,1.1600000000000001,0.13920000000000002,34.2026964,34.20265674649548,112.8151859464955,2.87573,2.614639480178235,5.985360519821764
gen=39_member=6698_pso,50,storage_zplus_1p60,storage,Storage,S,1.1600000000000001,0.13920000000000002,0.12,0.045588999785278535,,,1.1600000000000001,0.13920000000000002,33.52026,33.52015097310551,112.13268017310553,2.6497,2.405226858289052,6.1947731417109475
gen=41_member=6986_pso,50,storage_zplus_1p60,storage,Storage,S,1.1600000000000001,0.13920000000000002,0.12,0.045588999785278535,,,1.1600000000000001,0.13920000000000002,35.7676436,35.767651554973604,114.38018075497361,3.58673,3.2858441230743436,5.314155876925656
gen=41_member=6973_pso,50,storage_zplus_1p60,storage,Storage,S,1.1600000000000001,0.13920000000000002,0.12,0.045588999785278535,,,1.1600000000000001,0.13920000000000002,35.1593996,35.15947657236159,113.77200577236158,3.28388,2.9971562352221315,5.602843764777868
gen=27_member=4568_pso,50,storage_zplus_1p60,storage,Storage,S,1.1600000000000001,0.13920000000000002,0.12,0.045588999785278535,,,1.1600000000000001,0.13920000000000002,32.5586552,32.558684654753776,111.17121385475377,2.37042,2.1454936254997317,6.4545063745002675
gen=37_member=6357_pso,50,storage_zplus_1p60,storage,Storage,S,1.1600000000000001,0.13920000000000002,0.12,0.045588999785278535,,,1.1600000000000001,0.13920000000000002,32.625718,32.62572860768373,111.23825780768374,2.3887,2.160698331773229,6.43930166822677
gen=47_member=8006_pso,50,storage_zplus_1p60,storage,Storage,S,1.1600000000000001,0.13920000000000002,0.12,0.045588999785278535,,,1.1600000000000001,0.13920000000000002,36.7613316,36.761407828424296,115.37393702842431,4.09604,3.777918588364514,4.8220814116354855
gen=41_member=6898_pso,50,storage_zplus_1p60,storage,Storage,S,1.1600000000000001,0.13920000000000002,0.12,0.045588999785278535,,,1.1600000000000001,0.13920000000000002,31.489438,31.489447863162184,110.10197706316218,2.11934,1.9079922624379089,6.692007737562091
gen=39_member=6668_pso,50,storage_zplus_1p60,storage,Storage,S,1.1600000000000001,0.13920000000000002,0.12,0.045588999785278535,,,1.1600000000000001,0.13920000000000002,33.933108399999995,33.933030846740984,112.545560046741,2.77099,2.5184516489181608,6.081548351081839
gen=48_member=8200_pso,50,storage_zplus_1p60,storage,Storage,S,1.1600000000000001,0.13920000000000002,0.12,0.045588999785278535,,,1.1600000000000001,0.13920000000000002,34.8907028,34.89080581472363,113.50333501472363,3.16725,2.88793912115503,5.712060878844969
gen=32_member=5452_pso,50,storage_zplus_1p60,storage,Storage,S,1.1600000000000001,0.13920000000000002,0.12,0.045588999785278535,,,1.1600000000000001,0.13920000000000002,34.8474796,34.84753054005696,113.46005974005696,3.14182,2.865530181708688,5.734469818291312
gen=44_member=7522_pso,50,storage_zplus_1p60,storage,Storage,S,1.1600000000000001,0.13920000000000002,0.12,0.045588999785278535,,,1.1600000000000001,0.13920000000000002,33.1631116,33.16311565476033,111.77564485476033,2.53937,2.3027667574417032,6.297233242558296
gen=45_member=7699_pso,50,storage_zplus_1p60,storage,Storage,S,1.1600000000000001,0.13920000000000002,0.12,0.045588999785278535,,,1.1600000000000001,0.13920000000000002,25.6714616,25.671464649350018,104.28399384935003,1.28466,1.1314366521857853,7.468563347814214
gen=38_member=6478_pso,50,storage_zplus_1p60,storage,Storage,S,1.1600000000000001,0.13920000000000002,0.12,0.045588999785278535,,,1.1600000000000001,0.13920000000000002,35.2785976,35.27857906393331,113.8911082639333,3.35376,3.0631738750353694,5.53682612496463
gen=48_member=8105_pso,50,storage_zplus_1p60,storage,Storage,S,1.1600000000000001,0.13920000000000002,0.12,0.045588999785278535,,,1.1600000000000001,0.13920000000000002,36.5527908,36.55273076856624,115.16525996856623,3.9902,3.675645670264722,4.924354329735277
gen=47_member=7995_pso,50,storage_zplus_1p60,storage,Storage,S,1.1600000000000001,0.13920000000000002,0.12,0.045588999785278535,,,1.1600000000000001,0.13920000000000002,36.497536399999994,36.49744644974915,115.10997564974916,3.97511,3.6570474511983635,4.942952548801636
gen=38_member=6507_pso,50,storage_zplus_1p60,storage,Storage,S,1.1600000000000001,0.13920000000000002,0.12,0.045588999785278535,,,1.1600000000000001,0.13920000000000002,36.2430988,36.243072285057984,114.85560148505799,3.82686,3.5194289386474957,5.080571061352504
gen=47_member=8017_pso,50,storage_zplus_1p60,storage,Storage,S,1.1600000000000001,0.13920000000000002,0.12,0.045588999785278535,,,1.1600000000000001,0.13920000000000002,26.3334004,26.33332130996634,104.94585050996633,1.31111,1.1526921873789642,7.447307812621036
gen=28_member=4806_pso,50,storage_zplus_1p60,storage,Storage,S,1.1600000000000001,0.13920000000000002,0.12,0.045588999785278535,,,1.1600000000000001,0.13920000000000002,36.335338,36.335363024535646,114.94789222453565,3.87574,3.566684753472183,5.033315246527817
gen=33_member=5559_pso,50,storage_zplus_1p60,storage,Storage,S,1.1600000000000001,0.13920000000000002,0.12,0.045588999785278535,,,1.1600000000000001,0.13920000000000002,32.1440244,32.1440689013816,110.7565981013816,2.27771,2.0556808633987202,6.544319136601279
gen=28_member=4728_pso,50,storage_zplus_1p60,storage,Storage,S,1.1600000000000001,0.13920000000000002,0.12,0.045588999785278535,,,1.1600000000000001,0.13920000000000002,25.063886,25.063855919912235,103.67638511991223,1.21593,1.0642823761108884,7.535717623889111
gen=30_member=4999_pso,50,storage_zplus_1p60,storage,Storage,S,1.1600000000000001,0.13920000000000002,0.12,0.045588999785278535,,,1.1600000000000001,0.13920000000000002,33.9879172,33.98794532305361,112.60047452305362,2.78942,2.533067823832633,6.0669321761673665
gen=47_member=7949_pso,50,storage_zplus_1p60,storage,Storage,S,1.1600000000000001,0.13920000000000002,0.12,0.045588999785278535,,,1.1600000000000001,0.13920000000000002,31.069014399999997,31.068968509771572,109.68149770977158,1.99378,1.7902213260157012,6.809778673984298
gen=37_member=6216_pso,50,storage_zplus_1p60,storage,Storage,S,1.1600000000000001,0.13920000000000002,0.12,0.045588999785278535,,,1.1600000000000001,0.13920000000000002,34.7610332,34.76111558406628,113.37364478406629,3.104,2.8315517829346213,5.768448217065378
gen=35_member=5892_pso,50,storage_zplus_1p60,storage,Storage,S,1.1600000000000001,0.13920000000000002,0.12,0.045588999785278535,,,1.1600000000000001,0.13920000000000002,33.624976,33.6250096550061,112.23753885500611,2.6693,2.4233748313808032,6.176625168619196
gen=47_member=7933_pso,50,storage_zplus_1p60,storage,Storage,S,1.1600000000000001,0.13920000000000002,0.12,0.045588999785278535,,,1.1600000000000001,0.13920000000000002,26.4996092,26.49956968298791,105.11209888298791,1.3367,1.1766626273391014,7.423337372660898
gen=42_member=7127_pso,50,storage_zplus_1p60,storage,Storage,S,1.1600000000000001,0.13920000000000002,0.12,0.045588999785278535,,,1.1600000000000001,0.13920000000000002,33.1831636,33.183068642146345,111.79559784214636,2.56094,2.3218221994472894,6.27817780055271
gen=46_member=7815_pso,50,storage_zplus_1p60,storage,Storage,S,1.1600000000000001,0.13920000000000002,0.12,0.045588999785278535,,,1.1600000000000001,0.13920000000000002,30.2096748,30.209600453547942,108.82212965354798,1.82093,1.6296440256727802,6.970355974327219
gen=41_member=6988_pso,50,storage_zplus_1p60,storage,Storage,S,1.1600000000000001,0.13920000000000002,0.12,0.045588999785278535,,,1.1600000000000001,0.13920000000000002,27.9351096,27.935094147883344,106.54762334788336,1.48478,1.3163045061209542,7.283695493879046
gen=39_member=6630_pso,50,storage_zplus_1p60,storage,Storage,S,1.1600000000000001,0.13920000000000002,0.12,0.045588999785278535,,,1.1600000000000001,0.13920000000000002,32.2866164,32.28667995166453,110.89920915166454,2.28023,2.0615599908108555,6.538440009189144
gen=46_member=7750_pso,50,storage_zplus_1p60,storage,Storage,S,1.1600000000000001,0.13920000000000002,0.12,0.045588999785278535,,,1.1600000000000001,0.13920000000000002,33.3573932,33.35737322320111,111.9699024232011,2.61481,2.3697867242991766,6.230213275700823
gen=47_member=8066_pso,50,storage_zplus_1p60,storage,Storage,S,1.1600000000000001,0.13920000000000002,0.12,0.045588999785278535,,,1.1600000000000001,0.13920000000000002,36.1452896,36.14526258672567,114.75779178672568,3.76811,3.462535689576073,5.137464310423926
gen=49_member=8375_pso,50,storage_zplus_1p60,storage,Storage,S,1.1600000000000001,0.13920000000000002,0.12,0.045588999785278535,,,1.1600000000000001,0.13920000000000002,33.014504,33.01442462041577,111.62695382041578,2.48535,2.25242494664431,6.34757505335569
gen=48_member=8129_pso,50,storage_zplus_1p60,storage,Storage,S,1.1600000000000001,0.13920000000000002,0.12,0.045588999785278535,,,1.1600000000000001,0.13920000000000002,36.633444399999995,36.63353389800296,115.24606309800296,4.0627,3.745941553302734,4.854058446697266
gen=39_member=6585_pso,50,storage_zplus_1p60,storage,Storage,S,1.1600000000000001,0.13920000000000002,0.12,0.045588999785278535,,,1.1600000000000001,0.13920000000000002,34.7828676,34.78292178056862,113.39545098056861,3.109,2.8368056871944485,5.763194312805551
gen=47_member=8011_pso,50,storage_zplus_1p60,storage,Storage,S,1.1600000000000001,0.13920000000000002,0.12,0.045588999785278535,,,1.1600000000000001,0.13920000000000002,35.1213008,35.12122980345115,113.73375900345114,3.26403,2.9792369671253747,5.620763032874625
gen=40_member=6726_pso,50,storage_zplus_1p60,storage,Storage,S,1.1600000000000001,0.13920000000000002,0.12,0.045588999785278535,,,1.1600000000000001,0.13920000000000002,31.242575600000002,31.242517549639818,109.85504674963983,2.03707,1.8305511533066507,6.769448846693349
gen=44_member=7543_pso,50,storage_zplus_1p60,storage,Storage,S,1.1600000000000001,0.13920000000000002,0.12,0.045588999785278535,,,1.1600000000000001,0.13920000000000002,35.1870268,35.18705597340057,113.79958517340057,3.29833,3.010958227628822,5.589041772371178
gen=43_member=7287_pso,50,storage_zplus_1p60,storage,Storage,S,1.1600000000000001,0.13920000000000002,0.12,0.045588999785278535,,,1.1600000000000001,0.13920000000000002,33.646587600000004,33.64656535247972,112.25909455247972,2.68124,2.4348154699189064,6.165184530081094
gen=41_member=6982_pso,50,storage_zplus_1p60,storage,Storage,S,1.1600000000000001,0.13920000000000002,0.12,0.045588999785278535,,,1.1600000000000001,0.13920000000000002,36.2787468,36.278668778733376,114.89119797873339,3.84028,3.530666137406742,5.069333862593258
gen=33_member=5577_pso,50,storage_zplus_1p60,storage,Storage,S,1.1600000000000001,0.13920000000000002,0.12,0.045588999785278535,,,1.1600000000000001,0.13920000000000002,34.0012852,34.00137781832889,112.6139070183289,2.80281,2.5439597817831894,6.05604021821681
gen=48_member=8183_pso,50,storage_zplus_1p60,storage,Storage,S,1.1600000000000001,0.13920000000000002,0.12,0.045588999785278535,,,1.1600000000000001,0.13920000000000002,34.7057788,34.70587203703935,113.31840123703935,3.0773,2.8075662281036524,5.792433771896347
gen=48_member=8234_pso,50,storage_zplus_1p60,storage,Storage,S,1.1600000000000001,0.13920000000000002,0.12,0.045588999785278535,,,1.1600000000000001,0.13920000000000002,23.7818948,23.781937390842728,102.39446659084273,1.1268,0.9849702589248179,7.6150297410751815
gen=42_member=7080_pso,50,storage_zplus_1p60,storage,Storage,S,1.1600000000000001,0.13920000000000002,0.12,0.045588999785278535,,,1.1600000000000001,0.13920000000000002,35.2182188,35.21819334968434,113.83072254968432,3.313,3.024745342234159,5.575254657765841
gen=47_member=8007_pso,50,storage_zplus_1p60,storage,Storage,S,1.1600000000000001,0.13920000000000002,0.12,0.045588999785278535,,,1.1600000000000001,0.13920000000000002,34.1347424,34.13470291303967,112.74723211303967,2.85212,2.5894001947774545,6.0105998052225456
gen=35_member=5961_pso,50,storage_zplus_1p60,storage,Storage,S,1.1600000000000001,0.13920000000000002,0.12,0.045588999785278535,,,1.1600000000000001,0.13920000000000002,36.8771876,36.87726444522587,115.48979364522586,4.16397,3.8417010111057075,4.758298988894293
gen=31_member=5281_pso,50,storage_zplus_1p60,storage,Storage,S,1.1600000000000001,0.13920000000000002,0.12,0.045588999785278535,,,1.1600000000000001,0.13920000000000002,33.1156552,33.11569694121411,111.72822614121412,2.52766,2.2917264202949066,6.308273579705093
gen=44_member=7417_pso,50,storage_zplus_1p60,storage,Storage,S,1.1600000000000001,0.13920000000000002,0.12,0.045588999785278535,,,1.1600000000000001,0.13920000000000002,28.040048399999996,28.04007293817745,106.65260213817746,1.50233,1.334555762462187,7.265444237537812
gen=32_member=5429_pso,50,storage_zplus_1p60,storage,Storage,S,1.1600000000000001,0.13920000000000002,0.12,0.045588999785278535,,,1.1600000000000001,0.13920000000000002,36.214580399999996,36.214597535229515,114.82712673522953,3.8078,3.4998922429941866,5.100107757005813
gen=37_member=6347_pso,50,storage_zplus_1p60,storage,Storage,S,1.1600000000000001,0.13920000000000002,0.12,0.045588999785278535,,,1.1600000000000001,0.13920000000000002,35.6629276,35.66303769617801,114.275566896178,3.52921,3.2314707835207326,5.368529216479267
gen=42_member=7094_pso,50,storage_zplus_1p60,storage,Storage,S,1.1600000000000001,0.13920000000000002,0.12,0.045588999785278535,,,1.1600000000000001,0.13920000000000002,32.7239728,32.72396444274264,111.33649364274265,2.40462,2.177483550520328,6.422516449479671
gen=45_member=7577_pso,50,storage_zplus_1p60,storage,Storage,S,1.1600000000000001,0.13920000000000002,0.12,0.045588999785278535,,,1.1600000000000001,0.13920000000000002,33.348481199999995,33.348578128286576,111.96110732828657,2.59343,2.352735796401185,6.247264203598815
gen=38_member=6402_pso,50,storage_zplus_1p60,storage,Storage,S,1.1600000000000001,0.13920000000000002,0.12,0.045588999785278535,,,1.1600000000000001,0.13920000000000002,30.511791600000002,30.51186014513365,109.12438934513365,1.8927,1.6960623206120633,6.903937679387936
gen=31_member=5196_pso,50,storage_zplus_1p60,storage,Storage,S,1.1600000000000001,0.13920000000000002,0.12,0.045588999785278535,,,1.1600000000000001,0.13920000000000002,37.154128,37.154036317385696,115.76656551738569,4.37901,4.045632500387953,4.554367499612047
gen=41_member=6995_pso,50,storage_zplus_1p60,storage,Storage,S,1.1600000000000001,0.13920000000000002,0.12,0.045588999785278535,,,1.1600000000000001,0.13920000000000002,33.0581728,33.05810757863159,111.6706367786316,2.50823,2.2738494597836865,6.326150540216313
gen=39_member=6611_pso,50,storage_zplus_1p60,storage,Storage,S,1.1600000000000001,0.13920000000000002,0.12,0.045588999785278535,,,1.1600000000000001,0.13920000000000002,35.8961992,35.89623286365389,114.5087620636539,3.66312,3.361992931981058,5.238007068018941
gen=49_member=8310_pso,50,storage_zplus_1p60,storage,Storage,S,1.1600000000000001,0.13920000000000002,0.12,0.045588999785278535,,,1.1600000000000001,0.13920000000000002,30.436708,30.43676948862573,109.04929868862573,1.88142,1.6848049651594055,6.915195034840594
gen=41_member=6917_pso,50,storage_zplus_1p60,storage,Storage,S,1.1600000000000001,0.13920000000000002,0.12,0.045588999785278535,,,1.1600000000000001,0.13920000000000002,30.7027312,30.7026693264571,109.3151985264571,1.93448,1.735385689244009,6.864614310755991
gen=42_member=7156_pso,50,storage_zplus_1p60,storage,Storage,S,1.1600000000000001,0.13920000000000002,0.12,0.045588999785278535,,,1.1600000000000001,0.13920000000000002,30.610492,30.610510708305725,109.22303990830572,1.91823,1.7200140518563343,6.879985948143665
gen=29_member=4898_pso,50,storage_zplus_1p60,storage,Storage,S,1.1600000000000001,0.13920000000000002,0.12,0.045588999785278535,,,1.1600000000000001,0.13920000000000002,35.9271684,35.92717187396659,114.5397010739666,3.68037,3.3726771637825834,5.227322836217416
gen=47_member=7961_pso,50,storage_zplus_1p60,storage,Storage,S,1.1600000000000001,0.13920000000000002,0.12,0.045588999785278535,,,1.1600000000000001,0.13920000000000002,32.81844,32.81846706326812,111.43099626326813,2.42627,2.1971603210071757,6.402839678992824
gen=31_member=5213_pso,50,storage_zplus_1p60,storage,Storage,S,1.1600000000000001,0.13920000000000002,0.12,0.045588999785278535,,,1.1600000000000001,0.13920000000000002,34.374698,34.37459988167344,112.98712908167344,2.94698,2.68590966406814,5.91409033593186
gen=33_member=5529_pso,50,storage_zplus_1p60,storage,Storage,S,1.1600000000000001,0.13920000000000002,0.12,0.045588999785278535,,,1.1600000000000001,0.13920000000000002,18.329822840000002,18.32982475749499,96.94235395749497,0.902294,0.7866364598965627,7.8133635401034365
gen=41_member=6902_pso,50,storage_zplus_1p60,storage,Storage,S,1.1600000000000001,0.13920000000000002,0.12,0.045588999785278535,,,1.1600000000000001,0.13920000000000002,29.628389600000002,29.628353465378915,108.24088266537892,1.72975,1.5448071879684877,7.055192812031512
gen=43_member=7373_pso,50,storage_zplus_1p60,storage,Storage,S,1.1600000000000001,0.13920000000000002,0.12,0.045588999785278535,,,1.1600000000000001,0.13920000000000002,30.566823199999998,30.566917442941545,109.17944664294156,1.90841,1.7105387794838307,6.889461220516169
gen=43_member=7354_pso,50,storage_zplus_1p60,storage,Storage,S,1.1600000000000001,0.13920000000000002,0.12,0.045588999785278535,,,1.1600000000000001,0.13920000000000002,36.3656388,36.365559376347385,114.97808857634739,3.91205,3.600172869558287,4.999827130441712
gen=48_member=8255_pso,50,storage_zplus_1p60,storage,Storage,S,1.1600000000000001,0.13920000000000002,0.12,0.045588999785278535,,,1.1600000000000001,0.13920000000000002,18.692073360000002,18.692080334260165,97.30460953426017,0.907206,0.7913417123934795,7.80865828760652
gen=38_member=6443_pso,50,storage_zplus_1p60,storage,Storage,S,1.1600000000000001,0.13920000000000002,0.12,0.045588999785278535,,,1.1600000000000001,0.13920000000000002,31.6712428,31.67115470758055,110.28368390758054,2.14746,1.9356940738994384,6.664305926100561
gen=47_member=7988_pso,50,storage_zplus_1p60,storage,Storage,S,1.1600000000000001,0.13920000000000002,0.12,0.045588999785278535,,,1.1600000000000001,0.13920000000000002,30.769794,30.769795007202468,109.38232420720249,1.94462,1.7444181733681774,6.8555818266318225
gen=37_member=6360_pso,50,storage_zplus_1p60,storage,Storage,S,1.1600000000000001,0.13920000000000002,0.12,0.045588999785278535,,,1.1600000000000001,0.13920000000000002,28.05609,28.056013799679008,106.668542999679,1.51193,1.339561665164667,7.2604383348353325
gen=48_member=8171_pso,50,storage_zplus_1p60,storage,Storage,S,1.1600000000000001,0.13920000000000002,0.12,0.045588999785278535,,,1.1600000000000001,0.13920000000000002,34.994082,34.99403631605541,113.60656551605543,3.20978,2.927930943170517,5.672069056829482
gen=45_member=7732_pso,50,storage_zplus_1p60,storage,Storage,S,1.1600000000000001,0.13920000000000002,0.12,0.045588999785278535,,,1.1600000000000001,0.13920000000000002,28.232101999999998,28.232171596528566,106.84470079652857,1.52704,1.3563680589227625,7.243631941077237
gen=35_member=5956_pso,50,storage_zplus_1p60,storage,Storage,S,1.1600000000000001,0.13920000000000002,0.12,0.045588999785278535,,,1.1600000000000001,0.13920000000000002,34.0774828,34.07740547464268,112.6899346746427,2.82984,2.5678377901929577,6.032162209807042
gen=45_member=7623_pso,50,storage_zplus_1p60,storage,Storage,S,1.1600000000000001,0.13920000000000002,0.12,0.045588999785278535,,,1.1600000000000001,0.13920000000000002,26.867897600000003,26.867886619436277,105.48041581943627,1.35875,1.1951710467957783,7.4048289532042215
gen=34_member=5765_pso,50,storage_zplus_1p60,storage,Storage,S,1.1600000000000001,0.13920000000000002,0.12,0.045588999785278535,,,1.1600000000000001,0.13920000000000002,30.9233032,30.92338623359191,109.5359154335919,1.98173,1.7793425881818152,6.820657411818185
gen=38_member=6501_pso,50,storage_zplus_1p60,storage,Storage,S,1.1600000000000001,0.13920000000000002,0.12,0.045588999785278535,,,1.1600000000000001,0.13920000000000002,32.3964568,32.396349530682755,111.00887873068277,2.32041,2.0976760139870976,6.502323986012902
gen=48_member=8203_pso,50,storage_zplus_1p60,storage,Storage,S,1.1600000000000001,0.13920000000000002,0.12,0.045588999785278535,,,1.1600000000000001,0.13920000000000002,32.4539392,32.453841272609736,111.06637047260975,2.33521,2.112115593848592,6.487884406151408
gen=47_member=7974_pso,50,storage_zplus_1p60,storage,Storage,S,1.1600000000000001,0.13920000000000002,0.12,0.045588999785278535,,,1.1600000000000001,0.13920000000000002,35.0424296,35.04236881028093,113.65489801028093,3.23167,2.9481154507091194,5.65188454929088
gen=42_member=7123_pso,50,storage_zplus_1p60,storage,Storage,S,1.1600000000000001,0.13920000000000002,0.12,0.045588999785278535,,,1.1600000000000001,0.13920000000000002,34.3967552,34.396745119239434,113.00927431923942,2.95964,2.6996810127970847,5.900318987202915
gen=30_member=5110_pso,50,storage_zplus_1p60,storage,Storage,S,1.1600000000000001,0.13920000000000002,0.12,0.045588999785278535,,,1.1600000000000001,0.13920000000000002,36.395271199999996,36.39534938259375,115.00787858259373,3.93251,3.620529490486785,4.979470509513215
gen=40_member=6879_pso,50,storage_zplus_1p60,storage,Storage,S,1.1600000000000001,0.13920000000000002,0.12,0.045588999785278535,,,1.1600000000000001,0.13920000000000002,35.52546,35.52547804840835,114.13800724840836,3.47595,3.1785227399018927,5.421477260098107
gen=31_member=5217_pso,50,storage_zplus_1p60,storage,Storage,S,1.1600000000000001,0.13920000000000002,0.12,0.045588999785278535,,,1.1600000000000001,0.13920000000000002,36.452308,36.4522647735805,115.0647939735805,3.94088,3.6258782129332805,4.97412178706672
gen=42_member=7215_pso,50,storage_zplus_1p60,storage,Storage,S,1.1600000000000001,0.13920000000000002,0.12,0.045588999785278535,,,1.1600000000000001,0.13920000000000002,34.9225632,34.92253563470857,113.53506483470858,3.17583,2.897652778850876,5.7023472211491235
gen=37_member=6211_pso,50,storage_zplus_1p60,storage,Storage,S,1.1600000000000001,0.13920000000000002,0.12,0.045588999785278535,,,1.1600000000000001,0.13920000000000002,20.656456399999996,20.656455308041814,99.26898450804181,1.01369,0.8861003544168867,7.713899645583113
gen=40_member=6803_pso,50,storage_zplus_1p60,storage,Storage,S,1.1600000000000001,0.13920000000000002,0.12,0.045588999785278535,,,1.1600000000000001,0.13920000000000002,33.8223768,33.822321012801254,112.43485021280125,2.72359,2.4738895655034443,6.126110434496555
gen=30_member=5155_pso,50,storage_zplus_1p60,storage,Storage,S,1.1600000000000001,0.13920000000000002,0.12,0.045588999785278535,,,1.1600000000000001,0.13920000000000002,34.1209288,34.12094915647915,112.73347835647915,2.84803,2.592894384735368,6.007105615264631
gen=32_member=5405_pso,50,storage_zplus_1p60,storage,Storage,S,1.1600000000000001,0.13920000000000002,0.12,0.045588999785278535,,,1.1600000000000001,0.13920000000000002,27.866487199999998,27.866536503306772,106.47906570330677,1.47179,1.303844447083848,7.296155552916152
gen=37_member=6224_pso,50,storage_zplus_1p60,storage,Storage,S,1.1600000000000001,0.13920000000000002,0.12,0.045588999785278535,,,1.1600000000000001,0.13920000000000002,35.2442864,35.24434680969291,113.85687600969291,3.32624,3.0371792055444216,5.562820794455578
gen=36_member=6188_pso,50,storage_zplus_1p60,storage,Storage,S,1.1600000000000001,0.13920000000000002,0.12,0.045588999785278535,,,1.1600000000000001,0.13920000000000002,26.545060399999997,26.54503702240775,105.15756622240775,1.34227,1.1830877997117766,7.416912200288223
gen=44_member=7508_pso,50,storage_zplus_1p60,storage,Storage,S,1.1600000000000001,0.13920000000000002,0.12,0.045588999785278535,,,1.1600000000000001,0.13920000000000002,35.030844,35.030748929325185,113.64327812932517,3.22133,2.9385597238765353,5.661440276123464
gen=48_member=8233_pso,50,storage_zplus_1p60,storage,Storage,S,1.1600000000000001,0.13920000000000002,0.12,0.045588999785278535,,,1.1600000000000001,0.13920000000000002,34.676369199999996,34.67641402474263,113.28894322474264,3.06245,2.7937622281732466,5.806237771826753
gen=27_member=4602_pso,50,storage_zplus_1p60,storage,Storage,S,1.1600000000000001,0.13920000000000002,0.12,0.045588999785278535,,,1.1600000000000001,0.13920000000000002,31.533998,31.534063129350688,110.1465923293507,2.12737,1.9143280765683421,6.6856719234316575
gen=34_member=5714_pso,50,storage_zplus_1p60,storage,Storage,S,1.1600000000000001,0.13920000000000002,0.12,0.045588999785278535,,,1.1600000000000001,0.13920000000000002,35.2895148,35.289422752427136,113.90195195242715,3.37452,3.0962450350922417,5.503754964907758
gen=33_member=5592_pso,50,storage_zplus_1p60,storage,Storage,S,1.1600000000000001,0.13920000000000002,0.12,0.045588999785278535,,,1.1600000000000001,0.13920000000000002,32.9057776,32.90581117439859,111.5183403743986,2.46009,2.229144290072623,6.370855709927376
gen=46_member=7897_pso,50,storage_zplus_1p60,storage,Storage,S,1.1600000000000001,0.13920000000000002,0.12,0.045588999785278535,,,1.1600000000000001,0.13920000000000002,34.6601048,34.66001472979494,113.27254392979495,3.05438,2.7873057057488033,5.812694294251196
gen=44_member=7516_pso,50,storage_zplus_1p60,storage,Storage,S,1.1600000000000001,0.13920000000000002,0.12,0.045588999785278535,,,1.1600000000000001,0.13920000000000002,36.109196,36.10912532430648,114.72165452430647,3.75377,3.4490489085255613,5.150951091474438
gen=47_member=8023_pso,50,storage_zplus_1p60,storage,Storage,S,1.1600000000000001,0.13920000000000002,0.12,0.045588999785278535,,,1.1600000000000001,0.13920000000000002,36.075776,36.0756878960716,114.68821709607163,3.73629,3.4325510055999024,5.167448994400097
gen=43_member=7367_pso,50,storage_zplus_1p60,storage,Storage,S,1.1600000000000001,0.13920000000000002,0.12,0.045588999785278535,,,1.1600000000000001,0.13920000000000002,35.8665668,35.86655852747779,114.47908772747779,3.64645,3.342919144120106,5.257080855879893
gen=41_member=6969_pso,50,storage_zplus_1p60,storage,Storage,S,1.1600000000000001,0.13920000000000002,0.12,0.045588999785278535,,,1.1600000000000001,0.13920000000000002,34.0139848,34.01408910075473,112.62661830075474,2.81773,2.5567670506894014,6.043232949310598
gen=34_member=5825_pso,50,storage_zplus_1p60,storage,Storage,S,1.1600000000000001,0.13920000000000002,0.12,0.045588999785278535,,,1.1600000000000001,0.13920000000000002,21.687307439999998,21.6872977704652,100.29982697046519,1.03166,0.8993230880334825,7.700676911966517
gen=40_member=6799_pso,50,storage_zplus_1p60,storage,Storage,S,1.1600000000000001,0.13920000000000002,0.12,0.045588999785278535,,,1.1600000000000001,0.13920000000000002,34.952641199999995,34.952751930942966,113.56528113094296,3.18988,2.9094351707550623,5.690564829244938
gen=36_member=6120_pso,50,storage_zplus_1p60,storage,Storage,S,1.1600000000000001,0.13920000000000002,0.12,0.045588999785278535,,,1.1600000000000001,0.13920000000000002,35.9581376,35.95802982865704,114.57055902865704,3.68918,3.387532058821602,5.212467941178398
gen=43_member=7295_pso,50,storage_zplus_1p60,storage,Storage,S,1.1600000000000001,0.13920000000000002,0.12,0.045588999785278535,,,1.1600000000000001,0.13920000000000002,35.5167708,35.51686845465705,114.12939765465704,3.46262,3.1697176957248896,5.43028230427511
gen=37_member=6202_pso,50,storage_zplus_1p60,storage,Storage,S,1.1600000000000001,0.13920000000000002,0.12,0.045588999785278535,,,1.1600000000000001,0.13920000000000002,29.765634399999996,29.765572548609313,108.37810174860931,1.7877,1.5989849944106804,7.001015005589319
gen=41_member=6991_pso,50,storage_zplus_1p60,storage,Storage,S,1.1600000000000001,0.13920000000000002,0.12,0.045588999785278535,,,1.1600000000000001,0.13920000000000002,36.3934888,36.393381324833584,115.00591052483358,3.91812,3.6039445789418694,4.996055421058131
gen=34_member=5786_pso,50,storage_zplus_1p60,storage,Storage,S,1.1600000000000001,0.13920000000000002,0.12,0.045588999785278535,,,1.1600000000000001,0.13920000000000002,35.6983528,35.69845644451818,114.31098564451818,3.5556,3.2558409922825975,5.344159007717402
gen=46_member=7820_pso,50,storage_zplus_1p60,storage,Storage,S,1.1600000000000001,0.13920000000000002,0.12,0.045588999785278535,,,1.1600000000000001,0.13920000000000002,35.8603284,35.860377441964175,114.47290664196417,3.63264,3.3315918002557994,5.268408199744201
gen=49_member=8399_pso,50,storage_zplus_1p60,storage,Storage,S,1.1600000000000001,0.13920000000000002,0.12,0.045588999785278535,,,1.1600000000000001,0.13920000000000002,35.851862,35.85181623963164,114.46434543963164,3.62622,3.3254762460104357,5.274523753989564
gen=34_member=5808_pso,50,storage_zplus_1p60,storage,Storage,S,1.1600000000000001,0.13920000000000002,0.12,0.045588999785278535,,,1.1600000000000001,0.13920000000000002,36.496199600000004,36.496093279758526,115.10862247975852,3.95771,3.645503912357897,4.954496087642102
gen=43_member=7329_pso,50,storage_zplus_1p60,storage,Storage,S,1.1600000000000001,0.13920000000000002,0.12,0.045588999785278535,,,1.1600000000000001,0.13920000000000002,34.9811596,34.981147257172495,113.59367645717249,3.19666,2.91569734453415,5.684302655465849
gen=42_member=7088_pso,50,storage_zplus_1p60,storage,Storage,S,1.1600000000000001,0.13920000000000002,0.12,0.045588999785278535,,,1.1600000000000001,0.13920000000000002,35.7903692,35.79047148072272,114.40300068072271,3.60323,3.302542713406712,5.297457286593287
gen=45_member=7708_pso,50,storage_zplus_1p60,storage,Storage,S,1.1600000000000001,0.13920000000000002,0.12,0.045588999785278535,,,1.1600000000000001,0.13920000000000002,33.8571336,33.85718549462576,112.46971469462578,2.7429,2.491103529672438,6.1088964703275614
gen=32_member=5495_pso,50,storage_zplus_1p60,storage,Storage,S,1.1600000000000001,0.13920000000000002,0.12,0.045588999785278535,,,1.1600000000000001,0.13920000000000002,25.922334399999997,25.92224315458362,104.53477235458361,1.29931,1.1413165851193274,7.458683414880673
gen=41_member=6992_pso,50,storage_zplus_1p60,storage,Storage,S,1.1600000000000001,0.13920000000000002,0.12,0.045588999785278535,,,1.1600000000000001,0.13920000000000002,35.8253488,35.82539989519937,114.43792909519937,3.61253,3.3125143517922164,5.287485648207783
gen=44_member=7474_pso,50,storage_zplus_1p60,storage,Storage,S,1.1600000000000001,0.13920000000000002,0.12,0.045588999785278535,,,1.1600000000000001,0.13920000000000002,35.6065592,35.60659604089044,114.21912524089045,3.50006,3.2025558386369513,5.397444161363048
gen=38_member=6529_pso,50,storage_zplus_1p60,storage,Storage,S,1.1600000000000001,0.13920000000000002,0.12,0.045588999785278535,,,1.1600000000000001,0.13920000000000002,34.6110888,34.611036113818564,113.22356531381857,3.04111,2.7749494886666435,5.825050511333356
gen=38_member=6418_pso,50,storage_zplus_1p60,storage,Storage,S,1.1600000000000001,0.13920000000000002,0.12,0.045588999785278535,,,1.1600000000000001,0.13920000000000002,34.4430976,34.443010318174956,113.05553951817497,2.97833,2.717025562418809,5.882974437581191
gen=42_member=7193_pso,50,storage_zplus_1p60,storage,Storage,S,1.1600000000000001,0.13920000000000002,0.12,0.045588999785278535,,,1.1600000000000001,0.13920000000000002,33.445622,33.44556490244684,112.05809410244683,2.62386,2.380537370891763,6.219462629108237
gen=40_member=6846_pso,50,storage_zplus_1p60,storage,Storage,S,1.1600000000000001,0.13920000000000002,0.12,0.045588999785278535,,,1.1600000000000001,0.13920000000000002,33.0759968,33.07610629167887,111.68863549167887,2.5122,2.2763304237645414,6.323669576235458
gen=42_member=7137_pso,50,storage_zplus_1p60,storage,Storage,S,1.1600000000000001,0.13920000000000002,0.12,0.045588999785278535,,,1.1600000000000001,0.13920000000000002,31.799798399999997,31.799870105395673,110.41239930539568,2.16651,1.9522384339999372,6.647761566000062
gen=41_member=6951_pso,50,storage_zplus_1p60,storage,Storage,S,1.1600000000000001,0.13920000000000002,0.12,0.045588999785278535,,,1.1600000000000001,0.13920000000000002,31.7882128,31.788273688982024,110.40080288898203,2.16614,1.9541176172525307,6.645882382747469
gen=44_member=7514_pso,50,storage_zplus_1p60,storage,Storage,S,1.1600000000000001,0.13920000000000002,0.12,0.045588999785278535,,,1.1600000000000001,0.13920000000000002,34.407672399999996,34.40775328560086,113.02028248560086,2.96984,2.7078123074047102,5.892187692595289
gen=26_member=4423_pso,50,storage_zplus_1p60,storage,Storage,S,1.1600000000000001,0.13920000000000002,0.12,0.045588999785278535,,,1.1600000000000001,0.13920000000000002,32.826238,32.826298754166096,111.43882795416609,2.44423,2.2143042473302703,6.385695752669729
gen=30_member=5151_pso,50,storage_zplus_1p60,storage,Storage,S,1.1600000000000001,0.13920000000000002,0.12,0.045588999785278535,,,1.1600000000000001,0.13920000000000002,36.297461999999996,36.297392702126395,114.9099219021264,3.85519,3.546691312456763,5.053308687543236
gen=36_member=6144_pso,50,storage_zplus_1p60,storage,Storage,S,1.1600000000000001,0.13920000000000002,0.12,0.045588999785278535,,,1.1600000000000001,0.13920000000000002,34.510605999999996,34.510550189225945,113.12307938922596,3.00686,2.743518248772412,5.856481751227587
gen=41_member=6946_pso,50,storage_zplus_1p60,storage,Storage,S,1.1600000000000001,0.13920000000000002,0.12,0.045588999785278535,,,1.1600000000000001,0.13920000000000002,35.683425199999995,35.683385394119824,114.29591459411984,3.5443,3.2460061336838595,5.35399386631614
gen=43_member=7239_pso,50,storage_zplus_1p60,storage,Storage,S,1.1600000000000001,0.13920000000000002,0.12,0.045588999785278535,,,1.1600000000000001,0.13920000000000002,35.7208556,35.72083483075705,114.33336403075705,3.56889,3.2687932814013845,5.331206718598615
gen=20_member=3413_pso,50,storage_zplus_1p60,storage,Storage,S,1.1600000000000001,0.13920000000000002,0.12,0.045588999785278535,,,1.1600000000000001,0.13920000000000002,32.9545708,32.95461211746549,111.5671413174655,2.47644,2.244182530818969,6.35581746918103
gen=35_member=5913_pso,50,storage_zplus_1p60,storage,Storage,S,1.1600000000000001,0.13920000000000002,0.12,0.045588999785278535,,,1.1600000000000001,0.13920000000000002,21.26195996,21.261970620979778,99.87449982097976,1.01633,0.8863071560006786,7.713692843999321
gen=47_member=7945_pso,50,storage_zplus_1p60,storage,Storage,S,1.1600000000000001,0.13920000000000002,0.12,0.045588999785278535,,,1.1600000000000001,0.13920000000000002,34.610420399999995,34.610460392456865,113.22298959245687,3.03486,2.769249032163749,5.83075096783625
gen=31_member=5214_pso,50,storage_zplus_1p60,storage,Storage,S,1.1600000000000001,0.13920000000000002,0.12,0.045588999785278535,,,1.1600000000000001,0.13920000000000002,35.4428012,35.44276706150495,114.05529626150495,3.42253,3.1279116583270508,5.472088341672949
gen=35_member=5893_pso,50,storage_zplus_1p60,storage,Storage,S,1.1600000000000001,0.13920000000000002,0.12,0.045588999785278535,,,1.1600000000000001,0.13920000000000002,16.002053,16.002041893722712,94.61457109372272,0.813288,0.7093884624290963,7.890611537570903
gen=42_member=7082_pso,50,storage_zplus_1p60,storage,Storage,S,1.1600000000000001,0.13920000000000002,0.12,0.045588999785278535,,,1.1600000000000001,0.13920000000000002,33.697386,33.697411190937146,112.30994039093714,2.69841,2.4502491172424645,6.149750882757536
gen=44_member=7534_pso,50,storage_zplus_1p60,storage,Storage,S,1.1600000000000001,0.13920000000000002,0.12,0.045588999785278535,,,1.1600000000000001,0.13920000000000002,34.346848,34.34682017838482,112.95934937838484,2.93385,2.674279021394406,5.925720978605593
gen=45_member=7645_pso,50,storage_zplus_1p60,storage,Storage,S,1.1600000000000001,0.13920000000000002,0.12,0.045588999785278535,,,1.1600000000000001,0.13920000000000002,35.619036,35.61911037390231,114.23163957390231,3.51669,3.2193121798881013,5.380687820111898
gen=39_member=6590_pso,50,storage_zplus_1p60,storage,Storage,S,1.1600000000000001,0.13920000000000002,0.12,0.045588999785278535,,,1.1600000000000001,0.13920000000000002,36.736378,36.73640015568762,115.3489293556876,4.09121,3.7733570610729914,4.826642938927009
gen=38_member=6398_pso,50,storage_zplus_1p60,storage,Storage,S,1.1600000000000001,0.13920000000000002,0.12,0.045588999785278535,,,1.1600000000000001,0.13920000000000002,35.0974612,35.09741973001883,113.70994893001883,3.25449,2.969706119036086,5.630293880963913
gen=45_member=7594_pso,50,storage_zplus_1p60,storage,Storage,S,1.1600000000000001,0.13920000000000002,0.12,0.045588999785278535,,,1.1600000000000001,0.13920000000000002,36.3103844,36.31039554746737,114.92292474746739,3.8606,3.5520358206166773,5.047964179383323
gen=48_member=8227_pso,50,storage_zplus_1p60,storage,Storage,S,1.1600000000000001,0.13920000000000002,0.12,0.045588999785278535,,,1.1600000000000001,0.13920000000000002,33.9072636,33.90734269461019,112.51987189461022,2.7553,2.502477492261586,6.097522507738414
gen=30_member=5150_pso,50,storage_zplus_1p60,storage,Storage,S,1.1600000000000001,0.13920000000000002,0.12,0.045588999785278535,,,1.1600000000000001,0.13920000000000002,36.47793,36.47794126781239,115.0904704678124,3.95517,3.6427523932252717,4.957247606774728
gen=49_member=8327_pso,50,storage_zplus_1p60,storage,Storage,S,1.1600000000000001,0.13920000000000002,0.12,0.045588999785278535,,,1.1600000000000001,0.13920000000000002,30.106963999999998,30.10695679161178,108.71948599161179,1.80674,1.6153078169693014,6.984692183030698
gen=43_member=7261_pso,50,storage_zplus_1p60,storage,Storage,S,1.1600000000000001,0.13920000000000002,0.12,0.045588999785278535,,,1.1600000000000001,0.13920000000000002,34.4863208,34.48623759426499,113.09876679426499,2.98936,2.7272789173929803,5.872721082607019
gen=36_member=6133_pso,50,storage_zplus_1p60,storage,Storage,S,1.1600000000000001,0.13920000000000002,0.12,0.045588999785278535,,,1.1600000000000001,0.13920000000000002,35.8721368,35.87203034437702,114.48455954437703,3.65379,3.3521767427530733,5.247823257246926
gen=41_member=6892_pso,50,storage_zplus_1p60,storage,Storage,S,1.1600000000000001,0.13920000000000002,0.12,0.045588999785278535,,,1.1600000000000001,0.13920000000000002,29.7658572,29.765857301341477,108.37838650134148,1.79322,1.6041377738832936,6.9958622261167065
gen=47_member=8012_pso,50,storage_zplus_1p60,storage,Storage,S,1.1600000000000001,0.13920000000000002,0.12,0.045588999785278535,,,1.1600000000000001,0.13920000000000002,35.983982399999995,35.984022812402536,114.59655201240253,3.70111,3.3978139390309843,5.202186060969016
gen=47_member=7966_pso,50,storage_zplus_1p60,storage,Storage,S,1.1600000000000001,0.13920000000000002,0.12,0.045588999785278535,,,1.1600000000000001,0.13920000000000002,33.7234536,33.72345101193558,112.3359802119356,2.70123,2.453138208579425,6.146861791420575
gen=49_member=8363_pso,50,storage_zplus_1p60,storage,Storage,S,1.1600000000000001,0.13920000000000002,0.12,0.045588999785278535,,,1.1600000000000001,0.13920000000000002,35.4777808,35.477807888172215,114.09033708817222,3.43975,3.1471362484390237,5.452863751560976
gen=44_member=7456_pso,50,storage_zplus_1p60,storage,Storage,S,1.1600000000000001,0.13920000000000002,0.12,0.045588999785278535,,,1.1600000000000001,0.13920000000000002,35.4550552,35.454985598383615,114.06751479838361,3.43116,3.136148147871855,5.463851852128144
gen=40_member=6804_pso,50,storage_zplus_1p60,storage,Storage,S,1.1600000000000001,0.13920000000000002,0.12,0.045588999785278535,,,1.1600000000000001,0.13920000000000002,34.5288756,34.528979791643806,113.14150899164382,3.01687,2.753411440121409,5.84658855987859
gen=38_member=6471_pso,50,storage_zplus_1p60,storage,Storage,S,1.1600000000000001,0.13920000000000002,0.12,0.045588999785278535,,,1.1600000000000001,0.13920000000000002,35.0604764,35.06049322067706,113.67302242067706,3.24426,2.95985277585851,5.64014722414149
gen=22_member=3634_pso,50,storage_zplus_1p60,storage,Storage,S,1.1600000000000001,0.13920000000000002,0.12,0.045588999785278535,,,1.1600000000000001,0.13920000000000002,33.487508399999996,33.48751472965719,112.1000439296572,2.63496,2.391390299090899,6.208609700909101
gen=44_member=7539_pso,50,storage_zplus_1p60,storage,Storage,S,1.1600000000000001,0.13920000000000002,0.12,0.045588999785278535,,,1.1600000000000001,0.13920000000000002,36.0109412,36.01086498046887,114.62339418046886,3.71574,3.412994151216347,5.187005848783652
gen=49_member=8356_pso,50,storage_zplus_1p60,storage,Storage,S,1.1600000000000001,0.13920000000000002,0.12,0.045588999785278535,,,1.1600000000000001,0.13920000000000002,32.883720399999994,32.88362932713905,111.49615852713904,2.45508,2.2243377567406815,6.375662243259319
gen=46_member=7849_pso,50,storage_zplus_1p60,storage,Storage,S,1.1600000000000001,0.13920000000000002,0.12,0.045588999785278535,,,1.1600000000000001,0.13920000000000002,33.7256816,33.7256272553146,112.3381564553146,2.71464,2.4655980034475413,6.134401996552459
gen=42_member=7200_pso,50,storage_zplus_1p60,storage,Storage,S,1.1600000000000001,0.13920000000000002,0.12,0.045588999785278535,,,1.1600000000000001,0.13920000000000002,35.3322924,35.33222140569574,113.94475060569573,3.37515,3.0831987416839266,5.5168012583160735
gen=38_member=6459_pso,50,storage_zplus_1p60,storage,Storage,S,1.1600000000000001,0.13920000000000002,0.12,0.045588999785278535,,,1.1600000000000001,0.13920000000000002,36.735932399999996,36.73590992805043,115.34843912805044,4.07908,3.7621104604140423,4.837889539585957
gen=40_member=6838_pso,50,storage_zplus_1p60,storage,Storage,S,1.1600000000000001,0.13920000000000002,0.12,0.045588999785278535,,,1.1600000000000001,0.13920000000000002,27.5438728,27.54385585819388,106.15638505819388,1.42018,1.2549001803758724,7.345099819624127
gen=35_member=5994_pso,50,storage_zplus_1p60,storage,Storage,S,1.1600000000000001,0.13920000000000002,0.12,0.045588999785278535,,,1.1600000000000001,0.13920000000000002,34.683276,34.68326987798987,113.29579907798986,3.07603,2.805743316799368,5.794256683200631
gen=39_member=6670_pso,50,storage_zplus_1p60,storage,Storage,S,1.1600000000000001,0.13920000000000002,0.12,0.045588999785278535,,,1.1600000000000001,0.13920000000000002,32.435669600000004,32.43577512726643,111.04830432726642,2.33137,2.1086162298010134,6.491383770198986
gen=48_member=8120_pso,50,storage_zplus_1p60,storage,Storage,S,1.1600000000000001,0.13920000000000002,0.12,0.045588999785278535,,,1.1600000000000001,0.13920000000000002,36.049485600000004,36.049477181493145,114.66200638149316,3.72385,3.4208377538937365,5.179162246106263
gen=47_member=7929_pso,50,storage_zplus_1p60,storage,Storage,S,1.1600000000000001,0.13920000000000002,0.12,0.045588999785278535,,,1.1600000000000001,0.13920000000000002,33.2756256,33.27569117913837,111.88822037913837,2.58067,2.3397702155372806,6.2602297844627195
gen=32_member=5467_pso,50,storage_zplus_1p60,storage,Storage,S,1.1600000000000001,0.13920000000000002,0.12,0.045588999785278535,,,1.1600000000000001,0.13920000000000002,35.4252,35.425295105606956,114.03782430560697,3.40923,3.1154918600517383,5.484508139948261
gen=45_member=7589_pso,50,storage_zplus_1p60,storage,Storage,S,1.1600000000000001,0.13920000000000002,0.12,0.045588999785278535,,,1.1600000000000001,0.13920000000000002,35.264561199999996,35.264548182297666,113.87707738229766,3.34169,3.0533002955099695,5.54669970449003
gen=42_member=7063_pso,50,storage_zplus_1p60,storage,Storage,S,1.1600000000000001,0.13920000000000002,0.12,0.045588999785278535,,,1.1600000000000001,0.13920000000000002,32.7798956,32.77998072785285,111.39250992785287,2.41578,2.187915044044271,6.412084955955729
gen=46_member=7783_pso,50,storage_zplus_1p60,storage,Storage,S,1.1600000000000001,0.13920000000000002,0.12,0.045588999785278535,,,1.1600000000000001,0.13920000000000002,35.2509704,35.250884894283324,113.86341409428333,3.33505,3.0450625219009377,5.5549374780990615
gen=42_member=7112_pso,50,storage_zplus_1p60,storage,Storage,S,1.1600000000000001,0.13920000000000002,0.12,0.045588999785278535,,,1.1600000000000001,0.13920000000000002,29.955014399999996,29.954952265185444,108.56748146518542,1.80414,1.614393597179139,6.985606402820861
gen=43_member=7278_pso,50,storage_zplus_1p60,storage,Storage,S,1.1600000000000001,0.13920000000000002,0.12,0.045588999785278535,,,1.1600000000000001,0.13920000000000002,26.961028,26.96102909294159,105.5735582929416,1.36641,1.202212857097569,7.3977871429024304
gen=48_member=8123_pso,50,storage_zplus_1p60,storage,Storage,S,1.1600000000000001,0.13920000000000002,0.12,0.045588999785278535,,,1.1600000000000001,0.13920000000000002,35.7057052,35.70569359544761,114.31822279544762,3.56822,3.2687629466972785,5.331237053302721
gen=38_member=6409_pso,50,storage_zplus_1p60,storage,Storage,S,1.1600000000000001,0.13920000000000002,0.12,0.045588999785278535,,,1.1600000000000001,0.13920000000000002,35.5586572,35.558655547749574,114.17118474774956,3.48534,3.1873084086832324,5.412691591316767
gen=36_member=6139_pso,50,storage_zplus_1p60,storage,Storage,S,1.1600000000000001,0.13920000000000002,0.12,0.045588999785278535,,,1.1600000000000001,0.13920000000000002,36.7221188,36.722176673504485,115.33470587350449,4.07625,3.759453992588603,4.840546007411397
gen=40_member=6783_pso,50,storage_zplus_1p60,storage,Storage,S,1.1600000000000001,0.13920000000000002,0.12,0.045588999785278535,,,1.1600000000000001,0.13920000000000002,34.2880288,34.28795088667764,112.90048008667765,2.92983,2.6599787898018197,5.94002121019818
gen=29_member=4924_pso,50,storage_zplus_1p60,storage,Storage,S,1.1600000000000001,0.13920000000000002,0.12,0.045588999785278535,,,1.1600000000000001,0.13920000000000002,33.3221908,33.32221023991749,111.93473943991748,2.58783,2.346922209631008,6.253077790368992
gen=46_member=7822_pso,50,storage_zplus_1p60,storage,Storage,S,1.1600000000000001,0.13920000000000002,0.12,0.045588999785278535,,,1.1600000000000001,0.13920000000000002,36.6993932,36.69936383186918,115.31189303186918,4.06609,3.749027677365206,4.850972322634794
gen=33_member=5655_pso,50,storage_zplus_1p60,storage,Storage,S,1.1600000000000001,0.13920000000000002,0.12,0.045588999785278535,,,1.1600000000000001,0.13920000000000002,35.6303988,35.630370058555734,114.24289925855572,3.51718,3.2199941900529767,5.380005809947023
gen=31_member=5227_pso,50,storage_zplus_1p60,storage,Storage,S,1.1600000000000001,0.13920000000000002,0.12,0.045588999785278535,,,1.1600000000000001,0.13920000000000002,33.1920756,33.191986899653344,111.80451609965334,2.57051,2.331431575854829,6.268568424145171
gen=46_member=7810_pso,50,storage_zplus_1p60,storage,Storage,S,1.1600000000000001,0.13920000000000002,0.12,0.045588999785278535,,,1.1600000000000001,0.13920000000000002,34.574104,34.57406416730866,113.18659336730867,3.02342,2.758935805596206,5.841064194403794
gen=28_member=4720_pso,50,storage_zplus_1p60,storage,Storage,S,1.1600000000000001,0.13920000000000002,0.12,0.045588999785278535,,,1.1600000000000001,0.13920000000000002,35.3848732,35.38488870745046,113.99741790745045,3.39794,3.104678251237097,5.495321748762903
gen=31_member=5250_pso,50,storage_zplus_1p60,storage,Storage,S,1.1600000000000001,0.13920000000000002,0.12,0.045588999785278535,,,1.1600000000000001,0.13920000000000002,34.0534204,34.05351185359164,112.66604105359163,2.82385,2.562049956188888,6.0379500438111116
gen=46_member=7862_pso,50,storage_zplus_1p60,storage,Storage,S,1.1600000000000001,0.13920000000000002,0.12,0.045588999785278535,,,1.1600000000000001,0.13920000000000002,34.5019168,34.50190548961805,113.11443468961807,2.9983,2.73612847353435,5.863871526465649
gen=29_member=4911_pso,50,storage_zplus_1p60,storage,Storage,S,1.1600000000000001,0.13920000000000002,0.12,0.045588999785278535,,,1.1600000000000001,0.13920000000000002,33.8640404,33.86401239624249,112.47654159624248,2.75415,2.5031713823680017,6.0968286176319975
gen=43_member=7385_pso,50,storage_zplus_1p60,storage,Storage,S,1.1600000000000001,0.13920000000000002,0.12,0.045588999785278535,,,1.1600000000000001,0.13920000000000002,26.117729999999998,26.117703630103588,104.73023283010357,1.30432,1.147137441411808,7.452862558588191
gen=34_member=5724_pso,50,storage_zplus_1p60,storage,Storage,S,1.1600000000000001,0.13920000000000002,0.12,0.045588999785278535,,,1.1600000000000001,0.13920000000000002,35.5597712,35.55966917902097,114.17219837902098,3.48909,3.1910754577580263,5.408924542241973
gen=39_member=6557_pso,50,storage_zplus_1p60,storage,Storage,S,1.1600000000000001,0.13920000000000002,0.12,0.045588999785278535,,,1.1600000000000001,0.13920000000000002,30.951821600000002,30.95190437561837,109.56443357561837,1.98352,1.7810411073369685,6.818958892663031
gen=43_member=7341_pso,50,storage_zplus_1p60,storage,Storage,S,1.1600000000000001,0.13920000000000002,0.12,0.045588999785278535,,,1.1600000000000001,0.13920000000000002,35.697461600000004,35.69752068422161,114.31004988422161,3.54777,3.248687330006409,5.3513126699935905
gen=37_member=6349_pso,50,storage_zplus_1p60,storage,Storage,S,1.1600000000000001,0.13920000000000002,0.12,0.045588999785278535,,,1.1600000000000001,0.13920000000000002,33.8629264,33.862942575484915,112.47547177548492,2.74347,2.4917145552938016,6.108285444706198
gen=41_member=6889_pso,50,storage_zplus_1p60,storage,Storage,S,1.1600000000000001,0.13920000000000002,0.12,0.045588999785278535,,,1.1600000000000001,0.13920000000000002,27.384348,27.38432060845482,105.99684980845481,1.4106,1.2453768106917855,7.354623189308214
gen=47_member=8010_pso,50,storage_zplus_1p60,storage,Storage,S,1.1600000000000001,0.13920000000000002,0.12,0.045588999785278535,,,1.1600000000000001,0.13920000000000002,33.483498,33.48339815320258,112.09592735320258,2.63426,2.389985366688387,6.210014633311612
gen=38_member=6465_pso,50,storage_zplus_1p60,storage,Storage,S,1.1600000000000001,0.13920000000000002,0.12,0.045588999785278535,,,1.1600000000000001,0.13920000000000002,35.5849476,35.58483752237572,114.19736672237573,3.49711,3.198625598677209,5.401374401322791
gen=29_member=4976_pso,50,storage_zplus_1p60,storage,Storage,S,1.1600000000000001,0.13920000000000002,0.12,0.045588999785278535,,,1.1600000000000001,0.13920000000000002,32.8534196,32.85346614458213,111.46599534458214,2.44488,2.2149311276788946,6.385068872321105
gen=34_member=5729_pso,50,storage_zplus_1p60,storage,Storage,S,1.1600000000000001,0.13920000000000002,0.12,0.045588999785278535,,,1.1600000000000001,0.13920000000000002,36.1272428,36.12729970982421,114.7398289098242,3.76248,3.4578259015504407,5.1421740984495585
gen=46_member=7888_pso,50,storage_zplus_1p60,storage,Storage,S,1.1600000000000001,0.13920000000000002,0.12,0.045588999785278535,,,1.1600000000000001,0.13920000000000002,32.783460399999996,32.783404919650515,111.3959341196505,2.41843,2.190370919759942,6.409629080240057
gen=46_member=7821_pso,50,storage_zplus_1p60,storage,Storage,S,1.1600000000000001,0.13920000000000002,0.12,0.045588999785278535,,,1.1600000000000001,0.13920000000000002,31.01933,31.019254054929405,109.63178325492942,1.99327,1.79020592680102,6.8097940731989794
gen=48_member=8165_pso,50,storage_zplus_1p60,storage,Storage,S,1.1600000000000001,0.13920000000000002,0.12,0.045588999785278535,,,1.1600000000000001,0.13920000000000002,35.0845388,35.08459194378328,113.69712114378328,3.24714,2.9628100054613613,5.637189994538638
gen=36_member=6131_pso,50,storage_zplus_1p60,storage,Storage,S,1.1600000000000001,0.13920000000000002,0.12,0.045588999785278535,,,1.1600000000000001,0.13920000000000002,36.0098272,36.00986073528155,114.62238993528156,3.70849,3.405133609923254,5.194866390076745
gen=32_member=5391_pso,50,storage_zplus_1p60,storage,Storage,S,1.1600000000000001,0.13920000000000002,0.12,0.045588999785278535,,,1.1600000000000001,0.13920000000000002,33.261589199999996,33.261505768011496,111.8740349680115,2.57343,2.3338751471166277,6.266124852883372
gen=34_member=5740_pso,50,storage_zplus_1p60,storage,Storage,S,1.1600000000000001,0.13920000000000002,0.12,0.045588999785278535,,,1.1600000000000001,0.13920000000000002,27.0249716,27.025055498234494,105.63758469823449,1.37217,1.210133882423736,7.389866117576264
gen=35_member=5978_pso,50,storage_zplus_1p60,storage,Storage,S,1.1600000000000001,0.13920000000000002,0.12,0.045588999785278535,,,1.1600000000000001,0.13920000000000002,35.7979444,35.798046250315835,114.41057545031585,3.60663,3.3064217370770566,5.293578262922943
gen=32_member=5373_pso,50,storage_zplus_1p60,storage,Storage,S,1.1600000000000001,0.13920000000000002,0.12,0.045588999785278535,,,1.1600000000000001,0.13920000000000002,34.4901084,34.49010839919886,113.10263759919886,2.995,2.729781861667838,5.870218138332161
gen=44_member=7565_pso,50,storage_zplus_1p60,storage,Storage,S,1.1600000000000001,0.13920000000000002,0.12,0.045588999785278535,,,1.1600000000000001,0.13920000000000002,32.9715036,32.97144846847227,111.58397766847226,2.47831,2.2453702942888056,6.354629705711194
gen=45_member=7737_pso,50,storage_zplus_1p60,storage,Storage,S,1.1600000000000001,0.13920000000000002,0.12,0.045588999785278535,,,1.1600000000000001,0.13920000000000002,36.1261288,36.12613241634489,114.7386616163449,3.75756,3.4526015473219838,5.147398452678016
gen=35_member=6019_pso,50,storage_zplus_1p60,storage,Storage,S,1.1600000000000001,0.13920000000000002,0.12,0.045588999785278535,,,1.1600000000000001,0.13920000000000002,36.062408,36.06245626130536,114.67498546130537,3.73038,3.4270022910412066,5.172997708958793
gen=46_member=7796_pso,50,storage_zplus_1p60,storage,Storage,S,1.1600000000000001,0.13920000000000002,0.12,0.045588999785278535,,,1.1600000000000001,0.13920000000000002,35.467532,35.46763029885118,114.08015949885117,3.43824,3.142838719781919,5.457161280218081
gen=47_member=7977_pso,50,storage_zplus_1p60,storage,Storage,S,1.1600000000000001,0.13920000000000002,0.12,0.045588999785278535,,,1.1600000000000001,0.13920000000000002,35.5069676,35.506986680921436,114.11951588092144,3.45533,3.160009494379308,5.439990505620692
gen=49_member=8311_pso,50,storage_zplus_1p60,storage,Storage,S,1.1600000000000001,0.13920000000000002,0.12,0.045588999785278535,,,1.1600000000000001,0.13920000000000002,36.0073764,36.00733726709178,114.61986646709177,3.70558,3.4026543005904117,5.197345699409588
gen=29_member=4851_pso,50,storage_zplus_1p60,storage,Storage,S,1.1600000000000001,0.13920000000000002,0.12,0.045588999785278535,,,1.1600000000000001,0.13920000000000002,35.2643384,35.264277472776136,113.87680667277613,3.33985,3.049749479731804,5.550250520268196
gen=34_member=5819_pso,50,storage_zplus_1p60,storage,Storage,S,1.1600000000000001,0.13920000000000002,0.12,0.045588999785278535,,,1.1600000000000001,0.13920000000000002,34.5609588,34.56103873283972,113.17356793283972,3.0224,2.7578710399543547,5.842128960045645
gen=38_member=6490_pso,50,storage_zplus_1p60,storage,Storage,S,1.1600000000000001,0.13920000000000002,0.12,0.045588999785278535,,,1.1600000000000001,0.13920000000000002,36.0697604,36.069858023161345,114.68238722316136,3.73254,3.42902414487247,5.17097585512753
gen=42_member=7145_pso,50,storage_zplus_1p60,storage,Storage,S,1.1600000000000001,0.13920000000000002,0.12,0.045588999785278535,,,1.1600000000000001,0.13920000000000002,36.306151199999995,36.30614392385608,114.9186731238561,3.85887,3.54846662293645,5.051533377063549
gen=28_member=4655_pso,50,storage_zplus_1p60,storage,Storage,S,1.1600000000000001,0.13920000000000002,0.12,0.045588999785278535,,,1.1600000000000001,0.13920000000000002,33.7361532,33.73614280489097,112.34867200489097,2.71633,2.4672328916913413,6.132767108308658
gen=24_member=4008_pso,50,storage_zplus_1p60,storage,Storage,S,1.1600000000000001,0.13920000000000002,0.12,0.045588999785278535,,,1.1600000000000001,0.13920000000000002,33.7668996,33.76696087691461,112.3794900769146,2.71969,2.4697260996899604,6.130273900310039
gen=34_member=5732_pso,50,storage_zplus_1p60,storage,Storage,S,1.1600000000000001,0.13920000000000002,0.12,0.045588999785278535,,,1.1600000000000001,0.13920000000000002,33.7822728,33.7821917262945,112.39472092629453,2.72045,2.4711936133968244,6.128806386603175
gen=40_member=6768_pso,50,storage_zplus_1p60,storage,Storage,S,1.1600000000000001,0.13920000000000002,0.12,0.045588999785278535,,,1.1600000000000001,0.13920000000000002,36.653050799999995,36.65302211816361,115.26555131816362,4.06357,3.7432047135432773,4.856795286456722
gen=44_member=7554_pso,50,storage_zplus_1p60,storage,Storage,S,1.1600000000000001,0.13920000000000002,0.12,0.045588999785278535,,,1.1600000000000001,0.13920000000000002,33.7114224,33.71131958774986,112.32384878774988,2.69854,2.450616957455914,6.149383042544086
gen=18_member=3072_pso,50,storage_zplus_1p60,storage,Storage,S,1.1600000000000001,0.13920000000000002,0.12,0.045588999785278535,,,1.1600000000000001,0.13920000000000002,37.154796399999995,37.15490686727385,115.76743606727385,4.37912,4.044355289656259,4.55564471034374
gen=50_member=8445_pso,50,storage_zplus_1p60,storage,Storage,S,1.1600000000000001,0.13920000000000002,0.12,0.045588999785278535,,,1.1600000000000001,0.13920000000000002,20.94736636,20.947372107145803,99.55990130714581,1.01547,0.8876803955880288,7.712319604411971
gen=50_member=8506_pso,50,storage_zplus_1p60,storage,Storage,S,1.1600000000000001,0.13920000000000002,0.12,0.045588999785278535,,,1.1600000000000001,0.13920000000000002,36.1778184,36.17771080932583,114.79024000932583,3.79088,3.4846747384356216,5.115325261564378
gen=50_member=8596_pso,50,storage_zplus_1p60,storage,Storage,S,1.1600000000000001,0.13920000000000002,0.12,0.045588999785278535,,,1.1600000000000001,0.13920000000000002,31.6560924,31.656131000200023,110.26866020020003,2.13446,1.921902375440554,6.678097624559445
gen=50_member=8464_pso,50,storage_zplus_1p60,storage,Storage,S,1.1600000000000001,0.13920000000000002,0.12,0.045588999785278535,,,1.1600000000000001,0.13920000000000002,35.1692028,35.16929619734085,113.78182539734085,3.28738,3.0014764701855565,5.598523529814443
gen=50_member=8489_pso,50,storage_zplus_1p60,storage,Storage,S,1.1600000000000001,0.13920000000000002,0.12,0.045588999785278535,,,1.1600000000000001,0.13920000000000002,33.927984,33.928075253726064,112.54060445372608,2.76217,2.50893461501175,6.09106538498825
gen=50_member=8579_pso,50,storage_zplus_1p60,storage,Storage,S,1.1600000000000001,0.13920000000000002,0.12,0.045588999785278535,,,1.1600000000000001,0.13920000000000002,35.2674576,35.267503555717184,113.8800327557172,3.34196,3.051738047150159,5.54826195284984
gen=50_member=8474_pso,50,storage_zplus_1p60,storage,Storage,S,1.1600000000000001,0.13920000000000002,0.12,0.045588999785278535,,,1.1600000000000001,0.13920000000000002,28.369124,28.369120398124426,106.98164959812442,1.54501,1.3708361588023492,7.22916384119765
gen=50_member=8555_pso,50,storage_zplus_1p60,storage,Storage,S,1.1600000000000001,0.13920000000000002,0.12,0.045588999785278535,,,1.1600000000000001,0.13920000000000002,34.7982408,34.798261721440575,113.41079092144058,3.12278,2.8475844430939787,5.752415556906021
gen=50_member=8483_pso,50,storage_zplus_1p60,storage,Storage,S,1.1600000000000001,0.13920000000000002,0.12,0.045588999785278535,,,1.1600000000000001,0.13920000000000002,32.124418,32.12450543561306,110.73703463561304,2.25475,2.0370809362360958,6.562919063763903
gen=50_member=8443_pso,50,storage_zplus_1p60,storage,Storage,S,1.1600000000000001,0.13920000000000002,0.12,0.045588999785278535,,,1.1600000000000001,0.13920000000000002,29.0288348,29.028751720435796,107.64128092043579,1.62866,1.4511396206824436,7.148860379317556
gen=50_member=8469_pso,50,storage_zplus_1p60,storage,Storage,S,1.1600000000000001,0.13920000000000002,0.12,0.045588999785278535,,,1.1600000000000001,0.13920000000000002,27.342684399999996,27.342638190802248,105.95516739080225,1.39731,1.2340472528843964,7.365952747115603
gen=50_member=8584_pso,50,storage_zplus_1p60,storage,Storage,S,1.1600000000000001,0.13920000000000002,0.12,0.045588999785278535,,,1.1600000000000001,0.13920000000000002,36.776259200000005,36.77633515260383,115.38886435260383,4.09976,3.7799281739078823,4.820071826092118
gen=50_member=8572_pso,50,storage_zplus_1p60,storage,Storage,S,1.1600000000000001,0.13920000000000002,0.12,0.045588999785278535,,,1.1600000000000001,0.13920000000000002,35.3808628,35.38077037906462,113.99329957906461,3.38958,3.0969788466089323,5.503021153391067
gen=50_member=8550_pso,50,storage_zplus_1p60,storage,Storage,S,1.1600000000000001,0.13920000000000002,0.12,0.045588999785278535,,,1.1600000000000001,0.13920000000000002,35.4354488,35.43550778076299,114.048036980763,3.41089,3.117036279367679,5.482963720632321
gen=50_member=8507_pso,50,storage_zplus_1p60,storage,Storage,S,1.1600000000000001,0.13920000000000002,0.12,0.045588999785278535,,,1.1600000000000001,0.13920000000000002,29.1130532,29.113125122660595,107.72565432266059,1.64928,1.4700376835558762,7.129962316444123
gen=50_member=8467_pso,50,storage_zplus_1p60,storage,Storage,S,1.1600000000000001,0.13920000000000002,0.12,0.045588999785278535,,,1.1600000000000001,0.13920000000000002,28.4317308,28.431750054504132,107.04427925450413,1.56923,1.3958158137074899,7.20418418629251
gen=50_member=8487_pso,50,storage_zplus_1p60,storage,Storage,S,1.1600000000000001,0.13920000000000002,0.12,0.045588999785278535,,,1.1600000000000001,0.13920000000000002,35.5025116,35.50262187067714,114.11515107067714,3.45215,3.157695558094299,5.4423044419057005
152,50,storage_zplus_2p00,storage,Storage,S,1.2,0.144,0.12,0.022190548492442997,,,1.2,0.144,39.0853584,39.0854414587126,117.6979706587126,4.78258,4.347428956648266,4.252571043351733
gen=36_member=6021_pso,50,storage_zplus_2p00,storage,Storage,S,1.2,0.144,0.12,0.022190548492442997,,,1.2,0.144,15.73043752,15.730428646974957,94.34295784697495,0.811083,0.6856819703496311,7.914318029650369
16,50,storage_zplus_2p00,storage,Storage,S,1.2,0.144,0.12,0.022190548492442997,,,1.2,0.144,38.467534,38.46752870631738,117.08005790631736,4.48927,4.0702450685862965,4.529754931413703
130,50,storage_zplus_2p00,storage,Storage,S,1.2,0.144,0.12,0.022190548492442997,,,1.2,0.144,38.6001,38.60014577795708,117.21267497795709,4.69071,4.262477415618697,4.337522584381302
95,50,storage_zplus_2p00,storage,Storage,S,1.2,0.144,0.12,0.022190548492442997,,,1.2,0.144,38.900657200000005,38.90068138512153,117.51321058512153,4.70127,4.268174692290048,4.331825307709952
156,50,storage_zplus_2p00,storage,Storage,S,1.2,0.144,0.12,0.022190548492442997,,,1.2,0.144,37.6137644,37.61379239712806,116.22632159712806,4.4265,4.01576259984479,4.584237400155209
gen=47_member=7948_pso,50,storage_zplus_2p00,storage,Storage,S,1.2,0.144,0.12,0.022190548492442997,,,1.2,0.144,28.5299856,28.529932454502454,107.14246165450244,1.5703,1.3588359516215445,7.241164048378455
gen=48_member=8161_pso,50,storage_zplus_2p00,storage,Storage,S,1.2,0.144,0.12,0.022190548492442997,,,1.2,0.144,24.5082228,24.508282368015493,103.1208115680155,1.17026,0.9856154811042532,7.614384518895746
gen=33_member=5661_pso,50,storage_zplus_2p00,storage,Storage,S,1.2,0.144,0.12,0.022190548492442997,,,1.2,0.144,36.8916696,36.89173247767671,115.50426167767671,4.21575,3.816428373484194,4.783571626515806
gen=47_member=7921_pso,50,storage_zplus_2p00,storage,Storage,S,1.2,0.144,0.12,0.022190548492442997,,,1.2,0.144,37.0291372,37.029124549782175,115.6416537497822,4.27101,3.8700772550245968,4.729922744975402
gen=40_member=6722_pso,50,storage_zplus_2p00,storage,Storage,S,1.2,0.144,0.12,0.022190548492442997,,,1.2,0.144,29.2066292,29.206608318766545,107.81913751876654,1.65561,1.43700971337164,7.16299028662836
gen=48_member=8113_pso,50,storage_zplus_2p00,storage,Storage,S,1.2,0.144,0.12,0.022190548492442997,,,1.2,0.144,37.0135412,37.01352492542517,115.62605412542518,4.2324,3.8332862005814174,4.766713799418582
gen=48_member=8218_pso,50,storage_zplus_2p00,storage,Storage,S,1.2,0.144,0.12,0.022190548492442997,,,1.2,0.144,36.6236412,36.62363801974855,115.23616721974857,4.03399,3.6490475395920923,4.950952460407907
gen=42_member=7058_pso,50,storage_zplus_2p00,storage,Storage,S,1.2,0.144,0.12,0.022190548492442997,,,1.2,0.144,17.825114,17.82511697626178,96.4376461762618,0.864582,0.7239900149669352,7.876009985033065
gen=48_member=8245_pso,50,storage_zplus_2p00,storage,Storage,S,1.2,0.144,0.12,0.022190548492442997,,,1.2,0.144,36.87897,36.87888641911074,115.49141561911075,4.17121,3.7735859290742875,4.826414070925712
gen=41_member=6922_pso,50,storage_zplus_2p00,storage,Storage,S,1.2,0.144,0.12,0.022190548492442997,,,1.2,0.144,32.1159516,32.11592080418332,110.72845000418333,2.24821,1.9841523593022776,6.615847640697722
gen=41_member=6885_pso,50,storage_zplus_2p00,storage,Storage,S,1.2,0.144,0.12,0.022190548492442997,,,1.2,0.144,16.94815092,16.94814371857778,95.56067291857778,0.828565,0.6969826257280057,7.903017374271994
gen=37_member=6262_pso,50,storage_zplus_2p00,storage,Storage,S,1.2,0.144,0.12,0.022190548492442997,,,1.2,0.144,25.3729096,25.372800727077287,103.98532992707726,1.2425,1.0540776031569785,7.545922396843022
gen=39_member=6554_pso,50,storage_zplus_2p00,storage,Storage,S,1.2,0.144,0.12,0.022190548492442997,,,1.2,0.144,22.91498,22.91493475179726,101.52746395179726,1.07599,0.9024108971608349,7.6975891028391645
gen=44_member=7409_pso,50,storage_zplus_2p00,storage,Storage,S,1.2,0.144,0.12,0.022190548492442997,,,1.2,0.144,29.026161199999997,29.02617500954204,107.63870420954201,1.61819,1.4038692529383545,7.196130747061645
gen=33_member=5597_pso,50,storage_zplus_2p00,storage,Storage,S,1.2,0.144,0.12,0.022190548492442997,,,1.2,0.144,20.425457360000003,20.425447005160812,99.03797620516082,0.993719,0.8382123630398307,7.761787636960169
gen=35_member=5926_pso,50,storage_zplus_2p00,storage,Storage,S,1.2,0.144,0.12,0.022190548492442997,,,1.2,0.144,28.758578399999998,28.75848621927199,107.371015419272,1.60584,1.3923286127927266,7.207671387207273
gen=42_member=7147_pso,50,storage_zplus_2p00,storage,Storage,S,1.2,0.144,0.12,0.022190548492442997,,,1.2,0.144,36.785394,36.78548226240043,115.39801146240043,4.12536,3.730208511669695,4.869791488330305
gen=47_member=7992_pso,50,storage_zplus_2p00,storage,Storage,S,1.2,0.144,0.12,0.022190548492442997,,,1.2,0.144,37.303181200000004,37.30318347661641,115.91571267661642,4.41535,4.005525997690086,4.594474002309914
gen=44_member=7479_pso,50,storage_zplus_2p00,storage,Storage,S,1.2,0.144,0.12,0.022190548492442997,,,1.2,0.144,29.72709,29.726992928553695,108.3395221285537,1.7727,1.5434481786000136,7.056551821399986
gen=46_member=7840_pso,50,storage_zplus_2p00,storage,Storage,S,1.2,0.144,0.12,0.022190548492442997,,,1.2,0.144,27.838414399999998,27.838357196260656,106.45088639626066,1.46259,1.258792907659509,7.341207092340491
gen=36_member=6076_pso,50,storage_zplus_2p00,storage,Storage,S,1.2,0.144,0.12,0.022190548492442997,,,1.2,0.144,37.071692,37.07165394641189,115.6841831464119,4.31441,3.90930129356807,4.690698706431929
gen=39_member=6576_pso,50,storage_zplus_2p00,storage,Storage,S,1.2,0.144,0.12,0.022190548492442997,,,1.2,0.144,24.576845199999998,24.57679423226629,103.18932343226629,1.21064,1.0276278892076478,7.572372110792352
gen=46_member=7833_pso,50,storage_zplus_2p00,storage,Storage,S,1.2,0.144,0.12,0.022190548492442997,,,1.2,0.144,30.2738412,30.273822445456965,108.88635164545695,1.83739,1.6028640022867056,6.997135997713294
gen=36_member=6039_pso,50,storage_zplus_2p00,storage,Storage,S,1.2,0.144,0.12,0.022190548492442997,,,1.2,0.144,34.2367848,34.236759922666806,112.84928912266682,2.88658,2.5701780549000093,6.02982194509999
gen=45_member=7630_pso,50,storage_zplus_2p00,storage,Storage,S,1.2,0.144,0.12,0.022190548492442997,,,1.2,0.144,20.27341864,20.273425248681576,98.88595444868157,0.964314,0.8080706764352306,7.791929323564769
gen=41_member=7002_pso,50,storage_zplus_2p00,storage,Storage,S,1.2,0.144,0.12,0.022190548492442997,,,1.2,0.144,31.456018,31.456010064777686,110.0685392647777,2.09323,1.8392157332476913,6.760784266752308
gen=44_member=7416_pso,50,storage_zplus_2p00,storage,Storage,S,1.2,0.144,0.12,0.022190548492442997,,,1.2,0.144,22.539562,22.53949283051267,101.15202203051267,1.03735,0.8683176310001254,7.731682368999874
gen=48_member=8130_pso,50,storage_zplus_2p00,storage,Storage,S,1.2,0.144,0.12,0.022190548492442997,,,1.2,0.144,30.2965668,30.29664546331896,108.90917466331896,1.8663,1.630334426891022,6.969665573108978
gen=42_member=7150_pso,50,storage_zplus_2p00,storage,Storage,S,1.2,0.144,0.12,0.022190548492442997,,,1.2,0.144,23.0183592,23.018345966531463,101.63087516653145,1.08725,0.9205534032825684,7.6794465967174315
gen=46_member=7861_pso,50,storage_zplus_2p00,storage,Storage,S,1.2,0.144,0.12,0.022190548492442997,,,1.2,0.144,36.5779672,36.57795625745423,115.19048545745423,4.0076,3.6189801268962265,4.981019873103773
gen=47_member=8013_pso,50,storage_zplus_2p00,storage,Storage,S,1.2,0.144,0.12,0.022190548492442997,,,1.2,0.144,24.1898416,24.189885878306495,102.80241507830647,1.14776,0.9689313613517506,7.631068638648249
gen=34_member=5833_pso,50,storage_zplus_2p00,storage,Storage,S,1.2,0.144,0.12,0.022190548492442997,,,1.2,0.144,37.0554276,37.05546674905064,115.66799594905063,4.29346,3.8902108913795383,4.709789108620461
gen=29_member=4835_pso,50,storage_zplus_2p00,storage,Storage,S,1.2,0.144,0.12,0.022190548492442997,,,1.2,0.144,31.1628132,31.16289112554577,109.77542032554577,2.02499,1.774763941924587,6.825236058075412
gen=43_member=7309_pso,50,storage_zplus_2p00,storage,Storage,S,1.2,0.144,0.12,0.022190548492442997,,,1.2,0.144,28.36244,28.362383210764136,106.97491241076413,1.53641,1.3277629263886388,7.272237073611361
gen=42_member=7162_pso,50,storage_zplus_2p00,storage,Storage,S,1.2,0.144,0.12,0.022190548492442997,,,1.2,0.144,34.2657488,34.265693983561704,112.87822318356172,2.92099,2.6035886951442553,5.996411304855744
gen=43_member=7394_pso,50,storage_zplus_2p00,storage,Storage,S,1.2,0.144,0.12,0.022190548492442997,,,1.2,0.144,29.6994628,29.69937939750987,108.31190859750988,1.74092,1.5148459745629663,7.085154025437033
gen=47_member=7994_pso,50,storage_zplus_2p00,storage,Storage,S,1.2,0.144,0.12,0.022190548492442997,,,1.2,0.144,27.7078536,27.707961235794844,106.32049043579485,1.42551,1.2239357991454332,7.376064200854566
gen=48_member=8212_pso,50,storage_zplus_2p00,storage,Storage,S,1.2,0.144,0.12,0.022190548492442997,,,1.2,0.144,25.5088176,25.50891213870453,104.12144133870451,1.2664,1.0772361611419115,7.522763838858088
gen=34_member=5718_pso,50,storage_zplus_2p00,storage,Storage,S,1.2,0.144,0.12,0.022190548492442997,,,1.2,0.144,19.217970479999998,19.217975104740983,97.83050430474097,0.92753,0.7873332683655077,7.812666731634492
gen=40_member=6749_pso,50,storage_zplus_2p00,storage,Storage,S,1.2,0.144,0.12,0.022190548492442997,,,1.2,0.144,32.0337384,32.033822459218676,110.64635165921867,2.22633,1.962270102110499,6.637729897889501
gen=45_member=7712_pso,50,storage_zplus_2p00,storage,Storage,S,1.2,0.144,0.12,0.022190548492442997,,,1.2,0.144,31.9644476,31.96441941761888,110.57694861761888,2.20694,1.9443880296515574,6.655611970348442
gen=49_member=8286_pso,50,storage_zplus_2p00,storage,Storage,S,1.2,0.144,0.12,0.022190548492442997,,,1.2,0.144,31.885799199999997,31.88574680923485,110.49827600923484,2.18552,1.9240804378144285,6.675919562185571
gen=47_member=7987_pso,50,storage_zplus_2p00,storage,Storage,S,1.2,0.144,0.12,0.022190548492442997,,,1.2,0.144,32.3378604,32.3379503115816,110.95047951158162,2.30822,2.038897574018855,6.561102425981145
gen=42_member=7104_pso,50,storage_zplus_2p00,storage,Storage,S,1.2,0.144,0.12,0.022190548492442997,,,1.2,0.144,37.1305112,37.1305477391165,115.7430769391165,4.35228,3.9453156425479223,4.654684357452077
gen=44_member=7536_pso,50,storage_zplus_2p00,storage,Storage,S,1.2,0.144,0.12,0.022190548492442997,,,1.2,0.144,23.466855600000002,23.46684587614881,102.0793750761488,1.11985,0.9477201975751819,7.652279802424818
gen=38_member=6480_pso,50,storage_zplus_2p00,storage,Storage,S,1.2,0.144,0.12,0.022190548492442997,,,1.2,0.144,31.4072248,31.407133065935877,110.01966226593586,2.07448,1.818827489138897,6.7811725108611025
gen=43_member=7269_pso,50,storage_zplus_2p00,storage,Storage,S,1.2,0.144,0.12,0.022190548492442997,,,1.2,0.144,36.833296,36.83339971387087,115.44592891387086,4.14372,3.747696805008831,4.852303194991169
gen=35_member=5948_pso,50,storage_zplus_2p00,storage,Storage,S,1.2,0.144,0.12,0.022190548492442997,,,1.2,0.144,37.07392,37.07384621264411,115.68637541264411,4.33924,3.9329319629650374,4.667068037034962
gen=29_member=4871_pso,50,storage_zplus_2p00,storage,Storage,S,1.2,0.144,0.12,0.022190548492442997,,,1.2,0.144,17.843495,17.843497187733753,96.45602638773376,0.881544,0.7443618144735281,7.855638185526471
gen=36_member=6031_pso,50,storage_zplus_2p00,storage,Storage,S,1.2,0.144,0.12,0.022190548492442997,,,1.2,0.144,31.3383796,31.338390787551674,109.95091998755169,2.05415,1.8008724658015505,6.799127534198449
gen=39_member=6689_pso,50,storage_zplus_2p00,storage,Storage,S,1.2,0.144,0.12,0.022190548492442997,,,1.2,0.144,29.4165068,29.416418185838467,108.02894738583845,1.67871,1.458231326242132,7.141768673757868
gen=46_member=7811_pso,50,storage_zplus_2p00,storage,Storage,S,1.2,0.144,0.12,0.022190548492442997,,,1.2,0.144,30.8479968,30.84800808580873,109.46053728580873,1.95962,1.7146617048258457,6.885338295174154
gen=36_member=6150_pso,50,storage_zplus_2p00,storage,Storage,S,1.2,0.144,0.12,0.022190548492442997,,,1.2,0.144,29.510305600000002,29.510270949002532,108.12280014900254,1.71536,1.4914534965686927,7.108546503431307
gen=28_member=4698_pso,50,storage_zplus_2p00,storage,Storage,S,1.2,0.144,0.12,0.022190548492442997,,,1.2,0.144,19.62453592,19.62453473077234,98.23706393077234,0.948853,0.7969659999591348,7.803034000040865
gen=45_member=7580_pso,50,storage_zplus_2p00,storage,Storage,S,1.2,0.144,0.12,0.022190548492442997,,,1.2,0.144,29.4198488,29.41977376399195,108.03230296399194,1.6928,1.4715272006858584,7.1284727993141415
gen=37_member=6318_pso,50,storage_zplus_2p00,storage,Storage,S,1.2,0.144,0.12,0.022190548492442997,,,1.2,0.144,36.3585092,36.35850397821222,114.97103317821221,3.89263,3.5144783925917786,5.0855216074082215
gen=39_member=6634_pso,50,storage_zplus_2p00,storage,Storage,S,1.2,0.144,0.12,0.022190548492442997,,,1.2,0.144,37.24659,37.24656995207669,115.8590991520767,4.3792,3.9709831362514554,4.629016863748545
gen=46_member=7788_pso,50,storage_zplus_2p00,storage,Storage,S,1.2,0.144,0.12,0.022190548492442997,,,1.2,0.144,32.533256,32.533172613400616,111.1457018134006,2.35444,2.0796131855813043,6.520386814418695
gen=46_member=7881_pso,50,storage_zplus_2p00,storage,Storage,S,1.2,0.144,0.12,0.022190548492442997,,,1.2,0.144,27.1929628,27.192862415219388,105.80539161521938,1.37653,1.174349863943749,7.425650136056251
gen=27_member=4566_pso,50,storage_zplus_2p00,storage,Storage,S,1.2,0.144,0.12,0.022190548492442997,,,1.2,0.144,34.2026964,34.20265674649548,112.8151859464955,2.87573,2.557432583023176,6.042567416976824
gen=39_member=6698_pso,50,storage_zplus_2p00,storage,Storage,S,1.2,0.144,0.12,0.022190548492442997,,,1.2,0.144,33.52026,33.52015097310551,112.13268017310553,2.6497,2.35167780035644,6.24832219964356
gen=41_member=6986_pso,50,storage_zplus_2p00,storage,Storage,S,1.2,0.144,0.12,0.022190548492442997,,,1.2,0.144,35.7676436,35.767651554973604,114.38018075497361,3.58673,3.219364479253634,5.380635520746366
gen=41_member=6973_pso,50,storage_zplus_2p00,storage,Storage,S,1.2,0.144,0.12,0.022190548492442997,,,1.2,0.144,35.1593996,35.15947657236159,113.77200577236158,3.28388,2.9339391928770646,5.6660608071229355
gen=27_member=4568_pso,50,storage_zplus_2p00,storage,Storage,S,1.2,0.144,0.12,0.022190548492442997,,,1.2,0.144,32.5586552,32.558684654753776,111.17121385475377,2.37042,2.0964172545369495,6.50358274546305
gen=37_member=6357_pso,50,storage_zplus_2p00,storage,Storage,S,1.2,0.144,0.12,0.022190548492442997,,,1.2,0.144,32.625718,32.62572860768373,111.23825780768374,2.3887,2.1109368430782753,6.489063156921724
gen=47_member=8006_pso,50,storage_zplus_2p00,storage,Storage,S,1.2,0.144,0.12,0.022190548492442997,,,1.2,0.144,36.7613316,36.761407828424296,115.37393702842431,4.09604,3.707482976314985,4.892517023685015
gen=41_member=6898_pso,50,storage_zplus_2p00,storage,Storage,S,1.2,0.144,0.12,0.022190548492442997,,,1.2,0.144,31.489438,31.489447863162184,110.10197706316218,2.11934,1.8619951117889926,6.738004888211007
gen=39_member=6668_pso,50,storage_zplus_2p00,storage,Storage,S,1.2,0.144,0.12,0.022190548492442997,,,1.2,0.144,33.933108399999995,33.933030846740984,112.545560046741,2.77099,2.4630672075556928,6.136932792444307
gen=48_member=8200_pso,50,storage_zplus_2p00,storage,Storage,S,1.2,0.144,0.12,0.022190548492442997,,,1.2,0.144,34.8907028,34.89080581472363,113.50333501472363,3.16725,2.826477880933155,5.773522119066845
gen=32_member=5452_pso,50,storage_zplus_2p00,storage,Storage,S,1.2,0.144,0.12,0.022190548492442997,,,1.2,0.144,34.8474796,34.84753054005696,113.46005974005696,3.14182,2.8048000005309803,5.79519999946902
gen=44_member=7522_pso,50,storage_zplus_2p00,storage,Storage,S,1.2,0.144,0.12,0.022190548492442997,,,1.2,0.144,33.1631116,33.16311565476033,111.77564485476033,2.53937,2.2510010905315365,6.348998909468463
gen=45_member=7699_pso,50,storage_zplus_2p00,storage,Storage,S,1.2,0.144,0.12,0.022190548492442997,,,1.2,0.144,25.6714616,25.671464649350018,104.28399384935003,1.28466,1.0980512441975168,7.501948755802482
gen=38_member=6478_pso,50,storage_zplus_2p00,storage,Storage,S,1.2,0.144,0.12,0.022190548492442997,,,1.2,0.144,35.2785976,35.27857906393331,113.8911082639333,3.35376,2.9990277427306324,5.600972257269367
gen=48_member=8105_pso,50,storage_zplus_2p00,storage,Storage,S,1.2,0.144,0.12,0.022190548492442997,,,1.2,0.144,36.5527908,36.55273076856624,115.16525996856623,3.9902,3.6059670156843175,4.994032984315682
gen=47_member=7995_pso,50,storage_zplus_2p00,storage,Storage,S,1.2,0.144,0.12,0.022190548492442997,,,1.2,0.144,36.497536399999994,36.49744644974915,115.10997564974916,3.97511,3.5866172466682635,5.0133827533317366
gen=38_member=6507_pso,50,storage_zplus_2p00,storage,Storage,S,1.2,0.144,0.12,0.022190548492442997,,,1.2,0.144,36.2430988,36.243072285057984,114.85560148505799,3.82686,3.4514144171874106,5.148585582812589
gen=47_member=8017_pso,50,storage_zplus_2p00,storage,Storage,S,1.2,0.144,0.12,0.022190548492442997,,,1.2,0.144,26.3334004,26.33332130996634,104.94585050996633,1.31111,1.1181802879780802,7.481819712021919
gen=28_member=4806_pso,50,storage_zplus_2p00,storage,Storage,S,1.2,0.144,0.12,0.022190548492442997,,,1.2,0.144,36.335338,36.335363024535646,114.94789222453565,3.87574,3.498309416604848,5.101690583395152
gen=33_member=5559_pso,50,storage_zplus_2p00,storage,Storage,S,1.2,0.144,0.12,0.022190548492442997,,,1.2,0.144,32.1440244,32.1440689013816,110.7565981013816,2.27771,2.007203371413353,6.592796628586647
gen=28_member=4728_pso,50,storage_zplus_2p00,storage,Storage,S,1.2,0.144,0.12,0.022190548492442997,,,1.2,0.144,25.063886,25.063855919912235,103.67638511991223,1.21593,1.0313333366341815,7.568666663365818
gen=30_member=4999_pso,50,storage_zplus_2p00,storage,Storage,S,1.2,0.144,0.12,0.022190548492442997,,,1.2,0.144,33.9879172,33.98794532305361,112.60047452305362,2.78942,2.476918042495927,6.1230819575040725
gen=47_member=7949_pso,50,storage_zplus_2p00,storage,Storage,S,1.2,0.144,0.12,0.022190548492442997,,,1.2,0.144,31.069014399999997,31.068968509771572,109.68149770977158,1.99378,1.7458795543457215,6.854120445654278
gen=37_member=6216_pso,50,storage_zplus_2p00,storage,Storage,S,1.2,0.144,0.12,0.022190548492442997,,,1.2,0.144,34.7610332,34.76111558406628,113.37364478406629,3.104,2.7716852968726857,5.8283147031273135
gen=35_member=5892_pso,50,storage_zplus_2p00,storage,Storage,S,1.2,0.144,0.12,0.022190548492442997,,,1.2,0.144,33.624976,33.6250096550061,112.23753885500611,2.6693,2.3694807215586415,6.230519278441358
gen=47_member=7933_pso,50,storage_zplus_2p00,storage,Storage,S,1.2,0.144,0.12,0.022190548492442997,,,1.2,0.144,26.4996092,26.49956968298791,105.11209888298791,1.3367,1.141747570497737,7.458252429502263
gen=42_member=7127_pso,50,storage_zplus_2p00,storage,Storage,S,1.2,0.144,0.12,0.022190548492442997,,,1.2,0.144,33.1831636,33.183068642146345,111.79559784214636,2.56094,2.269352831490378,6.330647168509621
gen=46_member=7815_pso,50,storage_zplus_2p00,storage,Storage,S,1.2,0.144,0.12,0.022190548492442997,,,1.2,0.144,30.2096748,30.209600453547942,108.82212965354798,1.82093,1.5879780615148202,7.012021938485179
gen=41_member=6988_pso,50,storage_zplus_2p00,storage,Storage,S,1.2,0.144,0.12,0.022190548492442997,,,1.2,0.144,27.9351096,27.935094147883344,106.54762334788336,1.48478,1.2796801974696668,7.320319802530333
gen=39_member=6630_pso,50,storage_zplus_2p00,storage,Storage,S,1.2,0.144,0.12,0.022190548492442997,,,1.2,0.144,32.2866164,32.28667995166453,110.89920915166454,2.28023,2.0138777321221495,6.58612226787785
gen=46_member=7750_pso,50,storage_zplus_2p00,storage,Storage,S,1.2,0.144,0.12,0.022190548492442997,,,1.2,0.144,33.3573932,33.35737322320111,111.9699024232011,2.61481,2.3162514944172097,6.28374850558279
gen=47_member=8066_pso,50,storage_zplus_2p00,storage,Storage,S,1.2,0.144,0.12,0.022190548492442997,,,1.2,0.144,36.1452896,36.14526258672567,114.75779178672568,3.76811,3.3949353733940497,5.2050646266059495
gen=49_member=8375_pso,50,storage_zplus_2p00,storage,Storage,S,1.2,0.144,0.12,0.022190548492442997,,,1.2,0.144,33.014504,33.01442462041577,111.62695382041578,2.48535,2.2015241096827234,6.398475890317276
gen=48_member=8129_pso,50,storage_zplus_2p00,storage,Storage,S,1.2,0.144,0.12,0.022190548492442997,,,1.2,0.144,36.633444399999995,36.63353389800296,115.24606309800296,4.0627,3.6758141887572644,4.924185811242735
gen=39_member=6585_pso,50,storage_zplus_2p00,storage,Storage,S,1.2,0.144,0.12,0.022190548492442997,,,1.2,0.144,34.7828676,34.78292178056862,113.39545098056861,3.109,2.776992555551735,5.8230074444482645
gen=47_member=8011_pso,50,storage_zplus_2p00,storage,Storage,S,1.2,0.144,0.12,0.022190548492442997,,,1.2,0.144,35.1213008,35.12122980345115,113.73375900345114,3.26403,2.916498595531913,5.683501404468087
gen=40_member=6726_pso,50,storage_zplus_2p00,storage,Storage,S,1.2,0.144,0.12,0.022190548492442997,,,1.2,0.144,31.242575600000002,31.242517549639818,109.85504674963983,2.03707,1.785564087105334,6.814435912894666
gen=44_member=7543_pso,50,storage_zplus_2p00,storage,Storage,S,1.2,0.144,0.12,0.022190548492442997,,,1.2,0.144,35.1870268,35.18705597340057,113.79958517340057,3.29833,2.9475835515703244,5.652416448429675
gen=43_member=7287_pso,50,storage_zplus_2p00,storage,Storage,S,1.2,0.144,0.12,0.022190548492442997,,,1.2,0.144,33.646587600000004,33.64656535247972,112.25909455247972,2.68124,2.380814794663119,6.219185205336881
gen=41_member=6982_pso,50,storage_zplus_2p00,storage,Storage,S,1.2,0.144,0.12,0.022190548492442997,,,1.2,0.144,36.2787468,36.278668778733376,114.89119797873339,3.84028,3.4620714098971783,5.137928590102821
gen=33_member=5577_pso,50,storage_zplus_2p00,storage,Storage,S,1.2,0.144,0.12,0.022190548492442997,,,1.2,0.144,34.0012852,34.00137781832889,112.6139070183289,2.80281,2.4873367386630267,6.112663261336973
gen=48_member=8183_pso,50,storage_zplus_2p00,storage,Storage,S,1.2,0.144,0.12,0.022190548492442997,,,1.2,0.144,34.7057788,34.70587203703935,113.31840123703935,3.0773,2.748284161163245,5.851715838836755
gen=48_member=8234_pso,50,storage_zplus_2p00,storage,Storage,S,1.2,0.144,0.12,0.022190548492442997,,,1.2,0.144,23.7818948,23.781937390842728,102.39446659084273,1.1268,0.9542101619221782,7.645789838077821
gen=42_member=7080_pso,50,storage_zplus_2p00,storage,Storage,S,1.2,0.144,0.12,0.022190548492442997,,,1.2,0.144,35.2182188,35.21819334968434,113.83072254968432,3.313,2.961165277960775,5.638834722039224
gen=47_member=8007_pso,50,storage_zplus_2p00,storage,Storage,S,1.2,0.144,0.12,0.022190548492442997,,,1.2,0.144,34.1347424,34.13470291303967,112.74723211303967,2.85212,2.531860007548021,6.068139992451979
gen=35_member=5961_pso,50,storage_zplus_2p00,storage,Storage,S,1.2,0.144,0.12,0.022190548492442997,,,1.2,0.144,36.8771876,36.87726444522587,115.48979364522586,4.16397,3.770270091467225,4.829729908532775
gen=31_member=5281_pso,50,storage_zplus_2p00,storage,Storage,S,1.2,0.144,0.12,0.022190548492442997,,,1.2,0.144,33.1156552,33.11569694121411,111.72822614121412,2.52766,2.240161582795378,6.359838417204622
gen=44_member=7417_pso,50,storage_zplus_2p00,storage,Storage,S,1.2,0.144,0.12,0.022190548492442997,,,1.2,0.144,28.040048399999996,28.04007293817745,106.65260213817746,1.50233,1.298240058136292,7.301759941863708
gen=32_member=5429_pso,50,storage_zplus_2p00,storage,Storage,S,1.2,0.144,0.12,0.022190548492442997,,,1.2,0.144,36.214580399999996,36.214597535229515,114.82712673522953,3.8078,3.4317643702258405,5.168235629774159
gen=37_member=6347_pso,50,storage_zplus_2p00,storage,Storage,S,1.2,0.144,0.12,0.022190548492442997,,,1.2,0.144,35.6629276,35.66303769617801,114.275566896178,3.52921,3.1657022912074186,5.434297708792581
gen=42_member=7094_pso,50,storage_zplus_2p00,storage,Storage,S,1.2,0.144,0.12,0.022190548492442997,,,1.2,0.144,32.7239728,32.72396444274264,111.33649364274265,2.40462,2.1279125784225945,6.472087421577405
gen=45_member=7577_pso,50,storage_zplus_2p00,storage,Storage,S,1.2,0.144,0.12,0.022190548492442997,,,1.2,0.144,33.348481199999995,33.348578128286576,111.96110732828657,2.59343,2.299957642325299,6.3000423576747
gen=38_member=6402_pso,50,storage_zplus_2p00,storage,Storage,S,1.2,0.144,0.12,0.022190548492442997,,,1.2,0.144,30.511791600000002,30.51186014513365,109.12438934513365,1.8927,1.65324985930658,6.946750140693419
gen=31_member=5196_pso,50,storage_zplus_2p00,storage,Storage,S,1.2,0.144,0.12,0.022190548492442997,,,1.2,0.144,37.154128,37.154036317385696,115.76656551738569,4.37901,3.97162299676758,4.628377003232419
gen=41_member=6995_pso,50,storage_zplus_2p00,storage,Storage,S,1.2,0.144,0.12,0.022190548492442997,,,1.2,0.144,33.0581728,33.05810757863159,111.6706367786316,2.50823,2.2226183829196895,6.37738161708031
gen=39_member=6611_pso,50,storage_zplus_2p00,storage,Storage,S,1.2,0.144,0.12,0.022190548492442997,,,1.2,0.144,35.8961992,35.89623286365389,114.5087620636539,3.66312,3.2954020263015225,5.304597973698478
gen=49_member=8310_pso,50,storage_zplus_2p00,storage,Storage,S,1.2,0.144,0.12,0.022190548492442997,,,1.2,0.144,30.436708,30.43676948862573,109.04929868862573,1.88142,1.6420110350783925,6.957988964921607
gen=41_member=6917_pso,50,storage_zplus_2p00,storage,Storage,S,1.2,0.144,0.12,0.022190548492442997,,,1.2,0.144,30.7027312,30.7026693264571,109.3151985264571,1.93448,1.6920220722031254,6.907977927796875
gen=42_member=7156_pso,50,storage_zplus_2p00,storage,Storage,S,1.2,0.144,0.12,0.022190548492442997,,,1.2,0.144,30.610492,30.610510708305725,109.22303990830572,1.91823,1.6768762873805543,6.923123712619446
gen=29_member=4898_pso,50,storage_zplus_2p00,storage,Storage,S,1.2,0.144,0.12,0.022190548492442997,,,1.2,0.144,35.9271684,35.92717187396659,114.5397010739666,3.68037,3.304451446016599,5.295548553983401
gen=47_member=7961_pso,50,storage_zplus_2p00,storage,Storage,S,1.2,0.144,0.12,0.022190548492442997,,,1.2,0.144,32.81844,32.81846706326812,111.43099626326813,2.42627,2.147155312800471,6.452844687199528
gen=31_member=5213_pso,50,storage_zplus_2p00,storage,Storage,S,1.2,0.144,0.12,0.022190548492442997,,,1.2,0.144,34.374698,34.37459988167344,112.98712908167344,2.94698,2.6285615131640574,5.971438486835942
gen=33_member=5529_pso,50,storage_zplus_2p00,storage,Storage,S,1.2,0.144,0.12,0.022190548492442997,,,1.2,0.144,18.329822840000002,18.32982475749499,96.94235395749497,0.902294,0.761644261228939,7.83835573877106
gen=41_member=6902_pso,50,storage_zplus_2p00,storage,Storage,S,1.2,0.144,0.12,0.022190548492442997,,,1.2,0.144,29.628389600000002,29.628353465378915,108.24088266537892,1.72975,1.504618312551316,7.0953816874486835
gen=43_member=7373_pso,50,storage_zplus_2p00,storage,Storage,S,1.2,0.144,0.12,0.022190548492442997,,,1.2,0.144,30.566823199999998,30.566917442941545,109.17944664294156,1.90841,1.6674550325179807,6.932544967482019
gen=43_member=7354_pso,50,storage_zplus_2p00,storage,Storage,S,1.2,0.144,0.12,0.022190548492442997,,,1.2,0.144,36.3656388,36.365559376347385,114.97808857634739,3.91205,3.531135550337119,5.068864449662881
gen=48_member=8255_pso,50,storage_zplus_2p00,storage,Storage,S,1.2,0.144,0.12,0.022190548492442997,,,1.2,0.144,18.692073360000002,18.692080334260165,97.30460953426017,0.907206,0.7664226593971124,7.833577340602887
gen=38_member=6443_pso,50,storage_zplus_2p00,storage,Storage,S,1.2,0.144,0.12,0.022190548492442997,,,1.2,0.144,31.6712428,31.67115470758055,110.28368390758054,2.14746,1.889591952860027,6.710408047139973
gen=47_member=7988_pso,50,storage_zplus_2p00,storage,Storage,S,1.2,0.144,0.12,0.022190548492442997,,,1.2,0.144,30.769794,30.769795007202468,109.38232420720249,1.94462,1.70081512266374,6.89918487733626
gen=37_member=6360_pso,50,storage_zplus_2p00,storage,Storage,S,1.2,0.144,0.12,0.022190548492442997,,,1.2,0.144,28.05609,28.056013799679008,106.668542999679,1.51193,1.3020963983867195,7.29790360161328
gen=48_member=8171_pso,50,storage_zplus_2p00,storage,Storage,S,1.2,0.144,0.12,0.022190548492442997,,,1.2,0.144,34.994082,34.99403631605541,113.60656551605543,3.20978,2.8658712140363236,5.7341287859636765
gen=45_member=7732_pso,50,storage_zplus_2p00,storage,Storage,S,1.2,0.144,0.12,0.022190548492442997,,,1.2,0.144,28.232101999999998,28.232171596528566,106.84470079652857,1.52704,1.3189108127057996,7.2810891872942
gen=35_member=5956_pso,50,storage_zplus_2p00,storage,Storage,S,1.2,0.144,0.12,0.022190548492442997,,,1.2,0.144,34.0774828,34.07740547464268,112.6899346746427,2.82984,2.5105498266967583,6.089450173303241
gen=45_member=7623_pso,50,storage_zplus_2p00,storage,Storage,S,1.2,0.144,0.12,0.022190548492442997,,,1.2,0.144,26.867897600000003,26.867886619436277,105.48041581943627,1.35875,1.1594537201790953,7.4405462798209046
gen=34_member=5765_pso,50,storage_zplus_2p00,storage,Storage,S,1.2,0.144,0.12,0.022190548492442997,,,1.2,0.144,30.9233032,30.92338623359191,109.5359154335919,1.98173,1.7352563982158922,6.864743601784108
gen=38_member=6501_pso,50,storage_zplus_2p00,storage,Storage,S,1.2,0.144,0.12,0.022190548492442997,,,1.2,0.144,32.3964568,32.396349530682755,111.00887873068277,2.32041,2.0490818546614142,6.550918145338585
gen=48_member=8203_pso,50,storage_zplus_2p00,storage,Storage,S,1.2,0.144,0.12,0.022190548492442997,,,1.2,0.144,32.4539392,32.453841272609736,111.06637047260975,2.33521,2.0634213057605426,6.5365786942394575
gen=47_member=7974_pso,50,storage_zplus_2p00,storage,Storage,S,1.2,0.144,0.12,0.022190548492442997,,,1.2,0.144,35.0424296,35.04236881028093,113.65489801028093,3.23167,2.885635060544991,5.714364939455009
gen=42_member=7123_pso,50,storage_zplus_2p00,storage,Storage,S,1.2,0.144,0.12,0.022190548492442997,,,1.2,0.144,34.3967552,34.396745119239434,113.00927431923942,2.95964,2.642497182306357,5.957502817693642
gen=30_member=5110_pso,50,storage_zplus_2p00,storage,Storage,S,1.2,0.144,0.12,0.022190548492442997,,,1.2,0.144,36.395271199999996,36.39534938259375,115.00787858259373,3.93251,3.55148081013946,5.0485191898605395
gen=40_member=6879_pso,50,storage_zplus_2p00,storage,Storage,S,1.2,0.144,0.12,0.022190548492442997,,,1.2,0.144,35.52546,35.52547804840835,114.13800724840836,3.47595,3.1128318033147178,5.487168196685282
gen=31_member=5217_pso,50,storage_zplus_2p00,storage,Storage,S,1.2,0.144,0.12,0.022190548492442997,,,1.2,0.144,36.452308,36.4522647735805,115.0647939735805,3.94088,3.5560216703787804,5.043978329621219
gen=42_member=7215_pso,50,storage_zplus_2p00,storage,Storage,S,1.2,0.144,0.12,0.022190548492442997,,,1.2,0.144,34.9225632,34.92253563470857,113.53506483470858,3.17583,2.836480819549599,5.7635191804504
gen=37_member=6211_pso,50,storage_zplus_2p00,storage,Storage,S,1.2,0.144,0.12,0.022190548492442997,,,1.2,0.144,20.656456399999996,20.656455308041814,99.26898450804181,1.01369,0.8585195198814862,7.741480480118513
gen=40_member=6803_pso,50,storage_zplus_2p00,storage,Storage,S,1.2,0.144,0.12,0.022190548492442997,,,1.2,0.144,33.8223768,33.822321012801254,112.43485021280125,2.72359,2.419131534999111,6.180868465000889
gen=30_member=5155_pso,50,storage_zplus_2p00,storage,Storage,S,1.2,0.144,0.12,0.022190548492442997,,,1.2,0.144,34.1209288,34.12094915647915,112.73347835647915,2.84803,2.53684960532959,6.0631503946704095
gen=32_member=5405_pso,50,storage_zplus_2p00,storage,Storage,S,1.2,0.144,0.12,0.022190548492442997,,,1.2,0.144,27.866487199999998,27.866536503306772,106.47906570330677,1.47179,1.2677310815153486,7.332268918484651
gen=37_member=6224_pso,50,storage_zplus_2p00,storage,Storage,S,1.2,0.144,0.12,0.022190548492442997,,,1.2,0.144,35.2442864,35.24434680969291,113.85687600969291,3.32624,2.9734126012779716,5.6265873987220285
gen=36_member=6188_pso,50,storage_zplus_2p00,storage,Storage,S,1.2,0.144,0.12,0.022190548492442997,,,1.2,0.144,26.545060399999997,26.54503702240775,105.15756622240775,1.34227,1.1483497086285037,7.451650291371496
gen=44_member=7508_pso,50,storage_zplus_2p00,storage,Storage,S,1.2,0.144,0.12,0.022190548492442997,,,1.2,0.144,35.030844,35.030748929325185,113.64327812932517,3.22133,2.8762757196186195,5.72372428038138
gen=48_member=8233_pso,50,storage_zplus_2p00,storage,Storage,S,1.2,0.144,0.12,0.022190548492442997,,,1.2,0.144,34.676369199999996,34.67641402474263,113.28894322474264,3.06245,2.7347268692426816,5.865273130757318
gen=27_member=4602_pso,50,storage_zplus_2p00,storage,Storage,S,1.2,0.144,0.12,0.022190548492442997,,,1.2,0.144,31.533998,31.534063129350688,110.1465923293507,2.12737,1.8679324773227381,6.732067522677261
gen=34_member=5714_pso,50,storage_zplus_2p00,storage,Storage,S,1.2,0.144,0.12,0.022190548492442997,,,1.2,0.144,35.2895148,35.289422752427136,113.90195195242715,3.37452,3.0349683116859247,5.565031688314075
gen=33_member=5592_pso,50,storage_zplus_2p00,storage,Storage,S,1.2,0.144,0.12,0.022190548492442997,,,1.2,0.144,32.9057776,32.90581117439859,111.5183403743986,2.46009,2.178691906546909,6.42130809345309
gen=46_member=7897_pso,50,storage_zplus_2p00,storage,Storage,S,1.2,0.144,0.12,0.022190548492442997,,,1.2,0.144,34.6601048,34.66001472979494,113.27254392979495,3.05438,2.728594286550678,5.871405713449322
gen=44_member=7516_pso,50,storage_zplus_2p00,storage,Storage,S,1.2,0.144,0.12,0.022190548492442997,,,1.2,0.144,36.109196,36.10912532430648,114.72165452430647,3.75377,3.381648716009066,5.218351283990934
gen=47_member=8023_pso,50,storage_zplus_2p00,storage,Storage,S,1.2,0.144,0.12,0.022190548492442997,,,1.2,0.144,36.075776,36.0756878960716,114.68821709607163,3.73629,3.365356026622923,5.234643973377077
gen=43_member=7367_pso,50,storage_zplus_2p00,storage,Storage,S,1.2,0.144,0.12,0.022190548492442997,,,1.2,0.144,35.8665668,35.86655852747779,114.47908772747779,3.64645,3.2757560960956797,5.3242439039043195
gen=41_member=6969_pso,50,storage_zplus_2p00,storage,Storage,S,1.2,0.144,0.12,0.022190548492442997,,,1.2,0.144,34.0139848,34.01408910075473,112.62661830075474,2.81773,2.499704500459944,6.100295499540056
gen=34_member=5825_pso,50,storage_zplus_2p00,storage,Storage,S,1.2,0.144,0.12,0.022190548492442997,,,1.2,0.144,21.687307439999998,21.6872977704652,100.29982697046519,1.03166,0.8707121116229095,7.72928788837709
gen=40_member=6799_pso,50,storage_zplus_2p00,storage,Storage,S,1.2,0.144,0.12,0.022190548492442997,,,1.2,0.144,34.952641199999995,34.952751930942966,113.56528113094296,3.18988,2.8476945276131644,5.752305472386835
gen=36_member=6120_pso,50,storage_zplus_2p00,storage,Storage,S,1.2,0.144,0.12,0.022190548492442997,,,1.2,0.144,35.9581376,35.95802982865704,114.57055902865704,3.68918,3.3208200689070084,5.279179931092991
gen=43_member=7295_pso,50,storage_zplus_2p00,storage,Storage,S,1.2,0.144,0.12,0.022190548492442997,,,1.2,0.144,35.5167708,35.51686845465705,114.12939765465704,3.46262,3.1050599525654334,5.494940047434566
gen=37_member=6202_pso,50,storage_zplus_2p00,storage,Storage,S,1.2,0.144,0.12,0.022190548492442997,,,1.2,0.144,29.765634399999996,29.765572548609313,108.37810174860931,1.7877,1.5579483677885357,7.042051632211464
gen=41_member=6991_pso,50,storage_zplus_2p00,storage,Storage,S,1.2,0.144,0.12,0.022190548492442997,,,1.2,0.144,36.3934888,36.393381324833584,115.00591052483358,3.91812,3.5343839584699692,5.06561604153003
gen=34_member=5786_pso,50,storage_zplus_2p00,storage,Storage,S,1.2,0.144,0.12,0.022190548492442997,,,1.2,0.144,35.6983528,35.69845644451818,114.31098564451818,3.5556,3.189545960781647,5.410454039218353
gen=46_member=7820_pso,50,storage_zplus_2p00,storage,Storage,S,1.2,0.144,0.12,0.022190548492442997,,,1.2,0.144,35.8603284,35.860377441964175,114.47290664196417,3.63264,3.2650529460416626,5.334947053958337
gen=49_member=8399_pso,50,storage_zplus_2p00,storage,Storage,S,1.2,0.144,0.12,0.022190548492442997,,,1.2,0.144,35.851862,35.85181623963164,114.46434543963164,3.62622,3.259023985917337,5.3409760140826625
gen=34_member=5808_pso,50,storage_zplus_2p00,storage,Storage,S,1.2,0.144,0.12,0.022190548492442997,,,1.2,0.144,36.496199600000004,36.496093279758526,115.10862247975852,3.95771,3.57641431485879,5.02358568514121
gen=43_member=7329_pso,50,storage_zplus_2p00,storage,Storage,S,1.2,0.144,0.12,0.022190548492442997,,,1.2,0.144,34.9811596,34.981147257172495,113.59367645717249,3.19666,2.8538656806655043,5.746134319334495
gen=42_member=7088_pso,50,storage_zplus_2p00,storage,Storage,S,1.2,0.144,0.12,0.022190548492442997,,,1.2,0.144,35.7903692,35.79047148072272,114.40300068072271,3.60323,3.2360860419318853,5.363913958068114
gen=45_member=7708_pso,50,storage_zplus_2p00,storage,Storage,S,1.2,0.144,0.12,0.022190548492442997,,,1.2,0.144,33.8571336,33.85718549462576,112.46971469462578,2.7429,2.435927330518614,6.164072669481385
gen=32_member=5495_pso,50,storage_zplus_2p00,storage,Storage,S,1.2,0.144,0.12,0.022190548492442997,,,1.2,0.144,25.922334399999997,25.92224315458362,104.53477235458361,1.29931,1.106829813295844,7.493170186704155
gen=41_member=6992_pso,50,storage_zplus_2p00,storage,Storage,S,1.2,0.144,0.12,0.022190548492442997,,,1.2,0.144,35.8253488,35.82539989519937,114.43792909519937,3.61253,3.2462216274652795,5.35377837253472
gen=44_member=7474_pso,50,storage_zplus_2p00,storage,Storage,S,1.2,0.144,0.12,0.022190548492442997,,,1.2,0.144,35.6065592,35.60659604089044,114.21912524089045,3.50006,3.1368543524705452,5.463145647529455
gen=38_member=6529_pso,50,storage_zplus_2p00,storage,Storage,S,1.2,0.144,0.12,0.022190548492442997,,,1.2,0.144,34.6110888,34.611036113818564,113.22356531381857,3.04111,2.716447914738079,5.88355208526192
gen=38_member=6418_pso,50,storage_zplus_2p00,storage,Storage,S,1.2,0.144,0.12,0.022190548492442997,,,1.2,0.144,34.4430976,34.443010318174956,113.05553951817497,2.97833,2.659560985963416,5.940439014036583
gen=42_member=7193_pso,50,storage_zplus_2p00,storage,Storage,S,1.2,0.144,0.12,0.022190548492442997,,,1.2,0.144,33.445622,33.44556490244684,112.05809410244683,2.62386,2.3272411566173474,6.272758843382652
gen=40_member=6846_pso,50,storage_zplus_2p00,storage,Storage,S,1.2,0.144,0.12,0.022190548492442997,,,1.2,0.144,33.0759968,33.07610629167887,111.68863549167887,2.5122,2.224826022828997,6.375173977171002
gen=42_member=7137_pso,50,storage_zplus_2p00,storage,Storage,S,1.2,0.144,0.12,0.022190548492442997,,,1.2,0.144,31.799798399999997,31.799870105395673,110.41239930539568,2.16651,1.9055625187345266,6.694437481265473
gen=41_member=6951_pso,50,storage_zplus_2p00,storage,Storage,S,1.2,0.144,0.12,0.022190548492442997,,,1.2,0.144,31.7882128,31.788273688982024,110.40080288898203,2.16614,1.907848760598502,6.692151239401498
gen=44_member=7514_pso,50,storage_zplus_2p00,storage,Storage,S,1.2,0.144,0.12,0.022190548492442997,,,1.2,0.144,34.407672399999996,34.40775328560086,113.02028248560086,2.96984,2.650238536090427,5.949761463909573
gen=26_member=4423_pso,50,storage_zplus_2p00,storage,Storage,S,1.2,0.144,0.12,0.022190548492442997,,,1.2,0.144,32.826238,32.826298754166096,111.43882795416609,2.44423,2.164110573743458,6.435889426256542
gen=30_member=5151_pso,50,storage_zplus_2p00,storage,Storage,S,1.2,0.144,0.12,0.022190548492442997,,,1.2,0.144,36.297461999999996,36.297392702126395,114.9099219021264,3.85519,3.478418745356314,5.121581254643686
gen=36_member=6144_pso,50,storage_zplus_2p00,storage,Storage,S,1.2,0.144,0.12,0.022190548492442997,,,1.2,0.144,34.510605999999996,34.510550189225945,113.12307938922596,3.00686,2.6856286426266336,5.914371357373366
gen=41_member=6946_pso,50,storage_zplus_2p00,storage,Storage,S,1.2,0.144,0.12,0.022190548492442997,,,1.2,0.144,35.683425199999995,35.683385394119824,114.29591459411984,3.5443,3.180088246956202,5.419911753043797
gen=43_member=7239_pso,50,storage_zplus_2p00,storage,Storage,S,1.2,0.144,0.12,0.022190548492442997,,,1.2,0.144,35.7208556,35.72083483075705,114.33336403075705,3.56889,3.202476742601647,5.397523257398353
gen=20_member=3413_pso,50,storage_zplus_2p00,storage,Storage,S,1.2,0.144,0.12,0.022190548492442997,,,1.2,0.144,32.9545708,32.95461211746549,111.5671413174655,2.47644,2.1934721045577077,6.4065278954422915
gen=35_member=5913_pso,50,storage_zplus_2p00,storage,Storage,S,1.2,0.144,0.12,0.022190548492442997,,,1.2,0.144,21.26195996,21.261970620979778,99.87449982097976,1.01633,0.8582208485998303,7.741779151400169
gen=47_member=7945_pso,50,storage_zplus_2p00,storage,Storage,S,1.2,0.144,0.12,0.022190548492442997,,,1.2,0.144,34.610420399999995,34.610460392456865,113.22298959245687,3.03486,2.710863649794186,5.889136350205813
gen=31_member=5214_pso,50,storage_zplus_2p00,storage,Storage,S,1.2,0.144,0.12,0.022190548492442997,,,1.2,0.144,35.4428012,35.44276706150495,114.05529626150495,3.42253,3.0628787205825962,5.537121279417404
gen=35_member=5893_pso,50,storage_zplus_2p00,storage,Storage,S,1.2,0.144,0.12,0.022190548492442997,,,1.2,0.144,16.002053,16.002041893722712,94.61457109372272,0.813288,0.6870064443215584,7.912993555678441
gen=42_member=7082_pso,50,storage_zplus_2p00,storage,Storage,S,1.2,0.144,0.12,0.022190548492442997,,,1.2,0.144,33.697386,33.697411190937146,112.30994039093714,2.69841,2.3958299618626215,6.204170038137378
gen=44_member=7534_pso,50,storage_zplus_2p00,storage,Storage,S,1.2,0.144,0.12,0.022190548492442997,,,1.2,0.144,34.346848,34.34682017838482,112.95934937838484,2.93385,2.617238819486376,5.982761180513624
gen=45_member=7645_pso,50,storage_zplus_2p00,storage,Storage,S,1.2,0.144,0.12,0.022190548492442997,,,1.2,0.144,35.619036,35.61911037390231,114.23163957390231,3.51669,3.153632799938791,5.446367200061209
gen=39_member=6590_pso,50,storage_zplus_2p00,storage,Storage,S,1.2,0.144,0.12,0.022190548492442997,,,1.2,0.144,36.736378,36.73640015568762,115.3489293556876,4.09121,3.7029897398256715,4.897010260174328
gen=38_member=6398_pso,50,storage_zplus_2p00,storage,Storage,S,1.2,0.144,0.12,0.022190548492442997,,,1.2,0.144,35.0974612,35.09741973001883,113.70994893001883,3.25449,2.9069331802579628,5.693066819742037
gen=45_member=7594_pso,50,storage_zplus_2p00,storage,Storage,S,1.2,0.144,0.12,0.022190548492442997,,,1.2,0.144,36.3103844,36.31039554746737,114.92292474746739,3.8606,3.483767940149682,5.116232059850318
gen=48_member=8227_pso,50,storage_zplus_2p00,storage,Storage,S,1.2,0.144,0.12,0.022190548492442997,,,1.2,0.144,33.9072636,33.90734269461019,112.51987189461022,2.7553,2.4470702350699454,6.152929764930054
gen=30_member=5150_pso,50,storage_zplus_2p00,storage,Storage,S,1.2,0.144,0.12,0.022190548492442997,,,1.2,0.144,36.47793,36.47794126781239,115.0904704678124,3.95517,3.5736073593373052,5.026392640662694
gen=49_member=8327_pso,50,storage_zplus_2p00,storage,Storage,S,1.2,0.144,0.12,0.022190548492442997,,,1.2,0.144,30.106963999999998,30.10695679161178,108.71948599161179,1.80674,1.5736950499907476,7.026304950009252
gen=43_member=7261_pso,50,storage_zplus_2p00,storage,Storage,S,1.2,0.144,0.12,0.022190548492442997,,,1.2,0.144,34.4863208,34.48623759426499,113.09876679426499,2.98936,2.6696478202567544,5.930352179743245
gen=36_member=6133_pso,50,storage_zplus_2p00,storage,Storage,S,1.2,0.144,0.12,0.022190548492442997,,,1.2,0.144,35.8721368,35.87203034437702,114.48455954437703,3.65379,3.2855027732725635,5.314497226727436
gen=41_member=6892_pso,50,storage_zplus_2p00,storage,Storage,S,1.2,0.144,0.12,0.022190548492442997,,,1.2,0.144,29.7658572,29.765857301341477,108.37838650134148,1.79322,1.5630045007838946,7.036995499216105
gen=47_member=8012_pso,50,storage_zplus_2p00,storage,Storage,S,1.2,0.144,0.12,0.022190548492442997,,,1.2,0.144,35.983982399999995,35.984022812402536,114.59655201240253,3.70111,3.330712033894078,5.269287966105922
gen=47_member=7966_pso,50,storage_zplus_2p00,storage,Storage,S,1.2,0.144,0.12,0.022190548492442997,,,1.2,0.144,33.7234536,33.72345101193558,112.3359802119356,2.70123,2.3987516978886574,6.201248302111342
gen=49_member=8363_pso,50,storage_zplus_2p00,storage,Storage,S,1.2,0.144,0.12,0.022190548492442997,,,1.2,0.144,35.4777808,35.477807888172215,114.09033708817222,3.43975,3.08254875070268,5.51745124929732
gen=44_member=7456_pso,50,storage_zplus_2p00,storage,Storage,S,1.2,0.144,0.12,0.022190548492442997,,,1.2,0.144,35.4550552,35.454985598383615,114.06751479838361,3.43116,3.070999863650228,5.529000136349772
gen=40_member=6804_pso,50,storage_zplus_2p00,storage,Storage,S,1.2,0.144,0.12,0.022190548492442997,,,1.2,0.144,34.5288756,34.528979791643806,113.14150899164382,3.01687,2.695471851972779,5.904528148027221
gen=38_member=6471_pso,50,storage_zplus_2p00,storage,Storage,S,1.2,0.144,0.12,0.022190548492442997,,,1.2,0.144,35.0604764,35.06049322067706,113.67302242067706,3.24426,2.897172336513398,5.702827663486602
gen=22_member=3634_pso,50,storage_zplus_2p00,storage,Storage,S,1.2,0.144,0.12,0.022190548492442997,,,1.2,0.144,33.487508399999996,33.48751472965719,112.1000439296572,2.63496,2.3380430882429755,6.261956911757024
gen=44_member=7539_pso,50,storage_zplus_2p00,storage,Storage,S,1.2,0.144,0.12,0.022190548492442997,,,1.2,0.144,36.0109412,36.01086498046887,114.62339418046886,3.71574,3.346030528993628,5.253969471006371
gen=49_member=8356_pso,50,storage_zplus_2p00,storage,Storage,S,1.2,0.144,0.12,0.022190548492442997,,,1.2,0.144,32.883720399999994,32.88362932713905,111.49615852713904,2.45508,2.1739849347142552,6.426015065285744
gen=46_member=7849_pso,50,storage_zplus_2p00,storage,Storage,S,1.2,0.144,0.12,0.022190548492442997,,,1.2,0.144,33.7256816,33.7256272553146,112.3381564553146,2.71464,2.4109948018038514,6.189005198196148
gen=42_member=7200_pso,50,storage_zplus_2p00,storage,Storage,S,1.2,0.144,0.12,0.022190548492442997,,,1.2,0.144,35.3322924,35.33222140569574,113.94475060569573,3.37515,3.0187608470756064,5.581239152924393
gen=38_member=6459_pso,50,storage_zplus_2p00,storage,Storage,S,1.2,0.144,0.12,0.022190548492442997,,,1.2,0.144,36.735932399999996,36.73590992805043,115.34843912805044,4.07908,3.691952957285796,4.908047042714204
gen=40_member=6838_pso,50,storage_zplus_2p00,storage,Storage,S,1.2,0.144,0.12,0.022190548492442997,,,1.2,0.144,27.5438728,27.54385585819388,106.15638505819388,1.42018,1.218771076710008,7.381228923289992
gen=35_member=5994_pso,50,storage_zplus_2p00,storage,Storage,S,1.2,0.144,0.12,0.022190548492442997,,,1.2,0.144,34.683276,34.68326987798987,113.29579907798986,3.07603,2.7463909053153133,5.853609094684686
gen=39_member=6670_pso,50,storage_zplus_2p00,storage,Storage,S,1.2,0.144,0.12,0.022190548492442997,,,1.2,0.144,32.435669600000004,32.43577512726643,111.04830432726642,2.33137,2.0600368198103274,6.539963180189672
gen=48_member=8120_pso,50,storage_zplus_2p00,storage,Storage,S,1.2,0.144,0.12,0.022190548492442997,,,1.2,0.144,36.049485600000004,36.049477181493145,114.66200638149316,3.72385,3.353810703224803,5.246189296775197
gen=47_member=7929_pso,50,storage_zplus_2p00,storage,Storage,S,1.2,0.144,0.12,0.022190548492442997,,,1.2,0.144,33.2756256,33.27569117913837,111.88822037913837,2.58067,2.2870774951746093,6.312922504825391
gen=32_member=5467_pso,50,storage_zplus_2p00,storage,Storage,S,1.2,0.144,0.12,0.022190548492442997,,,1.2,0.144,35.4252,35.425295105606956,114.03782430560697,3.40923,3.050635087024403,5.549364912975596
gen=45_member=7589_pso,50,storage_zplus_2p00,storage,Storage,S,1.2,0.144,0.12,0.022190548492442997,,,1.2,0.144,35.264561199999996,35.264548182297666,113.87707738229766,3.34169,2.9896888145184937,5.610311185481506
gen=42_member=7063_pso,50,storage_zplus_2p00,storage,Storage,S,1.2,0.144,0.12,0.022190548492442997,,,1.2,0.144,32.7798956,32.77998072785285,111.39250992785287,2.41578,2.1381924950404105,6.461807504959589
gen=46_member=7783_pso,50,storage_zplus_2p00,storage,Storage,S,1.2,0.144,0.12,0.022190548492442997,,,1.2,0.144,35.2509704,35.250884894283324,113.86341409428333,3.33505,2.9810896786639605,5.618910321336039
gen=42_member=7112_pso,50,storage_zplus_2p00,storage,Storage,S,1.2,0.144,0.12,0.022190548492442997,,,1.2,0.144,29.955014399999996,29.954952265185444,108.56748146518542,1.80414,1.5731053095724898,7.026894690427509
gen=43_member=7278_pso,50,storage_zplus_2p00,storage,Storage,S,1.2,0.144,0.12,0.022190548492442997,,,1.2,0.144,26.961028,26.96102909294159,105.5735582929416,1.36641,1.1663443501364927,7.433655649863507
gen=48_member=8123_pso,50,storage_zplus_2p00,storage,Storage,S,1.2,0.144,0.12,0.022190548492442997,,,1.2,0.144,35.7057052,35.70569359544761,114.31822279544762,3.56822,3.2026253125853708,5.397374687414629
gen=38_member=6409_pso,50,storage_zplus_2p00,storage,Storage,S,1.2,0.144,0.12,0.022190548492442997,,,1.2,0.144,35.5586572,35.558655547749574,114.17118474774956,3.48534,3.1214867693302892,5.47851323066971
gen=36_member=6139_pso,50,storage_zplus_2p00,storage,Storage,S,1.2,0.144,0.12,0.022190548492442997,,,1.2,0.144,36.7221188,36.722176673504485,115.33470587350449,4.07625,3.689336739893564,4.9106632601064355
gen=40_member=6783_pso,50,storage_zplus_2p00,storage,Storage,S,1.2,0.144,0.12,0.022190548492442997,,,1.2,0.144,34.2880288,34.28795088667764,112.90048008667765,2.92983,2.600773363421543,5.999226636578457
gen=29_member=4924_pso,50,storage_zplus_2p00,storage,Storage,S,1.2,0.144,0.12,0.022190548492442997,,,1.2,0.144,33.3221908,33.32221023991749,111.93473943991748,2.58783,2.2942243523758945,6.305775647624105
gen=46_member=7822_pso,50,storage_zplus_2p00,storage,Storage,S,1.2,0.144,0.12,0.022190548492442997,,,1.2,0.144,36.6993932,36.69936383186918,115.31189303186918,4.06609,3.678842317410069,4.92115768258993
gen=33_member=5655_pso,50,storage_zplus_2p00,storage,Storage,S,1.2,0.144,0.12,0.022190548492442997,,,1.2,0.144,35.6303988,35.630370058555734,114.24289925855572,3.51718,3.154340718329704,5.445659281670295
gen=31_member=5227_pso,50,storage_zplus_2p00,storage,Storage,S,1.2,0.144,0.12,0.022190548492442997,,,1.2,0.144,33.1920756,33.191986899653344,111.80451609965334,2.57051,2.2790497226770787,6.320950277322921
gen=46_member=7810_pso,50,storage_zplus_2p00,storage,Storage,S,1.2,0.144,0.12,0.022190548492442997,,,1.2,0.144,34.574104,34.57406416730866,113.18659336730867,3.02342,2.700779805074439,5.899220194925561
gen=28_member=4720_pso,50,storage_zplus_2p00,storage,Storage,S,1.2,0.144,0.12,0.022190548492442997,,,1.2,0.144,35.3848732,35.38488870745046,113.99741790745045,3.39794,3.0399614057114746,5.560038594288525
gen=31_member=5250_pso,50,storage_zplus_2p00,storage,Storage,S,1.2,0.144,0.12,0.022190548492442997,,,1.2,0.144,34.0534204,34.05351185359164,112.66604105359163,2.82385,2.5048007811468715,6.0951992188531285
gen=46_member=7862_pso,50,storage_zplus_2p00,storage,Storage,S,1.2,0.144,0.12,0.022190548492442997,,,1.2,0.144,34.5019168,34.50190548961805,113.11443468961807,2.9983,2.6784774427264075,5.921522557273592
gen=29_member=4911_pso,50,storage_zplus_2p00,storage,Storage,S,1.2,0.144,0.12,0.022190548492442997,,,1.2,0.144,33.8640404,33.86401239624249,112.47654159624248,2.75415,2.4481109020918956,6.151889097908104
gen=43_member=7385_pso,50,storage_zplus_2p00,storage,Storage,S,1.2,0.144,0.12,0.022190548492442997,,,1.2,0.144,26.117729999999998,26.117703630103588,104.73023283010357,1.30432,1.1128494140321588,7.487150585967841
gen=34_member=5724_pso,50,storage_zplus_2p00,storage,Storage,S,1.2,0.144,0.12,0.022190548492442997,,,1.2,0.144,35.5597712,35.55966917902097,114.17219837902098,3.48909,3.12520224593472,5.47479775406528
gen=39_member=6557_pso,50,storage_zplus_2p00,storage,Storage,S,1.2,0.144,0.12,0.022190548492442997,,,1.2,0.144,30.951821600000002,30.95190437561837,109.56443357561837,1.98352,1.736931308671068,6.863068691328932
gen=43_member=7341_pso,50,storage_zplus_2p00,storage,Storage,S,1.2,0.144,0.12,0.022190548492442997,,,1.2,0.144,35.697461600000004,35.69752068422161,114.31004988422161,3.54777,3.1826149225000244,5.417385077499976
gen=37_member=6349_pso,50,storage_zplus_2p00,storage,Storage,S,1.2,0.144,0.12,0.022190548492442997,,,1.2,0.144,33.8629264,33.862942575484915,112.47547177548492,2.74347,2.4365301835640025,6.163469816435997
gen=41_member=6889_pso,50,storage_zplus_2p00,storage,Storage,S,1.2,0.144,0.12,0.022190548492442997,,,1.2,0.144,27.384348,27.38432060845482,105.99684980845481,1.4106,1.2092677013530082,7.390732298646991
gen=47_member=8010_pso,50,storage_zplus_2p00,storage,Storage,S,1.2,0.144,0.12,0.022190548492442997,,,1.2,0.144,33.483498,33.48339815320258,112.09592735320258,2.63426,2.3365116098193033,6.263488390180696
gen=38_member=6465_pso,50,storage_zplus_2p00,storage,Storage,S,1.2,0.144,0.12,0.022190548492442997,,,1.2,0.144,35.5849476,35.58483752237572,114.19736672237573,3.49711,3.1326234829468764,5.467376517053124
gen=29_member=4976_pso,50,storage_zplus_2p00,storage,Storage,S,1.2,0.144,0.12,0.022190548492442997,,,1.2,0.144,32.8534196,32.85346614458213,111.46599534458214,2.44488,2.164733293429131,6.435266706570869
gen=34_member=5729_pso,50,storage_zplus_2p00,storage,Storage,S,1.2,0.144,0.12,0.022190548492442997,,,1.2,0.144,36.1272428,36.12729970982421,114.7398289098242,3.76248,3.3904235596174117,5.2095764403825875
gen=46_member=7888_pso,50,storage_zplus_2p00,storage,Storage,S,1.2,0.144,0.12,0.022190548492442997,,,1.2,0.144,32.783460399999996,32.783404919650515,111.3959341196505,2.41843,2.1405990898287337,6.459400910171266
gen=46_member=7821_pso,50,storage_zplus_2p00,storage,Storage,S,1.2,0.144,0.12,0.022190548492442997,,,1.2,0.144,31.01933,31.019254054929405,109.63178325492942,1.99327,1.7459611026828832,6.854038897317117
gen=48_member=8165_pso,50,storage_zplus_2p00,storage,Storage,S,1.2,0.144,0.12,0.022190548492442997,,,1.2,0.144,35.0845388,35.08459194378328,113.69712114378328,3.24714,2.9001468057764646,5.699853194223535
gen=36_member=6131_pso,50,storage_zplus_2p00,storage,Storage,S,1.2,0.144,0.12,0.022190548492442997,,,1.2,0.144,36.0098272,36.00986073528155,114.62238993528156,3.70849,3.338064155740166,5.261935844259834
gen=32_member=5391_pso,50,storage_zplus_2p00,storage,Storage,S,1.2,0.144,0.12,0.022190548492442997,,,1.2,0.144,33.261589199999996,33.261505768011496,111.8740349680115,2.57343,2.2815057185961756,6.318494281403824
gen=34_member=5740_pso,50,storage_zplus_2p00,storage,Storage,S,1.2,0.144,0.12,0.022190548492442997,,,1.2,0.144,27.0249716,27.025055498234494,105.63758469823449,1.37217,1.1747246388074641,7.4252753611925355
gen=35_member=5978_pso,50,storage_zplus_2p00,storage,Storage,S,1.2,0.144,0.12,0.022190548492442997,,,1.2,0.144,35.7979444,35.798046250315835,114.41057545031585,3.60663,3.2400702802931125,5.359929719706887
gen=32_member=5373_pso,50,storage_zplus_2p00,storage,Storage,S,1.2,0.144,0.12,0.022190548492442997,,,1.2,0.144,34.4901084,34.49010839919886,113.10263759919886,2.995,2.6715360129423527,5.928463987057647
gen=44_member=7565_pso,50,storage_zplus_2p00,storage,Storage,S,1.2,0.144,0.12,0.022190548492442997,,,1.2,0.144,32.9715036,32.97144846847227,111.58397766847226,2.47831,2.1945540654807294,6.40544593451927
gen=45_member=7737_pso,50,storage_zplus_2p00,storage,Storage,S,1.2,0.144,0.12,0.022190548492442997,,,1.2,0.144,36.1261288,36.12613241634489,114.7386616163449,3.75756,3.3851247282973413,5.214875271702658
gen=35_member=6019_pso,50,storage_zplus_2p00,storage,Storage,S,1.2,0.144,0.12,0.022190548492442997,,,1.2,0.144,36.062408,36.06245626130536,114.67498546130537,3.73038,3.3598912234113105,5.24010877658869
gen=46_member=7796_pso,50,storage_zplus_2p00,storage,Storage,S,1.2,0.144,0.12,0.022190548492442997,,,1.2,0.144,35.467532,35.46763029885118,114.08015949885117,3.43824,3.0775632933450705,5.522436706654929
gen=47_member=7977_pso,50,storage_zplus_2p00,storage,Storage,S,1.2,0.144,0.12,0.022190548492442997,,,1.2,0.144,35.5069676,35.506986680921436,114.11951588092144,3.45533,3.0948143262968935,5.505185673703107
gen=49_member=8311_pso,50,storage_zplus_2p00,storage,Storage,S,1.2,0.144,0.12,0.022190548492442997,,,1.2,0.144,36.0073764,36.00733726709178,114.61986646709177,3.70558,3.3356725590405425,5.264327440959457
gen=29_member=4851_pso,50,storage_zplus_2p00,storage,Storage,S,1.2,0.144,0.12,0.022190548492442997,,,1.2,0.144,35.2643384,35.264277472776136,113.87680667277613,3.33985,2.9857513239630498,5.61424867603695
gen=34_member=5819_pso,50,storage_zplus_2p00,storage,Storage,S,1.2,0.144,0.12,0.022190548492442997,,,1.2,0.144,34.5609588,34.56103873283972,113.17356793283972,3.0224,2.6997231919116875,5.900276808088313
gen=38_member=6490_pso,50,storage_zplus_2p00,storage,Storage,S,1.2,0.144,0.12,0.022190548492442997,,,1.2,0.144,36.0697604,36.069858023161345,114.68238722316136,3.73254,3.3618817345553618,5.238118265444638
gen=42_member=7145_pso,50,storage_zplus_2p00,storage,Storage,S,1.2,0.144,0.12,0.022190548492442997,,,1.2,0.144,36.306151199999995,36.30614392385608,114.9186731238561,3.85887,3.4797004769906006,5.120299523009399
gen=28_member=4655_pso,50,storage_zplus_2p00,storage,Storage,S,1.2,0.144,0.12,0.022190548492442997,,,1.2,0.144,33.7361532,33.73614280489097,112.34867200489097,2.71633,2.412612160362496,6.187387839637504
gen=24_member=4008_pso,50,storage_zplus_2p00,storage,Storage,S,1.2,0.144,0.12,0.022190548492442997,,,1.2,0.144,33.7668996,33.76696087691461,112.3794900769146,2.71969,2.414956697199921,6.185043302800079
gen=34_member=5732_pso,50,storage_zplus_2p00,storage,Storage,S,1.2,0.144,0.12,0.022190548492442997,,,1.2,0.144,33.7822728,33.7821917262945,112.39472092629453,2.72045,2.41653617075435,6.18346382924565
gen=40_member=6768_pso,50,storage_zplus_2p00,storage,Storage,S,1.2,0.144,0.12,0.022190548492442997,,,1.2,0.144,36.653050799999995,36.65302211816361,115.26555131816362,4.06357,3.6722091023847496,4.92779089761525
gen=44_member=7554_pso,50,storage_zplus_2p00,storage,Storage,S,1.2,0.144,0.12,0.022190548492442997,,,1.2,0.144,33.7114224,33.71131958774986,112.32384878774988,2.69854,2.3962608255543563,6.203739174445643
gen=18_member=3072_pso,50,storage_zplus_2p00,storage,Storage,S,1.2,0.144,0.12,0.022190548492442997,,,1.2,0.144,37.154796399999995,37.15490686727385,115.76743606727385,4.37912,3.969983420123333,4.630016579876667
gen=50_member=8445_pso,50,storage_zplus_2p00,storage,Storage,S,1.2,0.144,0.12,0.022190548492442997,,,1.2,0.144,20.94736636,20.947372107145803,99.55990130714581,1.01547,0.8600591989256519,7.739940801074348
gen=50_member=8506_pso,50,storage_zplus_2p00,storage,Storage,S,1.2,0.144,0.12,0.022190548492442997,,,1.2,0.144,36.1778184,36.17771080932583,114.79024000932583,3.79088,3.416927310076995,5.183072689923005
gen=50_member=8596_pso,50,storage_zplus_2p00,storage,Storage,S,1.2,0.144,0.12,0.022190548492442997,,,1.2,0.144,31.6560924,31.656131000200023,110.26866020020003,2.13446,1.8756299591638228,6.724370040836177
gen=50_member=8464_pso,50,storage_zplus_2p00,storage,Storage,S,1.2,0.144,0.12,0.022190548492442997,,,1.2,0.144,35.1692028,35.16929619734085,113.78182539734085,3.28738,2.938446194478502,5.661553805521498
gen=50_member=8489_pso,50,storage_zplus_2p00,storage,Storage,S,1.2,0.144,0.12,0.022190548492442997,,,1.2,0.144,33.927984,33.928075253726064,112.54060445372608,2.76217,2.4534295010594054,6.146570498940594
gen=50_member=8579_pso,50,storage_zplus_2p00,storage,Storage,S,1.2,0.144,0.12,0.022190548492442997,,,1.2,0.144,35.2674576,35.267503555717184,113.8800327557172,3.34196,2.9877090598022242,5.612290940197775
gen=50_member=8474_pso,50,storage_zplus_2p00,storage,Storage,S,1.2,0.144,0.12,0.022190548492442997,,,1.2,0.144,28.369124,28.369120398124426,106.98164959812442,1.54501,1.3330323208912342,7.266967679108765
gen=50_member=8555_pso,50,storage_zplus_2p00,storage,Storage,S,1.2,0.144,0.12,0.022190548492442997,,,1.2,0.144,34.7982408,34.798261721440575,113.41079092144058,3.12278,2.7871118787115194,5.812888121288481
gen=50_member=8483_pso,50,storage_zplus_2p00,storage,Storage,S,1.2,0.144,0.12,0.022190548492442997,,,1.2,0.144,32.124418,32.12450543561306,110.73703463561304,2.25475,1.9896092014276545,6.610390798572345
gen=50_member=8443_pso,50,storage_zplus_2p00,storage,Storage,S,1.2,0.144,0.12,0.022190548492442997,,,1.2,0.144,29.0288348,29.028751720435796,107.64128092043579,1.62866,1.4126294884740345,7.187370511525965
gen=50_member=8469_pso,50,storage_zplus_2p00,storage,Storage,S,1.2,0.144,0.12,0.022190548492442997,,,1.2,0.144,27.342684399999996,27.342638190802248,105.95516739080225,1.39731,1.1983926399062503,7.401607360093749
gen=50_member=8584_pso,50,storage_zplus_2p00,storage,Storage,S,1.2,0.144,0.12,0.022190548492442997,,,1.2,0.144,36.776259200000005,36.77633515260383,115.38886435260383,4.09976,3.709027648342086,4.890972351657913
gen=50_member=8572_pso,50,storage_zplus_2p00,storage,Storage,S,1.2,0.144,0.12,0.022190548492442997,,,1.2,0.144,35.3808628,35.38077037906462,113.99329957906461,3.38958,3.0323843764598664,5.567615623540133
gen=50_member=8550_pso,50,storage_zplus_2p00,storage,Storage,S,1.2,0.144,0.12,0.022190548492442997,,,1.2,0.144,35.4354488,35.43550778076299,114.048036980763,3.41089,3.0521522409061395,5.547847759093861
gen=50_member=8507_pso,50,storage_zplus_2p00,storage,Storage,S,1.2,0.144,0.12,0.022190548492442997,,,1.2,0.144,29.1130532,29.113125122660595,107.72565432266059,1.64928,1.43115574179678,7.16884425820322
gen=50_member=8467_pso,50,storage_zplus_2p00,storage,Storage,S,1.2,0.144,0.12,0.022190548492442997,,,1.2,0.144,28.4317308,28.431750054504132,107.04427925450413,1.56923,1.357772663578749,7.242227336421251
gen=50_member=8487_pso,50,storage_zplus_2p00,storage,Storage,S,1.2,0.144,0.12,0.022190548492442997,,,1.2,0.144,35.5025116,35.50262187067714,114.11515107067714,3.45215,3.0926656207717698,5.507334379228229
