scenario,T_factor,T_value,probability_weight,member,generation,archive_pumping_objective_gpm,archive_pumping_objective_cfs,archive_total_pumping_gpm,archive_total_pumping_cfs,archive_depletion_cfs,archive_streamflow_cfs,pumping_objective_reeval_gpm,pumping_objective_reeval_cfs,total_pumping_gpm,total_pumping_cfs,full_model_total_pumping_gpm,full_model_total_pumping_cfs,n_model_q_columns,n_objective_q_columns,depletion_obs_name,depletion_cfs,streamflow_cfs,baseline_parameter_depletion_cfs,baseline_parameter_streamflow_cfs,depletion_change_from_baseline_cfs,streamflow_change_from_baseline_cfs,absolute_depletion_error_cfs,absolute_streamflow_error_cfs,streamflow_shortfall_below_baseline_cfs
T_minus_10pct,0.9,1530.0,,152,50,17542.8,39.0853584,17542.8,39.0853584,4.78258,3.81742,17542.837279493986,39.0854414587126,17542.837279493986,39.0854414587126,52826.73727949399,117.6979706587126,327,86,lpr:total_combined:bdpl,4.528502874618582,4.071497125381418,4.782582221327709,3.817417778672291,-0.25407934670912713,0.25407934670912713,0.25407934670912713,0.25407934670912713,0.0
T_minus_10pct,0.9,1530.0,,gen=36_member=6021_pso,50,7060.34,15.73043752,7060.34,15.73043752,0.811083,7.788917,7060.336017493249,15.730428646974955,7060.336017493249,15.730428646974955,42344.23601749325,94.34295784697495,327,86,lpr:total_combined:bdpl,0.7368285623823636,7.863171437617636,0.8110833649714815,7.788916635028518,-0.07425480258911787,0.07425480258911765,0.07425480258911787,0.07425480258911765,0.0
T_minus_10pct,0.9,1530.0,,16,50,17265.5,38.467534,17265.5,38.467534,4.48927,4.110729999999999,17265.49762402037,38.46752870631738,17265.49762402037,38.46752870631738,52549.39762402036,117.08005790631736,327,86,lpr:total_combined:bdpl,4.244399745369843,4.355600254630157,4.489273592740293,4.1107264072597065,-0.24487384737045037,0.24487384737045037,0.24487384737045037,0.24487384737045037,0.0
T_minus_10pct,0.9,1530.0,,130,50,17325.0,38.6001,17325.0,38.6001,4.69071,3.90929,17325.020546659372,38.60014577795708,17325.020546659372,38.60014577795708,52608.92054665938,117.21267497795708,327,86,lpr:total_combined:bdpl,4.440520481520696,4.159479518479303,4.690710603433739,3.909289396566261,-0.25019012191304313,0.25019012191304224,0.25019012191304313,0.25019012191304224,0.0
T_minus_10pct,0.9,1530.0,,95,50,17459.9,38.900657200000005,17459.9,38.900657200000005,4.70127,3.89873,17459.910855081478,38.90068138512153,17459.910855081478,38.90068138512153,52743.81085508148,117.51321058512151,327,86,lpr:total_combined:bdpl,4.448100830976608,4.151899169023392,4.701268362481829,3.8987316375181695,-0.25316753150522153,0.2531675315052224,0.25316753150522153,0.2531675315052224,0.0
T_minus_10pct,0.9,1530.0,,156,50,16882.3,37.6137644,16882.3,37.6137644,4.4265,4.1735,16882.312566035933,37.61379239712806,16882.312566035933,37.61379239712806,52166.21256603594,116.22632159712806,327,86,lpr:total_combined:bdpl,4.186437557919264,4.413562442080735,4.42649581404381,4.173504185956189,-0.2400582561245459,0.2400582561245459,0.2400582561245459,0.2400582561245459,0.0
T_minus_10pct,0.9,1530.0,,gen=47_member=7948_pso,50,12805.2,28.5299856,12805.2,28.5299856,1.5703,7.0297,12805.176146545087,28.52993245450245,12805.176146545087,28.52993245450245,48089.076146545085,107.14246165450244,327,86,lpr:total_combined:bdpl,1.4454573131635846,7.154542686836415,1.5702986372987264,7.029701362701273,-0.12484132413514182,0.12484132413514182,0.12484132413514182,0.12484132413514182,0.0
T_minus_10pct,0.9,1530.0,,gen=48_member=8161_pso,50,11000.1,24.5082228,11000.1,24.5082228,1.17026,7.42974,11000.12673609313,24.508282368015493,11000.12673609313,24.508282368015493,46284.02673609313,103.1208115680155,327,86,lpr:total_combined:bdpl,1.061361452729345,7.538638547270654,1.1702608914176431,7.429739108582357,-0.10889943868829821,0.10889943868829732,0.10889943868829821,0.10889943868829732,0.0
T_minus_10pct,0.9,1530.0,,gen=33_member=5661_pso,50,16558.2,36.8916696,16558.2,36.8916696,4.21575,4.38425,16558.228221578418,36.89173247767671,16558.228221578418,36.89173247767671,51842.128221578416,115.50426167767672,327,86,lpr:total_combined:bdpl,3.982303300085741,4.617696699914259,4.215754201843512,4.384245798156488,-0.23345090175777106,0.23345090175777017,0.23345090175777106,0.23345090175777017,0.0
T_minus_10pct,0.9,1530.0,,gen=47_member=7921_pso,50,16619.9,37.0291372,16619.9,37.0291372,4.27101,4.328989999999999,16619.894322164353,37.029124549782175,16619.894322164353,37.029124549782175,51903.79432216436,115.6416537497822,327,86,lpr:total_combined:bdpl,4.036505397539104,4.563494602460896,4.271007614577858,4.328992385422142,-0.23450221703875407,0.23450221703875407,0.23450221703875407,0.23450221703875407,0.0
T_minus_10pct,0.9,1530.0,,gen=40_member=6722_pso,50,13108.9,29.2066292,13108.9,29.2066292,1.65561,6.944389999999999,13108.890627812632,29.206608318766545,13108.890627812632,29.206608318766545,48392.79062781263,107.81913751876654,327,86,lpr:total_combined:bdpl,1.52660415414416,7.07339584585584,1.6556098007990303,6.944390199200969,-0.12900564665487035,0.12900564665487124,0.12900564665487035,0.12900564665487124,0.0
T_minus_10pct,0.9,1530.0,,gen=48_member=8113_pso,50,16612.9,37.0135412,16612.9,37.0135412,4.2324,4.3676,16612.892695433202,37.01352492542517,16612.892695433202,37.01352492542517,51896.79269543321,115.62605412542518,327,86,lpr:total_combined:bdpl,3.998997909055946,4.601002090944053,4.232401729996877,4.367598270003123,-0.23340382094093037,0.23340382094093037,0.23340382094093037,0.23340382094093037,0.0
T_minus_10pct,0.9,1530.0,,gen=48_member=8218_pso,50,16437.9,36.6236412,16437.9,36.6236412,4.03399,4.56601,16437.898572598093,36.62363801974855,16437.898572598093,36.62363801974855,51721.7985725981,115.23616721974857,327,86,lpr:total_combined:bdpl,3.808646910928999,4.791353089071,4.033988191639938,4.566011808360062,-0.22534128071093873,0.22534128071093829,0.22534128071093873,0.22534128071093829,0.0
T_minus_10pct,0.9,1530.0,,gen=42_member=7058_pso,50,8000.5,17.825114,8000.5,17.825114,0.864582,7.735417999999999,8000.501335844605,17.82511697626178,8000.501335844605,17.82511697626178,43284.40133584461,96.4376461762618,327,86,lpr:total_combined:bdpl,0.7813354591876954,7.818664540812304,0.8645822572117029,7.735417742788297,-0.08324679802400747,0.0832467980240077,0.08324679802400747,0.0832467980240077,0.0
T_minus_10pct,0.9,1530.0,,gen=48_member=8245_pso,50,16552.5,36.87897,16552.5,36.87897,4.17121,4.428789999999999,16552.462486135883,36.87888641911074,16552.462486135883,36.87888641911074,51836.36248613589,115.49141561911075,327,86,lpr:total_combined:bdpl,3.938740520865801,4.661259479134198,4.1712068907145685,4.428793109285431,-0.23246636984876767,0.23246636984876723,0.23246636984876767,0.23246636984876723,0.0
T_minus_10pct,0.9,1530.0,,gen=41_member=6922_pso,50,14414.7,32.1159516,14414.7,32.1159516,2.24821,6.351789999999999,14414.68617782016,32.11592080418332,14414.68617782016,32.11592080418332,49698.586177820165,110.72845000418332,327,86,lpr:total_combined:bdpl,2.092625650055133,6.507374349944866,2.248210831838707,6.351789168161293,-0.15558518178357428,0.1555851817835734,0.15558518178357428,0.1555851817835734,0.0
T_minus_10pct,0.9,1530.0,,gen=41_member=6885_pso,50,7606.89,16.94815092,7606.89,16.94815092,0.828565,7.771434999999999,7606.8867677638145,16.94814371857778,7606.8867677638145,16.94814371857778,42890.78676776381,95.56067291857778,327,86,lpr:total_combined:bdpl,0.7506854894511737,7.849314510548826,0.8285654379401006,7.771434562059899,-0.07787994848892688,0.07787994848892676,0.07787994848892688,0.07787994848892676,0.0
T_minus_10pct,0.9,1530.0,,gen=37_member=6262_pso,50,11388.2,25.3729096,11388.2,25.3729096,1.2425,7.3575,11388.151134235766,25.372800727077287,11388.151134235766,25.372800727077287,46672.05113423576,103.98532992707726,327,86,lpr:total_combined:bdpl,1.1313972036920863,7.468602796307913,1.2424981099154595,7.35750189008454,-0.11110090622337321,0.11110090622337232,0.11110090622337321,0.11110090622337232,0.0
T_minus_10pct,0.9,1530.0,,gen=39_member=6554_pso,50,10285.0,22.91498,10285.0,22.91498,1.07599,7.52401,10284.979691111876,22.91493475179726,10284.979691111876,22.91493475179726,45568.87969111188,101.52746395179726,327,86,lpr:total_combined:bdpl,0.9734645275728808,7.626535472427118,1.0759853155948564,7.524014684405143,-0.10252078802197562,0.10252078802197495,0.10252078802197562,0.10252078802197495,0.0
T_minus_10pct,0.9,1530.0,,gen=44_member=7409_pso,50,13027.9,29.0261612,13027.9,29.0261612,1.61819,6.981809999999999,13027.906198178654,29.02617500954204,13027.906198178654,29.02617500954204,48311.806198178645,107.638704209542,327,86,lpr:total_combined:bdpl,1.4917019623602024,7.1082980376397975,1.6181922753542444,6.981807724645755,-0.126490312994042,0.12649031299404268,0.126490312994042,0.12649031299404268,0.0
T_minus_10pct,0.9,1530.0,,gen=33_member=5597_pso,50,9167.62,20.425457360000003,9167.62,20.425457360000003,0.993719,7.606280999999999,9167.61535240611,20.42544700516081,9167.61535240611,20.42544700516081,44451.51535240611,99.03797620516082,327,86,lpr:total_combined:bdpl,0.9019048050605926,7.698095194939407,0.9937193119614058,7.606280688038594,-0.09181450690081328,0.09181450690081316,0.09181450690081328,0.09181450690081316,0.0
T_minus_10pct,0.9,1530.0,,gen=35_member=5926_pso,50,12907.8,28.7585784,12907.8,28.7585784,1.60584,6.99416,12907.758626244162,28.75848621927199,12907.758626244162,28.75848621927199,48191.65862624416,107.371015419272,327,86,lpr:total_combined:bdpl,1.4797914294410863,7.120208570558913,1.6058441235180438,6.994155876481956,-0.12605269407695752,0.1260526940769573,0.12605269407695752,0.1260526940769573,0.0
T_minus_10pct,0.9,1530.0,,gen=42_member=7147_pso,50,16510.5,36.785394,16510.5,36.785394,4.12536,4.47464,16510.539615080983,36.78548226240043,16510.539615080983,36.78548226240043,51794.43961508098,115.39801146240043,327,86,lpr:total_combined:bdpl,3.89426663588854,4.70573336411146,4.125357521076862,4.474642478923138,-0.23109088518832177,0.23109088518832177,0.23109088518832177,0.23109088518832177,0.0
T_minus_10pct,0.9,1530.0,,gen=47_member=7992_pso,50,16742.9,37.3031812,16742.9,37.3031812,4.41535,4.18465,16742.901021820653,37.30318347661641,16742.901021820653,37.30318347661641,52026.801021820655,115.91571267661642,327,86,lpr:total_combined:bdpl,4.175699512397961,4.424300487602038,4.415352874721832,4.184647125278167,-0.23965336232387102,0.23965336232387102,0.23965336232387102,0.23965336232387102,0.0
T_minus_10pct,0.9,1530.0,,gen=44_member=7479_pso,50,13342.5,29.72709,13342.5,29.72709,1.7727,6.827299999999999,13342.45643112823,29.726992928553692,13342.45643112823,29.726992928553692,48626.35643112823,108.3395221285537,327,86,lpr:total_combined:bdpl,1.6375139202167783,6.962486079783221,1.7727044994457113,6.827295500554288,-0.13519057922893296,0.13519057922893296,0.13519057922893296,0.13519057922893296,0.0
T_minus_10pct,0.9,1530.0,,gen=46_member=7840_pso,50,12494.8,27.8384144,12494.8,27.8384144,1.46259,7.137409999999999,12494.774325072109,27.838357196260656,12494.774325072109,27.838357196260656,47778.67432507211,106.45088639626066,327,86,lpr:total_combined:bdpl,1.3427789111909916,7.257221088809008,1.4625932530033692,7.13740674699663,-0.1198143418123776,0.11981434181237738,0.1198143418123776,0.11981434181237738,0.0
T_minus_10pct,0.9,1530.0,,gen=36_member=6076_pso,50,16639.0,37.071692,16639.0,37.071692,4.31441,4.28559,16638.98292029259,37.07165394641189,16638.98292029259,37.07165394641189,51922.88292029259,115.6841831464119,327,86,lpr:total_combined:bdpl,4.07764140222617,4.522358597773829,4.314408249931125,4.285591750068875,-0.2367668477049545,0.2367668477049545,0.2367668477049545,0.2367668477049545,0.0
T_minus_10pct,0.9,1530.0,,gen=39_member=6576_pso,50,11030.9,24.5768452,11030.9,24.5768452,1.21064,7.38936,11030.877123997438,24.57679423226629,11030.877123997438,24.57679423226629,46314.77712399744,103.18932343226628,327,86,lpr:total_combined:bdpl,1.1027749171855548,7.497225082814445,1.2106413178735036,7.389358682126496,-0.10786640068794884,0.10786640068794906,0.10786640068794884,0.10786640068794906,0.0
T_minus_10pct,0.9,1530.0,,gen=46_member=7833_pso,50,13587.9,30.2738412,13587.9,30.2738412,1.83739,6.76261,13587.891582341546,30.273822445456965,13587.891582341546,30.273822445456965,48871.791582341546,108.88635164545695,327,86,lpr:total_combined:bdpl,1.6991531981368964,6.900846801863104,1.837394816219615,6.762605183780384,-0.13824161808271862,0.13824161808271995,0.13824161808271862,0.13824161808271995,0.0
T_minus_10pct,0.9,1530.0,,gen=36_member=6039_pso,50,15366.6,34.2367848,15366.6,34.2367848,2.88658,5.713419999999999,15366.588834231065,34.236759922666806,15366.588834231065,34.236759922666806,50650.488834231066,112.84928912266682,327,86,lpr:total_combined:bdpl,2.7006628744357664,5.899337125564234,2.8865790925389523,5.713420907461048,-0.18591621810318593,0.18591621810318593,0.18591621810318593,0.18591621810318593,0.0
T_minus_10pct,0.9,1530.0,,gen=45_member=7630_pso,50,9099.38,20.27341864,9099.38,20.27341864,0.964314,7.635686,9099.382966194604,20.273425248681576,9099.382966194604,20.273425248681576,44383.2829661946,98.88595444868156,327,86,lpr:total_combined:bdpl,0.871864401903717,7.728135598096283,0.9643142048409978,7.635685795159002,-0.09244980293728089,0.09244980293728045,0.09244980293728089,0.09244980293728045,0.0
T_minus_10pct,0.9,1530.0,,gen=41_member=7002_pso,50,14118.5,31.456018,14118.5,31.456018,2.09323,6.50677,14118.496438410091,31.456010064777686,14118.496438410091,31.456010064777686,49402.3964384101,110.0685392647777,327,86,lpr:total_combined:bdpl,1.9435923026850912,6.656407697314909,2.0932333142827297,6.50676668571727,-0.14964101159763854,0.14964101159763832,0.14964101159763854,0.14964101159763832,0.0
T_minus_10pct,0.9,1530.0,,gen=44_member=7416_pso,50,10116.5,22.539562,10116.5,22.539562,1.03735,7.56265,10116.468954449134,22.53949283051267,10116.468954449134,22.53949283051267,45400.368954449135,101.15202203051268,327,86,lpr:total_combined:bdpl,0.9374368699275352,7.662563130072464,1.0373456001592622,7.562654399840738,-0.09990873023172708,0.09990873023172675,0.09990873023172708,0.09990873023172675,0.0
T_minus_10pct,0.9,1530.0,,gen=48_member=8130_pso,50,13598.1,30.2965668,13598.1,30.2965668,1.8663,6.7337,13598.135306696122,30.29664546331896,13598.135306696122,30.29664546331896,48882.035306696125,108.90917466331896,327,86,lpr:total_combined:bdpl,1.7272416563784982,6.872758343621501,1.8663016796690663,6.733698320330934,-0.1390600232905681,0.13906002329056744,0.1390600232905681,0.13906002329056744,0.0
T_minus_10pct,0.9,1530.0,,gen=42_member=7150_pso,50,10331.4,23.0183592,10331.4,23.0183592,1.08725,7.51275,10331.394060382165,23.018345966531463,10331.394060382165,23.018345966531463,45615.29406038216,101.63087516653144,327,86,lpr:total_combined:bdpl,0.9887187518632315,7.611281248136768,1.087248915729321,7.512751084270679,-0.09853016386608948,0.09853016386608893,0.09853016386608948,0.09853016386608893,0.0
T_minus_10pct,0.9,1530.0,,gen=46_member=7861_pso,50,16417.4,36.5779672,16417.4,36.5779672,4.0076,4.5924,16417.395088623984,36.57795625745423,16417.395088623984,36.57795625745423,51701.29508862399,115.19048545745424,327,86,lpr:total_combined:bdpl,3.78021799460968,4.819782005390319,4.007601081757205,4.592398918242795,-0.22738308714752486,0.22738308714752442,0.22738308714752486,0.22738308714752442,0.0
T_minus_10pct,0.9,1530.0,,gen=47_member=8013_pso,50,10857.2,24.1898416,10857.2,24.1898416,1.14776,7.45224,10857.21987356665,24.18988587830649,10857.21987356665,24.18988587830649,46141.11987356664,102.80241507830648,327,86,lpr:total_combined:bdpl,1.0422072136410925,7.557792786358908,1.147762321088277,7.452237678911723,-0.10555510744718455,0.10555510744718521,0.10555510744718455,0.10555510744718521,0.0
T_minus_10pct,0.9,1530.0,,gen=34_member=5833_pso,50,16631.7,37.0554276,16631.7,37.0554276,4.29346,4.30654,16631.71757138718,37.05546674905064,16631.71757138718,37.05546674905064,51915.61757138718,115.66799594905063,327,86,lpr:total_combined:bdpl,4.057678386616517,4.542321613383483,4.293456493397734,4.3065435066022655,-0.23577810678121747,0.23577810678121747,0.23577810678121747,0.23577810678121747,0.0
T_minus_10pct,0.9,1530.0,,gen=29_member=4835_pso,50,13986.9,31.1628132,13986.9,31.1628132,2.02499,6.57501,13986.934975559145,31.16289112554577,13986.934975559145,31.16289112554577,49270.83497555914,109.77542032554577,327,86,lpr:total_combined:bdpl,1.8775428728546069,6.722457127145393,2.024985639976596,6.575014360023404,-0.14744276712198934,0.1474427671219889,0.14744276712198934,0.1474427671219889,0.0
T_minus_10pct,0.9,1530.0,,gen=43_member=7309_pso,50,12730.0,28.36244,12730.0,28.36244,1.53641,7.06359,12729.974511114962,28.362383210764136,12729.974511114962,28.362383210764136,48013.87451111496,106.97491241076412,327,86,lpr:total_combined:bdpl,1.413738415753488,7.186261584246512,1.5364104025504484,7.063589597449552,-0.12267198679696034,0.12267198679695923,0.12267198679696034,0.12267198679695923,0.0
T_minus_10pct,0.9,1530.0,,gen=42_member=7162_pso,50,15379.6,34.2657488,15379.6,34.2657488,2.92099,5.67901,15379.57539657168,34.265693983561704,15379.57539657168,34.265693983561704,50663.47539657169,112.87822318356172,327,86,lpr:total_combined:bdpl,2.734478381385228,5.865521618614772,2.9209899539452198,5.67901004605478,-0.18651157255999173,0.18651157255999173,0.18651157255999173,0.18651157255999173,0.0
T_minus_10pct,0.9,1530.0,,gen=43_member=7394_pso,50,13330.1,29.6994628,13330.1,29.6994628,1.74092,6.85908,13330.062566207302,29.69937939750987,13330.062566207302,29.69937939750987,48613.96256620731,108.31190859750988,327,86,lpr:total_combined:bdpl,1.6075798859903028,6.992420114009697,1.7409232462479096,6.85907675375209,-0.13334336025760685,0.13334336025760685,0.13334336025760685,0.13334336025760685,0.0
T_minus_10pct,0.9,1530.0,,gen=47_member=7994_pso,50,12436.2,27.7078536,12436.2,27.7078536,1.42551,7.17449,12436.24831050038,27.707961235794844,12436.24831050038,27.707961235794844,47720.14831050039,106.32049043579484,327,86,lpr:total_combined:bdpl,1.3068869301571135,7.293113069842886,1.4255099966871652,7.174490003312835,-0.11862306653005161,0.11862306653005117,0.11862306653005161,0.11862306653005117,0.0
T_minus_10pct,0.9,1530.0,,gen=48_member=8212_pso,50,11449.2,25.5088176,11449.2,25.5088176,1.2664,7.3336,11449.242432093595,25.50891213870453,11449.242432093595,25.50891213870453,46733.14243209359,104.12144133870451,327,86,lpr:total_combined:bdpl,1.1549136602007528,7.445086339799246,1.266398238769936,7.333601761230064,-0.11148457856918315,0.1114845785691827,0.11148457856918315,0.1114845785691827,0.0
T_minus_10pct,0.9,1530.0,,gen=34_member=5718_pso,50,8625.66,19.21797048,8625.66,19.21797048,0.92753,7.67247,8625.662075736527,19.217975104740983,8625.662075736527,19.217975104740983,43909.562075736525,97.83050430474096,327,86,lpr:total_combined:bdpl,0.8445537039462581,7.755446296053742,0.9275296888087196,7.672470311191279,-0.0829759848624615,0.08297598486246294,0.0829759848624615,0.08297598486246294,0.0
T_minus_10pct,0.9,1530.0,,gen=40_member=6749_pso,50,14377.8,32.0337384,14377.8,32.0337384,2.22633,6.37367,14377.837728554165,32.03382245921868,14377.837728554165,32.03382245921868,49661.73772855416,110.64635165921868,327,86,lpr:total_combined:bdpl,2.070703771905768,6.529296228094232,2.226329000439628,6.373670999560371,-0.15562522853385996,0.15562522853386085,0.15562522853385996,0.15562522853386085,0.0
T_minus_10pct,0.9,1530.0,,gen=45_member=7712_pso,50,14346.7,31.9644476,14346.7,31.9644476,2.20694,6.39306,14346.687350816374,31.96441941761888,14346.687350816374,31.96441941761888,49630.58735081638,110.57694861761888,327,86,lpr:total_combined:bdpl,2.052229776650082,6.547770223349918,2.206943643436204,6.393056356563795,-0.1547138667861221,0.15471386678612298,0.1547138667861221,0.15471386678612298,0.0
T_minus_10pct,0.9,1530.0,,gen=49_member=8286_pso,50,14311.4,31.8857992,14311.4,31.8857992,2.18552,6.414479999999999,14311.376485293918,31.88574680923485,14311.376485293918,31.88574680923485,49595.27648529392,110.49827600923484,327,86,lpr:total_combined:bdpl,2.0314620353824293,6.568537964617571,2.1855188028063663,6.414481197193633,-0.15405676742393704,0.15405676742393748,0.15405676742393704,0.15405676742393748,0.0
T_minus_10pct,0.9,1530.0,,gen=47_member=7987_pso,50,14514.3,32.3378604,14514.3,32.3378604,2.30822,6.291779999999999,14514.340355287972,32.3379503115816,14514.340355287972,32.3379503115816,49798.240355287984,110.95047951158162,327,86,lpr:total_combined:bdpl,2.1495365130813417,6.4504634869186575,2.308223392273641,6.291776607726359,-0.1586868791922993,0.15868687919229885,0.1586868791922993,0.15868687919229885,0.0
T_minus_10pct,0.9,1530.0,,gen=42_member=7104_pso,50,16665.4,37.1305112,16665.4,37.1305112,4.35228,4.247719999999999,16665.416399962523,37.1305477391165,16665.416399962523,37.1305477391165,51949.316399962525,115.7430769391165,327,86,lpr:total_combined:bdpl,4.114461172838689,4.485538827161311,4.352276475860758,4.247723524139242,-0.2378153030220691,0.2378153030220691,0.2378153030220691,0.2378153030220691,0.0
T_minus_10pct,0.9,1530.0,,gen=44_member=7536_pso,50,10532.7,23.4668556,10532.7,23.4668556,1.11985,7.48015,10532.695635614367,23.46684587614881,10532.695635614367,23.46684587614881,45816.595635614365,102.0793750761488,327,86,lpr:total_combined:bdpl,1.0182271280593571,7.581772871940642,1.119851808944549,7.48014819105545,-0.10162468088519194,0.10162468088519194,0.10162468088519194,0.10162468088519194,0.0
T_minus_10pct,0.9,1530.0,,gen=38_member=6480_pso,50,14096.6,31.4072248,14096.6,31.4072248,2.07448,6.52552,14096.558826721668,31.40713306593588,14096.558826721668,31.40713306593588,49380.45882672166,110.01966226593586,327,86,lpr:total_combined:bdpl,1.9237652519365964,6.676234748063403,2.0744810502582167,6.525518949741783,-0.1507157983216203,0.1507157983216203,0.1507157983216203,0.1507157983216203,0.0
T_minus_10pct,0.9,1530.0,,gen=43_member=7269_pso,50,16532.0,36.833296,16532.0,36.833296,4.14372,4.45628,16532.04655021134,36.83339971387087,16532.04655021134,36.83339971387087,51815.94655021134,115.44592891387086,327,86,lpr:total_combined:bdpl,3.912188679846797,4.687811320153203,4.14371619026555,4.456283809734449,-0.2315275104187533,0.2315275104187533,0.2315275104187533,0.2315275104187533,0.0
T_minus_10pct,0.9,1530.0,,gen=35_member=5948_pso,50,16640.0,37.07392,16640.0,37.07392,4.33924,4.260759999999999,16639.96688179718,37.07384621264411,16639.96688179718,37.07384621264411,51923.86688179718,115.68637541264413,327,86,lpr:total_combined:bdpl,4.101792728309872,4.498207271690128,4.339241874247068,4.260758125752932,-0.23744914593719635,0.23744914593719635,0.23744914593719635,0.23744914593719635,0.0
T_minus_10pct,0.9,1530.0,,gen=29_member=4871_pso,50,8008.75,17.843495,8008.75,17.843495,0.881544,7.718456,8008.750981927178,17.843497187733753,8008.750981927178,17.843497187733753,43292.65098192718,96.45602638773376,327,86,lpr:total_combined:bdpl,0.8004207945897627,7.799579205410237,0.8815436349096046,7.718456365090395,-0.08112284031984196,0.08112284031984185,0.08112284031984196,0.08112284031984185,0.0
T_minus_10pct,0.9,1530.0,,gen=36_member=6031_pso,50,14065.7,31.3383796,14065.7,31.3383796,2.05415,6.54585,14065.705021342765,31.338390787551678,14065.705021342765,31.338390787551678,49349.605021342766,109.95091998755169,327,86,lpr:total_combined:bdpl,1.9048849451004173,6.695115054899582,2.054152766640796,6.545847233359204,-0.14926782154037865,0.149267821540378,0.14926782154037865,0.149267821540378,0.0
T_minus_10pct,0.9,1530.0,,gen=39_member=6689_pso,50,13203.1,29.4165068,13203.1,29.4165068,1.67871,6.92129,13203.060227037016,29.416418185838467,13203.060227037016,29.416418185838467,48486.96022703701,108.02894738583844,327,86,lpr:total_combined:bdpl,1.5486443506229377,7.0513556493770615,1.6787094998114656,6.921290500188534,-0.13006514918852785,0.1300651491885274,0.13006514918852785,0.1300651491885274,0.0
T_minus_10pct,0.9,1530.0,,gen=46_member=7811_pso,50,13845.6,30.8479968,13845.6,30.8479968,1.95962,6.64038,13845.605065443777,30.84800808580873,13845.605065443777,30.84800808580873,49129.50506544377,109.46053728580873,327,86,lpr:total_combined:bdpl,1.8152645829770453,6.784735417022954,1.9596188640199477,6.640381135980052,-0.14435428104290238,0.1443542810429026,0.14435428104290238,0.1443542810429026,0.0
T_minus_10pct,0.9,1530.0,,gen=36_member=6150_pso,50,13245.2,29.5103056,13245.2,29.5103056,1.71536,6.884639999999999,13245.184447487673,29.51027094900253,13245.184447487673,29.51027094900253,48529.08444748768,108.12280014900254,327,86,lpr:total_combined:bdpl,1.583308809212996,7.016691190787004,1.715362470532215,6.884637529467785,-0.13205366131921892,0.13205366131921892,0.13205366131921892,0.13205366131921892,0.0
T_minus_10pct,0.9,1530.0,,gen=28_member=4698_pso,50,8808.14,19.62453592,8808.14,19.62453592,0.948853,7.651147,8808.139466235341,19.62453473077234,8808.139466235341,19.62453473077234,44092.03946623534,98.23706393077234,327,86,lpr:total_combined:bdpl,0.85902355645427,7.74097644354573,0.9488534751048376,7.651146524895162,-0.08982991865056766,0.089829918650568,0.08982991865056766,0.089829918650568,0.0
T_minus_10pct,0.9,1530.0,,gen=45_member=7580_pso,50,13204.6,29.4198488,13204.6,29.4198488,1.6928,6.9072,13204.56632136084,29.41977376399195,13204.56632136084,29.41977376399195,48488.46632136084,108.03230296399194,327,86,lpr:total_combined:bdpl,1.562266505304754,7.037733494695246,1.692796757945654,6.907203242054345,-0.1305302526409,0.13053025264090046,0.1305302526409,0.13053025264090046,0.0
T_minus_10pct,0.9,1530.0,,gen=37_member=6318_pso,50,16318.9,36.3585092,16318.9,36.3585092,3.89263,4.707369999999999,16318.897656289148,36.35850397821222,16318.897656289148,36.35850397821222,51602.79765628914,114.9710331782122,327,86,lpr:total_combined:bdpl,3.671181142873484,4.928818857126516,3.8926304214774334,4.707369578522565,-0.22144927860394947,0.22144927860395125,0.22144927860394947,0.22144927860395125,0.0
T_minus_10pct,0.9,1530.0,,gen=39_member=6634_pso,50,16717.5,37.24659,16717.5,37.24659,4.3792,4.2208,16717.491001829752,37.24656995207669,16717.491001829752,37.24656995207669,52001.39100182976,115.8590991520767,327,86,lpr:total_combined:bdpl,4.140466189280825,4.459533810719175,4.379201393789328,4.220798606210672,-0.2387352045085036,0.23873520450850272,0.2387352045085036,0.23873520450850272,0.0
T_minus_10pct,0.9,1530.0,,gen=46_member=7788_pso,50,14602.0,32.533256,14602.0,32.533256,2.35444,6.245559999999999,14601.962573339591,32.533172613400616,14601.962573339591,32.533172613400616,49885.86257333959,111.1457018134006,327,86,lpr:total_combined:bdpl,2.192595557887668,6.407404442112332,2.354441589637516,6.245558410362484,-0.16184603174984824,0.1618460317498478,0.16184603174984824,0.1618460317498478,0.0
T_minus_10pct,0.9,1530.0,,gen=46_member=7881_pso,50,12205.1,27.1929628,12205.1,27.1929628,1.37653,7.22347,12205.05494399434,27.192862415219388,12205.05494399434,27.192862415219388,47488.95494399434,105.80539161521938,327,86,lpr:total_combined:bdpl,1.257537326808338,7.342462673191662,1.376534935137965,7.223465064862035,-0.11899760832962691,0.11899760832962691,0.11899760832962691,0.11899760832962691,0.0
T_minus_10pct,0.9,1530.0,,gen=27_member=4566_pso,50,15351.3,34.2026964,15351.3,34.2026964,2.87573,5.72427,15351.282202197252,34.20265674649548,15351.282202197252,34.20265674649548,50635.18220219726,112.8151859464955,327,86,lpr:total_combined:bdpl,2.6886030353203045,5.911396964679695,2.87572560211735,5.72427439788265,-0.1871225667970453,0.1871225667970453,0.1871225667970453,0.1871225667970453,0.0
T_minus_10pct,0.9,1530.0,,gen=39_member=6698_pso,50,15045.0,33.52026,15045.0,33.52026,2.6497,5.9503,15044.951065128147,33.52015097310551,15044.951065128147,33.52015097310551,50328.85106512816,112.13268017310553,327,86,lpr:total_combined:bdpl,2.4744634998602537,6.125536500139746,2.6497013934446474,5.950298606555352,-0.17523789358439368,0.17523789358439412,0.17523789358439368,0.17523789358439412,0.0
T_minus_10pct,0.9,1530.0,,gen=41_member=6986_pso,50,16053.7,35.7676436,16053.7,35.7676436,3.58673,5.01327,16053.70357045494,35.767651554973604,16053.70357045494,35.767651554973604,51337.60357045494,114.3801807549736,327,86,lpr:total_combined:bdpl,3.3715437167692826,5.228456283230717,3.586730385344672,5.013269614655328,-0.21518666857538937,0.21518666857538893,0.21518666857538937,0.21518666857538893,0.0
T_minus_10pct,0.9,1530.0,,gen=41_member=6973_pso,50,15780.7,35.1593996,15780.7,35.1593996,3.28388,5.31612,15780.734547738595,35.15947657236159,15780.734547738595,35.15947657236159,51064.63454773859,113.77200577236158,327,86,lpr:total_combined:bdpl,3.07866904450773,5.521330955492269,3.283884959892168,5.316115040107832,-0.20521591538443795,0.2052159153844375,0.20521591538443795,0.2052159153844375,0.0
T_minus_10pct,0.9,1530.0,,gen=27_member=4568_pso,50,14613.4,32.5586552,14613.4,32.5586552,2.37042,6.22958,14613.413220266508,32.558684654753776,14613.413220266508,32.558684654753776,49897.31322026651,111.17121385475376,327,86,lpr:total_combined:bdpl,2.209052519811156,6.390947480188844,2.370423148131909,6.2295768518680905,-0.161370628320753,0.16137062832075344,0.161370628320753,0.16137062832075344,0.0
T_minus_10pct,0.9,1530.0,,gen=37_member=6357_pso,50,14643.5,32.625718,14643.5,32.625718,2.3887,6.2113,14643.504761078875,32.62572860768373,14643.504761078875,32.62572860768373,49927.40476107888,111.23825780768374,327,86,lpr:total_combined:bdpl,2.225139547255641,6.374860452744358,2.388702197214058,6.211297802785942,-0.16356264995841707,0.16356264995841663,0.16356264995841707,0.16356264995841663,0.0
T_minus_10pct,0.9,1530.0,,gen=47_member=8006_pso,50,16499.7,36.7613316,16499.7,36.7613316,4.09604,4.503959999999999,16499.734213834963,36.761407828424296,16499.734213834963,36.761407828424296,51783.63421383497,115.37393702842432,327,86,lpr:total_combined:bdpl,3.868591053300331,4.731408946699668,4.096041808260816,4.503958191739184,-0.22745075496048495,0.22745075496048361,0.22745075496048495,0.22745075496048361,0.0
T_minus_10pct,0.9,1530.0,,gen=41_member=6898_pso,50,14133.5,31.489438,14133.5,31.489438,2.11934,6.48066,14133.504426913009,31.489447863162184,14133.504426913009,31.489447863162184,49417.40442691301,110.10197706316218,327,86,lpr:total_combined:bdpl,1.9676278502100624,6.632372149789937,2.119335855423188,6.480664144576812,-0.15170800521312544,0.15170800521312522,0.15170800521312544,0.15170800521312522,0.0
T_minus_10pct,0.9,1530.0,,gen=39_member=6668_pso,50,15230.3,33.933108399999995,15230.3,33.933108399999995,2.77099,5.82901,15230.26519153545,33.933030846740984,15230.26519153545,33.933030846740984,50514.16519153546,112.545560046741,327,86,lpr:total_combined:bdpl,2.5900259743055445,6.009974025694455,2.7709912319006165,5.829008768099383,-0.18096525759507198,0.18096525759507198,0.18096525759507198,0.18096525759507198,0.0
T_minus_10pct,0.9,1530.0,,gen=48_member=8200_pso,50,15660.1,34.8907028,15660.1,34.8907028,3.16725,5.43275,15660.146236410965,34.89080581472363,15660.146236410965,34.89080581472363,50944.04623641097,113.50333501472365,327,86,lpr:total_combined:bdpl,2.9672534807270505,5.632746519272949,3.1672458805732453,5.432754119426754,-0.19999239984619477,0.1999923998461952,0.19999239984619477,0.1999923998461952,0.0
T_minus_10pct,0.9,1530.0,,gen=32_member=5452_pso,50,15640.7,34.8474796,15640.7,34.8474796,3.14182,5.45818,15640.722863580324,34.84753054005696,15640.722863580324,34.84753054005696,50924.62286358033,113.46005974005696,327,86,lpr:total_combined:bdpl,2.9439576268473058,5.656042373152694,3.141817552171591,5.458182447828408,-0.19785992532428542,0.19785992532428587,0.19785992532428542,0.19785992532428587,0.0
T_minus_10pct,0.9,1530.0,,gen=44_member=7522_pso,50,14884.7,33.1631116,14884.7,33.1631116,2.53937,6.06063,14884.701819910384,33.16311565476033,14884.701819910384,33.16311565476033,50168.60181991039,111.77564485476032,327,86,lpr:total_combined:bdpl,2.3697242094692816,6.230275790530718,2.539368247581174,6.060631752418826,-0.16964403811189221,0.16964403811189221,0.16964403811189221,0.16964403811189221,0.0
T_minus_10pct,0.9,1530.0,,gen=45_member=7699_pso,50,11522.2,25.6714616,11522.2,25.6714616,1.28466,7.31534,11522.20136864902,25.671464649350018,11522.20136864902,25.671464649350018,46806.10136864903,104.28399384935004,327,86,lpr:total_combined:bdpl,1.1747148735424495,7.42528512645755,1.2846600959013812,7.315339904098618,-0.10994522235893167,0.1099452223589319,0.10994522235893167,0.1099452223589319,0.0
T_minus_10pct,0.9,1530.0,,gen=38_member=6478_pso,50,15834.2,35.2785976,15834.2,35.2785976,3.35376,5.24624,15834.191680400949,35.27857906393331,15834.191680400949,35.27857906393331,51118.09168040095,113.8911082639333,327,86,lpr:total_combined:bdpl,3.145847339383544,5.454152660616456,3.3537617018742854,5.246238298125714,-0.20791436249074113,0.20791436249074202,0.20791436249074113,0.20791436249074202,0.0
T_minus_10pct,0.9,1530.0,,gen=48_member=8105_pso,50,16406.1,36.5527908,16406.1,36.5527908,3.9902,4.6098,16406.073055909445,36.55273076856624,16406.073055909445,36.55273076856624,51689.97305590944,115.16525996856625,327,86,lpr:total_combined:bdpl,3.7653235943322434,4.834676405667756,3.9901981205782486,4.609801879421751,-0.22487452624600524,0.22487452624600568,0.22487452624600524,0.22487452624600568,0.0
T_minus_10pct,0.9,1530.0,,gen=47_member=7995_pso,50,16381.3,36.4975364,16381.3,36.4975364,3.97511,4.62489,16381.259627355992,36.49744644974915,16381.259627355992,36.49744644974915,51665.159627356,115.10997564974916,327,86,lpr:total_combined:bdpl,3.7479100124897102,4.85208998751029,3.975106482748441,4.624893517251559,-0.2271964702587308,0.2271964702587308,0.2271964702587308,0.2271964702587308,0.0
T_minus_10pct,0.9,1530.0,,gen=38_member=6507_pso,50,16267.1,36.2430988,16267.1,36.2430988,3.82686,4.77314,16267.088099218125,36.243072285057984,16267.088099218125,36.243072285057984,51550.98809921813,114.855601485058,327,86,lpr:total_combined:bdpl,3.607031124133476,4.992968875866524,3.826857056498032,4.773142943501968,-0.21982593236455594,0.2198259323645555,0.21982593236455594,0.2198259323645555,0.0
T_minus_10pct,0.9,1530.0,,gen=47_member=8017_pso,50,11819.3,26.3334004,11819.3,26.3334004,1.31111,7.288889999999999,11819.264501780224,26.33332130996634,11819.264501780224,26.33332130996634,47103.16450178022,104.94585050996632,327,86,lpr:total_combined:bdpl,1.1974355512895258,7.402564448710474,1.3111126222085394,7.28888737779146,-0.11367707091901358,0.1136770709190138,0.11367707091901358,0.1136770709190138,0.0
T_minus_10pct,0.9,1530.0,,gen=28_member=4806_pso,50,16308.5,36.335338,16308.5,36.335338,3.87574,4.724259999999999,16308.51123183826,36.335363024535646,16308.51123183826,36.335363024535646,51592.41123183826,114.94789222453564,327,86,lpr:total_combined:bdpl,3.654752705609556,4.945247294390444,3.87573591840834,4.7242640815916594,-0.2209832127987843,0.2209832127987843,0.2209832127987843,0.2209832127987843,0.0
T_minus_10pct,0.9,1530.0,,gen=33_member=5559_pso,50,14427.3,32.1440244,14427.3,32.1440244,2.27771,6.32229,14427.319973690128,32.1440689013816,14427.319973690128,32.1440689013816,49711.21997369013,110.7565981013816,327,86,lpr:total_combined:bdpl,2.118444742424544,6.481555257575456,2.27770616129014,6.322293838709859,-0.1592614188655963,0.1592614188655972,0.1592614188655963,0.1592614188655972,0.0
T_minus_10pct,0.9,1530.0,,gen=28_member=4728_pso,50,11249.5,25.063886,11249.5,25.063886,1.21593,7.384069999999999,11249.486499062945,25.063855919912235,11249.486499062945,25.063855919912235,46533.38649906294,103.67638511991224,327,86,lpr:total_combined:bdpl,1.1070470553041896,7.49295294469581,1.215931183468382,7.3840688165316175,-0.10888412816419235,0.1088841281641928,0.10888412816419235,0.1088841281641928,0.0
T_minus_10pct,0.9,1530.0,,gen=30_member=4999_pso,50,15254.9,33.9879172,15254.9,33.9879172,2.78942,5.81058,15254.91262255548,33.98794532305361,15254.91262255548,33.98794532305361,50538.81262255549,112.60047452305362,327,86,lpr:total_combined:bdpl,2.605676373997833,5.994323626002167,2.7894244899895115,5.810575510010488,-0.1837481159916785,0.18374811599167895,0.1837481159916785,0.18374811599167895,0.0
T_minus_10pct,0.9,1530.0,,gen=47_member=7949_pso,50,13944.8,31.0690144,13944.8,31.0690144,1.99378,6.60622,13944.77940294954,31.06896850977157,13944.77940294954,31.06896850977157,49228.67940294954,109.68149770977158,327,86,lpr:total_combined:bdpl,1.8476916522038764,6.752308347796124,1.9937752885784716,6.606224711421528,-0.1460836363745952,0.14608363637459565,0.1460836363745952,0.14608363637459565,0.0
T_minus_10pct,0.9,1530.0,,gen=37_member=6216_pso,50,15601.9,34.7610332,15601.9,34.7610332,3.104,5.496,15601.936976690433,34.76111558406628,15601.936976690433,34.76111558406628,50885.83697669044,113.37364478406629,327,86,lpr:total_combined:bdpl,2.9088589865093795,5.69114101349062,3.1039998368234114,5.496000163176588,-0.19514085031403194,0.19514085031403194,0.19514085031403194,0.19514085031403194,0.0
T_minus_10pct,0.9,1530.0,,gen=35_member=5892_pso,50,15092.0,33.624976,15092.0,33.624976,2.6693,5.9307,15092.015105478502,33.6250096550061,15092.015105478502,33.6250096550061,50375.9151054785,112.23753885500612,327,86,lpr:total_combined:bdpl,2.493045567193028,6.1069544328069725,2.669301284000799,5.930698715999201,-0.17625571680777075,0.17625571680777163,0.17625571680777075,0.17625571680777163,0.0
T_minus_10pct,0.9,1530.0,,gen=47_member=7933_pso,50,11893.9,26.4996092,11893.9,26.4996092,1.3367,7.263299999999999,11893.882263459564,26.49956968298791,11893.882263459564,26.49956968298791,47177.782263459565,105.11209888298792,327,86,lpr:total_combined:bdpl,1.2219008958527289,7.378099104147271,1.336698211855586,7.263301788144414,-0.11479731600285703,0.11479731600285703,0.11479731600285703,0.11479731600285703,0.0
T_minus_10pct,0.9,1530.0,,gen=42_member=7127_pso,50,14893.7,33.1831636,14893.7,33.1831636,2.56094,6.039059999999999,14893.657379778431,33.183068642146345,14893.657379778431,33.183068642146345,50177.55737977844,111.79559784214636,327,86,lpr:total_combined:bdpl,2.3896130946236096,6.210386905376391,2.5609438201383607,6.039056179861639,-0.17133072551475115,0.17133072551475248,0.17133072551475115,0.17133072551475248,0.0
T_minus_10pct,0.9,1530.0,,gen=46_member=7815_pso,50,13559.1,30.2096748,13559.1,30.2096748,1.82093,6.77907,13559.066630856349,30.209600453547942,13559.066630856349,30.209600453547942,48842.96663085636,108.82212965354798,327,86,lpr:total_combined:bdpl,1.683648939322442,6.916351060677558,1.8209316870333607,6.779068312966639,-0.13728274771091864,0.13728274771091886,0.13728274771091864,0.13728274771091886,0.0
T_minus_10pct,0.9,1530.0,,gen=41_member=6988_pso,50,12538.2,27.9351096,12538.2,27.9351096,1.48478,7.11522,12538.193064579598,27.935094147883344,12538.193064579598,27.935094147883344,47822.0930645796,106.54762334788336,327,86,lpr:total_combined:bdpl,1.3638226059333578,7.236177394066642,1.4847806569614803,7.115219343038519,-0.12095805102812252,0.12095805102812296,0.12095805102812252,0.12095805102812296,0.0
T_minus_10pct,0.9,1530.0,,gen=39_member=6630_pso,50,14491.3,32.2866164,14491.3,32.2866164,2.28023,6.31977,14491.328524086412,32.28667995166453,14491.328524086412,32.28667995166453,49775.228524086415,110.89920915166454,327,86,lpr:total_combined:bdpl,2.1233166105138643,6.476683389486135,2.280231493565503,6.319768506434497,-0.15691488305163848,0.15691488305163848,0.15691488305163848,0.15691488305163848,0.0
T_minus_10pct,0.9,1530.0,,gen=46_member=7750_pso,50,14971.9,33.3573932,14971.9,33.3573932,2.61481,5.985189999999999,14971.891033752743,33.35737322320111,14971.891033752743,33.35737322320111,50255.79103375274,111.9699024232011,327,86,lpr:total_combined:bdpl,2.439082255444127,6.1609177445558725,2.6148133674398326,5.985186632560167,-0.17573111199570546,0.1757311119957059,0.17573111199570546,0.1757311119957059,0.0
T_minus_10pct,0.9,1530.0,,gen=47_member=8066_pso,50,16223.2,36.1452896,16223.2,36.1452896,3.76811,4.83189,16223.187875550122,36.14526258672567,16223.187875550122,36.14526258672567,51507.087875550125,114.75779178672568,327,86,lpr:total_combined:bdpl,3.549581014060533,5.050418985939467,3.7681126270390246,4.831887372960975,-0.21853161297849155,0.21853161297849155,0.21853161297849155,0.21853161297849155,0.0
T_minus_10pct,0.9,1530.0,,gen=49_member=8375_pso,50,14818.0,33.014504,14818.0,33.014504,2.48535,6.114649999999999,14817.964371820362,33.01442462041577,14817.964371820362,33.01442462041577,50101.86437182037,111.62695382041578,327,86,lpr:total_combined:bdpl,2.3182994080753825,6.281700591924617,2.4853491554079423,6.114650844592058,-0.16704974733255984,0.16704974733255895,0.16704974733255984,0.16704974733255895,0.0
T_minus_10pct,0.9,1530.0,,gen=48_member=8129_pso,50,16442.3,36.6334444,16442.3,36.6334444,4.0627,4.537299999999999,16442.340169660216,36.63353389800296,16442.340169660216,36.63353389800296,51726.24016966022,115.24606309800296,327,86,lpr:total_combined:bdpl,3.836239492507437,4.763760507492563,4.06270361545497,4.53729638454503,-0.2264641229475326,0.22646412294753304,0.2264641229475326,0.22646412294753304,0.0
T_minus_10pct,0.9,1530.0,,gen=39_member=6585_pso,50,15611.7,34.7828676,15611.7,34.7828676,3.109,5.491,15611.724318029006,34.78292178056862,15611.724318029006,34.78292178056862,50895.62431802901,113.3954509805686,327,86,lpr:total_combined:bdpl,2.914045443999156,5.685954556000844,3.109000659648074,5.490999340351926,-0.19495521564891805,0.1949552156489185,0.19495521564891805,0.1949552156489185,0.0
T_minus_10pct,0.9,1530.0,,gen=47_member=8011_pso,50,15763.6,35.1213008,15763.6,35.1213008,3.26403,5.33597,15763.568134403567,35.12122980345115,15763.568134403567,35.12122980345115,51047.46813440356,113.73375900345114,327,86,lpr:total_combined:bdpl,3.0602095634051825,5.539790436594817,3.2640326550202103,5.335967344979789,-0.20382309161502787,0.20382309161502832,0.20382309161502787,0.20382309161502832,0.0
T_minus_10pct,0.9,1530.0,,gen=40_member=6726_pso,50,14022.7,31.2425756,14022.7,31.2425756,2.03707,6.56293,14022.673945080707,31.242517549639818,14022.673945080707,31.242517549639818,49306.57394508072,109.85504674963984,327,86,lpr:total_combined:bdpl,1.8888546298892492,6.71114537011075,2.037067297747835,6.562932702252165,-0.14821266785858556,0.14821266785858533,0.14821266785858556,0.14821266785858533,0.0
T_minus_10pct,0.9,1530.0,,gen=44_member=7543_pso,50,15793.1,35.1870268,15793.1,35.1870268,3.29833,5.30167,15793.113093985892,35.18705597340057,15793.113093985892,35.18705597340057,51077.01309398589,113.79958517340056,327,86,lpr:total_combined:bdpl,3.092674850168618,5.507325149831382,3.298334361468742,5.301665638531258,-0.20565951130012428,0.20565951130012383,0.20565951130012428,0.20565951130012383,0.0
T_minus_10pct,0.9,1530.0,,gen=43_member=7287_pso,50,15101.7,33.646587600000004,15101.7,33.646587600000004,2.68124,5.91876,15101.690014577973,33.64656535247972,15101.690014577973,33.64656535247972,50385.59001457797,112.25909455247972,327,86,lpr:total_combined:bdpl,2.5046209523637173,6.095379047636282,2.6812389897553146,5.918761010244685,-0.17661803739159732,0.17661803739159687,0.17661803739159732,0.17661803739159687,0.0
T_minus_10pct,0.9,1530.0,,gen=41_member=6982_pso,50,16283.1,36.2787468,16283.1,36.2787468,3.84028,4.75972,16283.064981478175,36.278668778733376,16283.064981478175,36.278668778733376,51566.96498147818,114.8911979787334,327,86,lpr:total_combined:bdpl,3.618925417649516,4.981074582350484,3.840282054968746,4.759717945031253,-0.2213566373192304,0.22135663731923128,0.2213566373192304,0.22135663731923128,0.0
T_minus_10pct,0.9,1530.0,,gen=33_member=5577_pso,50,15260.9,34.0012852,15260.9,34.0012852,2.80281,5.79719,15260.94157016557,34.00137781832889,15260.94157016557,34.00137781832889,50544.841570165576,112.6139070183289,327,86,lpr:total_combined:bdpl,2.617205653389436,5.982794346610564,2.802809316052238,5.797190683947761,-0.18560366266280193,0.18560366266280326,0.18560366266280193,0.18560366266280326,0.0
T_minus_10pct,0.9,1530.0,,gen=48_member=8183_pso,50,15577.1,34.7057788,15577.1,34.7057788,3.0773,5.5227,15577.141847863264,34.70587203703935,15577.141847863264,34.70587203703935,50861.041847863264,113.31840123703935,327,86,lpr:total_combined:bdpl,2.884102867081739,5.715897132918261,3.077297589094499,5.5227024109055005,-0.19319472201276033,0.19319472201276078,0.19319472201276033,0.19319472201276078,0.0
T_minus_10pct,0.9,1530.0,,gen=48_member=8234_pso,50,10674.1,23.7818948,10674.1,23.7818948,1.1268,7.473199999999999,10674.119116177168,23.781937390842728,10674.119116177168,23.781937390842728,45958.019116177165,102.39446659084273,327,86,lpr:total_combined:bdpl,1.0249234996192598,7.57507650038074,1.1267995679231435,7.473200432076856,-0.10187606830388374,0.1018760683038833,0.10187606830388374,0.1018760683038833,0.0
T_minus_10pct,0.9,1530.0,,gen=42_member=7080_pso,50,15807.1,35.2182188,15807.1,35.2182188,3.313,5.286999999999999,15807.088577057604,35.21819334968434,15807.088577057604,35.21819334968434,51090.9885770576,113.83072254968432,327,86,lpr:total_combined:bdpl,3.106745665345706,5.493254334654294,3.312997349575764,5.287002650424236,-0.2062516842300579,0.20625168423005835,0.2062516842300579,0.20625168423005835,0.0
T_minus_10pct,0.9,1530.0,,gen=47_member=8007_pso,50,15320.8,34.1347424,15320.8,34.1347424,2.85212,5.747879999999999,15320.782276947786,34.13470291303967,15320.782276947786,34.13470291303967,50604.68227694779,112.74723211303969,327,86,lpr:total_combined:bdpl,2.663821486030867,5.936178513969132,2.8521192952616707,5.7478807047383285,-0.18829780923080364,0.18829780923080364,0.18829780923080364,0.18829780923080364,0.0
T_minus_10pct,0.9,1530.0,,gen=35_member=5961_pso,50,16551.7,36.8771876,16551.7,36.8771876,4.16397,4.43603,16551.734490675884,36.87726444522587,16551.734490675884,36.87726444522587,51835.63449067588,115.48979364522586,327,86,lpr:total_combined:bdpl,3.933618534592787,4.666381465407213,4.163974337028345,4.436025662971654,-0.2303558024355583,0.2303558024355583,0.2303558024355583,0.2303558024355583,0.0
T_minus_10pct,0.9,1530.0,,gen=31_member=5281_pso,50,14863.4,33.1156552,14863.4,33.1156552,2.52766,6.07234,14863.418734835775,33.11569694121411,14863.418734835775,33.11569694121411,50147.31873483578,111.72822614121412,327,86,lpr:total_combined:bdpl,2.3584605548964848,6.241539445103514,2.527655550535176,6.072344449464824,-0.16919499563869111,0.16919499563869067,0.16919499563869111,0.16919499563869067,0.0
T_minus_10pct,0.9,1530.0,,gen=44_member=7417_pso,50,12585.3,28.0400484,12585.3,28.0400484,1.50233,7.09767,12585.311013544637,28.04007293817745,12585.311013544637,28.04007293817745,47869.21101354464,106.65260213817746,327,86,lpr:total_combined:bdpl,1.3817537775425637,7.218246222457436,1.5023341028356043,7.097665897164395,-0.12058032529304064,0.12058032529304086,0.12058032529304064,0.12058032529304086,0.0
T_minus_10pct,0.9,1530.0,,gen=32_member=5429_pso,50,16254.3,36.2145804,16254.3,36.2145804,3.8078,4.792199999999999,16254.307690857053,36.21459753522952,16254.307690857053,36.21459753522952,51538.20769085706,114.82712673522953,327,86,lpr:total_combined:bdpl,3.587629051411764,5.012370948588236,3.807797140389488,4.792202859610511,-0.220168088977724,0.22016808897772489,0.220168088977724,0.22016808897772489,0.0
T_minus_10pct,0.9,1530.0,,gen=37_member=6347_pso,50,16006.7,35.6629276,16006.7,35.6629276,3.52921,5.07079,16006.74941480162,35.66303769617801,16006.74941480162,35.66303769617801,51290.64941480162,114.275566896178,327,86,lpr:total_combined:bdpl,3.3162317042321616,5.283768295767838,3.5292051773858613,5.070794822614138,-0.21297347315369963,0.21297347315370008,0.21297347315369963,0.21297347315370008,0.0
T_minus_10pct,0.9,1530.0,,gen=42_member=7094_pso,50,14687.6,32.7239728,14687.6,32.7239728,2.40462,6.19538,14687.596248986823,32.72396444274264,14687.596248986823,32.72396444274264,49971.49624898683,111.33649364274264,327,86,lpr:total_combined:bdpl,2.2416783900430417,6.358321609956958,2.404624081507928,6.195375918492072,-0.16294569146488636,0.1629456914648859,0.16294569146488636,0.1629456914648859,0.0
T_minus_10pct,0.9,1530.0,,gen=45_member=7577_pso,50,14967.9,33.348481199999995,14967.9,33.348481199999995,2.59343,6.00657,14967.943504616956,33.348578128286576,14967.943504616956,33.348578128286576,50251.84350461696,111.96110732828656,327,86,lpr:total_combined:bdpl,2.420934727367249,6.179065272632752,2.593432230219679,6.006567769780321,-0.17249750285242982,0.1724975028524316,0.17249750285242982,0.1724975028524316,0.0
T_minus_10pct,0.9,1530.0,,gen=38_member=6402_pso,50,13694.7,30.5117916,13694.7,30.5117916,1.8927,6.7073,13694.73076532031,30.51186014513365,13694.73076532031,30.51186014513365,48978.63076532031,109.12438934513364,327,86,lpr:total_combined:bdpl,1.7515657143709902,6.8484342856290095,1.8927029265017543,6.707297073498245,-0.14113721213076413,0.14113721213076413,0.14113721213076413,0.14113721213076413,0.0
T_minus_10pct,0.9,1530.0,,gen=31_member=5196_pso,50,16676.0,37.154128,16676.0,37.154128,4.37901,4.22099,16675.958849814047,37.154036317385696,16675.958849814047,37.154036317385696,51959.858849814045,115.76656551738569,327,86,lpr:total_combined:bdpl,4.140815075255764,4.4591849247442354,4.3790099839992,4.220990016000799,-0.23819490874343607,0.23819490874343607,0.23819490874343607,0.23819490874343607,0.0
T_minus_10pct,0.9,1530.0,,gen=41_member=6995_pso,50,14837.6,33.0581728,14837.6,33.0581728,2.50823,6.09177,14837.570726495327,33.05810757863159,14837.570726495327,33.05810757863159,50121.47072649533,111.6706367786316,327,86,lpr:total_combined:bdpl,2.3401467445114204,6.259853255488579,2.5082290688344937,6.091770931165506,-0.16808232432307335,0.16808232432307335,0.16808232432307335,0.16808232432307335,0.0
T_minus_10pct,0.9,1530.0,,gen=39_member=6611_pso,50,16111.4,35.8961992,16111.4,35.8961992,3.66312,4.93688,16111.415109359916,35.89623286365389,16111.415109359916,35.89623286365389,51395.31510935992,114.5087620636539,327,86,lpr:total_combined:bdpl,3.4477354315852384,5.152264568414761,3.663118269814579,4.936881730185421,-0.21538283822934057,0.21538283822934012,0.21538283822934057,0.21538283822934012,0.0
T_minus_10pct,0.9,1530.0,,gen=49_member=8310_pso,50,13661.0,30.436708,13661.0,30.436708,1.88142,6.718579999999999,13661.02759812645,30.43676948862573,13661.02759812645,30.43676948862573,48944.92759812645,109.04929868862573,327,86,lpr:total_combined:bdpl,1.7402886271735312,6.859711372826468,1.8814224001312525,6.718577599868747,-0.14113377295772134,0.1411337729577209,0.14113377295772134,0.1411337729577209,0.0
T_minus_10pct,0.9,1530.0,,gen=41_member=6917_pso,50,13780.4,30.7027312,13780.4,30.7027312,1.93448,6.66552,13780.37222911001,30.7026693264571,13780.37222911001,30.7026693264571,49064.27222911001,109.3151985264571,327,86,lpr:total_combined:bdpl,1.791592613237777,6.808407386762223,1.9344802970633983,6.665519702936601,-0.14288768382562123,0.1428876838256219,0.14288768382562123,0.1428876838256219,0.0
T_minus_10pct,0.9,1530.0,,gen=42_member=7156_pso,50,13739.0,30.610492,13739.0,30.610492,1.91823,6.681769999999999,13739.00839690562,30.610510708305725,13739.00839690562,30.610510708305725,49022.90839690562,109.22303990830572,327,86,lpr:total_combined:bdpl,1.7759394083988316,6.824060591601168,1.9182267449739132,6.681773255026086,-0.14228733657508164,0.14228733657508208,0.14228733657508164,0.14228733657508208,0.0
T_minus_10pct,0.9,1530.0,,gen=29_member=4898_pso,50,16125.3,35.9271684,16125.3,35.9271684,3.68037,4.91963,16125.301559230968,35.92717187396659,16125.301559230968,35.92717187396659,51409.20155923097,114.5397010739666,327,86,lpr:total_combined:bdpl,3.4603571842024183,5.139642815797581,3.680374002125098,4.919625997874902,-0.22001681792267958,0.22001681792267913,0.22001681792267958,0.22001681792267913,0.0
T_minus_10pct,0.9,1530.0,,gen=47_member=7961_pso,50,14730.0,32.81844,14730.0,32.81844,2.42627,6.173729999999999,14730.012146888746,32.81846706326812,14730.012146888746,32.81846706326812,50013.912146888746,111.43099626326811,327,86,lpr:total_combined:bdpl,2.261916264410716,6.338083735589284,2.4262709560882163,6.173729043911783,-0.1643546916775005,0.1643546916775005,0.1643546916775005,0.1643546916775005,0.0
T_minus_10pct,0.9,1530.0,,gen=31_member=5213_pso,50,15428.5,34.374698,15428.5,34.374698,2.94698,5.65302,15428.455961253789,34.37459988167344,15428.455961253789,34.37459988167344,50712.355961253794,112.98712908167344,327,86,lpr:total_combined:bdpl,2.7599714506210686,5.840028549378931,2.9469766581836145,5.653023341816385,-0.1870052075625459,0.1870052075625459,0.1870052075625459,0.1870052075625459,0.0
T_minus_10pct,0.9,1530.0,,gen=33_member=5529_pso,50,8227.03,18.32982284,8227.03,18.32982284,0.902294,7.697705999999999,8227.030860635094,18.32982475749499,8227.030860635094,18.32982475749499,43510.93086063509,96.94235395749496,327,86,lpr:total_combined:bdpl,0.8191429504137077,7.780857049586292,0.9022937938185508,7.697706206181449,-0.08315084340484313,0.08315084340484269,0.08315084340484313,0.08315084340484269,0.0
T_minus_10pct,0.9,1530.0,,gen=41_member=6902_pso,50,13298.2,29.6283896,13298.2,29.6283896,1.72975,6.87025,13298.183781588385,29.628353465378915,13298.183781588385,29.628353465378915,48582.08378158839,108.24088266537892,327,86,lpr:total_combined:bdpl,1.5969482455094826,7.003051754490517,1.7297505883192237,6.870249411680776,-0.13280234280974113,0.13280234280974135,0.13280234280974113,0.13280234280974135,0.0
T_minus_10pct,0.9,1530.0,,gen=43_member=7373_pso,50,13719.4,30.5668232,13719.4,30.5668232,1.90841,6.69159,13719.442299345395,30.566917442941545,13719.442299345395,30.566917442941545,49003.3422993454,109.17944664294156,327,86,lpr:total_combined:bdpl,1.7663891279647412,6.833610872035258,1.908406212310852,6.691593787689148,-0.14201708434611082,0.1420170843461106,0.14201708434611082,0.1420170843461106,0.0
T_minus_10pct,0.9,1530.0,,gen=43_member=7354_pso,50,16322.1,36.3656388,16322.1,36.3656388,3.91205,4.68795,16322.064352041016,36.365559376347385,16322.064352041016,36.365559376347385,51605.96435204102,114.9780885763474,327,86,lpr:total_combined:bdpl,3.689032268939384,4.910967731060616,3.912045083841329,4.68795491615867,-0.2230128149019448,0.2230128149019457,0.2230128149019448,0.2230128149019457,0.0
T_minus_10pct,0.9,1530.0,,gen=48_member=8255_pso,50,8389.62,18.69207336,8389.62,18.69207336,0.907206,7.692793999999999,8389.62313027835,18.692080334260165,8389.62313027835,18.692080334260165,43673.52313027835,97.30460953426017,327,86,lpr:total_combined:bdpl,0.8238198260231951,7.776180173976805,0.9072063929299552,7.692793607070044,-0.08338656690676005,0.0833865669067606,0.08338656690676005,0.0833865669067606,0.0
T_minus_10pct,0.9,1530.0,,gen=38_member=6443_pso,50,14215.1,31.6712428,14215.1,31.6712428,2.14746,6.452539999999999,14215.060461212095,31.67115470758055,14215.060461212095,31.67115470758055,49498.96046121209,110.28368390758054,327,86,lpr:total_combined:bdpl,1.9954548156395409,6.604545184360459,2.1474636576256336,6.452536342374366,-0.15200884198609277,0.15200884198609366,0.15200884198609277,0.15200884198609366,0.0
T_minus_10pct,0.9,1530.0,,gen=47_member=7988_pso,50,13810.5,30.769794,13810.5,30.769794,1.94462,6.655379999999999,13810.50045206574,30.769795007202468,13810.50045206574,30.769795007202468,49094.40045206575,109.38232420720249,327,86,lpr:total_combined:bdpl,1.8009349029404351,6.7990650970595645,1.9446224455793009,6.655377554420699,-0.14368754263886574,0.1436875426388653,0.14368754263886574,0.1436875426388653,0.0
T_minus_10pct,0.9,1530.0,,gen=37_member=6360_pso,50,12592.5,28.05609,12592.5,28.05609,1.51193,7.08807,12592.465798778729,28.056013799679008,12592.465798778729,28.056013799679008,47876.36579877873,106.668542999679,327,86,lpr:total_combined:bdpl,1.3881726019209657,7.211827398079034,1.5119307530994452,7.088069246900554,-0.12375815117847955,0.12375815117847999,0.12375815117847955,0.12375815117847999,0.0
T_minus_10pct,0.9,1530.0,,gen=48_member=8171_pso,50,15706.5,34.994082,15706.5,34.994082,3.20978,5.390219999999999,15706.47949553654,34.99403631605541,15706.47949553654,34.99403631605541,50990.37949553655,113.60656551605544,327,86,lpr:total_combined:bdpl,3.00803477400308,5.591965225996919,3.2097832134087616,5.390216786591238,-0.20174843940568143,0.201748439405681,0.20174843940568143,0.201748439405681,0.0
T_minus_10pct,0.9,1530.0,,gen=45_member=7732_pso,50,12671.5,28.232102,12671.5,28.232102,1.52704,7.07296,12671.53123722108,28.232171596528566,12671.53123722108,28.232171596528566,47955.43123722109,106.84470079652856,327,86,lpr:total_combined:bdpl,1.4047245012391434,7.195275498760856,1.5270430343618209,7.072956965638179,-0.12231853312267749,0.12231853312267749,0.12231853312267749,0.12231853312267749,0.0
T_minus_10pct,0.9,1530.0,,gen=35_member=5956_pso,50,15295.1,34.0774828,15295.1,34.0774828,2.82984,5.77016,15295.06529382526,34.07740547464268,15295.06529382526,34.07740547464268,50578.96529382527,112.6899346746427,327,86,lpr:total_combined:bdpl,2.641972130584699,5.9580278694153,2.8298424505292394,5.77015754947076,-0.1878703199445404,0.1878703199445404,0.1878703199445404,0.1878703199445404,0.0
T_minus_10pct,0.9,1530.0,,gen=45_member=7623_pso,50,12059.2,26.867897600000003,12059.2,26.867897600000003,1.35875,7.24125,12059.195071560269,26.86788661943628,12059.195071560269,26.86788661943628,47343.09507156027,105.48041581943627,327,86,lpr:total_combined:bdpl,1.2414329695883055,7.358567030411693,1.3587454728667916,7.241254527133208,-0.11731250327848608,0.11731250327848475,0.11731250327848608,0.11731250327848475,0.0
T_minus_10pct,0.9,1530.0,,gen=34_member=5765_pso,50,13879.4,30.9233032,13879.4,30.9233032,1.98173,6.61827,13879.43726821899,30.92338623359191,13879.43726821899,30.92338623359191,49163.33726821899,109.5359154335919,327,86,lpr:total_combined:bdpl,1.836480996280875,6.763519003719125,1.9817261402621529,6.618273859737847,-0.14524514398127786,0.14524514398127764,0.14524514398127786,0.14524514398127764,0.0
T_minus_10pct,0.9,1530.0,,gen=38_member=6501_pso,50,14540.6,32.3964568,14540.6,32.3964568,2.32041,6.27959,14540.551853986875,32.396349530682755,14540.551853986875,32.396349530682755,49824.45185398688,111.00887873068277,327,86,lpr:total_combined:bdpl,2.1606161300200397,6.43938386997996,2.3204104251195217,6.279589574880478,-0.15979429509948195,0.1597942950994824,0.15979429509948195,0.1597942950994824,0.0
T_minus_10pct,0.9,1530.0,,gen=48_member=8203_pso,50,14566.4,32.4539392,14566.4,32.4539392,2.33521,6.26479,14566.356046952307,32.453841272609736,14566.356046952307,32.453841272609736,49850.25604695231,111.06637047260976,327,86,lpr:total_combined:bdpl,2.1751630133136506,6.4248369866863495,2.335212797343845,6.264787202656155,-0.16004978403019443,0.16004978403019443,0.16004978403019443,0.16004978403019443,0.0
T_minus_10pct,0.9,1530.0,,gen=47_member=7974_pso,50,15728.2,35.0424296,15728.2,35.0424296,3.23167,5.36833,15728.172715565946,35.04236881028093,15728.172715565946,35.04236881028093,51012.07271556595,113.65489801028092,327,86,lpr:total_combined:bdpl,3.028694379611231,5.5713056203887685,3.231672181574875,5.368327818425125,-0.20297780196364368,0.20297780196364368,0.20297780196364368,0.20297780196364368,0.0
T_minus_10pct,0.9,1530.0,,gen=42_member=7123_pso,50,15438.4,34.3967552,15438.4,34.3967552,2.95964,5.640359999999999,15438.39547542165,34.396745119239434,15438.39547542165,34.396745119239434,50722.29547542165,113.00927431923942,327,86,lpr:total_combined:bdpl,2.7734815176574283,5.826518482342571,2.959639070757825,5.640360929242174,-0.18615755310039672,0.18615755310039717,0.18615755310039672,0.18615755310039717,0.0
T_minus_10pct,0.9,1530.0,,gen=30_member=5110_pso,50,16335.4,36.3952712,16335.4,36.3952712,3.93251,4.667489999999999,16335.435090930769,36.39534938259375,16335.435090930769,36.39534938259375,51619.33509093076,115.00787858259372,327,86,lpr:total_combined:bdpl,3.709451903888066,4.890548096111933,3.932509378217297,4.667490621782703,-0.2230574743292313,0.22305747432923084,0.2230574743292313,0.22305747432923084,0.0
T_minus_10pct,0.9,1530.0,,gen=40_member=6879_pso,50,15945.0,35.52546,15945.0,35.52546,3.47595,5.12405,15945.00810072188,35.52547804840835,15945.00810072188,35.52547804840835,51228.908100721885,114.13800724840836,327,86,lpr:total_combined:bdpl,3.263195025608851,5.336804974391148,3.475950463907369,5.124049536092631,-0.21275543829851795,0.21275543829851706,0.21275543829851795,0.21275543829851706,0.0
T_minus_10pct,0.9,1530.0,,gen=31_member=5217_pso,50,16361.0,36.452308,16361.0,36.452308,3.94088,4.65912,16360.980598554985,36.4522647735805,16360.980598554985,36.4522647735805,51644.88059855498,115.0647939735805,327,86,lpr:total_combined:bdpl,3.715754868305564,4.884245131694436,3.940880276296,4.659119723704,-0.2251254079904359,0.22512540799043546,0.2251254079904359,0.22512540799043546,0.0
T_minus_10pct,0.9,1530.0,,gen=42_member=7215_pso,50,15674.4,34.9225632,15674.4,34.9225632,3.17583,5.42417,15674.387627786611,34.92253563470857,15674.387627786611,34.92253563470857,50958.287627786616,113.53506483470858,327,86,lpr:total_combined:bdpl,2.9766264628386025,5.623373537161397,3.175829157195778,5.424170842804221,-0.1992026943571754,0.19920269435717586,0.1992026943571754,0.19920269435717586,0.0
T_minus_10pct,0.9,1530.0,,gen=37_member=6211_pso,50,9271.3,20.6564564,9271.3,20.6564564,1.01369,7.586309999999999,9271.299509893095,20.656455308041814,9271.299509893095,20.656455308041814,44555.19950989309,99.2689845080418,327,86,lpr:total_combined:bdpl,0.921971139683634,7.678028860316366,1.0136914070123024,7.586308592987697,-0.09172026732866845,0.091720267328669,0.09172026732866845,0.091720267328669,0.0
T_minus_10pct,0.9,1530.0,,gen=40_member=6803_pso,50,15180.6,33.8223768,15180.6,33.8223768,2.72359,5.87641,15180.574960862325,33.822321012801254,15180.574960862325,33.822321012801254,50464.47496086232,112.43485021280124,327,86,lpr:total_combined:bdpl,2.5446586716388184,6.055341328361181,2.723594315576165,5.876405684423834,-0.17893564393734662,0.17893564393734707,0.17893564393734662,0.17893564393734707,0.0
T_minus_10pct,0.9,1530.0,,gen=30_member=5155_pso,50,15314.6,34.1209288,15314.6,34.1209288,2.84803,5.75197,15314.6091366603,34.12094915647915,15314.6091366603,34.12094915647915,50598.5091366603,112.73347835647915,327,86,lpr:total_combined:bdpl,2.6652687206119263,5.934731279388073,2.848031611013018,5.751968388986981,-0.18276289040109184,0.18276289040109184,0.18276289040109184,0.18276289040109184,0.0
T_minus_10pct,0.9,1530.0,,gen=32_member=5405_pso,50,12507.4,27.8664872,12507.4,27.8664872,1.47179,7.128209999999999,12507.42212895277,27.86653650330677,12507.42212895277,27.86653650330677,47791.32212895277,106.47906570330676,327,86,lpr:total_combined:bdpl,1.3505752290848008,7.249424770915199,1.4717926599847913,7.128207340015209,-0.12121743089999049,0.12121743089999004,0.12121743089999049,0.12121743089999004,0.0
T_minus_10pct,0.9,1530.0,,gen=37_member=6224_pso,50,15818.8,35.2442864,15818.8,35.2442864,3.32624,5.273759999999999,15818.827113865758,35.24434680969291,15818.827113865758,35.24434680969291,51102.72711386576,113.85687600969293,327,86,lpr:total_combined:bdpl,3.1194152980239616,5.480584701976039,3.326237167132866,5.273762832867133,-0.20682186910890454,0.20682186910890632,0.20682186910890454,0.20682186910890632,0.0
T_minus_10pct,0.9,1530.0,,gen=36_member=6188_pso,50,11914.3,26.5450604,11914.3,26.5450604,1.34227,7.25773,11914.28950736434,26.54503702240775,11914.28950736434,26.54503702240775,47198.18950736434,105.15756622240777,327,86,lpr:total_combined:bdpl,1.2280929749764244,7.371907025023575,1.342270068175498,7.257729931824501,-0.11417709319907354,0.11417709319907399,0.11417709319907354,0.11417709319907399,0.0
T_minus_10pct,0.9,1530.0,,gen=44_member=7508_pso,50,15723.0,35.030844,15723.0,35.030844,3.22133,5.37867,15722.957329140569,35.030748929325185,15722.957329140569,35.030748929325185,51006.85732914056,113.64327812932515,327,86,lpr:total_combined:bdpl,3.0188911190630145,5.581108880936985,3.2213251018364017,5.378674898163598,-0.2024339827733872,0.2024339827733872,0.2024339827733872,0.2024339827733872,0.0
T_minus_10pct,0.9,1530.0,,gen=48_member=8233_pso,50,15563.9,34.6763692,15563.9,34.6763692,3.06245,5.53755,15563.920118825235,34.67641402474263,15563.920118825235,34.67641402474263,50847.82011882524,113.28894322474264,327,86,lpr:total_combined:bdpl,2.869997229774661,5.730002770225338,3.0624463998642413,5.537553600135759,-0.19244917008958007,0.19244917008957962,0.19244917008958007,0.19244917008957962,0.0
T_minus_10pct,0.9,1530.0,,gen=27_member=4602_pso,50,14153.5,31.533998,14153.5,31.533998,2.12737,6.47263,14153.52923220408,31.534063129350688,14153.52923220408,31.534063129350688,49437.429232204086,110.1465923293507,327,86,lpr:total_combined:bdpl,1.9744686653936432,6.6255313346063565,2.1273719794302,6.4726280205698,-0.152903314036557,0.1529033140365561,0.152903314036557,0.1529033140365561,0.0
T_minus_10pct,0.9,1530.0,,gen=34_member=5714_pso,50,15839.1,35.2895148,15839.1,35.2895148,3.37452,5.225479999999999,15839.05868600859,35.289422752427136,15839.05868600859,35.289422752427136,51122.9586860086,113.90195195242715,327,86,lpr:total_combined:bdpl,3.1753025476739385,5.424697452326061,3.3745240137867936,5.225475986213207,-0.19922146611285507,0.19922146611285374,0.19922146611285507,0.19922146611285374,0.0
T_minus_10pct,0.9,1530.0,,gen=33_member=5592_pso,50,14769.2,32.9057776,14769.2,32.9057776,2.46009,6.13991,14769.21506929919,32.90581117439859,14769.21506929919,32.90581117439859,50053.1150692992,111.5183403743986,327,86,lpr:total_combined:bdpl,2.294447537885953,6.305552462114047,2.4600901846108965,6.139909815389103,-0.16564264672494344,0.1656426467249439,0.16564264672494344,0.1656426467249439,0.0
T_minus_10pct,0.9,1530.0,,gen=46_member=7897_pso,50,15556.6,34.6601048,15556.6,34.6601048,3.05438,5.54562,15556.55957351658,34.66001472979494,15556.55957351658,34.66001472979494,50840.459573516586,113.27254392979496,327,86,lpr:total_combined:bdpl,2.8631034640324744,5.736896535967525,3.054383085197773,5.545616914802227,-0.1912796211652985,0.1912796211652985,0.1912796211652985,0.1912796211652985,0.0
T_minus_10pct,0.9,1530.0,,gen=44_member=7516_pso,50,16207.0,36.109196,16207.0,36.109196,3.75377,4.84623,16206.968278414042,36.10912532430648,16206.968278414042,36.10912532430648,51490.86827841404,114.72165452430647,327,86,lpr:total_combined:bdpl,3.53584291781206,5.06415708218794,3.753768229615384,4.846231770384616,-0.2179253118033242,0.21792531180332375,0.2179253118033242,0.21792531180332375,0.0
T_minus_10pct,0.9,1530.0,,gen=47_member=8023_pso,50,16192.0,36.075776,16192.0,36.075776,3.73629,4.863709999999999,16191.9604560465,36.0756878960716,16191.9604560465,36.0756878960716,51475.86045604651,114.68821709607164,327,86,lpr:total_combined:bdpl,3.519064437165492,5.080935562834508,3.736287275768742,4.863712724231258,-0.21722283860324998,0.21722283860325042,0.21722283860324998,0.21722283860325042,0.0
T_minus_10pct,0.9,1530.0,,gen=43_member=7367_pso,50,16098.1,35.8665668,16098.1,35.8665668,3.64645,4.95355,16098.09628701876,35.86655852747779,16098.09628701876,35.86655852747779,51381.99628701876,114.4790877274778,327,86,lpr:total_combined:bdpl,3.429387538596186,5.170612461403813,3.646452731121315,4.953547268878685,-0.217065192525129,0.21706519252512813,0.217065192525129,0.21706519252512813,0.0
T_minus_10pct,0.9,1530.0,,gen=41_member=6969_pso,50,15266.6,34.0139848,15266.6,34.0139848,2.81773,5.78227,15266.646813624207,34.01408910075473,15266.646813624207,34.01408910075473,50550.54681362421,112.62661830075474,327,86,lpr:total_combined:bdpl,2.6306103572336776,5.969389642766322,2.817733638390992,5.782266361609008,-0.18712328115731447,0.18712328115731314,0.18712328115731447,0.18712328115731314,0.0
T_minus_10pct,0.9,1530.0,,gen=34_member=5825_pso,50,9733.98,21.68730744,9733.98,21.68730744,1.03166,7.568339999999999,9733.975659993355,21.6872977704652,9733.975659993355,21.6872977704652,45017.87565999336,100.2998269704652,327,86,lpr:total_combined:bdpl,0.9365331298960532,7.663466870103947,1.031660987734052,7.568339012265948,-0.09512785783799871,0.0951278578379986,0.09512785783799871,0.0951278578379986,0.0
T_minus_10pct,0.9,1530.0,,gen=40_member=6799_pso,50,15687.9,34.952641199999995,15687.9,34.952641199999995,3.18988,5.410119999999999,15687.949699705105,34.952751930942966,15687.949699705105,34.952751930942966,50971.849699705104,113.56528113094296,327,86,lpr:total_combined:bdpl,2.98910644166737,5.61089355833263,3.189877173659776,5.410122826340224,-0.20077073199240614,0.2007707319924057,0.20077073199240614,0.2007707319924057,0.0
T_minus_10pct,0.9,1530.0,,gen=36_member=6120_pso,50,16139.2,35.9581376,16139.2,35.9581376,3.68918,4.910819999999999,16139.15162866115,35.95802982865704,16139.15162866115,35.95802982865704,51423.05162866115,114.57055902865704,327,86,lpr:total_combined:bdpl,3.4734392501627185,5.126560749837282,3.6891823362554974,4.910817663744501,-0.21574308609277892,0.2157430860927807,0.21574308609277892,0.2157430860927807,0.0
T_minus_10pct,0.9,1530.0,,gen=43_member=7295_pso,50,15941.1,35.5167708,15941.1,35.5167708,3.46262,5.13738,15941.14383063602,35.51686845465705,15941.14383063602,35.51686845465705,51225.043830636016,114.12939765465704,327,86,lpr:total_combined:bdpl,3.2530665573726933,5.346933442627306,3.462616051819169,5.137383948180831,-0.20954949444647575,0.20954949444647486,0.20954949444647575,0.20954949444647486,0.0
T_minus_10pct,0.9,1530.0,,gen=37_member=6202_pso,50,13359.8,29.7656344,13359.8,29.7656344,1.7877,6.8123,13359.772239052654,29.765572548609317,13359.772239052654,29.765572548609317,48643.672239052656,108.37810174860932,327,86,lpr:total_combined:bdpl,1.6522109018993285,6.947789098100671,1.7876984758523486,6.812301524147651,-0.13548757395302014,0.1354875739530197,0.13548757395302014,0.1354875739530197,0.0
T_minus_10pct,0.9,1530.0,,gen=41_member=6991_pso,50,16334.6,36.3934888,16334.6,36.3934888,3.91812,4.68188,16334.551761594965,36.393381324833584,16334.551761594965,36.393381324833584,51618.451761594966,115.00591052483358,327,86,lpr:total_combined:bdpl,3.6934749723682327,4.906525027631767,3.918116555580912,4.681883444419088,-0.22464158321267913,0.22464158321267913,0.22464158321267913,0.22464158321267913,0.0
T_minus_10pct,0.9,1530.0,,gen=34_member=5786_pso,50,16022.6,35.6983528,16022.6,35.6983528,3.5556,5.0444,16022.646519083562,35.69845644451818,16022.646519083562,35.69845644451818,51306.54651908357,114.31098564451818,327,86,lpr:total_combined:bdpl,3.3412078595879056,5.258792140412094,3.5555964069787223,5.044403593021277,-0.2143885473908167,0.2143885473908167,0.2143885473908167,0.2143885473908167,0.0
T_minus_10pct,0.9,1530.0,,gen=46_member=7820_pso,50,16095.3,35.8603284,16095.3,35.8603284,3.63264,4.967359999999999,16095.32201165358,35.860377441964175,16095.32201165358,35.860377441964175,51379.22201165358,114.47290664196416,327,86,lpr:total_combined:bdpl,3.417322922436323,5.182677077563676,3.63264191044118,4.96735808955882,-0.21531898800485694,0.2153189880048565,0.21531898800485694,0.2153189880048565,0.0
T_minus_10pct,0.9,1530.0,,gen=49_member=8399_pso,50,16091.5,35.851862,16091.5,35.851862,3.62622,4.97378,16091.479461235029,35.85181623963164,16091.479461235029,35.85181623963164,51375.37946123503,114.46434543963164,327,86,lpr:total_combined:bdpl,3.41111360355946,5.188886396440539,3.626218563359731,4.973781436640269,-0.215104959800271,0.21510495980027056,0.215104959800271,0.21510495980027056,0.0
T_minus_10pct,0.9,1530.0,,gen=34_member=5808_pso,50,16380.7,36.4961996,16380.7,36.4961996,3.95771,4.642289999999999,16380.652279963431,36.496093279758526,16380.652279963431,36.496093279758526,51664.55227996344,115.10862247975852,327,86,lpr:total_combined:bdpl,3.734460897595577,4.865539102404423,3.957705212678139,4.642294787321861,-0.22324431508256204,0.22324431508256204,0.22324431508256204,0.22324431508256204,0.0
T_minus_10pct,0.9,1530.0,,gen=43_member=7329_pso,50,15700.7,34.9811596,15700.7,34.9811596,3.19666,5.40334,15700.69446013128,34.981147257172495,15700.69446013128,34.981147257172495,50984.59446013128,113.59367645717248,327,86,lpr:total_combined:bdpl,2.995522600105737,5.604477399894263,3.196664946537503,5.403335053462497,-0.20114234643176632,0.20114234643176587,0.20114234643176632,0.20114234643176587,0.0
T_minus_10pct,0.9,1530.0,,gen=42_member=7088_pso,50,16063.9,35.7903692,16063.9,35.7903692,3.60323,4.99677,16063.94590696711,35.79047148072272,16063.94590696711,35.79047148072272,51347.84590696711,114.40300068072273,327,86,lpr:total_combined:bdpl,3.388167010929608,5.211832989070392,3.603231967757983,4.9967680322420165,-0.21506495682837512,0.21506495682837556,0.21506495682837512,0.21506495682837556,0.0
T_minus_10pct,0.9,1530.0,,gen=45_member=7708_pso,50,15196.2,33.8571336,15196.2,33.8571336,2.7429,5.857099999999999,15196.223292022336,33.85718549462576,15196.223292022336,33.85718549462576,50480.12329202234,112.46971469462578,327,86,lpr:total_combined:bdpl,2.562433352323464,6.037566647676536,2.742898734192789,5.857101265807211,-0.18046538186932493,0.18046538186932537,0.18046538186932493,0.18046538186932537,0.0
T_minus_10pct,0.9,1530.0,,gen=32_member=5495_pso,50,11634.8,25.9223344,11634.8,25.9223344,1.29931,7.300689999999999,11634.759046042916,25.92224315458362,11634.759046042916,25.92224315458362,46918.659046042914,104.5347723545836,327,86,lpr:total_combined:bdpl,1.185991914768897,7.414008085231103,1.2993111659258398,7.30068883407416,-0.11331925115694275,0.11331925115694297,0.11331925115694275,0.11331925115694297,0.0
T_minus_10pct,0.9,1530.0,,gen=41_member=6992_pso,50,16079.6,35.8253488,16079.6,35.8253488,3.61253,4.98747,16079.62293321336,35.82539989519937,16079.62293321336,35.82539989519937,51363.52293321336,114.43792909519937,327,86,lpr:total_combined:bdpl,3.3979446515192038,5.202055348480796,3.612529890918069,4.987470109081931,-0.2145852393988652,0.21458523939886476,0.2145852393988652,0.21458523939886476,0.0
T_minus_10pct,0.9,1530.0,,gen=44_member=7474_pso,50,15981.4,35.6065592,15981.4,35.6065592,3.50006,5.09994,15981.416535408636,35.60659604089044,15981.416535408636,35.60659604089044,51265.31653540864,114.21912524089043,327,86,lpr:total_combined:bdpl,3.287247540995333,5.312752459004667,3.500060004864631,5.099939995135369,-0.21281246386929809,0.21281246386929809,0.21281246386929809,0.21281246386929809,0.0
T_minus_10pct,0.9,1530.0,,gen=38_member=6529_pso,50,15534.6,34.6110888,15534.6,34.6110888,3.04111,5.55889,15534.57635270133,34.611036113818564,15534.57635270133,34.611036113818564,50818.476352701335,113.22356531381855,327,86,lpr:total_combined:bdpl,2.850485171970628,5.749514828029372,3.041111755454159,5.558888244545841,-0.19062658348353123,0.1906265834835308,0.19062658348353123,0.1906265834835308,0.0
T_minus_10pct,0.9,1530.0,,gen=38_member=6418_pso,50,15459.2,34.4430976,15459.2,34.4430976,2.97833,5.62167,15459.160825033645,34.44301031817496,15459.160825033645,34.44301031817496,50743.06082503365,113.05553951817495,327,86,lpr:total_combined:bdpl,2.7911993424062387,5.8088006575937605,2.978329086001256,5.621670913998743,-0.18712974359501722,0.18712974359501722,0.18712974359501722,0.18712974359501722,0.0
T_minus_10pct,0.9,1530.0,,gen=42_member=7193_pso,50,15011.5,33.445622,15011.5,33.445622,2.62386,5.976139999999999,15011.474372731976,33.44556490244684,15011.474372731976,33.44556490244684,50295.37437273197,112.05809410244684,327,86,lpr:total_combined:bdpl,2.4494491159523863,6.150550884047613,2.6238571418490007,5.976142858150999,-0.1744080258966143,0.17440802589661342,0.1744080258966143,0.17440802589661342,0.0
T_minus_10pct,0.9,1530.0,,gen=40_member=6846_pso,50,14845.6,33.0759968,14845.6,33.0759968,2.5122,6.0878,14845.649143482438,33.07610629167887,14845.649143482438,33.07610629167887,50129.54914348244,111.68863549167888,327,86,lpr:total_combined:bdpl,2.343017361494748,6.256982638505252,2.5121954424954005,6.087804557504599,-0.16917808100065246,0.1691780810006529,0.16917808100065246,0.1691780810006529,0.0
T_minus_10pct,0.9,1530.0,,gen=42_member=7137_pso,50,14272.8,31.7997984,14272.8,31.7997984,2.16651,6.433489999999999,14272.832183750304,31.799870105395676,14272.832183750304,31.799870105395676,49556.732183750304,110.41239930539568,327,86,lpr:total_combined:bdpl,2.012729818415985,6.587270181584015,2.166508641055657,6.433491358944343,-0.1537788226396719,0.1537788226396719,0.1537788226396719,0.1537788226396719,0.0
T_minus_10pct,0.9,1530.0,,gen=41_member=6951_pso,50,14267.6,31.7882128,14267.6,31.7882128,2.16614,6.433859999999999,14267.627328986546,31.788273688982024,14267.627328986546,31.788273688982024,49551.52732898655,110.40080288898204,327,86,lpr:total_combined:bdpl,2.0140314610608803,6.585968538939119,2.1661407021590344,6.433859297840965,-0.15210924109815416,0.15210924109815416,0.15210924109815416,0.15210924109815416,0.0
T_minus_10pct,0.9,1530.0,,gen=44_member=7514_pso,50,15443.3,34.4076724,15443.3,34.4076724,2.96984,5.63016,15443.33630412965,34.40775328560086,15443.33630412965,34.40775328560086,50727.23630412965,113.02028248560086,327,86,lpr:total_combined:bdpl,2.7821593350206384,5.817840664979361,2.969835090773703,5.630164909226297,-0.1876757557530646,0.18767575575306417,0.1876757557530646,0.18767575575306417,0.0
T_minus_10pct,0.9,1530.0,,gen=26_member=4423_pso,50,14733.5,32.826238,14733.5,32.826238,2.44423,6.15577,14733.527268476704,32.826298754166096,14733.527268476704,32.826298754166096,50017.4272684767,111.43882795416609,327,86,lpr:total_combined:bdpl,2.2792934783295187,6.3207065216704805,2.4442324503270694,6.15576754967293,-0.1649389719975507,0.16493897199755025,0.1649389719975507,0.16493897199755025,0.0
T_minus_10pct,0.9,1530.0,,gen=30_member=5151_pso,50,16291.5,36.297462,16291.5,36.297462,3.85519,4.744809999999999,16291.468896825134,36.2973927021264,16291.468896825134,36.2973927021264,51575.36889682514,114.9099219021264,327,86,lpr:total_combined:bdpl,3.634609896888329,4.965390103111671,3.855186874041565,4.7448131259584345,-0.220576977153236,0.22057697715323688,0.220576977153236,0.22057697715323688,0.0
T_minus_10pct,0.9,1530.0,,gen=36_member=6144_pso,50,15489.5,34.510606,15489.5,34.510606,3.00686,5.59314,15489.474950280946,34.510550189225945,15489.474950280946,34.510550189225945,50773.37495028095,113.12307938922596,327,86,lpr:total_combined:bdpl,2.8182596394207025,5.781740360579297,3.0068591738707413,5.593140826129258,-0.18859953445003885,0.18859953445003885,0.18859953445003885,0.18859953445003885,0.0
T_minus_10pct,0.9,1530.0,,gen=41_member=6946_pso,50,16015.9,35.683425199999995,16015.9,35.683425199999995,3.5443,5.0557,16015.882133806026,35.683385394119824,16015.882133806026,35.683385394119824,51299.78213380603,114.29591459411984,327,86,lpr:total_combined:bdpl,3.330940020881925,5.269059979118074,3.5442993418543915,5.055700658145608,-0.21335932097246646,0.21335932097246602,0.21335932097246646,0.21335932097246602,0.0
T_minus_10pct,0.9,1530.0,,gen=43_member=7239_pso,50,16032.7,35.7208556,16032.7,35.7208556,3.56889,5.03111,16032.69067807767,35.72083483075705,16032.69067807767,35.72083483075705,51316.59067807767,114.33336403075704,327,86,lpr:total_combined:bdpl,3.3542413480067985,5.245758651993201,3.568889637147474,5.031110362852526,-0.21464828914067535,0.21464828914067535,0.21464828914067535,0.21464828914067535,0.0
T_minus_10pct,0.9,1530.0,,gen=20_member=3413_pso,50,14791.1,32.9545708,14791.1,32.9545708,2.47644,6.12356,14791.118544643396,32.95461211746549,14791.118544643396,32.95461211746549,50075.01854464341,111.5671413174655,327,86,lpr:total_combined:bdpl,2.309844086746553,6.290155913253447,2.476442307505919,6.123557692494081,-0.16659822075936592,0.16659822075936592,0.16659822075936592,0.16659822075936592,0.0
T_minus_10pct,0.9,1530.0,,gen=35_member=5913_pso,50,9543.07,21.26195996,9543.07,21.26195996,1.01633,7.58367,9543.0747849999,21.261970620979778,9543.0747849999,21.261970620979778,44826.9747849999,99.87449982097976,327,86,lpr:total_combined:bdpl,0.9228470003487718,7.677152999651228,1.0163314134959738,7.583668586504026,-0.09348441314720202,0.0934844131472019,0.09348441314720202,0.0934844131472019,0.0
T_minus_10pct,0.9,1530.0,,gen=47_member=7945_pso,50,15534.3,34.610420399999995,15534.3,34.610420399999995,3.03486,5.56514,15534.317949935756,34.610460392456865,15534.317949935756,34.610460392456865,50818.21794993576,113.22298959245688,327,86,lpr:total_combined:bdpl,2.8446328474556197,5.75536715254438,3.034858216956013,5.565141783043986,-0.19022536950039326,0.1902253695003946,0.19022536950039326,0.1902253695003946,0.0
T_minus_10pct,0.9,1530.0,,gen=31_member=5214_pso,50,15907.9,35.4428012,15907.9,35.4428012,3.42253,5.17747,15907.884677515687,35.44276706150495,15907.884677515687,35.44276706150495,51191.78467751569,114.05529626150496,327,86,lpr:total_combined:bdpl,3.2117522782913666,5.388247721708633,3.42252865851418,5.17747134148582,-0.2107763802228133,0.2107763802228133,0.2107763802228133,0.2107763802228133,0.0
T_minus_10pct,0.9,1530.0,,gen=35_member=5893_pso,50,7182.25,16.002053,7182.25,16.002053,0.813288,7.786712,7182.245015135868,16.002041893722712,7182.245015135868,16.002041893722712,42466.14501513587,94.61457109372272,327,86,lpr:total_combined:bdpl,0.738537202443726,7.861462797556274,0.8132883924956406,7.786711607504359,-0.07475119005191455,0.07475119005191466,0.07475119005191455,0.07475119005191466,0.0
T_minus_10pct,0.9,1530.0,,gen=42_member=7082_pso,50,15124.5,33.697386,15124.5,33.697386,2.69841,5.90159,15124.511306524751,33.697411190937146,15124.511306524751,33.697411190937146,50408.41130652475,112.30994039093714,327,86,lpr:total_combined:bdpl,2.520576337217363,6.079423662782636,2.698409503554718,5.901590496445281,-0.17783316633735513,0.17783316633735513,0.17783316633735513,0.17783316633735513,0.0
T_minus_10pct,0.9,1530.0,,gen=44_member=7534_pso,50,15416.0,34.346848,15416.0,34.346848,2.93385,5.66615,15415.987512740045,34.34682017838482,15415.987512740045,34.34682017838482,50699.88751274005,112.95934937838484,327,86,lpr:total_combined:bdpl,2.747924774460658,5.852075225539341,2.9338504123415627,5.6661495876584365,-0.18592563788090466,0.18592563788090466,0.18592563788090466,0.18592563788090466,0.0
T_minus_10pct,0.9,1530.0,,gen=45_member=7645_pso,50,15987.0,35.619036,15987.0,35.619036,3.51669,5.083309999999999,15987.033381464233,35.61911037390231,15987.033381464233,35.61911037390231,51270.93338146424,114.23163957390231,327,86,lpr:total_combined:bdpl,3.3039518133890144,5.296048186610985,3.516691347333545,5.083308652666455,-0.21273953394453038,0.21273953394453038,0.21273953394453038,0.21273953394453038,0.0
T_minus_10pct,0.9,1530.0,,gen=39_member=6590_pso,50,16488.5,36.736378,16488.5,36.736378,4.09121,4.508789999999999,16488.509944204496,36.73640015568762,16488.509944204496,36.73640015568762,51772.40994420449,115.3489293556876,327,86,lpr:total_combined:bdpl,3.8639241121022665,4.736075887897734,4.091206726931732,4.508793273068267,-0.22728261482946577,0.2272826148294662,0.22728261482946577,0.2272826148294662,0.0
T_minus_10pct,0.9,1530.0,,gen=38_member=6398_pso,50,15752.9,35.0974612,15752.9,35.0974612,3.25449,5.345509999999999,15752.881386902523,35.09741973001883,15752.881386902523,35.09741973001883,51036.78138690253,113.70994893001884,327,86,lpr:total_combined:bdpl,3.05066167131924,5.54933832868076,3.254489893288976,5.345510106711024,-0.20382822196973605,0.2038282219697356,0.20382822196973605,0.2038282219697356,0.0
T_minus_10pct,0.9,1530.0,,gen=45_member=7594_pso,50,16297.3,36.3103844,16297.3,36.3103844,3.8606,4.7394,16297.305003351605,36.31039554746737,16297.305003351605,36.31039554746737,51581.20500335161,114.9229247474674,327,86,lpr:total_combined:bdpl,3.63996591261028,4.96003408738972,3.860598708949262,4.739401291050738,-0.22063279633898203,0.22063279633898158,0.22063279633898203,0.22063279633898158,0.0
T_minus_10pct,0.9,1530.0,,gen=48_member=8227_pso,50,15218.7,33.9072636,15218.7,33.9072636,2.7553,5.8447,15218.735500273877,33.90734269461019,15218.735500273877,33.90734269461019,50502.635500273886,112.51987189461022,327,86,lpr:total_combined:bdpl,2.574107047190811,6.025892952809189,2.7552995004033938,5.844700499596605,-0.18119245321258282,0.18119245321258326,0.18119245321258282,0.18119245321258326,0.0
T_minus_10pct,0.9,1530.0,,gen=30_member=5150_pso,50,16372.5,36.47793,16372.5,36.47793,3.95517,4.64483,16372.505057366425,36.47794126781239,16372.505057366425,36.47794126781239,51656.40505736643,115.0904704678124,327,86,lpr:total_combined:bdpl,3.731761628905073,4.868238371094927,3.9551744266243625,4.644825573375638,-0.22341279771928946,0.22341279771928946,0.22341279771928946,0.22341279771928946,0.0
T_minus_10pct,0.9,1530.0,,gen=49_member=8327_pso,50,13513.0,30.106964,13513.0,30.106964,1.80674,6.79326,13512.996764637244,30.10695679161178,13512.996764637244,30.10695679161178,48796.89676463725,108.7194859916118,327,86,lpr:total_combined:bdpl,1.669283234260135,6.930716765739865,1.8067379306649052,6.793262069335095,-0.13745469640477026,0.13745469640476937,0.13745469640477026,0.13745469640476937,0.0
T_minus_10pct,0.9,1530.0,,gen=43_member=7261_pso,50,15478.6,34.4863208,15478.6,34.4863208,2.98936,5.61064,15478.5626545175,34.48623759426499,15478.5626545175,34.48623759426499,50762.4626545175,113.098766794265,327,86,lpr:total_combined:bdpl,2.801671174313192,5.798328825686808,2.989359921162631,5.610640078837369,-0.18768874684943881,0.1876887468494397,0.18768874684943881,0.1876887468494397,0.0
T_minus_10pct,0.9,1530.0,,gen=36_member=6133_pso,50,16100.6,35.8721368,16100.6,35.8721368,3.65379,4.94621,16100.552219199742,35.87203034437702,16100.552219199742,35.87203034437702,51384.45221919975,114.48455954437703,327,86,lpr:total_combined:bdpl,3.438076253497457,5.161923746502543,3.6537904336927274,4.946209566307273,-0.21571418019527044,0.21571418019527044,0.21571418019527044,0.21571418019527044,0.0
T_minus_10pct,0.9,1530.0,,gen=41_member=6892_pso,50,13359.9,29.7658572,13359.9,29.7658572,1.79322,6.80678,13359.900045485403,29.76585730134148,13359.900045485403,29.76585730134148,48643.800045485405,108.37838650134148,327,86,lpr:total_combined:bdpl,1.657474625986932,6.942525374013068,1.7932215884321627,6.806778411567837,-0.13574696244523077,0.1357469624452312,0.13574696244523077,0.1357469624452312,0.0
T_minus_10pct,0.9,1530.0,,gen=47_member=8012_pso,50,16150.8,35.983982399999995,16150.8,35.983982399999995,3.70111,4.89889,16150.818138421246,35.984022812402536,16150.818138421246,35.984022812402536,51434.718138421245,114.59655201240253,327,86,lpr:total_combined:bdpl,3.4842196121372035,5.115780387862796,3.701110964068317,4.898889035931683,-0.21689135193111353,0.21689135193111309,0.21689135193111353,0.21689135193111309,0.0
T_minus_10pct,0.9,1530.0,,gen=47_member=7966_pso,50,15136.2,33.7234536,15136.2,33.7234536,2.70123,5.89877,15136.198838391196,33.72345101193558,15136.198838391196,33.72345101193558,50420.0988383912,112.3359802119356,327,86,lpr:total_combined:bdpl,2.5234352894447074,6.076564710555292,2.7012340465738194,5.89876595342618,-0.17779875712911197,0.17779875712911242,0.17779875712911197,0.17779875712911242,0.0
T_minus_10pct,0.9,1530.0,,gen=49_member=8363_pso,50,15923.6,35.4777808,15923.6,35.4777808,3.43975,5.16025,15923.612158066526,35.477807888172215,15923.612158066526,35.477807888172215,51207.51215806653,114.09033708817222,327,86,lpr:total_combined:bdpl,3.230368904804217,5.369631095195782,3.4397528364932968,5.160247163506703,-0.20938393168907998,0.20938393168907865,0.20938393168907998,0.20938393168907865,0.0
T_minus_10pct,0.9,1530.0,,gen=44_member=7456_pso,50,15913.4,35.4550552,15913.4,35.4550552,3.43116,5.168839999999999,15913.36876049534,35.454985598383615,15913.36876049534,35.454985598383615,51197.26876049534,114.0675147983836,327,86,lpr:total_combined:bdpl,3.2201125955140206,5.379887404485979,3.431156849191001,5.168843150808998,-0.21104425367698054,0.211044253676981,0.21104425367698054,0.211044253676981,0.0
T_minus_10pct,0.9,1530.0,,gen=40_member=6804_pso,50,15497.7,34.5288756,15497.7,34.5288756,3.01687,5.58313,15497.74676465162,34.528979791643806,15497.74676465162,34.528979791643806,50781.646764651625,113.14150899164382,327,86,lpr:total_combined:bdpl,2.828198043854339,5.77180195614566,3.016870007405461,5.583129992594539,-0.18867196355112226,0.1886719635511218,0.18867196355112226,0.1886719635511218,0.0
T_minus_10pct,0.9,1530.0,,gen=38_member=6471_pso,50,15736.3,35.0604764,15736.3,35.0604764,3.24426,5.355739999999999,15736.30754967552,35.06049322067706,15736.30754967552,35.06049322067706,51020.20754967552,113.67302242067706,327,86,lpr:total_combined:bdpl,3.0407007921034963,5.559299207896503,3.2442631362861047,5.355736863713895,-0.20356234418260843,0.20356234418260755,0.20356234418260843,0.20356234418260755,0.0
T_minus_10pct,0.9,1530.0,,gen=22_member=3634_pso,50,15030.3,33.4875084,15030.3,33.4875084,2.63496,5.96504,15030.302840959244,33.48751472965719,15030.302840959244,33.48751472965719,50314.202840959246,112.1000439296572,327,86,lpr:total_combined:bdpl,2.4603656098484814,6.139634390151518,2.6349586355249133,5.965041364475086,-0.17459302567643187,0.1745930256764323,0.17459302567643187,0.1745930256764323,0.0
T_minus_10pct,0.9,1530.0,,gen=44_member=7539_pso,50,16162.9,36.0109412,16162.9,36.0109412,3.71574,4.884259999999999,16162.865790156584,36.01086498046887,16162.865790156584,36.01086498046887,51446.76579015658,114.62339418046886,327,86,lpr:total_combined:bdpl,3.499216712895779,5.100783287104221,3.71574467634347,4.88425532365653,-0.2165279634476911,0.21652796344769154,0.2165279634476911,0.21652796344769154,0.0
T_minus_10pct,0.9,1530.0,,gen=49_member=8356_pso,50,14759.3,32.883720399999994,14759.3,32.883720399999994,2.45508,6.144919999999999,14759.259123491493,32.88362932713905,14759.259123491493,32.88362932713905,50043.159123491496,111.49615852713904,327,86,lpr:total_combined:bdpl,2.28954516149711,6.31045483850289,2.455078154837682,6.144921845162317,-0.16553299334057225,0.16553299334057314,0.16553299334057225,0.16553299334057314,0.0
T_minus_10pct,0.9,1530.0,,gen=46_member=7849_pso,50,15137.2,33.7256816,15137.2,33.7256816,2.71464,5.88536,15137.175608309964,33.7256272553146,15137.175608309964,33.7256272553146,50421.07560830997,112.3381564553146,327,86,lpr:total_combined:bdpl,2.536172114252432,6.063827885747568,2.714637855713367,5.885362144286633,-0.17846574146093497,0.17846574146093452,0.17846574146093497,0.17846574146093452,0.0
T_minus_10pct,0.9,1530.0,,gen=42_member=7200_pso,50,15858.3,35.3322924,15858.3,35.3322924,3.37515,5.22485,15858.268135411014,35.33222140569574,15858.268135411014,35.33222140569574,51142.16813541101,113.94475060569572,327,86,lpr:total_combined:bdpl,3.166265738974464,5.433734261025536,3.375146551306809,5.224853448693191,-0.20888081233234512,0.20888081233234512,0.20888081233234512,0.20888081233234512,0.0
T_minus_10pct,0.9,1530.0,,gen=38_member=6459_pso,50,16488.3,36.7359324,16488.3,36.7359324,4.07908,4.520919999999999,16488.289913846693,36.73590992805043,16488.289913846693,36.73590992805043,51772.1899138467,115.34843912805044,327,86,lpr:total_combined:bdpl,3.852408996469641,4.747591003530358,4.079081097759876,4.520918902240124,-0.22667210129023507,0.22667210129023374,0.22667210129023507,0.22667210129023374,0.0
T_minus_10pct,0.9,1530.0,,gen=40_member=6838_pso,50,12362.6,27.5438728,12362.6,27.5438728,1.42018,7.179819999999999,12362.592395957756,27.54385585819388,12362.592395957756,27.54385585819388,47646.49239595776,106.15638505819388,327,86,lpr:total_combined:bdpl,1.3016737754366547,7.298326224563345,1.4201768569284965,7.179823143071503,-0.11850308149184174,0.11850308149184219,0.11850308149184174,0.11850308149184219,0.0
T_minus_10pct,0.9,1530.0,,gen=35_member=5994_pso,50,15567.0,34.683276,15567.0,34.683276,3.07603,5.52397,15566.99725223962,34.68326987798987,15566.99725223962,34.68326987798987,50850.897252239614,113.29579907798986,327,86,lpr:total_combined:bdpl,2.8824010853902107,5.717598914609789,3.076027027129444,5.523972972870556,-0.1936259417392332,0.1936259417392332,0.1936259417392332,0.1936259417392332,0.0
T_minus_10pct,0.9,1530.0,,gen=39_member=6670_pso,50,14558.2,32.435669600000004,14558.2,32.435669600000004,2.33137,6.26863,14558.247364123175,32.43577512726643,14558.247364123175,32.43577512726643,49842.14736412317,111.04830432726642,327,86,lpr:total_combined:bdpl,2.1715467678000286,6.428453232199971,2.331366553624733,6.268633446375267,-0.15981978582470457,0.1598197858247037,0.15981978582470457,0.1598197858247037,0.0
T_minus_10pct,0.9,1530.0,,gen=48_member=8120_pso,50,16180.2,36.0494856,16180.2,36.0494856,3.72385,4.876149999999999,16180.196221496028,36.049477181493145,16180.196221496028,36.049477181493145,51464.09622149603,114.66200638149316,327,86,lpr:total_combined:bdpl,3.507141474928734,5.092858525071266,3.7238509530605737,4.876149046939426,-0.21670947813183972,0.21670947813183972,0.21670947813183972,0.21670947813183972,0.0
T_minus_10pct,0.9,1530.0,,gen=47_member=7929_pso,50,14935.2,33.2756256,14935.2,33.2756256,2.58067,6.01933,14935.229434083649,33.27569117913837,14935.229434083649,33.27569117913837,50219.12943408365,111.88822037913836,327,86,lpr:total_combined:bdpl,2.4079430194153004,6.192056980584699,2.5806656123379543,6.019334387662045,-0.1727225929226539,0.17272259292265346,0.1727225929226539,0.17272259292265346,0.0
T_minus_10pct,0.9,1530.0,,gen=32_member=5467_pso,50,15900.0,35.4252,15900.0,35.4252,3.40923,5.19077,15900.04268653813,35.42529510560696,15900.04268653813,35.42529510560696,51183.94268653814,114.03782430560696,327,86,lpr:total_combined:bdpl,3.199086787221109,5.400913212778891,3.4092267076579525,5.190773292342048,-0.21013992043684349,0.21013992043684215,0.21013992043684349,0.21013992043684215,0.0
T_minus_10pct,0.9,1530.0,,gen=45_member=7589_pso,50,15827.9,35.2645612,15827.9,35.2645612,3.34169,5.25831,15827.894157225164,35.264548182297666,15827.894157225164,35.264548182297666,51111.79415722516,113.87707738229766,327,86,lpr:total_combined:bdpl,3.135312253574711,5.464687746425289,3.3416938493864854,5.258306150613514,-0.2063815958117745,0.2063815958117754,0.2063815958117745,0.2063815958117754,0.0
T_minus_10pct,0.9,1530.0,,gen=42_member=7063_pso,50,14712.7,32.7798956,14712.7,32.7798956,2.41578,6.18422,14712.738208192482,32.77998072785285,14712.738208192482,32.77998072785285,49996.63820819249,111.39250992785288,327,86,lpr:total_combined:bdpl,2.2523117479308423,6.347688252069157,2.4157795755081053,6.184220424491894,-0.16346782757726297,0.1634678275772634,0.16346782757726297,0.1634678275772634,0.0
T_minus_10pct,0.9,1530.0,,gen=46_member=7783_pso,50,15821.8,35.2509704,15821.8,35.2509704,3.33505,5.26495,15821.761622209751,35.250884894283324,15821.761622209751,35.250884894283324,51105.66162220975,113.86341409428331,327,86,lpr:total_combined:bdpl,3.127555534567716,5.472444465432284,3.335046555009673,5.264953444990326,-0.2074910204419571,0.20749102044195844,0.2074910204419571,0.20749102044195844,0.0
T_minus_10pct,0.9,1530.0,,gen=42_member=7112_pso,50,13444.8,29.9550144,13444.8,29.9550144,1.80414,6.795859999999999,13444.77211184266,29.954952265185444,13444.77211184266,29.954952265185444,48728.67211184265,108.56748146518542,327,86,lpr:total_combined:bdpl,1.6679306476217288,6.932069352378271,1.8041382604731795,6.795861739526821,-0.13620761285145067,0.13620761285145022,0.13620761285145067,0.13620761285145022,0.0
T_minus_10pct,0.9,1530.0,,gen=43_member=7278_pso,50,12101.0,26.961028,12101.0,26.961028,1.36641,7.233589999999999,12101.000490548293,26.96102909294159,12101.000490548293,26.96102909294159,47384.90049054829,105.5735582929416,327,86,lpr:total_combined:bdpl,1.2486620681477267,7.351337931852273,1.3664061755116317,7.233593824488368,-0.11774410736390495,0.1177441073639045,0.11774410736390495,0.1177441073639045,0.0
T_minus_10pct,0.9,1530.0,,gen=48_member=8123_pso,50,16025.9,35.7057052,16025.9,35.7057052,3.56822,5.03178,16025.894791493543,35.70569359544761,16025.894791493543,35.70569359544761,51309.79479149355,114.31822279544762,327,86,lpr:total_combined:bdpl,3.3540169026309123,5.245983097369088,3.568217329581769,5.031782670418231,-0.21420042695085684,0.21420042695085684,0.21420042695085684,0.21420042695085684,0.0
T_minus_10pct,0.9,1530.0,,gen=38_member=6409_pso,50,15959.9,35.5586572,15959.9,35.5586572,3.48534,5.11466,15959.899258415428,35.558655547749574,15959.899258415428,35.558655547749574,51243.79925841543,114.17118474774956,327,86,lpr:total_combined:bdpl,3.2721541926706434,5.327845807329356,3.4853415920391573,5.114658407960842,-0.21318739936851383,0.21318739936851383,0.21318739936851383,0.21318739936851383,0.0
T_minus_10pct,0.9,1530.0,,gen=36_member=6139_pso,50,16482.1,36.7221188,16482.1,36.7221188,4.07625,4.52375,16482.125975540614,36.722176673504485,16482.125975540614,36.722176673504485,51766.025975540615,115.33470587350448,327,86,lpr:total_combined:bdpl,3.849703117773687,4.750296882226312,4.0762456348744855,4.523754365125514,-0.22654251710079842,0.22654251710079798,0.22654251710079842,0.22654251710079798,0.0
T_minus_10pct,0.9,1530.0,,gen=40_member=6783_pso,50,15389.6,34.2880288,15389.6,34.2880288,2.92983,5.67017,15389.56502992713,34.28795088667764,15389.56502992713,34.28795088667764,50673.46502992713,112.90048008667765,327,86,lpr:total_combined:bdpl,2.736524481073041,5.863475518926959,2.929833439615535,5.670166560384464,-0.19330895854249386,0.1933089585424952,0.19330895854249386,0.1933089585424952,0.0
T_minus_10pct,0.9,1530.0,,gen=29_member=4924_pso,50,14956.1,33.3221908,14956.1,33.3221908,2.58783,6.012169999999999,14956.10872527715,33.32221023991749,14956.10872527715,33.32221023991749,50240.00872527715,111.93473943991748,327,86,lpr:total_combined:bdpl,2.415101584627598,6.184898415372402,2.587828022406685,6.012171977593315,-0.17272643777908714,0.1727264377790867,0.17272643777908714,0.1727264377790867,0.0
T_minus_10pct,0.9,1530.0,,gen=46_member=7822_pso,50,16471.9,36.6993932,16471.9,36.6993932,4.06609,4.53391,16471.886818612737,36.69936383186918,16471.886818612737,36.69936383186918,51755.78681861274,115.31189303186918,327,86,lpr:total_combined:bdpl,3.8393771988774144,4.760622801122585,4.066085660473553,4.533914339526446,-0.226708461596139,0.22670846159613856,0.226708461596139,0.22670846159613856,0.0
T_minus_10pct,0.9,1530.0,,gen=33_member=5655_pso,50,15992.1,35.6303988,15992.1,35.6303988,3.51718,5.08282,15992.087099890365,35.630370058555734,15992.087099890365,35.630370058555734,51275.98709989037,114.24289925855572,327,86,lpr:total_combined:bdpl,3.304601059710488,5.2953989402895125,3.517184950203703,5.082815049796297,-0.21258389049321513,0.21258389049321558,0.21258389049321513,0.21258389049321558,0.0
T_minus_10pct,0.9,1530.0,,gen=31_member=5227_pso,50,14897.7,33.1920756,14897.7,33.1920756,2.57051,6.029489999999999,14897.660188354284,33.191986899653344,14897.660188354284,33.191986899653344,50181.56018835429,111.80451609965334,327,86,lpr:total_combined:bdpl,2.3991518004456247,6.200848199554375,2.5705116414506657,6.029488358549334,-0.17135984100504098,0.17135984100504142,0.17135984100504098,0.17135984100504142,0.0
T_minus_10pct,0.9,1530.0,,gen=46_member=7810_pso,50,15518.0,34.574104,15518.0,34.574104,3.02342,5.57658,15517.98212177229,34.57406416730866,15517.98212177229,34.57406416730866,50801.88212177229,113.18659336730867,327,86,lpr:total_combined:bdpl,2.834009360744673,5.765990639255326,3.0234229584310697,5.57657704156893,-0.18941359768639687,0.18941359768639643,0.18941359768639687,0.18941359768639643,0.0
T_minus_10pct,0.9,1530.0,,gen=28_member=4720_pso,50,15881.9,35.3848732,15881.9,35.3848732,3.39794,5.20206,15881.90696025604,35.38488870745046,15881.90696025604,35.38488870745046,51165.80696025604,113.99741790745044,327,86,lpr:total_combined:bdpl,3.188122002433236,5.411877997566764,3.397935940640787,5.202064059359213,-0.2098139382075508,0.20981393820755123,0.2098139382075508,0.20981393820755123,0.0
T_minus_10pct,0.9,1530.0,,gen=31_member=5250_pso,50,15284.3,34.0534204,15284.3,34.0534204,2.82385,5.77615,15284.341047393014,34.05351185359164,15284.341047393014,34.05351185359164,50568.24104739301,112.66604105359164,327,86,lpr:total_combined:bdpl,2.6361312286057257,5.963868771394274,2.8238468837659503,5.776153116234049,-0.1877156551602246,0.18771565516022548,0.1877156551602246,0.18771565516022548,0.0
T_minus_10pct,0.9,1530.0,,gen=46_member=7862_pso,50,15485.6,34.5019168,15485.6,34.5019168,2.9983,5.601699999999999,15485.594923526956,34.50190548961805,15485.594923526956,34.50190548961805,50769.49492352696,113.11443468961808,327,86,lpr:total_combined:bdpl,2.8105413866403843,5.789458613359615,2.998298907907464,5.601701092092536,-0.18775752126707967,0.18775752126707967,0.18775752126707967,0.18775752126707967,0.0
T_minus_10pct,0.9,1530.0,,gen=29_member=4911_pso,50,15199.3,33.8640404,15199.3,33.8640404,2.75415,5.84585,15199.287430988548,33.86401239624249,15199.287430988548,33.86401239624249,50483.18743098855,112.47654159624248,327,86,lpr:total_combined:bdpl,2.574313920327824,6.025686079672177,2.7541462326369746,5.845853767363025,-0.17983231230915075,0.1798323123091521,0.17983231230915075,0.1798323123091521,0.0
T_minus_10pct,0.9,1530.0,,gen=43_member=7385_pso,50,11722.5,26.11773,11722.5,26.11773,1.30432,7.29568,11722.488164319384,26.117703630103588,11722.488164319384,26.117703630103588,47006.38816431938,104.73023283010356,327,86,lpr:total_combined:bdpl,1.191565538260914,7.408434461739086,1.304315285491199,7.2956847145088,-0.11274974723028497,0.11274974723028564,0.11274974723028497,0.11274974723028564,0.0
T_minus_10pct,0.9,1530.0,,gen=34_member=5724_pso,50,15960.4,35.5597712,15960.4,35.5597712,3.48909,5.11091,15960.35420961444,35.55966917902097,15960.35420961444,35.55966917902097,51244.254209614446,114.17219837902098,327,86,lpr:total_combined:bdpl,3.2759278662241544,5.324072133775845,3.489091483382917,5.110908516617083,-0.21316361715876253,0.2131636171587621,0.21316361715876253,0.2131636171587621,0.0
T_minus_10pct,0.9,1530.0,,gen=39_member=6557_pso,50,13892.2,30.9518216,13892.2,30.9518216,1.98352,6.616479999999999,13892.237152431944,30.95190437561837,13892.237152431944,30.95190437561837,49176.13715243194,109.56443357561837,327,86,lpr:total_combined:bdpl,1.838209115089104,6.761790884910895,1.9835249724970192,6.616475027502981,-0.1453158574079152,0.14531585740791453,0.1453158574079152,0.14531585740791453,0.0
T_minus_10pct,0.9,1530.0,,gen=43_member=7341_pso,50,16022.2,35.697461600000004,16022.2,35.697461600000004,3.54777,5.05223,16022.226518950454,35.69752068422161,16022.226518950454,35.69752068422161,51306.126518950456,114.3100498842216,327,86,lpr:total_combined:bdpl,3.333836239021396,5.266163760978603,3.547765185660241,5.052234814339759,-0.2139289466388452,0.21392894663884476,0.2139289466388452,0.21392894663884476,0.0
T_minus_10pct,0.9,1530.0,,gen=37_member=6349_pso,50,15198.8,33.8629264,15198.8,33.8629264,2.74347,5.856529999999999,15198.807260091971,33.862942575484915,15198.807260091971,33.862942575484915,50482.70726009198,112.47547177548492,327,86,lpr:total_combined:bdpl,2.563047916256512,6.036952083743488,2.7434690769353645,5.856530923064636,-0.1804211606788524,0.1804211606788524,0.1804211606788524,0.1804211606788524,0.0
T_minus_10pct,0.9,1530.0,,gen=41_member=6889_pso,50,12291.0,27.384348,12291.0,27.384348,1.4106,7.189399999999999,12290.987705769669,27.38432060845482,12290.987705769669,27.38432060845482,47574.88770576967,105.9968498084548,327,86,lpr:total_combined:bdpl,1.2921301653226698,7.30786983467733,1.4106019754541828,7.189398024545817,-0.11847181013151298,0.11847181013151342,0.11847181013151298,0.11847181013151342,0.0
T_minus_10pct,0.9,1530.0,,gen=47_member=8010_pso,50,15028.5,33.483498,15028.5,33.483498,2.63426,5.96574,15028.455185458966,33.48339815320258,15028.455185458966,33.48339815320258,50312.35518545897,112.09592735320258,327,86,lpr:total_combined:bdpl,2.4591468891039856,6.140853110896014,2.6342594566188096,5.96574054338119,-0.17511256751482396,0.17511256751482396,0.17511256751482396,0.17511256751482396,0.0
T_minus_10pct,0.9,1530.0,,gen=38_member=6465_pso,50,15971.7,35.5849476,15971.7,35.5849476,3.49711,5.10289,15971.650593525908,35.58483752237572,15971.650593525908,35.58483752237572,51255.55059352591,114.19736672237572,327,86,lpr:total_combined:bdpl,3.2836215265353634,5.316378473464637,3.497111324050283,5.102888675949717,-0.21348979751491948,0.21348979751491992,0.21348979751491948,0.21348979751491992,0.0
T_minus_10pct,0.9,1530.0,,gen=29_member=4976_pso,50,14745.7,32.8534196,14745.7,32.8534196,2.44488,6.15512,14745.72089074602,32.85346614458213,14745.72089074602,32.85346614458213,50029.62089074602,111.46599534458214,327,86,lpr:total_combined:bdpl,2.2799285171904087,6.320071482809591,2.4448842022049715,6.155115797795029,-0.16495568501456281,0.16495568501456237,0.16495568501456281,0.16495568501456237,0.0
T_minus_10pct,0.9,1530.0,,gen=34_member=5729_pso,50,16215.1,36.1272428,16215.1,36.1272428,3.76248,4.83752,16215.125543009071,36.12729970982421,16215.125543009071,36.12729970982421,51499.02554300907,114.7398289098242,327,86,lpr:total_combined:bdpl,3.5446151544689206,5.055384845531079,3.762481095023348,4.837518904976652,-0.21786594055442743,0.21786594055442698,0.21786594055442743,0.21786594055442698,0.0
T_minus_10pct,0.9,1530.0,,gen=46_member=7888_pso,50,14714.3,32.7834604,14714.3,32.7834604,2.41843,6.18157,14714.275098586406,32.783404919650515,14714.275098586406,32.783404919650515,49998.175098586406,111.3959341196505,327,86,lpr:total_combined:bdpl,2.254828825680686,6.345171174319313,2.418430577488762,6.181569422511238,-0.16360175180807612,0.16360175180807524,0.16360175180807612,0.16360175180807524,0.0
T_minus_10pct,0.9,1530.0,,gen=46_member=7821_pso,50,13922.5,31.01933,13922.5,31.01933,1.99327,6.60673,13922.46591334354,31.019254054929405,13922.46591334354,31.019254054929405,49206.36591334354,109.63178325492942,327,86,lpr:total_combined:bdpl,1.847544756205296,6.752455243794704,1.993271488176365,6.6067285118236345,-0.1457267319710689,0.14572673197106933,0.1457267319710689,0.14572673197106933,0.0
T_minus_10pct,0.9,1530.0,,gen=48_member=8165_pso,50,15747.1,35.0845388,15747.1,35.0845388,3.24714,5.35286,15747.123852685494,35.08459194378328,15747.123852685494,35.08459194378328,51031.023852685496,113.69712114378328,327,86,lpr:total_combined:bdpl,3.0436226215710365,5.556377378428963,3.2471408840658538,5.352859115934146,-0.2035182624948173,0.20351826249481686,0.2035182624948173,0.20351826249481686,0.0
T_minus_10pct,0.9,1530.0,,gen=36_member=6131_pso,50,16162.4,36.0098272,16162.4,36.0098272,3.70849,4.89151,16162.41505174217,36.00986073528155,16162.41505174217,36.00986073528155,51446.315051742175,114.62238993528156,327,86,lpr:total_combined:bdpl,3.491542382312585,5.108457617687415,3.708493410413307,4.891506589586692,-0.2169510281007221,0.21695102810072253,0.2169510281007221,0.21695102810072253,0.0
T_minus_10pct,0.9,1530.0,,gen=32_member=5391_pso,50,14928.9,33.2615892,14928.9,33.2615892,2.57343,6.02657,14928.862552967455,33.261505768011496,14928.862552967455,33.261505768011496,50212.76255296746,111.8740349680115,327,86,lpr:total_combined:bdpl,2.4016478718284557,6.198352128171544,2.5734339649692104,6.02656603503079,-0.17178609314075466,0.17178609314075466,0.17178609314075466,0.17178609314075466,0.0
T_minus_10pct,0.9,1530.0,,gen=34_member=5740_pso,50,12129.7,27.0249716,12129.7,27.0249716,1.37217,7.22783,12129.737656299145,27.025055498234494,12129.737656299145,27.025055498234494,47413.63765629914,105.63758469823448,327,86,lpr:total_combined:bdpl,1.2559800715845602,7.34401992841544,1.37216642150876,7.227833578491239,-0.11618634992419974,0.11618634992420063,0.11618634992419974,0.11618634992420063,0.0
T_minus_10pct,0.9,1530.0,,gen=35_member=5978_pso,50,16067.3,35.7979444,16067.3,35.7979444,3.60663,4.99337,16067.34571378628,35.798046250315835,16067.34571378628,35.798046250315835,51351.24571378629,114.41057545031585,327,86,lpr:total_combined:bdpl,3.391885950373831,5.208114049626168,3.6066329183701873,4.993367081629812,-0.21474696799635629,0.21474696799635584,0.21474696799635629,0.21474696799635584,0.0
T_minus_10pct,0.9,1530.0,,gen=32_member=5373_pso,50,15480.3,34.4901084,15480.3,34.4901084,2.995,5.605,15480.299999640423,34.49010839919886,15480.299999640423,34.49010839919886,50764.19999964042,113.10263759919886,327,86,lpr:total_combined:bdpl,2.8050073152076265,5.794992684792373,2.995004204654325,5.604995795345674,-0.18999688944669835,0.18999688944669835,0.18999688944669835,0.18999688944669835,0.0
T_minus_10pct,0.9,1530.0,,gen=44_member=7565_pso,50,14798.7,32.9715036,14798.7,32.9715036,2.47831,6.121689999999999,14798.675255149134,32.97144846847227,14798.675255149134,32.97144846847227,50082.57525514913,111.58397766847226,327,86,lpr:total_combined:bdpl,2.311195553616024,6.288804446383976,2.478310881640845,6.121689118359155,-0.16711532802482099,0.16711532802482054,0.16711532802482099,0.16711532802482054,0.0
T_minus_10pct,0.9,1530.0,,gen=45_member=7737_pso,50,16214.6,36.1261288,16214.6,36.1261288,3.75756,4.84244,16214.601623135048,36.12613241634489,16214.601623135048,36.12613241634489,51498.50162313505,114.7386616163449,327,86,lpr:total_combined:bdpl,3.5394656327713365,5.060534367228663,3.7575596650694982,4.842440334930501,-0.2180940322981617,0.21809403229816215,0.2180940322981617,0.21809403229816215,0.0
T_minus_10pct,0.9,1530.0,,gen=35_member=6019_pso,50,16186.0,36.062408,16186.0,36.062408,3.73038,4.869619999999999,16186.021661268114,36.06245626130536,16186.021661268114,36.06245626130536,51469.92166126812,114.67498546130535,327,86,lpr:total_combined:bdpl,3.513408406535919,5.086591593464081,3.7303822104294633,4.869617789570537,-0.21697380389354448,0.21697380389354404,0.21697380389354448,0.21697380389354404,0.0
T_minus_10pct,0.9,1530.0,,gen=46_member=7796_pso,50,15919.0,35.467532,15919.0,35.467532,3.43824,5.161759999999999,15919.044119771625,35.46763029885118,15919.044119771625,35.46763029885118,51202.94411977162,114.08015949885116,327,86,lpr:total_combined:bdpl,3.2269289365293914,5.373071063470608,3.43823893574998,5.16176106425002,-0.21130999922058846,0.21130999922058802,0.21130999922058846,0.21130999922058802,0.0
T_minus_10pct,0.9,1530.0,,gen=47_member=7977_pso,50,15936.7,35.5069676,15936.7,35.5069676,3.45533,5.14467,15936.708564147862,35.50698668092144,15936.708564147862,35.50698668092144,51220.60856414786,114.11951588092144,327,86,lpr:total_combined:bdpl,3.244055444110811,5.355944555889188,3.4553251022415497,5.14467489775845,-0.2112696581307385,0.21126965813073806,0.2112696581307385,0.21126965813073806,0.0
T_minus_10pct,0.9,1530.0,,gen=49_member=8311_pso,50,16161.3,36.0073764,16161.3,36.0073764,3.70558,4.89442,16161.28243585807,36.00733726709178,16161.28243585807,36.00733726709178,51445.18243585806,114.61986646709175,327,86,lpr:total_combined:bdpl,3.488940256913857,5.111059743086143,3.705575891176805,4.894424108823195,-0.21663563426294807,0.21663563426294807,0.21663563426294807,0.21663563426294807,0.0
T_minus_10pct,0.9,1530.0,,gen=29_member=4851_pso,50,15827.8,35.2643384,15827.8,35.2643384,3.33985,5.260149999999999,15827.772653849252,35.264277472776136,15827.772653849252,35.264277472776136,51111.67265384925,113.87680667277613,327,86,lpr:total_combined:bdpl,3.132279655717321,5.467720344282679,3.339852235813954,5.260147764186046,-0.20757258009663326,0.20757258009663282,0.20757258009663326,0.20757258009663282,0.0
T_minus_10pct,0.9,1530.0,,gen=34_member=5819_pso,50,15512.1,34.5609588,15512.1,34.5609588,3.0224,5.5776,15512.135876498978,34.56103873283972,15512.135876498978,34.56103873283972,50796.03587649898,113.17356793283972,327,86,lpr:total_combined:bdpl,2.8329396150855173,5.767060384914482,3.022398591006844,5.577601408993155,-0.18945897592132654,0.189458975921327,0.18945897592132654,0.189458975921327,0.0
T_minus_10pct,0.9,1530.0,,gen=38_member=6490_pso,50,16189.3,36.0697604,16189.3,36.0697604,3.73254,4.86746,16189.343816499706,36.06985802316135,16189.343816499706,36.06985802316135,51473.24381649972,114.68238722316136,327,86,lpr:total_combined:bdpl,3.515469286132665,5.084530713867334,3.732539123723969,4.867460876276031,-0.21706983759130383,0.21706983759130338,0.21706983759130383,0.21706983759130338,0.0
T_minus_10pct,0.9,1530.0,,gen=42_member=7145_pso,50,16295.4,36.3061512,16295.4,36.3061512,3.85887,4.74113,16295.396734226248,36.30614392385608,16295.396734226248,36.30614392385608,51579.29673422626,114.9186731238561,327,86,lpr:total_combined:bdpl,3.6369544508864977,4.963045549113502,3.858871338058117,4.741128661941882,-0.2219168871716195,0.22191688717161995,0.2219168871716195,0.22191688717161995,0.0
T_minus_10pct,0.9,1530.0,,gen=28_member=4655_pso,50,15141.9,33.7361532,15141.9,33.7361532,2.71633,5.88367,15141.895334331672,33.73614280489097,15141.895334331672,33.73614280489097,50425.79533433168,112.34867200489096,327,86,lpr:total_combined:bdpl,2.5378265644692584,6.062173435530742,2.7163349555958534,5.883665044404147,-0.178508391126595,0.178508391126595,0.178508391126595,0.178508391126595,0.0
T_minus_10pct,0.9,1530.0,,gen=24_member=4008_pso,50,15155.7,33.7668996,15155.7,33.7668996,2.71969,5.88031,15155.727503103506,33.76696087691461,15155.727503103506,33.76696087691461,50439.627503103504,112.3794900769146,327,86,lpr:total_combined:bdpl,2.5405398203034,6.0594601796966,2.7196924545351737,5.8803075454648255,-0.17915263423177352,0.17915263423177485,0.17915263423177352,0.17915263423177485,0.0
T_minus_10pct,0.9,1530.0,,gen=34_member=5732_pso,50,15162.6,33.7822728,15162.6,33.7822728,2.72045,5.87955,15162.563611442774,33.7821917262945,15162.563611442774,33.7821917262945,50446.46361144279,112.39472092629453,327,86,lpr:total_combined:bdpl,2.5418314398207045,6.058168560179295,2.7204459363071374,5.879554063692862,-0.1786144964864329,0.1786144964864329,0.1786144964864329,0.1786144964864329,0.0
T_minus_10pct,0.9,1530.0,,gen=40_member=6768_pso,50,16451.1,36.6530508,16451.1,36.6530508,4.06357,4.536429999999999,16451.08712664435,36.65302211816361,16451.08712664435,36.65302211816361,51734.98712664435,115.26555131816362,327,86,lpr:total_combined:bdpl,3.834738791594909,4.76526120840509,4.063568704514503,4.536431295485497,-0.22882991291959387,0.22882991291959343,0.22882991291959387,0.22882991291959343,0.0
T_minus_10pct,0.9,1530.0,,gen=44_member=7554_pso,50,15130.8,33.7114224,15130.8,33.7114224,2.69854,5.90146,15130.753854465827,33.71131958774986,15130.753854465827,33.71131958774986,50414.65385446584,112.32384878774988,327,86,lpr:total_combined:bdpl,2.5208687591350403,6.079131240864959,2.6985365408908595,5.90146345910914,-0.1776677817558192,0.17766778175581965,0.1776677817558192,0.17766778175581965,0.0
T_minus_10pct,0.9,1530.0,,gen=18_member=3072_pso,50,16676.3,37.1547964,16676.3,37.1547964,4.37912,4.220879999999999,16676.349581361694,37.15490686727385,16676.349581361694,37.15490686727385,51960.24958136169,115.76743606727383,327,86,lpr:total_combined:bdpl,4.140090459147749,4.459909540852251,4.379123996722136,4.220876003277864,-0.23903353757438683,0.23903353757438683,0.23903353757438683,0.23903353757438683,0.0
T_minus_10pct,0.9,1530.0,,gen=50_member=8445_pso,50,9401.87,20.94736636,9401.87,20.94736636,1.01547,7.584529999999999,9401.872579508889,20.947372107145803,9401.872579508889,20.947372107145803,44685.77257950889,99.5599013071458,327,86,lpr:total_combined:bdpl,0.9236057353075456,7.676394264692454,1.0154703928416016,7.584529607158398,-0.09186465753405593,0.09186465753405582,0.09186465753405593,0.09186465753405582,0.0
T_minus_10pct,0.9,1530.0,,gen=50_member=8506_pso,50,16237.8,36.1778184,16237.8,36.1778184,3.79088,4.80912,16237.751709751272,36.17771080932583,16237.751709751272,36.17771080932583,51521.65170975127,114.79024000932584,327,86,lpr:total_combined:bdpl,3.571922728541125,5.028077271458875,3.790883183568052,4.809116816431947,-0.21896045502692685,0.2189604550269273,0.21896045502692685,0.2189604550269273,0.0
T_minus_10pct,0.9,1530.0,,gen=50_member=8596_pso,50,14208.3,31.6560924,14208.3,31.6560924,2.13446,6.46554,14208.317325044894,31.656131000200023,14208.317325044894,31.656131000200023,49492.2173250449,110.26866020020005,327,86,lpr:total_combined:bdpl,1.9818876819105908,6.618112318089409,2.1344595323964763,6.465540467603523,-0.1525718504858855,0.15257185048588617,0.1525718504858855,0.15257185048588617,0.0
T_minus_10pct,0.9,1530.0,,gen=50_member=8464_pso,50,15785.1,35.1692028,15785.1,35.1692028,3.28738,5.312619999999999,15785.141919811873,35.16929619734085,15785.141919811873,35.16929619734085,51069.04191981188,113.78182539734084,327,86,lpr:total_combined:bdpl,3.082748435474425,5.517251564525575,3.287377222546114,5.312622777453885,-0.2046287870716892,0.20462878707169008,0.2046287870716892,0.20462878707169008,0.0
T_minus_10pct,0.9,1530.0,,gen=50_member=8489_pso,50,15228.0,33.927984,15228.0,33.927984,2.76217,5.83783,15228.040957686744,33.928075253726064,15228.040957686744,33.928075253726064,50511.94095768675,112.54060445372608,327,86,lpr:total_combined:bdpl,2.5806865868323734,6.019313413167627,2.7621716131516663,5.837828386848333,-0.18148502631929286,0.18148502631929375,0.18148502631929286,0.18148502631929375,0.0
T_minus_10pct,0.9,1530.0,,gen=50_member=8579_pso,50,15829.2,35.2674576,15829.2,35.2674576,3.34196,5.258039999999999,15829.220626443976,35.267503555717184,15829.220626443976,35.267503555717184,51113.12062644398,113.8800327557172,327,86,lpr:total_combined:bdpl,3.134301469830782,5.465698530169218,3.341960069793125,5.258039930206875,-0.20765859996234282,0.20765859996234237,0.20765859996234282,0.20765859996234237,0.0
T_minus_10pct,0.9,1530.0,,gen=50_member=8474_pso,50,12733.0,28.369124,12733.0,28.369124,1.54501,7.05499,12732.998383359258,28.369120398124423,12732.998383359258,28.369120398124423,48016.89838335926,106.98164959812442,327,86,lpr:total_combined:bdpl,1.419917006894656,7.180082993105343,1.545008856601091,7.054991143398908,-0.12509184970643505,0.12509184970643528,0.12509184970643505,0.12509184970643528,0.0
T_minus_10pct,0.9,1530.0,,gen=50_member=8555_pso,50,15618.6,34.7982408,15618.6,34.7982408,3.12278,5.477219999999999,15618.60939023365,34.798261721440575,15618.60939023365,34.798261721440575,50902.50939023365,113.41079092144058,327,86,lpr:total_combined:bdpl,2.9256864110283307,5.674313588971669,3.122777075087054,5.477222924912946,-0.19709066405872333,0.19709066405872377,0.19709066405872333,0.19709066405872377,0.0
T_minus_10pct,0.9,1530.0,,gen=50_member=8483_pso,50,14418.5,32.124418,14418.5,32.124418,2.25475,6.34525,14418.539243991498,32.12450543561306,14418.539243991498,32.12450543561306,49702.439243991495,110.73703463561304,327,86,lpr:total_combined:bdpl,2.098567870821746,6.501432129178253,2.254748390424492,6.345251609575508,-0.15618051960274615,0.1561805196027457,0.15618051960274615,0.1561805196027457,0.0
T_minus_10pct,0.9,1530.0,,gen=50_member=8443_pso,50,13029.1,29.0288348,13029.1,29.0288348,1.62866,6.97134,13029.062711147126,29.0287517204358,13029.062711147126,29.0287517204358,48312.96271114713,107.6412809204358,327,86,lpr:total_combined:bdpl,1.5011388539437696,7.09886114605623,1.6286550645203903,6.971344935479609,-0.12751621057662077,0.127516210576621,0.12751621057662077,0.127516210576621,0.0
T_minus_10pct,0.9,1530.0,,gen=50_member=8469_pso,50,12272.3,27.3426844,12272.3,27.3426844,1.39731,7.20269,12272.27925978557,27.342638190802248,12272.27925978557,27.342638190802248,47556.17925978557,105.95516739080225,327,86,lpr:total_combined:bdpl,1.280224746708996,7.319775253291004,1.3973096615726888,7.202690338427311,-0.11708491486369277,0.11708491486369343,0.11708491486369277,0.11708491486369343,0.0
T_minus_10pct,0.9,1530.0,,gen=50_member=8584_pso,50,16506.4,36.776259200000005,16506.4,36.776259200000005,4.09976,4.50024,16506.434090037626,36.77633515260383,16506.434090037626,36.77633515260383,51790.33409003763,115.38886435260385,327,86,lpr:total_combined:bdpl,3.8711441823694894,4.72885581763051,4.0997561143955386,4.500243885604461,-0.22861193202604912,0.22861193202604912,0.22861193202604912,0.22861193202604912,0.0
T_minus_10pct,0.9,1530.0,,gen=50_member=8572_pso,50,15880.1,35.3808628,15880.1,35.3808628,3.38958,5.210419999999999,15880.05851843116,35.38077037906462,15880.05851843116,35.38077037906462,51163.95851843116,113.9932995790646,327,86,lpr:total_combined:bdpl,3.1802426583302235,5.419757341669776,3.389579700812769,5.210420299187231,-0.2093370424825456,0.20933704248254514,0.2093370424825456,0.20933704248254514,0.0
T_minus_10pct,0.9,1530.0,,gen=50_member=8550_pso,50,15904.6,35.4354488,15904.6,35.4354488,3.41089,5.18911,15904.626472514808,35.43550778076299,15904.626472514808,35.43550778076299,51188.526472514815,114.048036980763,327,86,lpr:total_combined:bdpl,3.2006659682151475,5.399334031784852,3.4108893975704637,5.189110602429537,-0.21022342935531624,0.2102234293553149,0.21022342935531624,0.2102234293553149,0.0
T_minus_10pct,0.9,1530.0,,gen=50_member=8507_pso,50,13066.9,29.1130532,13066.9,29.1130532,1.64928,6.95072,13066.932281265976,29.113125122660595,13066.932281265976,29.113125122660595,48350.832281265975,107.7256543226606,327,86,lpr:total_combined:bdpl,1.5205203321670302,7.0794796678329694,1.6492785593130492,6.950721440686951,-0.12875822714601903,0.1287582271460188,0.12875822714601903,0.1287582271460188,0.0
T_minus_10pct,0.9,1530.0,,gen=50_member=8467_pso,50,12761.1,28.4317308,12761.1,28.4317308,1.56923,7.03077,12761.10864205751,28.43175005450413,12761.10864205751,28.43175005450413,48045.00864205751,107.04427925450412,327,86,lpr:total_combined:bdpl,1.444879260979924,7.155120739020076,1.5692285694059316,7.0307714305940685,-0.12434930842600767,0.12434930842600789,0.12434930842600767,0.12434930842600789,0.0
T_minus_10pct,0.9,1530.0,,gen=50_member=8487_pso,50,15934.7,35.5025116,15934.7,35.5025116,3.45215,5.14785,15934.749493122594,35.50262187067714,15934.749493122594,35.50262187067714,51218.6494931226,114.11515107067714,327,86,lpr:total_combined:bdpl,3.2414765847519065,5.358523415248094,3.452149122351013,5.147850877648986,-0.2106725375991063,0.2106725375991072,0.2106725375991063,0.2106725375991072,0.0
baseline_T,1.0,1700.0,,152,50,17542.8,39.0853584,17542.8,39.0853584,4.78258,3.81742,17542.837279493986,39.0854414587126,17542.837279493986,39.0854414587126,52826.73727949399,117.6979706587126,327,86,lpr:total_combined:bdpl,4.782582221327709,3.817417778672291,4.782582221327709,3.817417778672291,0.0,0.0,0.0,0.0,0.0
baseline_T,1.0,1700.0,,gen=36_member=6021_pso,50,7060.34,15.73043752,7060.34,15.73043752,0.811083,7.788917,7060.336017493249,15.730428646974955,7060.336017493249,15.730428646974955,42344.23601749325,94.34295784697495,327,86,lpr:total_combined:bdpl,0.8110833649714815,7.788916635028518,0.8110833649714815,7.788916635028518,0.0,0.0,0.0,0.0,0.0
baseline_T,1.0,1700.0,,16,50,17265.5,38.467534,17265.5,38.467534,4.48927,4.110729999999999,17265.49762402037,38.46752870631738,17265.49762402037,38.46752870631738,52549.39762402036,117.08005790631736,327,86,lpr:total_combined:bdpl,4.489273592740293,4.1107264072597065,4.489273592740293,4.1107264072597065,0.0,0.0,0.0,0.0,0.0
baseline_T,1.0,1700.0,,130,50,17325.0,38.6001,17325.0,38.6001,4.69071,3.90929,17325.020546659372,38.60014577795708,17325.020546659372,38.60014577795708,52608.92054665938,117.21267497795708,327,86,lpr:total_combined:bdpl,4.690710603433739,3.909289396566261,4.690710603433739,3.909289396566261,0.0,0.0,0.0,0.0,0.0
baseline_T,1.0,1700.0,,95,50,17459.9,38.900657200000005,17459.9,38.900657200000005,4.70127,3.89873,17459.910855081478,38.90068138512153,17459.910855081478,38.90068138512153,52743.81085508148,117.51321058512151,327,86,lpr:total_combined:bdpl,4.701268362481829,3.8987316375181695,4.701268362481829,3.8987316375181695,0.0,0.0,0.0,0.0,0.0
baseline_T,1.0,1700.0,,156,50,16882.3,37.6137644,16882.3,37.6137644,4.4265,4.1735,16882.312566035933,37.61379239712806,16882.312566035933,37.61379239712806,52166.21256603594,116.22632159712806,327,86,lpr:total_combined:bdpl,4.42649581404381,4.173504185956189,4.42649581404381,4.173504185956189,0.0,0.0,0.0,0.0,0.0
baseline_T,1.0,1700.0,,gen=47_member=7948_pso,50,12805.2,28.5299856,12805.2,28.5299856,1.5703,7.0297,12805.176146545087,28.52993245450245,12805.176146545087,28.52993245450245,48089.076146545085,107.14246165450244,327,86,lpr:total_combined:bdpl,1.5702986372987264,7.029701362701273,1.5702986372987264,7.029701362701273,0.0,0.0,0.0,0.0,0.0
baseline_T,1.0,1700.0,,gen=48_member=8161_pso,50,11000.1,24.5082228,11000.1,24.5082228,1.17026,7.42974,11000.12673609313,24.508282368015493,11000.12673609313,24.508282368015493,46284.02673609313,103.1208115680155,327,86,lpr:total_combined:bdpl,1.1702608914176431,7.429739108582357,1.1702608914176431,7.429739108582357,0.0,0.0,0.0,0.0,0.0
baseline_T,1.0,1700.0,,gen=33_member=5661_pso,50,16558.2,36.8916696,16558.2,36.8916696,4.21575,4.38425,16558.228221578418,36.89173247767671,16558.228221578418,36.89173247767671,51842.128221578416,115.50426167767672,327,86,lpr:total_combined:bdpl,4.215754201843512,4.384245798156488,4.215754201843512,4.384245798156488,0.0,0.0,0.0,0.0,0.0
baseline_T,1.0,1700.0,,gen=47_member=7921_pso,50,16619.9,37.0291372,16619.9,37.0291372,4.27101,4.328989999999999,16619.894322164353,37.029124549782175,16619.894322164353,37.029124549782175,51903.79432216436,115.6416537497822,327,86,lpr:total_combined:bdpl,4.271007614577858,4.328992385422142,4.271007614577858,4.328992385422142,0.0,0.0,0.0,0.0,0.0
baseline_T,1.0,1700.0,,gen=40_member=6722_pso,50,13108.9,29.2066292,13108.9,29.2066292,1.65561,6.944389999999999,13108.890627812632,29.206608318766545,13108.890627812632,29.206608318766545,48392.79062781263,107.81913751876654,327,86,lpr:total_combined:bdpl,1.6556098007990303,6.944390199200969,1.6556098007990303,6.944390199200969,0.0,0.0,0.0,0.0,0.0
baseline_T,1.0,1700.0,,gen=48_member=8113_pso,50,16612.9,37.0135412,16612.9,37.0135412,4.2324,4.3676,16612.892695433202,37.01352492542517,16612.892695433202,37.01352492542517,51896.79269543321,115.62605412542518,327,86,lpr:total_combined:bdpl,4.232401729996877,4.367598270003123,4.232401729996877,4.367598270003123,0.0,0.0,0.0,0.0,0.0
baseline_T,1.0,1700.0,,gen=48_member=8218_pso,50,16437.9,36.6236412,16437.9,36.6236412,4.03399,4.56601,16437.898572598093,36.62363801974855,16437.898572598093,36.62363801974855,51721.7985725981,115.23616721974857,327,86,lpr:total_combined:bdpl,4.033988191639938,4.566011808360062,4.033988191639938,4.566011808360062,0.0,0.0,0.0,0.0,0.0
baseline_T,1.0,1700.0,,gen=42_member=7058_pso,50,8000.5,17.825114,8000.5,17.825114,0.864582,7.735417999999999,8000.501335844605,17.82511697626178,8000.501335844605,17.82511697626178,43284.40133584461,96.4376461762618,327,86,lpr:total_combined:bdpl,0.8645822572117029,7.735417742788297,0.8645822572117029,7.735417742788297,0.0,0.0,0.0,0.0,0.0
baseline_T,1.0,1700.0,,gen=48_member=8245_pso,50,16552.5,36.87897,16552.5,36.87897,4.17121,4.428789999999999,16552.462486135883,36.87888641911074,16552.462486135883,36.87888641911074,51836.36248613589,115.49141561911075,327,86,lpr:total_combined:bdpl,4.1712068907145685,4.428793109285431,4.1712068907145685,4.428793109285431,0.0,0.0,0.0,0.0,0.0
baseline_T,1.0,1700.0,,gen=41_member=6922_pso,50,14414.7,32.1159516,14414.7,32.1159516,2.24821,6.351789999999999,14414.68617782016,32.11592080418332,14414.68617782016,32.11592080418332,49698.586177820165,110.72845000418332,327,86,lpr:total_combined:bdpl,2.248210831838707,6.351789168161293,2.248210831838707,6.351789168161293,0.0,0.0,0.0,0.0,0.0
baseline_T,1.0,1700.0,,gen=41_member=6885_pso,50,7606.89,16.94815092,7606.89,16.94815092,0.828565,7.771434999999999,7606.8867677638145,16.94814371857778,7606.8867677638145,16.94814371857778,42890.78676776381,95.56067291857778,327,86,lpr:total_combined:bdpl,0.8285654379401006,7.771434562059899,0.8285654379401006,7.771434562059899,0.0,0.0,0.0,0.0,0.0
baseline_T,1.0,1700.0,,gen=37_member=6262_pso,50,11388.2,25.3729096,11388.2,25.3729096,1.2425,7.3575,11388.151134235766,25.372800727077287,11388.151134235766,25.372800727077287,46672.05113423576,103.98532992707726,327,86,lpr:total_combined:bdpl,1.2424981099154595,7.35750189008454,1.2424981099154595,7.35750189008454,0.0,0.0,0.0,0.0,0.0
baseline_T,1.0,1700.0,,gen=39_member=6554_pso,50,10285.0,22.91498,10285.0,22.91498,1.07599,7.52401,10284.979691111876,22.91493475179726,10284.979691111876,22.91493475179726,45568.87969111188,101.52746395179726,327,86,lpr:total_combined:bdpl,1.0759853155948564,7.524014684405143,1.0759853155948564,7.524014684405143,0.0,0.0,0.0,0.0,0.0
baseline_T,1.0,1700.0,,gen=44_member=7409_pso,50,13027.9,29.0261612,13027.9,29.0261612,1.61819,6.981809999999999,13027.906198178654,29.02617500954204,13027.906198178654,29.02617500954204,48311.806198178645,107.638704209542,327,86,lpr:total_combined:bdpl,1.6181922753542444,6.981807724645755,1.6181922753542444,6.981807724645755,0.0,0.0,0.0,0.0,0.0
baseline_T,1.0,1700.0,,gen=33_member=5597_pso,50,9167.62,20.425457360000003,9167.62,20.425457360000003,0.993719,7.606280999999999,9167.61535240611,20.42544700516081,9167.61535240611,20.42544700516081,44451.51535240611,99.03797620516082,327,86,lpr:total_combined:bdpl,0.9937193119614058,7.606280688038594,0.9937193119614058,7.606280688038594,0.0,0.0,0.0,0.0,0.0
baseline_T,1.0,1700.0,,gen=35_member=5926_pso,50,12907.8,28.7585784,12907.8,28.7585784,1.60584,6.99416,12907.758626244162,28.75848621927199,12907.758626244162,28.75848621927199,48191.65862624416,107.371015419272,327,86,lpr:total_combined:bdpl,1.6058441235180438,6.994155876481956,1.6058441235180438,6.994155876481956,0.0,0.0,0.0,0.0,0.0
baseline_T,1.0,1700.0,,gen=42_member=7147_pso,50,16510.5,36.785394,16510.5,36.785394,4.12536,4.47464,16510.539615080983,36.78548226240043,16510.539615080983,36.78548226240043,51794.43961508098,115.39801146240043,327,86,lpr:total_combined:bdpl,4.125357521076862,4.474642478923138,4.125357521076862,4.474642478923138,0.0,0.0,0.0,0.0,0.0
baseline_T,1.0,1700.0,,gen=47_member=7992_pso,50,16742.9,37.3031812,16742.9,37.3031812,4.41535,4.18465,16742.901021820653,37.30318347661641,16742.901021820653,37.30318347661641,52026.801021820655,115.91571267661642,327,86,lpr:total_combined:bdpl,4.415352874721832,4.184647125278167,4.415352874721832,4.184647125278167,0.0,0.0,0.0,0.0,0.0
baseline_T,1.0,1700.0,,gen=44_member=7479_pso,50,13342.5,29.72709,13342.5,29.72709,1.7727,6.827299999999999,13342.45643112823,29.726992928553692,13342.45643112823,29.726992928553692,48626.35643112823,108.3395221285537,327,86,lpr:total_combined:bdpl,1.7727044994457113,6.827295500554288,1.7727044994457113,6.827295500554288,0.0,0.0,0.0,0.0,0.0
baseline_T,1.0,1700.0,,gen=46_member=7840_pso,50,12494.8,27.8384144,12494.8,27.8384144,1.46259,7.137409999999999,12494.774325072109,27.838357196260656,12494.774325072109,27.838357196260656,47778.67432507211,106.45088639626066,327,86,lpr:total_combined:bdpl,1.4625932530033692,7.13740674699663,1.4625932530033692,7.13740674699663,0.0,0.0,0.0,0.0,0.0
baseline_T,1.0,1700.0,,gen=36_member=6076_pso,50,16639.0,37.071692,16639.0,37.071692,4.31441,4.28559,16638.98292029259,37.07165394641189,16638.98292029259,37.07165394641189,51922.88292029259,115.6841831464119,327,86,lpr:total_combined:bdpl,4.314408249931125,4.285591750068875,4.314408249931125,4.285591750068875,0.0,0.0,0.0,0.0,0.0
baseline_T,1.0,1700.0,,gen=39_member=6576_pso,50,11030.9,24.5768452,11030.9,24.5768452,1.21064,7.38936,11030.877123997438,24.57679423226629,11030.877123997438,24.57679423226629,46314.77712399744,103.18932343226628,327,86,lpr:total_combined:bdpl,1.2106413178735036,7.389358682126496,1.2106413178735036,7.389358682126496,0.0,0.0,0.0,0.0,0.0
baseline_T,1.0,1700.0,,gen=46_member=7833_pso,50,13587.9,30.2738412,13587.9,30.2738412,1.83739,6.76261,13587.891582341546,30.273822445456965,13587.891582341546,30.273822445456965,48871.791582341546,108.88635164545695,327,86,lpr:total_combined:bdpl,1.837394816219615,6.762605183780384,1.837394816219615,6.762605183780384,0.0,0.0,0.0,0.0,0.0
baseline_T,1.0,1700.0,,gen=36_member=6039_pso,50,15366.6,34.2367848,15366.6,34.2367848,2.88658,5.713419999999999,15366.588834231065,34.236759922666806,15366.588834231065,34.236759922666806,50650.488834231066,112.84928912266682,327,86,lpr:total_combined:bdpl,2.8865790925389523,5.713420907461048,2.8865790925389523,5.713420907461048,0.0,0.0,0.0,0.0,0.0
baseline_T,1.0,1700.0,,gen=45_member=7630_pso,50,9099.38,20.27341864,9099.38,20.27341864,0.964314,7.635686,9099.382966194604,20.273425248681576,9099.382966194604,20.273425248681576,44383.2829661946,98.88595444868156,327,86,lpr:total_combined:bdpl,0.9643142048409978,7.635685795159002,0.9643142048409978,7.635685795159002,0.0,0.0,0.0,0.0,0.0
baseline_T,1.0,1700.0,,gen=41_member=7002_pso,50,14118.5,31.456018,14118.5,31.456018,2.09323,6.50677,14118.496438410091,31.456010064777686,14118.496438410091,31.456010064777686,49402.3964384101,110.0685392647777,327,86,lpr:total_combined:bdpl,2.0932333142827297,6.50676668571727,2.0932333142827297,6.50676668571727,0.0,0.0,0.0,0.0,0.0
baseline_T,1.0,1700.0,,gen=44_member=7416_pso,50,10116.5,22.539562,10116.5,22.539562,1.03735,7.56265,10116.468954449134,22.53949283051267,10116.468954449134,22.53949283051267,45400.368954449135,101.15202203051268,327,86,lpr:total_combined:bdpl,1.0373456001592622,7.562654399840738,1.0373456001592622,7.562654399840738,0.0,0.0,0.0,0.0,0.0
baseline_T,1.0,1700.0,,gen=48_member=8130_pso,50,13598.1,30.2965668,13598.1,30.2965668,1.8663,6.7337,13598.135306696122,30.29664546331896,13598.135306696122,30.29664546331896,48882.035306696125,108.90917466331896,327,86,lpr:total_combined:bdpl,1.8663016796690663,6.733698320330934,1.8663016796690663,6.733698320330934,0.0,0.0,0.0,0.0,0.0
baseline_T,1.0,1700.0,,gen=42_member=7150_pso,50,10331.4,23.0183592,10331.4,23.0183592,1.08725,7.51275,10331.394060382165,23.018345966531463,10331.394060382165,23.018345966531463,45615.29406038216,101.63087516653144,327,86,lpr:total_combined:bdpl,1.087248915729321,7.512751084270679,1.087248915729321,7.512751084270679,0.0,0.0,0.0,0.0,0.0
baseline_T,1.0,1700.0,,gen=46_member=7861_pso,50,16417.4,36.5779672,16417.4,36.5779672,4.0076,4.5924,16417.395088623984,36.57795625745423,16417.395088623984,36.57795625745423,51701.29508862399,115.19048545745424,327,86,lpr:total_combined:bdpl,4.007601081757205,4.592398918242795,4.007601081757205,4.592398918242795,0.0,0.0,0.0,0.0,0.0
baseline_T,1.0,1700.0,,gen=47_member=8013_pso,50,10857.2,24.1898416,10857.2,24.1898416,1.14776,7.45224,10857.21987356665,24.18988587830649,10857.21987356665,24.18988587830649,46141.11987356664,102.80241507830648,327,86,lpr:total_combined:bdpl,1.147762321088277,7.452237678911723,1.147762321088277,7.452237678911723,0.0,0.0,0.0,0.0,0.0
baseline_T,1.0,1700.0,,gen=34_member=5833_pso,50,16631.7,37.0554276,16631.7,37.0554276,4.29346,4.30654,16631.71757138718,37.05546674905064,16631.71757138718,37.05546674905064,51915.61757138718,115.66799594905063,327,86,lpr:total_combined:bdpl,4.293456493397734,4.3065435066022655,4.293456493397734,4.3065435066022655,0.0,0.0,0.0,0.0,0.0
baseline_T,1.0,1700.0,,gen=29_member=4835_pso,50,13986.9,31.1628132,13986.9,31.1628132,2.02499,6.57501,13986.934975559145,31.16289112554577,13986.934975559145,31.16289112554577,49270.83497555914,109.77542032554577,327,86,lpr:total_combined:bdpl,2.024985639976596,6.575014360023404,2.024985639976596,6.575014360023404,0.0,0.0,0.0,0.0,0.0
baseline_T,1.0,1700.0,,gen=43_member=7309_pso,50,12730.0,28.36244,12730.0,28.36244,1.53641,7.06359,12729.974511114962,28.362383210764136,12729.974511114962,28.362383210764136,48013.87451111496,106.97491241076412,327,86,lpr:total_combined:bdpl,1.5364104025504484,7.063589597449552,1.5364104025504484,7.063589597449552,0.0,0.0,0.0,0.0,0.0
baseline_T,1.0,1700.0,,gen=42_member=7162_pso,50,15379.6,34.2657488,15379.6,34.2657488,2.92099,5.67901,15379.57539657168,34.265693983561704,15379.57539657168,34.265693983561704,50663.47539657169,112.87822318356172,327,86,lpr:total_combined:bdpl,2.9209899539452198,5.67901004605478,2.9209899539452198,5.67901004605478,0.0,0.0,0.0,0.0,0.0
baseline_T,1.0,1700.0,,gen=43_member=7394_pso,50,13330.1,29.6994628,13330.1,29.6994628,1.74092,6.85908,13330.062566207302,29.69937939750987,13330.062566207302,29.69937939750987,48613.96256620731,108.31190859750988,327,86,lpr:total_combined:bdpl,1.7409232462479096,6.85907675375209,1.7409232462479096,6.85907675375209,0.0,0.0,0.0,0.0,0.0
baseline_T,1.0,1700.0,,gen=47_member=7994_pso,50,12436.2,27.7078536,12436.2,27.7078536,1.42551,7.17449,12436.24831050038,27.707961235794844,12436.24831050038,27.707961235794844,47720.14831050039,106.32049043579484,327,86,lpr:total_combined:bdpl,1.4255099966871652,7.174490003312835,1.4255099966871652,7.174490003312835,0.0,0.0,0.0,0.0,0.0
baseline_T,1.0,1700.0,,gen=48_member=8212_pso,50,11449.2,25.5088176,11449.2,25.5088176,1.2664,7.3336,11449.242432093595,25.50891213870453,11449.242432093595,25.50891213870453,46733.14243209359,104.12144133870451,327,86,lpr:total_combined:bdpl,1.266398238769936,7.333601761230064,1.266398238769936,7.333601761230064,0.0,0.0,0.0,0.0,0.0
baseline_T,1.0,1700.0,,gen=34_member=5718_pso,50,8625.66,19.21797048,8625.66,19.21797048,0.92753,7.67247,8625.662075736527,19.217975104740983,8625.662075736527,19.217975104740983,43909.562075736525,97.83050430474096,327,86,lpr:total_combined:bdpl,0.9275296888087196,7.672470311191279,0.9275296888087196,7.672470311191279,0.0,0.0,0.0,0.0,0.0
baseline_T,1.0,1700.0,,gen=40_member=6749_pso,50,14377.8,32.0337384,14377.8,32.0337384,2.22633,6.37367,14377.837728554165,32.03382245921868,14377.837728554165,32.03382245921868,49661.73772855416,110.64635165921868,327,86,lpr:total_combined:bdpl,2.226329000439628,6.373670999560371,2.226329000439628,6.373670999560371,0.0,0.0,0.0,0.0,0.0
baseline_T,1.0,1700.0,,gen=45_member=7712_pso,50,14346.7,31.9644476,14346.7,31.9644476,2.20694,6.39306,14346.687350816374,31.96441941761888,14346.687350816374,31.96441941761888,49630.58735081638,110.57694861761888,327,86,lpr:total_combined:bdpl,2.206943643436204,6.393056356563795,2.206943643436204,6.393056356563795,0.0,0.0,0.0,0.0,0.0
baseline_T,1.0,1700.0,,gen=49_member=8286_pso,50,14311.4,31.8857992,14311.4,31.8857992,2.18552,6.414479999999999,14311.376485293918,31.88574680923485,14311.376485293918,31.88574680923485,49595.27648529392,110.49827600923484,327,86,lpr:total_combined:bdpl,2.1855188028063663,6.414481197193633,2.1855188028063663,6.414481197193633,0.0,0.0,0.0,0.0,0.0
baseline_T,1.0,1700.0,,gen=47_member=7987_pso,50,14514.3,32.3378604,14514.3,32.3378604,2.30822,6.291779999999999,14514.340355287972,32.3379503115816,14514.340355287972,32.3379503115816,49798.240355287984,110.95047951158162,327,86,lpr:total_combined:bdpl,2.308223392273641,6.291776607726359,2.308223392273641,6.291776607726359,0.0,0.0,0.0,0.0,0.0
baseline_T,1.0,1700.0,,gen=42_member=7104_pso,50,16665.4,37.1305112,16665.4,37.1305112,4.35228,4.247719999999999,16665.416399962523,37.1305477391165,16665.416399962523,37.1305477391165,51949.316399962525,115.7430769391165,327,86,lpr:total_combined:bdpl,4.352276475860758,4.247723524139242,4.352276475860758,4.247723524139242,0.0,0.0,0.0,0.0,0.0
baseline_T,1.0,1700.0,,gen=44_member=7536_pso,50,10532.7,23.4668556,10532.7,23.4668556,1.11985,7.48015,10532.695635614367,23.46684587614881,10532.695635614367,23.46684587614881,45816.595635614365,102.0793750761488,327,86,lpr:total_combined:bdpl,1.119851808944549,7.48014819105545,1.119851808944549,7.48014819105545,0.0,0.0,0.0,0.0,0.0
baseline_T,1.0,1700.0,,gen=38_member=6480_pso,50,14096.6,31.4072248,14096.6,31.4072248,2.07448,6.52552,14096.558826721668,31.40713306593588,14096.558826721668,31.40713306593588,49380.45882672166,110.01966226593586,327,86,lpr:total_combined:bdpl,2.0744810502582167,6.525518949741783,2.0744810502582167,6.525518949741783,0.0,0.0,0.0,0.0,0.0
baseline_T,1.0,1700.0,,gen=43_member=7269_pso,50,16532.0,36.833296,16532.0,36.833296,4.14372,4.45628,16532.04655021134,36.83339971387087,16532.04655021134,36.83339971387087,51815.94655021134,115.44592891387086,327,86,lpr:total_combined:bdpl,4.14371619026555,4.456283809734449,4.14371619026555,4.456283809734449,0.0,0.0,0.0,0.0,0.0
baseline_T,1.0,1700.0,,gen=35_member=5948_pso,50,16640.0,37.07392,16640.0,37.07392,4.33924,4.260759999999999,16639.96688179718,37.07384621264411,16639.96688179718,37.07384621264411,51923.86688179718,115.68637541264413,327,86,lpr:total_combined:bdpl,4.339241874247068,4.260758125752932,4.339241874247068,4.260758125752932,0.0,0.0,0.0,0.0,0.0
baseline_T,1.0,1700.0,,gen=29_member=4871_pso,50,8008.75,17.843495,8008.75,17.843495,0.881544,7.718456,8008.750981927178,17.843497187733753,8008.750981927178,17.843497187733753,43292.65098192718,96.45602638773376,327,86,lpr:total_combined:bdpl,0.8815436349096046,7.718456365090395,0.8815436349096046,7.718456365090395,0.0,0.0,0.0,0.0,0.0
baseline_T,1.0,1700.0,,gen=36_member=6031_pso,50,14065.7,31.3383796,14065.7,31.3383796,2.05415,6.54585,14065.705021342765,31.338390787551678,14065.705021342765,31.338390787551678,49349.605021342766,109.95091998755169,327,86,lpr:total_combined:bdpl,2.054152766640796,6.545847233359204,2.054152766640796,6.545847233359204,0.0,0.0,0.0,0.0,0.0
baseline_T,1.0,1700.0,,gen=39_member=6689_pso,50,13203.1,29.4165068,13203.1,29.4165068,1.67871,6.92129,13203.060227037016,29.416418185838467,13203.060227037016,29.416418185838467,48486.96022703701,108.02894738583844,327,86,lpr:total_combined:bdpl,1.6787094998114656,6.921290500188534,1.6787094998114656,6.921290500188534,0.0,0.0,0.0,0.0,0.0
baseline_T,1.0,1700.0,,gen=46_member=7811_pso,50,13845.6,30.8479968,13845.6,30.8479968,1.95962,6.64038,13845.605065443777,30.84800808580873,13845.605065443777,30.84800808580873,49129.50506544377,109.46053728580873,327,86,lpr:total_combined:bdpl,1.9596188640199477,6.640381135980052,1.9596188640199477,6.640381135980052,0.0,0.0,0.0,0.0,0.0
baseline_T,1.0,1700.0,,gen=36_member=6150_pso,50,13245.2,29.5103056,13245.2,29.5103056,1.71536,6.884639999999999,13245.184447487673,29.51027094900253,13245.184447487673,29.51027094900253,48529.08444748768,108.12280014900254,327,86,lpr:total_combined:bdpl,1.715362470532215,6.884637529467785,1.715362470532215,6.884637529467785,0.0,0.0,0.0,0.0,0.0
baseline_T,1.0,1700.0,,gen=28_member=4698_pso,50,8808.14,19.62453592,8808.14,19.62453592,0.948853,7.651147,8808.139466235341,19.62453473077234,8808.139466235341,19.62453473077234,44092.03946623534,98.23706393077234,327,86,lpr:total_combined:bdpl,0.9488534751048376,7.651146524895162,0.9488534751048376,7.651146524895162,0.0,0.0,0.0,0.0,0.0
baseline_T,1.0,1700.0,,gen=45_member=7580_pso,50,13204.6,29.4198488,13204.6,29.4198488,1.6928,6.9072,13204.56632136084,29.41977376399195,13204.56632136084,29.41977376399195,48488.46632136084,108.03230296399194,327,86,lpr:total_combined:bdpl,1.692796757945654,6.907203242054345,1.692796757945654,6.907203242054345,0.0,0.0,0.0,0.0,0.0
baseline_T,1.0,1700.0,,gen=37_member=6318_pso,50,16318.9,36.3585092,16318.9,36.3585092,3.89263,4.707369999999999,16318.897656289148,36.35850397821222,16318.897656289148,36.35850397821222,51602.79765628914,114.9710331782122,327,86,lpr:total_combined:bdpl,3.8926304214774334,4.707369578522565,3.8926304214774334,4.707369578522565,0.0,0.0,0.0,0.0,0.0
baseline_T,1.0,1700.0,,gen=39_member=6634_pso,50,16717.5,37.24659,16717.5,37.24659,4.3792,4.2208,16717.491001829752,37.24656995207669,16717.491001829752,37.24656995207669,52001.39100182976,115.8590991520767,327,86,lpr:total_combined:bdpl,4.379201393789328,4.220798606210672,4.379201393789328,4.220798606210672,0.0,0.0,0.0,0.0,0.0
baseline_T,1.0,1700.0,,gen=46_member=7788_pso,50,14602.0,32.533256,14602.0,32.533256,2.35444,6.245559999999999,14601.962573339591,32.533172613400616,14601.962573339591,32.533172613400616,49885.86257333959,111.1457018134006,327,86,lpr:total_combined:bdpl,2.354441589637516,6.245558410362484,2.354441589637516,6.245558410362484,0.0,0.0,0.0,0.0,0.0
baseline_T,1.0,1700.0,,gen=46_member=7881_pso,50,12205.1,27.1929628,12205.1,27.1929628,1.37653,7.22347,12205.05494399434,27.192862415219388,12205.05494399434,27.192862415219388,47488.95494399434,105.80539161521938,327,86,lpr:total_combined:bdpl,1.376534935137965,7.223465064862035,1.376534935137965,7.223465064862035,0.0,0.0,0.0,0.0,0.0
baseline_T,1.0,1700.0,,gen=27_member=4566_pso,50,15351.3,34.2026964,15351.3,34.2026964,2.87573,5.72427,15351.282202197252,34.20265674649548,15351.282202197252,34.20265674649548,50635.18220219726,112.8151859464955,327,86,lpr:total_combined:bdpl,2.87572560211735,5.72427439788265,2.87572560211735,5.72427439788265,0.0,0.0,0.0,0.0,0.0
baseline_T,1.0,1700.0,,gen=39_member=6698_pso,50,15045.0,33.52026,15045.0,33.52026,2.6497,5.9503,15044.951065128147,33.52015097310551,15044.951065128147,33.52015097310551,50328.85106512816,112.13268017310553,327,86,lpr:total_combined:bdpl,2.6497013934446474,5.950298606555352,2.6497013934446474,5.950298606555352,0.0,0.0,0.0,0.0,0.0
baseline_T,1.0,1700.0,,gen=41_member=6986_pso,50,16053.7,35.7676436,16053.7,35.7676436,3.58673,5.01327,16053.70357045494,35.767651554973604,16053.70357045494,35.767651554973604,51337.60357045494,114.3801807549736,327,86,lpr:total_combined:bdpl,3.586730385344672,5.013269614655328,3.586730385344672,5.013269614655328,0.0,0.0,0.0,0.0,0.0
baseline_T,1.0,1700.0,,gen=41_member=6973_pso,50,15780.7,35.1593996,15780.7,35.1593996,3.28388,5.31612,15780.734547738595,35.15947657236159,15780.734547738595,35.15947657236159,51064.63454773859,113.77200577236158,327,86,lpr:total_combined:bdpl,3.283884959892168,5.316115040107832,3.283884959892168,5.316115040107832,0.0,0.0,0.0,0.0,0.0
baseline_T,1.0,1700.0,,gen=27_member=4568_pso,50,14613.4,32.5586552,14613.4,32.5586552,2.37042,6.22958,14613.413220266508,32.558684654753776,14613.413220266508,32.558684654753776,49897.31322026651,111.17121385475376,327,86,lpr:total_combined:bdpl,2.370423148131909,6.2295768518680905,2.370423148131909,6.2295768518680905,0.0,0.0,0.0,0.0,0.0
baseline_T,1.0,1700.0,,gen=37_member=6357_pso,50,14643.5,32.625718,14643.5,32.625718,2.3887,6.2113,14643.504761078875,32.62572860768373,14643.504761078875,32.62572860768373,49927.40476107888,111.23825780768374,327,86,lpr:total_combined:bdpl,2.388702197214058,6.211297802785942,2.388702197214058,6.211297802785942,0.0,0.0,0.0,0.0,0.0
baseline_T,1.0,1700.0,,gen=47_member=8006_pso,50,16499.7,36.7613316,16499.7,36.7613316,4.09604,4.503959999999999,16499.734213834963,36.761407828424296,16499.734213834963,36.761407828424296,51783.63421383497,115.37393702842432,327,86,lpr:total_combined:bdpl,4.096041808260816,4.503958191739184,4.096041808260816,4.503958191739184,0.0,0.0,0.0,0.0,0.0
baseline_T,1.0,1700.0,,gen=41_member=6898_pso,50,14133.5,31.489438,14133.5,31.489438,2.11934,6.48066,14133.504426913009,31.489447863162184,14133.504426913009,31.489447863162184,49417.40442691301,110.10197706316218,327,86,lpr:total_combined:bdpl,2.119335855423188,6.480664144576812,2.119335855423188,6.480664144576812,0.0,0.0,0.0,0.0,0.0
baseline_T,1.0,1700.0,,gen=39_member=6668_pso,50,15230.3,33.933108399999995,15230.3,33.933108399999995,2.77099,5.82901,15230.26519153545,33.933030846740984,15230.26519153545,33.933030846740984,50514.16519153546,112.545560046741,327,86,lpr:total_combined:bdpl,2.7709912319006165,5.829008768099383,2.7709912319006165,5.829008768099383,0.0,0.0,0.0,0.0,0.0
baseline_T,1.0,1700.0,,gen=48_member=8200_pso,50,15660.1,34.8907028,15660.1,34.8907028,3.16725,5.43275,15660.146236410965,34.89080581472363,15660.146236410965,34.89080581472363,50944.04623641097,113.50333501472365,327,86,lpr:total_combined:bdpl,3.1672458805732453,5.432754119426754,3.1672458805732453,5.432754119426754,0.0,0.0,0.0,0.0,0.0
baseline_T,1.0,1700.0,,gen=32_member=5452_pso,50,15640.7,34.8474796,15640.7,34.8474796,3.14182,5.45818,15640.722863580324,34.84753054005696,15640.722863580324,34.84753054005696,50924.62286358033,113.46005974005696,327,86,lpr:total_combined:bdpl,3.141817552171591,5.458182447828408,3.141817552171591,5.458182447828408,0.0,0.0,0.0,0.0,0.0
baseline_T,1.0,1700.0,,gen=44_member=7522_pso,50,14884.7,33.1631116,14884.7,33.1631116,2.53937,6.06063,14884.701819910384,33.16311565476033,14884.701819910384,33.16311565476033,50168.60181991039,111.77564485476032,327,86,lpr:total_combined:bdpl,2.539368247581174,6.060631752418826,2.539368247581174,6.060631752418826,0.0,0.0,0.0,0.0,0.0
baseline_T,1.0,1700.0,,gen=45_member=7699_pso,50,11522.2,25.6714616,11522.2,25.6714616,1.28466,7.31534,11522.20136864902,25.671464649350018,11522.20136864902,25.671464649350018,46806.10136864903,104.28399384935004,327,86,lpr:total_combined:bdpl,1.2846600959013812,7.315339904098618,1.2846600959013812,7.315339904098618,0.0,0.0,0.0,0.0,0.0
baseline_T,1.0,1700.0,,gen=38_member=6478_pso,50,15834.2,35.2785976,15834.2,35.2785976,3.35376,5.24624,15834.191680400949,35.27857906393331,15834.191680400949,35.27857906393331,51118.09168040095,113.8911082639333,327,86,lpr:total_combined:bdpl,3.3537617018742854,5.246238298125714,3.3537617018742854,5.246238298125714,0.0,0.0,0.0,0.0,0.0
baseline_T,1.0,1700.0,,gen=48_member=8105_pso,50,16406.1,36.5527908,16406.1,36.5527908,3.9902,4.6098,16406.073055909445,36.55273076856624,16406.073055909445,36.55273076856624,51689.97305590944,115.16525996856625,327,86,lpr:total_combined:bdpl,3.9901981205782486,4.609801879421751,3.9901981205782486,4.609801879421751,0.0,0.0,0.0,0.0,0.0
baseline_T,1.0,1700.0,,gen=47_member=7995_pso,50,16381.3,36.4975364,16381.3,36.4975364,3.97511,4.62489,16381.259627355992,36.49744644974915,16381.259627355992,36.49744644974915,51665.159627356,115.10997564974916,327,86,lpr:total_combined:bdpl,3.975106482748441,4.624893517251559,3.975106482748441,4.624893517251559,0.0,0.0,0.0,0.0,0.0
baseline_T,1.0,1700.0,,gen=38_member=6507_pso,50,16267.1,36.2430988,16267.1,36.2430988,3.82686,4.77314,16267.088099218125,36.243072285057984,16267.088099218125,36.243072285057984,51550.98809921813,114.855601485058,327,86,lpr:total_combined:bdpl,3.826857056498032,4.773142943501968,3.826857056498032,4.773142943501968,0.0,0.0,0.0,0.0,0.0
baseline_T,1.0,1700.0,,gen=47_member=8017_pso,50,11819.3,26.3334004,11819.3,26.3334004,1.31111,7.288889999999999,11819.264501780224,26.33332130996634,11819.264501780224,26.33332130996634,47103.16450178022,104.94585050996632,327,86,lpr:total_combined:bdpl,1.3111126222085394,7.28888737779146,1.3111126222085394,7.28888737779146,0.0,0.0,0.0,0.0,0.0
baseline_T,1.0,1700.0,,gen=28_member=4806_pso,50,16308.5,36.335338,16308.5,36.335338,3.87574,4.724259999999999,16308.51123183826,36.335363024535646,16308.51123183826,36.335363024535646,51592.41123183826,114.94789222453564,327,86,lpr:total_combined:bdpl,3.87573591840834,4.7242640815916594,3.87573591840834,4.7242640815916594,0.0,0.0,0.0,0.0,0.0
baseline_T,1.0,1700.0,,gen=33_member=5559_pso,50,14427.3,32.1440244,14427.3,32.1440244,2.27771,6.32229,14427.319973690128,32.1440689013816,14427.319973690128,32.1440689013816,49711.21997369013,110.7565981013816,327,86,lpr:total_combined:bdpl,2.27770616129014,6.322293838709859,2.27770616129014,6.322293838709859,0.0,0.0,0.0,0.0,0.0
baseline_T,1.0,1700.0,,gen=28_member=4728_pso,50,11249.5,25.063886,11249.5,25.063886,1.21593,7.384069999999999,11249.486499062945,25.063855919912235,11249.486499062945,25.063855919912235,46533.38649906294,103.67638511991224,327,86,lpr:total_combined:bdpl,1.215931183468382,7.3840688165316175,1.215931183468382,7.3840688165316175,0.0,0.0,0.0,0.0,0.0
baseline_T,1.0,1700.0,,gen=30_member=4999_pso,50,15254.9,33.9879172,15254.9,33.9879172,2.78942,5.81058,15254.91262255548,33.98794532305361,15254.91262255548,33.98794532305361,50538.81262255549,112.60047452305362,327,86,lpr:total_combined:bdpl,2.7894244899895115,5.810575510010488,2.7894244899895115,5.810575510010488,0.0,0.0,0.0,0.0,0.0
baseline_T,1.0,1700.0,,gen=47_member=7949_pso,50,13944.8,31.0690144,13944.8,31.0690144,1.99378,6.60622,13944.77940294954,31.06896850977157,13944.77940294954,31.06896850977157,49228.67940294954,109.68149770977158,327,86,lpr:total_combined:bdpl,1.9937752885784716,6.606224711421528,1.9937752885784716,6.606224711421528,0.0,0.0,0.0,0.0,0.0
baseline_T,1.0,1700.0,,gen=37_member=6216_pso,50,15601.9,34.7610332,15601.9,34.7610332,3.104,5.496,15601.936976690433,34.76111558406628,15601.936976690433,34.76111558406628,50885.83697669044,113.37364478406629,327,86,lpr:total_combined:bdpl,3.1039998368234114,5.496000163176588,3.1039998368234114,5.496000163176588,0.0,0.0,0.0,0.0,0.0
baseline_T,1.0,1700.0,,gen=35_member=5892_pso,50,15092.0,33.624976,15092.0,33.624976,2.6693,5.9307,15092.015105478502,33.6250096550061,15092.015105478502,33.6250096550061,50375.9151054785,112.23753885500612,327,86,lpr:total_combined:bdpl,2.669301284000799,5.930698715999201,2.669301284000799,5.930698715999201,0.0,0.0,0.0,0.0,0.0
baseline_T,1.0,1700.0,,gen=47_member=7933_pso,50,11893.9,26.4996092,11893.9,26.4996092,1.3367,7.263299999999999,11893.882263459564,26.49956968298791,11893.882263459564,26.49956968298791,47177.782263459565,105.11209888298792,327,86,lpr:total_combined:bdpl,1.336698211855586,7.263301788144414,1.336698211855586,7.263301788144414,0.0,0.0,0.0,0.0,0.0
baseline_T,1.0,1700.0,,gen=42_member=7127_pso,50,14893.7,33.1831636,14893.7,33.1831636,2.56094,6.039059999999999,14893.657379778431,33.183068642146345,14893.657379778431,33.183068642146345,50177.55737977844,111.79559784214636,327,86,lpr:total_combined:bdpl,2.5609438201383607,6.039056179861639,2.5609438201383607,6.039056179861639,0.0,0.0,0.0,0.0,0.0
baseline_T,1.0,1700.0,,gen=46_member=7815_pso,50,13559.1,30.2096748,13559.1,30.2096748,1.82093,6.77907,13559.066630856349,30.209600453547942,13559.066630856349,30.209600453547942,48842.96663085636,108.82212965354798,327,86,lpr:total_combined:bdpl,1.8209316870333607,6.779068312966639,1.8209316870333607,6.779068312966639,0.0,0.0,0.0,0.0,0.0
baseline_T,1.0,1700.0,,gen=41_member=6988_pso,50,12538.2,27.9351096,12538.2,27.9351096,1.48478,7.11522,12538.193064579598,27.935094147883344,12538.193064579598,27.935094147883344,47822.0930645796,106.54762334788336,327,86,lpr:total_combined:bdpl,1.4847806569614803,7.115219343038519,1.4847806569614803,7.115219343038519,0.0,0.0,0.0,0.0,0.0
baseline_T,1.0,1700.0,,gen=39_member=6630_pso,50,14491.3,32.2866164,14491.3,32.2866164,2.28023,6.31977,14491.328524086412,32.28667995166453,14491.328524086412,32.28667995166453,49775.228524086415,110.89920915166454,327,86,lpr:total_combined:bdpl,2.280231493565503,6.319768506434497,2.280231493565503,6.319768506434497,0.0,0.0,0.0,0.0,0.0
baseline_T,1.0,1700.0,,gen=46_member=7750_pso,50,14971.9,33.3573932,14971.9,33.3573932,2.61481,5.985189999999999,14971.891033752743,33.35737322320111,14971.891033752743,33.35737322320111,50255.79103375274,111.9699024232011,327,86,lpr:total_combined:bdpl,2.6148133674398326,5.985186632560167,2.6148133674398326,5.985186632560167,0.0,0.0,0.0,0.0,0.0
baseline_T,1.0,1700.0,,gen=47_member=8066_pso,50,16223.2,36.1452896,16223.2,36.1452896,3.76811,4.83189,16223.187875550122,36.14526258672567,16223.187875550122,36.14526258672567,51507.087875550125,114.75779178672568,327,86,lpr:total_combined:bdpl,3.7681126270390246,4.831887372960975,3.7681126270390246,4.831887372960975,0.0,0.0,0.0,0.0,0.0
baseline_T,1.0,1700.0,,gen=49_member=8375_pso,50,14818.0,33.014504,14818.0,33.014504,2.48535,6.114649999999999,14817.964371820362,33.01442462041577,14817.964371820362,33.01442462041577,50101.86437182037,111.62695382041578,327,86,lpr:total_combined:bdpl,2.4853491554079423,6.114650844592058,2.4853491554079423,6.114650844592058,0.0,0.0,0.0,0.0,0.0
baseline_T,1.0,1700.0,,gen=48_member=8129_pso,50,16442.3,36.6334444,16442.3,36.6334444,4.0627,4.537299999999999,16442.340169660216,36.63353389800296,16442.340169660216,36.63353389800296,51726.24016966022,115.24606309800296,327,86,lpr:total_combined:bdpl,4.06270361545497,4.53729638454503,4.06270361545497,4.53729638454503,0.0,0.0,0.0,0.0,0.0
baseline_T,1.0,1700.0,,gen=39_member=6585_pso,50,15611.7,34.7828676,15611.7,34.7828676,3.109,5.491,15611.724318029006,34.78292178056862,15611.724318029006,34.78292178056862,50895.62431802901,113.3954509805686,327,86,lpr:total_combined:bdpl,3.109000659648074,5.490999340351926,3.109000659648074,5.490999340351926,0.0,0.0,0.0,0.0,0.0
baseline_T,1.0,1700.0,,gen=47_member=8011_pso,50,15763.6,35.1213008,15763.6,35.1213008,3.26403,5.33597,15763.568134403567,35.12122980345115,15763.568134403567,35.12122980345115,51047.46813440356,113.73375900345114,327,86,lpr:total_combined:bdpl,3.2640326550202103,5.335967344979789,3.2640326550202103,5.335967344979789,0.0,0.0,0.0,0.0,0.0
baseline_T,1.0,1700.0,,gen=40_member=6726_pso,50,14022.7,31.2425756,14022.7,31.2425756,2.03707,6.56293,14022.673945080707,31.242517549639818,14022.673945080707,31.242517549639818,49306.57394508072,109.85504674963984,327,86,lpr:total_combined:bdpl,2.037067297747835,6.562932702252165,2.037067297747835,6.562932702252165,0.0,0.0,0.0,0.0,0.0
baseline_T,1.0,1700.0,,gen=44_member=7543_pso,50,15793.1,35.1870268,15793.1,35.1870268,3.29833,5.30167,15793.113093985892,35.18705597340057,15793.113093985892,35.18705597340057,51077.01309398589,113.79958517340056,327,86,lpr:total_combined:bdpl,3.298334361468742,5.301665638531258,3.298334361468742,5.301665638531258,0.0,0.0,0.0,0.0,0.0
baseline_T,1.0,1700.0,,gen=43_member=7287_pso,50,15101.7,33.646587600000004,15101.7,33.646587600000004,2.68124,5.91876,15101.690014577973,33.64656535247972,15101.690014577973,33.64656535247972,50385.59001457797,112.25909455247972,327,86,lpr:total_combined:bdpl,2.6812389897553146,5.918761010244685,2.6812389897553146,5.918761010244685,0.0,0.0,0.0,0.0,0.0
baseline_T,1.0,1700.0,,gen=41_member=6982_pso,50,16283.1,36.2787468,16283.1,36.2787468,3.84028,4.75972,16283.064981478175,36.278668778733376,16283.064981478175,36.278668778733376,51566.96498147818,114.8911979787334,327,86,lpr:total_combined:bdpl,3.840282054968746,4.759717945031253,3.840282054968746,4.759717945031253,0.0,0.0,0.0,0.0,0.0
baseline_T,1.0,1700.0,,gen=33_member=5577_pso,50,15260.9,34.0012852,15260.9,34.0012852,2.80281,5.79719,15260.94157016557,34.00137781832889,15260.94157016557,34.00137781832889,50544.841570165576,112.6139070183289,327,86,lpr:total_combined:bdpl,2.802809316052238,5.797190683947761,2.802809316052238,5.797190683947761,0.0,0.0,0.0,0.0,0.0
baseline_T,1.0,1700.0,,gen=48_member=8183_pso,50,15577.1,34.7057788,15577.1,34.7057788,3.0773,5.5227,15577.141847863264,34.70587203703935,15577.141847863264,34.70587203703935,50861.041847863264,113.31840123703935,327,86,lpr:total_combined:bdpl,3.077297589094499,5.5227024109055005,3.077297589094499,5.5227024109055005,0.0,0.0,0.0,0.0,0.0
baseline_T,1.0,1700.0,,gen=48_member=8234_pso,50,10674.1,23.7818948,10674.1,23.7818948,1.1268,7.473199999999999,10674.119116177168,23.781937390842728,10674.119116177168,23.781937390842728,45958.019116177165,102.39446659084273,327,86,lpr:total_combined:bdpl,1.1267995679231435,7.473200432076856,1.1267995679231435,7.473200432076856,0.0,0.0,0.0,0.0,0.0
baseline_T,1.0,1700.0,,gen=42_member=7080_pso,50,15807.1,35.2182188,15807.1,35.2182188,3.313,5.286999999999999,15807.088577057604,35.21819334968434,15807.088577057604,35.21819334968434,51090.9885770576,113.83072254968432,327,86,lpr:total_combined:bdpl,3.312997349575764,5.287002650424236,3.312997349575764,5.287002650424236,0.0,0.0,0.0,0.0,0.0
baseline_T,1.0,1700.0,,gen=47_member=8007_pso,50,15320.8,34.1347424,15320.8,34.1347424,2.85212,5.747879999999999,15320.782276947786,34.13470291303967,15320.782276947786,34.13470291303967,50604.68227694779,112.74723211303969,327,86,lpr:total_combined:bdpl,2.8521192952616707,5.7478807047383285,2.8521192952616707,5.7478807047383285,0.0,0.0,0.0,0.0,0.0
baseline_T,1.0,1700.0,,gen=35_member=5961_pso,50,16551.7,36.8771876,16551.7,36.8771876,4.16397,4.43603,16551.734490675884,36.87726444522587,16551.734490675884,36.87726444522587,51835.63449067588,115.48979364522586,327,86,lpr:total_combined:bdpl,4.163974337028345,4.436025662971654,4.163974337028345,4.436025662971654,0.0,0.0,0.0,0.0,0.0
baseline_T,1.0,1700.0,,gen=31_member=5281_pso,50,14863.4,33.1156552,14863.4,33.1156552,2.52766,6.07234,14863.418734835775,33.11569694121411,14863.418734835775,33.11569694121411,50147.31873483578,111.72822614121412,327,86,lpr:total_combined:bdpl,2.527655550535176,6.072344449464824,2.527655550535176,6.072344449464824,0.0,0.0,0.0,0.0,0.0
baseline_T,1.0,1700.0,,gen=44_member=7417_pso,50,12585.3,28.0400484,12585.3,28.0400484,1.50233,7.09767,12585.311013544637,28.04007293817745,12585.311013544637,28.04007293817745,47869.21101354464,106.65260213817746,327,86,lpr:total_combined:bdpl,1.5023341028356043,7.097665897164395,1.5023341028356043,7.097665897164395,0.0,0.0,0.0,0.0,0.0
baseline_T,1.0,1700.0,,gen=32_member=5429_pso,50,16254.3,36.2145804,16254.3,36.2145804,3.8078,4.792199999999999,16254.307690857053,36.21459753522952,16254.307690857053,36.21459753522952,51538.20769085706,114.82712673522953,327,86,lpr:total_combined:bdpl,3.807797140389488,4.792202859610511,3.807797140389488,4.792202859610511,0.0,0.0,0.0,0.0,0.0
baseline_T,1.0,1700.0,,gen=37_member=6347_pso,50,16006.7,35.6629276,16006.7,35.6629276,3.52921,5.07079,16006.74941480162,35.66303769617801,16006.74941480162,35.66303769617801,51290.64941480162,114.275566896178,327,86,lpr:total_combined:bdpl,3.5292051773858613,5.070794822614138,3.5292051773858613,5.070794822614138,0.0,0.0,0.0,0.0,0.0
baseline_T,1.0,1700.0,,gen=42_member=7094_pso,50,14687.6,32.7239728,14687.6,32.7239728,2.40462,6.19538,14687.596248986823,32.72396444274264,14687.596248986823,32.72396444274264,49971.49624898683,111.33649364274264,327,86,lpr:total_combined:bdpl,2.404624081507928,6.195375918492072,2.404624081507928,6.195375918492072,0.0,0.0,0.0,0.0,0.0
baseline_T,1.0,1700.0,,gen=45_member=7577_pso,50,14967.9,33.348481199999995,14967.9,33.348481199999995,2.59343,6.00657,14967.943504616956,33.348578128286576,14967.943504616956,33.348578128286576,50251.84350461696,111.96110732828656,327,86,lpr:total_combined:bdpl,2.593432230219679,6.006567769780321,2.593432230219679,6.006567769780321,0.0,0.0,0.0,0.0,0.0
baseline_T,1.0,1700.0,,gen=38_member=6402_pso,50,13694.7,30.5117916,13694.7,30.5117916,1.8927,6.7073,13694.73076532031,30.51186014513365,13694.73076532031,30.51186014513365,48978.63076532031,109.12438934513364,327,86,lpr:total_combined:bdpl,1.8927029265017543,6.707297073498245,1.8927029265017543,6.707297073498245,0.0,0.0,0.0,0.0,0.0
baseline_T,1.0,1700.0,,gen=31_member=5196_pso,50,16676.0,37.154128,16676.0,37.154128,4.37901,4.22099,16675.958849814047,37.154036317385696,16675.958849814047,37.154036317385696,51959.858849814045,115.76656551738569,327,86,lpr:total_combined:bdpl,4.3790099839992,4.220990016000799,4.3790099839992,4.220990016000799,0.0,0.0,0.0,0.0,0.0
baseline_T,1.0,1700.0,,gen=41_member=6995_pso,50,14837.6,33.0581728,14837.6,33.0581728,2.50823,6.09177,14837.570726495327,33.05810757863159,14837.570726495327,33.05810757863159,50121.47072649533,111.6706367786316,327,86,lpr:total_combined:bdpl,2.5082290688344937,6.091770931165506,2.5082290688344937,6.091770931165506,0.0,0.0,0.0,0.0,0.0
baseline_T,1.0,1700.0,,gen=39_member=6611_pso,50,16111.4,35.8961992,16111.4,35.8961992,3.66312,4.93688,16111.415109359916,35.89623286365389,16111.415109359916,35.89623286365389,51395.31510935992,114.5087620636539,327,86,lpr:total_combined:bdpl,3.663118269814579,4.936881730185421,3.663118269814579,4.936881730185421,0.0,0.0,0.0,0.0,0.0
baseline_T,1.0,1700.0,,gen=49_member=8310_pso,50,13661.0,30.436708,13661.0,30.436708,1.88142,6.718579999999999,13661.02759812645,30.43676948862573,13661.02759812645,30.43676948862573,48944.92759812645,109.04929868862573,327,86,lpr:total_combined:bdpl,1.8814224001312525,6.718577599868747,1.8814224001312525,6.718577599868747,0.0,0.0,0.0,0.0,0.0
baseline_T,1.0,1700.0,,gen=41_member=6917_pso,50,13780.4,30.7027312,13780.4,30.7027312,1.93448,6.66552,13780.37222911001,30.7026693264571,13780.37222911001,30.7026693264571,49064.27222911001,109.3151985264571,327,86,lpr:total_combined:bdpl,1.9344802970633983,6.665519702936601,1.9344802970633983,6.665519702936601,0.0,0.0,0.0,0.0,0.0
baseline_T,1.0,1700.0,,gen=42_member=7156_pso,50,13739.0,30.610492,13739.0,30.610492,1.91823,6.681769999999999,13739.00839690562,30.610510708305725,13739.00839690562,30.610510708305725,49022.90839690562,109.22303990830572,327,86,lpr:total_combined:bdpl,1.9182267449739132,6.681773255026086,1.9182267449739132,6.681773255026086,0.0,0.0,0.0,0.0,0.0
baseline_T,1.0,1700.0,,gen=29_member=4898_pso,50,16125.3,35.9271684,16125.3,35.9271684,3.68037,4.91963,16125.301559230968,35.92717187396659,16125.301559230968,35.92717187396659,51409.20155923097,114.5397010739666,327,86,lpr:total_combined:bdpl,3.680374002125098,4.919625997874902,3.680374002125098,4.919625997874902,0.0,0.0,0.0,0.0,0.0
baseline_T,1.0,1700.0,,gen=47_member=7961_pso,50,14730.0,32.81844,14730.0,32.81844,2.42627,6.173729999999999,14730.012146888746,32.81846706326812,14730.012146888746,32.81846706326812,50013.912146888746,111.43099626326811,327,86,lpr:total_combined:bdpl,2.4262709560882163,6.173729043911783,2.4262709560882163,6.173729043911783,0.0,0.0,0.0,0.0,0.0
baseline_T,1.0,1700.0,,gen=31_member=5213_pso,50,15428.5,34.374698,15428.5,34.374698,2.94698,5.65302,15428.455961253789,34.37459988167344,15428.455961253789,34.37459988167344,50712.355961253794,112.98712908167344,327,86,lpr:total_combined:bdpl,2.9469766581836145,5.653023341816385,2.9469766581836145,5.653023341816385,0.0,0.0,0.0,0.0,0.0
baseline_T,1.0,1700.0,,gen=33_member=5529_pso,50,8227.03,18.32982284,8227.03,18.32982284,0.902294,7.697705999999999,8227.030860635094,18.32982475749499,8227.030860635094,18.32982475749499,43510.93086063509,96.94235395749496,327,86,lpr:total_combined:bdpl,0.9022937938185508,7.697706206181449,0.9022937938185508,7.697706206181449,0.0,0.0,0.0,0.0,0.0
baseline_T,1.0,1700.0,,gen=41_member=6902_pso,50,13298.2,29.6283896,13298.2,29.6283896,1.72975,6.87025,13298.183781588385,29.628353465378915,13298.183781588385,29.628353465378915,48582.08378158839,108.24088266537892,327,86,lpr:total_combined:bdpl,1.7297505883192237,6.870249411680776,1.7297505883192237,6.870249411680776,0.0,0.0,0.0,0.0,0.0
baseline_T,1.0,1700.0,,gen=43_member=7373_pso,50,13719.4,30.5668232,13719.4,30.5668232,1.90841,6.69159,13719.442299345395,30.566917442941545,13719.442299345395,30.566917442941545,49003.3422993454,109.17944664294156,327,86,lpr:total_combined:bdpl,1.908406212310852,6.691593787689148,1.908406212310852,6.691593787689148,0.0,0.0,0.0,0.0,0.0
baseline_T,1.0,1700.0,,gen=43_member=7354_pso,50,16322.1,36.3656388,16322.1,36.3656388,3.91205,4.68795,16322.064352041016,36.365559376347385,16322.064352041016,36.365559376347385,51605.96435204102,114.9780885763474,327,86,lpr:total_combined:bdpl,3.912045083841329,4.68795491615867,3.912045083841329,4.68795491615867,0.0,0.0,0.0,0.0,0.0
baseline_T,1.0,1700.0,,gen=48_member=8255_pso,50,8389.62,18.69207336,8389.62,18.69207336,0.907206,7.692793999999999,8389.62313027835,18.692080334260165,8389.62313027835,18.692080334260165,43673.52313027835,97.30460953426017,327,86,lpr:total_combined:bdpl,0.9072063929299552,7.692793607070044,0.9072063929299552,7.692793607070044,0.0,0.0,0.0,0.0,0.0
baseline_T,1.0,1700.0,,gen=38_member=6443_pso,50,14215.1,31.6712428,14215.1,31.6712428,2.14746,6.452539999999999,14215.060461212095,31.67115470758055,14215.060461212095,31.67115470758055,49498.96046121209,110.28368390758054,327,86,lpr:total_combined:bdpl,2.1474636576256336,6.452536342374366,2.1474636576256336,6.452536342374366,0.0,0.0,0.0,0.0,0.0
baseline_T,1.0,1700.0,,gen=47_member=7988_pso,50,13810.5,30.769794,13810.5,30.769794,1.94462,6.655379999999999,13810.50045206574,30.769795007202468,13810.50045206574,30.769795007202468,49094.40045206575,109.38232420720249,327,86,lpr:total_combined:bdpl,1.9446224455793009,6.655377554420699,1.9446224455793009,6.655377554420699,0.0,0.0,0.0,0.0,0.0
baseline_T,1.0,1700.0,,gen=37_member=6360_pso,50,12592.5,28.05609,12592.5,28.05609,1.51193,7.08807,12592.465798778729,28.056013799679008,12592.465798778729,28.056013799679008,47876.36579877873,106.668542999679,327,86,lpr:total_combined:bdpl,1.5119307530994452,7.088069246900554,1.5119307530994452,7.088069246900554,0.0,0.0,0.0,0.0,0.0
baseline_T,1.0,1700.0,,gen=48_member=8171_pso,50,15706.5,34.994082,15706.5,34.994082,3.20978,5.390219999999999,15706.47949553654,34.99403631605541,15706.47949553654,34.99403631605541,50990.37949553655,113.60656551605544,327,86,lpr:total_combined:bdpl,3.2097832134087616,5.390216786591238,3.2097832134087616,5.390216786591238,0.0,0.0,0.0,0.0,0.0
baseline_T,1.0,1700.0,,gen=45_member=7732_pso,50,12671.5,28.232102,12671.5,28.232102,1.52704,7.07296,12671.53123722108,28.232171596528566,12671.53123722108,28.232171596528566,47955.43123722109,106.84470079652856,327,86,lpr:total_combined:bdpl,1.5270430343618209,7.072956965638179,1.5270430343618209,7.072956965638179,0.0,0.0,0.0,0.0,0.0
baseline_T,1.0,1700.0,,gen=35_member=5956_pso,50,15295.1,34.0774828,15295.1,34.0774828,2.82984,5.77016,15295.06529382526,34.07740547464268,15295.06529382526,34.07740547464268,50578.96529382527,112.6899346746427,327,86,lpr:total_combined:bdpl,2.8298424505292394,5.77015754947076,2.8298424505292394,5.77015754947076,0.0,0.0,0.0,0.0,0.0
baseline_T,1.0,1700.0,,gen=45_member=7623_pso,50,12059.2,26.867897600000003,12059.2,26.867897600000003,1.35875,7.24125,12059.195071560269,26.86788661943628,12059.195071560269,26.86788661943628,47343.09507156027,105.48041581943627,327,86,lpr:total_combined:bdpl,1.3587454728667916,7.241254527133208,1.3587454728667916,7.241254527133208,0.0,0.0,0.0,0.0,0.0
baseline_T,1.0,1700.0,,gen=34_member=5765_pso,50,13879.4,30.9233032,13879.4,30.9233032,1.98173,6.61827,13879.43726821899,30.92338623359191,13879.43726821899,30.92338623359191,49163.33726821899,109.5359154335919,327,86,lpr:total_combined:bdpl,1.9817261402621529,6.618273859737847,1.9817261402621529,6.618273859737847,0.0,0.0,0.0,0.0,0.0
baseline_T,1.0,1700.0,,gen=38_member=6501_pso,50,14540.6,32.3964568,14540.6,32.3964568,2.32041,6.27959,14540.551853986875,32.396349530682755,14540.551853986875,32.396349530682755,49824.45185398688,111.00887873068277,327,86,lpr:total_combined:bdpl,2.3204104251195217,6.279589574880478,2.3204104251195217,6.279589574880478,0.0,0.0,0.0,0.0,0.0
baseline_T,1.0,1700.0,,gen=48_member=8203_pso,50,14566.4,32.4539392,14566.4,32.4539392,2.33521,6.26479,14566.356046952307,32.453841272609736,14566.356046952307,32.453841272609736,49850.25604695231,111.06637047260976,327,86,lpr:total_combined:bdpl,2.335212797343845,6.264787202656155,2.335212797343845,6.264787202656155,0.0,0.0,0.0,0.0,0.0
baseline_T,1.0,1700.0,,gen=47_member=7974_pso,50,15728.2,35.0424296,15728.2,35.0424296,3.23167,5.36833,15728.172715565946,35.04236881028093,15728.172715565946,35.04236881028093,51012.07271556595,113.65489801028092,327,86,lpr:total_combined:bdpl,3.231672181574875,5.368327818425125,3.231672181574875,5.368327818425125,0.0,0.0,0.0,0.0,0.0
baseline_T,1.0,1700.0,,gen=42_member=7123_pso,50,15438.4,34.3967552,15438.4,34.3967552,2.95964,5.640359999999999,15438.39547542165,34.396745119239434,15438.39547542165,34.396745119239434,50722.29547542165,113.00927431923942,327,86,lpr:total_combined:bdpl,2.959639070757825,5.640360929242174,2.959639070757825,5.640360929242174,0.0,0.0,0.0,0.0,0.0
baseline_T,1.0,1700.0,,gen=30_member=5110_pso,50,16335.4,36.3952712,16335.4,36.3952712,3.93251,4.667489999999999,16335.435090930769,36.39534938259375,16335.435090930769,36.39534938259375,51619.33509093076,115.00787858259372,327,86,lpr:total_combined:bdpl,3.932509378217297,4.667490621782703,3.932509378217297,4.667490621782703,0.0,0.0,0.0,0.0,0.0
baseline_T,1.0,1700.0,,gen=40_member=6879_pso,50,15945.0,35.52546,15945.0,35.52546,3.47595,5.12405,15945.00810072188,35.52547804840835,15945.00810072188,35.52547804840835,51228.908100721885,114.13800724840836,327,86,lpr:total_combined:bdpl,3.475950463907369,5.124049536092631,3.475950463907369,5.124049536092631,0.0,0.0,0.0,0.0,0.0
baseline_T,1.0,1700.0,,gen=31_member=5217_pso,50,16361.0,36.452308,16361.0,36.452308,3.94088,4.65912,16360.980598554985,36.4522647735805,16360.980598554985,36.4522647735805,51644.88059855498,115.0647939735805,327,86,lpr:total_combined:bdpl,3.940880276296,4.659119723704,3.940880276296,4.659119723704,0.0,0.0,0.0,0.0,0.0
baseline_T,1.0,1700.0,,gen=42_member=7215_pso,50,15674.4,34.9225632,15674.4,34.9225632,3.17583,5.42417,15674.387627786611,34.92253563470857,15674.387627786611,34.92253563470857,50958.287627786616,113.53506483470858,327,86,lpr:total_combined:bdpl,3.175829157195778,5.424170842804221,3.175829157195778,5.424170842804221,0.0,0.0,0.0,0.0,0.0
baseline_T,1.0,1700.0,,gen=37_member=6211_pso,50,9271.3,20.6564564,9271.3,20.6564564,1.01369,7.586309999999999,9271.299509893095,20.656455308041814,9271.299509893095,20.656455308041814,44555.19950989309,99.2689845080418,327,86,lpr:total_combined:bdpl,1.0136914070123024,7.586308592987697,1.0136914070123024,7.586308592987697,0.0,0.0,0.0,0.0,0.0
baseline_T,1.0,1700.0,,gen=40_member=6803_pso,50,15180.6,33.8223768,15180.6,33.8223768,2.72359,5.87641,15180.574960862325,33.822321012801254,15180.574960862325,33.822321012801254,50464.47496086232,112.43485021280124,327,86,lpr:total_combined:bdpl,2.723594315576165,5.876405684423834,2.723594315576165,5.876405684423834,0.0,0.0,0.0,0.0,0.0
baseline_T,1.0,1700.0,,gen=30_member=5155_pso,50,15314.6,34.1209288,15314.6,34.1209288,2.84803,5.75197,15314.6091366603,34.12094915647915,15314.6091366603,34.12094915647915,50598.5091366603,112.73347835647915,327,86,lpr:total_combined:bdpl,2.848031611013018,5.751968388986981,2.848031611013018,5.751968388986981,0.0,0.0,0.0,0.0,0.0
baseline_T,1.0,1700.0,,gen=32_member=5405_pso,50,12507.4,27.8664872,12507.4,27.8664872,1.47179,7.128209999999999,12507.42212895277,27.86653650330677,12507.42212895277,27.86653650330677,47791.32212895277,106.47906570330676,327,86,lpr:total_combined:bdpl,1.4717926599847913,7.128207340015209,1.4717926599847913,7.128207340015209,0.0,0.0,0.0,0.0,0.0
baseline_T,1.0,1700.0,,gen=37_member=6224_pso,50,15818.8,35.2442864,15818.8,35.2442864,3.32624,5.273759999999999,15818.827113865758,35.24434680969291,15818.827113865758,35.24434680969291,51102.72711386576,113.85687600969293,327,86,lpr:total_combined:bdpl,3.326237167132866,5.273762832867133,3.326237167132866,5.273762832867133,0.0,0.0,0.0,0.0,0.0
baseline_T,1.0,1700.0,,gen=36_member=6188_pso,50,11914.3,26.5450604,11914.3,26.5450604,1.34227,7.25773,11914.28950736434,26.54503702240775,11914.28950736434,26.54503702240775,47198.18950736434,105.15756622240777,327,86,lpr:total_combined:bdpl,1.342270068175498,7.257729931824501,1.342270068175498,7.257729931824501,0.0,0.0,0.0,0.0,0.0
baseline_T,1.0,1700.0,,gen=44_member=7508_pso,50,15723.0,35.030844,15723.0,35.030844,3.22133,5.37867,15722.957329140569,35.030748929325185,15722.957329140569,35.030748929325185,51006.85732914056,113.64327812932515,327,86,lpr:total_combined:bdpl,3.2213251018364017,5.378674898163598,3.2213251018364017,5.378674898163598,0.0,0.0,0.0,0.0,0.0
baseline_T,1.0,1700.0,,gen=48_member=8233_pso,50,15563.9,34.6763692,15563.9,34.6763692,3.06245,5.53755,15563.920118825235,34.67641402474263,15563.920118825235,34.67641402474263,50847.82011882524,113.28894322474264,327,86,lpr:total_combined:bdpl,3.0624463998642413,5.537553600135759,3.0624463998642413,5.537553600135759,0.0,0.0,0.0,0.0,0.0
baseline_T,1.0,1700.0,,gen=27_member=4602_pso,50,14153.5,31.533998,14153.5,31.533998,2.12737,6.47263,14153.52923220408,31.534063129350688,14153.52923220408,31.534063129350688,49437.429232204086,110.1465923293507,327,86,lpr:total_combined:bdpl,2.1273719794302,6.4726280205698,2.1273719794302,6.4726280205698,0.0,0.0,0.0,0.0,0.0
baseline_T,1.0,1700.0,,gen=34_member=5714_pso,50,15839.1,35.2895148,15839.1,35.2895148,3.37452,5.225479999999999,15839.05868600859,35.289422752427136,15839.05868600859,35.289422752427136,51122.9586860086,113.90195195242715,327,86,lpr:total_combined:bdpl,3.3745240137867936,5.225475986213207,3.3745240137867936,5.225475986213207,0.0,0.0,0.0,0.0,0.0
baseline_T,1.0,1700.0,,gen=33_member=5592_pso,50,14769.2,32.9057776,14769.2,32.9057776,2.46009,6.13991,14769.21506929919,32.90581117439859,14769.21506929919,32.90581117439859,50053.1150692992,111.5183403743986,327,86,lpr:total_combined:bdpl,2.4600901846108965,6.139909815389103,2.4600901846108965,6.139909815389103,0.0,0.0,0.0,0.0,0.0
baseline_T,1.0,1700.0,,gen=46_member=7897_pso,50,15556.6,34.6601048,15556.6,34.6601048,3.05438,5.54562,15556.55957351658,34.66001472979494,15556.55957351658,34.66001472979494,50840.459573516586,113.27254392979496,327,86,lpr:total_combined:bdpl,3.054383085197773,5.545616914802227,3.054383085197773,5.545616914802227,0.0,0.0,0.0,0.0,0.0
baseline_T,1.0,1700.0,,gen=44_member=7516_pso,50,16207.0,36.109196,16207.0,36.109196,3.75377,4.84623,16206.968278414042,36.10912532430648,16206.968278414042,36.10912532430648,51490.86827841404,114.72165452430647,327,86,lpr:total_combined:bdpl,3.753768229615384,4.846231770384616,3.753768229615384,4.846231770384616,0.0,0.0,0.0,0.0,0.0
baseline_T,1.0,1700.0,,gen=47_member=8023_pso,50,16192.0,36.075776,16192.0,36.075776,3.73629,4.863709999999999,16191.9604560465,36.0756878960716,16191.9604560465,36.0756878960716,51475.86045604651,114.68821709607164,327,86,lpr:total_combined:bdpl,3.736287275768742,4.863712724231258,3.736287275768742,4.863712724231258,0.0,0.0,0.0,0.0,0.0
baseline_T,1.0,1700.0,,gen=43_member=7367_pso,50,16098.1,35.8665668,16098.1,35.8665668,3.64645,4.95355,16098.09628701876,35.86655852747779,16098.09628701876,35.86655852747779,51381.99628701876,114.4790877274778,327,86,lpr:total_combined:bdpl,3.646452731121315,4.953547268878685,3.646452731121315,4.953547268878685,0.0,0.0,0.0,0.0,0.0
baseline_T,1.0,1700.0,,gen=41_member=6969_pso,50,15266.6,34.0139848,15266.6,34.0139848,2.81773,5.78227,15266.646813624207,34.01408910075473,15266.646813624207,34.01408910075473,50550.54681362421,112.62661830075474,327,86,lpr:total_combined:bdpl,2.817733638390992,5.782266361609008,2.817733638390992,5.782266361609008,0.0,0.0,0.0,0.0,0.0
baseline_T,1.0,1700.0,,gen=34_member=5825_pso,50,9733.98,21.68730744,9733.98,21.68730744,1.03166,7.568339999999999,9733.975659993355,21.6872977704652,9733.975659993355,21.6872977704652,45017.87565999336,100.2998269704652,327,86,lpr:total_combined:bdpl,1.031660987734052,7.568339012265948,1.031660987734052,7.568339012265948,0.0,0.0,0.0,0.0,0.0
baseline_T,1.0,1700.0,,gen=40_member=6799_pso,50,15687.9,34.952641199999995,15687.9,34.952641199999995,3.18988,5.410119999999999,15687.949699705105,34.952751930942966,15687.949699705105,34.952751930942966,50971.849699705104,113.56528113094296,327,86,lpr:total_combined:bdpl,3.189877173659776,5.410122826340224,3.189877173659776,5.410122826340224,0.0,0.0,0.0,0.0,0.0
baseline_T,1.0,1700.0,,gen=36_member=6120_pso,50,16139.2,35.9581376,16139.2,35.9581376,3.68918,4.910819999999999,16139.15162866115,35.95802982865704,16139.15162866115,35.95802982865704,51423.05162866115,114.57055902865704,327,86,lpr:total_combined:bdpl,3.6891823362554974,4.910817663744501,3.6891823362554974,4.910817663744501,0.0,0.0,0.0,0.0,0.0
baseline_T,1.0,1700.0,,gen=43_member=7295_pso,50,15941.1,35.5167708,15941.1,35.5167708,3.46262,5.13738,15941.14383063602,35.51686845465705,15941.14383063602,35.51686845465705,51225.043830636016,114.12939765465704,327,86,lpr:total_combined:bdpl,3.462616051819169,5.137383948180831,3.462616051819169,5.137383948180831,0.0,0.0,0.0,0.0,0.0
baseline_T,1.0,1700.0,,gen=37_member=6202_pso,50,13359.8,29.7656344,13359.8,29.7656344,1.7877,6.8123,13359.772239052654,29.765572548609317,13359.772239052654,29.765572548609317,48643.672239052656,108.37810174860932,327,86,lpr:total_combined:bdpl,1.7876984758523486,6.812301524147651,1.7876984758523486,6.812301524147651,0.0,0.0,0.0,0.0,0.0
baseline_T,1.0,1700.0,,gen=41_member=6991_pso,50,16334.6,36.3934888,16334.6,36.3934888,3.91812,4.68188,16334.551761594965,36.393381324833584,16334.551761594965,36.393381324833584,51618.451761594966,115.00591052483358,327,86,lpr:total_combined:bdpl,3.918116555580912,4.681883444419088,3.918116555580912,4.681883444419088,0.0,0.0,0.0,0.0,0.0
baseline_T,1.0,1700.0,,gen=34_member=5786_pso,50,16022.6,35.6983528,16022.6,35.6983528,3.5556,5.0444,16022.646519083562,35.69845644451818,16022.646519083562,35.69845644451818,51306.54651908357,114.31098564451818,327,86,lpr:total_combined:bdpl,3.5555964069787223,5.044403593021277,3.5555964069787223,5.044403593021277,0.0,0.0,0.0,0.0,0.0
baseline_T,1.0,1700.0,,gen=46_member=7820_pso,50,16095.3,35.8603284,16095.3,35.8603284,3.63264,4.967359999999999,16095.32201165358,35.860377441964175,16095.32201165358,35.860377441964175,51379.22201165358,114.47290664196416,327,86,lpr:total_combined:bdpl,3.63264191044118,4.96735808955882,3.63264191044118,4.96735808955882,0.0,0.0,0.0,0.0,0.0
baseline_T,1.0,1700.0,,gen=49_member=8399_pso,50,16091.5,35.851862,16091.5,35.851862,3.62622,4.97378,16091.479461235029,35.85181623963164,16091.479461235029,35.85181623963164,51375.37946123503,114.46434543963164,327,86,lpr:total_combined:bdpl,3.626218563359731,4.973781436640269,3.626218563359731,4.973781436640269,0.0,0.0,0.0,0.0,0.0
baseline_T,1.0,1700.0,,gen=34_member=5808_pso,50,16380.7,36.4961996,16380.7,36.4961996,3.95771,4.642289999999999,16380.652279963431,36.496093279758526,16380.652279963431,36.496093279758526,51664.55227996344,115.10862247975852,327,86,lpr:total_combined:bdpl,3.957705212678139,4.642294787321861,3.957705212678139,4.642294787321861,0.0,0.0,0.0,0.0,0.0
baseline_T,1.0,1700.0,,gen=43_member=7329_pso,50,15700.7,34.9811596,15700.7,34.9811596,3.19666,5.40334,15700.69446013128,34.981147257172495,15700.69446013128,34.981147257172495,50984.59446013128,113.59367645717248,327,86,lpr:total_combined:bdpl,3.196664946537503,5.403335053462497,3.196664946537503,5.403335053462497,0.0,0.0,0.0,0.0,0.0
baseline_T,1.0,1700.0,,gen=42_member=7088_pso,50,16063.9,35.7903692,16063.9,35.7903692,3.60323,4.99677,16063.94590696711,35.79047148072272,16063.94590696711,35.79047148072272,51347.84590696711,114.40300068072273,327,86,lpr:total_combined:bdpl,3.603231967757983,4.9967680322420165,3.603231967757983,4.9967680322420165,0.0,0.0,0.0,0.0,0.0
baseline_T,1.0,1700.0,,gen=45_member=7708_pso,50,15196.2,33.8571336,15196.2,33.8571336,2.7429,5.857099999999999,15196.223292022336,33.85718549462576,15196.223292022336,33.85718549462576,50480.12329202234,112.46971469462578,327,86,lpr:total_combined:bdpl,2.742898734192789,5.857101265807211,2.742898734192789,5.857101265807211,0.0,0.0,0.0,0.0,0.0
baseline_T,1.0,1700.0,,gen=32_member=5495_pso,50,11634.8,25.9223344,11634.8,25.9223344,1.29931,7.300689999999999,11634.759046042916,25.92224315458362,11634.759046042916,25.92224315458362,46918.659046042914,104.5347723545836,327,86,lpr:total_combined:bdpl,1.2993111659258398,7.30068883407416,1.2993111659258398,7.30068883407416,0.0,0.0,0.0,0.0,0.0
baseline_T,1.0,1700.0,,gen=41_member=6992_pso,50,16079.6,35.8253488,16079.6,35.8253488,3.61253,4.98747,16079.62293321336,35.82539989519937,16079.62293321336,35.82539989519937,51363.52293321336,114.43792909519937,327,86,lpr:total_combined:bdpl,3.612529890918069,4.987470109081931,3.612529890918069,4.987470109081931,0.0,0.0,0.0,0.0,0.0
baseline_T,1.0,1700.0,,gen=44_member=7474_pso,50,15981.4,35.6065592,15981.4,35.6065592,3.50006,5.09994,15981.416535408636,35.60659604089044,15981.416535408636,35.60659604089044,51265.31653540864,114.21912524089043,327,86,lpr:total_combined:bdpl,3.500060004864631,5.099939995135369,3.500060004864631,5.099939995135369,0.0,0.0,0.0,0.0,0.0
baseline_T,1.0,1700.0,,gen=38_member=6529_pso,50,15534.6,34.6110888,15534.6,34.6110888,3.04111,5.55889,15534.57635270133,34.611036113818564,15534.57635270133,34.611036113818564,50818.476352701335,113.22356531381855,327,86,lpr:total_combined:bdpl,3.041111755454159,5.558888244545841,3.041111755454159,5.558888244545841,0.0,0.0,0.0,0.0,0.0
baseline_T,1.0,1700.0,,gen=38_member=6418_pso,50,15459.2,34.4430976,15459.2,34.4430976,2.97833,5.62167,15459.160825033645,34.44301031817496,15459.160825033645,34.44301031817496,50743.06082503365,113.05553951817495,327,86,lpr:total_combined:bdpl,2.978329086001256,5.621670913998743,2.978329086001256,5.621670913998743,0.0,0.0,0.0,0.0,0.0
baseline_T,1.0,1700.0,,gen=42_member=7193_pso,50,15011.5,33.445622,15011.5,33.445622,2.62386,5.976139999999999,15011.474372731976,33.44556490244684,15011.474372731976,33.44556490244684,50295.37437273197,112.05809410244684,327,86,lpr:total_combined:bdpl,2.6238571418490007,5.976142858150999,2.6238571418490007,5.976142858150999,0.0,0.0,0.0,0.0,0.0
baseline_T,1.0,1700.0,,gen=40_member=6846_pso,50,14845.6,33.0759968,14845.6,33.0759968,2.5122,6.0878,14845.649143482438,33.07610629167887,14845.649143482438,33.07610629167887,50129.54914348244,111.68863549167888,327,86,lpr:total_combined:bdpl,2.5121954424954005,6.087804557504599,2.5121954424954005,6.087804557504599,0.0,0.0,0.0,0.0,0.0
baseline_T,1.0,1700.0,,gen=42_member=7137_pso,50,14272.8,31.7997984,14272.8,31.7997984,2.16651,6.433489999999999,14272.832183750304,31.799870105395676,14272.832183750304,31.799870105395676,49556.732183750304,110.41239930539568,327,86,lpr:total_combined:bdpl,2.166508641055657,6.433491358944343,2.166508641055657,6.433491358944343,0.0,0.0,0.0,0.0,0.0
baseline_T,1.0,1700.0,,gen=41_member=6951_pso,50,14267.6,31.7882128,14267.6,31.7882128,2.16614,6.433859999999999,14267.627328986546,31.788273688982024,14267.627328986546,31.788273688982024,49551.52732898655,110.40080288898204,327,86,lpr:total_combined:bdpl,2.1661407021590344,6.433859297840965,2.1661407021590344,6.433859297840965,0.0,0.0,0.0,0.0,0.0
baseline_T,1.0,1700.0,,gen=44_member=7514_pso,50,15443.3,34.4076724,15443.3,34.4076724,2.96984,5.63016,15443.33630412965,34.40775328560086,15443.33630412965,34.40775328560086,50727.23630412965,113.02028248560086,327,86,lpr:total_combined:bdpl,2.969835090773703,5.630164909226297,2.969835090773703,5.630164909226297,0.0,0.0,0.0,0.0,0.0
baseline_T,1.0,1700.0,,gen=26_member=4423_pso,50,14733.5,32.826238,14733.5,32.826238,2.44423,6.15577,14733.527268476704,32.826298754166096,14733.527268476704,32.826298754166096,50017.4272684767,111.43882795416609,327,86,lpr:total_combined:bdpl,2.4442324503270694,6.15576754967293,2.4442324503270694,6.15576754967293,0.0,0.0,0.0,0.0,0.0
baseline_T,1.0,1700.0,,gen=30_member=5151_pso,50,16291.5,36.297462,16291.5,36.297462,3.85519,4.744809999999999,16291.468896825134,36.2973927021264,16291.468896825134,36.2973927021264,51575.36889682514,114.9099219021264,327,86,lpr:total_combined:bdpl,3.855186874041565,4.7448131259584345,3.855186874041565,4.7448131259584345,0.0,0.0,0.0,0.0,0.0
baseline_T,1.0,1700.0,,gen=36_member=6144_pso,50,15489.5,34.510606,15489.5,34.510606,3.00686,5.59314,15489.474950280946,34.510550189225945,15489.474950280946,34.510550189225945,50773.37495028095,113.12307938922596,327,86,lpr:total_combined:bdpl,3.0068591738707413,5.593140826129258,3.0068591738707413,5.593140826129258,0.0,0.0,0.0,0.0,0.0
baseline_T,1.0,1700.0,,gen=41_member=6946_pso,50,16015.9,35.683425199999995,16015.9,35.683425199999995,3.5443,5.0557,16015.882133806026,35.683385394119824,16015.882133806026,35.683385394119824,51299.78213380603,114.29591459411984,327,86,lpr:total_combined:bdpl,3.5442993418543915,5.055700658145608,3.5442993418543915,5.055700658145608,0.0,0.0,0.0,0.0,0.0
baseline_T,1.0,1700.0,,gen=43_member=7239_pso,50,16032.7,35.7208556,16032.7,35.7208556,3.56889,5.03111,16032.69067807767,35.72083483075705,16032.69067807767,35.72083483075705,51316.59067807767,114.33336403075704,327,86,lpr:total_combined:bdpl,3.568889637147474,5.031110362852526,3.568889637147474,5.031110362852526,0.0,0.0,0.0,0.0,0.0
baseline_T,1.0,1700.0,,gen=20_member=3413_pso,50,14791.1,32.9545708,14791.1,32.9545708,2.47644,6.12356,14791.118544643396,32.95461211746549,14791.118544643396,32.95461211746549,50075.01854464341,111.5671413174655,327,86,lpr:total_combined:bdpl,2.476442307505919,6.123557692494081,2.476442307505919,6.123557692494081,0.0,0.0,0.0,0.0,0.0
baseline_T,1.0,1700.0,,gen=35_member=5913_pso,50,9543.07,21.26195996,9543.07,21.26195996,1.01633,7.58367,9543.0747849999,21.261970620979778,9543.0747849999,21.261970620979778,44826.9747849999,99.87449982097976,327,86,lpr:total_combined:bdpl,1.0163314134959738,7.583668586504026,1.0163314134959738,7.583668586504026,0.0,0.0,0.0,0.0,0.0
baseline_T,1.0,1700.0,,gen=47_member=7945_pso,50,15534.3,34.610420399999995,15534.3,34.610420399999995,3.03486,5.56514,15534.317949935756,34.610460392456865,15534.317949935756,34.610460392456865,50818.21794993576,113.22298959245688,327,86,lpr:total_combined:bdpl,3.034858216956013,5.565141783043986,3.034858216956013,5.565141783043986,0.0,0.0,0.0,0.0,0.0
baseline_T,1.0,1700.0,,gen=31_member=5214_pso,50,15907.9,35.4428012,15907.9,35.4428012,3.42253,5.17747,15907.884677515687,35.44276706150495,15907.884677515687,35.44276706150495,51191.78467751569,114.05529626150496,327,86,lpr:total_combined:bdpl,3.42252865851418,5.17747134148582,3.42252865851418,5.17747134148582,0.0,0.0,0.0,0.0,0.0
baseline_T,1.0,1700.0,,gen=35_member=5893_pso,50,7182.25,16.002053,7182.25,16.002053,0.813288,7.786712,7182.245015135868,16.002041893722712,7182.245015135868,16.002041893722712,42466.14501513587,94.61457109372272,327,86,lpr:total_combined:bdpl,0.8132883924956406,7.786711607504359,0.8132883924956406,7.786711607504359,0.0,0.0,0.0,0.0,0.0
baseline_T,1.0,1700.0,,gen=42_member=7082_pso,50,15124.5,33.697386,15124.5,33.697386,2.69841,5.90159,15124.511306524751,33.697411190937146,15124.511306524751,33.697411190937146,50408.41130652475,112.30994039093714,327,86,lpr:total_combined:bdpl,2.698409503554718,5.901590496445281,2.698409503554718,5.901590496445281,0.0,0.0,0.0,0.0,0.0
baseline_T,1.0,1700.0,,gen=44_member=7534_pso,50,15416.0,34.346848,15416.0,34.346848,2.93385,5.66615,15415.987512740045,34.34682017838482,15415.987512740045,34.34682017838482,50699.88751274005,112.95934937838484,327,86,lpr:total_combined:bdpl,2.9338504123415627,5.6661495876584365,2.9338504123415627,5.6661495876584365,0.0,0.0,0.0,0.0,0.0
baseline_T,1.0,1700.0,,gen=45_member=7645_pso,50,15987.0,35.619036,15987.0,35.619036,3.51669,5.083309999999999,15987.033381464233,35.61911037390231,15987.033381464233,35.61911037390231,51270.93338146424,114.23163957390231,327,86,lpr:total_combined:bdpl,3.516691347333545,5.083308652666455,3.516691347333545,5.083308652666455,0.0,0.0,0.0,0.0,0.0
baseline_T,1.0,1700.0,,gen=39_member=6590_pso,50,16488.5,36.736378,16488.5,36.736378,4.09121,4.508789999999999,16488.509944204496,36.73640015568762,16488.509944204496,36.73640015568762,51772.40994420449,115.3489293556876,327,86,lpr:total_combined:bdpl,4.091206726931732,4.508793273068267,4.091206726931732,4.508793273068267,0.0,0.0,0.0,0.0,0.0
baseline_T,1.0,1700.0,,gen=38_member=6398_pso,50,15752.9,35.0974612,15752.9,35.0974612,3.25449,5.345509999999999,15752.881386902523,35.09741973001883,15752.881386902523,35.09741973001883,51036.78138690253,113.70994893001884,327,86,lpr:total_combined:bdpl,3.254489893288976,5.345510106711024,3.254489893288976,5.345510106711024,0.0,0.0,0.0,0.0,0.0
baseline_T,1.0,1700.0,,gen=45_member=7594_pso,50,16297.3,36.3103844,16297.3,36.3103844,3.8606,4.7394,16297.305003351605,36.31039554746737,16297.305003351605,36.31039554746737,51581.20500335161,114.9229247474674,327,86,lpr:total_combined:bdpl,3.860598708949262,4.739401291050738,3.860598708949262,4.739401291050738,0.0,0.0,0.0,0.0,0.0
baseline_T,1.0,1700.0,,gen=48_member=8227_pso,50,15218.7,33.9072636,15218.7,33.9072636,2.7553,5.8447,15218.735500273877,33.90734269461019,15218.735500273877,33.90734269461019,50502.635500273886,112.51987189461022,327,86,lpr:total_combined:bdpl,2.7552995004033938,5.844700499596605,2.7552995004033938,5.844700499596605,0.0,0.0,0.0,0.0,0.0
baseline_T,1.0,1700.0,,gen=30_member=5150_pso,50,16372.5,36.47793,16372.5,36.47793,3.95517,4.64483,16372.505057366425,36.47794126781239,16372.505057366425,36.47794126781239,51656.40505736643,115.0904704678124,327,86,lpr:total_combined:bdpl,3.9551744266243625,4.644825573375638,3.9551744266243625,4.644825573375638,0.0,0.0,0.0,0.0,0.0
baseline_T,1.0,1700.0,,gen=49_member=8327_pso,50,13513.0,30.106964,13513.0,30.106964,1.80674,6.79326,13512.996764637244,30.10695679161178,13512.996764637244,30.10695679161178,48796.89676463725,108.7194859916118,327,86,lpr:total_combined:bdpl,1.8067379306649052,6.793262069335095,1.8067379306649052,6.793262069335095,0.0,0.0,0.0,0.0,0.0
baseline_T,1.0,1700.0,,gen=43_member=7261_pso,50,15478.6,34.4863208,15478.6,34.4863208,2.98936,5.61064,15478.5626545175,34.48623759426499,15478.5626545175,34.48623759426499,50762.4626545175,113.098766794265,327,86,lpr:total_combined:bdpl,2.989359921162631,5.610640078837369,2.989359921162631,5.610640078837369,0.0,0.0,0.0,0.0,0.0
baseline_T,1.0,1700.0,,gen=36_member=6133_pso,50,16100.6,35.8721368,16100.6,35.8721368,3.65379,4.94621,16100.552219199742,35.87203034437702,16100.552219199742,35.87203034437702,51384.45221919975,114.48455954437703,327,86,lpr:total_combined:bdpl,3.6537904336927274,4.946209566307273,3.6537904336927274,4.946209566307273,0.0,0.0,0.0,0.0,0.0
baseline_T,1.0,1700.0,,gen=41_member=6892_pso,50,13359.9,29.7658572,13359.9,29.7658572,1.79322,6.80678,13359.900045485403,29.76585730134148,13359.900045485403,29.76585730134148,48643.800045485405,108.37838650134148,327,86,lpr:total_combined:bdpl,1.7932215884321627,6.806778411567837,1.7932215884321627,6.806778411567837,0.0,0.0,0.0,0.0,0.0
baseline_T,1.0,1700.0,,gen=47_member=8012_pso,50,16150.8,35.983982399999995,16150.8,35.983982399999995,3.70111,4.89889,16150.818138421246,35.984022812402536,16150.818138421246,35.984022812402536,51434.718138421245,114.59655201240253,327,86,lpr:total_combined:bdpl,3.701110964068317,4.898889035931683,3.701110964068317,4.898889035931683,0.0,0.0,0.0,0.0,0.0
baseline_T,1.0,1700.0,,gen=47_member=7966_pso,50,15136.2,33.7234536,15136.2,33.7234536,2.70123,5.89877,15136.198838391196,33.72345101193558,15136.198838391196,33.72345101193558,50420.0988383912,112.3359802119356,327,86,lpr:total_combined:bdpl,2.7012340465738194,5.89876595342618,2.7012340465738194,5.89876595342618,0.0,0.0,0.0,0.0,0.0
baseline_T,1.0,1700.0,,gen=49_member=8363_pso,50,15923.6,35.4777808,15923.6,35.4777808,3.43975,5.16025,15923.612158066526,35.477807888172215,15923.612158066526,35.477807888172215,51207.51215806653,114.09033708817222,327,86,lpr:total_combined:bdpl,3.4397528364932968,5.160247163506703,3.4397528364932968,5.160247163506703,0.0,0.0,0.0,0.0,0.0
baseline_T,1.0,1700.0,,gen=44_member=7456_pso,50,15913.4,35.4550552,15913.4,35.4550552,3.43116,5.168839999999999,15913.36876049534,35.454985598383615,15913.36876049534,35.454985598383615,51197.26876049534,114.0675147983836,327,86,lpr:total_combined:bdpl,3.431156849191001,5.168843150808998,3.431156849191001,5.168843150808998,0.0,0.0,0.0,0.0,0.0
baseline_T,1.0,1700.0,,gen=40_member=6804_pso,50,15497.7,34.5288756,15497.7,34.5288756,3.01687,5.58313,15497.74676465162,34.528979791643806,15497.74676465162,34.528979791643806,50781.646764651625,113.14150899164382,327,86,lpr:total_combined:bdpl,3.016870007405461,5.583129992594539,3.016870007405461,5.583129992594539,0.0,0.0,0.0,0.0,0.0
baseline_T,1.0,1700.0,,gen=38_member=6471_pso,50,15736.3,35.0604764,15736.3,35.0604764,3.24426,5.355739999999999,15736.30754967552,35.06049322067706,15736.30754967552,35.06049322067706,51020.20754967552,113.67302242067706,327,86,lpr:total_combined:bdpl,3.2442631362861047,5.355736863713895,3.2442631362861047,5.355736863713895,0.0,0.0,0.0,0.0,0.0
baseline_T,1.0,1700.0,,gen=22_member=3634_pso,50,15030.3,33.4875084,15030.3,33.4875084,2.63496,5.96504,15030.302840959244,33.48751472965719,15030.302840959244,33.48751472965719,50314.202840959246,112.1000439296572,327,86,lpr:total_combined:bdpl,2.6349586355249133,5.965041364475086,2.6349586355249133,5.965041364475086,0.0,0.0,0.0,0.0,0.0
baseline_T,1.0,1700.0,,gen=44_member=7539_pso,50,16162.9,36.0109412,16162.9,36.0109412,3.71574,4.884259999999999,16162.865790156584,36.01086498046887,16162.865790156584,36.01086498046887,51446.76579015658,114.62339418046886,327,86,lpr:total_combined:bdpl,3.71574467634347,4.88425532365653,3.71574467634347,4.88425532365653,0.0,0.0,0.0,0.0,0.0
baseline_T,1.0,1700.0,,gen=49_member=8356_pso,50,14759.3,32.883720399999994,14759.3,32.883720399999994,2.45508,6.144919999999999,14759.259123491493,32.88362932713905,14759.259123491493,32.88362932713905,50043.159123491496,111.49615852713904,327,86,lpr:total_combined:bdpl,2.455078154837682,6.144921845162317,2.455078154837682,6.144921845162317,0.0,0.0,0.0,0.0,0.0
baseline_T,1.0,1700.0,,gen=46_member=7849_pso,50,15137.2,33.7256816,15137.2,33.7256816,2.71464,5.88536,15137.175608309964,33.7256272553146,15137.175608309964,33.7256272553146,50421.07560830997,112.3381564553146,327,86,lpr:total_combined:bdpl,2.714637855713367,5.885362144286633,2.714637855713367,5.885362144286633,0.0,0.0,0.0,0.0,0.0
baseline_T,1.0,1700.0,,gen=42_member=7200_pso,50,15858.3,35.3322924,15858.3,35.3322924,3.37515,5.22485,15858.268135411014,35.33222140569574,15858.268135411014,35.33222140569574,51142.16813541101,113.94475060569572,327,86,lpr:total_combined:bdpl,3.375146551306809,5.224853448693191,3.375146551306809,5.224853448693191,0.0,0.0,0.0,0.0,0.0
baseline_T,1.0,1700.0,,gen=38_member=6459_pso,50,16488.3,36.7359324,16488.3,36.7359324,4.07908,4.520919999999999,16488.289913846693,36.73590992805043,16488.289913846693,36.73590992805043,51772.1899138467,115.34843912805044,327,86,lpr:total_combined:bdpl,4.079081097759876,4.520918902240124,4.079081097759876,4.520918902240124,0.0,0.0,0.0,0.0,0.0
baseline_T,1.0,1700.0,,gen=40_member=6838_pso,50,12362.6,27.5438728,12362.6,27.5438728,1.42018,7.179819999999999,12362.592395957756,27.54385585819388,12362.592395957756,27.54385585819388,47646.49239595776,106.15638505819388,327,86,lpr:total_combined:bdpl,1.4201768569284965,7.179823143071503,1.4201768569284965,7.179823143071503,0.0,0.0,0.0,0.0,0.0
baseline_T,1.0,1700.0,,gen=35_member=5994_pso,50,15567.0,34.683276,15567.0,34.683276,3.07603,5.52397,15566.99725223962,34.68326987798987,15566.99725223962,34.68326987798987,50850.897252239614,113.29579907798986,327,86,lpr:total_combined:bdpl,3.076027027129444,5.523972972870556,3.076027027129444,5.523972972870556,0.0,0.0,0.0,0.0,0.0
baseline_T,1.0,1700.0,,gen=39_member=6670_pso,50,14558.2,32.435669600000004,14558.2,32.435669600000004,2.33137,6.26863,14558.247364123175,32.43577512726643,14558.247364123175,32.43577512726643,49842.14736412317,111.04830432726642,327,86,lpr:total_combined:bdpl,2.331366553624733,6.268633446375267,2.331366553624733,6.268633446375267,0.0,0.0,0.0,0.0,0.0
baseline_T,1.0,1700.0,,gen=48_member=8120_pso,50,16180.2,36.0494856,16180.2,36.0494856,3.72385,4.876149999999999,16180.196221496028,36.049477181493145,16180.196221496028,36.049477181493145,51464.09622149603,114.66200638149316,327,86,lpr:total_combined:bdpl,3.7238509530605737,4.876149046939426,3.7238509530605737,4.876149046939426,0.0,0.0,0.0,0.0,0.0
baseline_T,1.0,1700.0,,gen=47_member=7929_pso,50,14935.2,33.2756256,14935.2,33.2756256,2.58067,6.01933,14935.229434083649,33.27569117913837,14935.229434083649,33.27569117913837,50219.12943408365,111.88822037913836,327,86,lpr:total_combined:bdpl,2.5806656123379543,6.019334387662045,2.5806656123379543,6.019334387662045,0.0,0.0,0.0,0.0,0.0
baseline_T,1.0,1700.0,,gen=32_member=5467_pso,50,15900.0,35.4252,15900.0,35.4252,3.40923,5.19077,15900.04268653813,35.42529510560696,15900.04268653813,35.42529510560696,51183.94268653814,114.03782430560696,327,86,lpr:total_combined:bdpl,3.4092267076579525,5.190773292342048,3.4092267076579525,5.190773292342048,0.0,0.0,0.0,0.0,0.0
baseline_T,1.0,1700.0,,gen=45_member=7589_pso,50,15827.9,35.2645612,15827.9,35.2645612,3.34169,5.25831,15827.894157225164,35.264548182297666,15827.894157225164,35.264548182297666,51111.79415722516,113.87707738229766,327,86,lpr:total_combined:bdpl,3.3416938493864854,5.258306150613514,3.3416938493864854,5.258306150613514,0.0,0.0,0.0,0.0,0.0
baseline_T,1.0,1700.0,,gen=42_member=7063_pso,50,14712.7,32.7798956,14712.7,32.7798956,2.41578,6.18422,14712.738208192482,32.77998072785285,14712.738208192482,32.77998072785285,49996.63820819249,111.39250992785288,327,86,lpr:total_combined:bdpl,2.4157795755081053,6.184220424491894,2.4157795755081053,6.184220424491894,0.0,0.0,0.0,0.0,0.0
baseline_T,1.0,1700.0,,gen=46_member=7783_pso,50,15821.8,35.2509704,15821.8,35.2509704,3.33505,5.26495,15821.761622209751,35.250884894283324,15821.761622209751,35.250884894283324,51105.66162220975,113.86341409428331,327,86,lpr:total_combined:bdpl,3.335046555009673,5.264953444990326,3.335046555009673,5.264953444990326,0.0,0.0,0.0,0.0,0.0
baseline_T,1.0,1700.0,,gen=42_member=7112_pso,50,13444.8,29.9550144,13444.8,29.9550144,1.80414,6.795859999999999,13444.77211184266,29.954952265185444,13444.77211184266,29.954952265185444,48728.67211184265,108.56748146518542,327,86,lpr:total_combined:bdpl,1.8041382604731795,6.795861739526821,1.8041382604731795,6.795861739526821,0.0,0.0,0.0,0.0,0.0
baseline_T,1.0,1700.0,,gen=43_member=7278_pso,50,12101.0,26.961028,12101.0,26.961028,1.36641,7.233589999999999,12101.000490548293,26.96102909294159,12101.000490548293,26.96102909294159,47384.90049054829,105.5735582929416,327,86,lpr:total_combined:bdpl,1.3664061755116317,7.233593824488368,1.3664061755116317,7.233593824488368,0.0,0.0,0.0,0.0,0.0
baseline_T,1.0,1700.0,,gen=48_member=8123_pso,50,16025.9,35.7057052,16025.9,35.7057052,3.56822,5.03178,16025.894791493543,35.70569359544761,16025.894791493543,35.70569359544761,51309.79479149355,114.31822279544762,327,86,lpr:total_combined:bdpl,3.568217329581769,5.031782670418231,3.568217329581769,5.031782670418231,0.0,0.0,0.0,0.0,0.0
baseline_T,1.0,1700.0,,gen=38_member=6409_pso,50,15959.9,35.5586572,15959.9,35.5586572,3.48534,5.11466,15959.899258415428,35.558655547749574,15959.899258415428,35.558655547749574,51243.79925841543,114.17118474774956,327,86,lpr:total_combined:bdpl,3.4853415920391573,5.114658407960842,3.4853415920391573,5.114658407960842,0.0,0.0,0.0,0.0,0.0
baseline_T,1.0,1700.0,,gen=36_member=6139_pso,50,16482.1,36.7221188,16482.1,36.7221188,4.07625,4.52375,16482.125975540614,36.722176673504485,16482.125975540614,36.722176673504485,51766.025975540615,115.33470587350448,327,86,lpr:total_combined:bdpl,4.0762456348744855,4.523754365125514,4.0762456348744855,4.523754365125514,0.0,0.0,0.0,0.0,0.0
baseline_T,1.0,1700.0,,gen=40_member=6783_pso,50,15389.6,34.2880288,15389.6,34.2880288,2.92983,5.67017,15389.56502992713,34.28795088667764,15389.56502992713,34.28795088667764,50673.46502992713,112.90048008667765,327,86,lpr:total_combined:bdpl,2.929833439615535,5.670166560384464,2.929833439615535,5.670166560384464,0.0,0.0,0.0,0.0,0.0
baseline_T,1.0,1700.0,,gen=29_member=4924_pso,50,14956.1,33.3221908,14956.1,33.3221908,2.58783,6.012169999999999,14956.10872527715,33.32221023991749,14956.10872527715,33.32221023991749,50240.00872527715,111.93473943991748,327,86,lpr:total_combined:bdpl,2.587828022406685,6.012171977593315,2.587828022406685,6.012171977593315,0.0,0.0,0.0,0.0,0.0
baseline_T,1.0,1700.0,,gen=46_member=7822_pso,50,16471.9,36.6993932,16471.9,36.6993932,4.06609,4.53391,16471.886818612737,36.69936383186918,16471.886818612737,36.69936383186918,51755.78681861274,115.31189303186918,327,86,lpr:total_combined:bdpl,4.066085660473553,4.533914339526446,4.066085660473553,4.533914339526446,0.0,0.0,0.0,0.0,0.0
baseline_T,1.0,1700.0,,gen=33_member=5655_pso,50,15992.1,35.6303988,15992.1,35.6303988,3.51718,5.08282,15992.087099890365,35.630370058555734,15992.087099890365,35.630370058555734,51275.98709989037,114.24289925855572,327,86,lpr:total_combined:bdpl,3.517184950203703,5.082815049796297,3.517184950203703,5.082815049796297,0.0,0.0,0.0,0.0,0.0
baseline_T,1.0,1700.0,,gen=31_member=5227_pso,50,14897.7,33.1920756,14897.7,33.1920756,2.57051,6.029489999999999,14897.660188354284,33.191986899653344,14897.660188354284,33.191986899653344,50181.56018835429,111.80451609965334,327,86,lpr:total_combined:bdpl,2.5705116414506657,6.029488358549334,2.5705116414506657,6.029488358549334,0.0,0.0,0.0,0.0,0.0
baseline_T,1.0,1700.0,,gen=46_member=7810_pso,50,15518.0,34.574104,15518.0,34.574104,3.02342,5.57658,15517.98212177229,34.57406416730866,15517.98212177229,34.57406416730866,50801.88212177229,113.18659336730867,327,86,lpr:total_combined:bdpl,3.0234229584310697,5.57657704156893,3.0234229584310697,5.57657704156893,0.0,0.0,0.0,0.0,0.0
baseline_T,1.0,1700.0,,gen=28_member=4720_pso,50,15881.9,35.3848732,15881.9,35.3848732,3.39794,5.20206,15881.90696025604,35.38488870745046,15881.90696025604,35.38488870745046,51165.80696025604,113.99741790745044,327,86,lpr:total_combined:bdpl,3.397935940640787,5.202064059359213,3.397935940640787,5.202064059359213,0.0,0.0,0.0,0.0,0.0
baseline_T,1.0,1700.0,,gen=31_member=5250_pso,50,15284.3,34.0534204,15284.3,34.0534204,2.82385,5.77615,15284.341047393014,34.05351185359164,15284.341047393014,34.05351185359164,50568.24104739301,112.66604105359164,327,86,lpr:total_combined:bdpl,2.8238468837659503,5.776153116234049,2.8238468837659503,5.776153116234049,0.0,0.0,0.0,0.0,0.0
baseline_T,1.0,1700.0,,gen=46_member=7862_pso,50,15485.6,34.5019168,15485.6,34.5019168,2.9983,5.601699999999999,15485.594923526956,34.50190548961805,15485.594923526956,34.50190548961805,50769.49492352696,113.11443468961808,327,86,lpr:total_combined:bdpl,2.998298907907464,5.601701092092536,2.998298907907464,5.601701092092536,0.0,0.0,0.0,0.0,0.0
baseline_T,1.0,1700.0,,gen=29_member=4911_pso,50,15199.3,33.8640404,15199.3,33.8640404,2.75415,5.84585,15199.287430988548,33.86401239624249,15199.287430988548,33.86401239624249,50483.18743098855,112.47654159624248,327,86,lpr:total_combined:bdpl,2.7541462326369746,5.845853767363025,2.7541462326369746,5.845853767363025,0.0,0.0,0.0,0.0,0.0
baseline_T,1.0,1700.0,,gen=43_member=7385_pso,50,11722.5,26.11773,11722.5,26.11773,1.30432,7.29568,11722.488164319384,26.117703630103588,11722.488164319384,26.117703630103588,47006.38816431938,104.73023283010356,327,86,lpr:total_combined:bdpl,1.304315285491199,7.2956847145088,1.304315285491199,7.2956847145088,0.0,0.0,0.0,0.0,0.0
baseline_T,1.0,1700.0,,gen=34_member=5724_pso,50,15960.4,35.5597712,15960.4,35.5597712,3.48909,5.11091,15960.35420961444,35.55966917902097,15960.35420961444,35.55966917902097,51244.254209614446,114.17219837902098,327,86,lpr:total_combined:bdpl,3.489091483382917,5.110908516617083,3.489091483382917,5.110908516617083,0.0,0.0,0.0,0.0,0.0
baseline_T,1.0,1700.0,,gen=39_member=6557_pso,50,13892.2,30.9518216,13892.2,30.9518216,1.98352,6.616479999999999,13892.237152431944,30.95190437561837,13892.237152431944,30.95190437561837,49176.13715243194,109.56443357561837,327,86,lpr:total_combined:bdpl,1.9835249724970192,6.616475027502981,1.9835249724970192,6.616475027502981,0.0,0.0,0.0,0.0,0.0
baseline_T,1.0,1700.0,,gen=43_member=7341_pso,50,16022.2,35.697461600000004,16022.2,35.697461600000004,3.54777,5.05223,16022.226518950454,35.69752068422161,16022.226518950454,35.69752068422161,51306.126518950456,114.3100498842216,327,86,lpr:total_combined:bdpl,3.547765185660241,5.052234814339759,3.547765185660241,5.052234814339759,0.0,0.0,0.0,0.0,0.0
baseline_T,1.0,1700.0,,gen=37_member=6349_pso,50,15198.8,33.8629264,15198.8,33.8629264,2.74347,5.856529999999999,15198.807260091971,33.862942575484915,15198.807260091971,33.862942575484915,50482.70726009198,112.47547177548492,327,86,lpr:total_combined:bdpl,2.7434690769353645,5.856530923064636,2.7434690769353645,5.856530923064636,0.0,0.0,0.0,0.0,0.0
baseline_T,1.0,1700.0,,gen=41_member=6889_pso,50,12291.0,27.384348,12291.0,27.384348,1.4106,7.189399999999999,12290.987705769669,27.38432060845482,12290.987705769669,27.38432060845482,47574.88770576967,105.9968498084548,327,86,lpr:total_combined:bdpl,1.4106019754541828,7.189398024545817,1.4106019754541828,7.189398024545817,0.0,0.0,0.0,0.0,0.0
baseline_T,1.0,1700.0,,gen=47_member=8010_pso,50,15028.5,33.483498,15028.5,33.483498,2.63426,5.96574,15028.455185458966,33.48339815320258,15028.455185458966,33.48339815320258,50312.35518545897,112.09592735320258,327,86,lpr:total_combined:bdpl,2.6342594566188096,5.96574054338119,2.6342594566188096,5.96574054338119,0.0,0.0,0.0,0.0,0.0
baseline_T,1.0,1700.0,,gen=38_member=6465_pso,50,15971.7,35.5849476,15971.7,35.5849476,3.49711,5.10289,15971.650593525908,35.58483752237572,15971.650593525908,35.58483752237572,51255.55059352591,114.19736672237572,327,86,lpr:total_combined:bdpl,3.497111324050283,5.102888675949717,3.497111324050283,5.102888675949717,0.0,0.0,0.0,0.0,0.0
baseline_T,1.0,1700.0,,gen=29_member=4976_pso,50,14745.7,32.8534196,14745.7,32.8534196,2.44488,6.15512,14745.72089074602,32.85346614458213,14745.72089074602,32.85346614458213,50029.62089074602,111.46599534458214,327,86,lpr:total_combined:bdpl,2.4448842022049715,6.155115797795029,2.4448842022049715,6.155115797795029,0.0,0.0,0.0,0.0,0.0
baseline_T,1.0,1700.0,,gen=34_member=5729_pso,50,16215.1,36.1272428,16215.1,36.1272428,3.76248,4.83752,16215.125543009071,36.12729970982421,16215.125543009071,36.12729970982421,51499.02554300907,114.7398289098242,327,86,lpr:total_combined:bdpl,3.762481095023348,4.837518904976652,3.762481095023348,4.837518904976652,0.0,0.0,0.0,0.0,0.0
baseline_T,1.0,1700.0,,gen=46_member=7888_pso,50,14714.3,32.7834604,14714.3,32.7834604,2.41843,6.18157,14714.275098586406,32.783404919650515,14714.275098586406,32.783404919650515,49998.175098586406,111.3959341196505,327,86,lpr:total_combined:bdpl,2.418430577488762,6.181569422511238,2.418430577488762,6.181569422511238,0.0,0.0,0.0,0.0,0.0
baseline_T,1.0,1700.0,,gen=46_member=7821_pso,50,13922.5,31.01933,13922.5,31.01933,1.99327,6.60673,13922.46591334354,31.019254054929405,13922.46591334354,31.019254054929405,49206.36591334354,109.63178325492942,327,86,lpr:total_combined:bdpl,1.993271488176365,6.6067285118236345,1.993271488176365,6.6067285118236345,0.0,0.0,0.0,0.0,0.0
baseline_T,1.0,1700.0,,gen=48_member=8165_pso,50,15747.1,35.0845388,15747.1,35.0845388,3.24714,5.35286,15747.123852685494,35.08459194378328,15747.123852685494,35.08459194378328,51031.023852685496,113.69712114378328,327,86,lpr:total_combined:bdpl,3.2471408840658538,5.352859115934146,3.2471408840658538,5.352859115934146,0.0,0.0,0.0,0.0,0.0
baseline_T,1.0,1700.0,,gen=36_member=6131_pso,50,16162.4,36.0098272,16162.4,36.0098272,3.70849,4.89151,16162.41505174217,36.00986073528155,16162.41505174217,36.00986073528155,51446.315051742175,114.62238993528156,327,86,lpr:total_combined:bdpl,3.708493410413307,4.891506589586692,3.708493410413307,4.891506589586692,0.0,0.0,0.0,0.0,0.0
baseline_T,1.0,1700.0,,gen=32_member=5391_pso,50,14928.9,33.2615892,14928.9,33.2615892,2.57343,6.02657,14928.862552967455,33.261505768011496,14928.862552967455,33.261505768011496,50212.76255296746,111.8740349680115,327,86,lpr:total_combined:bdpl,2.5734339649692104,6.02656603503079,2.5734339649692104,6.02656603503079,0.0,0.0,0.0,0.0,0.0
baseline_T,1.0,1700.0,,gen=34_member=5740_pso,50,12129.7,27.0249716,12129.7,27.0249716,1.37217,7.22783,12129.737656299145,27.025055498234494,12129.737656299145,27.025055498234494,47413.63765629914,105.63758469823448,327,86,lpr:total_combined:bdpl,1.37216642150876,7.227833578491239,1.37216642150876,7.227833578491239,0.0,0.0,0.0,0.0,0.0
baseline_T,1.0,1700.0,,gen=35_member=5978_pso,50,16067.3,35.7979444,16067.3,35.7979444,3.60663,4.99337,16067.34571378628,35.798046250315835,16067.34571378628,35.798046250315835,51351.24571378629,114.41057545031585,327,86,lpr:total_combined:bdpl,3.6066329183701873,4.993367081629812,3.6066329183701873,4.993367081629812,0.0,0.0,0.0,0.0,0.0
baseline_T,1.0,1700.0,,gen=32_member=5373_pso,50,15480.3,34.4901084,15480.3,34.4901084,2.995,5.605,15480.299999640423,34.49010839919886,15480.299999640423,34.49010839919886,50764.19999964042,113.10263759919886,327,86,lpr:total_combined:bdpl,2.995004204654325,5.604995795345674,2.995004204654325,5.604995795345674,0.0,0.0,0.0,0.0,0.0
baseline_T,1.0,1700.0,,gen=44_member=7565_pso,50,14798.7,32.9715036,14798.7,32.9715036,2.47831,6.121689999999999,14798.675255149134,32.97144846847227,14798.675255149134,32.97144846847227,50082.57525514913,111.58397766847226,327,86,lpr:total_combined:bdpl,2.478310881640845,6.121689118359155,2.478310881640845,6.121689118359155,0.0,0.0,0.0,0.0,0.0
baseline_T,1.0,1700.0,,gen=45_member=7737_pso,50,16214.6,36.1261288,16214.6,36.1261288,3.75756,4.84244,16214.601623135048,36.12613241634489,16214.601623135048,36.12613241634489,51498.50162313505,114.7386616163449,327,86,lpr:total_combined:bdpl,3.7575596650694982,4.842440334930501,3.7575596650694982,4.842440334930501,0.0,0.0,0.0,0.0,0.0
baseline_T,1.0,1700.0,,gen=35_member=6019_pso,50,16186.0,36.062408,16186.0,36.062408,3.73038,4.869619999999999,16186.021661268114,36.06245626130536,16186.021661268114,36.06245626130536,51469.92166126812,114.67498546130535,327,86,lpr:total_combined:bdpl,3.7303822104294633,4.869617789570537,3.7303822104294633,4.869617789570537,0.0,0.0,0.0,0.0,0.0
baseline_T,1.0,1700.0,,gen=46_member=7796_pso,50,15919.0,35.467532,15919.0,35.467532,3.43824,5.161759999999999,15919.044119771625,35.46763029885118,15919.044119771625,35.46763029885118,51202.94411977162,114.08015949885116,327,86,lpr:total_combined:bdpl,3.43823893574998,5.16176106425002,3.43823893574998,5.16176106425002,0.0,0.0,0.0,0.0,0.0
baseline_T,1.0,1700.0,,gen=47_member=7977_pso,50,15936.7,35.5069676,15936.7,35.5069676,3.45533,5.14467,15936.708564147862,35.50698668092144,15936.708564147862,35.50698668092144,51220.60856414786,114.11951588092144,327,86,lpr:total_combined:bdpl,3.4553251022415497,5.14467489775845,3.4553251022415497,5.14467489775845,0.0,0.0,0.0,0.0,0.0
baseline_T,1.0,1700.0,,gen=49_member=8311_pso,50,16161.3,36.0073764,16161.3,36.0073764,3.70558,4.89442,16161.28243585807,36.00733726709178,16161.28243585807,36.00733726709178,51445.18243585806,114.61986646709175,327,86,lpr:total_combined:bdpl,3.705575891176805,4.894424108823195,3.705575891176805,4.894424108823195,0.0,0.0,0.0,0.0,0.0
baseline_T,1.0,1700.0,,gen=29_member=4851_pso,50,15827.8,35.2643384,15827.8,35.2643384,3.33985,5.260149999999999,15827.772653849252,35.264277472776136,15827.772653849252,35.264277472776136,51111.67265384925,113.87680667277613,327,86,lpr:total_combined:bdpl,3.339852235813954,5.260147764186046,3.339852235813954,5.260147764186046,0.0,0.0,0.0,0.0,0.0
baseline_T,1.0,1700.0,,gen=34_member=5819_pso,50,15512.1,34.5609588,15512.1,34.5609588,3.0224,5.5776,15512.135876498978,34.56103873283972,15512.135876498978,34.56103873283972,50796.03587649898,113.17356793283972,327,86,lpr:total_combined:bdpl,3.022398591006844,5.577601408993155,3.022398591006844,5.577601408993155,0.0,0.0,0.0,0.0,0.0
baseline_T,1.0,1700.0,,gen=38_member=6490_pso,50,16189.3,36.0697604,16189.3,36.0697604,3.73254,4.86746,16189.343816499706,36.06985802316135,16189.343816499706,36.06985802316135,51473.24381649972,114.68238722316136,327,86,lpr:total_combined:bdpl,3.732539123723969,4.867460876276031,3.732539123723969,4.867460876276031,0.0,0.0,0.0,0.0,0.0
baseline_T,1.0,1700.0,,gen=42_member=7145_pso,50,16295.4,36.3061512,16295.4,36.3061512,3.85887,4.74113,16295.396734226248,36.30614392385608,16295.396734226248,36.30614392385608,51579.29673422626,114.9186731238561,327,86,lpr:total_combined:bdpl,3.858871338058117,4.741128661941882,3.858871338058117,4.741128661941882,0.0,0.0,0.0,0.0,0.0
baseline_T,1.0,1700.0,,gen=28_member=4655_pso,50,15141.9,33.7361532,15141.9,33.7361532,2.71633,5.88367,15141.895334331672,33.73614280489097,15141.895334331672,33.73614280489097,50425.79533433168,112.34867200489096,327,86,lpr:total_combined:bdpl,2.7163349555958534,5.883665044404147,2.7163349555958534,5.883665044404147,0.0,0.0,0.0,0.0,0.0
baseline_T,1.0,1700.0,,gen=24_member=4008_pso,50,15155.7,33.7668996,15155.7,33.7668996,2.71969,5.88031,15155.727503103506,33.76696087691461,15155.727503103506,33.76696087691461,50439.627503103504,112.3794900769146,327,86,lpr:total_combined:bdpl,2.7196924545351737,5.8803075454648255,2.7196924545351737,5.8803075454648255,0.0,0.0,0.0,0.0,0.0
baseline_T,1.0,1700.0,,gen=34_member=5732_pso,50,15162.6,33.7822728,15162.6,33.7822728,2.72045,5.87955,15162.563611442774,33.7821917262945,15162.563611442774,33.7821917262945,50446.46361144279,112.39472092629453,327,86,lpr:total_combined:bdpl,2.7204459363071374,5.879554063692862,2.7204459363071374,5.879554063692862,0.0,0.0,0.0,0.0,0.0
baseline_T,1.0,1700.0,,gen=40_member=6768_pso,50,16451.1,36.6530508,16451.1,36.6530508,4.06357,4.536429999999999,16451.08712664435,36.65302211816361,16451.08712664435,36.65302211816361,51734.98712664435,115.26555131816362,327,86,lpr:total_combined:bdpl,4.063568704514503,4.536431295485497,4.063568704514503,4.536431295485497,0.0,0.0,0.0,0.0,0.0
baseline_T,1.0,1700.0,,gen=44_member=7554_pso,50,15130.8,33.7114224,15130.8,33.7114224,2.69854,5.90146,15130.753854465827,33.71131958774986,15130.753854465827,33.71131958774986,50414.65385446584,112.32384878774988,327,86,lpr:total_combined:bdpl,2.6985365408908595,5.90146345910914,2.6985365408908595,5.90146345910914,0.0,0.0,0.0,0.0,0.0
baseline_T,1.0,1700.0,,gen=18_member=3072_pso,50,16676.3,37.1547964,16676.3,37.1547964,4.37912,4.220879999999999,16676.349581361694,37.15490686727385,16676.349581361694,37.15490686727385,51960.24958136169,115.76743606727383,327,86,lpr:total_combined:bdpl,4.379123996722136,4.220876003277864,4.379123996722136,4.220876003277864,0.0,0.0,0.0,0.0,0.0
baseline_T,1.0,1700.0,,gen=50_member=8445_pso,50,9401.87,20.94736636,9401.87,20.94736636,1.01547,7.584529999999999,9401.872579508889,20.947372107145803,9401.872579508889,20.947372107145803,44685.77257950889,99.5599013071458,327,86,lpr:total_combined:bdpl,1.0154703928416016,7.584529607158398,1.0154703928416016,7.584529607158398,0.0,0.0,0.0,0.0,0.0
baseline_T,1.0,1700.0,,gen=50_member=8506_pso,50,16237.8,36.1778184,16237.8,36.1778184,3.79088,4.80912,16237.751709751272,36.17771080932583,16237.751709751272,36.17771080932583,51521.65170975127,114.79024000932584,327,86,lpr:total_combined:bdpl,3.790883183568052,4.809116816431947,3.790883183568052,4.809116816431947,0.0,0.0,0.0,0.0,0.0
baseline_T,1.0,1700.0,,gen=50_member=8596_pso,50,14208.3,31.6560924,14208.3,31.6560924,2.13446,6.46554,14208.317325044894,31.656131000200023,14208.317325044894,31.656131000200023,49492.2173250449,110.26866020020005,327,86,lpr:total_combined:bdpl,2.1344595323964763,6.465540467603523,2.1344595323964763,6.465540467603523,0.0,0.0,0.0,0.0,0.0
baseline_T,1.0,1700.0,,gen=50_member=8464_pso,50,15785.1,35.1692028,15785.1,35.1692028,3.28738,5.312619999999999,15785.141919811873,35.16929619734085,15785.141919811873,35.16929619734085,51069.04191981188,113.78182539734084,327,86,lpr:total_combined:bdpl,3.287377222546114,5.312622777453885,3.287377222546114,5.312622777453885,0.0,0.0,0.0,0.0,0.0
baseline_T,1.0,1700.0,,gen=50_member=8489_pso,50,15228.0,33.927984,15228.0,33.927984,2.76217,5.83783,15228.040957686744,33.928075253726064,15228.040957686744,33.928075253726064,50511.94095768675,112.54060445372608,327,86,lpr:total_combined:bdpl,2.7621716131516663,5.837828386848333,2.7621716131516663,5.837828386848333,0.0,0.0,0.0,0.0,0.0
baseline_T,1.0,1700.0,,gen=50_member=8579_pso,50,15829.2,35.2674576,15829.2,35.2674576,3.34196,5.258039999999999,15829.220626443976,35.267503555717184,15829.220626443976,35.267503555717184,51113.12062644398,113.8800327557172,327,86,lpr:total_combined:bdpl,3.341960069793125,5.258039930206875,3.341960069793125,5.258039930206875,0.0,0.0,0.0,0.0,0.0
baseline_T,1.0,1700.0,,gen=50_member=8474_pso,50,12733.0,28.369124,12733.0,28.369124,1.54501,7.05499,12732.998383359258,28.369120398124423,12732.998383359258,28.369120398124423,48016.89838335926,106.98164959812442,327,86,lpr:total_combined:bdpl,1.545008856601091,7.054991143398908,1.545008856601091,7.054991143398908,0.0,0.0,0.0,0.0,0.0
baseline_T,1.0,1700.0,,gen=50_member=8555_pso,50,15618.6,34.7982408,15618.6,34.7982408,3.12278,5.477219999999999,15618.60939023365,34.798261721440575,15618.60939023365,34.798261721440575,50902.50939023365,113.41079092144058,327,86,lpr:total_combined:bdpl,3.122777075087054,5.477222924912946,3.122777075087054,5.477222924912946,0.0,0.0,0.0,0.0,0.0
baseline_T,1.0,1700.0,,gen=50_member=8483_pso,50,14418.5,32.124418,14418.5,32.124418,2.25475,6.34525,14418.539243991498,32.12450543561306,14418.539243991498,32.12450543561306,49702.439243991495,110.73703463561304,327,86,lpr:total_combined:bdpl,2.254748390424492,6.345251609575508,2.254748390424492,6.345251609575508,0.0,0.0,0.0,0.0,0.0
baseline_T,1.0,1700.0,,gen=50_member=8443_pso,50,13029.1,29.0288348,13029.1,29.0288348,1.62866,6.97134,13029.062711147126,29.0287517204358,13029.062711147126,29.0287517204358,48312.96271114713,107.6412809204358,327,86,lpr:total_combined:bdpl,1.6286550645203903,6.971344935479609,1.6286550645203903,6.971344935479609,0.0,0.0,0.0,0.0,0.0
baseline_T,1.0,1700.0,,gen=50_member=8469_pso,50,12272.3,27.3426844,12272.3,27.3426844,1.39731,7.20269,12272.27925978557,27.342638190802248,12272.27925978557,27.342638190802248,47556.17925978557,105.95516739080225,327,86,lpr:total_combined:bdpl,1.3973096615726888,7.202690338427311,1.3973096615726888,7.202690338427311,0.0,0.0,0.0,0.0,0.0
baseline_T,1.0,1700.0,,gen=50_member=8584_pso,50,16506.4,36.776259200000005,16506.4,36.776259200000005,4.09976,4.50024,16506.434090037626,36.77633515260383,16506.434090037626,36.77633515260383,51790.33409003763,115.38886435260385,327,86,lpr:total_combined:bdpl,4.0997561143955386,4.500243885604461,4.0997561143955386,4.500243885604461,0.0,0.0,0.0,0.0,0.0
baseline_T,1.0,1700.0,,gen=50_member=8572_pso,50,15880.1,35.3808628,15880.1,35.3808628,3.38958,5.210419999999999,15880.05851843116,35.38077037906462,15880.05851843116,35.38077037906462,51163.95851843116,113.9932995790646,327,86,lpr:total_combined:bdpl,3.389579700812769,5.210420299187231,3.389579700812769,5.210420299187231,0.0,0.0,0.0,0.0,0.0
baseline_T,1.0,1700.0,,gen=50_member=8550_pso,50,15904.6,35.4354488,15904.6,35.4354488,3.41089,5.18911,15904.626472514808,35.43550778076299,15904.626472514808,35.43550778076299,51188.526472514815,114.048036980763,327,86,lpr:total_combined:bdpl,3.4108893975704637,5.189110602429537,3.4108893975704637,5.189110602429537,0.0,0.0,0.0,0.0,0.0
baseline_T,1.0,1700.0,,gen=50_member=8507_pso,50,13066.9,29.1130532,13066.9,29.1130532,1.64928,6.95072,13066.932281265976,29.113125122660595,13066.932281265976,29.113125122660595,48350.832281265975,107.7256543226606,327,86,lpr:total_combined:bdpl,1.6492785593130492,6.950721440686951,1.6492785593130492,6.950721440686951,0.0,0.0,0.0,0.0,0.0
baseline_T,1.0,1700.0,,gen=50_member=8467_pso,50,12761.1,28.4317308,12761.1,28.4317308,1.56923,7.03077,12761.10864205751,28.43175005450413,12761.10864205751,28.43175005450413,48045.00864205751,107.04427925450412,327,86,lpr:total_combined:bdpl,1.5692285694059316,7.0307714305940685,1.5692285694059316,7.0307714305940685,0.0,0.0,0.0,0.0,0.0
baseline_T,1.0,1700.0,,gen=50_member=8487_pso,50,15934.7,35.5025116,15934.7,35.5025116,3.45215,5.14785,15934.749493122594,35.50262187067714,15934.749493122594,35.50262187067714,51218.6494931226,114.11515107067714,327,86,lpr:total_combined:bdpl,3.452149122351013,5.147850877648986,3.452149122351013,5.147850877648986,0.0,0.0,0.0,0.0,0.0
T_plus_10pct,1.1,1870.0,,152,50,17542.8,39.0853584,17542.8,39.0853584,4.78258,3.81742,17542.837279493986,39.0854414587126,17542.837279493986,39.0854414587126,52826.73727949399,117.6979706587126,327,86,lpr:total_combined:bdpl,5.018204985443435,3.5817950145565645,4.782582221327709,3.817417778672291,0.23562276411572647,-0.23562276411572647,0.23562276411572647,0.23562276411572647,0.23562276411572647
T_plus_10pct,1.1,1870.0,,gen=36_member=6021_pso,50,7060.34,15.73043752,7060.34,15.73043752,0.811083,7.788917,7060.336017493249,15.730428646974955,7060.336017493249,15.730428646974955,42344.23601749325,94.34295784697495,327,86,lpr:total_combined:bdpl,0.8824903568961786,7.717509643103821,0.8110833649714815,7.788916635028518,0.07140699192469713,-0.07140699192469757,0.07140699192469713,0.07140699192469757,0.07140699192469757
T_plus_10pct,1.1,1870.0,,16,50,17265.5,38.467534,17265.5,38.467534,4.48927,4.110729999999999,17265.49762402037,38.46752870631738,17265.49762402037,38.46752870631738,52549.39762402036,117.08005790631736,327,86,lpr:total_combined:bdpl,4.716844786159789,3.883155213840211,4.489273592740293,4.1107264072597065,0.22757119341949572,-0.22757119341949572,0.22757119341949572,0.22757119341949572,0.22757119341949572
T_plus_10pct,1.1,1870.0,,130,50,17325.0,38.6001,17325.0,38.6001,4.69071,3.90929,17325.020546659372,38.60014577795708,17325.020546659372,38.60014577795708,52608.92054665938,117.21267497795708,327,86,lpr:total_combined:bdpl,4.922894243369441,3.6771057566305583,4.690710603433739,3.909289396566261,0.23218363993570268,-0.23218363993570268,0.23218363993570268,0.23218363993570268,0.23218363993570268
T_plus_10pct,1.1,1870.0,,95,50,17459.9,38.900657200000005,17459.9,38.900657200000005,4.70127,3.89873,17459.910855081478,38.90068138512153,17459.910855081478,38.90068138512153,52743.81085508148,117.51321058512151,327,86,lpr:total_combined:bdpl,4.936396173180332,3.663603826819668,4.701268362481829,3.8987316375181695,0.23512781069850242,-0.23512781069850153,0.23512781069850242,0.23512781069850153,0.23512781069850153
T_plus_10pct,1.1,1870.0,,156,50,16882.3,37.6137644,16882.3,37.6137644,4.4265,4.1735,16882.312566035933,37.61379239712806,16882.312566035933,37.61379239712806,52166.21256603594,116.22632159712806,327,86,lpr:total_combined:bdpl,4.649608541187778,3.9503914588122218,4.42649581404381,4.173504185956189,0.22311272714396768,-0.22311272714396768,0.22311272714396768,0.22311272714396768,0.22311272714396768
T_plus_10pct,1.1,1870.0,,gen=47_member=7948_pso,50,12805.2,28.5299856,12805.2,28.5299856,1.5703,7.0297,12805.176146545087,28.52993245450245,12805.176146545087,28.52993245450245,48089.076146545085,107.14246165450244,327,86,lpr:total_combined:bdpl,1.689451631868392,6.910548368131607,1.5702986372987264,7.029701362701273,0.11915299456966566,-0.11915299456966544,0.11915299456966566,0.11915299456966544,0.11915299456966544
T_plus_10pct,1.1,1870.0,,gen=48_member=8161_pso,50,11000.1,24.5082228,11000.1,24.5082228,1.17026,7.42974,11000.12673609313,24.508282368015493,11000.12673609313,24.508282368015493,46284.02673609313,103.1208115680155,327,86,lpr:total_combined:bdpl,1.2737527388287904,7.3262472611712095,1.1702608914176431,7.429739108582357,0.10349184741114725,-0.10349184741114748,0.10349184741114725,0.10349184741114748,0.10349184741114748
T_plus_10pct,1.1,1870.0,,gen=33_member=5661_pso,50,16558.2,36.8916696,16558.2,36.8916696,4.21575,4.38425,16558.228221578418,36.89173247767671,16558.228221578418,36.89173247767671,51842.128221578416,115.50426167767672,327,86,lpr:total_combined:bdpl,4.432955617299236,4.167044382700763,4.215754201843512,4.384245798156488,0.21720141545572424,-0.21720141545572513,0.21720141545572424,0.21720141545572513,0.21720141545572513
T_plus_10pct,1.1,1870.0,,gen=47_member=7921_pso,50,16619.9,37.0291372,16619.9,37.0291372,4.27101,4.328989999999999,16619.894322164353,37.029124549782175,16619.894322164353,37.029124549782175,51903.79432216436,115.6416537497822,327,86,lpr:total_combined:bdpl,4.489177415285926,4.110822584714073,4.271007614577858,4.328992385422142,0.21816980070806835,-0.21816980070806835,0.21816980070806835,0.21816980070806835,0.21816980070806835
T_plus_10pct,1.1,1870.0,,gen=40_member=6722_pso,50,13108.9,29.2066292,13108.9,29.2066292,1.65561,6.944389999999999,13108.890627812632,29.206608318766545,13108.890627812632,29.206608318766545,48392.79062781263,107.81913751876654,327,86,lpr:total_combined:bdpl,1.7787087075201176,6.8212912924798825,1.6556098007990303,6.944390199200969,0.12309890672108725,-0.12309890672108637,0.12309890672108725,0.12309890672108637,0.12309890672108637
T_plus_10pct,1.1,1870.0,,gen=48_member=8113_pso,50,16612.9,37.0135412,16612.9,37.0135412,4.2324,4.3676,16612.892695433202,37.01352492542517,16612.892695433202,37.01352492542517,51896.79269543321,115.62605412542518,327,86,lpr:total_combined:bdpl,4.449743634260319,4.150256365739681,4.232401729996877,4.367598270003123,0.21734190426344213,-0.21734190426344213,0.21734190426344213,0.21734190426344213,0.21734190426344213
T_plus_10pct,1.1,1870.0,,gen=48_member=8218_pso,50,16437.9,36.6236412,16437.9,36.6236412,4.03399,4.56601,16437.898572598093,36.62363801974855,16437.898572598093,36.62363801974855,51721.7985725981,115.23616721974857,327,86,lpr:total_combined:bdpl,4.244420855102051,4.355579144897948,4.033988191639938,4.566011808360062,0.21043266346211364,-0.21043266346211364,0.21043266346211364,0.21043266346211364,0.21043266346211364
T_plus_10pct,1.1,1870.0,,gen=42_member=7058_pso,50,8000.5,17.825114,8000.5,17.825114,0.864582,7.735417999999999,8000.501335844605,17.82511697626178,8000.501335844605,17.82511697626178,43284.40133584461,96.4376461762618,327,86,lpr:total_combined:bdpl,0.944579231891647,7.655420768108352,0.8645822572117029,7.735417742788297,0.07999697467994416,-0.07999697467994427,0.07999697467994416,0.07999697467994427,0.07999697467994427
T_plus_10pct,1.1,1870.0,,gen=48_member=8245_pso,50,16552.5,36.87897,16552.5,36.87897,4.17121,4.428789999999999,16552.462486135883,36.87888641911074,16552.462486135883,36.87888641911074,51836.36248613589,115.49141561911075,327,86,lpr:total_combined:bdpl,4.387581002363262,4.212418997636737,4.1712068907145685,4.428793109285431,0.2163741116486939,-0.2163741116486939,0.2163741116486939,0.2163741116486939,0.2163741116486939
T_plus_10pct,1.1,1870.0,,gen=41_member=6922_pso,50,14414.7,32.1159516,14414.7,32.1159516,2.24821,6.351789999999999,14414.68617782016,32.11592080418332,14414.68617782016,32.11592080418332,49698.586177820165,110.72845000418332,327,86,lpr:total_combined:bdpl,2.396207909839893,6.203792090160107,2.248210831838707,6.351789168161293,0.1479970780011861,-0.1479970780011861,0.1479970780011861,0.1479970780011861,0.1479970780011861
T_plus_10pct,1.1,1870.0,,gen=41_member=6885_pso,50,7606.89,16.94815092,7606.89,16.94815092,0.828565,7.771434999999999,7606.8867677638145,16.94814371857778,7606.8867677638145,16.94814371857778,42890.78676776381,95.56067291857778,327,86,lpr:total_combined:bdpl,0.9033554686986652,7.6966445313013345,0.8285654379401006,7.771434562059899,0.07479003075856461,-0.07479003075856472,0.07479003075856461,0.07479003075856472,0.07479003075856472
T_plus_10pct,1.1,1870.0,,gen=37_member=6262_pso,50,11388.2,25.3729096,11388.2,25.3729096,1.2425,7.3575,11388.151134235766,25.372800727077287,11388.151134235766,25.372800727077287,46672.05113423576,103.98532992707726,327,86,lpr:total_combined:bdpl,1.3480031681185185,7.251996831881481,1.2424981099154595,7.35750189008454,0.105505058203059,-0.10550505820305922,0.105505058203059,0.10550505820305922,0.10550505820305922
T_plus_10pct,1.1,1870.0,,gen=39_member=6554_pso,50,10285.0,22.91498,10285.0,22.91498,1.07599,7.52401,10284.979691111876,22.91493475179726,10284.979691111876,22.91493475179726,45568.87969111188,101.52746395179726,327,86,lpr:total_combined:bdpl,1.1737975144685258,7.426202485531474,1.0759853155948564,7.524014684405143,0.09781219887366932,-0.09781219887366976,0.09781219887366932,0.09781219887366976,0.09781219887366976
T_plus_10pct,1.1,1870.0,,gen=44_member=7409_pso,50,13027.9,29.0261612,13027.9,29.0261612,1.61819,6.981809999999999,13027.906198178654,29.02617500954204,13027.906198178654,29.02617500954204,48311.806198178645,107.638704209542,327,86,lpr:total_combined:bdpl,1.7388911343102325,6.861108865689767,1.6181922753542444,6.981807724645755,0.12069885895598809,-0.12069885895598809,0.12069885895598809,0.12069885895598809,0.12069885895598809
T_plus_10pct,1.1,1870.0,,gen=33_member=5597_pso,50,9167.62,20.425457360000003,9167.62,20.425457360000003,0.993719,7.606280999999999,9167.61535240611,20.42544700516081,9167.61535240611,20.42544700516081,44451.51535240611,99.03797620516082,327,86,lpr:total_combined:bdpl,1.081283681016589,7.518716318983411,0.9937193119614058,7.606280688038594,0.08756436905518306,-0.08756436905518328,0.08756436905518306,0.08756436905518328,0.08756436905518328
T_plus_10pct,1.1,1870.0,,gen=35_member=5926_pso,50,12907.8,28.7585784,12907.8,28.7585784,1.60584,6.99416,12907.758626244162,28.75848621927199,12907.758626244162,28.75848621927199,48191.65862624416,107.371015419272,327,86,lpr:total_combined:bdpl,1.7262450789839665,6.873754921016033,1.6058441235180438,6.994155876481956,0.12040095546592267,-0.12040095546592244,0.12040095546592267,0.12040095546592244,0.12040095546592244
T_plus_10pct,1.1,1870.0,,gen=42_member=7147_pso,50,16510.5,36.785394,16510.5,36.785394,4.12536,4.47464,16510.539615080983,36.78548226240043,16510.539615080983,36.78548226240043,51794.43961508098,115.39801146240043,327,86,lpr:total_combined:bdpl,4.340539195482938,4.259460804517062,4.125357521076862,4.474642478923138,0.21518167440607616,-0.21518167440607616,0.21518167440607616,0.21518167440607616,0.21518167440607616
T_plus_10pct,1.1,1870.0,,gen=47_member=7992_pso,50,16742.9,37.3031812,16742.9,37.3031812,4.41535,4.18465,16742.901021820653,37.30318347661641,16742.901021820653,37.30318347661641,52026.801021820655,115.91571267661642,327,86,lpr:total_combined:bdpl,4.638109797726311,3.961890202273689,4.415352874721832,4.184647125278167,0.22275692300447858,-0.22275692300447858,0.22275692300447858,0.22275692300447858,0.22275692300447858
T_plus_10pct,1.1,1870.0,,gen=44_member=7479_pso,50,13342.5,29.72709,13342.5,29.72709,1.7727,6.827299999999999,13342.45643112823,29.726992928553692,13342.45643112823,29.726992928553692,48626.35643112823,108.3395221285537,327,86,lpr:total_combined:bdpl,1.9014667548635449,6.698533245136455,1.7727044994457113,6.827295500554288,0.1287622554178336,-0.1287622554178327,0.1287622554178336,0.1287622554178327,0.1287622554178327
T_plus_10pct,1.1,1870.0,,gen=46_member=7840_pso,50,12494.8,27.8384144,12494.8,27.8384144,1.46259,7.137409999999999,12494.774325072109,27.838357196260656,12494.774325072109,27.838357196260656,47778.67432507211,106.45088639626066,327,86,lpr:total_combined:bdpl,1.576034361873074,7.023965638126926,1.4625932530033692,7.13740674699663,0.11344110886970493,-0.11344110886970427,0.11344110886970493,0.11344110886970427,0.11344110886970427
T_plus_10pct,1.1,1870.0,,gen=36_member=6076_pso,50,16639.0,37.071692,16639.0,37.071692,4.31441,4.28559,16638.98292029259,37.07165394641189,16638.98292029259,37.07165394641189,51922.88292029259,115.6841831464119,327,86,lpr:total_combined:bdpl,4.53473388392143,4.065266116078569,4.314408249931125,4.285591750068875,0.22032563399030547,-0.22032563399030547,0.22032563399030547,0.22032563399030547,0.22032563399030547
T_plus_10pct,1.1,1870.0,,gen=39_member=6576_pso,50,11030.9,24.5768452,11030.9,24.5768452,1.21064,7.38936,11030.877123997438,24.57679423226629,11030.877123997438,24.57679423226629,46314.77712399744,103.18932343226628,327,86,lpr:total_combined:bdpl,1.3130026884511123,7.286997311548887,1.2106413178735036,7.389358682126496,0.10236137057760875,-0.10236137057760963,0.10236137057760875,0.10236137057760963,0.10236137057760963
T_plus_10pct,1.1,1870.0,,gen=46_member=7833_pso,50,13587.9,30.2738412,13587.9,30.2738412,1.83739,6.76261,13587.891582341546,30.273822445456965,13587.891582341546,30.273822445456965,48871.791582341546,108.88635164545695,327,86,lpr:total_combined:bdpl,1.9688751055307503,6.631124894469249,1.837394816219615,6.762605183780384,0.1314802893111353,-0.13148028931113576,0.1314802893111353,0.13148028931113576,0.13148028931113576
T_plus_10pct,1.1,1870.0,,gen=36_member=6039_pso,50,15366.6,34.2367848,15366.6,34.2367848,2.88658,5.713419999999999,15366.588834231065,34.236759922666806,15366.588834231065,34.236759922666806,50650.488834231066,112.84928912266682,327,86,lpr:total_combined:bdpl,3.0620066899383485,5.537993310061651,2.8865790925389523,5.713420907461048,0.17542759739939617,-0.17542759739939662,0.17542759739939617,0.17542759739939662,0.17542759739939662
T_plus_10pct,1.1,1870.0,,gen=45_member=7630_pso,50,9099.38,20.27341864,9099.38,20.27341864,0.964314,7.635686,9099.382966194604,20.273425248681576,9099.382966194604,20.273425248681576,44383.2829661946,98.88595444868156,327,86,lpr:total_combined:bdpl,1.0529584642583178,7.547041535741682,0.9643142048409978,7.635685795159002,0.08864425941732001,-0.08864425941732001,0.08864425941732001,0.08864425941732001,0.08864425941732001
T_plus_10pct,1.1,1870.0,,gen=41_member=7002_pso,50,14118.5,31.456018,14118.5,31.456018,2.09323,6.50677,14118.496438410091,31.456010064777686,14118.496438410091,31.456010064777686,49402.3964384101,110.0685392647777,327,86,lpr:total_combined:bdpl,2.235463244461177,6.364536755538823,2.0932333142827297,6.50676668571727,0.1422299301784471,-0.14222993017844754,0.1422299301784471,0.14222993017844754,0.14222993017844754
T_plus_10pct,1.1,1870.0,,gen=44_member=7416_pso,50,10116.5,22.539562,10116.5,22.539562,1.03735,7.56265,10116.468954449134,22.53949283051267,10116.468954449134,22.53949283051267,45400.368954449135,101.15202203051268,327,86,lpr:total_combined:bdpl,1.132861035915078,7.4671389640849215,1.0373456001592622,7.562654399840738,0.09551543575581567,-0.09551543575581611,0.09551543575581567,0.09551543575581611,0.09551543575581611
T_plus_10pct,1.1,1870.0,,gen=48_member=8130_pso,50,13598.1,30.2965668,13598.1,30.2965668,1.8663,6.7337,13598.135306696122,30.29664546331896,13598.135306696122,30.29664546331896,48882.035306696125,108.90917466331896,327,86,lpr:total_combined:bdpl,1.998528209806711,6.601471790193289,1.8663016796690663,6.733698320330934,0.13222653013764463,-0.13222653013764507,0.13222653013764463,0.13222653013764507,0.13222653013764507
T_plus_10pct,1.1,1870.0,,gen=42_member=7150_pso,50,10331.4,23.0183592,10331.4,23.0183592,1.08725,7.51275,10331.394060382165,23.018345966531463,10331.394060382165,23.018345966531463,45615.29406038216,101.63087516653144,327,86,lpr:total_combined:bdpl,1.1814508216673802,7.418549178332619,1.087248915729321,7.512751084270679,0.09420190593805922,-0.09420190593805966,0.09420190593805922,0.09420190593805966,0.09420190593805966
T_plus_10pct,1.1,1870.0,,gen=46_member=7861_pso,50,16417.4,36.5779672,16417.4,36.5779672,4.0076,4.5924,16417.395088623984,36.57795625745423,16417.395088623984,36.57795625745423,51701.29508862399,115.19048545745424,327,86,lpr:total_combined:bdpl,4.219471495006004,4.380528504993996,4.007601081757205,4.592398918242795,0.21187041324879896,-0.21187041324879896,0.21187041324879896,0.21187041324879896,0.21187041324879896
T_plus_10pct,1.1,1870.0,,gen=47_member=8013_pso,50,10857.2,24.1898416,10857.2,24.1898416,1.14776,7.45224,10857.21987356665,24.18988587830649,10857.21987356665,24.18988587830649,46141.11987356664,102.80241507830648,327,86,lpr:total_combined:bdpl,1.2482974926922688,7.351702507307731,1.147762321088277,7.452237678911723,0.10053517160399172,-0.10053517160399128,0.10053517160399172,0.10053517160399128,0.10053517160399128
T_plus_10pct,1.1,1870.0,,gen=34_member=5833_pso,50,16631.7,37.0554276,16631.7,37.0554276,4.29346,4.30654,16631.71757138718,37.05546674905064,16631.71757138718,37.05546674905064,51915.61757138718,115.66799594905063,327,86,lpr:total_combined:bdpl,4.512668793659158,4.087331206340842,4.293456493397734,4.3065435066022655,0.21921230026142347,-0.21921230026142347,0.21921230026142347,0.21921230026142347,0.21921230026142347
T_plus_10pct,1.1,1870.0,,gen=29_member=4835_pso,50,13986.9,31.1628132,13986.9,31.1628132,2.02499,6.57501,13986.934975559145,31.16289112554577,13986.934975559145,31.16289112554577,49270.83497555914,109.77542032554577,327,86,lpr:total_combined:bdpl,2.1651364309500165,6.434863569049983,2.024985639976596,6.575014360023404,0.14015079097342031,-0.1401507909734212,0.14015079097342031,0.1401507909734212,0.1401507909734212
T_plus_10pct,1.1,1870.0,,gen=43_member=7309_pso,50,12730.0,28.36244,12730.0,28.36244,1.53641,7.06359,12729.974511114962,28.362383210764136,12729.974511114962,28.362383210764136,48013.87451111496,106.97491241076412,327,86,lpr:total_combined:bdpl,1.65366692037746,6.94633307962254,1.5364104025504484,7.063589597449552,0.11725651782701174,-0.11725651782701263,0.11725651782701174,0.11725651782701263,0.11725651782701263
T_plus_10pct,1.1,1870.0,,gen=42_member=7162_pso,50,15379.6,34.2657488,15379.6,34.2657488,2.92099,5.67901,15379.57539657168,34.265693983561704,15379.57539657168,34.265693983561704,50663.47539657169,112.87822318356172,327,86,lpr:total_combined:bdpl,3.0970910316627807,5.502908968337219,2.9209899539452198,5.67901004605478,0.1761010777175609,-0.17610107771756134,0.1761010777175609,0.17610107771756134,0.17610107771756134
T_plus_10pct,1.1,1870.0,,gen=43_member=7394_pso,50,13330.1,29.6994628,13330.1,29.6994628,1.74092,6.85908,13330.062566207302,29.69937939750987,13330.062566207302,29.69937939750987,48613.96256620731,108.31190859750988,327,86,lpr:total_combined:bdpl,1.867987872246454,6.732012127753546,1.7409232462479096,6.85907675375209,0.1270646259985444,-0.1270646259985444,0.1270646259985444,0.1270646259985444,0.1270646259985444
T_plus_10pct,1.1,1870.0,,gen=47_member=7994_pso,50,12436.2,27.7078536,12436.2,27.7078536,1.42551,7.17449,12436.24831050038,27.707961235794844,12436.24831050038,27.707961235794844,47720.14831050039,106.32049043579484,327,86,lpr:total_combined:bdpl,1.5375819347384736,7.062418065261526,1.4255099966871652,7.174490003312835,0.11207193805130844,-0.11207193805130888,0.11207193805130844,0.11207193805130888,0.11207193805130888
T_plus_10pct,1.1,1870.0,,gen=48_member=8212_pso,50,11449.2,25.5088176,11449.2,25.5088176,1.2664,7.3336,11449.242432093595,25.50891213870453,11449.242432093595,25.50891213870453,46733.14243209359,104.12144133870451,327,86,lpr:total_combined:bdpl,1.3721310054331597,7.22786899456684,1.266398238769936,7.333601761230064,0.10573276666322373,-0.10573276666322329,0.10573276666322373,0.10573276666322329,0.10573276666322329
T_plus_10pct,1.1,1870.0,,gen=34_member=5718_pso,50,8625.66,19.21797048,8625.66,19.21797048,0.92753,7.67247,8625.662075736527,19.217975104740983,8625.662075736527,19.217975104740983,43909.562075736525,97.83050430474096,327,86,lpr:total_combined:bdpl,1.0071861796836832,7.592813820316317,0.9275296888087196,7.672470311191279,0.07965649087496363,-0.07965649087496196,0.07965649087496363,0.07965649087496196,0.07965649087496196
T_plus_10pct,1.1,1870.0,,gen=40_member=6749_pso,50,14377.8,32.0337384,14377.8,32.0337384,2.22633,6.37367,14377.837728554165,32.03382245921868,14377.837728554165,32.03382245921868,49661.73772855416,110.64635165921868,327,86,lpr:total_combined:bdpl,2.374405948078845,6.225594051921155,2.226329000439628,6.373670999560371,0.14807694763921697,-0.14807694763921653,0.14807694763921697,0.14807694763921653,0.14807694763921653
T_plus_10pct,1.1,1870.0,,gen=45_member=7712_pso,50,14346.7,31.9644476,14346.7,31.9644476,2.20694,6.39306,14346.687350816374,31.96441941761888,14346.687350816374,31.96441941761888,49630.58735081638,110.57694861761888,327,86,lpr:total_combined:bdpl,2.354078992847432,6.245921007152568,2.206943643436204,6.393056356563795,0.14713534941122797,-0.14713534941122663,0.14713534941122797,0.14713534941122663,0.14713534941122663
T_plus_10pct,1.1,1870.0,,gen=49_member=8286_pso,50,14311.4,31.8857992,14311.4,31.8857992,2.18552,6.414479999999999,14311.376485293918,31.88574680923485,14311.376485293918,31.88574680923485,49595.27648529392,110.49827600923484,327,86,lpr:total_combined:bdpl,2.332024516454565,6.267975483545435,2.1855188028063663,6.414481197193633,0.14650571364819864,-0.14650571364819864,0.14650571364819864,0.14650571364819864,0.14650571364819864
T_plus_10pct,1.1,1870.0,,gen=47_member=7987_pso,50,14514.3,32.3378604,14514.3,32.3378604,2.30822,6.291779999999999,14514.340355287972,32.3379503115816,14514.340355287972,32.3379503115816,49798.240355287984,110.95047951158162,327,86,lpr:total_combined:bdpl,2.4590755837200224,6.140924416279978,2.308223392273641,6.291776607726359,0.1508521914463814,-0.15085219144638096,0.1508521914463814,0.15085219144638096,0.15085219144638096
T_plus_10pct,1.1,1870.0,,gen=42_member=7104_pso,50,16665.4,37.1305112,16665.4,37.1305112,4.35228,4.247719999999999,16665.416399962523,37.1305477391165,16665.416399962523,37.1305477391165,51949.316399962525,115.7430769391165,327,86,lpr:total_combined:bdpl,4.573387261522356,4.026612738477644,4.352276475860758,4.247723524139242,0.22111078566159836,-0.22111078566159836,0.22111078566159836,0.22111078566159836,0.22111078566159836
T_plus_10pct,1.1,1870.0,,gen=44_member=7536_pso,50,10532.7,23.4668556,10532.7,23.4668556,1.11985,7.48015,10532.695635614367,23.46684587614881,10532.695635614367,23.46684587614881,45816.595635614365,102.0793750761488,327,86,lpr:total_combined:bdpl,1.216706122135813,7.383293877864187,1.119851808944549,7.48014819105545,0.09685431319126403,-0.09685431319126359,0.09685431319126403,0.09685431319126359,0.09685431319126359
T_plus_10pct,1.1,1870.0,,gen=38_member=6480_pso,50,14096.6,31.4072248,14096.6,31.4072248,2.07448,6.52552,14096.558826721668,31.40713306593588,14096.558826721668,31.40713306593588,49380.45882672166,110.01966226593586,327,86,lpr:total_combined:bdpl,2.2179720215851546,6.382027978414845,2.0744810502582167,6.525518949741783,0.1434909713269379,-0.1434909713269379,0.1434909713269379,0.1434909713269379,0.1434909713269379
T_plus_10pct,1.1,1870.0,,gen=43_member=7269_pso,50,16532.0,36.833296,16532.0,36.833296,4.14372,4.45628,16532.04655021134,36.83339971387087,16532.04655021134,36.83339971387087,51815.94655021134,115.44592891387086,327,86,lpr:total_combined:bdpl,4.359318751036592,4.240681248963408,4.14371619026555,4.456283809734449,0.21560256077104167,-0.21560256077104167,0.21560256077104167,0.21560256077104167,0.21560256077104167
T_plus_10pct,1.1,1870.0,,gen=35_member=5948_pso,50,16640.0,37.07392,16640.0,37.07392,4.33924,4.260759999999999,16639.96688179718,37.07384621264411,16639.96688179718,37.07384621264411,51923.86688179718,115.68637541264413,327,86,lpr:total_combined:bdpl,4.560008733109047,4.039991266890953,4.339241874247068,4.260758125752932,0.2207668588619791,-0.2207668588619791,0.2207668588619791,0.2207668588619791,0.2207668588619791
T_plus_10pct,1.1,1870.0,,gen=29_member=4871_pso,50,8008.75,17.843495,8008.75,17.843495,0.881544,7.718456,8008.750981927178,17.843497187733753,8008.750981927178,17.843497187733753,43292.65098192718,96.45602638773376,327,86,lpr:total_combined:bdpl,0.9592699227184776,7.640730077281522,0.8815436349096046,7.718456365090395,0.07772628780887292,-0.07772628780887292,0.07772628780887292,0.07772628780887292,0.07772628780887292
T_plus_10pct,1.1,1870.0,,gen=36_member=6031_pso,50,14065.7,31.3383796,14065.7,31.3383796,2.05415,6.54585,14065.705021342765,31.338390787551678,14065.705021342765,31.338390787551678,49349.605021342766,109.95091998755169,327,86,lpr:total_combined:bdpl,2.1961378139465246,6.403862186053475,2.054152766640796,6.545847233359204,0.1419850473057287,-0.14198504730572914,0.1419850473057287,0.14198504730572914,0.14198504730572914
T_plus_10pct,1.1,1870.0,,gen=39_member=6689_pso,50,13203.1,29.4165068,13203.1,29.4165068,1.67871,6.92129,13203.060227037016,29.416418185838467,13203.060227037016,29.416418185838467,48486.96022703701,108.02894738583844,327,86,lpr:total_combined:bdpl,1.8026856963616449,6.7973143036383545,1.6787094998114656,6.921290500188534,0.12397619655017933,-0.12397619655017955,0.12397619655017933,0.12397619655017955,0.12397619655017955
T_plus_10pct,1.1,1870.0,,gen=46_member=7811_pso,50,13845.6,30.8479968,13845.6,30.8479968,1.95962,6.64038,13845.605065443777,30.84800808580873,13845.605065443777,30.84800808580873,49129.50506544377,109.46053728580873,327,86,lpr:total_combined:bdpl,2.0968552281107886,6.503144771889211,1.9596188640199477,6.640381135980052,0.13723636409084095,-0.13723636409084072,0.13723636409084095,0.13723636409084072,0.13723636409084072
T_plus_10pct,1.1,1870.0,,gen=36_member=6150_pso,50,13245.2,29.5103056,13245.2,29.5103056,1.71536,6.884639999999999,13245.184447487673,29.51027094900253,13245.184447487673,29.51027094900253,48529.08444748768,108.12280014900254,327,86,lpr:total_combined:bdpl,1.841135216200185,6.758864783799814,1.715362470532215,6.884637529467785,0.12577274566797003,-0.12577274566797048,0.12577274566797003,0.12577274566797048,0.12577274566797048
T_plus_10pct,1.1,1870.0,,gen=28_member=4698_pso,50,8808.14,19.62453592,8808.14,19.62453592,0.948853,7.651147,8808.139466235341,19.62453473077234,8808.139466235341,19.62453473077234,44092.03946623534,98.23706393077234,327,86,lpr:total_combined:bdpl,1.0349016633714827,7.565098336628517,0.9488534751048376,7.651146524895162,0.08604818826664506,-0.08604818826664484,0.08604818826664506,0.08604818826664484,0.08604818826664484
T_plus_10pct,1.1,1870.0,,gen=45_member=7580_pso,50,13204.6,29.4198488,13204.6,29.4198488,1.6928,6.9072,13204.56632136084,29.41977376399195,13204.56632136084,29.41977376399195,48488.46632136084,108.03230296399194,327,86,lpr:total_combined:bdpl,1.8172218242411031,6.782778175758897,1.692796757945654,6.907203242054345,0.12442506629544914,-0.1244250662954487,0.12442506629544914,0.1244250662954487,0.1244250662954487
T_plus_10pct,1.1,1870.0,,gen=37_member=6318_pso,50,16318.9,36.3585092,16318.9,36.3585092,3.89263,4.707369999999999,16318.897656289148,36.35850397821222,16318.897656289148,36.35850397821222,51602.79765628914,114.9710331782122,327,86,lpr:total_combined:bdpl,4.099471217326115,4.500528782673885,3.8926304214774334,4.707369578522565,0.2068407958486813,-0.20684079584867998,0.2068407958486813,0.20684079584867998,0.20684079584867998
T_plus_10pct,1.1,1870.0,,gen=39_member=6634_pso,50,16717.5,37.24659,16717.5,37.24659,4.3792,4.2208,16717.491001829752,37.24656995207669,16717.491001829752,37.24656995207669,52001.39100182976,115.8590991520767,327,86,lpr:total_combined:bdpl,4.601092365117752,3.998907634882247,4.379201393789328,4.220798606210672,0.22189097132842406,-0.22189097132842495,0.22189097132842406,0.22189097132842495,0.22189097132842495
T_plus_10pct,1.1,1870.0,,gen=46_member=7788_pso,50,14602.0,32.533256,14602.0,32.533256,2.35444,6.245559999999999,14601.962573339591,32.533172613400616,14601.962573339591,32.533172613400616,49885.86257333959,111.1457018134006,327,86,lpr:total_combined:bdpl,2.507996487886236,6.092003512113763,2.354441589637516,6.245558410362484,0.15355489824872004,-0.15355489824872137,0.15355489824872004,0.15355489824872137,0.15355489824872137
T_plus_10pct,1.1,1870.0,,gen=46_member=7881_pso,50,12205.1,27.1929628,12205.1,27.1929628,1.37653,7.22347,12205.05494399434,27.192862415219388,12205.05494399434,27.192862415219388,47488.95494399434,105.80539161521938,327,86,lpr:total_combined:bdpl,1.488981990684549,7.111018009315451,1.376534935137965,7.223465064862035,0.11244705554658396,-0.11244705554658374,0.11244705554658396,0.11244705554658374,0.11244705554658374
T_plus_10pct,1.1,1870.0,,gen=27_member=4566_pso,50,15351.3,34.2026964,15351.3,34.2026964,2.87573,5.72427,15351.282202197252,34.20265674649548,15351.282202197252,34.20265674649548,50635.18220219726,112.8151859464955,327,86,lpr:total_combined:bdpl,3.052587589370628,5.547412410629372,2.87572560211735,5.72427439788265,0.17686198725327795,-0.17686198725327795,0.17686198725327795,0.17686198725327795,0.17686198725327795
T_plus_10pct,1.1,1870.0,,gen=39_member=6698_pso,50,15045.0,33.52026,15045.0,33.52026,2.6497,5.9503,15044.951065128147,33.52015097310551,15044.951065128147,33.52015097310551,50328.85106512816,112.13268017310553,327,86,lpr:total_combined:bdpl,2.815349616414017,5.784650383585982,2.6497013934446474,5.950298606555352,0.16564822296936965,-0.1656482229693701,0.16564822296936965,0.1656482229693701,0.1656482229693701
T_plus_10pct,1.1,1870.0,,gen=41_member=6986_pso,50,16053.7,35.7676436,16053.7,35.7676436,3.58673,5.01327,16053.70357045494,35.767651554973604,16053.70357045494,35.767651554973604,51337.60357045494,114.3801807549736,327,86,lpr:total_combined:bdpl,3.7879199941955344,4.812080005804465,3.586730385344672,5.013269614655328,0.20118960885086246,-0.20118960885086246,0.20118960885086246,0.20118960885086246,0.20118960885086246
T_plus_10pct,1.1,1870.0,,gen=41_member=6973_pso,50,15780.7,35.1593996,15780.7,35.1593996,3.28388,5.31612,15780.734547738595,35.15947657236159,15780.734547738595,35.15947657236159,51064.63454773859,113.77200577236158,327,86,lpr:total_combined:bdpl,3.476257895024991,5.123742104975008,3.283884959892168,5.316115040107832,0.19237293513282294,-0.19237293513282339,0.19237293513282294,0.19237293513282339,0.19237293513282339
T_plus_10pct,1.1,1870.0,,gen=27_member=4568_pso,50,14613.4,32.5586552,14613.4,32.5586552,2.37042,6.22958,14613.413220266508,32.558684654753776,14613.413220266508,32.558684654753776,49897.31322026651,111.17121385475376,327,86,lpr:total_combined:bdpl,2.523592941967392,6.076407058032608,2.370423148131909,6.2295768518680905,0.1531697938354828,-0.1531697938354828,0.1531697938354828,0.1531697938354828,0.1531697938354828
T_plus_10pct,1.1,1870.0,,gen=37_member=6357_pso,50,14643.5,32.625718,14643.5,32.625718,2.3887,6.2113,14643.504761078875,32.62572860768373,14643.504761078875,32.62572860768373,49927.40476107888,111.23825780768374,327,86,lpr:total_combined:bdpl,2.5438570369359472,6.056142963064053,2.388702197214058,6.211297802785942,0.15515483972188937,-0.15515483972188893,0.15515483972188937,0.15515483972188893,0.15515483972188893
T_plus_10pct,1.1,1870.0,,gen=47_member=8006_pso,50,16499.7,36.7613316,16499.7,36.7613316,4.09604,4.503959999999999,16499.734213834963,36.761407828424296,16499.734213834963,36.761407828424296,51783.63421383497,115.37393702842432,327,86,lpr:total_combined:bdpl,4.308346286771453,4.291653713228547,4.096041808260816,4.503958191739184,0.21230447851063694,-0.21230447851063783,0.21230447851063694,0.21230447851063783,0.21230447851063783
T_plus_10pct,1.1,1870.0,,gen=41_member=6898_pso,50,14133.5,31.489438,14133.5,31.489438,2.11934,6.48066,14133.504426913009,31.489447863162184,14133.504426913009,31.489447863162184,49417.40442691301,110.10197706316218,327,86,lpr:total_combined:bdpl,2.263776151389061,6.336223848610938,2.119335855423188,6.480664144576812,0.14444029596587304,-0.1444402959658735,0.14444029596587304,0.1444402959658735,0.1444402959658735
T_plus_10pct,1.1,1870.0,,gen=39_member=6668_pso,50,15230.3,33.933108399999995,15230.3,33.933108399999995,2.77099,5.82901,15230.26519153545,33.933030846740984,15230.26519153545,33.933030846740984,50514.16519153546,112.545560046741,327,86,lpr:total_combined:bdpl,2.9418278838057894,5.65817211619421,2.7709912319006165,5.829008768099383,0.17083665190517294,-0.17083665190517294,0.17083665190517294,0.17083665190517294,0.17083665190517294
T_plus_10pct,1.1,1870.0,,gen=48_member=8200_pso,50,15660.1,34.8907028,15660.1,34.8907028,3.16725,5.43275,15660.146236410965,34.89080581472363,15660.146236410965,34.89080581472363,50944.04623641097,113.50333501472365,327,86,lpr:total_combined:bdpl,3.355104884071235,5.244895115928765,3.1672458805732453,5.432754119426754,0.1878590034979899,-0.187859003497989,0.1878590034979899,0.187859003497989,0.187859003497989
T_plus_10pct,1.1,1870.0,,gen=32_member=5452_pso,50,15640.7,34.8474796,15640.7,34.8474796,3.14182,5.45818,15640.722863580324,34.84753054005696,15640.722863580324,34.84753054005696,50924.62286358033,113.46005974005696,327,86,lpr:total_combined:bdpl,3.32795799664502,5.272042003354979,3.141817552171591,5.458182447828408,0.1861404444734287,-0.1861404444734287,0.1861404444734287,0.1861404444734287,0.1861404444734287
T_plus_10pct,1.1,1870.0,,gen=44_member=7522_pso,50,14884.7,33.1631116,14884.7,33.1631116,2.53937,6.06063,14884.701819910384,33.16311565476033,14884.701819910384,33.16311565476033,50168.60181991039,111.77564485476032,327,86,lpr:total_combined:bdpl,2.699997351785523,5.9000026482144765,2.539368247581174,6.060631752418826,0.16062910420434928,-0.16062910420434928,0.16062910420434928,0.16062910420434928,0.16062910420434928
T_plus_10pct,1.1,1870.0,,gen=45_member=7699_pso,50,11522.2,25.6714616,11522.2,25.6714616,1.28466,7.31534,11522.20136864902,25.671464649350018,11522.20136864902,25.671464649350018,46806.10136864903,104.28399384935004,327,86,lpr:total_combined:bdpl,1.3888883501472684,7.2111116498527315,1.2846600959013812,7.315339904098618,0.10422825424588722,-0.10422825424588655,0.10422825424588722,0.10422825424588655,0.10422825424588655
T_plus_10pct,1.1,1870.0,,gen=38_member=6478_pso,50,15834.2,35.2785976,15834.2,35.2785976,3.35376,5.24624,15834.191680400949,35.27857906393331,15834.191680400949,35.27857906393331,51118.09168040095,113.8911082639333,327,86,lpr:total_combined:bdpl,3.548522002625723,5.051477997374277,3.3537617018742854,5.246238298125714,0.19476030075143758,-0.19476030075143758,0.19476030075143758,0.19476030075143758,0.19476030075143758
T_plus_10pct,1.1,1870.0,,gen=48_member=8105_pso,50,16406.1,36.5527908,16406.1,36.5527908,3.9902,4.6098,16406.073055909445,36.55273076856624,16406.073055909445,36.55273076856624,51689.97305590944,115.16525996856625,327,86,lpr:total_combined:bdpl,4.200185517743725,4.399814482256275,3.9901981205782486,4.609801879421751,0.209987397165476,-0.20998739716547554,0.209987397165476,0.20998739716547554,0.20998739716547554
T_plus_10pct,1.1,1870.0,,gen=47_member=7995_pso,50,16381.3,36.4975364,16381.3,36.4975364,3.97511,4.62489,16381.259627355992,36.49744644974915,16381.259627355992,36.49744644974915,51665.159627356,115.10997564974916,327,86,lpr:total_combined:bdpl,4.186994933114359,4.41300506688564,3.975106482748441,4.624893517251559,0.2118884503659184,-0.21188845036591886,0.2118884503659184,0.21188845036591886,0.21188845036591886
T_plus_10pct,1.1,1870.0,,gen=38_member=6507_pso,50,16267.1,36.2430988,16267.1,36.2430988,3.82686,4.77314,16267.088099218125,36.243072285057984,16267.088099218125,36.243072285057984,51550.98809921813,114.855601485058,327,86,lpr:total_combined:bdpl,4.032277979078907,4.567722020921092,3.826857056498032,4.773142943501968,0.2054209225808754,-0.20542092258087585,0.2054209225808754,0.20542092258087585,0.20542092258087585
T_plus_10pct,1.1,1870.0,,gen=47_member=8017_pso,50,11819.3,26.3334004,11819.3,26.3334004,1.31111,7.288889999999999,11819.264501780224,26.33332130996634,11819.264501780224,26.33332130996634,47103.16450178022,104.94585050996632,327,86,lpr:total_combined:bdpl,1.4188647090919648,7.181135290908035,1.3111126222085394,7.28888737779146,0.10775208688342541,-0.10775208688342541,0.10775208688342541,0.10775208688342541,0.10775208688342541
T_plus_10pct,1.1,1870.0,,gen=28_member=4806_pso,50,16308.5,36.335338,16308.5,36.335338,3.87574,4.724259999999999,16308.51123183826,36.335363024535646,16308.51123183826,36.335363024535646,51592.41123183826,114.94789222453564,327,86,lpr:total_combined:bdpl,4.082153325230767,4.517846674769233,3.87573591840834,4.7242640815916594,0.20641740682242649,-0.20641740682242649,0.20641740682242649,0.20641740682242649,0.20641740682242649
T_plus_10pct,1.1,1870.0,,gen=33_member=5559_pso,50,14427.3,32.1440244,14427.3,32.1440244,2.27771,6.32229,14427.319973690128,32.1440689013816,14427.319973690128,32.1440689013816,49711.21997369013,110.7565981013816,327,86,lpr:total_combined:bdpl,2.4288380552083795,6.171161944791621,2.27770616129014,6.322293838709859,0.15113189391823934,-0.15113189391823845,0.15113189391823934,0.15113189391823845,0.15113189391823845
T_plus_10pct,1.1,1870.0,,gen=28_member=4728_pso,50,11249.5,25.063886,11249.5,25.063886,1.21593,7.384069999999999,11249.486499062945,25.063855919912235,11249.486499062945,25.063855919912235,46533.38649906294,103.67638511991224,327,86,lpr:total_combined:bdpl,1.3194407313600782,7.280559268639921,1.215931183468382,7.3840688165316175,0.10350954789169631,-0.10350954789169631,0.10350954789169631,0.10350954789169631,0.10350954789169631
T_plus_10pct,1.1,1870.0,,gen=30_member=4999_pso,50,15254.9,33.9879172,15254.9,33.9879172,2.78942,5.81058,15254.91262255548,33.98794532305361,15254.91262255548,33.98794532305361,50538.81262255549,112.60047452305362,327,86,lpr:total_combined:bdpl,2.96313521379439,5.63686478620561,2.7894244899895115,5.810575510010488,0.1737107238048785,-0.17371072380487806,0.1737107238048785,0.17371072380487806,0.17371072380487806
T_plus_10pct,1.1,1870.0,,gen=47_member=7949_pso,50,13944.8,31.0690144,13944.8,31.0690144,1.99378,6.60622,13944.77940294954,31.06896850977157,13944.77940294954,31.06896850977157,49228.67940294954,109.68149770977158,327,86,lpr:total_combined:bdpl,2.1326788063018176,6.467321193698182,1.9937752885784716,6.606224711421528,0.13890351772334597,-0.13890351772334597,0.13890351772334597,0.13890351772334597,0.13890351772334597
T_plus_10pct,1.1,1870.0,,gen=37_member=6216_pso,50,15601.9,34.7610332,15601.9,34.7610332,3.104,5.496,15601.936976690433,34.76111558406628,15601.936976690433,34.76111558406628,50885.83697669044,113.37364478406629,327,86,lpr:total_combined:bdpl,3.2877928193273696,5.31220718067263,3.1039998368234114,5.496000163176588,0.18379298250395815,-0.1837929825039586,0.18379298250395815,0.1837929825039586,0.1837929825039586
T_plus_10pct,1.1,1870.0,,gen=35_member=5892_pso,50,15092.0,33.624976,15092.0,33.624976,2.6693,5.9307,15092.015105478502,33.6250096550061,15092.015105478502,33.6250096550061,50375.9151054785,112.23753885500612,327,86,lpr:total_combined:bdpl,2.835862560640029,5.7641374393599705,2.669301284000799,5.930698715999201,0.16656127663923037,-0.16656127663923037,0.16656127663923037,0.16656127663923037,0.16656127663923037
T_plus_10pct,1.1,1870.0,,gen=47_member=7933_pso,50,11893.9,26.4996092,11893.9,26.4996092,1.3367,7.263299999999999,11893.882263459564,26.49956968298791,11893.882263459564,26.49956968298791,47177.782263459565,105.11209888298792,327,86,lpr:total_combined:bdpl,1.4453385765453055,7.154661423454694,1.336698211855586,7.263301788144414,0.1086403646897196,-0.1086403646897196,0.1086403646897196,0.1086403646897196,0.1086403646897196
T_plus_10pct,1.1,1870.0,,gen=42_member=7127_pso,50,14893.7,33.1831636,14893.7,33.1831636,2.56094,6.039059999999999,14893.657379778431,33.183068642146345,14893.657379778431,33.183068642146345,50177.55737977844,111.79559784214636,327,86,lpr:total_combined:bdpl,2.7227273662266382,5.877272633773361,2.5609438201383607,6.039056179861639,0.1617835460882775,-0.1617835460882775,0.1617835460882775,0.1617835460882775,0.1617835460882775
T_plus_10pct,1.1,1870.0,,gen=46_member=7815_pso,50,13559.1,30.2096748,13559.1,30.2096748,1.82093,6.77907,13559.066630856349,30.209600453547942,13559.066630856349,30.209600453547942,48842.96663085636,108.82212965354798,327,86,lpr:total_combined:bdpl,1.9514291089015157,6.648570891098484,1.8209316870333607,6.779068312966639,0.13049742186815494,-0.13049742186815472,0.13049742186815494,0.13049742186815472,0.13049742186815472
T_plus_10pct,1.1,1870.0,,gen=41_member=6988_pso,50,12538.2,27.9351096,12538.2,27.9351096,1.48478,7.11522,12538.193064579598,27.935094147883344,12538.193064579598,27.935094147883344,47822.0930645796,106.54762334788336,327,86,lpr:total_combined:bdpl,1.6010034302772522,6.998996569722747,1.4847806569614803,7.115219343038519,0.11622277331577191,-0.11622277331577191,0.11622277331577191,0.11622277331577191,0.11622277331577191
T_plus_10pct,1.1,1870.0,,gen=39_member=6630_pso,50,14491.3,32.2866164,14491.3,32.2866164,2.28023,6.31977,14491.328524086412,32.28667995166453,14491.328524086412,32.28667995166453,49775.228524086415,110.89920915166454,327,86,lpr:total_combined:bdpl,2.429445773635037,6.170554226364962,2.280231493565503,6.319768506434497,0.1492142800695344,-0.1492142800695344,0.1492142800695344,0.1492142800695344,0.1492142800695344
T_plus_10pct,1.1,1870.0,,gen=46_member=7750_pso,50,14971.9,33.3573932,14971.9,33.3573932,2.61481,5.985189999999999,14971.891033752743,33.35737322320111,14971.891033752743,33.35737322320111,50255.79103375274,111.9699024232011,327,86,lpr:total_combined:bdpl,2.781259068919521,5.818740931080479,2.6148133674398326,5.985186632560167,0.1664457014796885,-0.16644570147968718,0.1664457014796885,0.16644570147968718,0.16644570147968718
T_plus_10pct,1.1,1870.0,,gen=47_member=8066_pso,50,16223.2,36.1452896,16223.2,36.1452896,3.76811,4.83189,16223.187875550122,36.14526258672567,16223.187875550122,36.14526258672567,51507.087875550125,114.75779178672568,327,86,lpr:total_combined:bdpl,3.972186941975936,4.627813058024064,3.7681126270390246,4.831887372960975,0.20407431493691153,-0.20407431493691064,0.20407431493691153,0.20407431493691064,0.20407431493691064
T_plus_10pct,1.1,1870.0,,gen=49_member=8375_pso,50,14818.0,33.014504,14818.0,33.014504,2.48535,6.114649999999999,14817.964371820362,33.01442462041577,14817.964371820362,33.01442462041577,50101.86437182037,111.62695382041578,327,86,lpr:total_combined:bdpl,2.6436446932582216,5.956355306741778,2.4853491554079423,6.114650844592058,0.15829553785027928,-0.15829553785027972,0.15829553785027928,0.15829553785027972,0.15829553785027972
T_plus_10pct,1.1,1870.0,,gen=48_member=8129_pso,50,16442.3,36.6334444,16442.3,36.6334444,4.0627,4.537299999999999,16442.340169660216,36.63353389800296,16442.340169660216,36.63353389800296,51726.24016966022,115.24606309800296,327,86,lpr:total_combined:bdpl,4.274064676568392,4.325935323431608,4.06270361545497,4.53729638454503,0.211361061113422,-0.211361061113422,0.211361061113422,0.211361061113422,0.211361061113422
T_plus_10pct,1.1,1870.0,,gen=39_member=6585_pso,50,15611.7,34.7828676,15611.7,34.7828676,3.109,5.491,15611.724318029006,34.78292178056862,15611.724318029006,34.78292178056862,50895.62431802901,113.3954509805686,327,86,lpr:total_combined:bdpl,3.292618078501648,5.307381921498352,3.109000659648074,5.490999340351926,0.18361741885357397,-0.18361741885357397,0.18361741885357397,0.18361741885357397,0.18361741885357397
T_plus_10pct,1.1,1870.0,,gen=47_member=8011_pso,50,15763.6,35.1213008,15763.6,35.1213008,3.26403,5.33597,15763.568134403567,35.12122980345115,15763.568134403567,35.12122980345115,51047.46813440356,113.73375900345114,327,86,lpr:total_combined:bdpl,3.4551851269472897,5.1448148730527095,3.2640326550202103,5.335967344979789,0.1911524719270794,-0.1911524719270794,0.1911524719270794,0.1911524719270794,0.1911524719270794
T_plus_10pct,1.1,1870.0,,gen=40_member=6726_pso,50,14022.7,31.2425756,14022.7,31.2425756,2.03707,6.56293,14022.673945080707,31.242517549639818,14022.673945080707,31.242517549639818,49306.57394508072,109.85504674963984,327,86,lpr:total_combined:bdpl,2.1779883801768336,6.422011619823167,2.037067297747835,6.562932702252165,0.1409210824289988,-0.14092108242899748,0.1409210824289988,0.14092108242899748,0.14092108242899748
T_plus_10pct,1.1,1870.0,,gen=44_member=7543_pso,50,15793.1,35.1870268,15793.1,35.1870268,3.29833,5.30167,15793.113093985892,35.18705597340057,15793.113093985892,35.18705597340057,51077.01309398589,113.79958517340056,327,86,lpr:total_combined:bdpl,3.491100983185292,5.108899016814707,3.298334361468742,5.301665638531258,0.19276662171655,-0.1927666217165509,0.19276662171655,0.1927666217165509,0.1927666217165509
T_plus_10pct,1.1,1870.0,,gen=43_member=7287_pso,50,15101.7,33.646587600000004,15101.7,33.646587600000004,2.68124,5.91876,15101.690014577973,33.64656535247972,15101.690014577973,33.64656535247972,50385.59001457797,112.25909455247972,327,86,lpr:total_combined:bdpl,2.848126540512904,5.751873459487095,2.6812389897553146,5.918761010244685,0.16688755075758932,-0.16688755075758976,0.16688755075758932,0.16688755075758976,0.16688755075758976
T_plus_10pct,1.1,1870.0,,gen=41_member=6982_pso,50,16283.1,36.2787468,16283.1,36.2787468,3.84028,4.75972,16283.064981478175,36.278668778733376,16283.064981478175,36.278668778733376,51566.96498147818,114.8911979787334,327,86,lpr:total_combined:bdpl,4.046870047457526,4.5531299525424735,3.840282054968746,4.759717945031253,0.2065879924887799,-0.20658799248877902,0.2065879924887799,0.20658799248877902,0.20658799248877902
T_plus_10pct,1.1,1870.0,,gen=33_member=5577_pso,50,15260.9,34.0012852,15260.9,34.0012852,2.80281,5.79719,15260.94157016557,34.00137781832889,15260.94157016557,34.00137781832889,50544.841570165576,112.6139070183289,327,86,lpr:total_combined:bdpl,2.9784849669740585,5.621515033025942,2.802809316052238,5.797190683947761,0.17567565092182047,-0.17567565092181958,0.17567565092182047,0.17567565092181958,0.17567565092181958
T_plus_10pct,1.1,1870.0,,gen=48_member=8183_pso,50,15577.1,34.7057788,15577.1,34.7057788,3.0773,5.5227,15577.141847863264,34.70587203703935,15577.141847863264,34.70587203703935,50861.041847863264,113.31840123703935,327,86,lpr:total_combined:bdpl,3.259258794967166,5.340741205032834,3.077297589094499,5.5227024109055005,0.18196120587266673,-0.18196120587266673,0.18196120587266673,0.18196120587266673,0.18196120587266673
T_plus_10pct,1.1,1870.0,,gen=48_member=8234_pso,50,10674.1,23.7818948,10674.1,23.7818948,1.1268,7.473199999999999,10674.119116177168,23.781937390842728,10674.119116177168,23.781937390842728,45958.019116177165,102.39446659084273,327,86,lpr:total_combined:bdpl,1.2238502075174336,7.3761497924825665,1.1267995679231435,7.473200432076856,0.09705063959429006,-0.09705063959428983,0.09705063959429006,0.09705063959428983,0.09705063959428983
T_plus_10pct,1.1,1870.0,,gen=42_member=7080_pso,50,15807.1,35.2182188,15807.1,35.2182188,3.313,5.286999999999999,15807.088577057604,35.21819334968434,15807.088577057604,35.21819334968434,51090.9885770576,113.83072254968432,327,86,lpr:total_combined:bdpl,3.5062949870101305,5.093705012989869,3.312997349575764,5.287002650424236,0.19329763743436645,-0.1932976374343669,0.19329763743436645,0.1932976374343669,0.1932976374343669
T_plus_10pct,1.1,1870.0,,gen=47_member=8007_pso,50,15320.8,34.1347424,15320.8,34.1347424,2.85212,5.747879999999999,15320.782276947786,34.13470291303967,15320.782276947786,34.13470291303967,50604.68227694779,112.74723211303969,327,86,lpr:total_combined:bdpl,3.029911612034647,5.570088387965352,2.8521192952616707,5.7478807047383285,0.17779231677297647,-0.17779231677297602,0.17779231677297647,0.17779231677297602,0.17779231677297602
T_plus_10pct,1.1,1870.0,,gen=35_member=5961_pso,50,16551.7,36.8771876,16551.7,36.8771876,4.16397,4.43603,16551.734490675884,36.87726444522587,16551.734490675884,36.87726444522587,51835.63449067588,115.48979364522586,327,86,lpr:total_combined:bdpl,4.378849525537866,4.221150474462133,4.163974337028345,4.436025662971654,0.21487518850952103,-0.21487518850952103,0.21487518850952103,0.21487518850952103,0.21487518850952103
T_plus_10pct,1.1,1870.0,,gen=31_member=5281_pso,50,14863.4,33.1156552,14863.4,33.1156552,2.52766,6.07234,14863.418734835775,33.11569694121411,14863.418734835775,33.11569694121411,50147.31873483578,111.72822614121412,327,86,lpr:total_combined:bdpl,2.68794948985756,5.912050510142439,2.527655550535176,6.072344449464824,0.16029393932238412,-0.16029393932238456,0.16029393932238412,0.16029393932238456,0.16029393932238456
T_plus_10pct,1.1,1870.0,,gen=44_member=7417_pso,50,12585.3,28.0400484,12585.3,28.0400484,1.50233,7.09767,12585.311013544637,28.04007293817745,12585.311013544637,28.04007293817745,47869.21101354464,106.65260213817746,327,86,lpr:total_combined:bdpl,1.618378889469246,6.981621110530754,1.5023341028356043,7.097665897164395,0.1160447866336416,-0.11604478663364137,0.1160447866336416,0.11604478663364137,0.11604478663364137
T_plus_10pct,1.1,1870.0,,gen=32_member=5429_pso,50,16254.3,36.2145804,16254.3,36.2145804,3.8078,4.792199999999999,16254.307690857053,36.21459753522952,16254.307690857053,36.21459753522952,51538.20769085706,114.82712673522953,327,86,lpr:total_combined:bdpl,4.013391599297271,4.586608400702729,3.807797140389488,4.792202859610511,0.20559445890778294,-0.2055944589077825,0.20559445890778294,0.2055944589077825,0.2055944589077825
T_plus_10pct,1.1,1870.0,,gen=37_member=6347_pso,50,16006.7,35.6629276,16006.7,35.6629276,3.52921,5.07079,16006.74941480162,35.66303769617801,16006.74941480162,35.66303769617801,51290.64941480162,114.275566896178,327,86,lpr:total_combined:bdpl,3.728406480635373,4.871593519364627,3.5292051773858613,5.070794822614138,0.19920130324951169,-0.19920130324951124,0.19920130324951169,0.19920130324951124,0.19920130324951124
T_plus_10pct,1.1,1870.0,,gen=42_member=7094_pso,50,14687.6,32.7239728,14687.6,32.7239728,2.40462,6.19538,14687.596248986823,32.72396444274264,14687.596248986823,32.72396444274264,49971.49624898683,111.33649364274264,327,86,lpr:total_combined:bdpl,2.559257955795194,6.040742044204805,2.404624081507928,6.195375918492072,0.15463387428726616,-0.15463387428726705,0.15463387428726616,0.15463387428726705,0.15463387428726705
T_plus_10pct,1.1,1870.0,,gen=45_member=7577_pso,50,14967.9,33.348481199999995,14967.9,33.348481199999995,2.59343,6.00657,14967.943504616956,33.348578128286576,14967.943504616956,33.348578128286576,50251.84350461696,111.96110732828656,327,86,lpr:total_combined:bdpl,2.7564995677647257,5.843500432235274,2.593432230219679,6.006567769780321,0.16306733754504688,-0.16306733754504688,0.16306733754504688,0.16306733754504688,0.16306733754504688
T_plus_10pct,1.1,1870.0,,gen=38_member=6402_pso,50,13694.7,30.5117916,13694.7,30.5117916,1.8927,6.7073,13694.73076532031,30.51186014513365,13694.73076532031,30.51186014513365,48978.63076532031,109.12438934513364,327,86,lpr:total_combined:bdpl,2.026934039407768,6.573065960592231,1.8927029265017543,6.707297073498245,0.13423111290601364,-0.13423111290601408,0.13423111290601364,0.13423111290601408,0.13423111290601408
T_plus_10pct,1.1,1870.0,,gen=31_member=5196_pso,50,16676.0,37.154128,16676.0,37.154128,4.37901,4.22099,16675.958849814047,37.154036317385696,16675.958849814047,37.154036317385696,51959.858849814045,115.76656551738569,327,86,lpr:total_combined:bdpl,4.600428125792511,3.999571874207489,4.3790099839992,4.220990016000799,0.22141814179331032,-0.22141814179331032,0.22141814179331032,0.22141814179331032,0.22141814179331032
T_plus_10pct,1.1,1870.0,,gen=41_member=6995_pso,50,14837.6,33.0581728,14837.6,33.0581728,2.50823,6.09177,14837.570726495327,33.05810757863159,14837.570726495327,33.05810757863159,50121.47072649533,111.6706367786316,327,86,lpr:total_combined:bdpl,2.6674723107191225,5.932527689280877,2.5082290688344937,6.091770931165506,0.1592432418846288,-0.1592432418846288,0.1592432418846288,0.1592432418846288,0.1592432418846288
T_plus_10pct,1.1,1870.0,,gen=39_member=6611_pso,50,16111.4,35.8961992,16111.4,35.8961992,3.66312,4.93688,16111.415109359916,35.89623286365389,16111.415109359916,35.89623286365389,51395.31510935992,114.5087620636539,327,86,lpr:total_combined:bdpl,3.864386441427299,4.735613558572701,3.663118269814579,4.936881730185421,0.20126817161271982,-0.20126817161272026,0.20126817161271982,0.20126817161272026,0.20126817161272026
T_plus_10pct,1.1,1870.0,,gen=49_member=8310_pso,50,13661.0,30.436708,13661.0,30.436708,1.88142,6.718579999999999,13661.02759812645,30.43676948862573,13661.02759812645,30.43676948862573,48944.92759812645,109.04929868862573,327,86,lpr:total_combined:bdpl,2.0157081344947634,6.584291865505236,1.8814224001312525,6.718577599868747,0.13428573436351088,-0.13428573436351154,0.13428573436351088,0.13428573436351154,0.13428573436351154
T_plus_10pct,1.1,1870.0,,gen=41_member=6917_pso,50,13780.4,30.7027312,13780.4,30.7027312,1.93448,6.66552,13780.37222911001,30.7026693264571,13780.37222911001,30.7026693264571,49064.27222911001,109.3151985264571,327,86,lpr:total_combined:bdpl,2.0703266065930963,6.529673393406903,1.9344802970633983,6.665519702936601,0.135846309529698,-0.13584630952969778,0.135846309529698,0.13584630952969778,0.13584630952969778
T_plus_10pct,1.1,1870.0,,gen=42_member=7156_pso,50,13739.0,30.610492,13739.0,30.610492,1.91823,6.681769999999999,13739.00839690562,30.610510708305725,13739.00839690562,30.610510708305725,49022.90839690562,109.22303990830572,327,86,lpr:total_combined:bdpl,2.0536593925696724,6.546340607430327,1.9182267449739132,6.681773255026086,0.13543264759575924,-0.13543264759575901,0.13543264759575924,0.13543264759575901,0.13543264759575901
T_plus_10pct,1.1,1870.0,,gen=29_member=4898_pso,50,16125.3,35.9271684,16125.3,35.9271684,3.68037,4.91963,16125.301559230968,35.92717187396659,16125.301559230968,35.92717187396659,51409.20155923097,114.5397010739666,327,86,lpr:total_combined:bdpl,3.885655815941774,4.714344184058225,3.680374002125098,4.919625997874902,0.2052818138166761,-0.20528181381667654,0.2052818138166761,0.20528181381667654,0.20528181381667654
T_plus_10pct,1.1,1870.0,,gen=47_member=7961_pso,50,14730.0,32.81844,14730.0,32.81844,2.42627,6.173729999999999,14730.012146888746,32.81846706326812,14730.012146888746,32.81846706326812,50013.912146888746,111.43099626326811,327,86,lpr:total_combined:bdpl,2.582177925260652,6.017822074739348,2.4262709560882163,6.173729043911783,0.15590696917243552,-0.15590696917243552,0.15590696917243552,0.15590696917243552,0.15590696917243552
T_plus_10pct,1.1,1870.0,,gen=31_member=5213_pso,50,15428.5,34.374698,15428.5,34.374698,2.94698,5.65302,15428.455961253789,34.37459988167344,15428.455961253789,34.37459988167344,50712.355961253794,112.98712908167344,327,86,lpr:total_combined:bdpl,3.123205537782923,5.476794462217077,2.9469766581836145,5.653023341816385,0.17622887959930855,-0.1762288795993081,0.17622887959930855,0.1762288795993081,0.1762288795993081
T_plus_10pct,1.1,1870.0,,gen=33_member=5529_pso,50,8227.03,18.32982284,8227.03,18.32982284,0.902294,7.697705999999999,8227.030860635094,18.32982475749499,8227.030860635094,18.32982475749499,43510.93086063509,96.94235395749496,327,86,lpr:total_combined:bdpl,0.981903883321766,7.618096116678234,0.9022937938185508,7.697706206181449,0.07961008950321524,-0.07961008950321524,0.07961008950321524,0.07961008950321524,0.07961008950321524
T_plus_10pct,1.1,1870.0,,gen=41_member=6902_pso,50,13298.2,29.6283896,13298.2,29.6283896,1.72975,6.87025,13298.183781588385,29.628353465378915,13298.183781588385,29.628353465378915,48582.08378158839,108.24088266537892,327,86,lpr:total_combined:bdpl,1.8563416970548237,6.743658302945176,1.7297505883192237,6.870249411680776,0.12659110873559998,-0.12659110873559953,0.12659110873559998,0.12659110873559953,0.12659110873559953
T_plus_10pct,1.1,1870.0,,gen=43_member=7373_pso,50,13719.4,30.5668232,13719.4,30.5668232,1.90841,6.69159,13719.442299345395,30.566917442941545,13719.442299345395,30.566917442941545,49003.3422993454,109.17944664294156,327,86,lpr:total_combined:bdpl,2.043472360297512,6.556527639702487,1.908406212310852,6.691593787689148,0.13506614798665972,-0.1350661479866604,0.13506614798665972,0.1350661479866604,0.1350661479866604
T_plus_10pct,1.1,1870.0,,gen=43_member=7354_pso,50,16322.1,36.3656388,16322.1,36.3656388,3.91205,4.68795,16322.064352041016,36.365559376347385,16322.064352041016,36.365559376347385,51605.96435204102,114.9780885763474,327,86,lpr:total_combined:bdpl,4.120177563435808,4.479822436564191,3.912045083841329,4.68795491615867,0.20813247959447922,-0.20813247959447878,0.20813247959447922,0.20813247959447878,0.20813247959447878
T_plus_10pct,1.1,1870.0,,gen=48_member=8255_pso,50,8389.62,18.69207336,8389.62,18.69207336,0.907206,7.692793999999999,8389.62313027835,18.692080334260165,8389.62313027835,18.692080334260165,43673.52313027835,97.30460953426017,327,86,lpr:total_combined:bdpl,0.987402863271786,7.612597136728214,0.9072063929299552,7.692793607070044,0.08019647034183075,-0.0801964703418303,0.08019647034183075,0.0801964703418303,0.0801964703418303
T_plus_10pct,1.1,1870.0,,gen=38_member=6443_pso,50,14215.1,31.6712428,14215.1,31.6712428,2.14746,6.452539999999999,14215.060461212095,31.67115470758055,14215.060461212095,31.67115470758055,49498.96046121209,110.28368390758054,327,86,lpr:total_combined:bdpl,2.292143999778681,6.307856000221319,2.1474636576256336,6.452536342374366,0.14468034215304737,-0.14468034215304648,0.14468034215304737,0.14468034215304648,0.14468034215304648
T_plus_10pct,1.1,1870.0,,gen=47_member=7988_pso,50,13810.5,30.769794,13810.5,30.769794,1.94462,6.655379999999999,13810.50045206574,30.769795007202468,13810.50045206574,30.769795007202468,49094.40045206575,109.38232420720249,327,86,lpr:total_combined:bdpl,2.081236556597301,6.518763443402698,1.9446224455793009,6.655377554420699,0.13661411101799992,-0.1366141110180008,0.13661411101799992,0.1366141110180008,0.1366141110180008
T_plus_10pct,1.1,1870.0,,gen=37_member=6360_pso,50,12592.5,28.05609,12592.5,28.05609,1.51193,7.08807,12592.465798778729,28.056013799679008,12592.465798778729,28.056013799679008,47876.36579877873,106.668542999679,327,86,lpr:total_combined:bdpl,1.6297066830592362,6.970293316940763,1.5119307530994452,7.088069246900554,0.11777592995979091,-0.11777592995979091,0.11777592995979091,0.11777592995979091,0.11777592995979091
T_plus_10pct,1.1,1870.0,,gen=48_member=8171_pso,50,15706.5,34.994082,15706.5,34.994082,3.20978,5.390219999999999,15706.47949553654,34.99403631605541,15706.47949553654,34.99403631605541,50990.37949553655,113.60656551605544,327,86,lpr:total_combined:bdpl,3.399217298661425,5.200782701338574,3.2097832134087616,5.390216786591238,0.18943408525266348,-0.18943408525266392,0.18943408525266348,0.18943408525266392,0.18943408525266392
T_plus_10pct,1.1,1870.0,,gen=45_member=7732_pso,50,12671.5,28.232102,12671.5,28.232102,1.52704,7.07296,12671.53123722108,28.232171596528566,12671.53123722108,28.232171596528566,47955.43123722109,106.84470079652856,327,86,lpr:total_combined:bdpl,1.6439238316893492,6.95607616831065,1.5270430343618209,7.072956965638179,0.11688079732752832,-0.11688079732752854,0.11688079732752832,0.11688079732752854,0.11688079732752854
T_plus_10pct,1.1,1870.0,,gen=35_member=5956_pso,50,15295.1,34.0774828,15295.1,34.0774828,2.82984,5.77016,15295.06529382526,34.07740547464268,15295.06529382526,34.07740547464268,50578.96529382527,112.6899346746427,327,86,lpr:total_combined:bdpl,3.0074924355533392,5.59250756444666,2.8298424505292394,5.77015754947076,0.1776499850240998,-0.17764998502409934,0.1776499850240998,0.17764998502409934,0.17764998502409934
T_plus_10pct,1.1,1870.0,,gen=45_member=7623_pso,50,12059.2,26.867897600000003,12059.2,26.867897600000003,1.35875,7.24125,12059.195071560269,26.86788661943628,12059.195071560269,26.86788661943628,47343.09507156027,105.48041581943627,327,86,lpr:total_combined:bdpl,1.4696549797600942,7.130345020239906,1.3587454728667916,7.241254527133208,0.11090950689330259,-0.11090950689330192,0.11090950689330259,0.11090950689330192,0.11090950689330192
T_plus_10pct,1.1,1870.0,,gen=34_member=5765_pso,50,13879.4,30.9233032,13879.4,30.9233032,1.98173,6.61827,13879.43726821899,30.92338623359191,13879.43726821899,30.92338623359191,49163.33726821899,109.5359154335919,327,86,lpr:total_combined:bdpl,2.1197982576837613,6.480201742316238,1.9817261402621529,6.618273859737847,0.1380721174216084,-0.13807211742160952,0.1380721174216084,0.13807211742160952,0.13807211742160952
T_plus_10pct,1.1,1870.0,,gen=38_member=6501_pso,50,14540.6,32.3964568,14540.6,32.3964568,2.32041,6.27959,14540.551853986875,32.396349530682755,14540.551853986875,32.396349530682755,49824.45185398688,111.00887873068277,327,86,lpr:total_combined:bdpl,2.472078959781234,6.127921040218766,2.3204104251195217,6.279589574880478,0.15166853466171215,-0.15166853466171215,0.15166853466171215,0.15166853466171215,0.15166853466171215
T_plus_10pct,1.1,1870.0,,gen=48_member=8203_pso,50,14566.4,32.4539392,14566.4,32.4539392,2.33521,6.26479,14566.356046952307,32.453841272609736,14566.356046952307,32.453841272609736,49850.25604695231,111.06637047260976,327,86,lpr:total_combined:bdpl,2.487207490402141,6.112792509597859,2.335212797343845,6.264787202656155,0.15199469305829583,-0.15199469305829627,0.15199469305829583,0.15199469305829627,0.15199469305829627
T_plus_10pct,1.1,1870.0,,gen=47_member=7974_pso,50,15728.2,35.0424296,15728.2,35.0424296,3.23167,5.36833,15728.172715565946,35.04236881028093,15728.172715565946,35.04236881028093,51012.07271556595,113.65489801028092,327,86,lpr:total_combined:bdpl,3.422161221893125,5.177838778106874,3.231672181574875,5.368327818425125,0.19048904031825042,-0.19048904031825042,0.19048904031825042,0.19048904031825042,0.19048904031825042
T_plus_10pct,1.1,1870.0,,gen=42_member=7123_pso,50,15438.4,34.3967552,15438.4,34.3967552,2.95964,5.640359999999999,15438.39547542165,34.396745119239434,15438.39547542165,34.396745119239434,50722.29547542165,113.00927431923942,327,86,lpr:total_combined:bdpl,3.1349145798447333,5.465085420155266,2.959639070757825,5.640360929242174,0.17527550908690825,-0.1752755090869078,0.17527550908690825,0.1752755090869078,0.1752755090869078
T_plus_10pct,1.1,1870.0,,gen=30_member=5110_pso,50,16335.4,36.3952712,16335.4,36.3952712,3.93251,4.667489999999999,16335.435090930769,36.39534938259375,16335.435090930769,36.39534938259375,51619.33509093076,115.00787858259372,327,86,lpr:total_combined:bdpl,4.140662650216525,4.459337349783475,3.932509378217297,4.667490621782703,0.20815327199922784,-0.20815327199922784,0.20815327199922784,0.20815327199922784,0.20815327199922784
T_plus_10pct,1.1,1870.0,,gen=40_member=6879_pso,50,15945.0,35.52546,15945.0,35.52546,3.47595,5.12405,15945.00810072188,35.52547804840835,15945.00810072188,35.52547804840835,51228.908100721885,114.13800724840836,327,86,lpr:total_combined:bdpl,3.674987431366579,4.92501256863342,3.475950463907369,5.124049536092631,0.19903696745921007,-0.19903696745921096,0.19903696745921007,0.19903696745921096,0.19903696745921096
T_plus_10pct,1.1,1870.0,,gen=31_member=5217_pso,50,16361.0,36.452308,16361.0,36.452308,3.94088,4.65912,16360.980598554985,36.4522647735805,16360.980598554985,36.4522647735805,51644.88059855498,115.0647939735805,327,86,lpr:total_combined:bdpl,4.150959865930021,4.449040134069978,3.940880276296,4.659119723704,0.2100795896340215,-0.21007958963402196,0.2100795896340215,0.21007958963402196,0.21007958963402196
T_plus_10pct,1.1,1870.0,,gen=42_member=7215_pso,50,15674.4,34.9225632,15674.4,34.9225632,3.17583,5.42417,15674.387627786611,34.92253563470857,15674.387627786611,34.92253563470857,50958.287627786616,113.53506483470858,327,86,lpr:total_combined:bdpl,3.3630948152537083,5.236905184746291,3.175829157195778,5.424170842804221,0.18726565805793038,-0.18726565805792994,0.18726565805793038,0.18726565805792994,0.18726565805792994
T_plus_10pct,1.1,1870.0,,gen=37_member=6211_pso,50,9271.3,20.6564564,9271.3,20.6564564,1.01369,7.586309999999999,9271.299509893095,20.656455308041814,9271.299509893095,20.656455308041814,44555.19950989309,99.2689845080418,327,86,lpr:total_combined:bdpl,1.1014216060684652,7.498578393931535,1.0136914070123024,7.586308592987697,0.08773019905616275,-0.0877301990561623,0.08773019905616275,0.0877301990561623,0.0877301990561623
T_plus_10pct,1.1,1870.0,,gen=40_member=6803_pso,50,15180.6,33.8223768,15180.6,33.8223768,2.72359,5.87641,15180.574960862325,33.822321012801254,15180.574960862325,33.822321012801254,50464.47496086232,112.43485021280124,327,86,lpr:total_combined:bdpl,2.892555892064573,5.707444107935427,2.723594315576165,5.876405684423834,0.16896157648840804,-0.1689615764884076,0.16896157648840804,0.1689615764884076,0.1689615764884076
T_plus_10pct,1.1,1870.0,,gen=30_member=5155_pso,50,15314.6,34.1209288,15314.6,34.1209288,2.84803,5.75197,15314.6091366603,34.12094915647915,15314.6091366603,34.12094915647915,50598.5091366603,112.73347835647915,327,86,lpr:total_combined:bdpl,3.020336735009117,5.579663264990883,2.848031611013018,5.751968388986981,0.17230512399609887,-0.17230512399609843,0.17230512399609887,0.17230512399609843,0.17230512399609843
T_plus_10pct,1.1,1870.0,,gen=32_member=5405_pso,50,12507.4,27.8664872,12507.4,27.8664872,1.47179,7.128209999999999,12507.42212895277,27.86653650330677,12507.42212895277,27.86653650330677,47791.32212895277,106.47906570330676,327,86,lpr:total_combined:bdpl,1.588298906738444,7.011701093261555,1.4717926599847913,7.128207340015209,0.11650624675365284,-0.11650624675365329,0.11650624675365284,0.11650624675365329,0.11650624675365329
T_plus_10pct,1.1,1870.0,,gen=37_member=6224_pso,50,15818.8,35.2442864,15818.8,35.2442864,3.32624,5.273759999999999,15818.827113865758,35.24434680969291,15818.827113865758,35.24434680969291,51102.72711386576,113.85687600969293,327,86,lpr:total_combined:bdpl,3.5200437424620787,5.079956257537921,3.326237167132866,5.273762832867133,0.19380657532921264,-0.1938065753292122,0.19380657532921264,0.1938065753292122,0.1938065753292122
T_plus_10pct,1.1,1870.0,,gen=36_member=6188_pso,50,11914.3,26.5450604,11914.3,26.5450604,1.34227,7.25773,11914.28950736434,26.54503702240775,11914.28950736434,26.54503702240775,47198.18950736434,105.15756622240777,327,86,lpr:total_combined:bdpl,1.4502755104986482,7.149724489501351,1.342270068175498,7.257729931824501,0.10800544232315024,-0.10800544232315001,0.10800544232315024,0.10800544232315001,0.10800544232315001
T_plus_10pct,1.1,1870.0,,gen=44_member=7508_pso,50,15723.0,35.030844,15723.0,35.030844,3.22133,5.37867,15722.957329140569,35.030748929325185,15722.957329140569,35.030748929325185,51006.85732914056,113.64327812932515,327,86,lpr:total_combined:bdpl,3.411290098404144,5.188709901595855,3.2213251018364017,5.378674898163598,0.18996499656774235,-0.1899649965677428,0.18996499656774235,0.1899649965677428,0.1899649965677428
T_plus_10pct,1.1,1870.0,,gen=48_member=8233_pso,50,15563.9,34.6763692,15563.9,34.6763692,3.06245,5.53755,15563.920118825235,34.67641402474263,15563.920118825235,34.67641402474263,50847.82011882524,113.28894322474264,327,86,lpr:total_combined:bdpl,3.24379136493989,5.35620863506011,3.0624463998642413,5.537553600135759,0.1813449650756489,-0.1813449650756489,0.1813449650756489,0.1813449650756489,0.1813449650756489
T_plus_10pct,1.1,1870.0,,gen=27_member=4602_pso,50,14153.5,31.533998,14153.5,31.533998,2.12737,6.47263,14153.52923220408,31.534063129350688,14153.52923220408,31.534063129350688,49437.429232204086,110.1465923293507,327,86,lpr:total_combined:bdpl,2.272757351211385,6.327242648788614,2.1273719794302,6.4726280205698,0.1453853717811846,-0.14538537178118638,0.1453853717811846,0.14538537178118638,0.14538537178118638
T_plus_10pct,1.1,1870.0,,gen=34_member=5714_pso,50,15839.1,35.2895148,15839.1,35.2895148,3.37452,5.225479999999999,15839.05868600859,35.289422752427136,15839.05868600859,35.289422752427136,51122.9586860086,113.90195195242715,327,86,lpr:total_combined:bdpl,3.5618513097268845,5.038148690273115,3.3745240137867936,5.225475986213207,0.1873272959400909,-0.18732729594009268,0.1873272959400909,0.18732729594009268,0.18732729594009268
T_plus_10pct,1.1,1870.0,,gen=33_member=5592_pso,50,14769.2,32.9057776,14769.2,32.9057776,2.46009,6.13991,14769.21506929919,32.90581117439859,14769.21506929919,32.90581117439859,50053.1150692992,111.5183403743986,327,86,lpr:total_combined:bdpl,2.6171609703000818,5.982839029699917,2.4600901846108965,6.139909815389103,0.1570707856891853,-0.15707078568918575,0.1570707856891853,0.15707078568918575,0.15707078568918575
T_plus_10pct,1.1,1870.0,,gen=46_member=7897_pso,50,15556.6,34.6601048,15556.6,34.6601048,3.05438,5.54562,15556.55957351658,34.66001472979494,15556.55957351658,34.66001472979494,50840.459573516586,113.27254392979496,327,86,lpr:total_combined:bdpl,3.2345214290966333,5.365478570903367,3.054383085197773,5.545616914802227,0.1801383438988604,-0.18013834389885997,0.1801383438988604,0.18013834389885997,0.18013834389885997
T_plus_10pct,1.1,1870.0,,gen=44_member=7516_pso,50,16207.0,36.109196,16207.0,36.109196,3.75377,4.84623,16206.968278414042,36.10912532430648,16206.968278414042,36.10912532430648,51490.86827841404,114.72165452430647,327,86,lpr:total_combined:bdpl,3.9573077049911114,4.642692295008889,3.753768229615384,4.846231770384616,0.20353947537572736,-0.20353947537572736,0.20353947537572736,0.20353947537572736,0.20353947537572736
T_plus_10pct,1.1,1870.0,,gen=47_member=8023_pso,50,16192.0,36.075776,16192.0,36.075776,3.73629,4.863709999999999,16191.9604560465,36.0756878960716,16191.9604560465,36.0756878960716,51475.86045604651,114.68821709607164,327,86,lpr:total_combined:bdpl,3.939221567054484,4.660778432945516,3.736287275768742,4.863712724231258,0.20293429128574214,-0.20293429128574125,0.20293429128574214,0.20293429128574125,0.20293429128574125
T_plus_10pct,1.1,1870.0,,gen=43_member=7367_pso,50,16098.1,35.8665668,16098.1,35.8665668,3.64645,4.95355,16098.09628701876,35.86655852747779,16098.09628701876,35.86655852747779,51381.99628701876,114.4790877274778,327,86,lpr:total_combined:bdpl,3.849331059500959,4.7506689404990405,3.646452731121315,4.953547268878685,0.20287832837964404,-0.20287832837964448,0.20287832837964404,0.20287832837964448,0.20287832837964448
T_plus_10pct,1.1,1870.0,,gen=41_member=6969_pso,50,15266.6,34.0139848,15266.6,34.0139848,2.81773,5.78227,15266.646813624207,34.01408910075473,15266.646813624207,34.01408910075473,50550.54681362421,112.62661830075474,327,86,lpr:total_combined:bdpl,2.9947430843093303,5.605256915690669,2.817733638390992,5.782266361609008,0.17700944591833823,-0.17700944591833956,0.17700944591833823,0.17700944591833956,0.17700944591833956
T_plus_10pct,1.1,1870.0,,gen=34_member=5825_pso,50,9733.98,21.68730744,9733.98,21.68730744,1.03166,7.568339999999999,9733.975659993355,21.6872977704652,9733.975659993355,21.6872977704652,45017.87565999336,100.2998269704652,327,86,lpr:total_combined:bdpl,1.122611113824527,7.477388886175473,1.031660987734052,7.568339012265948,0.09095012609047504,-0.09095012609047526,0.09095012609047504,0.09095012609047526,0.09095012609047526
T_plus_10pct,1.1,1870.0,,gen=40_member=6799_pso,50,15687.9,34.952641199999995,15687.9,34.952641199999995,3.18988,5.410119999999999,15687.949699705105,34.952751930942966,15687.949699705105,34.952751930942966,50971.849699705104,113.56528113094296,327,86,lpr:total_combined:bdpl,3.3784155004428804,5.221584499557119,3.189877173659776,5.410122826340224,0.18853832678310445,-0.1885383267831049,0.18853832678310445,0.1885383267831049,0.1885383267831049
T_plus_10pct,1.1,1870.0,,gen=36_member=6120_pso,50,16139.2,35.9581376,16139.2,35.9581376,3.68918,4.910819999999999,16139.15162866115,35.95802982865704,16139.15162866115,35.95802982865704,51423.05162866115,114.57055902865704,327,86,lpr:total_combined:bdpl,3.890807110327029,4.709192889672972,3.6891823362554974,4.910817663744501,0.20162477407153157,-0.20162477407152934,0.20162477407153157,0.20162477407152934,0.20162477407152934
T_plus_10pct,1.1,1870.0,,gen=43_member=7295_pso,50,15941.1,35.5167708,15941.1,35.5167708,3.46262,5.13738,15941.14383063602,35.51686845465705,15941.14383063602,35.51686845465705,51225.043830636016,114.12939765465704,327,86,lpr:total_combined:bdpl,3.6588730802628016,4.941126919737197,3.462616051819169,5.137383948180831,0.19625702844363246,-0.19625702844363424,0.19625702844363246,0.19625702844363424,0.19625702844363424
T_plus_10pct,1.1,1870.0,,gen=37_member=6202_pso,50,13359.8,29.7656344,13359.8,29.7656344,1.7877,6.8123,13359.772239052654,29.765572548609317,13359.772239052654,29.765572548609317,48643.672239052656,108.37810174860932,327,86,lpr:total_combined:bdpl,1.9167567047262064,6.683243295273793,1.7876984758523486,6.812301524147651,0.12905822887385776,-0.1290582288738582,0.12905822887385776,0.1290582288738582,0.1290582288738582
T_plus_10pct,1.1,1870.0,,gen=41_member=6991_pso,50,16334.6,36.3934888,16334.6,36.3934888,3.91812,4.68188,16334.551761594965,36.393381324833584,16334.551761594965,36.393381324833584,51618.451761594966,115.00591052483358,327,86,lpr:total_combined:bdpl,4.127878920243605,4.472121079756395,3.918116555580912,4.681883444419088,0.20976236466269294,-0.20976236466269338,0.20976236466269294,0.20976236466269338,0.20976236466269338
T_plus_10pct,1.1,1870.0,,gen=34_member=5786_pso,50,16022.6,35.6983528,16022.6,35.6983528,3.5556,5.0444,16022.646519083562,35.69845644451818,16022.646519083562,35.69845644451818,51306.54651908357,114.31098564451818,327,86,lpr:total_combined:bdpl,3.7560156681036423,4.8439843318963565,3.5555964069787223,5.044403593021277,0.20041926112492003,-0.20041926112492092,0.20041926112492003,0.20041926112492092,0.20041926112492092
T_plus_10pct,1.1,1870.0,,gen=46_member=7820_pso,50,16095.3,35.8603284,16095.3,35.8603284,3.63264,4.967359999999999,16095.32201165358,35.860377441964175,16095.32201165358,35.860377441964175,51379.22201165358,114.47290664196416,327,86,lpr:total_combined:bdpl,3.8339306150889785,4.766069384911021,3.63264191044118,4.96735808955882,0.2012887046477987,-0.2012887046477987,0.2012887046477987,0.2012887046477987,0.2012887046477987
T_plus_10pct,1.1,1870.0,,gen=49_member=8399_pso,50,16091.5,35.851862,16091.5,35.851862,3.62622,4.97378,16091.479461235029,35.85181623963164,16091.479461235029,35.85181623963164,51375.37946123503,114.46434543963164,327,86,lpr:total_combined:bdpl,3.8272802660382177,4.772719733961782,3.626218563359731,4.973781436640269,0.20106170267848666,-0.20106170267848622,0.20106170267848666,0.20106170267848622,0.20106170267848622
T_plus_10pct,1.1,1870.0,,gen=34_member=5808_pso,50,16380.7,36.4961996,16380.7,36.4961996,3.95771,4.642289999999999,16380.652279963431,36.496093279758526,16380.652279963431,36.496093279758526,51664.55227996344,115.10862247975852,327,86,lpr:total_combined:bdpl,4.166209412976966,4.433790587023034,3.957705212678139,4.642294787321861,0.20850420029882688,-0.20850420029882688,0.20850420029882688,0.20850420029882688,0.20850420029882688
T_plus_10pct,1.1,1870.0,,gen=43_member=7329_pso,50,15700.7,34.9811596,15700.7,34.9811596,3.19666,5.40334,15700.69446013128,34.981147257172495,15700.69446013128,34.981147257172495,50984.59446013128,113.59367645717248,327,86,lpr:total_combined:bdpl,3.385516077643368,5.214483922356632,3.196664946537503,5.403335053462497,0.18885113110586493,-0.1888511311058645,0.18885113110586493,0.1888511311058645,0.1888511311058645
T_plus_10pct,1.1,1870.0,,gen=42_member=7088_pso,50,16063.9,35.7903692,16063.9,35.7903692,3.60323,4.99677,16063.94590696711,35.79047148072272,16063.94590696711,35.79047148072272,51347.84590696711,114.40300068072273,327,86,lpr:total_combined:bdpl,3.804266176448024,4.795733823551975,3.603231967757983,4.9967680322420165,0.20103420869004074,-0.20103420869004118,0.20103420869004074,0.20103420869004118,0.20103420869004118
T_plus_10pct,1.1,1870.0,,gen=45_member=7708_pso,50,15196.2,33.8571336,15196.2,33.8571336,2.7429,5.857099999999999,15196.223292022336,33.85718549462576,15196.223292022336,33.85718549462576,50480.12329202234,112.46971469462578,327,86,lpr:total_combined:bdpl,2.9133651014451734,5.686634898554827,2.742898734192789,5.857101265807211,0.1704663672523843,-0.1704663672523843,0.1704663672523843,0.1704663672523843,0.1704663672523843
T_plus_10pct,1.1,1870.0,,gen=32_member=5495_pso,50,11634.8,25.9223344,11634.8,25.9223344,1.29931,7.300689999999999,11634.759046042916,25.92224315458362,11634.759046042916,25.92224315458362,46918.659046042914,104.5347723545836,327,86,lpr:total_combined:bdpl,1.4064795000255506,7.193520499974449,1.2993111659258398,7.30068883407416,0.10716833409971072,-0.10716833409971116,0.10716833409971072,0.10716833409971116,0.10716833409971116
T_plus_10pct,1.1,1870.0,,gen=41_member=6992_pso,50,16079.6,35.8253488,16079.6,35.8253488,3.61253,4.98747,16079.62293321336,35.82539989519937,16079.62293321336,35.82539989519937,51363.52293321336,114.43792909519937,327,86,lpr:total_combined:bdpl,3.8131206490382943,4.786879350961705,3.612529890918069,4.987470109081931,0.2005907581202253,-0.2005907581202262,0.2005907581202253,0.2005907581202262,0.2005907581202262
T_plus_10pct,1.1,1870.0,,gen=44_member=7474_pso,50,15981.4,35.6065592,15981.4,35.6065592,3.50006,5.09994,15981.416535408636,35.60659604089044,15981.416535408636,35.60659604089044,51265.31653540864,114.21912524089043,327,86,lpr:total_combined:bdpl,3.699138890014234,4.900861109985765,3.500060004864631,5.099939995135369,0.19907888514960304,-0.19907888514960348,0.19907888514960304,0.19907888514960348,0.19907888514960348
T_plus_10pct,1.1,1870.0,,gen=38_member=6529_pso,50,15534.6,34.6110888,15534.6,34.6110888,3.04111,5.55889,15534.57635270133,34.611036113818564,15534.57635270133,34.611036113818564,50818.476352701335,113.22356531381855,327,86,lpr:total_combined:bdpl,3.220668544773516,5.379331455226484,3.041111755454159,5.558888244545841,0.1795567893193568,-0.17955678931935726,0.1795567893193568,0.17955678931935726,0.17955678931935726
T_plus_10pct,1.1,1870.0,,gen=38_member=6418_pso,50,15459.2,34.4430976,15459.2,34.4430976,2.97833,5.62167,15459.160825033645,34.44301031817496,15459.160825033645,34.44301031817496,50743.06082503365,113.05553951817495,327,86,lpr:total_combined:bdpl,3.154521294972985,5.445478705027014,2.978329086001256,5.621670913998743,0.17619220897172916,-0.17619220897172916,0.17619220897172916,0.17619220897172916,0.17619220897172916
T_plus_10pct,1.1,1870.0,,gen=42_member=7193_pso,50,15011.5,33.445622,15011.5,33.445622,2.62386,5.976139999999999,15011.474372731976,33.44556490244684,15011.474372731976,33.44556490244684,50295.37437273197,112.05809410244684,327,86,lpr:total_combined:bdpl,2.7886780262029385,5.811321973797061,2.6238571418490007,5.976142858150999,0.16482088435393782,-0.16482088435393827,0.16482088435393782,0.16482088435393827,0.16482088435393827
T_plus_10pct,1.1,1870.0,,gen=40_member=6846_pso,50,14845.6,33.0759968,14845.6,33.0759968,2.5122,6.0878,14845.649143482438,33.07610629167887,14845.649143482438,33.07610629167887,50129.54914348244,111.68863549167888,327,86,lpr:total_combined:bdpl,2.6725918861121407,5.927408113887859,2.5121954424954005,6.087804557504599,0.16039644361674021,-0.16039644361674021,0.16039644361674021,0.16039644361674021,0.16039644361674021
T_plus_10pct,1.1,1870.0,,gen=42_member=7137_pso,50,14272.8,31.7997984,14272.8,31.7997984,2.16651,6.433489999999999,14272.832183750304,31.799870105395676,14272.832183750304,31.799870105395676,49556.732183750304,110.41239930539568,327,86,lpr:total_combined:bdpl,2.312802536790027,6.2871974632099725,2.166508641055657,6.433491358944343,0.14629389573437024,-0.14629389573437024,0.14629389573437024,0.14629389573437024,0.14629389573437024
T_plus_10pct,1.1,1870.0,,gen=41_member=6951_pso,50,14267.6,31.7882128,14267.6,31.7882128,2.16614,6.433859999999999,14267.627328986546,31.788273688982024,14267.627328986546,31.788273688982024,49551.52732898655,110.40080288898204,327,86,lpr:total_combined:bdpl,2.310667570133114,6.289332429866885,2.1661407021590344,6.433859297840965,0.14452686797407965,-0.1445268679740801,0.14452686797407965,0.1445268679740801,0.1445268679740801
T_plus_10pct,1.1,1870.0,,gen=44_member=7514_pso,50,15443.3,34.4076724,15443.3,34.4076724,2.96984,5.63016,15443.33630412965,34.40775328560086,15443.33630412965,34.40775328560086,50727.23630412965,113.02028248560086,327,86,lpr:total_combined:bdpl,3.1466412094475404,5.453358790552459,2.969835090773703,5.630164909226297,0.17680611867383744,-0.1768061186738379,0.17680611867383744,0.1768061186738379,0.1768061186738379
T_plus_10pct,1.1,1870.0,,gen=26_member=4423_pso,50,14733.5,32.826238,14733.5,32.826238,2.44423,6.15577,14733.527268476704,32.826298754166096,14733.527268476704,32.826298754166096,50017.4272684767,111.43882795416609,327,86,lpr:total_combined:bdpl,2.600666081046006,5.999333918953994,2.4442324503270694,6.15576754967293,0.15643363071893646,-0.15643363071893646,0.15643363071893646,0.15643363071893646,0.15643363071893646
T_plus_10pct,1.1,1870.0,,gen=30_member=5151_pso,50,16291.5,36.297462,16291.5,36.297462,3.85519,4.744809999999999,16291.468896825134,36.2973927021264,16291.468896825134,36.2973927021264,51575.36889682514,114.9099219021264,327,86,lpr:total_combined:bdpl,4.061282508692146,4.538717491307854,3.855186874041565,4.7448131259584345,0.20609563465058045,-0.20609563465058045,0.20609563465058045,0.20609563465058045,0.20609563465058045
T_plus_10pct,1.1,1870.0,,gen=36_member=6144_pso,50,15489.5,34.510606,15489.5,34.510606,3.00686,5.59314,15489.474950280946,34.510550189225945,15489.474950280946,34.510550189225945,50773.37495028095,113.12307938922596,327,86,lpr:total_combined:bdpl,3.184452785959367,5.415547214040632,3.0068591738707413,5.593140826129258,0.1775936120886259,-0.1775936120886259,0.1775936120886259,0.1775936120886259,0.1775936120886259
T_plus_10pct,1.1,1870.0,,gen=41_member=6946_pso,50,16015.9,35.683425199999995,16015.9,35.683425199999995,3.5443,5.0557,16015.882133806026,35.683385394119824,16015.882133806026,35.683385394119824,51299.78213380603,114.29591459411984,327,86,lpr:total_combined:bdpl,3.7439048121695455,4.856095187830454,3.5442993418543915,5.055700658145608,0.19960547031515397,-0.19960547031515397,0.19960547031515397,0.19960547031515397,0.19960547031515397
T_plus_10pct,1.1,1870.0,,gen=43_member=7239_pso,50,16032.7,35.7208556,16032.7,35.7208556,3.56889,5.03111,16032.69067807767,35.72083483075705,16032.69067807767,35.72083483075705,51316.59067807767,114.33336403075704,327,86,lpr:total_combined:bdpl,3.7695463578406585,4.830453642159341,3.568889637147474,5.031110362852526,0.20065672069318463,-0.20065672069318463,0.20065672069318463,0.20065672069318463,0.20065672069318463
T_plus_10pct,1.1,1870.0,,gen=20_member=3413_pso,50,14791.1,32.9545708,14791.1,32.9545708,2.47644,6.12356,14791.118544643396,32.95461211746549,14791.118544643396,32.95461211746549,50075.01854464341,111.5671413174655,327,86,lpr:total_combined:bdpl,2.6344268769520527,5.965573123047947,2.476442307505919,6.123557692494081,0.1579845694461337,-0.1579845694461337,0.1579845694461337,0.1579845694461337,0.1579845694461337
T_plus_10pct,1.1,1870.0,,gen=35_member=5913_pso,50,9543.07,21.26195996,9543.07,21.26195996,1.01633,7.58367,9543.0747849999,21.261970620979778,9543.0747849999,21.261970620979778,44826.9747849999,99.87449982097976,327,86,lpr:total_combined:bdpl,1.1058111745993209,7.494188825400679,1.0163314134959738,7.583668586504026,0.0894797611033471,-0.08947976110334732,0.0894797611033471,0.08947976110334732,0.08947976110334732
T_plus_10pct,1.1,1870.0,,gen=47_member=7945_pso,50,15534.3,34.610420399999995,15534.3,34.610420399999995,3.03486,5.56514,15534.317949935756,34.610460392456865,15534.317949935756,34.610460392456865,50818.21794993576,113.22298959245688,327,86,lpr:total_combined:bdpl,3.2140054428203526,5.385994557179647,3.034858216956013,5.565141783043986,0.17914722586433962,-0.17914722586433918,0.17914722586433962,0.17914722586433918,0.17914722586433918
T_plus_10pct,1.1,1870.0,,gen=31_member=5214_pso,50,15907.9,35.4428012,15907.9,35.4428012,3.42253,5.17747,15907.884677515687,35.44276706150495,15907.884677515687,35.44276706150495,51191.78467751569,114.05529626150496,327,86,lpr:total_combined:bdpl,3.619770278072805,4.980229721927195,3.42252865851418,5.17747134148582,0.1972416195586253,-0.19724161955862485,0.1972416195586253,0.19724161955862485,0.19724161955862485
T_plus_10pct,1.1,1870.0,,gen=35_member=5893_pso,50,7182.25,16.002053,7182.25,16.002053,0.813288,7.786712,7182.245015135868,16.002041893722712,7182.245015135868,16.002041893722712,42466.14501513587,94.61457109372272,327,86,lpr:total_combined:bdpl,0.8851069032376554,7.714893096762344,0.8132883924956406,7.786711607504359,0.07181851074201484,-0.07181851074201528,0.07181851074201484,0.07181851074201528,0.07181851074201528
T_plus_10pct,1.1,1870.0,,gen=42_member=7082_pso,50,15124.5,33.697386,15124.5,33.697386,2.69841,5.90159,15124.511306524751,33.697411190937146,15124.511306524751,33.697411190937146,50408.41130652475,112.30994039093714,327,86,lpr:total_combined:bdpl,2.866343706209044,5.733656293790956,2.698409503554718,5.901590496445281,0.16793420265432601,-0.16793420265432513,0.16793420265432601,0.16793420265432513,0.16793420265432513
T_plus_10pct,1.1,1870.0,,gen=44_member=7534_pso,50,15416.0,34.346848,15416.0,34.346848,2.93385,5.66615,15415.987512740045,34.34682017838482,15415.987512740045,34.34682017838482,50699.88751274005,112.95934937838484,327,86,lpr:total_combined:bdpl,3.109033086714074,5.490966913285925,2.9338504123415627,5.6661495876584365,0.17518267437251112,-0.17518267437251112,0.17518267437251112,0.17518267437251112,0.17518267437251112
T_plus_10pct,1.1,1870.0,,gen=45_member=7645_pso,50,15987.0,35.619036,15987.0,35.619036,3.51669,5.083309999999999,15987.033381464233,35.61911037390231,15987.033381464233,35.61911037390231,51270.93338146424,114.23163957390231,327,86,lpr:total_combined:bdpl,3.715768052970137,4.884231947029862,3.516691347333545,5.083308652666455,0.19907670563659208,-0.19907670563659252,0.19907670563659208,0.19907670563659252,0.19907670563659252
T_plus_10pct,1.1,1870.0,,gen=39_member=6590_pso,50,16488.5,36.736378,16488.5,36.736378,4.09121,4.508789999999999,16488.509944204496,36.73640015568762,16488.509944204496,36.73640015568762,51772.40994420449,115.3489293556876,327,86,lpr:total_combined:bdpl,4.30332385536964,4.29667614463036,4.091206726931732,4.508793273068267,0.21211712843790753,-0.21211712843790753,0.21211712843790753,0.21211712843790753,0.21211712843790753
T_plus_10pct,1.1,1870.0,,gen=38_member=6398_pso,50,15752.9,35.0974612,15752.9,35.0974612,3.25449,5.345509999999999,15752.881386902523,35.09741973001883,15752.881386902523,35.09741973001883,51036.78138690253,113.70994893001884,327,86,lpr:total_combined:bdpl,3.4456622220613498,5.15433777793865,3.254489893288976,5.345510106711024,0.19117232877237367,-0.19117232877237367,0.19117232877237367,0.19117232877237367,0.19117232877237367
T_plus_10pct,1.1,1870.0,,gen=45_member=7594_pso,50,16297.3,36.3103844,16297.3,36.3103844,3.8606,4.7394,16297.305003351605,36.31039554746737,16297.305003351605,36.31039554746737,51581.20500335161,114.9229247474674,327,86,lpr:total_combined:bdpl,4.0667293070388775,4.533270692961122,3.860598708949262,4.739401291050738,0.20613059808961554,-0.20613059808961598,0.20613059808961554,0.20613059808961598,0.20613059808961598
T_plus_10pct,1.1,1870.0,,gen=48_member=8227_pso,50,15218.7,33.9072636,15218.7,33.9072636,2.7553,5.8447,15218.735500273877,33.90734269461019,15218.735500273877,33.90734269461019,50502.635500273886,112.51987189461022,327,86,lpr:total_combined:bdpl,2.9264488555393275,5.6735511444606725,2.7552995004033938,5.844700499596605,0.17114935513593377,-0.17114935513593288,0.17114935513593377,0.17114935513593288,0.17114935513593288
T_plus_10pct,1.1,1870.0,,gen=30_member=5150_pso,50,16372.5,36.47793,16372.5,36.47793,3.95517,4.64483,16372.505057366425,36.47794126781239,16372.505057366425,36.47794126781239,51656.40505736643,115.0904704678124,327,86,lpr:total_combined:bdpl,4.163782279629577,4.436217720370423,3.9551744266243625,4.644825573375638,0.20860785300521423,-0.20860785300521467,0.20860785300521423,0.20860785300521467,0.20860785300521467
T_plus_10pct,1.1,1870.0,,gen=49_member=8327_pso,50,13513.0,30.106964,13513.0,30.106964,1.80674,6.79326,13512.996764637244,30.10695679161178,13512.996764637244,30.10695679161178,48796.89676463725,108.7194859916118,327,86,lpr:total_combined:bdpl,1.9377462813729789,6.662253718627021,1.8067379306649052,6.793262069335095,0.1310083507080737,-0.1310083507080746,0.1310083507080737,0.1310083507080746,0.1310083507080746
T_plus_10pct,1.1,1870.0,,gen=43_member=7261_pso,50,15478.6,34.4863208,15478.6,34.4863208,2.98936,5.61064,15478.5626545175,34.48623759426499,15478.5626545175,34.48623759426499,50762.4626545175,113.098766794265,327,86,lpr:total_combined:bdpl,3.166080199693569,5.43391980030643,2.989359921162631,5.610640078837369,0.17672027853093786,-0.1767202785309383,0.17672027853093786,0.1767202785309383,0.1767202785309383
T_plus_10pct,1.1,1870.0,,gen=36_member=6133_pso,50,16100.6,35.8721368,16100.6,35.8721368,3.65379,4.94621,16100.552219199742,35.87203034437702,16100.552219199742,35.87203034437702,51384.45221919975,114.48455954437703,327,86,lpr:total_combined:bdpl,3.855420207292645,4.744579792707355,3.6537904336927274,4.946209566307273,0.20162977359991752,-0.20162977359991796,0.20162977359991752,0.20162977359991796,0.20162977359991796
T_plus_10pct,1.1,1870.0,,gen=41_member=6892_pso,50,13359.9,29.7658572,13359.9,29.7658572,1.79322,6.80678,13359.900045485403,29.76585730134148,13359.900045485403,29.76585730134148,48643.800045485405,108.37838650134148,327,86,lpr:total_combined:bdpl,1.922487790997388,6.677512209002612,1.7932215884321627,6.806778411567837,0.12926620256522536,-0.12926620256522536,0.12926620256522536,0.12926620256522536,0.12926620256522536
T_plus_10pct,1.1,1870.0,,gen=47_member=8012_pso,50,16150.8,35.983982399999995,16150.8,35.983982399999995,3.70111,4.89889,16150.818138421246,35.984022812402536,16150.818138421246,35.984022812402536,51434.718138421245,114.59655201240253,327,86,lpr:total_combined:bdpl,3.903854919077213,4.696145080922786,3.701110964068317,4.898889035931683,0.20274395500889586,-0.20274395500889675,0.20274395500889586,0.20274395500889675,0.20274395500889675
T_plus_10pct,1.1,1870.0,,gen=47_member=7966_pso,50,15136.2,33.7234536,15136.2,33.7234536,2.70123,5.89877,15136.198838391196,33.72345101193558,15136.198838391196,33.72345101193558,50420.0988383912,112.3359802119356,327,86,lpr:total_combined:bdpl,2.869179701348504,5.730820298651496,2.7012340465738194,5.89876595342618,0.1679456547746847,-0.16794565477468382,0.1679456547746847,0.16794565477468382,0.16794565477468382
T_plus_10pct,1.1,1870.0,,gen=49_member=8363_pso,50,15923.6,35.4777808,15923.6,35.4777808,3.43975,5.16025,15923.612158066526,35.477807888172215,15923.612158066526,35.477807888172215,51207.51215806653,114.09033708817222,327,86,lpr:total_combined:bdpl,3.635804796936158,4.964195203063841,3.4397528364932968,5.160247163506703,0.19605196044286144,-0.19605196044286188,0.19605196044286144,0.19605196044286188,0.19605196044286188
T_plus_10pct,1.1,1870.0,,gen=44_member=7456_pso,50,15913.4,35.4550552,15913.4,35.4550552,3.43116,5.168839999999999,15913.36876049534,35.454985598383615,15913.36876049534,35.454985598383615,51197.26876049534,114.0675147983836,327,86,lpr:total_combined:bdpl,3.62856283736859,4.97143716263141,3.431156849191001,5.168843150808998,0.19740598817758892,-0.19740598817758848,0.19740598817758892,0.19740598817758848,0.19740598817758848
T_plus_10pct,1.1,1870.0,,gen=40_member=6804_pso,50,15497.7,34.5288756,15497.7,34.5288756,3.01687,5.58313,15497.74676465162,34.528979791643806,15497.74676465162,34.528979791643806,50781.646764651625,113.14150899164382,327,86,lpr:total_combined:bdpl,3.194499288974153,5.405500711025846,3.016870007405461,5.583129992594539,0.17762928156869195,-0.1776292815686924,0.17762928156869195,0.1776292815686924,0.1776292815686924
T_plus_10pct,1.1,1870.0,,gen=38_member=6471_pso,50,15736.3,35.0604764,15736.3,35.0604764,3.24426,5.355739999999999,15736.30754967552,35.06049322067706,15736.30754967552,35.06049322067706,51020.20754967552,113.67302242067706,327,86,lpr:total_combined:bdpl,3.4352014040836187,5.1647985959163805,3.2442631362861047,5.355736863713895,0.190938267797514,-0.19093826779751488,0.190938267797514,0.19093826779751488,0.19093826779751488
T_plus_10pct,1.1,1870.0,,gen=22_member=3634_pso,50,15030.3,33.4875084,15030.3,33.4875084,2.63496,5.96504,15030.302840959244,33.48751472965719,15030.302840959244,33.48751472965719,50314.202840959246,112.1000439296572,327,86,lpr:total_combined:bdpl,2.8000143530462998,5.799985646953701,2.6349586355249133,5.965041364475086,0.16505571752138648,-0.16505571752138515,0.16505571752138648,0.16505571752138515,0.16505571752138515
T_plus_10pct,1.1,1870.0,,gen=44_member=7539_pso,50,16162.9,36.0109412,16162.9,36.0109412,3.71574,4.884259999999999,16162.865790156584,36.01086498046887,16162.865790156584,36.01086498046887,51446.76579015658,114.62339418046886,327,86,lpr:total_combined:bdpl,3.918068383463355,4.6819316165366445,3.71574467634347,4.88425532365653,0.20232370711988512,-0.20232370711988512,0.20232370711988512,0.20232370711988512,0.20232370711988512
T_plus_10pct,1.1,1870.0,,gen=49_member=8356_pso,50,14759.3,32.883720399999994,14759.3,32.883720399999994,2.45508,6.144919999999999,14759.259123491493,32.88362932713905,14759.259123491493,32.88362932713905,50043.159123491496,111.49615852713904,327,86,lpr:total_combined:bdpl,2.612130971741762,5.987869028258238,2.455078154837682,6.144921845162317,0.15705281690407968,-0.1570528169040788,0.15705281690407968,0.1570528169040788,0.1570528169040788
T_plus_10pct,1.1,1870.0,,gen=46_member=7849_pso,50,15137.2,33.7256816,15137.2,33.7256816,2.71464,5.88536,15137.175608309964,33.7256272553146,15137.175608309964,33.7256272553146,50421.07560830997,112.3381564553146,327,86,lpr:total_combined:bdpl,2.8831842489280923,5.716815751071907,2.714637855713367,5.885362144286633,0.1685463932147253,-0.16854639321472575,0.1685463932147253,0.16854639321472575,0.16854639321472575
T_plus_10pct,1.1,1870.0,,gen=42_member=7200_pso,50,15858.3,35.3322924,15858.3,35.3322924,3.37515,5.22485,15858.268135411014,35.33222140569574,15858.268135411014,35.33222140569574,51142.16813541101,113.94475060569572,327,86,lpr:total_combined:bdpl,3.5707795827396347,5.029220417260365,3.375146551306809,5.224853448693191,0.19563303143282562,-0.19563303143282518,0.19563303143282562,0.19563303143282518,0.19563303143282518
T_plus_10pct,1.1,1870.0,,gen=38_member=6459_pso,50,16488.3,36.7359324,16488.3,36.7359324,4.07908,4.520919999999999,16488.289913846693,36.73590992805043,16488.289913846693,36.73590992805043,51772.1899138467,115.34843912805044,327,86,lpr:total_combined:bdpl,4.290674234293855,4.309325765706145,4.079081097759876,4.520918902240124,0.2115931365339785,-0.21159313653397938,0.2115931365339785,0.21159313653397938,0.21159313653397938
T_plus_10pct,1.1,1870.0,,gen=40_member=6838_pso,50,12362.6,27.5438728,12362.6,27.5438728,1.42018,7.179819999999999,12362.592395957756,27.54385585819388,12362.592395957756,27.54385585819388,47646.49239595776,106.15638505819388,327,86,lpr:total_combined:bdpl,1.5320978789869948,7.067902121013005,1.4201768569284965,7.179823143071503,0.1119210220584983,-0.11192102205849785,0.1119210220584983,0.11192102205849785,0.11192102205849785
T_plus_10pct,1.1,1870.0,,gen=35_member=5994_pso,50,15567.0,34.683276,15567.0,34.683276,3.07603,5.52397,15566.99725223962,34.68326987798987,15566.99725223962,34.68326987798987,50850.897252239614,113.29579907798986,327,86,lpr:total_combined:bdpl,3.25866324014456,5.34133675985544,3.076027027129444,5.523972972870556,0.18263621301511623,-0.18263621301511623,0.18263621301511623,0.18263621301511623,0.18263621301511623
T_plus_10pct,1.1,1870.0,,gen=39_member=6670_pso,50,14558.2,32.435669600000004,14558.2,32.435669600000004,2.33137,6.26863,14558.247364123175,32.43577512726643,14558.247364123175,32.43577512726643,49842.14736412317,111.04830432726642,327,86,lpr:total_combined:bdpl,2.4831279702535207,6.116872029746479,2.331366553624733,6.268633446375267,0.1517614166287875,-0.15176141662878795,0.1517614166287875,0.15176141662878795,0.15176141662878795
T_plus_10pct,1.1,1870.0,,gen=48_member=8120_pso,50,16180.2,36.0494856,16180.2,36.0494856,3.72385,4.876149999999999,16180.196221496028,36.049477181493145,16180.196221496028,36.049477181493145,51464.09622149603,114.66200638149316,327,86,lpr:total_combined:bdpl,3.926335730935496,4.673664269064504,3.7238509530605737,4.876149046939426,0.20248477787492236,-0.2024847778749228,0.20248477787492236,0.2024847778749228,0.2024847778749228
T_plus_10pct,1.1,1870.0,,gen=47_member=7929_pso,50,14935.2,33.2756256,14935.2,33.2756256,2.58067,6.01933,14935.229434083649,33.27569117913837,14935.229434083649,33.27569117913837,50219.12943408365,111.88822037913836,327,86,lpr:total_combined:bdpl,2.744176289047137,5.855823710952863,2.5806656123379543,6.019334387662045,0.1635106767091825,-0.1635106767091825,0.1635106767091825,0.1635106767091825,0.1635106767091825
T_plus_10pct,1.1,1870.0,,gen=32_member=5467_pso,50,15900.0,35.4252,15900.0,35.4252,3.40923,5.19077,15900.04268653813,35.42529510560696,15900.04268653813,35.42529510560696,51183.94268653814,114.03782430560696,327,86,lpr:total_combined:bdpl,3.6059495628982994,4.9940504371017,3.4092267076579525,5.190773292342048,0.19672285524034683,-0.19672285524034816,0.19672285524034683,0.19672285524034816,0.19672285524034816
T_plus_10pct,1.1,1870.0,,gen=45_member=7589_pso,50,15827.9,35.2645612,15827.9,35.2645612,3.34169,5.25831,15827.894157225164,35.264548182297666,15827.894157225164,35.264548182297666,51111.79415722516,113.87707738229766,327,86,lpr:total_combined:bdpl,3.5350982529996253,5.064901747000374,3.3416938493864854,5.258306150613514,0.19340440361313993,-0.1934044036131395,0.19340440361313993,0.1934044036131395,0.1934044036131395
T_plus_10pct,1.1,1870.0,,gen=42_member=7063_pso,50,14712.7,32.7798956,14712.7,32.7798956,2.41578,6.18422,14712.738208192482,32.77998072785285,14712.738208192482,32.77998072785285,49996.63820819249,111.39250992785288,327,86,lpr:total_combined:bdpl,2.5709034180261208,6.029096581973879,2.4157795755081053,6.184220424491894,0.15512384251801548,-0.15512384251801503,0.15512384251801548,0.15512384251801503,0.15512384251801503
T_plus_10pct,1.1,1870.0,,gen=46_member=7783_pso,50,15821.8,35.2509704,15821.8,35.2509704,3.33505,5.26495,15821.761622209751,35.250884894283324,15821.761622209751,35.250884894283324,51105.66162220975,113.86341409428331,327,86,lpr:total_combined:bdpl,3.529404019512852,5.070595980487148,3.335046555009673,5.264953444990326,0.19435746450317914,-0.19435746450317737,0.19435746450317914,0.19435746450317737,0.19435746450317737
T_plus_10pct,1.1,1870.0,,gen=42_member=7112_pso,50,13444.8,29.9550144,13444.8,29.9550144,1.80414,6.795859999999999,13444.77211184266,29.954952265185444,13444.77211184266,29.954952265185444,48728.67211184265,108.56748146518542,327,86,lpr:total_combined:bdpl,1.933779663877146,6.666220336122853,1.8041382604731795,6.795861739526821,0.12964140340396657,-0.12964140340396746,0.12964140340396657,0.12964140340396746,0.12964140340396746
T_plus_10pct,1.1,1870.0,,gen=43_member=7278_pso,50,12101.0,26.961028,12101.0,26.961028,1.36641,7.233589999999999,12101.000490548293,26.96102909294159,12101.000490548293,26.96102909294159,47384.90049054829,105.5735582929416,327,86,lpr:total_combined:bdpl,1.477665374426827,7.122334625573172,1.3664061755116317,7.233593824488368,0.11125919891519542,-0.11125919891519587,0.11125919891519542,0.11125919891519587,0.11125919891519587
T_plus_10pct,1.1,1870.0,,gen=48_member=8123_pso,50,16025.9,35.7057052,16025.9,35.7057052,3.56822,5.03178,16025.894791493543,35.70569359544761,16025.894791493543,35.70569359544761,51309.79479149355,114.31822279544762,327,86,lpr:total_combined:bdpl,3.7686741282702334,4.831325871729765,3.568217329581769,5.031782670418231,0.20045679868846422,-0.20045679868846555,0.20045679868846422,0.20045679868846555,0.20045679868846555
T_plus_10pct,1.1,1870.0,,gen=38_member=6409_pso,50,15959.9,35.5586572,15959.9,35.5586572,3.48534,5.11466,15959.899258415428,35.558655547749574,15959.899258415428,35.558655547749574,51243.79925841543,114.17118474774956,327,86,lpr:total_combined:bdpl,3.684776236538841,4.915223763461158,3.4853415920391573,5.114658407960842,0.1994346444996835,-0.19943464449968396,0.1994346444996835,0.19943464449968396,0.19943464449968396
T_plus_10pct,1.1,1870.0,,gen=36_member=6139_pso,50,16482.1,36.7221188,16482.1,36.7221188,4.07625,4.52375,16482.125975540614,36.722176673504485,16482.125975540614,36.722176673504485,51766.025975540615,115.33470587350448,327,86,lpr:total_combined:bdpl,4.287724470074175,4.312275529925825,4.0762456348744855,4.523754365125514,0.21147883519968946,-0.21147883519968946,0.21147883519968946,0.21147883519968946,0.21147883519968946
T_plus_10pct,1.1,1870.0,,gen=40_member=6783_pso,50,15389.6,34.2880288,15389.6,34.2880288,2.92983,5.67017,15389.56502992713,34.28795088667764,15389.56502992713,34.28795088667764,50673.46502992713,112.90048008667765,327,86,lpr:total_combined:bdpl,3.1117957547044783,5.488204245295521,2.929833439615535,5.670166560384464,0.18196231508894334,-0.1819623150889429,0.18196231508894334,0.1819623150889429,0.1819623150889429
T_plus_10pct,1.1,1870.0,,gen=29_member=4924_pso,50,14956.1,33.3221908,14956.1,33.3221908,2.58783,6.012169999999999,14956.10872527715,33.32221023991749,14956.10872527715,33.32221023991749,50240.00872527715,111.93473943991748,327,86,lpr:total_combined:bdpl,2.7512842877696078,5.848715712230392,2.587828022406685,6.012171977593315,0.1634562653629228,-0.1634562653629228,0.1634562653629228,0.1634562653629228,0.1634562653629228
T_plus_10pct,1.1,1870.0,,gen=46_member=7822_pso,50,16471.9,36.6993932,16471.9,36.6993932,4.06609,4.53391,16471.886818612737,36.69936383186918,16471.886818612737,36.69936383186918,51755.78681861274,115.31189303186918,327,86,lpr:total_combined:bdpl,4.2777175195164485,4.322282480483551,4.066085660473553,4.533914339526446,0.21163185904289517,-0.21163185904289517,0.21163185904289517,0.21163185904289517,0.21163185904289517
T_plus_10pct,1.1,1870.0,,gen=33_member=5655_pso,50,15992.1,35.6303988,15992.1,35.6303988,3.51718,5.08282,15992.087099890365,35.630370058555734,15992.087099890365,35.630370058555734,51275.98709989037,114.24289925855572,327,86,lpr:total_combined:bdpl,3.7160577149757423,4.883942285024258,3.517184950203703,5.082815049796297,0.1988727647720392,-0.1988727647720392,0.1988727647720392,0.1988727647720392,0.1988727647720392
T_plus_10pct,1.1,1870.0,,gen=31_member=5227_pso,50,14897.7,33.1920756,14897.7,33.1920756,2.57051,6.029489999999999,14897.660188354284,33.191986899653344,14897.660188354284,33.191986899653344,50181.56018835429,111.80451609965334,327,86,lpr:total_combined:bdpl,2.7325725051679544,5.867427494832045,2.5705116414506657,6.029488358549334,0.16206086371728867,-0.16206086371728912,0.16206086371728867,0.16206086371728912,0.16206086371728912
T_plus_10pct,1.1,1870.0,,gen=46_member=7810_pso,50,15518.0,34.574104,15518.0,34.574104,3.02342,5.57658,15517.98212177229,34.57406416730866,15517.98212177229,34.57406416730866,50801.88212177229,113.18659336730867,327,86,lpr:total_combined:bdpl,3.201738503871076,5.398261496128924,3.0234229584310697,5.57657704156893,0.1783155454400065,-0.1783155454400056,0.1783155454400065,0.1783155454400056,0.1783155454400056
T_plus_10pct,1.1,1870.0,,gen=28_member=4720_pso,50,15881.9,35.3848732,15881.9,35.3848732,3.39794,5.20206,15881.90696025604,35.38488870745046,15881.90696025604,35.38488870745046,51165.80696025604,113.99741790745044,327,86,lpr:total_combined:bdpl,3.5943039183961094,5.00569608160389,3.397935940640787,5.202064059359213,0.19636797775532244,-0.19636797775532244,0.19636797775532244,0.19636797775532244,0.19636797775532244
T_plus_10pct,1.1,1870.0,,gen=31_member=5250_pso,50,15284.3,34.0534204,15284.3,34.0534204,2.82385,5.77615,15284.341047393014,34.05351185359164,15284.341047393014,34.05351185359164,50568.24104739301,112.66604105359164,327,86,lpr:total_combined:bdpl,3.001327903763007,5.598672096236992,2.8238468837659503,5.776153116234049,0.17748101999705668,-0.17748101999705668,0.17748101999705668,0.17748101999705668,0.17748101999705668
T_plus_10pct,1.1,1870.0,,gen=46_member=7862_pso,50,15485.6,34.5019168,15485.6,34.5019168,2.9983,5.601699999999999,15485.594923526956,34.50190548961805,15485.594923526956,34.50190548961805,50769.49492352696,113.11443468961808,327,86,lpr:total_combined:bdpl,3.1750744790379577,5.4249255209620415,2.998298907907464,5.601701092092536,0.1767755711304937,-0.17677557113049414,0.1767755711304937,0.17677557113049414,0.17677557113049414
T_plus_10pct,1.1,1870.0,,gen=29_member=4911_pso,50,15199.3,33.8640404,15199.3,33.8640404,2.75415,5.84585,15199.287430988548,33.86401239624249,15199.287430988548,33.86401239624249,50483.18743098855,112.47654159624248,327,86,lpr:total_combined:bdpl,2.923882023762842,5.676117976237158,2.7541462326369746,5.845853767363025,0.16973579112586723,-0.16973579112586634,0.16973579112586723,0.16973579112586634,0.16973579112586634
T_plus_10pct,1.1,1870.0,,gen=43_member=7385_pso,50,11722.5,26.11773,11722.5,26.11773,1.30432,7.29568,11722.488164319384,26.117703630103588,11722.488164319384,26.117703630103588,47006.38816431938,104.73023283010356,327,86,lpr:total_combined:bdpl,1.411028117259501,7.188971882740499,1.304315285491199,7.2956847145088,0.10671283176830193,-0.10671283176830126,0.10671283176830193,0.10671283176830126,0.10671283176830126
T_plus_10pct,1.1,1870.0,,gen=34_member=5724_pso,50,15960.4,35.5597712,15960.4,35.5597712,3.48909,5.11091,15960.35420961444,35.55966917902097,15960.35420961444,35.55966917902097,51244.254209614446,114.17219837902098,327,86,lpr:total_combined:bdpl,3.688522643474724,4.911477356525276,3.489091483382917,5.110908516617083,0.19943116009180706,-0.19943116009180706,0.19943116009180706,0.19943116009180706,0.19943116009180706
T_plus_10pct,1.1,1870.0,,gen=39_member=6557_pso,50,13892.2,30.9518216,13892.2,30.9518216,1.98352,6.616479999999999,13892.237152431944,30.95190437561837,13892.237152431944,30.95190437561837,49176.13715243194,109.56443357561837,327,86,lpr:total_combined:bdpl,2.1216600700333648,6.478339929966635,1.9835249724970192,6.616475027502981,0.13813509753634556,-0.13813509753634534,0.13813509753634556,0.13813509753634534,0.13813509753634534
T_plus_10pct,1.1,1870.0,,gen=43_member=7341_pso,50,16022.2,35.697461600000004,16022.2,35.697461600000004,3.54777,5.05223,16022.226518950454,35.69752068422161,16022.226518950454,35.69752068422161,51306.126518950456,114.3100498842216,327,86,lpr:total_combined:bdpl,3.747816014247736,4.852183985752264,3.547765185660241,5.052234814339759,0.20005082858749512,-0.20005082858749468,0.20005082858749512,0.20005082858749468,0.20005082858749468
T_plus_10pct,1.1,1870.0,,gen=37_member=6349_pso,50,15198.8,33.8629264,15198.8,33.8629264,2.74347,5.856529999999999,15198.807260091971,33.862942575484915,15198.807260091971,33.862942575484915,50482.70726009198,112.47547177548492,327,86,lpr:total_combined:bdpl,2.913854300383845,5.686145699616155,2.7434690769353645,5.856530923064636,0.17038522344848062,-0.17038522344848062,0.17038522344848062,0.17038522344848062,0.17038522344848062
T_plus_10pct,1.1,1870.0,,gen=41_member=6889_pso,50,12291.0,27.384348,12291.0,27.384348,1.4106,7.189399999999999,12290.987705769669,27.38432060845482,12290.987705769669,27.38432060845482,47574.88770576967,105.9968498084548,327,86,lpr:total_combined:bdpl,1.5224837477797462,7.077516252220254,1.4106019754541828,7.189398024545817,0.1118817723255634,-0.11188177232556296,0.1118817723255634,0.11188177232556296,0.11188177232556296
T_plus_10pct,1.1,1870.0,,gen=47_member=8010_pso,50,15028.5,33.483498,15028.5,33.483498,2.63426,5.96574,15028.455185458966,33.48339815320258,15028.455185458966,33.48339815320258,50312.35518545897,112.09592735320258,327,86,lpr:total_combined:bdpl,2.799847014394126,5.800152985605873,2.6342594566188096,5.96574054338119,0.16558755777531653,-0.16558755777531697,0.16558755777531653,0.16558755777531697,0.16558755777531697
T_plus_10pct,1.1,1870.0,,gen=38_member=6465_pso,50,15971.7,35.5849476,15971.7,35.5849476,3.49711,5.10289,15971.650593525908,35.58483752237572,15971.650593525908,35.58483752237572,51255.55059352591,114.19736672237572,327,86,lpr:total_combined:bdpl,3.696775481954072,4.903224518045928,3.497111324050283,5.102888675949717,0.199664157903789,-0.199664157903789,0.199664157903789,0.199664157903789,0.199664157903789
T_plus_10pct,1.1,1870.0,,gen=29_member=4976_pso,50,14745.7,32.8534196,14745.7,32.8534196,2.44488,6.15512,14745.72089074602,32.85346614458213,14745.72089074602,32.85346614458213,50029.62089074602,111.46599534458214,327,86,lpr:total_combined:bdpl,2.6013384928191763,5.998661507180824,2.4448842022049715,6.155115797795029,0.1564542906142048,-0.1564542906142048,0.1564542906142048,0.1564542906142048,0.1564542906142048
T_plus_10pct,1.1,1870.0,,gen=34_member=5729_pso,50,16215.1,36.1272428,16215.1,36.1272428,3.76248,4.83752,16215.125543009071,36.12729970982421,16215.125543009071,36.12729970982421,51499.02554300907,114.7398289098242,327,86,lpr:total_combined:bdpl,3.966057122216482,4.633942877783518,3.762481095023348,4.837518904976652,0.20357602719313395,-0.20357602719313395,0.20357602719313395,0.20357602719313395,0.20357602719313395
T_plus_10pct,1.1,1870.0,,gen=46_member=7888_pso,50,14714.3,32.7834604,14714.3,32.7834604,2.41843,6.18157,14714.275098586406,32.783404919650515,14714.275098586406,32.783404919650515,49998.175098586406,111.3959341196505,327,86,lpr:total_combined:bdpl,2.5736668846444624,6.026333115355538,2.418430577488762,6.181569422511238,0.15523630715570036,-0.15523630715570036,0.15523630715570036,0.15523630715570036,0.15523630715570036
T_plus_10pct,1.1,1870.0,,gen=46_member=7821_pso,50,13922.5,31.01933,13922.5,31.01933,1.99327,6.60673,13922.46591334354,31.019254054929405,13922.46591334354,31.019254054929405,49206.36591334354,109.63178325492942,327,86,lpr:total_combined:bdpl,2.131778514458105,6.468221485541895,1.993271488176365,6.6067285118236345,0.13850702628174028,-0.13850702628173917,0.13850702628174028,0.13850702628173917,0.13850702628173917
T_plus_10pct,1.1,1870.0,,gen=48_member=8165_pso,50,15747.1,35.0845388,15747.1,35.0845388,3.24714,5.35286,15747.123852685494,35.08459194378328,15747.123852685494,35.08459194378328,51031.023852685496,113.69712114378328,327,86,lpr:total_combined:bdpl,3.438076927000698,5.1619230729993015,3.2471408840658538,5.352859115934146,0.19093604293484434,-0.19093604293484479,0.19093604293484434,0.19093604293484479,0.19093604293484479
T_plus_10pct,1.1,1870.0,,gen=36_member=6131_pso,50,16162.4,36.0098272,16162.4,36.0098272,3.70849,4.89151,16162.41505174217,36.00986073528155,16162.41505174217,36.00986073528155,51446.315051742175,114.62238993528156,327,86,lpr:total_combined:bdpl,3.9111815645757417,4.688818435424258,3.708493410413307,4.891506589586692,0.20268815416243458,-0.20268815416243413,0.20268815416243458,0.20268815416243413,0.20268815416243413
T_plus_10pct,1.1,1870.0,,gen=32_member=5391_pso,50,14928.9,33.2615892,14928.9,33.2615892,2.57343,6.02657,14928.862552967455,33.261505768011496,14928.862552967455,33.261505768011496,50212.76255296746,111.8740349680115,327,86,lpr:total_combined:bdpl,2.7361306993145,5.863869300685501,2.5734339649692104,6.02656603503079,0.16269673434528942,-0.16269673434528897,0.16269673434528942,0.16269673434528897,0.16269673434528897
T_plus_10pct,1.1,1870.0,,gen=34_member=5740_pso,50,12129.7,27.0249716,12129.7,27.0249716,1.37217,7.22783,12129.737656299145,27.025055498234494,12129.737656299145,27.025055498234494,47413.63765629914,105.63758469823448,327,86,lpr:total_combined:bdpl,1.48193573398532,7.118064266014679,1.37216642150876,7.227833578491239,0.10976931247656019,-0.10976931247656019,0.10976931247656019,0.10976931247656019,0.10976931247656019
T_plus_10pct,1.1,1870.0,,gen=35_member=5978_pso,50,16067.3,35.7979444,16067.3,35.7979444,3.60663,4.99337,16067.34571378628,35.798046250315835,16067.34571378628,35.798046250315835,51351.24571378629,114.41057545031585,327,86,lpr:total_combined:bdpl,3.807415697364693,4.792584302635307,3.6066329183701873,4.993367081629812,0.20078277899450558,-0.20078277899450558,0.20078277899450558,0.20078277899450558,0.20078277899450558
T_plus_10pct,1.1,1870.0,,gen=32_member=5373_pso,50,15480.3,34.4901084,15480.3,34.4901084,2.995,5.605,15480.299999640423,34.49010839919886,15480.299999640423,34.49010839919886,50764.19999964042,113.10263759919886,327,86,lpr:total_combined:bdpl,3.1741032234410715,5.425896776558928,2.995004204654325,5.604995795345674,0.17909901878674672,-0.17909901878674628,0.17909901878674672,0.17909901878674628,0.17909901878674628
T_plus_10pct,1.1,1870.0,,gen=44_member=7565_pso,50,14798.7,32.9715036,14798.7,32.9715036,2.47831,6.121689999999999,14798.675255149134,32.97144846847227,14798.675255149134,32.97144846847227,50082.57525514913,111.58397766847226,327,86,lpr:total_combined:bdpl,2.636911436004168,5.963088563995832,2.478310881640845,6.121689118359155,0.1586005543633231,-0.1586005543633231,0.1586005543633231,0.1586005543633231,0.1586005543633231
T_plus_10pct,1.1,1870.0,,gen=45_member=7737_pso,50,16214.6,36.1261288,16214.6,36.1261288,3.75756,4.84244,16214.601623135048,36.12613241634489,16214.601623135048,36.12613241634489,51498.50162313505,114.7386616163449,327,86,lpr:total_combined:bdpl,3.961256994218724,4.638743005781276,3.7575596650694982,4.842440334930501,0.20369732914922567,-0.20369732914922523,0.20369732914922567,0.20369732914922523,0.20369732914922523
T_plus_10pct,1.1,1870.0,,gen=35_member=6019_pso,50,16186.0,36.062408,16186.0,36.062408,3.73038,4.869619999999999,16186.021661268114,36.06245626130536,16186.021661268114,36.06245626130536,51469.92166126812,114.67498546130535,327,86,lpr:total_combined:bdpl,3.933094093921101,4.666905906078899,3.7303822104294633,4.869617789570537,0.20271188349163793,-0.20271188349163793,0.20271188349163793,0.20271188349163793,0.20271188349163793
T_plus_10pct,1.1,1870.0,,gen=46_member=7796_pso,50,15919.0,35.467532,15919.0,35.467532,3.43824,5.161759999999999,15919.044119771625,35.46763029885118,15919.044119771625,35.46763029885118,51202.94411977162,114.08015949885116,327,86,lpr:total_combined:bdpl,3.635913499594288,4.964086500405712,3.43823893574998,5.16176106425002,0.19767456384430826,-0.19767456384430737,0.19767456384430826,0.19767456384430737,0.19767456384430737
T_plus_10pct,1.1,1870.0,,gen=47_member=7977_pso,50,15936.7,35.5069676,15936.7,35.5069676,3.45533,5.14467,15936.708564147862,35.50698668092144,15936.708564147862,35.50698668092144,51220.60856414786,114.11951588092144,327,86,lpr:total_combined:bdpl,3.653031549455524,4.946968450544476,3.4553251022415497,5.14467489775845,0.19770644721397446,-0.19770644721397357,0.19770644721397446,0.19770644721397357,0.19770644721397357
T_plus_10pct,1.1,1870.0,,gen=49_member=8311_pso,50,16161.3,36.0073764,16161.3,36.0073764,3.70558,4.89442,16161.28243585807,36.00733726709178,16161.28243585807,36.00733726709178,51445.18243585806,114.61986646709175,327,86,lpr:total_combined:bdpl,3.90802160389234,4.691978396107659,3.705575891176805,4.894424108823195,0.20244571271553502,-0.20244571271553546,0.20244571271553502,0.20244571271553546,0.20244571271553546
T_plus_10pct,1.1,1870.0,,gen=29_member=4851_pso,50,15827.8,35.2643384,15827.8,35.2643384,3.33985,5.260149999999999,15827.772653849252,35.264277472776136,15827.772653849252,35.264277472776136,51111.67265384925,113.87680667277613,327,86,lpr:total_combined:bdpl,3.534291301216491,5.065708698783508,3.339852235813954,5.260147764186046,0.19443906540253675,-0.19443906540253764,0.19443906540253675,0.19443906540253764,0.19443906540253764
T_plus_10pct,1.1,1870.0,,gen=34_member=5819_pso,50,15512.1,34.5609588,15512.1,34.5609588,3.0224,5.5776,15512.135876498978,34.56103873283972,15512.135876498978,34.56103873283972,50796.03587649898,113.17356793283972,327,86,lpr:total_combined:bdpl,3.200846407645493,5.399153592354507,3.022398591006844,5.577601408993155,0.1784478166386494,-0.1784478166386485,0.1784478166386494,0.1784478166386485,0.1784478166386485
T_plus_10pct,1.1,1870.0,,gen=38_member=6490_pso,50,16189.3,36.0697604,16189.3,36.0697604,3.73254,4.86746,16189.343816499706,36.06985802316135,16189.343816499706,36.06985802316135,51473.24381649972,114.68238722316136,327,86,lpr:total_combined:bdpl,3.935334921004209,4.664665078995791,3.732539123723969,4.867460876276031,0.2027957972802401,-0.2027957972802401,0.2027957972802401,0.2027957972802401,0.2027957972802401
T_plus_10pct,1.1,1870.0,,gen=42_member=7145_pso,50,16295.4,36.3061512,16295.4,36.3061512,3.85887,4.74113,16295.396734226248,36.30614392385608,16295.396734226248,36.30614392385608,51579.29673422626,114.9186731238561,327,86,lpr:total_combined:bdpl,4.066061331409185,4.533938668590815,3.858871338058117,4.741128661941882,0.2071899933510677,-0.2071899933510677,0.2071899933510677,0.2071899933510677,0.2071899933510677
T_plus_10pct,1.1,1870.0,,gen=28_member=4655_pso,50,15141.9,33.7361532,15141.9,33.7361532,2.71633,5.88367,15141.895334331672,33.73614280489097,15141.895334331672,33.73614280489097,50425.79533433168,112.34867200489096,327,86,lpr:total_combined:bdpl,2.884908279756143,5.715091720243857,2.7163349555958534,5.883665044404147,0.16857332416028958,-0.16857332416029003,0.16857332416028958,0.16857332416029003,0.16857332416029003
T_plus_10pct,1.1,1870.0,,gen=24_member=4008_pso,50,15155.7,33.7668996,15155.7,33.7668996,2.71969,5.88031,15155.727503103506,33.76696087691461,15155.727503103506,33.76696087691461,50439.627503103504,112.3794900769146,327,86,lpr:total_combined:bdpl,2.888938028208269,5.711061971791731,2.7196924545351737,5.8803075454648255,0.16924557367309534,-0.1692455736730949,0.16924557367309534,0.1692455736730949,0.1692455736730949
T_plus_10pct,1.1,1870.0,,gen=34_member=5732_pso,50,15162.6,33.7822728,15162.6,33.7822728,2.72045,5.87955,15162.563611442774,33.7821917262945,15162.563611442774,33.7821917262945,50446.46361144279,112.39472092629453,327,86,lpr:total_combined:bdpl,2.889114590119491,5.710885409880509,2.7204459363071374,5.879554063692862,0.1686686538123534,-0.16866865381235296,0.1686686538123534,0.16866865381235296,0.16866865381235296
T_plus_10pct,1.1,1870.0,,gen=40_member=6768_pso,50,16451.1,36.6530508,16451.1,36.6530508,4.06357,4.536429999999999,16451.08712664435,36.65302211816361,16451.08712664435,36.65302211816361,51734.98712664435,115.26555131816362,327,86,lpr:total_combined:bdpl,4.276873344590103,4.323126655409896,4.063568704514503,4.536431295485497,0.21330464007560046,-0.21330464007560046,0.21330464007560046,0.21330464007560046,0.21330464007560046
T_plus_10pct,1.1,1870.0,,gen=44_member=7554_pso,50,15130.8,33.7114224,15130.8,33.7114224,2.69854,5.90146,15130.753854465827,33.71131958774986,15130.753854465827,33.71131958774986,50414.65385446584,112.32384878774988,327,86,lpr:total_combined:bdpl,2.8663606728656776,5.733639327134322,2.6985365408908595,5.90146345910914,0.16782413197481816,-0.16782413197481816,0.16782413197481816,0.16782413197481816,0.16782413197481816
T_plus_10pct,1.1,1870.0,,gen=18_member=3072_pso,50,16676.3,37.1547964,16676.3,37.1547964,4.37912,4.220879999999999,16676.349581361694,37.15490686727385,16676.349581361694,37.15490686727385,51960.24958136169,115.76743606727383,327,86,lpr:total_combined:bdpl,4.601378754994999,3.998621245005,4.379123996722136,4.220876003277864,0.22225475827286356,-0.222254758272864,0.22225475827286356,0.222254758272864,0.222254758272864
T_plus_10pct,1.1,1870.0,,gen=50_member=8445_pso,50,9401.87,20.94736636,9401.87,20.94736636,1.01547,7.584529999999999,9401.872579508889,20.947372107145803,9401.872579508889,20.947372107145803,44685.77257950889,99.5599013071458,327,86,lpr:total_combined:bdpl,1.1033420059552674,7.496657994044732,1.0154703928416016,7.584529607158398,0.08787161311366587,-0.08787161311366631,0.08787161311366587,0.08787161311366631,0.08787161311366631
T_plus_10pct,1.1,1870.0,,gen=50_member=8506_pso,50,16237.8,36.1778184,16237.8,36.1778184,3.79088,4.80912,16237.751709751272,36.17771080932583,16237.751709751272,36.17771080932583,51521.65170975127,114.79024000932584,327,86,lpr:total_combined:bdpl,3.995422289478233,4.604577710521767,3.790883183568052,4.809116816431947,0.2045391059101811,-0.20453910591018065,0.2045391059101811,0.20453910591018065,0.20453910591018065
T_plus_10pct,1.1,1870.0,,gen=50_member=8596_pso,50,14208.3,31.6560924,14208.3,31.6560924,2.13446,6.46554,14208.317325044894,31.656131000200023,14208.317325044894,31.656131000200023,49492.2173250449,110.26866020020005,327,86,lpr:total_combined:bdpl,2.279652829878491,6.320347170121509,2.1344595323964763,6.465540467603523,0.14519329748201448,-0.14519329748201404,0.14519329748201448,0.14519329748201404,0.14519329748201404
T_plus_10pct,1.1,1870.0,,gen=50_member=8464_pso,50,15785.1,35.1692028,15785.1,35.1692028,3.28738,5.312619999999999,15785.141919811873,35.16929619734085,15785.141919811873,35.16929619734085,51069.04191981188,113.78182539734084,327,86,lpr:total_combined:bdpl,3.479298399250167,5.1207016007498325,3.287377222546114,5.312622777453885,0.19192117670405295,-0.19192117670405207,0.19192117670405295,0.19192117670405207,0.19192117670405207
T_plus_10pct,1.1,1870.0,,gen=50_member=8489_pso,50,15228.0,33.927984,15228.0,33.927984,2.76217,5.83783,15228.040957686744,33.928075253726064,15228.040957686744,33.928075253726064,50511.94095768675,112.54060445372608,327,86,lpr:total_combined:bdpl,2.933575447746007,5.666424552253993,2.7621716131516663,5.837828386848333,0.17140383459434094,-0.17140383459434005,0.17140383459434094,0.17140383459434005,0.17140383459434005
T_plus_10pct,1.1,1870.0,,gen=50_member=8579_pso,50,15829.2,35.2674576,15829.2,35.2674576,3.34196,5.258039999999999,15829.220626443976,35.267503555717184,15829.220626443976,35.267503555717184,51113.12062644398,113.8800327557172,327,86,lpr:total_combined:bdpl,3.5364625698312824,5.063537430168717,3.341960069793125,5.258039930206875,0.1945025000381575,-0.1945025000381584,0.1945025000381575,0.1945025000381584,0.1945025000381584
T_plus_10pct,1.1,1870.0,,gen=50_member=8474_pso,50,12733.0,28.369124,12733.0,28.369124,1.54501,7.05499,12732.998383359258,28.369120398124423,12732.998383359258,28.369120398124423,48016.89838335926,106.98164959812442,327,86,lpr:total_combined:bdpl,1.664245169222975,6.935754830777025,1.545008856601091,7.054991143398908,0.11923631262188383,-0.11923631262188294,0.11923631262188383,0.11923631262188294,0.11923631262188294
T_plus_10pct,1.1,1870.0,,gen=50_member=8555_pso,50,15618.6,34.7982408,15618.6,34.7982408,3.12278,5.477219999999999,15618.60939023365,34.798261721440575,15618.60939023365,34.798261721440575,50902.50939023365,113.41079092144058,327,86,lpr:total_combined:bdpl,3.3082477922093165,5.291752207790683,3.122777075087054,5.477222924912946,0.18547071712226249,-0.18547071712226249,0.18547071712226249,0.18547071712226249,0.18547071712226249
T_plus_10pct,1.1,1870.0,,gen=50_member=8483_pso,50,14418.5,32.124418,14418.5,32.124418,2.25475,6.34525,14418.539243991498,32.12450543561306,14418.539243991498,32.12450543561306,49702.439243991495,110.73703463561304,327,86,lpr:total_combined:bdpl,2.4031243017447594,6.196875698255241,2.254748390424492,6.345251609575508,0.1483759113202674,-0.14837591132026695,0.1483759113202674,0.14837591132026695,0.14837591132026695
T_plus_10pct,1.1,1870.0,,gen=50_member=8443_pso,50,13029.1,29.0288348,13029.1,29.0288348,1.62866,6.97134,13029.062711147126,29.0287517204358,13029.062711147126,29.0287517204358,48312.96271114713,107.6412809204358,327,86,lpr:total_combined:bdpl,1.7504092247101135,6.849590775289886,1.6286550645203903,6.971344935479609,0.12175416018972318,-0.12175416018972296,0.12175416018972318,0.12175416018972296,0.12175416018972296
T_plus_10pct,1.1,1870.0,,gen=50_member=8469_pso,50,12272.3,27.3426844,12272.3,27.3426844,1.39731,7.20269,12272.27925978557,27.342638190802248,12272.27925978557,27.342638190802248,47556.17925978557,105.95516739080225,327,86,lpr:total_combined:bdpl,1.5079896159152777,7.092010384084722,1.3973096615726888,7.202690338427311,0.11067995434258893,-0.11067995434258826,0.11067995434258893,0.11067995434258826,0.11067995434258826
T_plus_10pct,1.1,1870.0,,gen=50_member=8584_pso,50,16506.4,36.776259200000005,16506.4,36.776259200000005,4.09976,4.50024,16506.434090037626,36.77633515260383,16506.434090037626,36.77633515260383,51790.33409003763,115.38886435260385,327,86,lpr:total_combined:bdpl,4.313098080945833,4.286901919054166,4.0997561143955386,4.500243885604461,0.2133419665502947,-0.2133419665502947,0.2133419665502947,0.2133419665502947,0.2133419665502947
T_plus_10pct,1.1,1870.0,,gen=50_member=8572_pso,50,15880.1,35.3808628,15880.1,35.3808628,3.38958,5.210419999999999,15880.05851843116,35.38077037906462,15880.05851843116,35.38077037906462,51163.95851843116,113.9932995790646,327,86,lpr:total_combined:bdpl,3.585590349981035,5.0144096500189645,3.389579700812769,5.210420299187231,0.19601064916826605,-0.19601064916826605,0.19601064916826605,0.19601064916826605,0.19601064916826605
T_plus_10pct,1.1,1870.0,,gen=50_member=8550_pso,50,15904.6,35.4354488,15904.6,35.4354488,3.41089,5.18911,15904.626472514808,35.43550778076299,15904.626472514808,35.43550778076299,51188.526472514815,114.048036980763,327,86,lpr:total_combined:bdpl,3.607684551634507,4.992315448365493,3.4108893975704637,5.189110602429537,0.19679515406404313,-0.19679515406404402,0.19679515406404313,0.19679515406404402,0.19679515406404402
T_plus_10pct,1.1,1870.0,,gen=50_member=8507_pso,50,13066.9,29.1130532,13066.9,29.1130532,1.64928,6.95072,13066.932281265976,29.113125122660595,13066.932281265976,29.113125122660595,48350.832281265975,107.7256543226606,327,86,lpr:total_combined:bdpl,1.7722365342666406,6.827763465733359,1.6492785593130492,6.950721440686951,0.1229579749535914,-0.12295797495359206,0.1229579749535914,0.12295797495359206,0.12295797495359206
T_plus_10pct,1.1,1870.0,,gen=50_member=8467_pso,50,12761.1,28.4317308,12761.1,28.4317308,1.56923,7.03077,12761.10864205751,28.43175005450413,12761.10864205751,28.43175005450413,48045.00864205751,107.04427925450412,327,86,lpr:total_combined:bdpl,1.688115814410998,6.911884185589002,1.5692285694059316,7.0307714305940685,0.11888724500506642,-0.11888724500506687,0.11888724500506642,0.11888724500506687,0.11888724500506687
T_plus_10pct,1.1,1870.0,,gen=50_member=8487_pso,50,15934.7,35.5025116,15934.7,35.5025116,3.45215,5.14785,15934.749493122594,35.50262187067714,15934.749493122594,35.50262187067714,51218.6494931226,114.11515107067714,327,86,lpr:total_combined:bdpl,3.649263364228663,4.950736635771337,3.452149122351013,5.147850877648986,0.19711424187765036,-0.19711424187764948,0.19711424187765036,0.19711424187764948,0.19711424187764948
