scenario,T_factor,T_value,probability_weight,member,generation,ag_receipts_archive_baseline,fish_prob_archive_baseline,ag_receipts_reeval,fish_prob_reeval,raw_total_pumping_gpm,raw_total_pumping_cfs,effective_total_pumping_gpm,effective_total_pumping_cfs,depletion_obs_name,depletion_cfs,streamflow_cfs
T_minus_10pct,0.9,1530.0,,gen=47_member=5907_pso,50,9738960.0,0.719193,9738959.963789836,0.7202631249129149,42427.949226186,94.52947087594241,41736.54912774984,92.98903145662663,lpr:total_combined:bdpl,1.333014701783983,7.266985298216016
T_minus_10pct,0.9,1530.0,,56,50,12446400.0,0.533346,12446397.913772527,0.5594810123987208,52637.1528415432,117.27557653095823,52637.1528415432,117.27557653095823,lpr:total_combined:bdpl,4.544447536037786,4.055552463962214
T_minus_10pct,0.9,1530.0,,64,50,12377800.0,0.56755,12377834.289729021,0.5899025809897285,52241.56295681393,116.39420226778142,52241.56295681393,116.39420226778142,lpr:total_combined:bdpl,4.215746404959052,4.384253595040947
T_minus_10pct,0.9,1530.0,,gen=40_member=5105_pso,50,12283000.0,0.583854,12283049.42442162,0.6040414898615462,51868.902507044404,115.56391478569493,51444.95457882824,114.61935880162932,lpr:total_combined:bdpl,4.055122009288167,4.544877990711833
T_minus_10pct,0.9,1530.0,,30,50,12433400.0,0.544694,12433371.76921002,0.5687464194932684,52187.23403515008,116.27315743031438,52187.23403515008,116.27315743031438,lpr:total_combined:bdpl,4.4443360055369245,4.155663994463075
T_minus_10pct,0.9,1530.0,,gen=36_member=4531_pso,50,12223600.0,0.605591,12223597.44766552,0.6221145359459419,51053.0244471527,113.7461384682562,51053.0244471527,113.7461384682562,lpr:total_combined:bdpl,3.8184120952983847,4.781587904701615
T_minus_10pct,0.9,1530.0,,105,50,12417100.0,0.55506,12417148.746273495,0.5778697812845662,52327.1463926199,116.58488216275714,52327.1463926199,116.58488216275714,lpr:total_combined:bdpl,4.345759256245747,4.254240743754252
T_minus_10pct,0.9,1530.0,,gen=49_member=6222_pso,50,12218800.0,0.616332,12218818.301128551,0.6325549388089301,51106.17822286103,113.86456508053438,51106.17822286103,113.86456508053438,lpr:total_combined:bdpl,3.6816699627228275,4.9183300372771726
T_minus_10pct,0.9,1530.0,,18,50,12390900.0,0.557388,12390900.705456987,0.5799883880434225,52187.6001459564,116.27397312519085,52187.6001459564,116.27397312519085,lpr:total_combined:bdpl,4.322867983040561,4.277132016959438
T_minus_10pct,0.9,1530.0,,35,50,12440100.0,0.533609,12440134.96511929,0.5598292197166824,52700.025782036595,117.41565744237754,52700.025782036595,117.41565744237754,lpr:total_combined:bdpl,4.540685200807719,4.059314799192281
T_minus_10pct,0.9,1530.0,,gen=44_member=5567_pso,50,9875600.0,0.719021,9875603.379483644,0.7201142863656199,42989.08731889699,95.7796865465025,42069.119675814705,93.72999863771516,lpr:total_combined:bdpl,1.345785290080232,7.254214709919768
T_minus_10pct,0.9,1530.0,,gen=49_member=6144_pso,50,9757770.0,0.719034,9757774.55799681,0.7201127619202415,42132.10114850491,93.87032135886894,41805.01359125954,93.14157028132627,lpr:total_combined:bdpl,1.3459160899614546,7.2540839100385455
T_minus_10pct,0.9,1530.0,,gen=46_member=5849_pso,50,10309300.0,0.717719,10309323.448797248,0.7188985538086642,45220.50929470598,100.75129470860493,43336.516794327195,96.55375941776099,lpr:total_combined:bdpl,1.4500971114826657,7.1499028885173335
T_minus_10pct,0.9,1530.0,,gen=31_member=3852_pso,50,12085500.0,0.652391,12085489.190941257,0.663817254200947,50809.626277516305,113.20384734630632,50462.82627345364,112.4311769372547,lpr:total_combined:bdpl,3.1769262252388244,5.423073774761175
T_minus_10pct,0.9,1530.0,,gen=37_member=4697_pso,50,9951180.0,0.718657,9951183.919557761,0.7197878561308859,42929.95184756078,95.6479327163654,42506.86767415341,94.70530117801378,lpr:total_combined:bdpl,1.3737935326423913,7.226206467357608
T_minus_10pct,0.9,1530.0,,gen=42_member=5264_pso,50,12276000.0,0.587416,12275991.063515613,0.6069062133786056,51721.642237508655,115.23581890516928,51425.41398676402,114.57582236251024,lpr:total_combined:bdpl,4.017601579463494,4.582398420536506
T_minus_10pct,0.9,1530.0,,gen=43_member=5399_pso,50,12075700.0,0.659796,12075652.37136835,0.6705238031001248,50662.073440237364,112.87509962484884,50563.483653430434,112.655441579843,lpr:total_combined:bdpl,3.0524150612293806,5.547584938770619
T_minus_10pct,0.9,1530.0,,gen=35_member=4383_pso,50,10482600.0,0.717261,10482596.881225228,0.7184746968093593,44395.66150852786,98.91353384100007,43697.952601065685,97.35903839517434,lpr:total_combined:bdpl,1.4864647281584709,7.113535271841529
T_minus_10pct,0.9,1530.0,,gen=47_member=5964_pso,50,10840100.0,0.714224,10840089.258866806,0.7165766496268994,45340.13174397748,101.01781352558181,44763.52736283021,99.7331389643857,lpr:total_combined:bdpl,1.6277603916982963,6.972239608301703
T_minus_10pct,0.9,1530.0,,gen=45_member=5721_pso,50,10935500.0,0.713017,10935459.38484597,0.715500810183504,46077.815037649634,102.66137190388338,45406.79805241785,101.16634606078696,lpr:total_combined:bdpl,1.6797172968279601,6.92028270317204
T_minus_10pct,0.9,1530.0,,gen=47_member=5893_pso,50,10050300.0,0.718629,10050330.220899835,0.7197677639998409,44663.8123416983,99.51097389730381,42679.893231787595,95.09080212042277,lpr:total_combined:bdpl,1.3755174700109913,7.224482529989008
T_minus_10pct,0.9,1530.0,,gen=35_member=4446_pso,50,11409800.0,0.706375,11409792.203285765,0.7093495339783409,48804.747890203915,108.73697829937431,47323.49343085893,105.4367433639537,lpr:total_combined:bdpl,1.9767888312284034,6.623211168771596
T_minus_10pct,0.9,1530.0,,gen=45_member=5683_pso,50,10240800.0,0.71792,10240771.73598947,0.7190959209551401,44683.47269518394,99.55477716486982,43384.26011810516,96.66013154313829,lpr:total_combined:bdpl,1.4331626908190813,7.166837309180918
T_minus_10pct,0.9,1530.0,,gen=49_member=6242_pso,50,11866200.0,0.690335,11866171.531540677,0.6957928721173924,49793.36739732516,110.93962256124044,49240.59882468567,109.70805418139967,lpr:total_combined:bdpl,2.4487996836583483,6.151200316341651
T_minus_10pct,0.9,1530.0,,gen=45_member=5670_pso,50,10406200.0,0.717494,10406231.87516301,0.7187089886777122,44191.60289947777,98.45889126003648,43609.30208475285,97.16152504482936,lpr:total_combined:bdpl,1.4663621065844774,7.133637893415522
T_minus_10pct,0.9,1530.0,,gen=38_member=4778_pso,50,10164400.0,0.71794,10164356.433517821,0.7191092996166726,43216.77328051297,96.28697086898289,42970.82431105304,95.73899656502617,lpr:total_combined:bdpl,1.432014780002346,7.167985219997654
T_minus_10pct,0.9,1530.0,,gen=43_member=5423_pso,50,12257800.0,0.594933,12257750.350139363,0.6127938138915989,51233.33114761955,114.14786179689636,51233.33114761955,114.14786179689636,lpr:total_combined:bdpl,3.9404893204381537,4.659510679561846
T_minus_10pct,0.9,1530.0,,gen=38_member=4827_pso,50,12171600.0,0.631596,12171637.808199104,0.6453267473395217,50979.48086559517,113.58228336854604,50813.54471465353,113.21257762424806,lpr:total_combined:bdpl,3.489505962630398,5.110494037369602
T_minus_10pct,0.9,1530.0,,gen=46_member=5827_pso,50,12142700.0,0.641492,12142688.246643651,0.6534091664491037,51220.46766399847,114.11920195538859,50818.373966461804,113.22333719727689,lpr:total_combined:bdpl,3.352873664679044,5.247126335320956
T_minus_10pct,0.9,1530.0,,gen=49_member=6197_pso,50,10994700.0,0.712329,10994705.05589987,0.7148654662885647,46401.49017389091,103.38252010742895,45612.509888916305,101.62467203250553,lpr:total_combined:bdpl,1.710400780945144,6.889599219054856
T_minus_10pct,0.9,1530.0,,gen=34_member=4254_pso,50,11826100.0,0.692032,11826081.210188618,0.6969997013970047,49289.58618785271,109.81719802653583,49090.82356794755,109.37435490938714,lpr:total_combined:bdpl,2.4105510513701263,6.189448948629874
T_minus_10pct,0.9,1530.0,,gen=46_member=5867_pso,50,11245900.0,0.709312,11245910.539729662,0.7119208881273019,47224.11676777734,105.21533215860791,46469.35011106735,103.53371204745807,lpr:total_combined:bdpl,1.852607100959544,6.747392899040456
T_minus_10pct,0.9,1530.0,,gen=31_member=3915_pso,50,12151300.0,0.634089,12151250.97606472,0.6471824687972448,50778.043066439204,113.13347995202655,50719.60111312249,113.0032712800369,lpr:total_combined:bdpl,3.4581352203206177,5.141864779679382
T_minus_10pct,0.9,1530.0,,gen=47_member=5976_pso,50,11362000.0,0.706998,11362024.609674983,0.7096865552564554,48125.197185073404,107.22293932834354,46930.904979662475,104.56205629468799,lpr:total_combined:bdpl,1.9605126269293602,6.639487373070639
T_minus_10pct,0.9,1530.0,,gen=39_member=4925_pso,50,11896400.0,0.684874,11896391.93605654,0.6921010669003433,50146.24464222477,111.72583306287677,49634.299194174644,110.5852186046211,lpr:total_combined:bdpl,2.5658058771706584,6.034194122829341
T_minus_10pct,0.9,1530.0,,gen=36_member=4494_pso,50,10420500.0,0.717361,10420504.849209998,0.718563091827109,44203.144887668415,98.48460680972522,43469.94284558344,96.85103265995991,lpr:total_combined:bdpl,1.4788802925425768,7.121119707457423
T_minus_10pct,0.9,1530.0,,gen=44_member=5537_pso,50,10636200.0,0.715586,10636170.166640699,0.717537285103963,45169.2898288748,100.63717773873304,44280.52405169593,98.65700758717853,lpr:total_combined:bdpl,1.5668961699541073,7.033103830045892
T_minus_10pct,0.9,1530.0,,gen=46_member=5774_pso,50,12198800.0,0.623458,12198824.129546277,0.6393128461742914,51031.70882205056,113.69864725552864,51031.70882205056,113.69864725552864,lpr:total_combined:bdpl,3.591170219917376,5.008829780082624
T_minus_10pct,0.9,1530.0,,gen=37_member=4723_pso,50,11316900.0,0.708149,11316939.89607805,0.7108569597520005,47958.33587102356,106.8511723206405,46911.033225908424,104.51778202732396,lpr:total_combined:bdpl,1.903988769478621,6.696011230521378
T_minus_10pct,0.9,1530.0,,gen=45_member=5711_pso,50,10701000.0,0.715537,10701015.255649135,0.7175178277439623,44962.49060320653,100.17642906394414,44382.095728658474,98.88330928345108,lpr:total_combined:bdpl,1.56856564293954,7.031434357060459
T_minus_10pct,0.9,1530.0,,gen=29_member=3643_pso,50,11063400.0,0.711087,11063367.898928545,0.7136761184084124,46773.04844914237,104.2103519446892,45939.598395335444,102.35342522480737,lpr:total_combined:bdpl,1.767839495759514,6.832160504240486
T_minus_10pct,0.9,1530.0,,gen=28_member=3493_pso,50,12010000.0,0.668784,12010002.111146484,0.6770979164422938,50587.18777954187,112.70825437281928,50262.96022798913,111.98587538795978,lpr:total_combined:bdpl,2.907319189567583,5.6926808104324165
T_minus_10pct,0.9,1530.0,,gen=39_member=4935_pso,50,11281500.0,0.708428,11281519.05267382,0.71111833407565,47746.93364863757,106.3801681691645,46654.0946465578,103.94532287253078,lpr:total_combined:bdpl,1.8913658813510754,6.7086341186489244
T_minus_10pct,0.9,1530.0,,gen=44_member=5540_pso,50,12269800.0,0.591573,12269791.265440106,0.61011347288494,51409.0442246771,114.53935053258057,51274.750450654414,114.24014400405802,lpr:total_combined:bdpl,3.9755948187690247,4.6244051812309745
T_minus_10pct,0.9,1530.0,,gen=42_member=5321_pso,50,11999300.0,0.671198,11999286.1007488,0.6794267831400362,50602.65384263916,112.74271276140006,50173.2583189863,111.78601953470147,lpr:total_combined:bdpl,2.8559192629302386,5.744080737069761
T_minus_10pct,0.9,1530.0,,gen=39_member=4882_pso,50,10775300.0,0.714436,10775264.386121174,0.7167501805215604,45802.7874267953,102.04861038689992,44827.07266782531,99.8747179039148,lpr:total_combined:bdpl,1.6193798398545118,6.980620160145488
T_minus_10pct,0.9,1530.0,,gen=39_member=4970_pso,50,12038300.0,0.666387,12038325.731098836,0.675325226607419,50516.56288398654,112.550902105522,50255.35737047452,111.96893622141724,lpr:total_combined:bdpl,2.94644385374508,5.653556146254919
T_minus_10pct,0.9,1530.0,,gen=32_member=3991_pso,50,12201000.0,0.619031,12200978.588406555,0.6351315584848206,51219.6970317056,114.11748498664006,51020.12093871804,113.6728294514638,lpr:total_combined:bdpl,3.647922944150732,4.9520770558492675
T_minus_10pct,0.9,1530.0,,gen=37_member=4713_pso,50,12177200.0,0.629244,12177156.784652073,0.6435588244559763,50997.8887656764,113.62329616992702,50833.59811395465,113.25725659789096,lpr:total_combined:bdpl,3.5193924808750667,5.080607519124933
T_minus_10pct,0.9,1530.0,,gen=41_member=5214_pso,50,11978400.0,0.676443,11978411.285790766,0.6844188547413316,50645.64701899745,112.83850155832631,50104.31768993943,111.63241981318505,lpr:total_combined:bdpl,2.7457403014964727,5.854259698503527
T_minus_10pct,0.9,1530.0,,gen=47_member=5902_pso,50,11103200.0,0.710867,11103175.487190865,0.713483912605674,47049.460161530864,104.82619723989076,46109.99146446721,102.73306098283294,lpr:total_combined:bdpl,1.777121939082779,6.822878060917221
T_minus_10pct,0.9,1530.0,,gen=45_member=5714_pso,50,11993300.0,0.674785,11993278.716311434,0.6829314986542198,50064.69897747029,111.5441493218038,49746.83479228297,110.83594791720645,lpr:total_combined:bdpl,2.778567424592553,5.821432575407447
T_minus_10pct,0.9,1530.0,,gen=45_member=5725_pso,50,10086100.0,0.718322,10086052.361235783,0.7194412139163232,43236.57024331604,96.33107850210814,42605.227886494205,94.92444773110908,lpr:total_combined:bdpl,1.4035359957927998,7.1964640042072
T_minus_10pct,0.9,1530.0,,gen=41_member=5219_pso,50,10877600.0,0.713721,10877623.213253161,0.7161455432132635,45831.09410723573,102.11167767092121,45102.71967809803,100.48885944280241,lpr:total_combined:bdpl,1.6485803710842308,6.951419628915769
T_minus_10pct,0.9,1530.0,,gen=38_member=4779_pso,50,11511900.0,0.702673,11511911.853114262,0.706965547983078,48003.579465953466,106.95197505014431,47829.015475785905,106.563046480051,lpr:total_combined:bdpl,2.0919217490134114,6.508078250986588
T_minus_10pct,0.9,1530.0,,gen=39_member=4891_pso,50,12250700.0,0.597475,12250726.961103301,0.6148005362906067,51186.95182954514,114.04452867622658,51181.4721129275,114.03231986760247,lpr:total_combined:bdpl,3.9142064744667353,4.685793525533264
T_minus_10pct,0.9,1530.0,,gen=38_member=4772_pso,50,11343500.0,0.707434,11343536.810518842,0.7102970497344747,47559.18910881358,105.96187333443666,47088.50036268619,104.91317880806483,lpr:total_combined:bdpl,1.9310292278298407,6.668970772170159
T_minus_10pct,0.9,1530.0,,gen=42_member=5263_pso,50,12267300.0,0.591914,12267261.652988074,0.6103827121984529,51401.15443533461,114.5217720819255,51266.89061527922,114.2226322908421,lpr:total_combined:bdpl,3.972068483781182,4.627931516218817
T_minus_10pct,0.9,1530.0,,gen=40_member=5076_pso,50,11779100.0,0.693959,11779139.5975923,0.6988469510580866,49427.02345467124,110.12340825700751,48946.710201045935,109.05327032793033,lpr:total_combined:bdpl,2.352005261816565,6.247994738183435
T_minus_10pct,0.9,1530.0,,gen=49_member=6161_pso,50,10118300.0,0.718234,10118254.813456059,0.7193550006941958,43142.178199925635,96.12077302943432,42648.48611640095,95.02082706734132,lpr:total_combined:bdpl,1.4109332298124315,7.189066770187568
T_minus_10pct,0.9,1530.0,,gen=43_member=5437_pso,50,11872500.0,0.688115,11872492.260370716,0.694129957453087,49773.96375344011,110.89639124266456,49388.10419626745,110.03669614928387,lpr:total_combined:bdpl,2.5015032537458577,6.098496746254142
T_minus_10pct,0.9,1530.0,,gen=44_member=5578_pso,50,10529000.0,0.716879,10529046.22432401,0.7182246452356551,45321.15226539255,100.9755272472946,43781.85514960589,97.54597327332193,lpr:total_combined:bdpl,1.5079195579632603,7.092080442036739
T_minus_10pct,0.9,1530.0,,gen=36_member=4573_pso,50,9923880.0,0.718701,9923883.486663597,0.7198216599864975,42793.782245499315,95.34454684297248,42379.19800126966,94.42085314682879,lpr:total_combined:bdpl,1.3708931071095682,7.229106892890432
T_minus_10pct,0.9,1530.0,,gen=44_member=5555_pso,50,11482000.0,0.70427,11481968.855985735,0.7080790397307601,48635.122267710045,108.35905241245798,47726.17379980708,106.33391522597017,lpr:total_combined:bdpl,2.038146452474376,6.561853547525624
T_minus_10pct,0.9,1530.0,,gen=38_member=4840_pso,50,11953800.0,0.677695,11953765.575695587,0.685632851309265,50063.23576541098,111.54088928533567,49665.68700823383,110.65515065434496,lpr:total_combined:bdpl,2.7189464388034064,5.881053561196593
T_minus_10pct,0.9,1530.0,,gen=47_member=5966_pso,50,11540800.0,0.702015,11540755.077291641,0.7064008480387992,48509.58313027878,108.07935121426111,47949.67757377042,106.8318816343605,lpr:total_combined:bdpl,2.112595899747401,6.487404100252599
T_minus_10pct,0.9,1530.0,,gen=47_member=5898_pso,50,11764400.0,0.695319,11764362.834467728,0.7000622426895697,49013.50339598111,109.20208556624591,48858.132426577125,108.85591904641383,lpr:total_combined:bdpl,2.3134884280598613,6.286511571940139
T_minus_10pct,0.9,1530.0,,gen=38_member=4768_pso,50,10569000.0,0.71664,10568987.168558508,0.7180990221639793,44629.149277354714,99.4337445899463,43944.607240902464,97.90858493273069,lpr:total_combined:bdpl,1.5186982208704085,7.081301779129591
T_minus_10pct,0.9,1530.0,,gen=41_member=5241_pso,50,11446400.0,0.705662,11446374.076925283,0.7088788597818642,48174.289000024866,107.3323158920554,47488.398587199335,105.80415205228012,lpr:total_combined:bdpl,1.999519708705937,6.600480291294063
T_minus_10pct,0.9,1530.0,,gen=39_member=4901_pso,50,9895340.0,0.718742,9895339.590260155,0.7198571707987154,43036.58307268322,95.88550708593822,42282.3515580355,94.20507927130309,lpr:total_combined:bdpl,1.3678462219367333,7.2321537780632665
T_minus_10pct,0.9,1530.0,,gen=40_member=5082_pso,50,10606200.0,0.716303,10606192.66881587,0.7179017541940003,45134.53789635979,100.5597504330896,43870.23979482254,97.74289426286462,lpr:total_combined:bdpl,1.5356241320300108,7.064375867969989
T_minus_10pct,0.9,1530.0,,gen=49_member=6158_pso,50,11921100.0,0.684136,11921105.488845602,0.6915609403176286,49938.49052936899,111.2629568994341,49407.06456081771,110.07893984150185,lpr:total_combined:bdpl,2.5829243738796457,6.017075626120354
T_minus_10pct,0.9,1530.0,,gen=49_member=6216_pso,50,11945100.0,0.680279,11945134.063002478,0.6883116995469247,49765.95027878354,110.87853722112972,49575.549827551215,110.45432501578411,lpr:total_combined:bdpl,2.659822143272981,5.9401778567270185
T_minus_10pct,0.9,1530.0,,gen=47_member=6002_pso,50,10144400.0,0.718198,10144439.49189337,0.7193179559960322,43537.03644438117,97.00051719808124,42685.09218699485,95.10238539262453,lpr:total_combined:bdpl,1.4141117248824433,7.185888275117557
T_minus_10pct,0.9,1530.0,,gen=32_member=3978_pso,50,11724500.0,0.69565,11724521.462720819,0.7003787132356285,49484.08398621317,110.25053912128294,48874.142584268266,108.89158967774969,lpr:total_combined:bdpl,2.3034583718201382,6.296541628179861
T_minus_10pct,0.9,1530.0,,gen=24_member=2976_pso,50,11884300.0,0.687169,11884331.744194893,0.6936605503083857,49948.858920262544,111.28605767434495,49302.48132715866,109.8459283969095,lpr:total_combined:bdpl,2.5163804046191856,6.083619595380814
T_minus_10pct,0.9,1530.0,,gen=46_member=5863_pso,50,11617300.0,0.700106,11617325.353071578,0.7047001428626628,49401.63840788752,110.06685037277339,48314.00128676755,107.6435948669181,lpr:total_combined:bdpl,2.1664971830619817,6.433502816938018
T_minus_10pct,0.9,1530.0,,gen=49_member=6159_pso,50,10903700.0,0.713479,10903671.696892686,0.7158901817012577,45667.79848784485,101.74785503091832,45185.67293819359,100.67367930629531,lpr:total_combined:bdpl,1.6609128747254613,6.939087125274538
T_minus_10pct,0.9,1530.0,,gen=49_member=6198_pso,50,11459600.0,0.705203,11459602.640373657,0.708580451510922,48552.841526723045,108.17573092153894,47570.689864403525,105.98749701789104,lpr:total_combined:bdpl,2.0139311251291123,6.586068874870888
T_minus_10pct,0.9,1530.0,,gen=39_member=4883_pso,50,11655800.0,0.698172,11655757.181802921,0.7027758148477344,48881.632005089115,108.90827610733855,48537.54062247831,108.14164050688167,lpr:total_combined:bdpl,2.2274858546896383,6.372514145310362
T_minus_10pct,0.9,1530.0,,gen=36_member=4595_pso,50,12058100.0,0.663152,12058128.274327343,0.6730085042950245,50642.234983008704,112.83089954214338,50507.80174322089,112.53138228389614,lpr:total_combined:bdpl,2.9975757442099176,5.602424255790082
T_minus_10pct,0.9,1530.0,,gen=44_member=5538_pso,50,11819700.0,0.693476,11819711.981230736,0.6982639306730841,49533.11938529392,110.35978999043485,48989.99124684964,109.149700497981,lpr:total_combined:bdpl,2.3704832128401416,6.229516787159858
T_minus_10pct,0.9,1530.0,,gen=47_member=5958_pso,50,11252200.0,0.708814,11252182.316333093,0.7114739711366085,46889.07693987987,104.46886342205235,46538.53885013175,103.68786455809354,lpr:total_combined:bdpl,1.8741906409838858,6.725809359016114
T_minus_10pct,0.9,1530.0,,gen=46_member=5862_pso,50,12127400.0,0.646326,12127415.605267622,0.6581119671839921,50873.35612585935,113.34583744841463,50761.635386620335,113.0969236413901,lpr:total_combined:bdpl,3.273373398421715,5.326626601578285
T_minus_10pct,0.9,1530.0,,gen=48_member=6077_pso,50,11804900.0,0.693913,11804869.991800735,0.6986824595843126,49514.66438767297,110.31867225573538,48929.08457796394,109.01400043970366,lpr:total_combined:bdpl,2.357218570775184,6.242781429224816
T_minus_10pct,0.9,1530.0,,gen=38_member=4784_pso,50,11163300.0,0.710244,11163326.786992056,0.7127947420068622,47658.341063344036,106.1827838891305,46251.2716214466,103.04783317258301,lpr:total_combined:bdpl,1.8104049457994704,6.789595054200529
T_minus_10pct,0.9,1530.0,,gen=38_member=4799_pso,50,11949800.0,0.678338,11949789.008105733,0.6862413808536767,50300.94685990873,112.07050960387664,49627.29767271265,110.56961921480378,lpr:total_combined:bdpl,2.7055157113299364,5.894484288670063
T_minus_10pct,0.9,1530.0,,gen=33_member=4144_pso,50,10275000.0,0.717721,10274983.576880537,0.7189194723383731,43886.43329653439,97.77897338467862,43197.64571836743,96.24435466052263,lpr:total_combined:bdpl,1.4483022677709323,7.151697732229067
T_minus_10pct,0.9,1530.0,,gen=40_member=5066_pso,50,11747400.0,0.695498,11747366.836248316,0.7002282533296987,49275.627853929764,109.7860988585555,48795.80376842059,108.71705079604108,lpr:total_combined:bdpl,2.3082269714168246,6.291773028583175
T_minus_10pct,0.9,1530.0,,gen=40_member=5054_pso,50,11588500.0,0.701146,11588547.789286416,0.7056523406126838,48781.04607997798,108.68417066619094,48181.74171599037,107.34892054322654,lpr:total_combined:bdpl,2.1363187127335825,6.463681287266417
T_minus_10pct,0.9,1530.0,,gen=45_member=5693_pso,50,10709600.0,0.715379,10709593.135838162,0.7174607122137986,45013.264122283465,100.28955246444755,44331.89936597063,98.77147178738257,lpr:total_combined:bdpl,1.5734662478856372,7.0265337521143625
T_minus_10pct,0.9,1530.0,,gen=48_member=6031_pso,50,12052400.0,0.665521,12052365.848215453,0.674704197087801,50542.03664619567,112.60765764772395,50359.41582725156,112.20077846311648,lpr:total_combined:bdpl,2.960150465539963,5.639849534460037
T_minus_10pct,0.9,1530.0,,gen=31_member=3921_pso,50,12113900.0,0.648713,12113891.248633971,0.6603053796112556,50758.519707847816,113.08998190908493,50541.739414484626,112.60699541547174,lpr:total_combined:bdpl,3.2362940319314557,5.363705968068544
T_minus_10pct,0.9,1530.0,,gen=44_member=5545_pso,50,11598800.0,0.700704,11598815.43768315,0.7052301919051343,48922.10128165834,108.99844165553478,48203.08537435674,107.39647421406681,lpr:total_combined:bdpl,2.1496980787787905,6.450301921221209
T_minus_10pct,0.9,1530.0,,gen=39_member=4943_pso,50,11638200.0,0.698899,11638206.369778983,0.7033681240957171,49553.62611216778,110.40547897790981,48263.5673686528,107.53122809735844,lpr:total_combined:bdpl,2.2087135071755934,6.391286492824406
T_minus_10pct,0.9,1530.0,,gen=34_member=4333_pso,50,11563700.0,0.701354,11563663.491177239,0.7058609634608121,49190.64059163448,109.59674723816163,48020.76320158239,106.99026041312557,lpr:total_combined:bdpl,2.1297067264818548,6.470293273518145
T_minus_10pct,0.9,1530.0,,gen=46_member=5865_pso,50,10532800.0,0.716666,10532832.151348412,0.7181266765507098,44588.28472863733,99.34269837540397,43900.42570084892,97.8101484614914,lpr:total_combined:bdpl,1.5163254297222886,7.0836745702777115
T_minus_10pct,0.9,1530.0,,gen=35_member=4371_pso,50,11707200.0,0.696196,11707227.059533695,0.7009956335296568,49103.908059944864,109.40350715755716,48760.57446755105,108.63855991370374,lpr:total_combined:bdpl,2.283906014352471,6.316093985647528
T_minus_10pct,0.9,1530.0,,gen=39_member=4906_pso,50,11134300.0,0.710422,11134328.034844197,0.7130123496938204,47578.77914141552,106.00551992707378,46071.3940281057,102.6470658946195,lpr:total_combined:bdpl,1.7998957364409742,6.800104263559025
T_minus_10pct,0.9,1530.0,,gen=47_member=5999_pso,50,10584600.0,0.716506,10584561.410868496,0.7180272331437081,45172.36751059882,100.64403481361417,43991.90226940192,98.01395825622748,lpr:total_combined:bdpl,1.524857835021022,7.075142164978978
T_minus_10pct,0.9,1530.0,,gen=42_member=5333_pso,50,10737100.0,0.714956,10737093.054913322,0.7171893515313165,45512.1533406996,101.40107764307871,44447.611060534735,99.02927744287139,lpr:total_combined:bdpl,1.5967494337185442,7.003250566281455
T_minus_10pct,0.9,1530.0,,gen=46_member=5794_pso,50,11924600.0,0.682557,11924617.05125353,0.6902660675181663,49682.41356246758,110.69241741717775,49427.09624546203,110.1235704348894,lpr:total_combined:bdpl,2.616687699192705,5.983312300807295
T_minus_10pct,0.9,1530.0,,gen=43_member=5487_pso,50,12067400.0,0.661074,12067409.117305875,0.6714723988705646,50562.666453056096,112.65362085740898,50537.27173193039,112.59704141874091,lpr:total_combined:bdpl,3.031478803668409,5.568521196331591
T_minus_10pct,0.9,1530.0,,gen=30_member=3743_pso,50,10742800.0,0.714799,10742769.128613207,0.7171299524352873,45646.324483692624,101.70001094966716,44378.07642666707,98.87435427861422,lpr:total_combined:bdpl,1.6010390238400447,6.998960976159955
T_minus_10pct,0.9,1530.0,,gen=39_member=4904_pso,50,10630300.0,0.716073,10630263.80682499,0.717796856323998,45186.13101289218,100.67469989672378,44125.36338214286,98.31130961541429,lpr:total_combined:bdpl,1.5446245390838156,7.055375460916184
T_minus_10pct,0.9,1530.0,,gen=47_member=5956_pso,50,12183100.0,0.627514,12183071.266239155,0.6422617002587312,50949.92024342074,113.51642230234141,50854.86246850255,113.30463357982367,lpr:total_combined:bdpl,3.5413202054084048,5.058679794591595
T_minus_10pct,0.9,1530.0,,gen=45_member=5633_pso,50,10052500.0,0.7184,10052464.229952421,0.7195387140343665,43191.05822560805,96.22967772665474,42774.25277119569,95.30103517422398,lpr:total_combined:bdpl,1.3951703278324719,7.204829672167528
T_minus_10pct,0.9,1530.0,,gen=42_member=5374_pso,50,12060700.0,0.662726,12060715.189592736,0.6726962759184065,50808.16226453737,113.20058552538926,50520.26567669265,112.55915192767122,lpr:total_combined:bdpl,3.0044668709832183,5.595533129016781
T_minus_10pct,0.9,1530.0,,gen=48_member=6063_pso,50,11984100.0,0.674935,11984089.021979596,0.6829940255756425,50686.86090154338,112.93032608863865,50056.85481995258,111.52667253885436,lpr:total_combined:bdpl,2.777187406072341,5.822812593927658
T_minus_10pct,0.9,1530.0,,gen=37_member=4733_pso,50,11692900.0,0.69644,11692914.81233409,0.7011985660906035,49794.90136387573,110.94304023871513,48748.25392030278,108.61110973443459,lpr:total_combined:bdpl,2.2774743731633786,6.322525626836621
T_minus_10pct,0.9,1530.0,,gen=38_member=4788_pso,50,12107000.0,0.64925,12107032.78287132,0.6608195734650422,50838.0282661453,113.26712697697172,50549.15545890157,112.6235183624327,lpr:total_combined:bdpl,3.2276016482672585,5.372398351732741
T_minus_10pct,0.9,1530.0,,gen=42_member=5267_pso,50,11624000.0,0.698994,11624016.320151795,0.7035351429599832,49374.311990781556,110.0059671154613,48229.59089885325,107.45552852264503,lpr:total_combined:bdpl,2.2034200963904658,6.396579903609534
T_minus_10pct,0.9,1530.0,,gen=46_member=5801_pso,50,12128900.0,0.644216,12128869.131304957,0.6560853518528474,50817.75993013832,113.22196912434818,50772.09331393344,113.1202239034437,lpr:total_combined:bdpl,3.307633080579183,5.292366919420816
T_minus_10pct,0.9,1530.0,,gen=47_member=5934_pso,50,12214400.0,0.617987,12214365.004216783,0.6341614163717763,51089.75653112735,113.82797755135174,51089.75653112735,113.82797755135174,lpr:total_combined:bdpl,3.6606292834730714,4.939370716526929
T_minus_10pct,0.9,1530.0,,gen=40_member=5041_pso,50,10773400.0,0.714662,10773385.543513425,0.7170287616465958,45911.66320015842,102.29118560995296,44777.123591647796,99.76343136219128,lpr:total_combined:bdpl,1.605925961421964,6.994074038578035
T_minus_10pct,0.9,1530.0,,gen=44_member=5596_pso,50,11129300.0,0.710806,11129305.094874427,0.7133786877427554,46326.48433354849,103.21540709514603,46042.22206637733,102.5820707638887,lpr:total_combined:bdpl,1.782203699426767,6.8177963005732325
T_minus_10pct,0.9,1530.0,,gen=46_member=5800_pso,50,10266700.0,0.717862,10266732.962909713,0.71904758053614,43830.81669688098,97.65505960065083,43267.22125075295,96.39936894667757,lpr:total_combined:bdpl,1.4373103770222704,7.162689622977729
T_minus_10pct,0.9,1530.0,,90,50,12416100.0,0.556633,12416131.199367564,0.5793244933237242,52367.2352406157,116.67420011609178,52367.2352406157,116.67420011609178,lpr:total_combined:bdpl,4.330041279993649,4.2699587200063505
T_minus_10pct,0.9,1530.0,,8,50,12404500.0,0.556712,12404528.288386147,0.5795696461140819,52432.08592469255,116.81868744021499,52432.08592469255,116.81868744021499,lpr:total_combined:bdpl,4.327392435663461,4.272607564336538
T_minus_10pct,0.9,1530.0,,gen=47_member=5927_pso,50,12191700.0,0.623739,12191693.59369932,0.6394174564082624,50892.77888623762,113.3891113585374,50864.275180965094,113.32560510319023,lpr:total_combined:bdpl,3.589401796817447,5.0105982031825524
T_minus_10pct,0.9,1530.0,,gen=23_member=2880_pso,50,12086100.0,0.651425,12086117.93737263,0.6629057852135385,50685.30030794859,112.92684908610946,50513.65277696667,112.54441838708175,lpr:total_combined:bdpl,3.192334496026636,5.407665503973364
T_minus_10pct,0.9,1530.0,,gen=45_member=5694_pso,50,11937100.0,0.681248,11937082.887701936,0.6890100148637972,49824.64404995597,111.0093069433019,49490.96174587519,110.26586276980991,lpr:total_combined:bdpl,2.6444097729162865,5.955590227083713
T_minus_10pct,0.9,1530.0,,gen=33_member=4157_pso,50,12187200.0,0.625142,12187167.117334038,0.640472304277991,51187.975454635576,114.04680931292806,50849.17018404211,113.29195117004582,lpr:total_combined:bdpl,3.5715697237121025,5.028430276287898
T_minus_10pct,0.9,1530.0,,gen=39_member=4884_pso,50,11680400.0,0.697022,11680425.995853443,0.7018153029586733,49254.57549238486,109.73919419703346,48559.45242309004,108.19045999864461,lpr:total_combined:bdpl,2.257927829104577,6.342072170895422
T_minus_10pct,0.9,1530.0,,gen=43_member=5440_pso,50,12121100.0,0.647192,12121098.886050921,0.6588488303224822,50835.08313646425,113.26056522804235,50621.75583412206,112.78527199842394,lpr:total_combined:bdpl,3.2609168179694343,5.339083182030565
T_minus_10pct,0.9,1530.0,,gen=33_member=4206_pso,50,11551100.0,0.701567,11551056.819824193,0.7060374034716321,48667.510880842834,108.43121424251783,47816.250315878584,106.53460570377749,lpr:total_combined:bdpl,2.1241147266780747,6.475885273321925
T_minus_10pct,0.9,1530.0,,gen=48_member=6130_pso,50,11497500.0,0.703325,11497486.999720298,0.7073389951999489,48519.73772520262,108.10197565175143,47653.76048447941,106.17257835942013,lpr:total_combined:bdpl,2.0738863797610425,6.526113620238958
T_minus_10pct,0.9,1530.0,,gen=40_member=5021_pso,50,12103200.0,0.650633,12103213.1286555,0.662201252309421,51356.81714081211,114.42298858972939,50538.80335523818,112.60045387547066,lpr:total_combined:bdpl,3.2042445378552995,5.395755462144701
T_minus_10pct,0.9,1530.0,,gen=45_member=5738_pso,50,10894900.0,0.713643,10894885.825538045,0.7160064898988735,45530.41708116328,101.44176925683179,44923.50650222009,100.08957248694635,lpr:total_combined:bdpl,1.6552958525699482,6.944704147430052
T_minus_10pct,0.9,1530.0,,gen=27_member=3377_pso,50,12186900.0,0.625766,12186931.25762333,0.6409446066806499,50945.06918245952,113.5056141385198,50866.95776489414,113.33158190018415,lpr:total_combined:bdpl,3.5635855098612352,5.036414490138764
T_minus_10pct,0.9,1530.0,,gen=46_member=5826_pso,50,12186100.0,0.627088,12186064.810103523,0.6419433985910183,50982.68793573881,113.58942872082606,50864.647947326586,113.32643562664363,lpr:total_combined:bdpl,3.5467010558334695,5.05329894416653
T_minus_10pct,0.9,1530.0,,gen=41_member=5141_pso,50,11030000.0,0.711812,11029968.090569744,0.714338985946472,46670.83927397202,103.98262990240966,45764.1445725456,101.96251410763159,lpr:total_combined:bdpl,1.7358267767614048,6.864173223238595
T_minus_10pct,0.9,1530.0,,gen=29_member=3677_pso,50,11489400.0,0.703344,11489410.323236927,0.7074075157058299,48245.40350903176,107.49075901812276,47672.920123003445,106.21526603405167,lpr:total_combined:bdpl,2.070577230384387,6.529422769615612
T_minus_10pct,0.9,1530.0,,gen=35_member=4441_pso,50,12097700.0,0.650754,12097747.115144044,0.6622639446583655,50601.79755350265,112.7408049492039,50516.3430693612,112.55041235853676,lpr:total_combined:bdpl,3.203184731430501,5.396815268569499
T_minus_10pct,0.9,1530.0,,gen=31_member=3912_pso,50,11666300.0,0.697443,11666347.56033951,0.7022234067208428,49118.4329153273,109.43586853534921,48526.83479974014,108.11778793382103,lpr:total_combined:bdpl,2.2449935964021086,6.355006403597891
T_minus_10pct,0.9,1530.0,,gen=44_member=5517_pso,50,12132500.0,0.643292,12132464.82691212,0.6551577454290171,51456.49456959809,114.64506990106455,50794.287641190014,113.16967286457135,lpr:total_combined:bdpl,3.3233141527388943,5.276685847261105
T_minus_10pct,0.9,1530.0,,gen=49_member=6177_pso,50,12138900.0,0.642618,12138871.541597325,0.6545345022820772,50825.8835101407,113.24006846059348,50801.76609991204,113.18633487060403,lpr:total_combined:bdpl,3.3338500012508656,5.266149998749134
T_minus_10pct,0.9,1530.0,,gen=44_member=5611_pso,50,11923800.0,0.68319,11923767.054962939,0.6908841150248994,49891.114152183596,111.15740233106504,49430.9234601053,110.13209746911461,lpr:total_combined:bdpl,2.6030469027764584,5.996953097223541
T_minus_10pct,0.9,1530.0,,gen=35_member=4426_pso,50,12009300.0,0.66959,12009325.101516692,0.6778850570527186,50272.83216736466,112.00787006888845,50272.83216736466,112.00787006888845,lpr:total_combined:bdpl,2.8899463748554624,5.710053625144537
T_minus_10pct,0.9,1530.0,,gen=25_member=3126_pso,50,11880600.0,0.687242,11880589.469000075,0.6937085107272243,49706.3042309079,110.7456458264628,49291.21269141708,109.82082187647725,lpr:total_combined:bdpl,2.5148603715411557,6.085139628458844
T_minus_10pct,0.9,1530.0,,gen=36_member=4525_pso,50,11173400.0,0.709924,11173377.904344108,0.7125018057965251,46765.35983396837,104.19322171008152,46266.519971233356,103.08180649590791,lpr:total_combined:bdpl,1.824552092925339,6.7754479070746605
T_minus_10pct,0.9,1530.0,,gen=47_member=5916_pso,50,11938700.0,0.681121,11938697.818192918,0.6888872733106413,49794.69939162476,110.94259024453996,49495.352919661775,110.27564630500643,lpr:total_combined:bdpl,2.6471187758977313,5.952881224102269
T_minus_10pct,0.9,1530.0,,gen=37_member=4683_pso,50,11669800.0,0.697204,11669824.724862162,0.7018825143305554,48673.953149886016,108.44556761794604,48585.14827481801,108.24771035629453,lpr:total_combined:bdpl,2.2557976661294754,6.344202333870524
T_minus_10pct,0.9,1530.0,,gen=30_member=3767_pso,50,12001400.0,0.670255,12001377.210174264,0.6785240642555501,50548.11932642426,112.62120985927325,50242.449031244745,111.94017644161329,lpr:total_combined:bdpl,2.8758429813988453,5.724157018601154
T_minus_10pct,0.9,1530.0,,gen=41_member=5185_pso,50,11449100.0,0.705422,11449096.778256543,0.7087076508800216,48486.720972743366,108.02841432727222,47453.85902728026,105.72719791278043,lpr:total_combined:bdpl,2.0077881215485744,6.592211878451425
T_minus_10pct,0.9,1530.0,,gen=40_member=5102_pso,50,12208700.0,0.61827,12208710.648241015,0.6344220121452043,51061.80412640587,113.76569959363228,51061.80412640587,113.76569959363228,lpr:total_combined:bdpl,3.6572161563872325,4.942783843612768
T_minus_10pct,0.9,1530.0,,gen=40_member=5107_pso,50,12124500.0,0.647188,12124489.979887124,0.6588465698381505,50849.12766349434,113.2918564342654,50630.82800675064,112.80548479904043,lpr:total_combined:bdpl,3.2609550311781947,5.3390449688218045
T_minus_10pct,0.9,1530.0,,gen=36_member=4597_pso,50,12067700.0,0.660395,12067736.32117229,0.6709637691845269,51057.747764340544,113.75666201895073,50541.95907510031,112.60748481932349,lpr:total_combined:bdpl,3.042704662397575,5.557295337602424
T_minus_10pct,0.9,1530.0,,gen=43_member=5401_pso,50,12002800.0,0.670056,12002793.896778665,0.6783082552471427,50410.158340373324,112.31383278235177,50198.64970178832,111.84259153558438,lpr:total_combined:bdpl,2.880606056593563,5.719393943406437
T_minus_10pct,0.9,1530.0,,gen=34_member=4241_pso,50,12130700.0,0.643917,12130735.362367615,0.6557618995423142,51374.07002860749,114.4614280237375,50782.20974221339,113.14276330565143,lpr:total_combined:bdpl,3.3131010019857134,5.286898998014286
T_minus_10pct,0.9,1530.0,,gen=41_member=5136_pso,50,10406500.0,0.717487,10406546.441500314,0.7187020520043049,43931.72374076148,97.87988049441658,43609.560802630964,97.16210146826178,lpr:total_combined:bdpl,1.466957284391828,7.1330427156081715
T_minus_10pct,0.9,1530.0,,gen=30_member=3730_pso,50,12140000.0,0.641959,12140045.72221974,0.653860872805281,51075.04584032901,113.79520213225304,50815.44517450234,113.21681184879121,lpr:total_combined:bdpl,3.3452376244530972,5.254762375546902
T_minus_10pct,0.9,1530.0,,gen=26_member=3274_pso,50,12038900.0,0.665819,12038850.4455638,0.6749127517984131,50639.3413163918,112.82445245292094,50304.87921352462,112.07927088773285,lpr:total_combined:bdpl,2.955547498424788,5.644452501575212
T_minus_10pct,0.9,1530.0,,gen=27_member=3397_pso,50,12071700.0,0.660095,12071654.496071892,0.6707438897564825,50981.96316968758,113.58781394206393,50552.867655833994,112.63178913719814,lpr:total_combined:bdpl,3.047557574967239,5.55244242503276
T_minus_10pct,0.9,1530.0,,gen=35_member=4358_pso,50,12204700.0,0.618623,12204661.884933073,0.6347240187870826,51106.48412393821,113.86524662813433,51009.814886034575,113.64986756608504,lpr:total_combined:bdpl,3.6532606545924855,4.946739345407514
T_minus_10pct,0.9,1530.0,,gen=39_member=4886_pso,50,12044000.0,0.665732,12044004.390030988,0.6748566715630041,50491.711318747475,112.49553281816937,50342.93282698114,112.16405433851398,lpr:total_combined:bdpl,2.956785233495081,5.643214766504919
T_minus_10pct,0.9,1530.0,,gen=44_member=5592_pso,50,12203600.0,0.618851,12203605.6103388,0.6349890220547906,51092.96853954465,113.83513390610548,51061.40909363768,113.76481946062475,lpr:total_combined:bdpl,3.649789800791017,4.950210199208983
T_minus_10pct,0.9,1530.0,,gen=38_member=4844_pso,50,12142000.0,0.641745,12141958.442525955,0.6536558054796557,50941.33531657965,113.49729508533946,50823.455622000954,113.23465912581813,lpr:total_combined:bdpl,3.3487042622944476,5.2512957377055525
T_minus_10pct,0.9,1530.0,,gen=42_member=5368_pso,50,12047200.0,0.665633,12047226.813034713,0.6747746724413719,50988.90270934845,113.60327523642833,50307.04728986295,112.08410136181466,lpr:total_combined:bdpl,2.958595018847031,5.641404981152968
T_minus_10pct,0.9,1530.0,,gen=41_member=5212_pso,50,12074000.0,0.659863,12074040.299001968,0.6705729550722895,50894.43854761299,113.39280908408173,50560.45217337479,112.64868744227903,lpr:total_combined:bdpl,3.0513302383986893,5.54866976160131
T_minus_10pct,0.9,1530.0,,gen=46_member=5787_pso,50,12049200.0,0.665563,12049204.249162452,0.6747318979664794,50381.152569186444,112.2492079241474,50349.292689661954,112.17822411256682,lpr:total_combined:bdpl,2.9595390852779517,5.640460914722048
T_minus_10pct,0.9,1530.0,,gen=47_member=5970_pso,50,12075000.0,0.659832,12074981.120001724,0.6705478050258747,50713.11596487974,112.98882236975206,50559.08338774511,112.64563778789609,lpr:total_combined:bdpl,3.0518853197787856,5.5481146802212145
T_minus_10pct,0.9,1530.0,,gen=50_member=6375_pso,50,12295700.0,0.582721,12295746.208614845,0.603157833651607,51477.2567191637,114.69132797029671,51477.2567191637,114.69132797029671,lpr:total_combined:bdpl,4.066695608142198,4.5333043918578015
T_minus_10pct,0.9,1530.0,,gen=50_member=6314_pso,50,12219200.0,0.616249,12219242.960929338,0.6324773880780208,51108.100000000006,113.86884680000001,51108.100000000006,113.86884680000001,lpr:total_combined:bdpl,3.682685675666714,4.917314324333286
T_minus_10pct,0.9,1530.0,,gen=50_member=6331_pso,50,12250500.0,0.600795,12250481.385280203,0.6174989105836819,51229.27664652902,114.13882836846665,51189.651842018546,114.05054430401732,lpr:total_combined:bdpl,3.8788647869701522,4.721135213029847
T_minus_10pct,0.9,1530.0,,gen=50_member=6311_pso,50,12149400.0,0.639509,12149374.420328459,0.6515185975886749,50943.69444447454,113.50255122228927,50840.12644413603,113.27180171753508,lpr:total_combined:bdpl,3.3848334980325787,5.2151665019674205
T_minus_10pct,0.9,1530.0,,gen=50_member=6307_pso,50,9981370.0,0.718653,9981373.38209072,0.7197593141941069,43752.64310475318,97.48088883739008,42375.601402361644,94.41283992446174,lpr:total_combined:bdpl,1.376242477021427,7.223757522978572
T_minus_10pct,0.9,1530.0,,gen=50_member=6332_pso,50,11222500.0,0.709503,11222480.829753874,0.7121882733729227,47077.84871533011,104.88944693775548,46464.529875399385,103.52297256238982,lpr:total_combined:bdpl,1.8396939196060682,6.760306080393931
T_minus_10pct,0.9,1530.0,,gen=50_member=6369_pso,50,10816200.0,0.714409,10816152.42359839,0.7167769656838316,45326.84803553662,100.98821742317558,44806.315606127355,99.82847117045175,lpr:total_combined:bdpl,1.6180862693839757,6.981913730616024
T_minus_10pct,0.9,1530.0,,gen=50_member=6392_pso,50,10988800.0,0.712623,10988818.450383374,0.7151442640865914,46401.29951110389,103.38209531073947,45639.441190947065,101.68467497343006,lpr:total_combined:bdpl,1.696936438443708,6.903063561556292
T_minus_10pct,0.9,1530.0,,gen=50_member=6378_pso,50,11022800.0,0.712066,11022782.803294366,0.7146154618522209,46236.0318934091,103.01387905851547,45780.544156578704,101.99905238085735,lpr:total_combined:bdpl,1.7224745684055782,6.877525431594421
T_minus_10pct,0.9,1530.0,,gen=50_member=6337_pso,50,12024000.0,0.668505,12024025.732677821,0.6769085563027892,50701.722188745116,112.96343703652411,50210.12362714249,111.86815544127347,lpr:total_combined:bdpl,2.911498517344482,5.688501482655518
T_minus_10pct,0.9,1530.0,,gen=50_member=6333_pso,50,11046600.0,0.711612,11046597.887337454,0.7141607183340128,46399.3412240379,103.37773224715643,45873.557837677174,102.20628686234474,lpr:total_combined:bdpl,1.7444360850416465,6.855563914958353
T_minus_10pct,0.9,1530.0,,gen=50_member=6385_pso,50,10736300.0,0.715054,10736330.109125491,0.7172103541905344,44989.937994704,100.2375818522005,44397.263235323626,98.91710248830104,lpr:total_combined:bdpl,1.5949473715587539,7.005052628441246
baseline_T,1.0,1700.0,,gen=47_member=5907_pso,50,9738960.0,0.719193,9738959.963789836,0.7191930975356632,42427.949226186,94.52947087594241,41736.54912774984,92.98903145662663,lpr:total_combined:bdpl,1.4248247829017298,7.175175217098269
baseline_T,1.0,1700.0,,56,50,12446400.0,0.533346,12446397.913772527,0.5333455781375429,52637.1528415432,117.27557653095823,52637.1528415432,117.27557653095823,lpr:total_combined:bdpl,4.797320436941502,3.802679563058498
baseline_T,1.0,1700.0,,64,50,12377800.0,0.56755,12377834.289729021,0.5675498055267164,52241.56295681393,116.39420226778142,52241.56295681393,116.39420226778142,lpr:total_combined:bdpl,4.457265265351177,4.142734734648823
baseline_T,1.0,1700.0,,gen=40_member=5105_pso,50,12283000.0,0.583854,12283049.42442162,0.5838542264921289,51868.902507044404,115.56391478569493,51444.95457882824,114.61935880162932,lpr:total_combined:bdpl,4.281098096426855,4.318901903573145
baseline_T,1.0,1700.0,,30,50,12433400.0,0.544694,12433371.76921002,0.544693593079314,52187.23403515008,116.27315743031438,52187.23403515008,116.27315743031438,lpr:total_combined:bdpl,4.690661650408188,3.9093383495918115
baseline_T,1.0,1700.0,,gen=36_member=4531_pso,50,12223600.0,0.605591,12223597.44766552,0.6055911484087455,51053.0244471527,113.7461384682562,51053.0244471527,113.7461384682562,lpr:total_combined:bdpl,4.034825511414584,4.5651744885854155
baseline_T,1.0,1700.0,,105,50,12417100.0,0.55506,12417148.746273495,0.5550602110952924,52327.1463926199,116.58488216275714,52327.1463926199,116.58488216275714,lpr:total_combined:bdpl,4.592213724831247,4.007786275168753
baseline_T,1.0,1700.0,,gen=49_member=6222_pso,50,12218800.0,0.616332,12218818.301128551,0.6163316666652364,51106.17822286103,113.86456508053438,51106.17822286103,113.86456508053438,lpr:total_combined:bdpl,3.894152647480776,4.705847352519223
baseline_T,1.0,1700.0,,18,50,12390900.0,0.557388,12390900.705456987,0.5573881924842319,52187.6001459564,116.27397312519085,52187.6001459564,116.27397312519085,lpr:total_combined:bdpl,4.567060185710294,4.032939814289706
baseline_T,1.0,1700.0,,35,50,12440100.0,0.533609,12440134.96511929,0.5336094185261279,52700.025782036595,117.41565744237754,52700.025782036595,117.41565744237754,lpr:total_combined:bdpl,4.794840629166368,3.805159370833632
baseline_T,1.0,1700.0,,gen=44_member=5567_pso,50,9875600.0,0.719021,9875603.379483644,0.7190214820314021,42989.08731889699,95.7796865465025,42069.119675814705,93.72999863771516,lpr:total_combined:bdpl,1.4395496709767714,7.160450329023228
baseline_T,1.0,1700.0,,gen=49_member=6144_pso,50,9757770.0,0.719034,9757774.55799681,0.7190340022773174,42132.10114850491,93.87032135886894,41805.01359125954,93.14157028132627,lpr:total_combined:bdpl,1.4384754136095979,7.161524586390402
baseline_T,1.0,1700.0,,gen=46_member=5849_pso,50,10309300.0,0.717719,10309323.448797248,0.717718806569991,45220.50929470598,100.75129470860493,43336.516794327195,96.55375941776099,lpr:total_combined:bdpl,1.551321334323784,7.048678665676215
baseline_T,1.0,1700.0,,gen=31_member=3852_pso,50,12085500.0,0.652391,12085489.190941257,0.6523909731597901,50809.626277516305,113.20384734630632,50462.82627345364,112.4311769372547,lpr:total_combined:bdpl,3.3700860966244046,5.229913903375595
baseline_T,1.0,1700.0,,gen=37_member=4697_pso,50,9951180.0,0.718657,9951183.919557761,0.7186566543671551,42929.95184756078,95.6479327163654,42506.86767415341,94.70530117801378,lpr:total_combined:bdpl,1.470852475148528,7.129147524851472
baseline_T,1.0,1700.0,,gen=42_member=5264_pso,50,12276000.0,0.587416,12275991.063515613,0.5874156420405886,51721.642237508655,115.23581890516928,51425.41398676402,114.57582236251024,lpr:total_combined:bdpl,4.2426174600481605,4.357382539951839
baseline_T,1.0,1700.0,,gen=43_member=5399_pso,50,12075700.0,0.659796,12075652.37136835,0.6597958752617604,50662.073440237364,112.87509962484884,50563.483653430434,112.655441579843,lpr:total_combined:bdpl,3.2449071401041327,5.355092859895867
baseline_T,1.0,1700.0,,gen=35_member=4383_pso,50,10482600.0,0.717261,10482596.881225228,0.7172614569254945,44395.66150852786,98.91353384100007,43697.952601065685,97.35903839517434,lpr:total_combined:bdpl,1.5905626741745822,7.0094373258254175
baseline_T,1.0,1700.0,,gen=47_member=5964_pso,50,10840100.0,0.714224,10840089.258866806,0.7142239541017272,45340.13174397748,101.01781352558181,44763.52736283021,99.7331389643857,lpr:total_combined:bdpl,1.7413821583575984,6.858617841642401
baseline_T,1.0,1700.0,,gen=45_member=5721_pso,50,10935500.0,0.713017,10935459.38484597,0.713016784356532,46077.815037649634,102.66137190388338,45406.79805241785,101.16634606078696,lpr:total_combined:bdpl,1.7996815675413265,6.800318432458673
baseline_T,1.0,1700.0,,gen=47_member=5893_pso,50,10050300.0,0.718629,10050330.220899835,0.7186285989329644,44663.8123416983,99.51097389730381,42679.893231787595,95.09080212042277,lpr:total_combined:bdpl,1.4732596768179467,7.126740323182053
baseline_T,1.0,1700.0,,gen=35_member=4446_pso,50,11409800.0,0.706375,11409792.203285765,0.7063753109505794,48804.747890203915,108.73697829937431,47323.49343085893,105.4367433639537,lpr:total_combined:bdpl,2.113405259209862,6.486594740790137
baseline_T,1.0,1700.0,,gen=45_member=5683_pso,50,10240800.0,0.71792,10240771.73598947,0.7179197508819495,44683.47269518394,99.55477716486982,43384.26011810516,96.66013154313829,lpr:total_combined:bdpl,1.5340799870711133,7.065920012928887
baseline_T,1.0,1700.0,,gen=49_member=6242_pso,50,11866200.0,0.690335,11866171.531540677,0.6903352268135348,49793.36739732516,110.93962256124044,49240.59882468567,109.70805418139967,lpr:total_combined:bdpl,2.615161298943316,5.984838701056684
baseline_T,1.0,1700.0,,gen=45_member=5670_pso,50,10406200.0,0.717494,10406231.87516301,0.7174939918682569,44191.60289947777,98.45889126003648,43609.30208475285,97.16152504482936,lpr:total_combined:bdpl,1.5706107996603436,7.029389200339656
baseline_T,1.0,1700.0,,gen=38_member=4778_pso,50,10164400.0,0.71794,10164356.433517821,0.7179404783371365,43216.77328051297,96.28697086898289,42970.82431105304,95.73899656502617,lpr:total_combined:bdpl,1.532301537862676,7.067698462137324
baseline_T,1.0,1700.0,,gen=43_member=5423_pso,50,12257800.0,0.594933,12257750.350139363,0.5949331697342024,51233.33114761955,114.14786179689636,51233.33114761955,114.14786179689636,lpr:total_combined:bdpl,4.161391541390667,4.438608458609333
baseline_T,1.0,1700.0,,gen=38_member=4827_pso,50,12171600.0,0.631596,12171637.808199104,0.6315964370568931,50979.48086559517,113.58228336854604,50813.54471465353,113.21257762424806,lpr:total_combined:bdpl,3.6942238435807764,4.905776156419224
baseline_T,1.0,1700.0,,gen=46_member=5827_pso,50,12142700.0,0.641492,12142688.246643651,0.6414918727156044,51220.46766399847,114.11920195538859,50818.373966461804,113.22333719727689,lpr:total_combined:bdpl,3.55433404505438,5.045665954945619
baseline_T,1.0,1700.0,,gen=49_member=6197_pso,50,10994700.0,0.712329,10994705.05589987,0.7123287022863757,46401.49017389091,103.38252010742895,45612.509888916305,101.62467203250553,lpr:total_combined:bdpl,1.8329120045363683,6.767087995463632
baseline_T,1.0,1700.0,,gen=34_member=4254_pso,50,11826100.0,0.692032,11826081.210188618,0.6920321690599462,49289.58618785271,109.81719802653583,49090.82356794755,109.37435490938714,lpr:total_combined:bdpl,2.567989490219597,6.032010509780402
baseline_T,1.0,1700.0,,gen=46_member=5867_pso,50,11245900.0,0.709312,11245910.539729662,0.7093119966348724,47224.11676777734,105.21533215860791,46469.35011106735,103.53371204745807,lpr:total_combined:bdpl,1.9786016706863572,6.621398329313642
baseline_T,1.0,1700.0,,gen=31_member=3915_pso,50,12151300.0,0.634089,12151250.97606472,0.6340885133582651,50778.043066439204,113.13347995202655,50719.60111312249,113.0032712800369,lpr:total_combined:bdpl,3.661584123403055,4.938415876596945
baseline_T,1.0,1700.0,,gen=47_member=5976_pso,50,11362000.0,0.706998,11362024.609674983,0.7069984344666127,48125.197185073404,107.22293932834354,46930.904979662475,104.56205629468799,lpr:total_combined:bdpl,2.0903335195470634,6.509666480452936
baseline_T,1.0,1700.0,,gen=39_member=4925_pso,50,11896400.0,0.684874,11896391.93605654,0.6848736613500962,50146.24464222477,111.72583306287677,49634.299194174644,110.5852186046211,lpr:total_combined:bdpl,2.7357023605755346,5.864297639424465
baseline_T,1.0,1700.0,,gen=36_member=4494_pso,50,10420500.0,0.717361,10420504.849209998,0.7173613368349876,44203.144887668415,98.48460680972522,43469.94284558344,96.85103265995991,lpr:total_combined:bdpl,1.5819928162554864,7.018007183744514
baseline_T,1.0,1700.0,,gen=44_member=5537_pso,50,10636200.0,0.715586,10636170.166640699,0.7155863642699917,45169.2898288748,100.63717773873304,44280.52405169593,98.65700758717853,lpr:total_combined:bdpl,1.675585522721344,6.924414477278655
baseline_T,1.0,1700.0,,gen=46_member=5774_pso,50,12198800.0,0.623458,12198824.129546277,0.6234579458355287,51031.70882205056,113.69864725552864,51031.70882205056,113.69864725552864,lpr:total_combined:bdpl,3.8008169185953444,4.799183081404655
baseline_T,1.0,1700.0,,gen=37_member=4723_pso,50,11316900.0,0.708149,11316939.89607805,0.7081493738333254,47958.33587102356,106.8511723206405,46911.033225908424,104.51778202732396,lpr:total_combined:bdpl,2.034749716728347,6.565250283271652
baseline_T,1.0,1700.0,,gen=45_member=5711_pso,50,10701000.0,0.715537,10701015.255649135,0.7155369992812936,44962.49060320653,100.17642906394414,44382.095728658474,98.88330928345108,lpr:total_combined:bdpl,1.677969569941643,6.922030430058356
baseline_T,1.0,1700.0,,gen=29_member=3643_pso,50,11063400.0,0.711087,11063367.898928545,0.7110874703211161,46773.04844914237,104.2103519446892,45939.598395335444,102.35342522480737,lpr:total_combined:bdpl,1.8928564245507165,6.707143575449283
baseline_T,1.0,1700.0,,gen=28_member=3493_pso,50,12010000.0,0.668784,12010002.111146484,0.6687843192866332,50587.18777954187,112.70825437281928,50262.96022798913,111.98587538795978,lpr:total_combined:bdpl,3.090806842299113,5.509193157700887
baseline_T,1.0,1700.0,,gen=39_member=4935_pso,50,11281500.0,0.708428,11281519.05267382,0.7084276249558883,47746.93364863757,106.3801681691645,46654.0946465578,103.94532287253078,lpr:total_combined:bdpl,2.0213117755318537,6.578688224468146
baseline_T,1.0,1700.0,,gen=44_member=5540_pso,50,12269800.0,0.591573,12269791.265440106,0.5915726667187243,51409.0442246771,114.53935053258057,51274.750450654414,114.24014400405802,lpr:total_combined:bdpl,4.19770134372307,4.40229865627693
baseline_T,1.0,1700.0,,gen=42_member=5321_pso,50,11999300.0,0.671198,11999286.1007488,0.6711976397056825,50602.65384263916,112.74271276140006,50173.2583189863,111.78601953470147,lpr:total_combined:bdpl,3.0375429553571123,5.562457044642887
baseline_T,1.0,1700.0,,gen=39_member=4882_pso,50,10775300.0,0.714436,10775264.386121174,0.7144355292279647,45802.7874267953,102.04861038689992,44827.07266782531,99.8747179039148,lpr:total_combined:bdpl,1.7311642872531274,6.868835712746872
baseline_T,1.0,1700.0,,gen=39_member=4970_pso,50,12038300.0,0.666387,12038325.731098836,0.6663874761853259,50516.56288398654,112.550902105522,50255.35737047452,111.96893622141724,lpr:total_combined:bdpl,3.133476939671035,5.4665230603289645
baseline_T,1.0,1700.0,,gen=32_member=3991_pso,50,12201000.0,0.619031,12200978.588406555,0.6190309686365849,51219.6970317056,114.11748498664006,51020.12093871804,113.6728294514638,lpr:total_combined:bdpl,3.8587988098107666,4.7412011901892335
baseline_T,1.0,1700.0,,gen=37_member=4713_pso,50,12177200.0,0.629244,12177156.784652073,0.6292442555721168,50997.8887656764,113.62329616992702,50833.59811395465,113.25725659789096,lpr:total_combined:bdpl,3.725031305386037,4.874968694613963
baseline_T,1.0,1700.0,,gen=41_member=5214_pso,50,11978400.0,0.676443,11978411.285790766,0.6764432812586526,50645.64701899745,112.83850155832631,50104.31768993943,111.63241981318505,lpr:total_combined:bdpl,2.9217675048988117,5.678232495101188
baseline_T,1.0,1700.0,,gen=47_member=5902_pso,50,11103200.0,0.710867,11103175.487190865,0.7108667270486267,47049.460161530864,104.82619723989076,46109.99146446721,102.73306098283294,lpr:total_combined:bdpl,1.9035170647950834,6.696482935204916
baseline_T,1.0,1700.0,,gen=45_member=5714_pso,50,11993300.0,0.674785,11993278.716311434,0.6747852346350076,50064.69897747029,111.5441493218038,49746.83479228297,110.83594791720645,lpr:total_combined:bdpl,2.9583619028947408,5.641638097105259
baseline_T,1.0,1700.0,,gen=45_member=5725_pso,50,10086100.0,0.718322,10086052.361235783,0.7183218843249791,43236.57024331604,96.33107850210814,42605.227886494205,94.92444773110908,lpr:total_combined:bdpl,1.4995762866896,7.100423713310399
baseline_T,1.0,1700.0,,gen=41_member=5219_pso,50,10877600.0,0.713721,10877623.213253161,0.7137212929865848,45831.09410723573,102.11167767092121,45102.71967809803,100.48885944280241,lpr:total_combined:bdpl,1.765657821452267,6.8343421785477325
baseline_T,1.0,1700.0,,gen=38_member=4779_pso,50,11511900.0,0.702673,11511911.853114262,0.7026728899290035,48003.579465953466,106.95197505014431,47829.015475785905,106.563046480051,lpr:total_combined:bdpl,2.2307479046219183,6.369252095378082
baseline_T,1.0,1700.0,,gen=39_member=4891_pso,50,12250700.0,0.597475,12250726.961103301,0.5974754275877532,51186.95182954514,114.04452867622658,51181.4721129275,114.03231986760247,lpr:total_combined:bdpl,4.133922772663108,4.466077227336892
baseline_T,1.0,1700.0,,gen=38_member=4772_pso,50,11343500.0,0.707434,11343536.810518842,0.7074339860216267,47559.18910881358,105.96187333443666,47088.50036268619,104.91317880806483,lpr:total_combined:bdpl,2.069298865201697,6.530701134798303
baseline_T,1.0,1700.0,,gen=42_member=5263_pso,50,12267300.0,0.591914,12267261.652988074,0.5919136163670924,51401.15443533461,114.5217720819255,51266.89061527922,114.2226322908421,lpr:total_combined:bdpl,4.194017426678351,4.405982573321649
baseline_T,1.0,1700.0,,gen=40_member=5076_pso,50,11779100.0,0.693959,11779139.5975923,0.693959147841803,49427.02345467124,110.12340825700751,48946.710201045935,109.05327032793033,lpr:total_combined:bdpl,2.506916806535524,6.093083193464476
baseline_T,1.0,1700.0,,gen=49_member=6161_pso,50,10118300.0,0.718234,10118254.813456059,0.7182339432217956,43142.178199925635,96.12077302943432,42648.48611640095,95.02082706734132,lpr:total_combined:bdpl,1.507121775700919,7.09287822429908
baseline_T,1.0,1700.0,,gen=43_member=5437_pso,50,11872500.0,0.688115,11872492.260370716,0.6881154406599326,49773.96375344011,110.89639124266456,49388.10419626745,110.03669614928387,lpr:total_combined:bdpl,2.664153731853429,5.9358462681465705
baseline_T,1.0,1700.0,,gen=44_member=5578_pso,50,10529000.0,0.716879,10529046.22432401,0.7168791997941185,45321.15226539255,100.9755272472946,43781.85514960589,97.54597327332193,lpr:total_combined:bdpl,1.613148945323405,6.9868510546765945
baseline_T,1.0,1700.0,,gen=36_member=4573_pso,50,9923880.0,0.718701,9923883.486663597,0.7187011319527531,42793.782245499315,95.34454684297248,42379.19800126966,94.42085314682879,lpr:total_combined:bdpl,1.4670362263043522,7.132963773695647
baseline_T,1.0,1700.0,,gen=44_member=5555_pso,50,11482000.0,0.70427,11481968.855985735,0.7042700609099659,48635.122267710045,108.35905241245798,47726.17379980708,106.33391522597017,lpr:total_combined:bdpl,2.1801279813367684,6.419872018663231
baseline_T,1.0,1700.0,,gen=38_member=4840_pso,50,11953800.0,0.677695,11953765.575695587,0.6776945795982344,50063.23576541098,111.54088928533567,49665.68700823383,110.65515065434496,lpr:total_combined:bdpl,2.89415036265607,5.705849637343929
baseline_T,1.0,1700.0,,gen=47_member=5966_pso,50,11540800.0,0.702015,11540755.077291641,0.7020153958630895,48509.58313027878,108.07935121426111,47949.67757377042,106.8318816343605,lpr:total_combined:bdpl,2.2515861865427147,6.3484138134572845
baseline_T,1.0,1700.0,,gen=47_member=5898_pso,50,11764400.0,0.695319,11764362.834467728,0.6953189506537198,49013.50339598111,109.20208556624591,48858.132426577125,108.85591904641383,lpr:total_combined:bdpl,2.4638199090570296,6.13618009094297
baseline_T,1.0,1700.0,,gen=38_member=4768_pso,50,10569000.0,0.71664,10568987.168558508,0.7166401343828656,44629.149277354714,99.4337445899463,43944.607240902464,97.90858493273069,lpr:total_combined:bdpl,1.6246944403027037,6.975305559697296
baseline_T,1.0,1700.0,,gen=41_member=5241_pso,50,11446400.0,0.705662,11446374.076925283,0.7056617193235153,48174.289000024866,107.3323158920554,47488.398587199335,105.80415205228012,lpr:total_combined:bdpl,2.136021468651098,6.463978531348902
baseline_T,1.0,1700.0,,gen=39_member=4901_pso,50,9895340.0,0.718742,9895339.590260155,0.7187424273966453,43036.58307268322,95.88550708593822,42282.3515580355,94.20507927130309,lpr:total_combined:bdpl,1.4634930103697525,7.136506989630247
baseline_T,1.0,1700.0,,gen=40_member=5082_pso,50,10606200.0,0.716303,10606192.66881587,0.7163030802462714,45134.53789635979,100.5597504330896,43870.23979482254,97.74289426286462,lpr:total_combined:bdpl,1.6409722314787833,6.959027768521216
baseline_T,1.0,1700.0,,gen=49_member=6158_pso,50,11921100.0,0.684136,11921105.488845602,0.684136055099977,49938.49052936899,111.2629568994341,49407.06456081771,110.07893984150185,lpr:total_combined:bdpl,2.751981912848804,5.848018087151196
baseline_T,1.0,1700.0,,gen=49_member=6216_pso,50,11945100.0,0.680279,11945134.063002478,0.6802786876565723,49765.95027878354,110.87853722112972,49575.549827551215,110.45432501578411,lpr:total_combined:bdpl,2.837117057679754,5.762882942320246
baseline_T,1.0,1700.0,,gen=47_member=6002_pso,50,10144400.0,0.718198,10144439.49189337,0.7181975860789928,43537.03644438117,97.00051719808124,42685.09218699485,95.10238539262453,lpr:total_combined:bdpl,1.5102412774079752,7.089758722592024
baseline_T,1.0,1700.0,,gen=32_member=3978_pso,50,11724500.0,0.69565,11724521.462720819,0.6956504359983704,49484.08398621317,110.25053912128294,48874.142584268266,108.89158967774969,lpr:total_combined:bdpl,2.453313981441033,6.146686018558967
baseline_T,1.0,1700.0,,gen=24_member=2976_pso,50,11884300.0,0.687169,11884331.744194893,0.6871686509051157,49948.858920262544,111.28605767434495,49302.48132715866,109.8459283969095,lpr:total_combined:bdpl,2.6850501292237676,5.914949870776232
baseline_T,1.0,1700.0,,gen=46_member=5863_pso,50,11617300.0,0.700106,11617325.353071578,0.7001060589818718,49401.63840788752,110.06685037277339,48314.00128676755,107.6435948669181,lpr:total_combined:bdpl,2.312099736816777,6.287900263183223
baseline_T,1.0,1700.0,,gen=49_member=6159_pso,50,10903700.0,0.713479,10903671.696892686,0.7134787458617392,45667.79848784485,101.74785503091832,45185.67293819359,100.67367930629531,lpr:total_combined:bdpl,1.7773714633273998,6.8226285366726
baseline_T,1.0,1700.0,,gen=49_member=6198_pso,50,11459600.0,0.705203,11459602.640373657,0.7052034682762328,48552.841526723045,108.17573092153894,47570.689864403525,105.98749701789104,lpr:total_combined:bdpl,2.150545043857054,6.4494549561429455
baseline_T,1.0,1700.0,,gen=39_member=4883_pso,50,11655800.0,0.698172,11655757.181802921,0.6981721286505488,48881.632005089115,108.90827610733855,48537.54062247831,108.14164050688167,lpr:total_combined:bdpl,2.373392739367702,6.2266072606322975
baseline_T,1.0,1700.0,,gen=36_member=4595_pso,50,12058100.0,0.663152,12058128.274327343,0.6631516057535513,50642.234983008704,112.83089954214338,50507.80174322089,112.53138228389614,lpr:total_combined:bdpl,3.188178930123629,5.411821069876371
baseline_T,1.0,1700.0,,gen=44_member=5538_pso,50,11819700.0,0.693476,11819711.981230736,0.6934764652608703,49533.11938529392,110.35978999043485,48989.99124684964,109.149700497981,lpr:total_combined:bdpl,2.5222147023207153,6.077785297679284
baseline_T,1.0,1700.0,,gen=47_member=5958_pso,50,11252200.0,0.708814,11252182.316333093,0.7088139961171142,46889.07693987987,104.46886342205235,46538.53885013175,103.68786455809354,lpr:total_combined:bdpl,2.0026522535261395,6.59734774647386
baseline_T,1.0,1700.0,,gen=46_member=5862_pso,50,12127400.0,0.646326,12127415.605267622,0.6463260316051229,50873.35612585935,113.34583744841463,50761.635386620335,113.0969236413901,lpr:total_combined:bdpl,3.472613185398164,5.127386814601836
baseline_T,1.0,1700.0,,gen=48_member=6077_pso,50,11804900.0,0.693913,11804869.991800735,0.6939129026208544,49514.66438767297,110.31867225573538,48929.08457796394,109.01400043970366,lpr:total_combined:bdpl,2.508382479005553,6.091617520994447
baseline_T,1.0,1700.0,,gen=38_member=4784_pso,50,11163300.0,0.710244,11163326.786992056,0.7102441206169997,47658.341063344036,106.1827838891305,46251.2716214466,103.04783317258301,lpr:total_combined:bdpl,1.9335854021290155,6.666414597870984
baseline_T,1.0,1700.0,,gen=38_member=4799_pso,50,11949800.0,0.678338,11949789.008105733,0.6783375110730322,50300.94685990873,112.07050960387664,49627.29767271265,110.56961921480378,lpr:total_combined:bdpl,2.8799603574189843,5.720039642581016
baseline_T,1.0,1700.0,,gen=33_member=4144_pso,50,10275000.0,0.717721,10274983.576880537,0.7177213397693751,43886.43329653439,97.77897338467862,43197.64571836743,96.24435466052263,lpr:total_combined:bdpl,1.5511039817159038,7.048896018284096
baseline_T,1.0,1700.0,,gen=40_member=5066_pso,50,11747400.0,0.695498,11747366.836248316,0.6954978957629557,49275.627853929764,109.7860988585555,48795.80376842059,108.71705079604108,lpr:total_combined:bdpl,2.4581485139404498,6.14185148605955
baseline_T,1.0,1700.0,,gen=40_member=5054_pso,50,11588500.0,0.701146,11588547.789286416,0.7011461132731867,48781.04607997798,108.68417066619094,48181.74171599037,107.34892054322654,lpr:total_combined:bdpl,2.2791367860329963,6.320863213967003
baseline_T,1.0,1700.0,,gen=45_member=5693_pso,50,10709600.0,0.715379,10709593.135838162,0.7153791400536657,45013.264122283465,100.28955246444755,44331.89936597063,98.77147178738257,lpr:total_combined:bdpl,1.6855932697084197,6.91440673029158
baseline_T,1.0,1700.0,,gen=48_member=6031_pso,50,12052400.0,0.665521,12052365.848215453,0.6655208087713973,50542.03664619567,112.60765764772395,50359.41582725156,112.20077846311648,lpr:total_combined:bdpl,3.1481278453861616,5.451872154613838
baseline_T,1.0,1700.0,,gen=31_member=3921_pso,50,12113900.0,0.648713,12113891.248633971,0.6487131488428448,50758.519707847816,113.08998190908493,50541.739414484626,112.60699541547174,lpr:total_combined:bdpl,3.432259262983702,5.167740737016297
baseline_T,1.0,1700.0,,gen=44_member=5545_pso,50,11598800.0,0.700704,11598815.43768315,0.7007039732045743,48922.10128165834,108.99844165553478,48203.08537435674,107.39647421406681,lpr:total_combined:bdpl,2.2931497480897933,6.306850251910206
baseline_T,1.0,1700.0,,gen=39_member=4943_pso,50,11638200.0,0.698899,11638206.369778983,0.6988987398250707,49553.62611216778,110.40547897790981,48263.5673686528,107.53122809735844,lpr:total_combined:bdpl,2.350363895023021,6.249636104976979
baseline_T,1.0,1700.0,,gen=34_member=4333_pso,50,11563700.0,0.701354,11563663.491177239,0.70135445111761,49190.64059163448,109.59674723816163,48020.76320158239,106.99026041312557,lpr:total_combined:bdpl,2.272533832543477,6.327466167456523
baseline_T,1.0,1700.0,,gen=46_member=5865_pso,50,10532800.0,0.716666,10532832.151348412,0.7166655059570326,44588.28472863733,99.34269837540397,43900.42570084892,97.8101484614914,lpr:total_combined:bdpl,1.6234691380700301,6.9765308619299695
baseline_T,1.0,1700.0,,gen=35_member=4371_pso,50,11707200.0,0.696196,11707227.059533695,0.6961955336508473,49103.908059944864,109.40350715755716,48760.57446755105,108.63855991370374,lpr:total_combined:bdpl,2.4360379341798524,6.163962065820147
baseline_T,1.0,1700.0,,gen=39_member=4906_pso,50,11134300.0,0.710422,11134328.034844197,0.7104217989274334,47578.77914141552,106.00551992707378,46071.3940281057,102.6470658946195,lpr:total_combined:bdpl,1.9250045537733647,6.674995446226635
baseline_T,1.0,1700.0,,gen=47_member=5999_pso,50,10584600.0,0.716506,10584561.410868496,0.7165056598297174,45172.36751059882,100.64403481361417,43991.90226940192,98.01395825622748,lpr:total_combined:bdpl,1.631188793752154,6.968811206247846
baseline_T,1.0,1700.0,,gen=42_member=5333_pso,50,10737100.0,0.714956,10737093.054913322,0.7149561496832161,45512.1533406996,101.40107764307871,44447.611060534735,99.02927744287139,lpr:total_combined:bdpl,1.7060212905279992,6.893978709472
baseline_T,1.0,1700.0,,gen=46_member=5794_pso,50,11924600.0,0.682557,11924617.05125353,0.6825572480794769,49682.41356246758,110.69241741717775,49427.09624546203,110.1235704348894,lpr:total_combined:bdpl,2.786827430244407,5.813172569755593
baseline_T,1.0,1700.0,,gen=43_member=5487_pso,50,12067400.0,0.661074,12067409.117305875,0.6610737098129726,50562.666453056096,112.65362085740898,50537.27173193039,112.59704141874091,lpr:total_combined:bdpl,3.2233055046572927,5.376694495342707
baseline_T,1.0,1700.0,,gen=30_member=3743_pso,50,10742800.0,0.714799,10742769.128613207,0.7147994499908987,45646.324483692624,101.70001094966716,44378.07642666707,98.87435427861422,lpr:total_combined:bdpl,1.713588991356934,6.886411008643066
baseline_T,1.0,1700.0,,gen=39_member=4904_pso,50,10630300.0,0.716073,10630263.80682499,0.7160731881327753,45186.13101289218,100.67469989672378,44125.36338214286,98.31130961541429,lpr:total_combined:bdpl,1.6520747085298877,6.947925291470112
baseline_T,1.0,1700.0,,gen=47_member=5956_pso,50,12183100.0,0.627514,12183071.266239155,0.6275136307375955,50949.92024342074,113.51642230234141,50854.86246850255,113.30463357982367,lpr:total_combined:bdpl,3.747697991113233,4.852302008886767
baseline_T,1.0,1700.0,,gen=45_member=5633_pso,50,10052500.0,0.7184,10052464.229952421,0.7183999358013387,43191.05822560805,96.22967772665474,42774.25277119569,95.30103517422398,lpr:total_combined:bdpl,1.4928793436690044,7.107120656330995
baseline_T,1.0,1700.0,,gen=42_member=5374_pso,50,12060700.0,0.662726,12060715.189592736,0.6627264599881645,50808.16226453737,113.20058552538926,50520.26567669265,112.55915192767122,lpr:total_combined:bdpl,3.1953659668389367,5.404634033161063
baseline_T,1.0,1700.0,,gen=48_member=6063_pso,50,11984100.0,0.674935,11984089.021979596,0.6749350871189527,50686.86090154338,112.93032608863865,50056.85481995258,111.52667253885436,lpr:total_combined:bdpl,2.955054540266959,5.644945459733041
baseline_T,1.0,1700.0,,gen=37_member=4733_pso,50,11692900.0,0.69644,11692914.81233409,0.6964396627420671,49794.90136387573,110.94304023871513,48748.25392030278,108.61110973443459,lpr:total_combined:bdpl,2.428300631150606,6.171699368849394
baseline_T,1.0,1700.0,,gen=38_member=4788_pso,50,12107000.0,0.64925,12107032.78287132,0.6492495817134613,50838.0282661453,113.26712697697172,50549.15545890157,112.6235183624327,lpr:total_combined:bdpl,3.423190931483538,5.176809068516462
baseline_T,1.0,1700.0,,gen=42_member=5267_pso,50,11624000.0,0.698994,11624016.320151795,0.6989939703239986,49374.311990781556,110.0059671154613,48229.59089885325,107.45552852264503,lpr:total_combined:bdpl,2.34734570811154,6.25265429188846
baseline_T,1.0,1700.0,,gen=46_member=5801_pso,50,12128900.0,0.644216,12128869.131304957,0.644216331104358,50817.75993013832,113.22196912434818,50772.09331393344,113.1202239034437,lpr:total_combined:bdpl,3.5082774120981726,5.0917225879018275
baseline_T,1.0,1700.0,,gen=47_member=5934_pso,50,12214400.0,0.617987,12214365.004216783,0.6179866602388745,51089.75653112735,113.82797755135174,51089.75653112735,113.82797755135174,lpr:total_combined:bdpl,3.8724765346307266,4.7275234653692735
baseline_T,1.0,1700.0,,gen=40_member=5041_pso,50,10773400.0,0.714662,10773385.543513425,0.7146617545581112,45911.66320015842,102.29118560995296,44777.123591647796,99.76343136219128,lpr:total_combined:bdpl,1.7202388949108955,6.879761105089104
baseline_T,1.0,1700.0,,gen=44_member=5596_pso,50,11129300.0,0.710806,11129305.094874427,0.7108061392991337,46326.48433354849,103.21540709514603,46042.22206637733,102.5820707638887,lpr:total_combined:bdpl,1.9064431073117016,6.693556892688298
baseline_T,1.0,1700.0,,gen=46_member=5800_pso,50,10266700.0,0.717862,10266732.962909713,0.7178621007197982,43830.81669688098,97.65505960065083,43267.22125075295,96.39936894667757,lpr:total_combined:bdpl,1.5390264643071996,7.0609735356928
baseline_T,1.0,1700.0,,90,50,12416100.0,0.556633,12416131.199367564,0.5566328473213152,52367.2352406157,116.67420011609178,52367.2352406157,116.67420011609178,lpr:total_combined:bdpl,4.5752215929257956,4.024778407074204
baseline_T,1.0,1700.0,,8,50,12404500.0,0.556712,12404528.288386147,0.5567115758856632,52432.08592469255,116.81868744021499,52432.08592469255,116.81868744021499,lpr:total_combined:bdpl,4.574370940926311,4.0256290590736885
baseline_T,1.0,1700.0,,gen=47_member=5927_pso,50,12191700.0,0.623739,12191693.59369932,0.623738553752266,50892.77888623762,113.3891113585374,50864.275180965094,113.32560510319023,lpr:total_combined:bdpl,3.797141684463503,4.802858315536497
baseline_T,1.0,1700.0,,gen=23_member=2880_pso,50,12086100.0,0.651425,12086117.93737263,0.6514247996527707,50685.30030794859,112.92684908610946,50513.65277696667,112.54441838708175,lpr:total_combined:bdpl,3.3864191405675586,5.213580859432441
baseline_T,1.0,1700.0,,gen=45_member=5694_pso,50,11937100.0,0.681248,11937082.887701936,0.6812476072239025,49824.64404995597,111.0093069433019,49490.96174587519,110.26586276980991,lpr:total_combined:bdpl,2.8157322378759657,5.784267762124034
baseline_T,1.0,1700.0,,gen=33_member=4157_pso,50,12187200.0,0.625142,12187167.117334038,0.6251423087652561,51187.975454635576,114.04680931292806,50849.17018404211,113.29195117004582,lpr:total_combined:bdpl,3.7787561435405195,4.82124385645948
baseline_T,1.0,1700.0,,gen=39_member=4884_pso,50,11680400.0,0.697022,11680425.995853443,0.6970224928409644,49254.57549238486,109.73919419703346,48559.45242309004,108.19045999864461,lpr:total_combined:bdpl,2.409828710957895,6.190171289042105
baseline_T,1.0,1700.0,,gen=43_member=5440_pso,50,12121100.0,0.647192,12121098.886050921,0.6471922669367052,50835.08313646425,113.26056522804235,50621.75583412206,112.78527199842394,lpr:total_combined:bdpl,3.4579695839817983,5.142030416018201
baseline_T,1.0,1700.0,,gen=33_member=4206_pso,50,11551100.0,0.701567,11551056.819824193,0.7015666582040447,48667.510880842834,108.43121424251783,47816.250315878584,106.53460570377749,lpr:total_combined:bdpl,2.265808249269094,6.334191750730906
baseline_T,1.0,1700.0,,gen=48_member=6130_pso,50,11497500.0,0.703325,11497486.999720298,0.7033247715123476,48519.73772520262,108.10197565175143,47653.76048447941,106.17257835942013,lpr:total_combined:bdpl,2.210087501864037,6.3899124981359625
baseline_T,1.0,1700.0,,gen=40_member=5021_pso,50,12103200.0,0.650633,12103213.1286555,0.6506332046488428,51356.81714081211,114.42298858972939,50538.80335523818,112.60045387547066,lpr:total_combined:bdpl,3.3998009564530096,5.20019904354699
baseline_T,1.0,1700.0,,gen=45_member=5738_pso,50,10894900.0,0.713643,10894885.825538045,0.7136427207472469,45530.41708116328,101.44176925683179,44923.50650222009,100.08957248694635,lpr:total_combined:bdpl,1.7694524121880564,6.830547587811943
baseline_T,1.0,1700.0,,gen=27_member=3377_pso,50,12186900.0,0.625766,12186931.25762333,0.625766171791428,50945.06918245952,113.5056141385198,50866.95776489414,113.33158190018415,lpr:total_combined:bdpl,3.7705851599344937,4.829414840065506
baseline_T,1.0,1700.0,,gen=46_member=5826_pso,50,12186100.0,0.627088,12186064.810103523,0.6270884887803406,50982.68793573881,113.58942872082606,50864.647947326586,113.32643562664363,lpr:total_combined:bdpl,3.753266245388982,4.846733754611018
baseline_T,1.0,1700.0,,gen=41_member=5141_pso,50,11030000.0,0.711812,11029968.090569744,0.7118124085109114,46670.83927397202,103.98262990240966,45764.1445725456,101.96251410763159,lpr:total_combined:bdpl,1.8578460473208291,6.74215395267917
baseline_T,1.0,1700.0,,gen=29_member=3677_pso,50,11489400.0,0.703344,11489410.323236927,0.703343864315409,48245.40350903176,107.49075901812276,47672.920123003445,106.21526603405167,lpr:total_combined:bdpl,2.209482384291916,6.390517615708084
baseline_T,1.0,1700.0,,gen=35_member=4441_pso,50,12097700.0,0.650754,12097747.115144044,0.6507538051162439,50601.79755350265,112.7408049492039,50516.3430693612,112.55041235853676,lpr:total_combined:bdpl,3.397762220429597,5.202237779570403
baseline_T,1.0,1700.0,,gen=31_member=3912_pso,50,11666300.0,0.697443,11666347.56033951,0.6974427956900187,49118.4329153273,109.43586853534921,48526.83479974014,108.11778793382103,lpr:total_combined:bdpl,2.3965078466113363,6.203492153388663
baseline_T,1.0,1700.0,,gen=44_member=5517_pso,50,12132500.0,0.643292,12132464.82691212,0.6432922308365611,51456.49456959809,114.64506990106455,50794.287641190014,113.16967286457135,lpr:total_combined:bdpl,3.523899213122679,5.076100786877321
baseline_T,1.0,1700.0,,gen=49_member=6177_pso,50,12138900.0,0.642618,12138871.541597325,0.6426184770272728,50825.8835101407,113.24006846059348,50801.76609991204,113.18633487060403,lpr:total_combined:bdpl,3.5352889381503494,5.06471106184965
baseline_T,1.0,1700.0,,gen=44_member=5611_pso,50,11923800.0,0.68319,11923767.054962939,0.6831898003872626,49891.114152183596,111.15740233106504,49430.9234601053,110.13209746911461,lpr:total_combined:bdpl,2.772866501417529,5.827133498582471
baseline_T,1.0,1700.0,,gen=35_member=4426_pso,50,12009300.0,0.66959,12009325.101516692,0.669589732775445,50272.83216736466,112.00787006888845,50272.83216736466,112.00787006888845,lpr:total_combined:bdpl,3.0730307307347253,5.526969269265274
baseline_T,1.0,1700.0,,gen=25_member=3126_pso,50,11880600.0,0.687242,11880589.469000075,0.6872416129736483,49706.3042309079,110.7456458264628,49291.21269141708,109.82082187647725,lpr:total_combined:bdpl,2.6834397987683913,5.916560201231608
baseline_T,1.0,1700.0,,gen=36_member=4525_pso,50,11173400.0,0.709924,11173377.904344108,0.7099241166233876,46765.35983396837,104.19322171008152,46266.519971233356,103.08180649590791,lpr:total_combined:bdpl,1.9490397687069334,6.650960231293066
baseline_T,1.0,1700.0,,gen=47_member=5916_pso,50,11938700.0,0.681121,11938697.818192918,0.6811207141324473,49794.69939162476,110.94259024453996,49495.352919661775,110.27564630500643,lpr:total_combined:bdpl,2.818532868585274,5.7814671314147255
baseline_T,1.0,1700.0,,gen=37_member=4683_pso,50,11669800.0,0.697204,11669824.724862162,0.6972040802568173,48673.953149886016,108.44556761794604,48585.14827481801,108.24771035629453,lpr:total_combined:bdpl,2.4040735719216904,6.195926428078309
baseline_T,1.0,1700.0,,gen=30_member=3767_pso,50,12001400.0,0.670255,12001377.210174264,0.670254954827148,50548.11932642426,112.62120985927325,50242.449031244745,111.94017644161329,lpr:total_combined:bdpl,3.058348754867139,5.541651245132861
baseline_T,1.0,1700.0,,gen=41_member=5185_pso,50,11449100.0,0.705422,11449096.778256543,0.705421553325665,48486.720972743366,108.02841432727222,47453.85902728026,105.72719791278043,lpr:total_combined:bdpl,2.1436331674183515,6.456366832581648
baseline_T,1.0,1700.0,,gen=40_member=5102_pso,50,12208700.0,0.61827,12208710.648241015,0.6182699186052586,51061.80412640587,113.76569959363228,51061.80412640587,113.76569959363228,lpr:total_combined:bdpl,3.86876658649965,4.73123341350035
baseline_T,1.0,1700.0,,gen=40_member=5107_pso,50,12124500.0,0.647188,12124489.979887124,0.6471876609874609,50849.12766349434,113.2918564342654,50630.82800675064,112.80548479904043,lpr:total_combined:bdpl,3.4580474469855527,5.1419525530144465
baseline_T,1.0,1700.0,,gen=36_member=4597_pso,50,12067700.0,0.660395,12067736.32117229,0.6603953897960401,51057.747764340544,113.75666201895073,50541.95907510031,112.60748481932349,lpr:total_combined:bdpl,3.2347724208618747,5.365227579138125
baseline_T,1.0,1700.0,,gen=43_member=5401_pso,50,12002800.0,0.670056,12002793.896778665,0.6700559875631963,50410.158340373324,112.31383278235177,50198.64970178832,111.84259153558438,lpr:total_combined:bdpl,3.0627401194653223,5.537259880534677
baseline_T,1.0,1700.0,,gen=34_member=4241_pso,50,12130700.0,0.643917,12130735.362367615,0.6439173730976578,51374.07002860749,114.4614280237375,50782.20974221339,113.14276330565143,lpr:total_combined:bdpl,3.5133312603201694,5.08666873967983
baseline_T,1.0,1700.0,,gen=41_member=5136_pso,50,10406500.0,0.717487,10406546.441500314,0.717487209115701,43931.72374076148,97.87988049441658,43609.560802630964,97.16210146826178,lpr:total_combined:bdpl,1.5711927708094908,7.028807229190509
baseline_T,1.0,1700.0,,gen=30_member=3730_pso,50,12140000.0,0.641959,12140045.72221974,0.6419594591909595,51075.04584032901,113.79520213225304,50815.44517450234,113.21681184879121,lpr:total_combined:bdpl,3.5464295533727976,5.053570446627202
baseline_T,1.0,1700.0,,gen=26_member=3274_pso,50,12038900.0,0.665819,12038850.4455638,0.6658189137501658,50639.3413163918,112.82445245292094,50304.87921352462,112.07927088773285,lpr:total_combined:bdpl,3.143088417496115,5.456911582503885
baseline_T,1.0,1700.0,,gen=27_member=3397_pso,50,12071700.0,0.660095,12071654.496071892,0.6600954917705697,50981.96316968758,113.58781394206393,50552.867655833994,112.63178913719814,lpr:total_combined:bdpl,3.2398421599852165,5.360157840014783
baseline_T,1.0,1700.0,,gen=35_member=4358_pso,50,12204700.0,0.618623,12204661.884933073,0.6186225522286454,51106.48412393821,113.86524662813433,51009.814886034575,113.64986756608504,lpr:total_combined:bdpl,3.8641480028767226,4.735851997123277
baseline_T,1.0,1700.0,,gen=39_member=4886_pso,50,12044000.0,0.665732,12044004.390030988,0.6657318747236284,50491.711318747475,112.49553281816937,50342.93282698114,112.16405433851398,lpr:total_combined:bdpl,3.1445598015020697,5.45544019849793
baseline_T,1.0,1700.0,,gen=44_member=5592_pso,50,12203600.0,0.618851,12203605.6103388,0.6188505892296975,51092.96853954465,113.83513390610548,51061.40909363768,113.76481946062475,lpr:total_combined:bdpl,3.86116131105657,4.73883868894343
baseline_T,1.0,1700.0,,gen=38_member=4844_pso,50,12142000.0,0.641745,12141958.442525955,0.6417452436507985,50941.33531657965,113.49729508533946,50823.455622000954,113.23465912581813,lpr:total_combined:bdpl,3.550050840652294,5.0499491593477055
baseline_T,1.0,1700.0,,gen=42_member=5368_pso,50,12047200.0,0.665633,12047226.813034713,0.6656328438976323,50988.90270934845,113.60327523642833,50307.04728986295,112.08410136181466,lpr:total_combined:bdpl,3.1462339053984913,5.453766094601509
baseline_T,1.0,1700.0,,gen=41_member=5212_pso,50,12074000.0,0.659863,12074040.299001968,0.6598630848769318,50894.43854761299,113.39280908408173,50560.45217337479,112.64868744227903,lpr:total_combined:bdpl,3.243770969851043,5.356229030148956
baseline_T,1.0,1700.0,,gen=46_member=5787_pso,50,12049200.0,0.665563,12049204.249162452,0.6655631923487528,50381.152569186444,112.2492079241474,50349.292689661954,112.17822411256682,lpr:total_combined:bdpl,3.1474113562396613,5.452588643760338
baseline_T,1.0,1700.0,,gen=47_member=5970_pso,50,12075000.0,0.659832,12074981.120001724,0.6598321089296924,50713.11596487974,112.98882236975206,50559.08338774511,112.64563778789609,lpr:total_combined:bdpl,3.2442946144177465,5.355705385582253
baseline_T,1.0,1700.0,,gen=50_member=6375_pso,50,12295700.0,0.582721,12295746.208614845,0.5827213394112062,51477.2567191637,114.69132797029671,51477.2567191637,114.69132797029671,lpr:total_combined:bdpl,4.293338795448333,4.306661204551666
baseline_T,1.0,1700.0,,gen=50_member=6314_pso,50,12219200.0,0.616249,12219242.960929338,0.6162493056564763,51108.100000000006,113.86884680000001,51108.100000000006,113.86884680000001,lpr:total_combined:bdpl,3.895231362557841,4.704768637442159
baseline_T,1.0,1700.0,,gen=50_member=6331_pso,50,12250500.0,0.600795,12250481.385280203,0.6007954444173293,51229.27664652902,114.13882836846665,51189.651842018546,114.05054430401732,lpr:total_combined:bdpl,4.097636764925896,4.502363235074104
baseline_T,1.0,1700.0,,gen=50_member=6311_pso,50,12149400.0,0.639509,12149374.420328459,0.6395089291111404,50943.69444447454,113.50255122228927,50840.12644413603,113.27180171753508,lpr:total_combined:bdpl,3.58785546205992,5.012144537940079
baseline_T,1.0,1700.0,,gen=50_member=6307_pso,50,9981370.0,0.718653,9981373.38209072,0.7186533706371289,43752.64310475318,97.48088883739008,42375.601402361644,94.41283992446174,lpr:total_combined:bdpl,1.4711342245004395,7.12886577549956
baseline_T,1.0,1700.0,,gen=50_member=6332_pso,50,11222500.0,0.709503,11222480.829753874,0.709502877333777,47077.84871533011,104.88944693775548,46464.529875399385,103.52297256238982,lpr:total_combined:bdpl,1.9693832223156864,6.630616777684313
baseline_T,1.0,1700.0,,gen=50_member=6369_pso,50,10816200.0,0.714409,10816152.42359839,0.7144087871515501,45326.84803553662,100.98821742317558,44806.315606127355,99.82847117045175,lpr:total_combined:bdpl,1.7324557769226856,6.867544223077314
baseline_T,1.0,1700.0,,gen=50_member=6392_pso,50,10988800.0,0.712623,10988818.450383374,0.7126225097149498,46401.29951110389,103.38209531073947,45639.441190947065,101.68467497343006,lpr:total_combined:bdpl,1.8187227825418355,6.781277217458165
baseline_T,1.0,1700.0,,gen=50_member=6378_pso,50,11022800.0,0.712066,11022782.803294366,0.7120658886858616,46236.0318934091,103.01387905851547,45780.544156578704,101.99905238085735,lpr:total_combined:bdpl,1.8456044015222999,6.7543955984777
baseline_T,1.0,1700.0,,gen=50_member=6337_pso,50,12024000.0,0.668505,12024025.732677821,0.6685050693066373,50701.722188745116,112.96343703652411,50210.12362714249,111.86815544127347,lpr:total_combined:bdpl,3.0969701098228315,5.503029890177168
baseline_T,1.0,1700.0,,gen=50_member=6333_pso,50,11046600.0,0.711612,11046597.887337454,0.7116120537700265,46399.3412240379,103.37773224715643,45873.557837677174,102.20628686234474,lpr:total_combined:bdpl,1.867522037849292,6.732477962150708
baseline_T,1.0,1700.0,,gen=50_member=6385_pso,50,10736300.0,0.715054,10736330.109125491,0.7150544125320408,44989.937994704,100.2375818522005,44397.263235323626,98.91710248830104,lpr:total_combined:bdpl,1.7012757557314309,6.898724244268569
T_plus_10pct,1.1,1870.0000000000002,,gen=47_member=5907_pso,50,9738960.0,0.719193,9738959.963789836,0.7181758766647598,42427.949226186,94.52947087594241,41736.54912774984,92.98903145662663,lpr:total_combined:bdpl,1.5121039802921465,7.087896019707853
T_plus_10pct,1.1,1870.0000000000002,,56,50,12446400.0,0.533346,12446397.913772527,0.5083652508034485,52637.1528415432,117.27557653095823,52637.1528415432,117.27557653095823,lpr:total_combined:bdpl,5.032107879003476,3.5678921209965235
T_plus_10pct,1.1,1870.0000000000002,,64,50,12377800.0,0.56755,12377834.289729021,0.5456544562691608,52241.56295681393,116.39420226778142,52241.56295681393,116.39420226778142,lpr:total_combined:bdpl,4.6816305993935865,3.918369400606413
T_plus_10pct,1.1,1870.0000000000002,,gen=40_member=5105_pso,50,12283000.0,0.583854,12283049.42442162,0.5643882100791341,51868.902507044404,115.56391478569493,51444.95457882824,114.61935880162932,lpr:total_combined:bdpl,4.4914258970268515,4.108574102973148
T_plus_10pct,1.1,1870.0000000000002,,30,50,12433400.0,0.544694,12433371.76921002,0.5203895825188364,52187.23403515008,116.27315743031438,52187.23403515008,116.27315743031438,lpr:total_combined:bdpl,4.9190924629841914,3.680907537015808
T_plus_10pct,1.1,1870.0000000000002,,gen=36_member=4531_pso,50,12223600.0,0.605591,12223597.44766552,0.5880122656323642,51053.0244471527,113.7461384682562,51053.0244471527,113.7461384682562,lpr:total_combined:bdpl,4.236171018969417,4.363828981030583
T_plus_10pct,1.1,1870.0000000000002,,105,50,12417100.0,0.55506,12417148.746273495,0.5308184536976437,52327.1463926199,116.58488216275714,52327.1463926199,116.58488216275714,lpr:total_combined:bdpl,4.8210726110055475,3.778927388994452
T_plus_10pct,1.1,1870.0000000000002,,gen=49_member=6222_pso,50,12218800.0,0.616332,12218818.301128551,0.6011885927798469,51106.17822286103,113.86456508053438,51106.17822286103,113.86456508053438,lpr:total_combined:bdpl,4.092487543558219,4.507512456441781
T_plus_10pct,1.1,1870.0000000000002,,18,50,12390900.0,0.557388,12390900.705456987,0.533732872081775,52187.6001459564,116.27397312519085,52187.6001459564,116.27397312519085,lpr:total_combined:bdpl,4.793680302315715,3.806319697684285
T_plus_10pct,1.1,1870.0000000000002,,35,50,12440100.0,0.533609,12440134.96511929,0.5085191094249141,52700.025782036595,117.41565744237754,52700.025782036595,117.41565744237754,lpr:total_combined:bdpl,5.030661778170211,3.5693382218297884
T_plus_10pct,1.1,1870.0000000000002,,gen=44_member=5567_pso,50,9875600.0,0.719021,9875603.379483644,0.7179828618397975,42989.08731889699,95.7796865465025,42069.119675814705,93.72999863771516,lpr:total_combined:bdpl,1.5286649647243682,7.071335035275632
T_plus_10pct,1.1,1870.0000000000002,,gen=49_member=6144_pso,50,9757770.0,0.719034,9757774.55799681,0.7180093028645314,42132.10114850491,93.87032135886894,41805.01359125954,93.14157028132627,lpr:total_combined:bdpl,1.5263962819997428,7.073603718000257
T_plus_10pct,1.1,1870.0000000000002,,gen=46_member=5849_pso,50,10309300.0,0.717719,10309323.448797248,0.716170508814066,45220.50929470598,100.75129470860493,43336.516794327195,96.55375941776099,lpr:total_combined:bdpl,1.6473746750481135,6.952625324951886
T_plus_10pct,1.1,1870.0000000000002,,gen=31_member=3852_pso,50,12085500.0,0.652391,12085489.190941257,0.641706229151855,50809.626277516305,113.20384734630632,50462.82627345364,112.4311769372547,lpr:total_combined:bdpl,3.550710375943868,5.049289624056131
T_plus_10pct,1.1,1870.0000000000002,,gen=37_member=4697_pso,50,9951180.0,0.718657,9951183.919557761,0.7175825712527875,42929.95184756078,95.6479327163654,42506.86767415341,94.70530117801378,lpr:total_combined:bdpl,1.5630105450762,7.0369894549238
T_plus_10pct,1.1,1870.0000000000002,,gen=42_member=5264_pso,50,12276000.0,0.587416,12275991.063515613,0.5680309248497533,51721.642237508655,115.23581890516928,51425.41398676402,114.57582236251024,lpr:total_combined:bdpl,4.452066833022057,4.147933166977943
T_plus_10pct,1.1,1870.0000000000002,,gen=43_member=5399_pso,50,12075700.0,0.659796,12075652.37136835,0.64911387392632,50662.073440237364,112.87509962484884,50563.483653430434,112.655441579843,lpr:total_combined:bdpl,3.4254850548834237,5.1745149451165755
T_plus_10pct,1.1,1870.0000000000002,,gen=35_member=4383_pso,50,10482600.0,0.717261,10482596.881225228,0.7153023239345205,44395.66150852786,98.91353384100007,43697.952601065685,97.35903839517434,lpr:total_combined:bdpl,1.689303049861351,6.910696950138648
T_plus_10pct,1.1,1870.0000000000002,,gen=47_member=5964_pso,50,10840100.0,0.714224,10840089.258866806,0.7119973503037775,45340.13174397748,101.01781352558181,44763.52736283021,99.7331389643857,lpr:total_combined:bdpl,1.84891441421754,6.75108558578246
T_plus_10pct,1.1,1870.0000000000002,,gen=45_member=5721_pso,50,10935500.0,0.713017,10935459.38484597,0.710678997649261,46077.815037649634,102.66137190388338,45406.79805241785,101.16634606078696,lpr:total_combined:bdpl,1.9125833233829936,6.687416676617006
T_plus_10pct,1.1,1870.0000000000002,,gen=47_member=5893_pso,50,10050300.0,0.718629,10050330.220899835,0.7175466627890734,44663.8123416983,99.51097389730381,42679.893231787595,95.09080212042277,lpr:total_combined:bdpl,1.566091549391124,7.033908450608876
T_plus_10pct,1.1,1870.0000000000002,,gen=35_member=4446_pso,50,11409800.0,0.706375,11409792.203285765,0.7023249116939155,48804.747890203915,108.73697829937431,47323.49343085893,105.4367433639537,lpr:total_combined:bdpl,2.2417765495040345,6.358223450495965
T_plus_10pct,1.1,1870.0000000000002,,gen=45_member=5683_pso,50,10240800.0,0.71792,10240771.73598947,0.7165311859338942,44683.47269518394,99.55477716486982,43384.26011810516,96.66013154313829,lpr:total_combined:bdpl,1.6299560286019414,6.970043971398058
T_plus_10pct,1.1,1870.0000000000002,,gen=49_member=6242_pso,50,11866200.0,0.690335,11866171.531540677,0.6832654996136709,49793.36739732516,110.93962256124044,49240.59882468567,109.70805418139967,lpr:total_combined:bdpl,2.7711957597268784,5.828804240273121
T_plus_10pct,1.1,1870.0000000000002,,gen=45_member=5670_pso,50,10406200.0,0.717494,10406231.87516301,0.7157136350277602,44191.60289947777,98.45889126003648,43609.30208475285,97.16152504482936,lpr:total_combined:bdpl,1.669439071475525,6.930560928524475
T_plus_10pct,1.1,1870.0000000000002,,gen=38_member=4778_pso,50,10164400.0,0.71794,10164356.433517821,0.7165825439310253,43216.77328051297,96.28697086898289,42970.82431105304,95.73899656502617,lpr:total_combined:bdpl,1.6274757304487473,6.972524269551252
T_plus_10pct,1.1,1870.0000000000002,,gen=43_member=5423_pso,50,12257800.0,0.594933,12257750.350139363,0.5759145297468027,51233.33114761955,114.14786179689636,51233.33114761955,114.14786179689636,lpr:total_combined:bdpl,4.366885497323149,4.233114502676851
T_plus_10pct,1.1,1870.0000000000002,,gen=38_member=4827_pso,50,12171600.0,0.631596,12171637.808199104,0.617013012463954,50979.48086559517,113.58228336854604,50813.54471465353,113.21257762424806,lpr:total_combined:bdpl,3.8852287890089605,4.714771210991039
T_plus_10pct,1.1,1870.0000000000002,,gen=46_member=5827_pso,50,12142700.0,0.641492,12142688.246643651,0.6278738757515384,51220.46766399847,114.11920195538859,50818.373966461804,113.22333719727689,lpr:total_combined:bdpl,3.7429797180635505,4.85702028193645
T_plus_10pct,1.1,1870.0000000000002,,gen=49_member=6197_pso,50,10994700.0,0.712329,10994705.05589987,0.7099439241293967,46401.49017389091,103.38252010742895,45612.509888916305,101.62467203250553,lpr:total_combined:bdpl,1.948083179211274,6.651916820788726
T_plus_10pct,1.1,1870.0000000000002,,gen=34_member=4254_pso,50,11826100.0,0.692032,11826081.210188618,0.6857546063906881,49289.58618785271,109.81719802653583,49090.82356794755,109.37435490938714,lpr:total_combined:bdpl,2.716259208031916,5.8837407919680835
T_plus_10pct,1.1,1870.0000000000002,,gen=46_member=5867_pso,50,11245900.0,0.709312,11245910.539729662,0.7068507063853463,47224.11676777734,105.21533215860791,46469.35011106735,103.53371204745807,lpr:total_combined:bdpl,2.0974679427646374,6.502532057235362
T_plus_10pct,1.1,1870.0000000000002,,gen=31_member=3915_pso,50,12151300.0,0.634089,12151250.97606472,0.6195973850276273,50778.043066439204,113.13347995202655,50719.60111312249,113.0032712800369,lpr:total_combined:bdpl,3.8513802277643334,4.748619772235666
T_plus_10pct,1.1,1870.0000000000002,,gen=47_member=5976_pso,50,11362000.0,0.706998,11362024.609674983,0.7032539563265673,48125.197185073404,107.22293932834354,46930.904979662475,104.56205629468799,lpr:total_combined:bdpl,2.2123318822806337,6.387668117719366
T_plus_10pct,1.1,1870.0000000000002,,gen=39_member=4925_pso,50,11896400.0,0.684874,11896391.93605654,0.6775656469029161,50146.24464222477,111.72583306287677,49634.299194174644,110.5852186046211,lpr:total_combined:bdpl,2.8969960090328883,5.703003990967112
T_plus_10pct,1.1,1870.0000000000002,,gen=36_member=4494_pso,50,10420500.0,0.717361,10420504.849209998,0.7155007721362187,44203.144887668415,98.48460680972522,43469.94284558344,96.85103265995991,lpr:total_combined:bdpl,1.679719134294696,6.920280865705304
T_plus_10pct,1.1,1870.0000000000002,,gen=44_member=5537_pso,50,10636200.0,0.715586,10636170.166640699,0.713452047572708,45169.2898288748,100.63717773873304,44280.52405169593,98.65700758717853,lpr:total_combined:bdpl,1.7786608383162392,6.821339161683761
T_plus_10pct,1.1,1870.0000000000002,,gen=46_member=5774_pso,50,12198800.0,0.623458,12198824.129546277,0.608514642801179,51031.70882205056,113.69864725552864,51031.70882205056,113.69864725552864,lpr:total_combined:bdpl,3.996535335926126,4.603464664073874
T_plus_10pct,1.1,1870.0000000000002,,gen=37_member=4723_pso,50,11316900.0,0.708149,11316939.89607805,0.7049706209831864,47958.33587102356,106.8511723206405,46911.033225908424,104.51778202732396,lpr:total_combined:bdpl,2.157924787323256,6.442075212676744
T_plus_10pct,1.1,1870.0000000000002,,gen=45_member=5711_pso,50,10701000.0,0.715537,10701015.255649135,0.7133890332675825,44962.49060320653,100.17642906394414,44382.095728658474,98.88330928345108,lpr:total_combined:bdpl,1.7817040696211628,6.818295930378837
T_plus_10pct,1.1,1870.0000000000002,,gen=29_member=3643_pso,50,11063400.0,0.711087,11063367.898928545,0.7086526154596717,46773.04844914237,104.2103519446892,45939.598395335444,102.35342522480737,lpr:total_combined:bdpl,2.0104460182556028,6.589553981744396
T_plus_10pct,1.1,1870.0000000000002,,gen=28_member=3493_pso,50,12010000.0,0.668784,12010002.111146484,0.6587408083388157,50587.18777954187,112.70825437281928,50262.96022798913,111.98587538795978,lpr:total_combined:bdpl,3.2627429162770727,5.3372570837229265
T_plus_10pct,1.1,1870.0000000000002,,gen=39_member=4935_pso,50,11281500.0,0.708428,11281519.05267382,0.7054265478287676,47746.93364863757,106.3801681691645,46654.0946465578,103.94532287253078,lpr:total_combined:bdpl,2.143474874181802,6.456525125818198
T_plus_10pct,1.1,1870.0000000000002,,gen=44_member=5540_pso,50,12269800.0,0.591573,12269791.265440106,0.5724521487451125,51409.0442246771,114.53935053258057,51274.750450654414,114.24014400405802,lpr:total_combined:bdpl,4.404296078177204,4.195703921822796
T_plus_10pct,1.1,1870.0000000000002,,gen=42_member=5321_pso,50,11999300.0,0.671198,11999286.1007488,0.6619932791823648,50602.65384263916,112.74271276140006,50173.2583189863,111.78601953470147,lpr:total_combined:bdpl,3.207760297911359,5.392239702088641
T_plus_10pct,1.1,1870.0000000000002,,gen=39_member=4882_pso,50,10775300.0,0.714436,10775264.386121174,0.7122467828840437,45802.7874267953,102.04861038689992,44827.07266782531,99.8747179039148,lpr:total_combined:bdpl,1.8368682441419808,6.763131755858019
T_plus_10pct,1.1,1870.0000000000002,,gen=39_member=4970_pso,50,12038300.0,0.666387,12038325.731098836,0.6560215667046726,50516.56288398654,112.550902105522,50255.35737047452,111.96893622141724,lpr:total_combined:bdpl,3.3087113606401584,5.291288639359841
T_plus_10pct,1.1,1870.0000000000002,,gen=32_member=3991_pso,50,12201000.0,0.619031,12200978.588406555,0.6040008655605233,51219.6970317056,114.11748498664006,51020.12093871804,113.6728294514638,lpr:total_combined:bdpl,4.055654082008841,4.5443459179911585
T_plus_10pct,1.1,1870.0000000000002,,gen=37_member=4713_pso,50,12177200.0,0.629244,12177156.784652073,0.6145878840617109,50997.8887656764,113.62329616992702,50833.59811395465,113.25725659789096,lpr:total_combined:bdpl,3.9169916657718766,4.6830083342281235
T_plus_10pct,1.1,1870.0000000000002,,gen=41_member=5214_pso,50,11978400.0,0.676443,11978411.285790766,0.668951947588129,50645.64701899745,112.83850155832631,50104.31768993943,111.63241981318505,lpr:total_combined:bdpl,3.0871071533441445,5.5128928466558555
T_plus_10pct,1.1,1870.0000000000002,,gen=47_member=5902_pso,50,11103200.0,0.710867,11103175.487190865,0.7084060320513045,47049.460161530864,104.82619723989076,46109.99146446721,102.73306098283294,lpr:total_combined:bdpl,2.0223545895891193,6.577645410410881
T_plus_10pct,1.1,1870.0000000000002,,gen=45_member=5714_pso,50,11993300.0,0.674785,11993278.716311434,0.666804518587416,50064.69897747029,111.5441493218038,49746.83479228297,110.83594791720645,lpr:total_combined:bdpl,3.126426889312578,5.473573110687422
T_plus_10pct,1.1,1870.0000000000002,,gen=45_member=5725_pso,50,10086100.0,0.718322,10086052.361235783,0.7172569249454193,43236.57024331604,96.33107850210814,42605.227886494205,94.92444773110908,lpr:total_combined:bdpl,1.5909515254013642,7.009048474598636
T_plus_10pct,1.1,1870.0000000000002,,gen=41_member=5219_pso,50,10877600.0,0.713721,10877623.213253161,0.7114372731818338,45831.09410723573,102.11167767092121,45102.71967809803,100.48885944280241,lpr:total_combined:bdpl,1.8759629427584559,6.724037057241544
T_plus_10pct,1.1,1870.0000000000002,,gen=38_member=4779_pso,50,11511900.0,0.702673,11511911.853114262,0.6985661993992447,48003.579465953466,106.95197505014431,47829.015475785905,106.563046480051,lpr:total_combined:bdpl,2.3609032618442094,6.239096738155791
T_plus_10pct,1.1,1870.0000000000002,,gen=39_member=4891_pso,50,12250700.0,0.597475,12250726.961103301,0.5785555310929498,51186.95182954514,114.04452867622658,51181.4721129275,114.03231986760247,lpr:total_combined:bdpl,4.338349817873812,4.261650182126187
T_plus_10pct,1.1,1870.0000000000002,,gen=38_member=4772_pso,50,11343500.0,0.707434,11343536.810518842,0.7036813916131229,47559.18910881358,105.96187333443666,47088.50036268619,104.91317880806483,lpr:total_combined:bdpl,2.1987849660940055,6.401215033905994
T_plus_10pct,1.1,1870.0000000000002,,gen=42_member=5263_pso,50,12267300.0,0.591914,12267261.652988074,0.5728057980447879,51401.15443533461,114.5217720819255,51266.89061527922,114.2226322908421,lpr:total_combined:bdpl,4.400474943035511,4.199525056964489
T_plus_10pct,1.1,1870.0000000000002,,gen=40_member=5076_pso,50,11779100.0,0.693959,11779139.5975923,0.6886344154162203,49427.02345467124,110.12340825700751,48946.710201045935,109.05327032793033,lpr:total_combined:bdpl,2.65269954925651,5.947300450743489
T_plus_10pct,1.1,1870.0000000000002,,gen=49_member=6161_pso,50,10118300.0,0.718234,10118254.813456059,0.7171670974386143,43142.178199925635,96.12077302943432,42648.48611640095,95.02082706734132,lpr:total_combined:bdpl,1.5986588708970948,7.001341129102904
T_plus_10pct,1.1,1870.0000000000002,,gen=43_member=5437_pso,50,11872500.0,0.688115,11872492.260370716,0.681188333813612,49773.96375344011,110.89639124266456,49388.10419626745,110.03669614928387,lpr:total_combined:bdpl,2.8170404488368743,5.782959551163126
T_plus_10pct,1.1,1870.0000000000002,,gen=44_member=5578_pso,50,10529000.0,0.716879,10529046.22432401,0.7148148211838105,45321.15226539255,100.9755272472946,43781.85514960589,97.54597327332193,lpr:total_combined:bdpl,1.712846650465132,6.887153349534867
T_plus_10pct,1.1,1870.0000000000002,,gen=36_member=4573_pso,50,9923880.0,0.718701,9923883.486663597,0.7176378257134999,42793.782245499315,95.34454684297248,42379.19800126966,94.42085314682879,lpr:total_combined:bdpl,1.5582696229017106,7.041730377098289
T_plus_10pct,1.1,1870.0000000000002,,gen=44_member=5555_pso,50,11482000.0,0.70427,11481968.855985735,0.7000759291283087,48635.122267710045,108.35905241245798,47726.17379980708,106.33391522597017,lpr:total_combined:bdpl,2.3130546570439376,6.286945342956062
T_plus_10pct,1.1,1870.0000000000002,,gen=38_member=4840_pso,50,11953800.0,0.677695,11953765.575695587,0.6702697032072064,50063.23576541098,111.54088928533567,49665.68700823383,110.65515065434496,lpr:total_combined:bdpl,3.0580232464755466,5.5419767535244535
T_plus_10pct,1.1,1870.0000000000002,,gen=47_member=5966_pso,50,11540800.0,0.702015,11540755.077291641,0.6979084530723358,48509.58313027878,108.07935121426111,47949.67757377042,106.8318816343605,lpr:total_combined:bdpl,2.381749538796445,6.218250461203555
T_plus_10pct,1.1,1870.0000000000002,,gen=47_member=5898_pso,50,11764400.0,0.695319,11764362.834467728,0.6908317948980007,49013.50339598111,109.20208556624591,48858.132426577125,108.85591904641383,lpr:total_combined:bdpl,2.604201649283357,5.995798350716642
T_plus_10pct,1.1,1870.0000000000002,,gen=38_member=4768_pso,50,10569000.0,0.71664,10568987.168558508,0.7145603967219368,44629.149277354714,99.4337445899463,43944.607240902464,97.90858493273069,lpr:total_combined:bdpl,1.725133899932872,6.874866100067128
T_plus_10pct,1.1,1870.0000000000002,,gen=41_member=5241_pso,50,11446400.0,0.705662,11446374.076925283,0.7016212084254811,48174.289000024866,107.3323158920554,47488.398587199335,105.80415205228012,lpr:total_combined:bdpl,2.2640793623451425,6.335920637654857
T_plus_10pct,1.1,1870.0000000000002,,gen=39_member=4901_pso,50,9895340.0,0.718742,9895339.590260155,0.7176846004787771,43036.58307268322,95.88550708593822,42282.3515580355,94.20507927130309,lpr:total_combined:bdpl,1.5542562723224085,7.045743727677591
T_plus_10pct,1.1,1870.0000000000002,,gen=40_member=5082_pso,50,10606200.0,0.716303,10606192.66881587,0.7142352254339546,45134.53789635979,100.5597504330896,43870.23979482254,97.74289426286462,lpr:total_combined:bdpl,1.7408378173383012,6.859162182661699
T_plus_10pct,1.1,1870.0000000000002,,gen=49_member=6158_pso,50,11921100.0,0.684136,11921105.488845602,0.6769833984956105,49938.49052936899,111.2629568994341,49407.06456081771,110.07893984150185,lpr:total_combined:bdpl,2.9098466910617162,5.690153308938283
T_plus_10pct,1.1,1870.0000000000002,,gen=49_member=6216_pso,50,11945100.0,0.680279,11945134.063002478,0.672744378645926,49765.95027878354,110.87853722112972,49575.549827551215,110.45432501578411,lpr:total_combined:bdpl,3.0034052058102185,5.596594794189781
T_plus_10pct,1.1,1870.0000000000002,,gen=47_member=6002_pso,50,10144400.0,0.718198,10144439.49189337,0.7171154257515446,43537.03644438117,97.00051719808124,42685.09218699485,95.10238539262453,lpr:total_combined:bdpl,1.601740579758727,6.998259420241273
T_plus_10pct,1.1,1870.0000000000002,,gen=32_member=3978_pso,50,11724500.0,0.69565,11724521.462720819,0.6912355357226143,49484.08398621317,110.25053912128294,48874.142584268266,108.89158967774969,lpr:total_combined:bdpl,2.593237581314914,6.006762418685085
T_plus_10pct,1.1,1870.0000000000002,,gen=24_member=2976_pso,50,11884300.0,0.687169,11884331.744194893,0.6800073665511386,49948.858920262544,111.28605767434495,49302.48132715866,109.8459283969095,lpr:total_combined:bdpl,2.843105328682115,5.756894671317885
T_plus_10pct,1.1,1870.0000000000002,,gen=46_member=5863_pso,50,11617300.0,0.700106,11617325.353071578,0.695804291543806,49401.63840788752,110.06685037277339,48314.00128676755,107.6435948669181,lpr:total_combined:bdpl,2.448437762175988,6.151562237824011
T_plus_10pct,1.1,1870.0000000000002,,gen=49_member=6159_pso,50,10903700.0,0.713479,10903671.696892686,0.711200516284885,45667.79848784485,101.74785503091832,45185.67293819359,100.67367930629531,lpr:total_combined:bdpl,1.8873969496719216,6.712603050328078
T_plus_10pct,1.1,1870.0000000000002,,gen=49_member=6198_pso,50,11459600.0,0.705203,11459602.640373657,0.7011537685117785,48552.841526723045,108.17573092153894,47570.689864403525,105.98749701789104,lpr:total_combined:bdpl,2.278894164801539,6.321105835198461
T_plus_10pct,1.1,1870.0000000000002,,gen=39_member=4883_pso,50,11655800.0,0.698172,11655757.181802921,0.6938646753532446,48881.632005089115,108.90827610733855,48537.54062247831,108.14164050688167,lpr:total_combined:bdpl,2.509910969452571,6.0900890305474285
T_plus_10pct,1.1,1870.0000000000002,,gen=36_member=4595_pso,50,12058100.0,0.663152,12058128.274327343,0.6525714170684973,50642.234983008704,112.83089954214338,50507.80174322089,112.53138228389614,lpr:total_combined:bdpl,3.367035714608363,5.2329642853916365
T_plus_10pct,1.1,1870.0000000000002,,gen=44_member=5538_pso,50,11819700.0,0.693476,11819711.981230736,0.6881152786917415,49533.11938529392,110.35978999043485,48989.99124684964,109.149700497981,lpr:total_combined:bdpl,2.6641573066192787,5.935842693380721
T_plus_10pct,1.1,1870.0000000000002,,gen=47_member=5958_pso,50,11252200.0,0.708814,11252182.316333093,0.7060606146119252,46889.07693987987,104.46886342205235,46538.53885013175,103.68786455809354,lpr:total_combined:bdpl,2.1233790846240943,6.476620915375905
T_plus_10pct,1.1,1870.0000000000002,,gen=46_member=5862_pso,50,12127400.0,0.646326,12127415.605267622,0.6342734858785469,50873.35612585935,113.34583744841463,50761.635386620335,113.0969236413901,lpr:total_combined:bdpl,3.659161464313828,4.940838535686172
T_plus_10pct,1.1,1870.0000000000002,,gen=48_member=6077_pso,50,11804900.0,0.693913,11804869.991800735,0.6887734442762704,49514.66438767297,110.31867225573538,48929.08457796394,109.01400043970366,lpr:total_combined:bdpl,2.649631072553239,5.95036892744676
T_plus_10pct,1.1,1870.0000000000002,,gen=38_member=4784_pso,50,11163300.0,0.710244,11163326.786992056,0.7078348843427937,47658.341063344036,106.1827838891305,46251.2716214466,103.04783317258301,lpr:total_combined:bdpl,2.049937764279627,6.550062235720373
T_plus_10pct,1.1,1870.0000000000002,,gen=38_member=4799_pso,50,11949800.0,0.678338,11949789.008105733,0.6709465352498385,50300.94685990873,112.07050960387664,49627.29767271265,110.56961921480378,lpr:total_combined:bdpl,3.043085028942177,5.5569149710578225
T_plus_10pct,1.1,1870.0000000000002,,gen=33_member=4144_pso,50,10275000.0,0.717721,10274983.576880537,0.7161487083188952,43886.43329653439,97.77897338467862,43197.64571836743,96.24435466052263,lpr:total_combined:bdpl,1.6484275145459806,6.951572485454019
T_plus_10pct,1.1,1870.0000000000002,,gen=40_member=5066_pso,50,11747400.0,0.695498,11747366.836248316,0.6909278185501725,49275.627853929764,109.7860988585555,48795.80376842059,108.71705079604108,lpr:total_combined:bdpl,2.6020823314701644,5.997917668529835
T_plus_10pct,1.1,1870.0000000000002,,gen=40_member=5054_pso,50,11588500.0,0.701146,11588547.789286416,0.6969238884278691,48781.04607997798,108.68417066619094,48181.74171599037,107.34892054322654,lpr:total_combined:bdpl,2.412953828985931,6.187046171014069
T_plus_10pct,1.1,1870.0000000000002,,gen=45_member=5693_pso,50,10709600.0,0.715379,10709593.135838162,0.7131849082782165,45013.264122283465,100.28955246444755,44331.89936597063,98.77147178738257,lpr:total_combined:bdpl,1.7915621416338563,6.808437858366143
T_plus_10pct,1.1,1870.0000000000002,,gen=48_member=6031_pso,50,12052400.0,0.665521,12052365.848215453,0.6551013869481561,50542.03664619567,112.60765764772395,50359.41582725156,112.20077846311648,lpr:total_combined:bdpl,3.3242668859051254,5.275733114094875
T_plus_10pct,1.1,1870.0000000000002,,gen=31_member=3921_pso,50,12113900.0,0.648713,12113891.248633971,0.6376045892668509,50758.519707847816,113.08998190908493,50541.739414484626,112.60699541547174,lpr:total_combined:bdpl,3.615532670758251,4.984467329241749
T_plus_10pct,1.1,1870.0000000000002,,gen=44_member=5545_pso,50,11598800.0,0.700704,11598815.43768315,0.696464472577162,48922.10128165834,108.99844165553478,48203.08537435674,107.39647421406681,lpr:total_combined:bdpl,2.4275143208781365,6.172485679121863
T_plus_10pct,1.1,1870.0000000000002,,gen=39_member=4943_pso,50,11638200.0,0.698899,11638206.369778983,0.6947162272759599,49553.62611216778,110.40547897790981,48263.5673686528,107.53122809735844,lpr:total_combined:bdpl,2.4829223166940575,6.117077683305942
T_plus_10pct,1.1,1870.0000000000002,,gen=34_member=4333_pso,50,11563700.0,0.701354,11563663.491177239,0.6970992550187454,49190.64059163448,109.59674723816163,48020.76320158239,106.99026041312557,lpr:total_combined:bdpl,2.407395849606925,6.192604150393075
T_plus_10pct,1.1,1870.0000000000002,,gen=46_member=5865_pso,50,10532800.0,0.716666,10532832.151348412,0.7145639446955885,44588.28472863733,99.34269837540397,43900.42570084892,97.8101484614914,lpr:total_combined:bdpl,1.724962553054345,6.8750374469456546
T_plus_10pct,1.1,1870.0000000000002,,gen=35_member=4371_pso,50,11707200.0,0.696196,11707227.059533695,0.6917133741056367,49103.908059944864,109.40350715755716,48760.57446755105,108.63855991370374,lpr:total_combined:bdpl,2.5780932150700946,6.0219067849299055
T_plus_10pct,1.1,1870.0000000000002,,gen=39_member=4906_pso,50,11134300.0,0.710422,11134328.034844197,0.7079846460447274,47578.77914141552,106.00551992707378,46071.3940281057,102.6470658946195,lpr:total_combined:bdpl,2.042705128790019,6.557294871209981
T_plus_10pct,1.1,1870.0000000000002,,gen=47_member=5999_pso,50,10584600.0,0.716506,10584561.410868496,0.7144197695661743,45172.36751059882,100.64403481361417,43991.90226940192,98.01395825622748,lpr:total_combined:bdpl,1.731925388974721,6.868074611025278
T_plus_10pct,1.1,1870.0000000000002,,gen=42_member=5333_pso,50,10737100.0,0.714956,10737093.054913322,0.7128130265214029,45512.1533406996,101.40107764307871,44447.611060534735,99.02927744287139,lpr:total_combined:bdpl,1.8095219080997826,6.7904780919002174
T_plus_10pct,1.1,1870.0000000000002,,gen=46_member=5794_pso,50,11924600.0,0.682557,11924617.05125353,0.6753588581199019,49682.41356246758,110.69241741717775,49427.09624546203,110.1235704348894,lpr:total_combined:bdpl,2.945701579712823,5.654298420287176
T_plus_10pct,1.1,1870.0000000000002,,gen=43_member=5487_pso,50,12067400.0,0.661074,12067409.117305875,0.6504291321833982,50562.666453056096,112.65362085740898,50537.27173193039,112.59704141874091,lpr:total_combined:bdpl,3.403250776305738,5.196749223694262
T_plus_10pct,1.1,1870.0000000000002,,gen=30_member=3743_pso,50,10742800.0,0.714799,10742769.128613207,0.7125988980590052,45646.324483692624,101.70001094966716,44378.07642666707,98.87435427861422,lpr:total_combined:bdpl,1.8198630907684907,6.7801369092315085
T_plus_10pct,1.1,1870.0000000000002,,gen=39_member=4904_pso,50,10630300.0,0.716073,10630263.80682499,0.7139674306031593,45186.13101289218,100.67469989672378,44125.36338214286,98.31130961541429,lpr:total_combined:bdpl,1.753770779318136,6.846229220681863
T_plus_10pct,1.1,1870.0000000000002,,gen=47_member=5956_pso,50,12183100.0,0.627514,12183071.266239155,0.6128088254578566,50949.92024342074,113.51642230234141,50854.86246850255,113.30463357982367,lpr:total_combined:bdpl,3.9402927079500802,4.659707292049919
T_plus_10pct,1.1,1870.0000000000002,,gen=45_member=5633_pso,50,10052500.0,0.7184,10052464.229952421,0.7173173808830012,43191.05822560805,96.22967772665474,42774.25277119569,95.30103517422398,lpr:total_combined:bdpl,1.5857643080913668,7.014235691908633
T_plus_10pct,1.1,1870.0000000000002,,gen=42_member=5374_pso,50,12060700.0,0.662726,12060715.189592736,0.6521305341492258,50808.16226453737,113.20058552538926,50520.26567669265,112.55915192767122,lpr:total_combined:bdpl,3.374488785968662,5.225511214031338
T_plus_10pct,1.1,1870.0000000000002,,gen=48_member=6063_pso,50,11984100.0,0.674935,11984089.021979596,0.667087993885443,50686.86090154338,112.93032608863865,50056.85481995258,111.52667253885436,lpr:total_combined:bdpl,3.121634774370658,5.478365225629341
T_plus_10pct,1.1,1870.0000000000002,,gen=37_member=4733_pso,50,11692900.0,0.69644,11692914.81233409,0.6919959142165052,49794.90136387573,110.94304023871513,48748.25392030278,108.61110973443459,lpr:total_combined:bdpl,2.5691385327551655,6.030861467244835
T_plus_10pct,1.1,1870.0000000000002,,gen=38_member=4788_pso,50,12107000.0,0.64925,12107032.78287132,0.6383458829134191,50838.0282661453,113.26712697697172,50549.15545890157,112.6235183624327,lpr:total_combined:bdpl,3.605823651343322,4.994176348656678
T_plus_10pct,1.1,1870.0000000000002,,gen=42_member=5267_pso,50,11624000.0,0.698994,11624016.320151795,0.6947481880538328,49374.311990781556,110.0059671154613,48229.59089885325,107.45552852264503,lpr:total_combined:bdpl,2.4819093680847097,6.11809063191529
T_plus_10pct,1.1,1870.0000000000002,,gen=46_member=5801_pso,50,12128900.0,0.644216,12128869.131304957,0.6314505008465641,50817.75993013832,113.22196912434818,50772.09331393344,113.1202239034437,lpr:total_combined:bdpl,3.6961352285035876,4.903864771496412
T_plus_10pct,1.1,1870.0000000000002,,gen=47_member=5934_pso,50,12214400.0,0.617987,12214365.004216783,0.6028883132408139,51089.75653112735,113.82797755135174,51089.75653112735,113.82797755135174,lpr:total_combined:bdpl,4.070225624773562,4.529774375226437
T_plus_10pct,1.1,1870.0000000000002,,gen=40_member=5041_pso,50,10773400.0,0.714662,10773385.543513425,0.712428569375101,45911.66320015842,102.29118560995296,44777.123591647796,99.76343136219128,lpr:total_combined:bdpl,1.828088994108253,6.771911005891747
T_plus_10pct,1.1,1870.0000000000002,,gen=44_member=5596_pso,50,11129300.0,0.710806,11129305.094874427,0.7083837417527649,46326.48433354849,103.21540709514603,46042.22206637733,102.5820707638887,lpr:total_combined:bdpl,2.0234310837943124,6.576568916205687
T_plus_10pct,1.1,1870.0000000000002,,gen=46_member=5800_pso,50,10266700.0,0.717862,10266732.962909713,0.7164154188808683,43830.81669688098,97.65505960065083,43267.22125075295,96.39936894667757,lpr:total_combined:bdpl,1.6355469165621552,6.964453083437844
T_plus_10pct,1.1,1870.0000000000002,,90,50,12416100.0,0.556633,12416131.199367564,0.5327300885212696,52367.2352406157,116.67420011609178,52367.2352406157,116.67420011609178,lpr:total_combined:bdpl,4.803105358439439,3.7968946415605602
T_plus_10pct,1.1,1870.0000000000002,,8,50,12404500.0,0.556712,12404528.288386147,0.5326379112320283,52432.08592469255,116.81868744021499,52432.08592469255,116.81868744021499,lpr:total_combined:bdpl,4.803971722985738,3.796028277014262
T_plus_10pct,1.1,1870.0000000000002,,gen=47_member=5927_pso,50,12191700.0,0.623739,12191693.59369932,0.6089441088495553,50892.77888623762,113.3891113585374,50864.275180965094,113.32560510319023,lpr:total_combined:bdpl,3.9909104472992722,4.609089552700727
T_plus_10pct,1.1,1870.0000000000002,,gen=23_member=2880_pso,50,12086100.0,0.651425,12086117.93737263,0.6406734181423626,50685.30030794859,112.92684908610946,50513.65277696667,112.54441838708175,lpr:total_combined:bdpl,3.568169918645523,5.031830081354476
T_plus_10pct,1.1,1870.0000000000002,,gen=45_member=5694_pso,50,11937100.0,0.681248,11937082.887701936,0.6740010550454401,49824.64404995597,111.0093069433019,49490.96174587519,110.26586276980991,lpr:total_combined:bdpl,2.9756693655388435,5.624330634461156
T_plus_10pct,1.1,1870.0000000000002,,gen=33_member=4157_pso,50,12187200.0,0.625142,12187167.117334038,0.6103873318581083,51187.975454635576,114.04680931292806,50849.17018404211,113.29195117004582,lpr:total_combined:bdpl,3.972007978250758,4.627992021749241
T_plus_10pct,1.1,1870.0000000000002,,gen=39_member=4884_pso,50,11680400.0,0.697022,11680425.995853443,0.6925452036051848,49254.57549238486,109.73919419703346,48559.45242309004,108.19045999864461,lpr:total_combined:bdpl,2.5517296347425336,6.048270365257466
T_plus_10pct,1.1,1870.0000000000002,,gen=43_member=5440_pso,50,12121100.0,0.647192,12121098.886050921,0.635557624386158,50835.08313646425,113.26056522804235,50621.75583412206,112.78527199842394,lpr:total_combined:bdpl,3.6423425886097456,4.9576574113902545
T_plus_10pct,1.1,1870.0000000000002,,gen=33_member=4206_pso,50,11551100.0,0.701567,11551056.819824193,0.6973749050652077,48667.510880842834,108.43121424251783,47816.250315878584,106.53460570377749,lpr:total_combined:bdpl,2.39865953748268,6.20134046251732
T_plus_10pct,1.1,1870.0000000000002,,gen=48_member=6130_pso,50,11497500.0,0.703325,11497486.999720298,0.69929977539993,48519.73772520262,108.10197565175143,47653.76048447941,106.17257835942013,lpr:total_combined:bdpl,2.337653677847795,6.262346322152204
T_plus_10pct,1.1,1870.0000000000002,,gen=40_member=5021_pso,50,12103200.0,0.650633,12103213.1286555,0.6398203726289217,51356.81714081211,114.42298858972939,50538.80335523818,112.60045387547066,lpr:total_combined:bdpl,3.5825905478133846,5.017409452186615
T_plus_10pct,1.1,1870.0000000000002,,gen=45_member=5738_pso,50,10894900.0,0.713643,10894885.825538045,0.711406537293867,45530.41708116328,101.44176925683179,44923.50650222009,100.08957248694635,lpr:total_combined:bdpl,1.8774473107326637,6.722552689267336
T_plus_10pct,1.1,1870.0000000000002,,gen=27_member=3377_pso,50,12186900.0,0.625766,12186931.25762333,0.6110228349665465,50945.06918245952,113.5056141385198,50866.95776489414,113.33158190018415,lpr:total_combined:bdpl,3.9636845398311267,4.636315460168873
T_plus_10pct,1.1,1870.0000000000002,,gen=46_member=5826_pso,50,12186100.0,0.627088,12186064.810103523,0.6123701713029966,50982.68793573881,113.58942872082606,50864.647947326586,113.32643562664363,lpr:total_combined:bdpl,3.946037936882895,4.653962063117104
T_plus_10pct,1.1,1870.0000000000002,,gen=41_member=5141_pso,50,11030000.0,0.711812,11029968.090569744,0.7094327005921788,46670.83927397202,103.98262990240966,45764.1445725456,101.96251410763159,lpr:total_combined:bdpl,1.9727723584250876,6.627227641574912
T_plus_10pct,1.1,1870.0000000000002,,gen=29_member=3677_pso,50,11489400.0,0.703344,11489410.323236927,0.6992315177070427,48245.40350903176,107.49075901812276,47672.920123003445,106.21526603405167,lpr:total_combined:bdpl,2.339817002387723,6.260182997612277
T_plus_10pct,1.1,1870.0000000000002,,gen=35_member=4441_pso,50,12097700.0,0.650754,12097747.115144044,0.6399775439094677,50601.79755350265,112.7408049492039,50516.3430693612,112.55041235853676,lpr:total_combined:bdpl,3.579933586705355,5.020066413294645
T_plus_10pct,1.1,1870.0000000000002,,gen=31_member=3912_pso,50,11666300.0,0.697443,11666347.56033951,0.6929758817692413,49118.4329153273,109.43586853534921,48526.83479974014,108.11778793382103,lpr:total_combined:bdpl,2.5380799404486947,6.061920059551305
T_plus_10pct,1.1,1870.0000000000002,,gen=44_member=5517_pso,50,12132500.0,0.643292,12132464.82691212,0.6302587959898593,51456.49456959809,114.64506990106455,50794.287641190014,113.16967286457135,lpr:total_combined:bdpl,3.711743463707243,4.888256536292756
T_plus_10pct,1.1,1870.0000000000002,,gen=49_member=6177_pso,50,12138900.0,0.642618,12138871.541597325,0.6293305797006487,50825.8835101407,113.24006846059348,50801.76609991204,113.18633487060403,lpr:total_combined:bdpl,3.723900683744031,4.876099316255969
T_plus_10pct,1.1,1870.0000000000002,,gen=44_member=5611_pso,50,11923800.0,0.68319,11923767.054962939,0.6760020160293012,49891.114152183596,111.15740233106504,49430.9234601053,110.13209746911461,lpr:total_combined:bdpl,2.9315065768853095,5.66849342311469
T_plus_10pct,1.1,1870.0000000000002,,gen=35_member=4426_pso,50,12009300.0,0.66959,12009325.101516692,0.6598090295788211,50272.83216736466,112.00787006888845,50272.83216736466,112.00787006888845,lpr:total_combined:bdpl,3.244684767997017,5.355315232002983
T_plus_10pct,1.1,1870.0000000000002,,gen=25_member=3126_pso,50,11880600.0,0.687242,11880589.469000075,0.6800844089578812,49706.3042309079,110.7456458264628,49291.21269141708,109.82082187647725,lpr:total_combined:bdpl,2.841404941941055,5.758595058058944
T_plus_10pct,1.1,1870.0000000000002,,gen=36_member=4525_pso,50,11173400.0,0.709924,11173377.904344108,0.707490333100385,46765.35983396837,104.19322171008152,46266.519971233356,103.08180649590791,lpr:total_combined:bdpl,2.0665776228793797,6.53342237712062
T_plus_10pct,1.1,1870.0000000000002,,gen=47_member=5916_pso,50,11938700.0,0.681121,11938697.818192918,0.6738700026809222,49794.69939162476,110.94259024453996,49495.352919661775,110.27564630500643,lpr:total_combined:bdpl,2.9785617946883507,5.621438205311649
T_plus_10pct,1.1,1870.0000000000002,,gen=37_member=4683_pso,50,11669800.0,0.697204,11669824.724862162,0.6928331868218679,48673.953149886016,108.44556761794604,48585.14827481801,108.24771035629453,lpr:total_combined:bdpl,2.542602441405274,6.057397558594726
T_plus_10pct,1.1,1870.0000000000002,,gen=30_member=3767_pso,50,12001400.0,0.670255,12001377.210174264,0.660706154824023,50548.11932642426,112.62120985927325,50242.449031244745,111.94017644161329,lpr:total_combined:bdpl,3.2295189764016787,5.370481023598321
T_plus_10pct,1.1,1870.0000000000002,,gen=41_member=5185_pso,50,11449100.0,0.705422,11449096.778256543,0.7014016306396619,48486.720972743366,108.02841432727222,47453.85902728026,105.72719791278043,lpr:total_combined:bdpl,2.271038548810324,6.3289614511896755
T_plus_10pct,1.1,1870.0000000000002,,gen=40_member=5102_pso,50,12208700.0,0.61827,12208710.648241015,0.6031939556898193,51061.80412640587,113.76569959363228,51061.80412640587,113.76569959363228,lpr:total_combined:bdpl,4.066222503358509,4.53377749664149
T_plus_10pct,1.1,1870.0000000000002,,gen=40_member=5107_pso,50,12124500.0,0.647188,12124489.979887124,0.6355485011414114,50849.12766349434,113.2918564342654,50630.82800675064,112.80548479904043,lpr:total_combined:bdpl,3.6424620793955937,4.9575379206044055
T_plus_10pct,1.1,1870.0000000000002,,gen=36_member=4597_pso,50,12067700.0,0.660395,12067736.32117229,0.6497351871828441,51057.747764340544,113.75666201895073,50541.95907510031,112.60748481932349,lpr:total_combined:bdpl,3.414981830930848,5.185018169069151
T_plus_10pct,1.1,1870.0000000000002,,gen=43_member=5401_pso,50,12002800.0,0.670056,12002793.896778665,0.6604779261960878,50410.158340373324,112.31383278235177,50198.64970178832,111.84259153558438,lpr:total_combined:bdpl,3.2333771532012574,5.366622846798743
T_plus_10pct,1.1,1870.0000000000002,,gen=34_member=4241_pso,50,12130700.0,0.643917,12130735.362367615,0.6310886416799578,51374.07002860749,114.4614280237375,50782.20974221339,113.14276330565143,lpr:total_combined:bdpl,3.7008746427563803,4.899125357243619
T_plus_10pct,1.1,1870.0000000000002,,gen=41_member=5136_pso,50,10406500.0,0.717487,10406546.441500314,0.7157019354399127,43931.72374076148,97.87988049441658,43609.560802630964,97.16210146826178,lpr:total_combined:bdpl,1.6700040947971555,6.929995905202844
T_plus_10pct,1.1,1870.0000000000002,,gen=30_member=3730_pso,50,12140000.0,0.641959,12140045.72221974,0.62849225726914,51075.04584032901,113.79520213225304,50815.44517450234,113.21681184879121,lpr:total_combined:bdpl,3.734880527967935,4.865119472032065
T_plus_10pct,1.1,1870.0000000000002,,gen=26_member=3274_pso,50,12038900.0,0.665819,12038850.4455638,0.6554230159837062,50639.3413163918,112.82445245292094,50304.87921352462,112.07927088773285,lpr:total_combined:bdpl,3.3188297867372554,5.281170213262744
T_plus_10pct,1.1,1870.0000000000002,,gen=27_member=3397_pso,50,12071700.0,0.660095,12071654.496071892,0.6494243004456963,50981.96316968758,113.58781394206393,50552.867655833994,112.63178913719814,lpr:total_combined:bdpl,3.420237332869462,5.179762667130538
T_plus_10pct,1.1,1870.0000000000002,,gen=35_member=4358_pso,50,12204700.0,0.618623,12204661.884933073,0.6035948527242149,51106.48412393821,113.86524662813433,51009.814886034575,113.64986756608504,lpr:total_combined:bdpl,4.060971794535691,4.539028205464309
T_plus_10pct,1.1,1870.0000000000002,,gen=39_member=4886_pso,50,12044000.0,0.665732,12044004.390030988,0.6553232972616506,50491.711318747475,112.49553281816937,50342.93282698114,112.16405433851398,lpr:total_combined:bdpl,3.3205155194317,5.2794844805683
T_plus_10pct,1.1,1870.0000000000002,,gen=44_member=5592_pso,50,12203600.0,0.618851,12203605.6103388,0.6037821119151872,51092.96853954465,113.83513390610548,51061.40909363768,113.76481946062475,lpr:total_combined:bdpl,4.0585191860057375,4.541480813994262
T_plus_10pct,1.1,1870.0000000000002,,gen=38_member=4844_pso,50,12142000.0,0.641745,12141958.442525955,0.6282055265086396,50941.33531657965,113.49729508533946,50823.455622000954,113.23465912581813,lpr:total_combined:bdpl,3.7386359554337503,4.861364044566249
T_plus_10pct,1.1,1870.0000000000002,,gen=42_member=5368_pso,50,12047200.0,0.665633,12047226.813034713,0.6552321608047097,50988.90270934845,113.60327523642833,50307.04728986295,112.08410136181466,lpr:total_combined:bdpl,3.3220561699931412,5.277943830006858
T_plus_10pct,1.1,1870.0000000000002,,gen=41_member=5212_pso,50,12074000.0,0.659863,12074040.299001968,0.6491837595592921,50894.43854761299,113.39280908408173,50560.45217337479,112.64868744227903,lpr:total_combined:bdpl,3.424303646879548,5.175696353120452
T_plus_10pct,1.1,1870.0000000000002,,gen=46_member=5787_pso,50,12049200.0,0.665563,12049204.249162452,0.6551501012926484,50381.152569186444,112.2492079241474,50349.292689661954,112.17822411256682,lpr:total_combined:bdpl,3.323443375921179,5.27655662407882
T_plus_10pct,1.1,1870.0000000000002,,gen=47_member=5970_pso,50,12075000.0,0.659832,12074981.120001724,0.6491544560419608,50713.11596487974,112.98882236975206,50559.08338774511,112.64563778789609,lpr:total_combined:bdpl,3.4247990192249738,5.175200980775026
T_plus_10pct,1.1,1870.0000000000002,,gen=50_member=6375_pso,50,12295700.0,0.582721,12295746.208614845,0.5631975950839131,51477.2567191637,114.69132797029671,51477.2567191637,114.69132797029671,lpr:total_combined:bdpl,4.504290338728393,4.095709661271607
T_plus_10pct,1.1,1870.0000000000002,,gen=50_member=6314_pso,50,12219200.0,0.616249,12219242.960929338,0.6011017508823702,51108.100000000006,113.86884680000001,51108.100000000006,113.86884680000001,lpr:total_combined:bdpl,4.093624946627211,4.506375053372788
T_plus_10pct,1.1,1870.0000000000002,,gen=50_member=6331_pso,50,12250500.0,0.600795,12250481.385280203,0.5819918044249962,51229.27664652902,114.13882836846665,51189.651842018546,114.05054430401732,lpr:total_combined:bdpl,4.301221327028234,4.298778672971766
T_plus_10pct,1.1,1870.0000000000002,,gen=50_member=6311_pso,50,12149400.0,0.639509,12149374.420328459,0.6252238094029278,50943.69444447454,113.50255122228927,50840.12644413603,113.27180171753508,lpr:total_combined:bdpl,3.77768869708776,4.82231130291224
T_plus_10pct,1.1,1870.0000000000002,,gen=50_member=6307_pso,50,9981370.0,0.718653,9981373.38209072,0.7176009950447556,43752.64310475318,97.48088883739008,42375.601402361644,94.41283992446174,lpr:total_combined:bdpl,1.5614297539010875,7.038570246098912
T_plus_10pct,1.1,1870.0000000000002,,gen=50_member=6332_pso,50,11222500.0,0.709503,11222480.829753874,0.7069820006792925,47077.84871533011,104.88944693775548,46464.529875399385,103.52297256238982,lpr:total_combined:bdpl,2.091127177684399,6.508872822315601
T_plus_10pct,1.1,1870.0000000000002,,gen=50_member=6369_pso,50,10816200.0,0.714409,10816152.42359839,0.7121744219694833,45326.84803553662,100.98821742317558,44806.315606127355,99.82847117045175,lpr:total_combined:bdpl,1.8403628633400309,6.759637136659968
T_plus_10pct,1.1,1870.0000000000002,,gen=50_member=6392_pso,50,10988800.0,0.712623,10988818.450383374,0.7102502367989064,46401.29951110389,103.38209531073947,45639.441190947065,101.68467497343006,lpr:total_combined:bdpl,1.9332900254489391,6.66670997455106
T_plus_10pct,1.1,1870.0000000000002,,gen=50_member=6378_pso,50,11022800.0,0.712066,11022782.803294366,0.7096701557561764,46236.0318934091,103.01387905851547,45780.544156578704,101.99905238085735,lpr:total_combined:bdpl,1.9613046291982856,6.638695370801714
T_plus_10pct,1.1,1870.0000000000002,,gen=50_member=6337_pso,50,12024000.0,0.668505,12024025.732677821,0.6582683384415736,50701.722188745116,112.96343703652411,50210.12362714249,111.86815544127347,lpr:total_combined:bdpl,3.2707299616032044,5.329270038396795
T_plus_10pct,1.1,1870.0000000000002,,gen=50_member=6333_pso,50,11046600.0,0.711612,11046597.887337454,0.709216747043895,46399.3412240379,103.37773224715643,45873.557837677174,102.20628686234474,lpr:total_combined:bdpl,1.9832016823260419,6.6167983176739575
T_plus_10pct,1.1,1870.0000000000002,,gen=50_member=6385_pso,50,10736300.0,0.715054,10736330.109125491,0.7129638605553694,44989.937994704,100.2375818522005,44397.263235323626,98.91710248830104,lpr:total_combined:bdpl,1.8022374850929523,6.797762514907047
