scenario,T_factor,T_value,probability_weight,member,generation,ag_receipts_archive_baseline,fish_prob_archive_baseline,ag_receipts_reeval,fish_prob_reeval,raw_total_pumping_gpm,raw_total_pumping_cfs,effective_total_pumping_gpm,effective_total_pumping_cfs,depletion_obs_name,depletion_cfs,streamflow_cfs
T_factor_0.800,0.8,1360.0,0.022190548492442997,gen=47_member=5907_pso,50,9738960.0,0.719193,9738959.963789836,0.7213941836946208,42427.949226186,94.52947087594241,41736.54912774984,92.98903145662663,lpr:total_combined:bdpl,1.2359680273670353,7.364031972632964
T_factor_0.800,0.8,1360.0,0.022190548492442997,56,50,12446400.0,0.533346,12446397.913772527,0.5847866045675107,52637.1528415432,117.27557653095823,52637.1528415432,117.27557653095823,lpr:total_combined:bdpl,4.271023871389635,4.328976128610365
T_factor_0.800,0.8,1360.0,0.022190548492442997,64,50,12377800.0,0.56755,12377834.289729021,0.6117066699929685,52241.56295681393,116.39420226778142,52241.56295681393,116.39420226778142,lpr:total_combined:bdpl,3.9547280789483468,4.645271921051653
T_factor_0.800,0.8,1360.0,0.022190548492442997,gen=40_member=5105_pso,50,12283000.0,0.583854,12283049.42442162,0.6227093921521031,51868.902507044404,115.56391478569493,51444.95457882824,114.61935880162932,lpr:total_combined:bdpl,3.810621025617094,4.789378974382906
T_factor_0.800,0.8,1360.0,0.022190548492442997,30,50,12433400.0,0.544694,12433371.76921002,0.5935049203179575,52187.23403515008,116.27315743031438,52187.23403515008,116.27315743031438,lpr:total_combined:bdpl,4.176823592409923,4.423176407590077
T_factor_0.800,0.8,1360.0,0.022190548492442997,gen=36_member=4531_pso,50,12223600.0,0.605591,12223597.44766552,0.639725882004857,51053.0244471527,113.7461384682562,51053.0244471527,113.7461384682562,lpr:total_combined:bdpl,3.584187900156263,5.015812099843737
T_factor_0.800,0.8,1360.0,0.022190548492442997,105,50,12417100.0,0.55506,12417148.746273495,0.6021844843912174,52327.1463926199,116.58488216275714,52327.1463926199,116.58488216275714,lpr:total_combined:bdpl,4.079443952756214,4.520556047243786
T_factor_0.800,0.8,1360.0,0.022190548492442997,gen=49_member=6222_pso,50,12218800.0,0.616332,12218818.301128551,0.647515554349865,51106.17822286103,113.86456508053438,51106.17822286103,113.86456508053438,lpr:total_combined:bdpl,3.4525044501450237,5.147495549854976
T_factor_0.800,0.8,1360.0,0.022190548492442997,18,50,12390900.0,0.557388,12390900.705456987,0.60378151171345,52187.6001459564,116.27397312519085,52187.6001459564,116.27397312519085,lpr:total_combined:bdpl,4.058527047087977,4.541472952912023
T_factor_0.800,0.8,1360.0,0.022190548492442997,35,50,12440100.0,0.533609,12440134.96511929,0.5852700481311252,52700.025782036595,117.41565744237754,52700.025782036595,117.41565744237754,lpr:total_combined:bdpl,4.265800325940379,4.3341996740596205
T_factor_0.800,0.8,1360.0,0.022190548492442997,gen=44_member=5567_pso,50,9875600.0,0.719021,9875603.379483644,0.7212690919704793,42989.08731889699,95.7796865465025,42069.119675814705,93.72999863771516,lpr:total_combined:bdpl,1.2467010997956045,7.353298900204395
T_factor_0.800,0.8,1360.0,0.022190548492442997,gen=49_member=6144_pso,50,9757770.0,0.719034,9757774.55799681,0.7212541850062005,42132.10114850491,93.87032135886894,41805.01359125954,93.14157028132627,lpr:total_combined:bdpl,1.2479801414619636,7.352019858538036
T_factor_0.800,0.8,1360.0,0.022190548492442997,gen=46_member=5849_pso,50,10309300.0,0.717719,10309323.448797248,0.7201493181239972,45220.50929470598,100.75129470860493,43336.516794327195,96.55375941776099,lpr:total_combined:bdpl,1.3427795085024083,7.257220491497591
T_factor_0.800,0.8,1360.0,0.022190548492442997,gen=31_member=3852_pso,50,12085500.0,0.652391,12085489.190941257,0.6742981252289009,50809.626277516305,113.20384734630632,50462.82627345364,112.4311769372547,lpr:total_combined:bdpl,2.9691127920557716,5.6308872079442285
T_factor_0.800,0.8,1360.0,0.022190548492442997,gen=37_member=4697_pso,50,9951180.0,0.718657,9951183.919557761,0.7209837192377017,42929.95184756078,95.6479327163654,42506.86767415341,94.70530117801378,lpr:total_combined:bdpl,1.27118654222643,7.3288134577735695
T_factor_0.800,0.8,1360.0,0.022190548492442997,gen=42_member=5264_pso,50,12276000.0,0.587416,12275991.063515613,0.6254797419676236,51721.642237508655,115.23581890516928,51425.41398676402,114.57582236251024,lpr:total_combined:bdpl,3.774336645912022,4.825663354087977
T_factor_0.800,0.8,1360.0,0.022190548492442997,gen=43_member=5399_pso,50,12075700.0,0.659796,12075652.37136835,0.6798797710155958,50662.073440237364,112.87509962484884,50563.483653430434,112.655441579843,lpr:total_combined:bdpl,2.845921462887009,5.75407853711299
T_factor_0.800,0.8,1360.0,0.022190548492442997,gen=35_member=4383_pso,50,10482600.0,0.717261,10482596.881225228,0.71976143328111,44395.66150852786,98.91353384100007,43697.952601065685,97.35903839517434,lpr:total_combined:bdpl,1.376060655926208,7.223939344073791
T_factor_0.800,0.8,1360.0,0.022190548492442997,gen=47_member=5964_pso,50,10840100.0,0.714224,10840089.258866806,0.7182364732357025,45340.13174397748,101.01781352558181,44763.52736283021,99.7331389643857,lpr:total_combined:bdpl,1.5069046964121422,7.093095303587857
T_factor_0.800,0.8,1360.0,0.022190548492442997,gen=45_member=5721_pso,50,10935500.0,0.713017,10935459.38484597,0.7177145523078601,46077.815037649634,102.66137190388338,45406.79805241785,101.16634606078696,lpr:total_combined:bdpl,1.5516863569013737,7.048313643098626
T_factor_0.800,0.8,1360.0,0.022190548492442997,gen=47_member=5893_pso,50,10050300.0,0.718629,10050330.220899835,0.7209714540577224,44663.8123416983,99.51097389730381,42679.893231787595,95.09080212042277,lpr:total_combined:bdpl,1.2722389145233968,7.327761085476602
T_factor_0.800,0.8,1360.0,0.022190548492442997,gen=35_member=4446_pso,50,11409800.0,0.706375,11409792.203285765,0.7123832719789456,48804.747890203915,108.73697829937431,47323.49343085893,105.4367433639537,lpr:total_combined:bdpl,1.8302765998231363,6.769723400176863
T_factor_0.800,0.8,1360.0,0.022190548492442997,gen=45_member=5683_pso,50,10240800.0,0.71792,10240771.73598947,0.720339682949248,44683.47269518394,99.55477716486982,43384.26011810516,96.66013154313829,lpr:total_combined:bdpl,1.326445898335225,7.273554101664775
T_factor_0.800,0.8,1360.0,0.022190548492442997,gen=49_member=6242_pso,50,11866200.0,0.690335,11866171.531540677,0.701419492293969,49793.36739732516,110.93962256124044,49240.59882468567,109.70805418139967,lpr:total_combined:bdpl,2.2704724506395255,6.329527549360474
T_factor_0.800,0.8,1360.0,0.022190548492442997,gen=45_member=5670_pso,50,10406200.0,0.717494,10406231.87516301,0.7199959031504544,44191.60289947777,98.45889126003648,43609.30208475285,97.16152504482936,lpr:total_combined:bdpl,1.3559427615789972,7.244057238421003
T_factor_0.800,0.8,1360.0,0.022190548492442997,gen=38_member=4778_pso,50,10164400.0,0.71794,10164356.433517821,0.7203468169866971,43216.77328051297,96.28697086898289,42970.82431105304,95.73899656502617,lpr:total_combined:bdpl,1.325833786373577,7.2741662136264225
T_factor_0.800,0.8,1360.0,0.022190548492442997,gen=43_member=5423_pso,50,12257800.0,0.594933,12257750.350139363,0.6310548893508595,51233.33114761955,114.14786179689636,51233.33114761955,114.14786179689636,lpr:total_combined:bdpl,3.7013167105118927,4.8986832894881065
T_factor_0.800,0.8,1360.0,0.022190548492442997,gen=38_member=4827_pso,50,12171600.0,0.631596,12171637.808199104,0.6583914186138459,50979.48086559517,113.58228336854604,50813.54471465353,113.21257762424806,lpr:total_combined:bdpl,3.268649306474855,5.3313506935251445
T_factor_0.800,0.8,1360.0,0.022190548492442997,gen=46_member=5827_pso,50,12142700.0,0.641492,12142688.246643651,0.6662129358759761,51220.46766399847,114.11920195538859,50818.373966461804,113.22333719727689,lpr:total_combined:bdpl,3.136427522068246,5.463572477931754
T_factor_0.800,0.8,1360.0,0.022190548492442997,gen=49_member=6197_pso,50,10994700.0,0.712329,10994705.05589987,0.7173898493186837,46401.49017389091,103.38252010742895,45612.509888916305,101.62467203250553,lpr:total_combined:bdpl,1.5795463989986342,7.020453601001366
T_factor_0.800,0.8,1360.0,0.022190548492442997,gen=34_member=4254_pso,50,11826100.0,0.692032,11826081.210188618,0.7021630033553202,49289.58618785271,109.81719802653583,49090.82356794755,109.37435490938714,lpr:total_combined:bdpl,2.2469079898924513,6.353092010107549
T_factor_0.800,0.8,1360.0,0.022190548492442997,gen=46_member=5867_pso,50,11245900.0,0.709312,11245910.539729662,0.7147072250277342,47224.11676777734,105.21533215860791,46469.35011106735,103.53371204745807,lpr:total_combined:bdpl,1.718042930735286,6.881957069264714
T_factor_0.800,0.8,1360.0,0.022190548492442997,gen=31_member=3915_pso,50,12151300.0,0.634089,12151250.97606472,0.6601588627012974,50778.043066439204,113.13347995202655,50719.60111312249,113.0032712800369,lpr:total_combined:bdpl,3.2387708822190855,5.361229117780914
T_factor_0.800,0.8,1360.0,0.022190548492442997,gen=47_member=5976_pso,50,11362000.0,0.706998,11362024.609674983,0.7125625681718304,48125.197185073404,107.22293932834354,46930.904979662475,104.56205629468799,lpr:total_combined:bdpl,1.8216176169786071,6.778382383021393
T_factor_0.800,0.8,1360.0,0.022190548492442997,gen=39_member=4925_pso,50,11896400.0,0.684874,11896391.93605654,0.6976864021963854,50146.24464222477,111.72583306287677,49634.299194174644,110.5852186046211,lpr:total_combined:bdpl,2.388787106120159,6.211212893879841
T_factor_0.800,0.8,1360.0,0.022190548492442997,gen=36_member=4494_pso,50,10420500.0,0.717361,10420504.849209998,0.7198386341017192,44203.144887668415,98.48460680972522,43469.94284558344,96.85103265995991,lpr:total_combined:bdpl,1.3694367005460204,7.230563299453979
T_factor_0.800,0.8,1360.0,0.022190548492442997,gen=44_member=5537_pso,50,10636200.0,0.715586,10636170.166640699,0.7188823595032727,45169.2898288748,100.63717773873304,44280.52405169593,98.65700758717853,lpr:total_combined:bdpl,1.4514866091004321,7.148513390899567
T_factor_0.800,0.8,1360.0,0.022190548492442997,gen=46_member=5774_pso,50,12198800.0,0.623458,12198824.129546277,0.6526689986315836,51031.70882205056,113.69864725552864,51031.70882205056,113.69864725552864,lpr:total_combined:bdpl,3.3653861103226426,5.234613889677357
T_factor_0.800,0.8,1360.0,0.022190548492442997,gen=37_member=4723_pso,50,11316900.0,0.708149,11316939.89607805,0.7137532212183497,47958.33587102356,106.8511723206405,46911.033225908424,104.51778202732396,lpr:total_combined:bdpl,1.7641158700775061,6.835884129922493
T_factor_0.800,0.8,1360.0,0.022190548492442997,gen=45_member=5711_pso,50,10701000.0,0.715537,10701015.255649135,0.7188713748034584,44962.49060320653,100.17642906394414,44382.095728658474,98.88330928345108,lpr:total_combined:bdpl,1.4524291141264212,7.147570885873579
T_factor_0.800,0.8,1360.0,0.022190548492442997,gen=29_member=3643_pso,50,11063400.0,0.711087,11063367.898928545,0.716441464395529,46773.04844914237,104.2103519446892,45939.598395335444,102.35342522480737,lpr:total_combined:bdpl,1.6342890668499308,6.965710933150069
T_factor_0.800,0.8,1360.0,0.022190548492442997,gen=28_member=3493_pso,50,12010000.0,0.668784,12010002.111146484,0.6860247301341922,50587.18777954187,112.70825437281928,50262.96022798913,111.98587538795978,lpr:total_combined:bdpl,2.7102973637526486,5.8897026362473515
T_factor_0.800,0.8,1360.0,0.022190548492442997,gen=39_member=4935_pso,50,11281500.0,0.708428,11281519.05267382,0.7140055248527476,47746.93364863757,106.3801681691645,46654.0946465578,103.94532287253078,lpr:total_combined:bdpl,1.7519310444729472,6.848068955527053
T_factor_0.800,0.8,1360.0,0.022190548492442997,gen=44_member=5540_pso,50,12269800.0,0.591573,12269791.265440106,0.6284765907820818,51409.0442246771,114.53935053258057,51274.750450654414,114.24014400405802,lpr:total_combined:bdpl,3.7350857182157067,4.8649142817842925
T_factor_0.800,0.8,1360.0,0.022190548492442997,gen=42_member=5321_pso,50,11999300.0,0.671198,11999286.1007488,0.6882592835322936,50602.65384263916,112.74271276140006,50173.2583189863,111.78601953470147,lpr:total_combined:bdpl,2.6609790060978358,5.939020993902163
T_factor_0.800,0.8,1360.0,0.022190548492442997,gen=39_member=4882_pso,50,10775300.0,0.714436,10775264.386121174,0.7183147110506259,45802.7874267953,102.04861038689992,44827.07266782531,99.8747179039148,lpr:total_combined:bdpl,1.5001917652411287,7.099808234758871
T_factor_0.800,0.8,1360.0,0.022190548492442997,gen=39_member=4970_pso,50,12038300.0,0.666387,12038325.731098836,0.6844265285519097,50516.56288398654,112.550902105522,50255.35737047452,111.96893622141724,lpr:total_combined:bdpl,2.7455709344386134,5.854429065561386
T_factor_0.800,0.8,1360.0,0.022190548492442997,gen=32_member=3991_pso,50,12201000.0,0.619031,12200978.588406555,0.6494079781443381,51219.6970317056,114.11748498664006,51020.12093871804,113.6728294514638,lpr:total_combined:bdpl,3.4205132593603045,5.179486740639695
T_factor_0.800,0.8,1360.0,0.022190548492442997,gen=37_member=4713_pso,50,12177200.0,0.629244,12177156.784652073,0.656678814551455,50997.8887656764,113.62329616992702,50833.59811395465,113.25725659789096,lpr:total_combined:bdpl,3.297600666872372,5.302399333127628
T_factor_0.800,0.8,1360.0,0.022190548492442997,gen=41_member=5214_pso,50,11978400.0,0.676443,11978411.285790766,0.6923670914674844,50645.64701899745,112.83850155832631,50104.31768993943,111.63241981318505,lpr:total_combined:bdpl,2.557374630083683,6.042625369916317
T_factor_0.800,0.8,1360.0,0.022190548492442997,gen=47_member=5902_pso,50,11103200.0,0.710867,11103175.487190865,0.716279766399667,47049.460161530864,104.82619723989076,46109.99146446721,102.73306098283294,lpr:total_combined:bdpl,1.642098157213959,6.957901842786041
T_factor_0.800,0.8,1360.0,0.022190548492442997,gen=45_member=5714_pso,50,11993300.0,0.674785,11993278.716311434,0.6914868173272457,50064.69897747029,111.5441493218038,49746.83479228297,110.83594791720645,lpr:total_combined:bdpl,2.5852735901699315,6.014726409830068
T_factor_0.800,0.8,1360.0,0.022190548492442997,gen=45_member=5725_pso,50,10086100.0,0.718322,10086052.361235783,0.7206265039997276,43236.57024331604,96.33107850210814,42605.227886494205,94.92444773110908,lpr:total_combined:bdpl,1.3018361879010414,7.2981638120989585
T_factor_0.800,0.8,1360.0,0.022190548492442997,gen=41_member=5219_pso,50,10877600.0,0.713721,10877623.213253161,0.7180407721521683,45831.09410723573,102.11167767092121,45102.71967809803,100.48885944280241,lpr:total_combined:bdpl,1.523696166178324,7.076303833821676
T_factor_0.800,0.8,1360.0,0.022190548492442997,gen=38_member=4779_pso,50,11511900.0,0.702673,11511911.853114262,0.7100508120279744,48003.579465953466,106.95197505014431,47829.015475785905,106.563046480051,lpr:total_combined:bdpl,1.9429211037361633,6.657078896263837
T_factor_0.800,0.8,1360.0,0.022190548492442997,gen=39_member=4891_pso,50,12250700.0,0.597475,12250726.961103301,0.6329599368806323,51186.95182954514,114.04452867622658,51181.4721129275,114.03231986760247,lpr:total_combined:bdpl,3.6763655409739413,4.923634459026058
T_factor_0.800,0.8,1360.0,0.022190548492442997,gen=38_member=4772_pso,50,11343500.0,0.707434,11343536.810518842,0.713366172021634,47559.18910881358,105.96187333443666,47088.50036268619,104.91317880806483,lpr:total_combined:bdpl,1.7828081373277194,6.8171918626722805
T_factor_0.800,0.8,1360.0,0.022190548492442997,gen=42_member=5263_pso,50,12267300.0,0.591914,12267261.652988074,0.6287318160300657,51401.15443533461,114.5217720819255,51266.89061527922,114.2226322908421,lpr:total_combined:bdpl,3.731742931049882,4.8682570689501174
T_factor_0.800,0.8,1360.0,0.022190548492442997,gen=40_member=5076_pso,50,11779100.0,0.693959,11779139.5975923,0.7039865158844489,49427.02345467124,110.12340825700751,48946.710201045935,109.05327032793033,lpr:total_combined:bdpl,2.1891145129045446,6.410885487095455
T_factor_0.800,0.8,1360.0,0.022190548492442997,gen=49_member=6161_pso,50,10118300.0,0.718234,10118254.813456059,0.7205422719113472,43142.178199925635,96.12077302943432,42648.48611640095,95.02082706734132,lpr:total_combined:bdpl,1.3090634374381347,7.290936562561865
T_factor_0.800,0.8,1360.0,0.022190548492442997,gen=43_member=5437_pso,50,11872500.0,0.688115,11872492.260370716,0.6996102868787147,49773.96375344011,110.89639124266456,49388.10419626745,110.03669614928387,lpr:total_combined:bdpl,2.3278124852500133,6.272187514749986
T_factor_0.800,0.8,1360.0,0.022190548492442997,gen=44_member=5578_pso,50,10529000.0,0.716879,10529046.22432401,0.7195270161129483,45321.15226539255,100.9755272472946,43781.85514960589,97.54597327332193,lpr:total_combined:bdpl,1.3961740284266306,7.2038259715733695
T_factor_0.800,0.8,1360.0,0.022190548492442997,gen=36_member=4573_pso,50,9923880.0,0.718701,9923883.486663597,0.7210073617163956,42793.782245499315,95.34454684297248,42379.19800126966,94.42085314682879,lpr:total_combined:bdpl,1.269157979282293,7.330842020717707
T_factor_0.800,0.8,1360.0,0.022190548492442997,gen=44_member=5555_pso,50,11482000.0,0.70427,11481968.855985735,0.7112439657485625,48635.122267710045,108.35905241245798,47726.17379980708,106.33391522597017,lpr:total_combined:bdpl,1.8852985885492786,6.714701411450721
T_factor_0.800,0.8,1360.0,0.022190548492442997,gen=38_member=4840_pso,50,11953800.0,0.677695,11953765.575695587,0.6932132257628444,50063.23576541098,111.54088928533567,49665.68700823383,110.65515065434496,lpr:total_combined:bdpl,2.530557680846196,6.069442319153804
T_factor_0.800,0.8,1360.0,0.022190548492442997,gen=47_member=5966_pso,50,11540800.0,0.702015,11540755.077291641,0.709628324787422,48509.58313027878,108.07935121426111,47949.67757377042,106.8318816343605,lpr:total_combined:bdpl,1.9633248262531533,6.636675173746847
T_factor_0.800,0.8,1360.0,0.022190548492442997,gen=47_member=5898_pso,50,11764400.0,0.695319,11764362.834467728,0.7051679942642839,49013.50339598111,109.20208556624591,48858.132426577125,108.85591904641383,lpr:total_combined:bdpl,2.1516693391171597,6.44833066088284
T_factor_0.800,0.8,1360.0,0.022190548492442997,gen=38_member=4768_pso,50,10569000.0,0.71664,10568987.168558508,0.7194115479315187,44629.149277354714,99.4337445899463,43944.607240902464,97.90858493273069,lpr:total_combined:bdpl,1.4060813853120218,7.193918614687978
T_factor_0.800,0.8,1360.0,0.022190548492442997,gen=41_member=5241_pso,50,11446400.0,0.705662,11446374.076925283,0.7119204566040763,48174.289000024866,107.3323158920554,47488.398587199335,105.80415205228012,lpr:total_combined:bdpl,1.8526279410685678,6.747372058931432
T_factor_0.800,0.8,1360.0,0.022190548492442997,gen=39_member=4901_pso,50,9895340.0,0.718742,9895339.590260155,0.7210368697447617,43036.58307268322,95.88550708593822,42282.3515580355,94.20507927130309,lpr:total_combined:bdpl,1.2666261426811776,7.333373857318822
T_factor_0.800,0.8,1360.0,0.022190548492442997,gen=40_member=5082_pso,50,10606200.0,0.716303,10606192.66881587,0.7192077046908262,45134.53789635979,100.5597504330896,43870.23979482254,97.74289426286462,lpr:total_combined:bdpl,1.4235714653428282,7.1764285346571715
T_factor_0.800,0.8,1360.0,0.022190548492442997,gen=49_member=6158_pso,50,11921100.0,0.684136,11921105.488845602,0.6973025994790784,49938.49052936899,111.2629568994341,49407.06456081771,110.07893984150185,lpr:total_combined:bdpl,2.4009511538885526,6.199048846111447
T_factor_0.800,0.8,1360.0,0.022190548492442997,gen=49_member=6216_pso,50,11945100.0,0.680279,11945134.063002478,0.6951296423249851,49765.95027878354,110.87853722112972,49575.549827551215,110.45432501578411,lpr:total_combined:bdpl,2.4698197507721744,6.130180249227825
T_factor_0.800,0.8,1360.0,0.022190548492442997,gen=47_member=6002_pso,50,10144400.0,0.718198,10144439.49189337,0.720504636520653,43537.03644438117,97.00051719808124,42685.09218699485,95.10238539262453,lpr:total_combined:bdpl,1.3122926148834912,7.287707385116509
T_factor_0.800,0.8,1360.0,0.022190548492442997,gen=32_member=3978_pso,50,11724500.0,0.69565,11724521.462720819,0.7054694666896734,49484.08398621317,110.25053912128294,48874.142584268266,108.89158967774969,lpr:total_combined:bdpl,2.142114625672135,6.457885374327865
T_factor_0.800,0.8,1360.0,0.022190548492442997,gen=24_member=2976_pso,50,11884300.0,0.687169,11884331.744194893,0.6993678786145379,49948.858920262544,111.28605767434495,49302.48132715866,109.8459283969095,lpr:total_combined:bdpl,2.3354952492637473,6.264504750736252
T_factor_0.800,0.8,1360.0,0.022190548492442997,gen=46_member=5863_pso,50,11617300.0,0.700106,11617325.353071578,0.7086691678024984,49401.63840788752,110.06685037277339,48314.00128676755,107.6435948669181,lpr:total_combined:bdpl,2.009646634563916,6.5903533654360835
T_factor_0.800,0.8,1360.0,0.022190548492442997,gen=49_member=6159_pso,50,10903700.0,0.713479,10903671.696892686,0.7178870037717563,45667.79848784485,101.74785503091832,45185.67293819359,100.67367930629531,lpr:total_combined:bdpl,1.5368897421363756,7.063110257863624
T_factor_0.800,0.8,1360.0,0.022190548492442997,gen=49_member=6198_pso,50,11459600.0,0.705203,11459602.640373657,0.7116167443011581,48552.841526723045,108.17573092153894,47570.689864403525,105.98749701789104,lpr:total_combined:bdpl,1.8672955119652412,6.732704488034758
T_factor_0.800,0.8,1360.0,0.022190548492442997,gen=39_member=4883_pso,50,11655800.0,0.698172,11655757.181802921,0.7074040625309214,48881.632005089115,108.90827610733855,48537.54062247831,108.14164050688167,lpr:total_combined:bdpl,2.0707439990246534,6.529256000975346
T_factor_0.800,0.8,1360.0,0.022190548492442997,gen=36_member=4595_pso,50,12058100.0,0.663152,12058128.274327343,0.6822635752182487,50642.234983008704,112.83089954214338,50507.80174322089,112.53138228389614,lpr:total_combined:bdpl,2.793309022143652,5.806690977856348
T_factor_0.800,0.8,1360.0,0.022190548492442997,gen=44_member=5538_pso,50,11819700.0,0.693476,11819711.981230736,0.7034207453026475,49533.11938529392,110.35978999043485,48989.99124684964,109.149700497981,lpr:total_combined:bdpl,2.207045757454533,6.392954242545467
T_factor_0.800,0.8,1360.0,0.022190548492442997,gen=47_member=5958_pso,50,11252200.0,0.708814,11252182.316333093,0.7143302415672361,46889.07693987987,104.46886342205235,46538.53885013175,103.68786455809354,lpr:total_combined:bdpl,1.7362490803729431,6.863750919627057
T_factor_0.800,0.8,1360.0,0.022190548492442997,gen=46_member=5862_pso,50,12127400.0,0.646326,12127415.605267622,0.6702056462132631,50873.35612585935,113.34583744841463,50761.635386620335,113.0969236413901,lpr:total_combined:bdpl,3.0594370349042634,5.540562965095736
T_factor_0.800,0.8,1360.0,0.022190548492442997,gen=48_member=6077_pso,50,11804900.0,0.693913,11804869.991800735,0.7038191872185297,49514.66438767297,110.31867225573538,48929.08457796394,109.01400043970366,lpr:total_combined:bdpl,2.1944177423854225,6.405582257614578
T_factor_0.800,0.8,1360.0,0.022190548492442997,gen=38_member=4784_pso,50,11163300.0,0.710244,11163326.786992056,0.7155147970337855,47658.341063344036,106.1827838891305,46251.2716214466,103.04783317258301,lpr:total_combined:bdpl,1.679041811784535,6.920958188215465
T_factor_0.800,0.8,1360.0,0.022190548492442997,gen=38_member=4799_pso,50,11949800.0,0.678338,11949789.008105733,0.6936131286032844,50300.94685990873,112.07050960387664,49627.29767271265,110.56961921480378,lpr:total_combined:bdpl,2.517883363978511,6.082116636021489
T_factor_0.800,0.8,1360.0,0.022190548492442997,gen=33_member=4144_pso,50,10275000.0,0.717721,10274983.576880537,0.7201899914341762,43886.43329653439,97.77897338467862,43197.64571836743,96.24435466052263,lpr:total_combined:bdpl,1.3392896726475005,7.260710327352499
T_factor_0.800,0.8,1360.0,0.022190548492442997,gen=40_member=5066_pso,50,11747400.0,0.695498,11747366.836248316,0.7052265564611813,49275.627853929764,109.7860988585555,48795.80376842059,108.71705079604108,lpr:total_combined:bdpl,2.1498132986871177,6.450186701312882
T_factor_0.800,0.8,1360.0,0.022190548492442997,gen=40_member=5054_pso,50,11588500.0,0.701146,11588547.789286416,0.7092259293147917,48781.04607997798,108.68417066619094,48181.74171599037,107.34892054322654,lpr:total_combined:bdpl,1.982758231046412,6.617241768953588
T_factor_0.800,0.8,1360.0,0.022190548492442997,gen=45_member=5693_pso,50,10709600.0,0.715379,10709593.135838162,0.7188495952039249,45013.264122283465,100.28955246444755,44331.89936597063,98.77147178738257,lpr:total_combined:bdpl,1.4542978390229913,7.145702160977009
T_factor_0.800,0.8,1360.0,0.022190548492442997,gen=48_member=6031_pso,50,12052400.0,0.665521,12052365.848215453,0.6838494805711266,50542.03664619567,112.60765764772395,50359.41582725156,112.20077846311648,lpr:total_combined:bdpl,2.7583068389484033,5.841693161051596
T_factor_0.800,0.8,1360.0,0.022190548492442997,gen=31_member=3921_pso,50,12113900.0,0.648713,12113891.248633971,0.6717461633115572,50758.519707847816,113.08998190908493,50541.739414484626,112.60699541547174,lpr:total_combined:bdpl,3.0254366063212745,5.574563393678725
T_factor_0.800,0.8,1360.0,0.022190548492442997,gen=44_member=5545_pso,50,11598800.0,0.700704,11598815.43768315,0.7089633964491694,48922.10128165834,108.99844165553478,48203.08537435674,107.39647421406681,lpr:total_combined:bdpl,1.995437070139263,6.6045629298607365
T_factor_0.800,0.8,1360.0,0.022190548492442997,gen=39_member=4943_pso,50,11638200.0,0.698899,11638206.369778983,0.7076986453674469,49553.62611216778,110.40547897790981,48263.5673686528,107.53122809735844,lpr:total_combined:bdpl,2.056517329251444,6.543482670748556
T_factor_0.800,0.8,1360.0,0.022190548492442997,gen=34_member=4333_pso,50,11563700.0,0.701354,11563663.491177239,0.7093518534760862,49190.64059163448,109.59674723816163,48020.76320158239,106.99026041312557,lpr:total_combined:bdpl,1.9766768127250476,6.623323187274952
T_factor_0.800,0.8,1360.0,0.022190548492442997,gen=46_member=5865_pso,50,10532800.0,0.716666,10532832.151348412,0.7194517780097326,44588.28472863733,99.34269837540397,43900.42570084892,97.8101484614914,lpr:total_combined:bdpl,1.4026295794772192,7.19737042052278
T_factor_0.800,0.8,1360.0,0.022190548492442997,gen=35_member=4371_pso,50,11707200.0,0.696196,11707227.059533695,0.7061808076512527,49103.908059944864,109.40350715755716,48760.57446755105,108.63855991370374,lpr:total_combined:bdpl,2.119569747676021,6.480430252323979
T_factor_0.800,0.8,1360.0,0.022190548492442997,gen=39_member=4906_pso,50,11134300.0,0.710422,11134328.034844197,0.7157872341698598,47578.77914141552,106.00551992707378,46071.3940281057,102.6470658946195,lpr:total_combined:bdpl,1.6658846529540887,6.9341153470459105
T_factor_0.800,0.8,1360.0,0.022190548492442997,gen=47_member=5999_pso,50,10584600.0,0.716506,10584561.410868496,0.7193443635039033,45172.36751059882,100.64403481361417,43991.90226940192,98.01395825622748,lpr:total_combined:bdpl,1.4118459179588991,7.1881540820411
T_factor_0.800,0.8,1360.0,0.022190548492442997,gen=42_member=5333_pso,50,10737100.0,0.714956,10737093.054913322,0.718545167967698,45512.1533406996,101.40107764307871,44447.611060534735,99.02927744287139,lpr:total_combined:bdpl,1.4804181886950034,7.119581811304997
T_factor_0.800,0.8,1360.0,0.022190548492442997,gen=46_member=5794_pso,50,11924600.0,0.682557,11924617.05125353,0.6962742288621002,49682.41356246758,110.69241741717775,49427.09624546203,110.1235704348894,lpr:total_combined:bdpl,2.4335438082509344,6.166456191749065
T_factor_0.800,0.8,1360.0,0.022190548492442997,gen=43_member=5487_pso,50,12067400.0,0.661074,12067409.117305875,0.6807903709416137,50562.666453056096,112.65362085740898,50537.27173193039,112.59704141874091,lpr:total_combined:bdpl,2.825823803609791,5.774176196390209
T_factor_0.800,0.8,1360.0,0.022190548492442997,gen=30_member=3743_pso,50,10742800.0,0.714799,10742769.128613207,0.7185368192649464,45646.324483692624,101.70001094966716,44378.07642666707,98.87435427861422,lpr:total_combined:bdpl,1.4811345209058893,7.118865479094111
T_factor_0.800,0.8,1360.0,0.022190548492442997,gen=39_member=4904_pso,50,10630300.0,0.716073,10630263.80682499,0.7191293563611945,45186.13101289218,100.67469989672378,44125.36338214286,98.31130961541429,lpr:total_combined:bdpl,1.4302938788547124,7.169706121145287
T_factor_0.800,0.8,1360.0,0.022190548492442997,gen=47_member=5956_pso,50,12183100.0,0.627514,12183071.266239155,0.6554330765235772,50949.92024342074,113.51642230234141,50854.86246850255,113.30463357982367,lpr:total_combined:bdpl,3.3186597145518646,5.281340285448135
T_factor_0.800,0.8,1360.0,0.022190548492442997,gen=45_member=5633_pso,50,10052500.0,0.7184,10052464.229952421,0.7207424842410093,43191.05822560805,96.22967772665474,42774.25277119569,95.30103517422398,lpr:total_combined:bdpl,1.2918848954514293,7.308115104548571
T_factor_0.800,0.8,1360.0,0.022190548492442997,gen=42_member=5374_pso,50,12060700.0,0.662726,12060715.189592736,0.6819681266511738,50808.16226453737,113.20058552538926,50520.26567669265,112.55915192767122,lpr:total_combined:bdpl,2.7998298052728376,5.800170194727162
T_factor_0.800,0.8,1360.0,0.022190548492442997,gen=48_member=6063_pso,50,11984100.0,0.674935,11984089.021979596,0.6914622136592381,50686.86090154338,112.93032608863865,50056.85481995258,111.52667253885436,lpr:total_combined:bdpl,2.586053366287782,6.013946633712218
T_factor_0.800,0.8,1360.0,0.022190548492442997,gen=37_member=4733_pso,50,11692900.0,0.69644,11692914.81233409,0.7063329847359612,49794.90136387573,110.94304023871513,48748.25392030278,108.61110973443459,lpr:total_combined:bdpl,2.1147467246900535,6.485253275309946
T_factor_0.800,0.8,1360.0,0.022190548492442997,gen=38_member=4788_pso,50,12107000.0,0.64925,12107032.78287132,0.6721322519375191,50838.0282661453,113.26712697697172,50549.15545890157,112.6235183624327,lpr:total_combined:bdpl,3.0169153255329855,5.583084674467014
T_factor_0.800,0.8,1360.0,0.022190548492442997,gen=42_member=5267_pso,50,11624000.0,0.698994,11624016.320151795,0.7078611762896615,49374.311990781556,110.0059671154613,48229.59089885325,107.45552852264503,lpr:total_combined:bdpl,2.0486680132982276,6.551331986701772
T_factor_0.800,0.8,1360.0,0.022190548492442997,gen=46_member=5801_pso,50,12128900.0,0.644216,12128869.131304957,0.6687318740897542,50817.75993013832,113.22196912434818,50772.09331393344,113.1202239034437,lpr:total_combined:bdpl,3.0919643491992166,5.5080356508007835
T_factor_0.800,0.8,1360.0,0.022190548492442997,gen=47_member=5934_pso,50,12214400.0,0.617987,12214365.004216783,0.648718758346303,51089.75653112735,113.82797755135174,51089.75653112735,113.82797755135174,lpr:total_combined:bdpl,3.432164435019764,5.167835564980235
T_factor_0.800,0.8,1360.0,0.022190548492442997,gen=40_member=5041_pso,50,10773400.0,0.714662,10773385.543513425,0.7185008484922085,45911.66320015842,102.29118560995296,44777.123591647796,99.76343136219128,lpr:total_combined:bdpl,1.4842208714359226,7.115779128564077
T_factor_0.800,0.8,1360.0,0.022190548492442997,gen=44_member=5596_pso,50,11129300.0,0.710806,11129305.094874427,0.7161306631298013,46326.48433354849,103.21540709514603,46042.22206637733,102.5820707638887,lpr:total_combined:bdpl,1.6492989941924592,6.950701005807541
T_factor_0.800,0.8,1360.0,0.022190548492442997,gen=46_member=5800_pso,50,10266700.0,0.717862,10266732.962909713,0.720302138003281,43830.81669688098,97.65505960065083,43267.22125075295,96.39936894667757,lpr:total_combined:bdpl,1.3296673154765677,7.2703326845234315
T_factor_0.800,0.8,1360.0,0.022190548492442997,90,50,12416100.0,0.556633,12416131.199367564,0.6032742097472762,52367.2352406157,116.67420011609178,52367.2352406157,116.67420011609178,lpr:total_combined:bdpl,4.065171383865468,4.534828616134532
T_factor_0.800,0.8,1360.0,0.022190548492442997,8,50,12404500.0,0.556712,12404528.288386147,0.6036300081404985,52432.08592469255,116.81868744021499,52432.08592469255,116.81868744021499,lpr:total_combined:bdpl,4.0605113499860614,4.539488650013938
T_factor_0.800,0.8,1360.0,0.022190548492442997,gen=47_member=5927_pso,50,12191700.0,0.623739,12191693.59369932,0.6526835310714619,50892.77888623762,113.3891113585374,50864.275180965094,113.32560510319023,lpr:total_combined:bdpl,3.3651404412193084,5.234859558780691
T_factor_0.800,0.8,1360.0,0.022190548492442997,gen=23_member=2880_pso,50,12086100.0,0.651425,12086117.93737263,0.673623945273667,50685.30030794859,112.92684908610946,50513.65277696667,112.54441838708175,lpr:total_combined:bdpl,2.983992475926464,5.616007524073535
T_factor_0.800,0.8,1360.0,0.022190548492442997,gen=45_member=5694_pso,50,11937100.0,0.681248,11937082.887701936,0.695443576391637,49824.64404995597,111.0093069433019,49490.96174587519,110.26586276980991,lpr:total_combined:bdpl,2.4598700844183927,6.140129915581607
T_factor_0.800,0.8,1360.0,0.022190548492442997,gen=33_member=4157_pso,50,12187200.0,0.625142,12187167.117334038,0.6537025111341762,51187.975454635576,114.04680931292806,50849.17018404211,113.29195117004582,lpr:total_combined:bdpl,3.347914708966669,5.25208529103333
T_factor_0.800,0.8,1360.0,0.022190548492442997,gen=39_member=4884_pso,50,11680400.0,0.697022,11680425.995853443,0.7069289470067626,49254.57549238486,109.73919419703346,48559.45242309004,108.19045999864461,lpr:total_combined:bdpl,2.0936893672818724,6.506310632718128
T_factor_0.800,0.8,1360.0,0.022190548492442997,gen=43_member=5440_pso,50,12121100.0,0.647192,12121098.886050921,0.6706830382568109,50835.08313646425,113.26056522804235,50621.75583412206,112.78527199842394,lpr:total_combined:bdpl,3.048900615606672,5.551099384393328
T_factor_0.800,0.8,1360.0,0.022190548492442997,gen=33_member=4206_pso,50,11551100.0,0.701567,11551056.819824193,0.7094484258554338,48667.510880842834,108.43121424251783,47816.250315878584,106.53460570377749,lpr:total_combined:bdpl,1.9720129179564445,6.627987082043555
T_factor_0.800,0.8,1360.0,0.022190548492442997,gen=48_member=6130_pso,50,11497500.0,0.703325,11497486.999720298,0.7103682274662009,48519.73772520262,108.10197565175143,47653.76048447941,106.17257835942013,lpr:total_combined:bdpl,1.927591749610074,6.672408250389926
T_factor_0.800,0.8,1360.0,0.022190548492442997,gen=40_member=5021_pso,50,12103200.0,0.650633,12103213.1286555,0.6731875927794525,51356.81714081211,114.42298858972939,50538.80335523818,112.60045387547066,lpr:total_combined:bdpl,2.993623119969932,5.6063768800300675
T_factor_0.800,0.8,1360.0,0.022190548492442997,gen=45_member=5738_pso,50,10894900.0,0.713643,10894885.825538045,0.7179246982731852,45530.41708116328,101.44176925683179,44923.50650222009,100.08957248694635,lpr:total_combined:bdpl,1.5336554928943016,7.066344507105698
T_factor_0.800,0.8,1360.0,0.022190548492442997,gen=27_member=3377_pso,50,12186900.0,0.625766,12186931.25762333,0.6541614443542894,50945.06918245952,113.5056141385198,50866.95776489414,113.33158190018415,lpr:total_combined:bdpl,3.340156499497438,5.259843500502562
T_factor_0.800,0.8,1360.0,0.022190548492442997,gen=46_member=5826_pso,50,12186100.0,0.627088,12186064.810103523,0.6551266789435417,50982.68793573881,113.58942872082606,50864.647947326586,113.32643562664363,lpr:total_combined:bdpl,3.3238393278433054,5.276160672156694
T_factor_0.800,0.8,1360.0,0.022190548492442997,gen=41_member=5141_pso,50,11030000.0,0.711812,11029968.090569744,0.7170365832794727,46670.83927397202,103.98262990240966,45764.1445725456,101.96251410763159,lpr:total_combined:bdpl,1.6055482211933054,6.994451778806694
T_factor_0.800,0.8,1360.0,0.022190548492442997,gen=29_member=3677_pso,50,11489400.0,0.703344,11489410.323236927,0.7104958857871645,48245.40350903176,107.49075901812276,47672.920123003445,106.21526603405167,lpr:total_combined:bdpl,1.9214265812738134,6.678573418726186
T_factor_0.800,0.8,1360.0,0.022190548492442997,gen=35_member=4441_pso,50,12097700.0,0.650754,12097747.115144044,0.6731622687429624,50601.79755350265,112.7408049492039,50516.3430693612,112.55041235853676,lpr:total_combined:bdpl,2.9941820414483558,5.605817958551643
T_factor_0.800,0.8,1360.0,0.022190548492442997,gen=31_member=3912_pso,50,11666300.0,0.697443,11666347.56033951,0.707187271671073,49118.4329153273,109.43586853534921,48526.83479974014,108.11778793382103,lpr:total_combined:bdpl,2.081213760295508,6.518786239704491
T_factor_0.800,0.8,1360.0,0.022190548492442997,gen=44_member=5517_pso,50,12132500.0,0.643292,12132464.82691212,0.667904114741168,51456.49456959809,114.64506990106455,50794.287641190014,113.16967286457135,lpr:total_combined:bdpl,3.107838351986236,5.492161648013764
T_factor_0.800,0.8,1360.0,0.022190548492442997,gen=49_member=6177_pso,50,12138900.0,0.642618,12138871.541597325,0.6673547448559749,50825.8835101407,113.24006846059348,50801.76609991204,113.18633487060403,lpr:total_combined:bdpl,3.1171253821218303,5.482874617878169
T_factor_0.800,0.8,1360.0,0.022190548492442997,gen=44_member=5611_pso,50,11923800.0,0.68319,11923767.054962939,0.696691786460497,49891.114152183596,111.15740233106504,49430.9234601053,110.13209746911461,lpr:total_combined:bdpl,2.4203099504799637,6.179690049520036
T_factor_0.800,0.8,1360.0,0.022190548492442997,gen=35_member=4426_pso,50,12009300.0,0.66959,12009325.101516692,0.6867873105639227,50272.83216736466,112.00787006888845,50272.83216736466,112.00787006888845,lpr:total_combined:bdpl,2.6934666116184793,5.90653338838152
T_factor_0.800,0.8,1360.0,0.022190548492442997,gen=25_member=3126_pso,50,11880600.0,0.687242,11880589.469000075,0.6994130192075936,49706.3042309079,110.7456458264628,49291.21269141708,109.82082187647725,lpr:total_combined:bdpl,2.334064586307331,6.265935413692668
T_factor_0.800,0.8,1360.0,0.022190548492442997,gen=36_member=4525_pso,50,11173400.0,0.709924,11173377.904344108,0.7152521519769136,46765.35983396837,104.19322171008152,46266.519971233356,103.08180649590791,lpr:total_combined:bdpl,1.6917260690744462,6.908273930925553
T_factor_0.800,0.8,1360.0,0.022190548492442997,gen=47_member=5916_pso,50,11938700.0,0.681121,11938697.818192918,0.6953610844009638,49794.69939162476,110.94259024453996,49495.352919661775,110.27564630500643,lpr:total_combined:bdpl,2.462484543539736,6.137515456460264
T_factor_0.800,0.8,1360.0,0.022190548492442997,gen=37_member=4683_pso,50,11669800.0,0.697204,11669824.724862162,0.7068771746374399,48673.953149886016,108.44556761794604,48585.14827481801,108.24771035629453,lpr:total_combined:bdpl,2.0961896772470294,6.503810322752971
T_factor_0.800,0.8,1360.0,0.022190548492442997,gen=30_member=3767_pso,50,12001400.0,0.670255,12001377.210174264,0.6873977110264361,50548.11932642426,112.62120985927325,50242.449031244745,111.94017644161329,lpr:total_combined:bdpl,2.6799945915054346,5.920005408494565
T_factor_0.800,0.8,1360.0,0.022190548492442997,gen=41_member=5185_pso,50,11449100.0,0.705422,11449096.778256543,0.7117364328552768,48486.720972743366,108.02841432727222,47453.85902728026,105.72719791278043,lpr:total_combined:bdpl,1.861515237882867,6.738484762117133
T_factor_0.800,0.8,1360.0,0.022190548492442997,gen=40_member=5102_pso,50,12208700.0,0.61827,12208710.648241015,0.6489031812107218,51061.80412640587,113.76569959363228,51061.80412640587,113.76569959363228,lpr:total_combined:bdpl,3.4290467892482854,5.170953210751714
T_factor_0.800,0.8,1360.0,0.022190548492442997,gen=40_member=5107_pso,50,12124500.0,0.647188,12124489.979887124,0.6706830171367332,50849.12766349434,113.2918564342654,50630.82800675064,112.80548479904043,lpr:total_combined:bdpl,3.0489010817434608,5.551098918256539
T_factor_0.800,0.8,1360.0,0.022190548492442997,gen=36_member=4597_pso,50,12067700.0,0.660395,12067736.32117229,0.6802973197849782,51057.747764340544,113.75666201895073,50541.95907510031,112.60748481932349,lpr:total_combined:bdpl,2.8367058318959457,5.7632941681040535
T_factor_0.800,0.8,1360.0,0.022190548492442997,gen=43_member=5401_pso,50,12002800.0,0.670056,12002793.896778665,0.6871721260627427,50410.158340373324,112.31383278235177,50198.64970178832,111.84259153558438,lpr:total_combined:bdpl,2.6849734297513357,5.9150265702486635
T_factor_0.800,0.8,1360.0,0.022190548492442997,gen=34_member=4241_pso,50,12130700.0,0.643917,12130735.362367615,0.6684571472309628,51374.07002860749,114.4614280237375,50782.20974221339,113.14276330565143,lpr:total_combined:bdpl,3.0980277878669904,5.501972212133009
T_factor_0.800,0.8,1360.0,0.022190548492442997,gen=41_member=5136_pso,50,10406500.0,0.717487,10406546.441500314,0.7199889022192547,43931.72374076148,97.87988049441658,43609.560802630964,97.16210146826178,lpr:total_combined:bdpl,1.3565434528089575,7.243456547191042
T_factor_0.800,0.8,1360.0,0.022190548492442997,gen=30_member=3730_pso,50,12140000.0,0.641959,12140045.72221974,0.666645083132526,51075.04584032901,113.79520213225304,50815.44517450234,113.21681184879121,lpr:total_combined:bdpl,3.1291221260085695,5.47087787399143
T_factor_0.800,0.8,1360.0,0.022190548492442997,gen=26_member=3274_pso,50,12038900.0,0.665819,12038850.4455638,0.6840363495716868,50639.3413163918,112.82445245292094,50304.87921352462,112.07927088773285,lpr:total_combined:bdpl,2.754182492574735,5.845817507425265
T_factor_0.800,0.8,1360.0,0.022190548492442997,gen=27_member=3397_pso,50,12071700.0,0.660095,12071654.496071892,0.6800890470754745,50981.96316968758,113.58781394206393,50552.867655833994,112.63178913719814,lpr:total_combined:bdpl,2.841302575024023,5.758697424975977
T_factor_0.800,0.8,1360.0,0.022190548492442997,gen=35_member=4358_pso,50,12204700.0,0.618623,12204661.884933073,0.6490966709107254,51106.48412393821,113.86524662813433,51009.814886034575,113.64986756608504,lpr:total_combined:bdpl,3.425775869739784,5.174224130260216
T_factor_0.800,0.8,1360.0,0.022190548492442997,gen=39_member=4886_pso,50,12044000.0,0.665732,12044004.390030988,0.6839913486941518,50491.711318747475,112.49553281816937,50342.93282698114,112.16405433851398,lpr:total_combined:bdpl,2.7551756974696997,5.8448243025303
T_factor_0.800,0.8,1360.0,0.022190548492442997,gen=44_member=5592_pso,50,12203600.0,0.618851,12203605.6103388,0.6493257134040147,51092.96853954465,113.83513390610548,51061.40909363768,113.76481946062475,lpr:total_combined:bdpl,3.421903934646798,5.178096065353202
T_factor_0.800,0.8,1360.0,0.022190548492442997,gen=38_member=4844_pso,50,12142000.0,0.641745,12141958.442525955,0.6664501998713351,50941.33531657965,113.49729508533946,50823.455622000954,113.23465912581813,lpr:total_combined:bdpl,3.132416603497024,5.467583396502976
T_factor_0.800,0.8,1360.0,0.022190548492442997,gen=42_member=5368_pso,50,12047200.0,0.665633,12047226.813034713,0.6839039635645475,50988.90270934845,113.60327523642833,50307.04728986295,112.08410136181466,lpr:total_combined:bdpl,2.7571043562697954,5.842895643730204
T_factor_0.800,0.8,1360.0,0.022190548492442997,gen=41_member=5212_pso,50,12074000.0,0.659863,12074040.299001968,0.6799262822414733,50894.43854761299,113.39280908408173,50560.45217337479,112.64868744227903,lpr:total_combined:bdpl,2.84489492341172,5.755105076588279
T_factor_0.800,0.8,1360.0,0.022190548492442997,gen=46_member=5787_pso,50,12049200.0,0.665563,12049204.249162452,0.6838731456482868,50381.152569186444,112.2492079241474,50349.292689661954,112.17822411256682,lpr:total_combined:bdpl,2.757784532012122,5.842215467987877
T_factor_0.800,0.8,1360.0,0.022190548492442997,gen=47_member=5970_pso,50,12075000.0,0.659832,12074981.120001724,0.6798996153528452,50713.11596487974,112.98882236975206,50559.08338774511,112.64563778789609,lpr:total_combined:bdpl,2.845483482697,5.754516517302999
T_factor_0.800,0.8,1360.0,0.022190548492442997,gen=50_member=6375_pso,50,12295700.0,0.582721,12295746.208614845,0.6218801936869025,51477.2567191637,114.69132797029671,51477.2567191637,114.69132797029671,lpr:total_combined:bdpl,3.8214813696045726,4.778518630395427
T_factor_0.800,0.8,1360.0,0.022190548492442997,gen=50_member=6314_pso,50,12219200.0,0.616249,12219242.960929338,0.6474594608044417,51108.100000000006,113.86884680000001,51108.100000000006,113.86884680000001,lpr:total_combined:bdpl,3.453452704610364,5.146547295389636
T_factor_0.800,0.8,1360.0,0.022190548492442997,gen=50_member=6331_pso,50,12250500.0,0.600795,12250481.385280203,0.6355765937071973,51229.27664652902,114.13882836846665,51189.651842018546,114.05054430401732,lpr:total_combined:bdpl,3.6420941398241515,4.957905860175848
T_factor_0.800,0.8,1360.0,0.022190548492442997,gen=50_member=6311_pso,50,12149400.0,0.639509,12149374.420328459,0.6644474522906341,50943.69444447454,113.50255122228927,50840.12644413603,113.27180171753508,lpr:total_combined:bdpl,3.166272804277714,5.433727195722286
T_factor_0.800,0.8,1360.0,0.022190548492442997,gen=50_member=6307_pso,50,9981370.0,0.718653,9981373.38209072,0.7209284081344398,43752.64310475318,97.48088883739008,42375.601402361644,94.41283992446174,lpr:total_combined:bdpl,1.275932324423355,7.324067675576645
T_factor_0.800,0.8,1360.0,0.022190548492442997,gen=50_member=6332_pso,50,11222500.0,0.709503,11222480.829753874,0.7150655568316677,47077.84871533011,104.88944693775548,46464.529875399385,103.52297256238982,lpr:total_combined:bdpl,1.7007375496617372,6.899262450338263
T_factor_0.800,0.8,1360.0,0.022190548492442997,gen=50_member=6369_pso,50,10816200.0,0.714409,10816152.42359839,0.718361127096281,45326.84803553662,100.98821742317558,44806.315606127355,99.82847117045175,lpr:total_combined:bdpl,1.496209193386093,7.103790806613906
T_factor_0.800,0.8,1360.0,0.022190548492442997,gen=50_member=6392_pso,50,10988800.0,0.712623,10988818.450383374,0.7175367753340653,46401.29951110389,103.38209531073947,45639.441190947065,101.68467497343006,lpr:total_combined:bdpl,1.566939909036534,7.033060090963466
T_factor_0.800,0.8,1360.0,0.022190548492442997,gen=50_member=6378_pso,50,11022800.0,0.712066,11022782.803294366,0.7172577485929038,46236.0318934091,103.01387905851547,45780.544156578704,101.99905238085735,lpr:total_combined:bdpl,1.5908808551138756,7.0091191448861245
T_factor_0.800,0.8,1360.0,0.022190548492442997,gen=50_member=6337_pso,50,12024000.0,0.668505,12024025.732677821,0.685935162614758,50701.722188745116,112.96343703652411,50210.12362714249,111.86815544127347,lpr:total_combined:bdpl,2.7122741896192677,5.887725810380732
T_factor_0.800,0.8,1360.0,0.022190548492442997,gen=50_member=6333_pso,50,11046600.0,0.711612,11046597.887337454,0.7168883155811475,46399.3412240379,103.37773224715643,45873.557837677174,102.20628686234474,lpr:total_combined:bdpl,1.612708704835144,6.987291295164855
T_factor_0.800,0.8,1360.0,0.022190548492442997,gen=50_member=6385_pso,50,10736300.0,0.715054,10736330.109125491,0.7185236969477798,44989.937994704,100.2375818522005,44397.263235323626,98.91710248830104,lpr:total_combined:bdpl,1.4822604369610541,7.1177395630389455
T_factor_0.840,0.8400000000000001,1428.0000000000002,0.04558899978527864,gen=47_member=5907_pso,50,9738960.0,0.719193,9738959.963789836,0.7209339238988188,42427.949226186,94.52947087594241,41736.54912774984,92.98903145662663,lpr:total_combined:bdpl,1.2754590629107712,7.324540937089228
T_factor_0.840,0.8400000000000001,1428.0000000000002,0.04558899978527864,56,50,12446400.0,0.533346,12446397.913772527,0.5744165160675571,52637.1528415432,117.27557653095823,52637.1528415432,117.27557653095823,lpr:total_combined:bdpl,4.383071342220213,4.216928657779786
T_factor_0.840,0.8400000000000001,1428.0000000000002,0.04558899978527864,64,50,12377800.0,0.56755,12377834.289729021,0.6035412714630691,52241.56295681393,116.39420226778142,52241.56295681393,116.39420226778142,lpr:total_combined:bdpl,4.061673569746027,4.5383264302539725
T_factor_0.840,0.8400000000000001,1428.0000000000002,0.04558899978527864,gen=40_member=5105_pso,50,12283000.0,0.583854,12283049.42442162,0.6150543071073592,51868.902507044404,115.56391478569493,51444.95457882824,114.61935880162932,lpr:total_combined:bdpl,3.9108827365685364,4.689117263431463
T_factor_0.840,0.8400000000000001,1428.0000000000002,0.04558899978527864,30,50,12433400.0,0.544694,12433371.76921002,0.5833435025162989,52187.23403515008,116.27315743031438,52187.23403515008,116.27315743031438,lpr:total_combined:bdpl,4.2866164032170575,4.313383596782942
T_factor_0.840,0.8400000000000001,1428.0000000000002,0.04558899978527864,gen=36_member=4531_pso,50,12223600.0,0.605591,12223597.44766552,0.632661921342801,51053.0244471527,113.7461384682562,51053.0244471527,113.7461384682562,lpr:total_combined:bdpl,3.6802687696824985,4.919731230317501
T_factor_0.840,0.8400000000000001,1428.0000000000002,0.04558899978527864,105,50,12417100.0,0.55506,12417148.746273495,0.5924210327342425,52327.1463926199,116.58488216275714,52327.1463926199,116.58488216275714,lpr:total_combined:bdpl,4.1885348581739965,4.411465141826003
T_factor_0.840,0.8400000000000001,1428.0000000000002,0.04558899978527864,gen=49_member=6222_pso,50,12218800.0,0.616332,12218818.301128551,0.6419657363229471,51106.17822286103,113.86456508053438,51106.17822286103,113.86456508053438,lpr:total_combined:bdpl,3.5463234392309335,5.053676560769066
T_factor_0.840,0.8400000000000001,1428.0000000000002,0.04558899978527864,18,50,12390900.0,0.557388,12390900.705456987,0.5944239169688156,52187.6001459564,116.27397312519085,52187.6001459564,116.27397312519085,lpr:total_combined:bdpl,4.166893951941486,4.433106048058514
T_factor_0.840,0.8400000000000001,1428.0000000000002,0.04558899978527864,35,50,12440100.0,0.533609,12440134.96511929,0.5748451276000256,52700.025782036595,117.41565744237754,52700.025782036595,117.41565744237754,lpr:total_combined:bdpl,4.378440249806475,4.221559750193524
T_factor_0.840,0.8400000000000001,1428.0000000000002,0.04558899978527864,gen=44_member=5567_pso,50,9875600.0,0.719021,9875603.379483644,0.7207992247935604,42989.08731889699,95.7796865465025,42069.119675814705,93.72999863771516,lpr:total_combined:bdpl,1.2870164641915027,7.312983535808497
T_factor_0.840,0.8400000000000001,1428.0000000000002,0.04558899978527864,gen=49_member=6144_pso,50,9757770.0,0.719034,9757774.55799681,0.7207895689995614,42132.10114850491,93.87032135886894,41805.01359125954,93.14157028132627,lpr:total_combined:bdpl,1.2878449469473232,7.312155053052677
T_factor_0.840,0.8400000000000001,1428.0000000000002,0.04558899978527864,gen=46_member=5849_pso,50,10309300.0,0.717719,10309323.448797248,0.7196398854044737,45220.50929470598,100.75129470860493,43336.516794327195,96.55375941776099,lpr:total_combined:bdpl,1.3864896605020827,7.213510339497917
T_factor_0.840,0.8400000000000001,1428.0000000000002,0.04558899978527864,gen=31_member=3852_pso,50,12085500.0,0.652391,12085489.190941257,0.6704453520669322,50809.626277516305,113.20384734630632,50462.82627345364,112.4311769372547,lpr:total_combined:bdpl,3.0541465374682857,5.5458534625317135
T_factor_0.840,0.8400000000000001,1428.0000000000002,0.04558899978527864,gen=37_member=4697_pso,50,9951180.0,0.718657,9951183.919557761,0.7204970953856583,42929.95184756078,95.6479327163654,42506.86767415341,94.70530117801378,lpr:total_combined:bdpl,1.3129396564735514,7.2870603435264485
T_factor_0.840,0.8400000000000001,1428.0000000000002,0.04558899978527864,gen=42_member=5264_pso,50,12276000.0,0.587416,12275991.063515613,0.6178632395237587,51721.642237508655,115.23581890516928,51425.41398676402,114.57582236251024,lpr:total_combined:bdpl,3.8740930251062777,4.7259069748937215
T_factor_0.840,0.8400000000000001,1428.0000000000002,0.04558899978527864,gen=43_member=5399_pso,50,12075700.0,0.659796,12075652.37136835,0.67605467437998,50662.073440237364,112.87509962484884,50563.483653430434,112.655441579843,lpr:total_combined:bdpl,2.9303443655125623,5.669655634487437
T_factor_0.840,0.8400000000000001,1428.0000000000002,0.04558899978527864,gen=35_member=4383_pso,50,10482600.0,0.717261,10482596.881225228,0.7192373129593724,44395.66150852786,98.91353384100007,43697.952601065685,97.35903839517434,lpr:total_combined:bdpl,1.4210310279719933,7.178968972028006
T_factor_0.840,0.8400000000000001,1428.0000000000002,0.04558899978527864,gen=47_member=5964_pso,50,10840100.0,0.714224,10840089.258866806,0.7176622455513278,45340.13174397748,101.01781352558181,44763.52736283021,99.7331389643857,lpr:total_combined:bdpl,1.5561743612854868,7.043825638714512
T_factor_0.840,0.8400000000000001,1428.0000000000002,0.04558899978527864,gen=45_member=5721_pso,50,10935500.0,0.713017,10935459.38484597,0.7170700467324475,46077.815037649634,102.66137190388338,45406.79805241785,101.16634606078696,lpr:total_combined:bdpl,1.6039321273958616,6.996067872604138
T_factor_0.840,0.8400000000000001,1428.0000000000002,0.04558899978527864,gen=47_member=5893_pso,50,10050300.0,0.718629,10050330.220899835,0.7204817335865035,44663.8123416983,99.51097389730381,42679.893231787595,95.09080212042277,lpr:total_combined:bdpl,1.3142577237085606,7.285742276291439
T_factor_0.840,0.8400000000000001,1428.0000000000002,0.04558899978527864,gen=35_member=4446_pso,50,11409800.0,0.706375,11409792.203285765,0.7111434937336304,48804.747890203915,108.73697829937431,47323.49343085893,105.4367433639537,lpr:total_combined:bdpl,1.890150813460774,6.709849186539225
T_factor_0.840,0.8400000000000001,1428.0000000000002,0.04558899978527864,gen=45_member=5683_pso,50,10240800.0,0.71792,10240771.73598947,0.7198335360678401,44683.47269518394,99.55477716486982,43384.26011810516,96.66013154313829,lpr:total_combined:bdpl,1.3698741201055038,7.230125879894496
T_factor_0.840,0.8400000000000001,1428.0000000000002,0.04558899978527864,gen=49_member=6242_pso,50,11866200.0,0.690335,11866171.531540677,0.6991199199052288,49793.36739732516,110.93962256124044,49240.59882468567,109.70805418139967,lpr:total_combined:bdpl,2.3433539262574574,6.256646073742543
T_factor_0.840,0.8400000000000001,1428.0000000000002,0.04558899978527864,gen=45_member=5670_pso,50,10406200.0,0.717494,10406231.87516301,0.7194719500415039,44191.60289947777,98.45889126003648,43609.30208475285,97.16152504482936,lpr:total_combined:bdpl,1.400898786496962,7.199101213503038
T_factor_0.840,0.8400000000000001,1428.0000000000002,0.04558899978527864,gen=38_member=4778_pso,50,10164400.0,0.71794,10164356.433517821,0.7198430097346711,43216.77328051297,96.28697086898289,42970.82431105304,95.73899656502617,lpr:total_combined:bdpl,1.3690612641555198,7.23093873584448
T_factor_0.840,0.8400000000000001,1428.0000000000002,0.04558899978527864,gen=43_member=5423_pso,50,12257800.0,0.594933,12257750.350139363,0.623567909085342,51233.33114761955,114.14786179689636,51233.33114761955,114.14786179689636,lpr:total_combined:bdpl,3.7993766859259988,4.8006233140740004
T_factor_0.840,0.8400000000000001,1428.0000000000002,0.04558899978527864,gen=38_member=4827_pso,50,12171600.0,0.631596,12171637.808199104,0.6530382404207117,50979.48086559517,113.58228336854604,50813.54471465353,113.21257762424806,lpr:total_combined:bdpl,3.359144123429334,5.240855876570666
T_factor_0.840,0.8400000000000001,1428.0000000000002,0.04558899978527864,gen=46_member=5827_pso,50,12142700.0,0.641492,12142688.246643651,0.6609761888372234,51220.46766399847,114.11920195538859,50818.373966461804,113.22333719727689,lpr:total_combined:bdpl,3.2249540847215545,5.375045915278445
T_factor_0.840,0.8400000000000001,1428.0000000000002,0.04558899978527864,gen=49_member=6197_pso,50,10994700.0,0.712329,10994705.05589987,0.7164690587211693,46401.49017389091,103.38252010742895,45612.509888916305,101.62467203250553,lpr:total_combined:bdpl,1.6329564184066983,6.967043581593302
T_factor_0.840,0.8400000000000001,1428.0000000000002,0.04558899978527864,gen=34_member=4254_pso,50,11826100.0,0.692032,11826081.210188618,0.7000580328006136,49289.58618785271,109.81719802653583,49090.82356794755,109.37435490938714,lpr:total_combined:bdpl,2.3136218541354268,6.286378145864573
T_factor_0.840,0.8400000000000001,1428.0000000000002,0.04558899978527864,gen=46_member=5867_pso,50,11245900.0,0.709312,11245910.539729662,0.7135694736342049,47224.11676777734,105.21533215860791,46469.35011106735,103.53371204745807,lpr:total_combined:bdpl,1.7729898297150974,6.827010170284902
T_factor_0.840,0.8400000000000001,1428.0000000000002,0.04558899978527864,gen=31_member=3915_pso,50,12151300.0,0.634089,12151250.97606472,0.6548433984756075,50778.043066439204,113.13347995202655,50719.60111312249,113.0032712800369,lpr:total_combined:bdpl,3.3286281492065406,5.271371850793459
T_factor_0.840,0.8400000000000001,1428.0000000000002,0.04558899978527864,gen=47_member=5976_pso,50,11362000.0,0.706998,11362024.609674983,0.711386916906649,48125.197185073404,107.22293932834354,46930.904979662475,104.56205629468799,lpr:total_combined:bdpl,1.8783948634586343,6.721605136541365
T_factor_0.840,0.8400000000000001,1428.0000000000002,0.04558899978527864,gen=39_member=4925_pso,50,11896400.0,0.684874,11896391.93605654,0.6954130885305221,50146.24464222477,111.72583306287677,49634.299194174644,110.5852186046211,lpr:total_combined:bdpl,2.460836351154491,6.139163648845509
T_factor_0.840,0.8400000000000001,1428.0000000000002,0.04558899978527864,gen=36_member=4494_pso,50,10420500.0,0.717361,10420504.849209998,0.719318957722232,44203.144887668415,98.48460680972522,43469.94284558344,96.85103265995991,lpr:total_combined:bdpl,1.4140257751529195,7.18597422484708
T_factor_0.840,0.8400000000000001,1428.0000000000002,0.04558899978527864,gen=44_member=5537_pso,50,10636200.0,0.715586,10636170.166640699,0.7183342908899882,45169.2898288748,100.63717773873304,44280.52405169593,98.65700758717853,lpr:total_combined:bdpl,1.498511783328194,7.101488216671806
T_factor_0.840,0.8400000000000001,1428.0000000000002,0.04558899978527864,gen=46_member=5774_pso,50,12198800.0,0.623458,12198824.129546277,0.6471998196668063,51031.70882205056,113.69864725552864,51031.70882205056,113.69864725552864,lpr:total_combined:bdpl,3.457841906011188,5.142158093988812
T_factor_0.840,0.8400000000000001,1428.0000000000002,0.04558899978527864,gen=37_member=4723_pso,50,11316900.0,0.708149,11316939.89607805,0.7125703753243849,47958.33587102356,106.8511723206405,46911.033225908424,104.51778202732396,lpr:total_combined:bdpl,1.8212405760668788,6.778759423933121
T_factor_0.840,0.8400000000000001,1428.0000000000002,0.04558899978527864,gen=45_member=5711_pso,50,10701000.0,0.715537,10701015.255649135,0.7183199138529017,44962.49060320653,100.17642906394414,44382.095728658474,98.88330928345108,lpr:total_combined:bdpl,1.4997453563836198,7.100254643616379
T_factor_0.840,0.8400000000000001,1428.0000000000002,0.04558899978527864,gen=29_member=3643_pso,50,11063400.0,0.711087,11063367.898928545,0.7153127457623418,46773.04844914237,104.2103519446892,45939.598395335444,102.35342522480737,lpr:total_combined:bdpl,1.6887997350566066,6.911200264943393
T_factor_0.840,0.8400000000000001,1428.0000000000002,0.04558899978527864,gen=28_member=3493_pso,50,12010000.0,0.668784,12010002.111146484,0.6823723020682237,50587.18777954187,112.70825437281928,50262.96022798913,111.98587538795978,lpr:total_combined:bdpl,2.790909334725885,5.809090665274114
T_factor_0.840,0.8400000000000001,1428.0000000000002,0.04558899978527864,gen=39_member=4935_pso,50,11281500.0,0.708428,11281519.05267382,0.7128252661119374,47746.93364863757,106.3801681691645,46654.0946465578,103.94532287253078,lpr:total_combined:bdpl,1.808930805730249,6.791069194269751
T_factor_0.840,0.8400000000000001,1428.0000000000002,0.04558899978527864,gen=44_member=5540_pso,50,12269800.0,0.591573,12269791.265440106,0.6209522534807765,51409.0442246771,114.53935053258057,51274.750450654414,114.24014400405802,lpr:total_combined:bdpl,3.8336349736707622,4.766365026329238
T_factor_0.840,0.8400000000000001,1428.0000000000002,0.04558899978527864,gen=42_member=5321_pso,50,11999300.0,0.671198,11999286.1007488,0.6846464025288101,50602.65384263916,112.74271276140006,50173.2583189863,111.78601953470147,lpr:total_combined:bdpl,2.74071814218,5.859281857819999
T_factor_0.840,0.8400000000000001,1428.0000000000002,0.04558899978527864,gen=39_member=4882_pso,50,10775300.0,0.714436,10775264.386121174,0.7177479279000903,45802.7874267953,102.04861038689992,44827.07266782531,99.8747179039148,lpr:total_combined:bdpl,1.5488226770599374,7.051177322940062
T_factor_0.840,0.8400000000000001,1428.0000000000002,0.04558899978527864,gen=39_member=4970_pso,50,12038300.0,0.666387,12038325.731098836,0.6807033637316624,50516.56288398654,112.550902105522,50255.35737047452,111.96893622141724,lpr:total_combined:bdpl,2.8277441214247827,5.772255878575217
T_factor_0.840,0.8400000000000001,1428.0000000000002,0.04558899978527864,gen=32_member=3991_pso,50,12201000.0,0.619031,12200978.588406555,0.6439017181623553,51219.6970317056,114.11748498664006,51020.12093871804,113.6728294514638,lpr:total_combined:bdpl,3.5135959050701726,5.0864040949298275
T_factor_0.840,0.8400000000000001,1428.0000000000002,0.04558899978527864,gen=37_member=4713_pso,50,12177200.0,0.629244,12177156.784652073,0.6513020607007246,50997.8887656764,113.62329616992702,50833.59811395465,113.25725659789096,lpr:total_combined:bdpl,3.3884940274100774,5.211505972589922
T_factor_0.840,0.8400000000000001,1428.0000000000002,0.04558899978527864,gen=41_member=5214_pso,50,11978400.0,0.676443,11978411.285790766,0.6894670659699965,50645.64701899745,112.83850155832631,50104.31768993943,111.63241981318505,lpr:total_combined:bdpl,2.6343222941649547,5.965677705835045
T_factor_0.840,0.8400000000000001,1428.0000000000002,0.04558899978527864,gen=47_member=5902_pso,50,11103200.0,0.710867,11103175.487190865,0.715138598446418,47049.460161530864,104.82619723989076,46109.99146446721,102.73306098283294,lpr:total_combined:bdpl,1.697210056529379,6.902789943470621
T_factor_0.840,0.8400000000000001,1428.0000000000002,0.04558899978527864,gen=45_member=5714_pso,50,11993300.0,0.674785,11993278.716311434,0.6881077924320053,50064.69897747029,111.5441493218038,49746.83479228297,110.83594791720645,lpr:total_combined:bdpl,2.6643225342819887,5.935677465718011
T_factor_0.840,0.8400000000000001,1428.0000000000002,0.04558899978527864,gen=45_member=5725_pso,50,10086100.0,0.718322,10086052.361235783,0.7201439067441932,43236.57024331604,96.33107850210814,42605.227886494205,94.92444773110908,lpr:total_combined:bdpl,1.3432438136494809,7.256756186350518
T_factor_0.840,0.8400000000000001,1428.0000000000002,0.04558899978527864,gen=41_member=5219_pso,50,10877600.0,0.713721,10877623.213253161,0.7174469111300613,45831.09410723573,102.11167767092121,45102.71967809803,100.48885944280241,lpr:total_combined:bdpl,1.5746504032113462,7.0253495967886535
T_factor_0.840,0.8400000000000001,1428.0000000000002,0.04558899978527864,gen=38_member=4779_pso,50,11511900.0,0.702673,11511911.853114262,0.7087880593501291,48003.579465953466,106.95197505014431,47829.015475785905,106.563046480051,lpr:total_combined:bdpl,2.003904851346276,6.596095148653724
T_factor_0.840,0.8400000000000001,1428.0000000000002,0.04558899978527864,gen=39_member=4891_pso,50,12250700.0,0.597475,12250726.961103301,0.6255208374549243,51186.95182954514,114.04452867622658,51181.4721129275,114.03231986760247,lpr:total_combined:bdpl,3.7737984018761868,4.826201598123813
T_factor_0.840,0.8400000000000001,1428.0000000000002,0.04558899978527864,gen=38_member=4772_pso,50,11343500.0,0.707434,11343536.810518842,0.7121121584320999,47559.18910881358,105.96187333443666,47088.50036268619,104.91317880806483,lpr:total_combined:bdpl,1.8433698368477693,6.756630163152231
T_factor_0.840,0.8400000000000001,1428.0000000000002,0.04558899978527864,gen=42_member=5263_pso,50,12267300.0,0.591914,12267261.652988074,0.6212131818294528,51401.15443533461,114.5217720819255,51266.89061527922,114.2226322908421,lpr:total_combined:bdpl,3.830217490713864,4.769782509286136
T_factor_0.840,0.8400000000000001,1428.0000000000002,0.04558899978527864,gen=40_member=5076_pso,50,11779100.0,0.693959,11779139.5975923,0.701928905648411,49427.02345467124,110.12340825700751,48946.710201045935,109.05327032793033,lpr:total_combined:bdpl,2.254327363338512,6.3456726366614875
T_factor_0.840,0.8400000000000001,1428.0000000000002,0.04558899978527864,gen=49_member=6161_pso,50,10118300.0,0.718234,10118254.813456059,0.7200588282413414,43142.178199925635,96.12077302943432,42648.48611640095,95.02082706734132,lpr:total_combined:bdpl,1.3505436869183862,7.249456313081613
T_factor_0.840,0.8400000000000001,1428.0000000000002,0.04558899978527864,gen=43_member=5437_pso,50,11872500.0,0.688115,11872492.260370716,0.697373782652568,49773.96375344011,110.89639124266456,49388.10419626745,110.03669614928387,lpr:total_combined:bdpl,2.3986951106569956,6.201304889343004
T_factor_0.840,0.8400000000000001,1428.0000000000002,0.04558899978527864,gen=44_member=5578_pso,50,10529000.0,0.716879,10529046.22432401,0.7189963261813027,45321.15226539255,100.9755272472946,43781.85514960589,97.54597327332193,lpr:total_combined:bdpl,1.4417080836373404,7.158291916362659
T_factor_0.840,0.8400000000000001,1428.0000000000002,0.04558899978527864,gen=36_member=4573_pso,50,9923880.0,0.718701,9923883.486663597,0.7205247175689826,42793.782245499315,95.34454684297248,42379.19800126966,94.42085314682879,lpr:total_combined:bdpl,1.310569628429805,7.2894303715701945
T_factor_0.840,0.8400000000000001,1428.0000000000002,0.04558899978527864,gen=44_member=5555_pso,50,11482000.0,0.70427,11481968.855985735,0.7099490812527467,48635.122267710045,108.35905241245798,47726.17379980708,106.33391522597017,lpr:total_combined:bdpl,1.9478341195859907,6.6521658804140085
T_factor_0.840,0.8400000000000001,1428.0000000000002,0.04558899978527864,gen=38_member=4840_pso,50,11953800.0,0.677695,11953765.575695587,0.6906771883110883,50063.23576541098,111.54088928533567,49665.68700823383,110.65515065434496,lpr:total_combined:bdpl,2.6076139387169506,5.9923860612830495
T_factor_0.840,0.8400000000000001,1428.0000000000002,0.04558899978527864,gen=47_member=5966_pso,50,11540800.0,0.702015,11540755.077291641,0.7083632598889025,48509.58313027878,108.07935121426111,47949.67757377042,106.8318816343605,lpr:total_combined:bdpl,2.0244202409256222,6.575579759074378
T_factor_0.840,0.8400000000000001,1428.0000000000002,0.04558899978527864,gen=47_member=5898_pso,50,11764400.0,0.695319,11764362.834467728,0.7030784981659388,49013.50339598111,109.20208556624591,48858.132426577125,108.85591904641383,lpr:total_combined:bdpl,2.2178927638247083,6.382107236175291
T_factor_0.840,0.8400000000000001,1428.0000000000002,0.04558899978527864,gen=38_member=4768_pso,50,10569000.0,0.71664,10568987.168558508,0.718876626099234,44629.149277354714,99.4337445899463,43944.607240902464,97.90858493273069,lpr:total_combined:bdpl,1.451978544448127,7.148021455551873
T_factor_0.840,0.8400000000000001,1428.0000000000002,0.04558899978527864,gen=41_member=5241_pso,50,11446400.0,0.705662,11446374.076925283,0.7106758042240774,48174.289000024866,107.3323158920554,47488.398587199335,105.80415205228012,lpr:total_combined:bdpl,1.912737547593978,6.687262452406022
T_factor_0.840,0.8400000000000001,1428.0000000000002,0.04558899978527864,gen=39_member=4901_pso,50,9895340.0,0.718742,9895339.590260155,0.7205566499355321,43036.58307268322,95.88550708593822,42282.3515580355,94.20507927130309,lpr:total_combined:bdpl,1.3078297796880716,7.292170220311928
T_factor_0.840,0.8400000000000001,1428.0000000000002,0.04558899978527864,gen=40_member=5082_pso,50,10606200.0,0.716303,10606192.66881587,0.7186752296420409,45134.53789635979,100.5597504330896,43870.23979482254,97.74289426286462,lpr:total_combined:bdpl,1.4692586864938546,7.130741313506145
T_factor_0.840,0.8400000000000001,1428.0000000000002,0.04558899978527864,gen=49_member=6158_pso,50,11921100.0,0.684136,11921105.488845602,0.6949524835370028,49938.49052936899,111.2629568994341,49407.06456081771,110.07893984150185,lpr:total_combined:bdpl,2.475434531133102,6.124565468866898
T_factor_0.840,0.8400000000000001,1428.0000000000002,0.04558899978527864,gen=49_member=6216_pso,50,11945100.0,0.680279,11945134.063002478,0.692679958038917,49765.95027878354,110.87853722112972,49575.549827551215,110.45432501578411,lpr:total_combined:bdpl,2.5474587963794746,6.052541203620525
T_factor_0.840,0.8400000000000001,1428.0000000000002,0.04558899978527864,gen=47_member=6002_pso,50,10144400.0,0.718198,10144439.49189337,0.7200214001034134,43537.03644438117,97.00051719808124,42685.09218699485,95.10238539262453,lpr:total_combined:bdpl,1.3537550817408952,7.246244918259104
T_factor_0.840,0.8400000000000001,1428.0000000000002,0.04558899978527864,gen=32_member=3978_pso,50,11724500.0,0.69565,11724521.462720819,0.7033855972099204,49484.08398621317,110.25053912128294,48874.142584268266,108.89158967774969,lpr:total_combined:bdpl,2.2081597231968813,6.391840276803118
T_factor_0.840,0.8400000000000001,1428.0000000000002,0.04558899978527864,gen=24_member=2976_pso,50,11884300.0,0.687169,11884331.744194893,0.6970344920059469,49948.858920262544,111.28605767434495,49302.48132715866,109.8459283969095,lpr:total_combined:bdpl,2.409448415536715,6.190551584463284
T_factor_0.840,0.8400000000000001,1428.0000000000002,0.04558899978527864,gen=46_member=5863_pso,50,11617300.0,0.700106,11617325.353071578,0.7073391585263638,49401.63840788752,110.06685037277339,48314.00128676755,107.6435948669181,lpr:total_combined:bdpl,2.0738784920273394,6.52612150797266
T_factor_0.840,0.8400000000000001,1428.0000000000002,0.04558899978527864,gen=49_member=6159_pso,50,10903700.0,0.713479,10903671.696892686,0.7172975292584829,45667.79848784485,101.74785503091832,45185.67293819359,100.67367930629531,lpr:total_combined:bdpl,1.5874676096106437,7.012532390389356
T_factor_0.840,0.8400000000000001,1428.0000000000002,0.04558899978527864,gen=49_member=6198_pso,50,11459600.0,0.705203,11459602.640373657,0.7103750950358383,48552.841526723045,108.17573092153894,47570.689864403525,105.98749701789104,lpr:total_combined:bdpl,1.927260085190897,6.672739914809103
T_factor_0.840,0.8400000000000001,1428.0000000000002,0.04558899978527864,gen=39_member=4883_pso,50,11655800.0,0.698172,11655757.181802921,0.7056982117558639,48881.632005089115,108.90827610733855,48537.54062247831,108.14164050688167,lpr:total_combined:bdpl,2.1348648960937497,6.46513510390625
T_factor_0.840,0.8400000000000001,1428.0000000000002,0.04558899978527864,gen=36_member=4595_pso,50,12058100.0,0.663152,12058128.274327343,0.678480864386927,50642.234983008704,112.83089954214338,50507.80174322089,112.53138228389614,lpr:total_combined:bdpl,2.8767964366052428,5.723203563394756
T_factor_0.840,0.8400000000000001,1428.0000000000002,0.04558899978527864,gen=44_member=5538_pso,50,11819700.0,0.693476,11819711.981230736,0.7013098348334973,49533.11938529392,110.35978999043485,48989.99124684964,109.149700497981,lpr:total_combined:bdpl,2.273947878319397,6.326052121680602
T_factor_0.840,0.8400000000000001,1428.0000000000002,0.04558899978527864,gen=47_member=5958_pso,50,11252200.0,0.708814,11252182.316333093,0.7131623186523272,46889.07693987987,104.46886342205235,46538.53885013175,103.68786455809354,lpr:total_combined:bdpl,1.7926530916417285,6.807346908358271
T_factor_0.840,0.8400000000000001,1428.0000000000002,0.04558899978527864,gen=46_member=5862_pso,50,12127400.0,0.646326,12127415.605267622,0.665590833139114,50873.35612585935,113.34583744841463,50761.635386620335,113.0969236413901,lpr:total_combined:bdpl,3.1469440920885403,5.453055907911459
T_factor_0.840,0.8400000000000001,1428.0000000000002,0.04558899978527864,gen=48_member=6077_pso,50,11804900.0,0.693913,11804869.991800735,0.7017166456420018,49514.66438767297,110.31867225573538,48929.08457796394,109.01400043970366,lpr:total_combined:bdpl,2.2610546238316047,6.338945376168395
T_factor_0.840,0.8400000000000001,1428.0000000000002,0.04558899978527864,gen=38_member=4784_pso,50,11163300.0,0.710244,11163326.786992056,0.7144046361324242,47658.341063344036,106.1827838891305,46251.2716214466,103.04783317258301,lpr:total_combined:bdpl,1.7326562474559384,6.867343752544061
T_factor_0.840,0.8400000000000001,1428.0000000000002,0.04558899978527864,gen=38_member=4799_pso,50,11949800.0,0.678338,11949789.008105733,0.6911918386940266,50300.94685990873,112.07050960387664,49627.29767271265,110.56961921480378,lpr:total_combined:bdpl,2.5946224926746044,6.005377507325395
T_factor_0.840,0.8400000000000001,1428.0000000000002,0.04558899978527864,gen=33_member=4144_pso,50,10275000.0,0.717721,10274983.576880537,0.7196725128700747,43886.43329653439,97.77897338467862,43197.64571836743,96.24435466052263,lpr:total_combined:bdpl,1.383690171136495,7.216309828863505
T_factor_0.840,0.8400000000000001,1428.0000000000002,0.04558899978527864,gen=40_member=5066_pso,50,11747400.0,0.695498,11747366.836248316,0.703181148960746,49275.627853929764,109.7860988585555,48795.80376842059,108.71705079604108,lpr:total_combined:bdpl,2.2146394018363957,6.385360598163604
T_factor_0.840,0.8400000000000001,1428.0000000000002,0.04558899978527864,gen=40_member=5054_pso,50,11588500.0,0.701146,11588547.789286416,0.7079240644774712,48781.04607997798,108.68417066619094,48181.74171599037,107.34892054322654,lpr:total_combined:bdpl,2.0456308727398773,6.554369127260122
T_factor_0.840,0.8400000000000001,1428.0000000000002,0.04558899978527864,gen=45_member=5693_pso,50,10709600.0,0.715379,10709593.135838162,0.7182835232731517,45013.264122283465,100.28955246444755,44331.89936597063,98.77147178738257,lpr:total_combined:bdpl,1.502867727034876,7.097132272965124
T_factor_0.840,0.8400000000000001,1428.0000000000002,0.04558899978527864,gen=48_member=6031_pso,50,12052400.0,0.665521,12052365.848215453,0.6801085716928901,50542.03664619567,112.60765764772395,50359.41582725156,112.20077846311648,lpr:total_combined:bdpl,2.840871651303161,5.759128348696839
T_factor_0.840,0.8400000000000001,1428.0000000000002,0.04558899978527864,gen=31_member=3921_pso,50,12113900.0,0.648713,12113891.248633971,0.6676746833220566,50758.519707847816,113.08998190908493,50541.739414484626,112.60699541547174,lpr:total_combined:bdpl,3.1117168618222664,5.488283138177733
T_factor_0.840,0.8400000000000001,1428.0000000000002,0.04558899978527864,gen=44_member=5545_pso,50,11598800.0,0.700704,11598815.43768315,0.70765541716147,48922.10128165834,108.99844165553478,48203.08537435674,107.39647421406681,lpr:total_combined:bdpl,2.0586050048898987,6.541394995110101
T_factor_0.840,0.8400000000000001,1428.0000000000002,0.04558899978527864,gen=39_member=4943_pso,50,11638200.0,0.698899,11638206.369778983,0.7062060981824645,49553.62611216778,110.40547897790981,48263.5673686528,107.53122809735844,lpr:total_combined:bdpl,2.118768202465747,6.481231797534253
T_factor_0.840,0.8400000000000001,1428.0000000000002,0.04558899978527864,gen=34_member=4333_pso,50,11563700.0,0.701354,11563663.491177239,0.7080560089128463,49190.64059163448,109.59674723816163,48020.76320158239,106.99026041312557,lpr:total_combined:bdpl,2.0392587095390846,6.560741290460915
T_factor_0.840,0.8400000000000001,1428.0000000000002,0.04558899978527864,gen=46_member=5865_pso,50,10532800.0,0.716666,10532832.151348412,0.7189119437520716,44588.28472863733,99.34269837540397,43900.42570084892,97.8101484614914,lpr:total_combined:bdpl,1.448948232662799,7.151051767337201
T_factor_0.840,0.8400000000000001,1428.0000000000002,0.04558899978527864,gen=35_member=4371_pso,50,11707200.0,0.696196,11707227.059533695,0.7040544746059542,49103.908059944864,109.40350715755716,48760.57446755105,108.63855991370374,lpr:total_combined:bdpl,2.186960663811271,6.413039336188729
T_factor_0.840,0.8400000000000001,1428.0000000000002,0.04558899978527864,gen=39_member=4906_pso,50,11134300.0,0.710422,11134328.034844197,0.7146536420650909,47578.77914141552,106.00551992707378,46071.3940281057,102.6470658946195,lpr:total_combined:bdpl,1.7206306820244945,6.879369317975505
T_factor_0.840,0.8400000000000001,1428.0000000000002,0.04558899978527864,gen=47_member=5999_pso,50,10584600.0,0.716506,10584561.410868496,0.7188075045048855,45172.36751059882,100.64403481361417,43991.90226940192,98.01395825622748,lpr:total_combined:bdpl,1.457909289136568,7.142090710863432
T_factor_0.840,0.8400000000000001,1428.0000000000002,0.04558899978527864,gen=42_member=5333_pso,50,10737100.0,0.714956,10737093.054913322,0.7179922034491508,45512.1533406996,101.40107764307871,44447.611060534735,99.02927744287139,lpr:total_combined:bdpl,1.5278634395197512,7.072136560480248
T_factor_0.840,0.8400000000000001,1428.0000000000002,0.04558899978527864,gen=46_member=5794_pso,50,11924600.0,0.682557,11924617.05125353,0.6939087061723581,49682.41356246758,110.69241741717775,49427.09624546203,110.1235704348894,lpr:total_combined:bdpl,2.5085154791060313,6.091484520893968
T_factor_0.840,0.8400000000000001,1428.0000000000002,0.04558899978527864,gen=43_member=5487_pso,50,12067400.0,0.661074,12067409.117305875,0.6769811902021493,50562.666453056096,112.65362085740898,50537.27173193039,112.59704141874091,lpr:total_combined:bdpl,2.9098954298418316,5.690104570158168
T_factor_0.840,0.8400000000000001,1428.0000000000002,0.04558899978527864,gen=30_member=3743_pso,50,10742800.0,0.714799,10742769.128613207,0.7179668064860422,45646.324483692624,101.70001094966716,44378.07642666707,98.87435427861422,lpr:total_combined:bdpl,1.5300425400668205,7.069957459933179
T_factor_0.840,0.8400000000000001,1428.0000000000002,0.04558899978527864,gen=39_member=4904_pso,50,10630300.0,0.716073,10630263.80682499,0.7185860563796426,45186.13101289218,100.67469989672378,44125.36338214286,98.31130961541429,lpr:total_combined:bdpl,1.4769098967604095,7.123090103239591
T_factor_0.840,0.8400000000000001,1428.0000000000002,0.04558899978527864,gen=47_member=5956_pso,50,12183100.0,0.627514,12183071.266239155,0.6500374791778096,50949.92024342074,113.51642230234141,50854.86246850255,113.30463357982367,lpr:total_combined:bdpl,3.4098716220485255,5.190128377951474
T_factor_0.840,0.8400000000000001,1428.0000000000002,0.04558899978527864,gen=45_member=5633_pso,50,10052500.0,0.7184,10052464.229952421,0.7202526571893387,43191.05822560805,96.22967772665474,42774.25277119569,95.30103517422398,lpr:total_combined:bdpl,1.3339128494118564,7.2660871505881435
T_factor_0.840,0.8400000000000001,1428.0000000000002,0.04558899978527864,gen=42_member=5374_pso,50,12060700.0,0.662726,12060715.189592736,0.6781781867755208,50808.16226453737,113.20058552538926,50520.26567669265,112.55915192767122,lpr:total_combined:bdpl,2.883476770450082,5.716523229549917
T_factor_0.840,0.8400000000000001,1428.0000000000002,0.04558899978527864,gen=48_member=6063_pso,50,11984100.0,0.674935,11984089.021979596,0.6881107951249742,50686.86090154338,112.93032608863865,50056.85481995258,111.52667253885436,lpr:total_combined:bdpl,2.6642562624775663,5.935743737522433
T_factor_0.840,0.8400000000000001,1428.0000000000002,0.04558899978527864,gen=37_member=4733_pso,50,11692900.0,0.69644,11692914.81233409,0.7042276635515582,49794.90136387573,110.94304023871513,48748.25392030278,108.61110973443459,lpr:total_combined:bdpl,2.1814717016119736,6.418528298388026
T_factor_0.840,0.8400000000000001,1428.0000000000002,0.04558899978527864,gen=38_member=4788_pso,50,12107000.0,0.64925,12107032.78287132,0.6681843379535204,50838.0282661453,113.26712697697172,50549.15545890157,112.6235183624327,lpr:total_combined:bdpl,3.1031012131514495,5.496898786848551
T_factor_0.840,0.8400000000000001,1428.0000000000002,0.04558899978527864,gen=42_member=5267_pso,50,11624000.0,0.698994,11624016.320151795,0.7064198404685321,49374.311990781556,110.0059671154613,48229.59089885325,107.45552852264503,lpr:total_combined:bdpl,2.111993963356408,6.488006036643592
T_factor_0.840,0.8400000000000001,1428.0000000000002,0.04558899978527864,gen=46_member=5801_pso,50,12128900.0,0.644216,12128869.131304957,0.6636193612322696,50817.75993013832,113.22196912434818,50772.09331393344,113.1202239034437,lpr:total_combined:bdpl,3.18027158146104,5.419728418538959
T_factor_0.840,0.8400000000000001,1428.0000000000002,0.04558899978527864,gen=47_member=5934_pso,50,12214400.0,0.617987,12214365.004216783,0.6431833312791945,51089.75653112735,113.82797755135174,51089.75653112735,113.82797755135174,lpr:total_combined:bdpl,3.525740146705453,5.074259853294547
T_factor_0.840,0.8400000000000001,1428.0000000000002,0.04558899978527864,gen=40_member=5041_pso,50,10773400.0,0.714662,10773385.543513425,0.7179224381706397,45911.66320015842,102.29118560995296,44777.123591647796,99.76343136219128,lpr:total_combined:bdpl,1.533849413351334,7.066150586648666
T_factor_0.840,0.8400000000000001,1428.0000000000002,0.04558899978527864,gen=44_member=5596_pso,50,11129300.0,0.710806,11129305.094874427,0.7150068592948643,46326.48433354849,103.21540709514603,46042.22206637733,102.5820707638887,lpr:total_combined:bdpl,1.7035723056931888,6.89642769430681
T_factor_0.840,0.8400000000000001,1428.0000000000002,0.04558899978527864,gen=46_member=5800_pso,50,10266700.0,0.717862,10266732.962909713,0.7197914839256057,43830.81669688098,97.65505960065083,43267.22125075295,96.39936894667757,lpr:total_combined:bdpl,1.373482261982793,7.226517738017207
T_factor_0.840,0.8400000000000001,1428.0000000000002,0.04558899978527864,90,50,12416100.0,0.556633,12416131.199367564,0.5937946944424582,52367.2352406157,116.67420011609178,52367.2352406157,116.67420011609178,lpr:total_combined:bdpl,4.1736926203104465,4.426307379689553
T_factor_0.840,0.8400000000000001,1428.0000000000002,0.04558899978527864,8,50,12404500.0,0.556712,12404528.288386147,0.5941498445395866,52432.08592469255,116.81868744021499,52432.08592469255,116.81868744021499,lpr:total_combined:bdpl,4.16985526924554,4.43014473075446
T_factor_0.840,0.8400000000000001,1428.0000000000002,0.04558899978527864,gen=47_member=5927_pso,50,12191700.0,0.623739,12191693.59369932,0.6472511276153787,50892.77888623762,113.3891113585374,50864.275180965094,113.32560510319023,lpr:total_combined:bdpl,3.4569745514702297,5.1430254485297695
T_factor_0.840,0.8400000000000001,1428.0000000000002,0.04558899978527864,gen=23_member=2880_pso,50,12086100.0,0.651425,12086117.93737263,0.6697643792150283,50685.30030794859,112.92684908610946,50513.65277696667,112.54441838708175,lpr:total_combined:bdpl,3.0691761459314146,5.530823854068585
T_factor_0.840,0.8400000000000001,1428.0000000000002,0.04558899978527864,gen=45_member=5694_pso,50,11937100.0,0.681248,11937082.887701936,0.69305952962804,49824.64404995597,111.0093069433019,49490.96174587519,110.26586276980991,lpr:total_combined:bdpl,2.535428847831922,6.064571152168078
T_factor_0.840,0.8400000000000001,1428.0000000000002,0.04558899978527864,gen=33_member=4157_pso,50,12187200.0,0.625142,12187167.117334038,0.6482867242497699,51187.975454635576,114.04680931292806,50849.17018404211,113.29195117004582,lpr:total_combined:bdpl,3.4394679181233156,5.160532081876684
T_factor_0.840,0.8400000000000001,1428.0000000000002,0.04558899978527864,gen=39_member=4884_pso,50,11680400.0,0.697022,11680425.995853443,0.7048729616938462,49254.57549238486,109.73919419703346,48559.45242309004,108.19045999864461,lpr:total_combined:bdpl,2.161019951080554,6.438980048919445
T_factor_0.840,0.8400000000000001,1428.0000000000002,0.04558899978527864,gen=43_member=5440_pso,50,12121100.0,0.647192,12121098.886050921,0.6662590557237245,50835.08313646425,113.26056522804235,50621.75583412206,112.78527199842394,lpr:total_combined:bdpl,3.135647871731683,5.464352128268317
T_factor_0.840,0.8400000000000001,1428.0000000000002,0.04558899978527864,gen=33_member=4206_pso,50,11551100.0,0.701567,11551056.819824193,0.7081594826343988,48667.510880842834,108.43121424251783,47816.250315878584,106.53460570377749,lpr:total_combined:bdpl,2.0342615193290396,6.56573848067096
T_factor_0.840,0.8400000000000001,1428.0000000000002,0.04558899978527864,gen=48_member=6130_pso,50,11497500.0,0.703325,11497486.999720298,0.7091280709179986,48519.73772520262,108.10197565175143,47653.76048447941,106.17257835942013,lpr:total_combined:bdpl,1.987484233118128,6.612515766881872
T_factor_0.840,0.8400000000000001,1428.0000000000002,0.04558899978527864,gen=40_member=5021_pso,50,12103200.0,0.650633,12103213.1286555,0.6692787379887951,51356.81714081211,114.42298858972939,50538.80335523818,112.60045387547066,lpr:total_combined:bdpl,3.079894631203522,5.520105368796478
T_factor_0.840,0.8400000000000001,1428.0000000000002,0.04558899978527864,gen=45_member=5738_pso,50,10894900.0,0.713643,10894885.825538045,0.7173463770655362,45530.41708116328,101.44176925683179,44923.50650222009,100.08957248694635,lpr:total_combined:bdpl,1.5832763886911354,7.016723611308864
T_factor_0.840,0.8400000000000001,1428.0000000000002,0.04558899978527864,gen=27_member=3377_pso,50,12186900.0,0.625766,12186931.25762333,0.6487527234680086,50945.06918245952,113.5056141385198,50866.95776489414,113.33158190018415,lpr:total_combined:bdpl,3.431590258827474,5.168409741172526
T_factor_0.840,0.8400000000000001,1428.0000000000002,0.04558899978527864,gen=46_member=5826_pso,50,12186100.0,0.627088,12186064.810103523,0.6497254356472867,50982.68793573881,113.58942872082606,50864.647947326586,113.32643562664363,lpr:total_combined:bdpl,3.4151466794364373,5.184853320563562
T_factor_0.840,0.8400000000000001,1428.0000000000002,0.04558899978527864,gen=41_member=5141_pso,50,11030000.0,0.711812,11029968.090569744,0.7159356627385774,46670.83927397202,103.98262990240966,45764.1445725456,101.96251410763159,lpr:total_combined:bdpl,1.6587164001904102,6.941283599809589
T_factor_0.840,0.8400000000000001,1428.0000000000002,0.04558899978527864,gen=29_member=3677_pso,50,11489400.0,0.703344,11489410.323236927,0.7092321016864845,48245.40350903176,107.49075901812276,47672.920123003445,106.21526603405167,lpr:total_combined:bdpl,1.9824601407203495,6.61753985927965
T_factor_0.840,0.8400000000000001,1428.0000000000002,0.04558899978527864,gen=35_member=4441_pso,50,12097700.0,0.650754,12097747.115144044,0.6692896347977693,50601.79755350265,112.7408049492039,50516.3430693612,112.55041235853676,lpr:total_combined:bdpl,3.079654130026535,5.520345869973465
T_factor_0.840,0.8400000000000001,1428.0000000000002,0.04558899978527864,gen=31_member=3912_pso,50,11666300.0,0.697443,11666347.56033951,0.7052729510898658,49118.4329153273,109.43586853534921,48526.83479974014,108.11778793382103,lpr:total_combined:bdpl,2.1483428909644338,6.451657109035565
T_factor_0.840,0.8400000000000001,1428.0000000000002,0.04558899978527864,gen=44_member=5517_pso,50,12132500.0,0.643292,12132464.82691212,0.6626907077368387,51456.49456959809,114.64506990106455,50794.287641190014,113.16967286457135,lpr:total_combined:bdpl,3.195970354236985,5.404029645763014
T_factor_0.840,0.8400000000000001,1428.0000000000002,0.04558899978527864,gen=49_member=6177_pso,50,12138900.0,0.642618,12138871.541597325,0.662104022623026,50825.8835101407,113.24006846059348,50801.76609991204,113.18633487060403,lpr:total_combined:bdpl,3.205888193708963,5.394111806291036
T_factor_0.840,0.8400000000000001,1428.0000000000002,0.04558899978527864,gen=44_member=5611_pso,50,11923800.0,0.68319,11923767.054962939,0.6943319337176899,49891.114152183596,111.15740233106504,49430.9234601053,110.13209746911461,lpr:total_combined:bdpl,2.495101920925839,6.104898079074161
T_factor_0.840,0.8400000000000001,1428.0000000000002,0.04558899978527864,gen=35_member=4426_pso,50,12009300.0,0.66959,12009325.101516692,0.6831458608926708,50272.83216736466,112.00787006888845,50272.83216736466,112.00787006888845,lpr:total_combined:bdpl,2.773836280752985,5.826163719247015
T_factor_0.840,0.8400000000000001,1428.0000000000002,0.04558899978527864,gen=25_member=3126_pso,50,11880600.0,0.687242,11880589.469000075,0.6970807590266661,49706.3042309079,110.7456458264628,49291.21269141708,109.82082187647725,lpr:total_combined:bdpl,2.407982052155866,6.192017947844134
T_factor_0.840,0.8400000000000001,1428.0000000000002,0.04558899978527864,gen=36_member=4525_pso,50,11173400.0,0.709924,11173377.904344108,0.7141295818494686,46765.35983396837,104.19322171008152,46266.519971233356,103.08180649590791,lpr:total_combined:bdpl,1.7459397995442771,6.854060200455723
T_factor_0.840,0.8400000000000001,1428.0000000000002,0.04558899978527864,gen=47_member=5916_pso,50,11938700.0,0.681121,11938697.818192918,0.6929757555772083,49794.69939162476,110.94259024453996,49495.352919661775,110.27564630500643,lpr:total_combined:bdpl,2.538083939914694,6.061916060085306
T_factor_0.840,0.8400000000000001,1428.0000000000002,0.04558899978527864,gen=37_member=4683_pso,50,11669800.0,0.697204,11669824.724862162,0.7048558587760012,48673.953149886016,108.44556761794604,48585.14827481801,108.24771035629453,lpr:total_combined:bdpl,2.1615620022445077,6.438437997755492
T_factor_0.840,0.8400000000000001,1428.0000000000002,0.04558899978527864,gen=30_member=3767_pso,50,12001400.0,0.670255,12001377.210174264,0.6837695959973638,50548.11932642426,112.62120985927325,50242.449031244745,111.94017644161329,lpr:total_combined:bdpl,2.7600699545594627,5.839930045440537
T_factor_0.840,0.8400000000000001,1428.0000000000002,0.04558899978527864,gen=41_member=5185_pso,50,11449100.0,0.705422,11449096.778256543,0.7104965380578826,48486.720972743366,108.02841432727222,47453.85902728026,105.72719791278043,lpr:total_combined:bdpl,1.9213950803207398,6.67860491967926
T_factor_0.840,0.8400000000000001,1428.0000000000002,0.04558899978527864,gen=40_member=5102_pso,50,12208700.0,0.61827,12208710.648241015,0.6433756908302039,51061.80412640587,113.76569959363228,51061.80412640587,113.76569959363228,lpr:total_combined:bdpl,3.522488332226278,5.077511667773722
T_factor_0.840,0.8400000000000001,1428.0000000000002,0.04558899978527864,gen=40_member=5107_pso,50,12124500.0,0.647188,12124489.979887124,0.6662581612112164,50849.12766349434,113.2918564342654,50630.82800675064,112.80548479904043,lpr:total_combined:bdpl,3.135662993355279,5.464337006644721
T_factor_0.840,0.8400000000000001,1428.0000000000002,0.04558899978527864,gen=36_member=4597_pso,50,12067700.0,0.660395,12067736.32117229,0.676481271718991,51057.747764340544,113.75666201895073,50541.95907510031,112.60748481932349,lpr:total_combined:bdpl,2.9209290254460374,5.679070974553962
T_factor_0.840,0.8400000000000001,1428.0000000000002,0.04558899978527864,gen=43_member=5401_pso,50,12002800.0,0.670056,12002793.896778665,0.6835461509584325,50410.158340373324,112.31383278235177,50198.64970178832,111.84259153558438,lpr:total_combined:bdpl,2.7650015629764133,5.834998437023586
T_factor_0.840,0.8400000000000001,1428.0000000000002,0.04558899978527864,gen=34_member=4241_pso,50,12130700.0,0.643917,12130735.362367615,0.6632809935228403,51374.07002860749,114.4614280237375,50782.20974221339,113.14276330565143,lpr:total_combined:bdpl,3.185991645845854,5.414008354154145
T_factor_0.840,0.8400000000000001,1428.0000000000002,0.04558899978527864,gen=41_member=5136_pso,50,10406500.0,0.717487,10406546.441500314,0.719464962792265,43931.72374076148,97.87988049441658,43609.560802630964,97.16210146826178,lpr:total_combined:bdpl,1.4014983037925477,7.198501696207452
T_factor_0.840,0.8400000000000001,1428.0000000000002,0.04558899978527864,gen=30_member=3730_pso,50,12140000.0,0.641959,12140045.72221974,0.6614160617615764,51075.04584032901,113.79520213225304,50815.44517450234,113.21681184879121,lpr:total_combined:bdpl,3.217518087200754,5.382481912799246
T_factor_0.840,0.8400000000000001,1428.0000000000002,0.04558899978527864,gen=26_member=3274_pso,50,12038900.0,0.665819,12038850.4455638,0.6803043315025805,50639.3413163918,112.82445245292094,50304.87921352462,112.07927088773285,lpr:total_combined:bdpl,2.836551077752779,5.763448922247221
T_factor_0.840,0.8400000000000001,1428.0000000000002,0.04558899978527864,gen=27_member=3397_pso,50,12071700.0,0.660095,12071654.496071892,0.676268181953498,50981.96316968758,113.58781394206393,50552.867655833994,112.63178913719814,lpr:total_combined:bdpl,2.925632084802815,5.674367915197185
T_factor_0.840,0.8400000000000001,1428.0000000000002,0.04558899978527864,gen=35_member=4358_pso,50,12204700.0,0.618623,12204661.884933073,0.6435891030586179,51106.48412393821,113.86524662813433,51009.814886034575,113.64986756608504,lpr:total_combined:bdpl,3.518880624832761,5.081119375167239
T_factor_0.840,0.8400000000000001,1428.0000000000002,0.04558899978527864,gen=39_member=4886_pso,50,12044000.0,0.665732,12044004.390030988,0.6802548724803563,50491.711318747475,112.49553281816937,50342.93282698114,112.16405433851398,lpr:total_combined:bdpl,2.8376426774206958,5.762357322579303
T_factor_0.840,0.8400000000000001,1428.0000000000002,0.04558899978527864,gen=44_member=5592_pso,50,12203600.0,0.618851,12203605.6103388,0.643808232257472,51092.96853954465,113.83513390610548,51061.40909363768,113.76481946062475,lpr:total_combined:bdpl,3.5151762727592373,5.084823727240762
T_factor_0.840,0.8400000000000001,1428.0000000000002,0.04558899978527864,gen=38_member=4844_pso,50,12142000.0,0.641745,12141958.442525955,0.6612165975633406,50941.33531657965,113.49729508533946,50823.455622000954,113.23465912581813,lpr:total_combined:bdpl,3.2208900048648195,5.37910999513518
T_factor_0.840,0.8400000000000001,1428.0000000000002,0.04558899978527864,gen=42_member=5368_pso,50,12047200.0,0.665633,12047226.813034713,0.680169507632383,50988.90270934845,113.60327523642833,50307.04728986295,112.08410136181466,lpr:total_combined:bdpl,2.8395267470102046,5.7604732529897955
T_factor_0.840,0.8400000000000001,1428.0000000000002,0.04558899978527864,gen=41_member=5212_pso,50,12074000.0,0.659863,12074040.299001968,0.6761022185590395,50894.43854761299,113.39280908408173,50560.45217337479,112.64868744227903,lpr:total_combined:bdpl,2.9292950279450394,5.67070497205496
T_factor_0.840,0.8400000000000001,1428.0000000000002,0.04558899978527864,gen=46_member=5787_pso,50,12049200.0,0.665563,12049204.249162452,0.6801337251313484,50381.152569186444,112.2492079241474,50349.292689661954,112.17822411256682,lpr:total_combined:bdpl,2.840316495057984,5.759683504942016
T_factor_0.840,0.8400000000000001,1428.0000000000002,0.04558899978527864,gen=47_member=5970_pso,50,12075000.0,0.659832,12074981.120001724,0.6760762366716814,50713.11596487974,112.98882236975206,50559.08338774511,112.64563778789609,lpr:total_combined:bdpl,2.929868468711487,5.670131531288513
T_factor_0.840,0.8400000000000001,1428.0000000000002,0.04558899978527864,gen=50_member=6375_pso,50,12295700.0,0.582721,12295746.208614845,0.6142024126718096,51477.2567191637,114.69132797029671,51477.2567191637,114.69132797029671,lpr:total_combined:bdpl,3.92204033875832,4.67795966124168
T_factor_0.840,0.8400000000000001,1428.0000000000002,0.04558899978527864,gen=50_member=6314_pso,50,12219200.0,0.616249,12219242.960929338,0.6419079030157457,51108.100000000006,113.86884680000001,51108.100000000006,113.86884680000001,lpr:total_combined:bdpl,3.547301104154504,5.052698895845495
T_factor_0.840,0.8400000000000001,1428.0000000000002,0.04558899978527864,gen=50_member=6331_pso,50,12250500.0,0.600795,12250481.385280203,0.6281651720032932,51229.27664652902,114.13882836846665,51189.651842018546,114.05054430401732,lpr:total_combined:bdpl,3.7391644945325284,4.860835505467471
T_factor_0.840,0.8400000000000001,1428.0000000000002,0.04558899978527864,gen=50_member=6311_pso,50,12149400.0,0.639509,12149374.420328459,0.6591534021754447,50943.69444447454,113.50255122228927,50840.12644413603,113.27180171753508,lpr:total_combined:bdpl,3.2557680683689307,5.344231931631069
T_factor_0.840,0.8400000000000001,1428.0000000000002,0.04558899978527864,gen=50_member=6307_pso,50,9981370.0,0.718653,9981373.38209072,0.7204526714618552,43752.64310475318,97.48088883739008,42375.601402361644,94.41283992446174,lpr:total_combined:bdpl,1.3167513010488578,7.283248698951142
T_factor_0.840,0.8400000000000001,1428.0000000000002,0.04558899978527864,gen=50_member=6332_pso,50,11222500.0,0.709503,11222480.829753874,0.7138900538324663,47077.84871533011,104.88944693775548,46464.529875399385,103.52297256238982,lpr:total_combined:bdpl,1.7575076357411041,6.842492364258895
T_factor_0.840,0.8400000000000001,1428.0000000000002,0.04558899978527864,gen=50_member=6369_pso,50,10816200.0,0.714409,10816152.42359839,0.7177817193393629,45326.84803553662,100.98821742317558,44806.315606127355,99.82847117045175,lpr:total_combined:bdpl,1.5459233168691184,7.054076683130881
T_factor_0.840,0.8400000000000001,1428.0000000000002,0.04558899978527864,gen=50_member=6392_pso,50,10988800.0,0.712623,10988818.450383374,0.7167375453696717,46401.29951110389,103.38209531073947,45639.441190947065,101.68467497343006,lpr:total_combined:bdpl,1.6199900455799139,6.980009954420086
T_factor_0.840,0.8400000000000001,1428.0000000000002,0.04558899978527864,gen=50_member=6378_pso,50,11022800.0,0.712066,11022782.803294366,0.716227927157073,46236.0318934091,103.01387905851547,45780.544156578704,101.99905238085735,lpr:total_combined:bdpl,1.644601696776468,6.955398303223531
T_factor_0.840,0.8400000000000001,1428.0000000000002,0.04558899978527864,gen=50_member=6337_pso,50,12024000.0,0.668505,12024025.732677821,0.6822426516453809,50701.722188745116,112.96343703652411,50210.12362714249,111.86815544127347,lpr:total_combined:bdpl,2.793770821915806,5.806229178084194
T_factor_0.840,0.8400000000000001,1428.0000000000002,0.04558899978527864,gen=50_member=6333_pso,50,11046600.0,0.711612,11046597.887337454,0.7157742922895859,46399.3412240379,103.37773224715643,45873.557837677174,102.20628686234474,lpr:total_combined:bdpl,1.666509671909958,6.933490328090041
T_factor_0.840,0.8400000000000001,1428.0000000000002,0.04558899978527864,gen=50_member=6385_pso,50,10736300.0,0.715054,10736330.109125491,0.7179884312408276,44989.937994704,100.2375818522005,44397.263235323626,98.91710248830104,lpr:total_combined:bdpl,1.5281871011003032,7.071812898899696
T_factor_0.880,0.88,1496.0,0.07981140824009202,gen=47_member=5907_pso,50,9738960.0,0.719193,9738959.963789836,0.7204842063751725,42427.949226186,94.52947087594241,41736.54912774984,92.98903145662663,lpr:total_combined:bdpl,1.3140455544378324,7.285954445562167
T_factor_0.880,0.88,1496.0,0.07981140824009202,56,50,12446400.0,0.533346,12446397.913772527,0.5643707857743768,52637.1528415432,117.27557653095823,52637.1528415432,117.27557653095823,lpr:total_combined:bdpl,4.4916141643959335,4.108385835604066
T_factor_0.880,0.88,1496.0,0.07981140824009202,64,50,12377800.0,0.56755,12377834.289729021,0.5945728759224401,52241.56295681393,116.39420226778142,52241.56295681393,116.39420226778142,lpr:total_combined:bdpl,4.165284469629808,4.434715530370192
T_factor_0.880,0.88,1496.0,0.07981140824009202,gen=40_member=5105_pso,50,12283000.0,0.583854,12283049.42442162,0.607657186624536,51868.902507044404,115.56391478569493,51444.95457882824,114.61935880162932,lpr:total_combined:bdpl,4.007765782463767,4.592234217536233
T_factor_0.880,0.88,1496.0,0.07981140824009202,30,50,12433400.0,0.544694,12433371.76921002,0.5735313922057268,52187.23403515008,116.27315743031438,52187.23403515008,116.27315743031438,lpr:total_combined:bdpl,4.392634991565184,4.207365008434816
T_factor_0.880,0.88,1496.0,0.07981140824009202,gen=36_member=4531_pso,50,12223600.0,0.605591,12223597.44766552,0.6255790666370585,51053.0244471527,113.7461384682562,51053.0244471527,113.7461384682562,lpr:total_combined:bdpl,3.773035750985444,4.826964249014555
T_factor_0.880,0.88,1496.0,0.07981140824009202,105,50,12417100.0,0.55506,12417148.746273495,0.5826292111923176,52327.1463926199,116.58488216275714,52327.1463926199,116.58488216275714,lpr:total_combined:bdpl,4.294334228989584,4.305665771010416
T_factor_0.880,0.88,1496.0,0.07981140824009202,gen=49_member=6222_pso,50,12218800.0,0.616332,12218818.301128551,0.6359455628441004,51106.17822286103,113.86456508053438,51106.17822286103,113.86456508053438,lpr:total_combined:bdpl,3.637261603446311,4.962738396553688
T_factor_0.880,0.88,1496.0,0.07981140824009202,18,50,12390900.0,0.557388,12390900.705456987,0.5847284171566216,52187.6001459564,116.27397312519085,52187.6001459564,116.27397312519085,lpr:total_combined:bdpl,4.2716525788711905,4.328347421128809
T_factor_0.880,0.88,1496.0,0.07981140824009202,35,50,12440100.0,0.533609,12440134.96511929,0.5647395287346068,52700.025782036595,117.41565744237754,52700.025782036595,117.41565744237754,lpr:total_combined:bdpl,4.48762994419564,4.11237005580436
T_factor_0.880,0.88,1496.0,0.07981140824009202,gen=44_member=5567_pso,50,9875600.0,0.719021,9875603.379483644,0.7203400429959145,42989.08731889699,95.7796865465025,42069.119675814705,93.72999863771516,lpr:total_combined:bdpl,1.3264150057483994,7.2735849942516
T_factor_0.880,0.88,1496.0,0.07981140824009202,gen=49_member=6144_pso,50,9757770.0,0.719034,9757774.55799681,0.7203357784147811,42132.10114850491,93.87032135886894,41805.01359125954,93.14157028132627,lpr:total_combined:bdpl,1.3267809137131004,7.2732190862868995
T_factor_0.880,0.88,1496.0,0.07981140824009202,gen=46_member=5849_pso,50,10309300.0,0.717719,10309323.448797248,0.719142731758321,45220.50929470598,100.75129470860493,43336.516794327195,96.55375941776099,lpr:total_combined:bdpl,1.429146248129297,7.170853751870703
T_factor_0.880,0.88,1496.0,0.07981140824009202,gen=31_member=3852_pso,50,12085500.0,0.652391,12085489.190941257,0.6662028770450568,50809.626277516305,113.20384734630632,50462.82627345364,112.4311769372547,lpr:total_combined:bdpl,3.1365975653640197,5.46340243463598
T_factor_0.880,0.88,1496.0,0.07981140824009202,gen=37_member=4697_pso,50,9951180.0,0.718657,9951183.919557761,0.7200216042696738,42929.95184756078,95.6479327163654,42506.86767415341,94.70530117801378,lpr:total_combined:bdpl,1.3537375639452591,7.2462624360547405
T_factor_0.880,0.88,1496.0,0.07981140824009202,gen=42_member=5264_pso,50,12276000.0,0.587416,12275991.063515613,0.6105101805985428,51721.642237508655,115.23581890516928,51425.41398676402,114.57582236251024,lpr:total_combined:bdpl,3.970398979156405,4.6296010208435945
T_factor_0.880,0.88,1496.0,0.07981140824009202,gen=43_member=5399_pso,50,12075700.0,0.659796,12075652.37136835,0.6723405546867227,50662.073440237364,112.87509962484884,50563.483653430434,112.655441579843,lpr:total_combined:bdpl,3.012317919405019,5.5876820805949805
T_factor_0.880,0.88,1496.0,0.07981140824009202,gen=35_member=4383_pso,50,10482600.0,0.717261,10482596.881225228,0.7187258701632462,44395.66150852786,98.91353384100007,43697.952601065685,97.35903839517434,lpr:total_combined:bdpl,1.4649136477980773,7.135086352201922
T_factor_0.880,0.88,1496.0,0.07981140824009202,gen=47_member=5964_pso,50,10840100.0,0.714224,10840089.258866806,0.7170645672441259,45340.13174397748,101.01781352558181,44763.52736283021,99.7331389643857,lpr:total_combined:bdpl,1.604196755409482,6.995803244590517
T_factor_0.880,0.88,1496.0,0.07981140824009202,gen=45_member=5721_pso,50,10935500.0,0.713017,10935459.38484597,0.7160170005663705,46077.815037649634,102.66137190388338,45406.79805241785,101.16634606078696,lpr:total_combined:bdpl,1.6547882473158873,6.945211752684113
T_factor_0.880,0.88,1496.0,0.07981140824009202,gen=47_member=5893_pso,50,10050300.0,0.718629,10050330.220899835,0.7200030967717609,44663.8123416983,99.51097389730381,42679.893231787595,95.09080212042277,lpr:total_combined:bdpl,1.3553255372259352,7.244674462774064
T_factor_0.880,0.88,1496.0,0.07981140824009202,gen=35_member=4446_pso,50,11409800.0,0.706375,11409792.203285765,0.709939051585368,48804.747890203915,108.73697829937431,47323.49343085893,105.4367433639537,lpr:total_combined:bdpl,1.9483184952794823,6.651681504720518
T_factor_0.880,0.88,1496.0,0.07981140824009202,gen=45_member=5683_pso,50,10240800.0,0.71792,10240771.73598947,0.7193390081479524,44683.47269518394,99.55477716486982,43384.26011810516,96.66013154313829,lpr:total_combined:bdpl,1.4123054161686859,7.1876945838313135
T_factor_0.880,0.88,1496.0,0.07981140824009202,gen=49_member=6242_pso,50,11866200.0,0.690335,11866171.531540677,0.696886762795789,49793.36739732516,110.93962256124044,49240.59882468567,109.70805418139967,lpr:total_combined:bdpl,2.4141304698529433,6.185869530147056
T_factor_0.880,0.88,1496.0,0.07981140824009202,gen=45_member=5670_pso,50,10406200.0,0.717494,10406231.87516301,0.7189603474425547,44191.60289947777,98.45889126003648,43609.30208475285,97.16152504482936,lpr:total_combined:bdpl,1.4447951176639486,7.155204882336051
T_factor_0.880,0.88,1496.0,0.07981140824009202,gen=38_member=4778_pso,50,10164400.0,0.71794,10164356.433517821,0.7193510376199466,43216.77328051297,96.28697086898289,42970.82431105304,95.73899656502617,lpr:total_combined:bdpl,1.4112732679983924,7.188726732001607
T_factor_0.880,0.88,1496.0,0.07981140824009202,gen=43_member=5423_pso,50,12257800.0,0.594933,12257750.350139363,0.6163280061774277,51233.33114761955,114.14786179689636,51233.33114761955,114.14786179689636,lpr:total_combined:bdpl,3.894200590353844,4.705799409646156
T_factor_0.880,0.88,1496.0,0.07981140824009202,gen=38_member=4827_pso,50,12171600.0,0.631596,12171637.808199104,0.6478608767085731,50979.48086559517,113.58228336854604,50813.54471465353,113.21257762424806,lpr:total_combined:bdpl,3.446666818272118,5.153333181727882
T_factor_0.880,0.88,1496.0,0.07981140824009202,gen=46_member=5827_pso,50,12142700.0,0.641492,12142688.246643651,0.6558951311446164,51220.46766399847,114.11920195538859,50818.373966461804,113.22333719727689,lpr:total_combined:bdpl,3.3108487381850527,5.289151261814947
T_factor_0.880,0.88,1496.0,0.07981140824009202,gen=49_member=6197_pso,50,10994700.0,0.712329,10994705.05589987,0.7153928741596124,46401.49017389091,103.38252010742895,45612.509888916305,101.62467203250553,lpr:total_combined:bdpl,1.6849299907739126,6.915070009226087
T_factor_0.880,0.88,1496.0,0.07981140824009202,gen=34_member=4254_pso,50,11826100.0,0.692032,11826081.210188618,0.6980181563714354,49289.58618785271,109.81719802653583,49090.82356794755,109.37435490938714,lpr:total_combined:bdpl,2.37827265833046,6.22172734166954
T_factor_0.880,0.88,1496.0,0.07981140824009202,gen=46_member=5867_pso,50,11245900.0,0.709312,11245910.539729662,0.7124629444133626,47224.11676777734,105.21533215860791,46469.35011106735,103.53371204745807,lpr:total_combined:bdpl,1.826428875944014,6.7735711240559855
T_factor_0.880,0.88,1496.0,0.07981140824009202,gen=31_member=3915_pso,50,12151300.0,0.634089,12151250.97606472,0.6496998324365005,50778.043066439204,113.13347995202655,50719.60111312249,113.0032712800369,lpr:total_combined:bdpl,3.415579498556211,5.184420501443789
T_factor_0.880,0.88,1496.0,0.07981140824009202,gen=47_member=5976_pso,50,11362000.0,0.706998,11362024.609674983,0.710245610992597,48125.197185073404,107.22293932834354,46930.904979662475,104.56205629468799,lpr:total_combined:bdpl,1.9335134254934796,6.66648657450652
T_factor_0.880,0.88,1496.0,0.07981140824009202,gen=39_member=4925_pso,50,11896400.0,0.684874,11896391.93605654,0.6931919236260972,50146.24464222477,111.72583306287677,49634.299194174644,110.5852186046211,lpr:total_combined:bdpl,2.5312328199144667,6.068767180085533
T_factor_0.880,0.88,1496.0,0.07981140824009202,gen=36_member=4494_pso,50,10420500.0,0.717361,10420504.849209998,0.7188120034659949,44203.144887668415,98.48460680972522,43469.94284558344,96.85103265995991,lpr:total_combined:bdpl,1.457523270990506,7.142476729009494
T_factor_0.880,0.88,1496.0,0.07981140824009202,gen=44_member=5537_pso,50,10636200.0,0.715586,10636170.166640699,0.7177997219861344,45169.2898288748,100.63717773873304,44280.52405169593,98.65700758717853,lpr:total_combined:bdpl,1.5443786606336143,7.055621339366385
T_factor_0.880,0.88,1496.0,0.07981140824009202,gen=46_member=5774_pso,50,12198800.0,0.623458,12198824.129546277,0.6419020417972378,51031.70882205056,113.69864725552864,51031.70882205056,113.69864725552864,lpr:total_combined:bdpl,3.547400187330307,5.052599812669692
T_factor_0.880,0.88,1496.0,0.07981140824009202,gen=37_member=4723_pso,50,11316900.0,0.708149,11316939.89607805,0.7114202550462357,47958.33587102356,106.8511723206405,46911.033225908424,104.51778202732396,lpr:total_combined:bdpl,1.876784821582644,6.723215178417355
T_factor_0.880,0.88,1496.0,0.07981140824009202,gen=45_member=5711_pso,50,10701000.0,0.715537,10701015.255649135,0.7177819557603401,44962.49060320653,100.17642906394414,44382.095728658474,98.88330928345108,lpr:total_combined:bdpl,1.5459030315665525,7.054096968433447
T_factor_0.880,0.88,1496.0,0.07981140824009202,gen=29_member=3643_pso,50,11063400.0,0.711087,11063367.898928545,0.7142143823144705,46773.04844914237,104.2103519446892,45939.598395335444,102.35342522480737,lpr:total_combined:bdpl,1.7418444210543902,6.85815557894561
T_factor_0.880,0.88,1496.0,0.07981140824009202,gen=28_member=3493_pso,50,12010000.0,0.668784,12010002.111146484,0.6788324457899803,50587.18777954187,112.70825437281928,50262.96022798913,111.98587538795978,lpr:total_combined:bdpl,2.869036757469675,5.730963242530325
T_factor_0.880,0.88,1496.0,0.07981140824009202,gen=39_member=4935_pso,50,11281500.0,0.708428,11281519.05267382,0.7116791562458575,47746.93364863757,106.3801681691645,46654.0946465578,103.94532287253078,lpr:total_combined:bdpl,1.8642813712311188,6.735718628768881
T_factor_0.880,0.88,1496.0,0.07981140824009202,gen=44_member=5540_pso,50,12269800.0,0.591573,12269791.265440106,0.6136647667780416,51409.0442246771,114.53935053258057,51274.750450654414,114.24014400405802,lpr:total_combined:bdpl,3.9290821020934272,4.670917897906572
T_factor_0.880,0.88,1496.0,0.07981140824009202,gen=42_member=5321_pso,50,11999300.0,0.671198,11999286.1007488,0.6811406298417008,50602.65384263916,112.74271276140006,50173.2583189863,111.78601953470147,lpr:total_combined:bdpl,2.818093313158788,5.781906686841212
T_factor_0.880,0.88,1496.0,0.07981140824009202,gen=39_member=4882_pso,50,10775300.0,0.714436,10775264.386121174,0.7171961334384358,45802.7874267953,102.04861038689992,44827.07266782531,99.8747179039148,lpr:total_combined:bdpl,1.5961675351092235,7.003832464890776
T_factor_0.880,0.88,1496.0,0.07981140824009202,gen=39_member=4970_pso,50,12038300.0,0.666387,12038325.731098836,0.6770926765583074,50516.56288398654,112.550902105522,50255.35737047452,111.96893622141724,lpr:total_combined:bdpl,2.907434837944002,5.692565162055997
T_factor_0.880,0.88,1496.0,0.07981140824009202,gen=32_member=3991_pso,50,12201000.0,0.619031,12200978.588406555,0.6384958199045616,51219.6970317056,114.11748498664006,51020.12093871804,113.6728294514638,lpr:total_combined:bdpl,3.6038598665938393,4.99614013340616
T_factor_0.880,0.88,1496.0,0.07981140824009202,gen=37_member=4713_pso,50,12177200.0,0.629244,12177156.784652073,0.6460958638535537,50997.8887656764,113.62329616992702,50833.59811395465,113.25725659789096,lpr:total_combined:bdpl,3.4765041428435546,5.1234958571564455
T_factor_0.880,0.88,1496.0,0.07981140824009202,gen=41_member=5214_pso,50,11978400.0,0.676443,11978411.285790766,0.6860783897304711,50645.64701899745,112.83850155832631,50104.31768993943,111.63241981318505,lpr:total_combined:bdpl,2.70911305409903,5.89088694590097
T_factor_0.880,0.88,1496.0,0.07981140824009202,gen=47_member=5902_pso,50,11103200.0,0.710867,11103175.487190865,0.714028115633317,47049.460161530864,104.82619723989076,46109.99146446721,102.73306098283294,lpr:total_combined:bdpl,1.7508400387006111,6.849159961299389
T_factor_0.880,0.88,1496.0,0.07981140824009202,gen=45_member=5714_pso,50,11993300.0,0.674785,11993278.716311434,0.6846298512953765,50064.69897747029,111.5441493218038,49746.83479228297,110.83594791720645,lpr:total_combined:bdpl,2.7410834409689246,5.8589165590310746
T_factor_0.880,0.88,1496.0,0.07981140824009202,gen=45_member=5725_pso,50,10086100.0,0.718322,10086052.361235783,0.7196727209684328,43236.57024331604,96.33107850210814,42605.227886494205,94.92444773110908,lpr:total_combined:bdpl,1.383672315960504,7.216327684039496
T_factor_0.880,0.88,1496.0,0.07981140824009202,gen=41_member=5219_pso,50,10877600.0,0.713721,10877623.213253161,0.7166491492176458,45831.09410723573,102.11167767092121,45102.71967809803,100.48885944280241,lpr:total_combined:bdpl,1.6242590752319073,6.975740924768092
T_factor_0.880,0.88,1496.0,0.07981140824009202,gen=38_member=4779_pso,50,11511900.0,0.702673,11511911.853114262,0.7075641721996044,48003.579465953466,106.95197505014431,47829.015475785905,106.563046480051,lpr:total_combined:bdpl,2.063011615798536,6.5369883842014636
T_factor_0.880,0.88,1496.0,0.07981140824009202,gen=39_member=4891_pso,50,12250700.0,0.597475,12250726.961103301,0.6183124048721099,51186.95182954514,114.04452867622658,51181.4721129275,114.03231986760247,lpr:total_combined:bdpl,3.868210126867712,4.731789873132287
T_factor_0.880,0.88,1496.0,0.07981140824009202,gen=38_member=4772_pso,50,11343500.0,0.707434,11343536.810518842,0.7108935932763738,47559.18910881358,105.96187333443666,47088.50036268619,104.91317880806483,lpr:total_combined:bdpl,1.9022195793247239,6.697780420675276
T_factor_0.880,0.88,1496.0,0.07981140824009202,gen=42_member=5263_pso,50,12267300.0,0.591914,12267261.652988074,0.6139314863538131,51401.15443533461,114.5217720819255,51266.89061527922,114.2226322908421,lpr:total_combined:bdpl,3.925588769118707,4.674411230881293
T_factor_0.880,0.88,1496.0,0.07981140824009202,gen=40_member=5076_pso,50,11779100.0,0.693959,11779139.5975923,0.6998616370285957,49427.02345467124,110.12340825700751,48946.710201045935,109.05327032793033,lpr:total_combined:bdpl,2.3198463216668133,6.280153678333186
T_factor_0.880,0.88,1496.0,0.07981140824009202,gen=49_member=6161_pso,50,10118300.0,0.718234,10118254.813456059,0.7195868695535654,43142.178199925635,96.12077302943432,42648.48611640095,95.02082706734132,lpr:total_combined:bdpl,1.3910385063315343,7.208961493668466
T_factor_0.880,0.88,1496.0,0.07981140824009202,gen=43_member=5437_pso,50,11872500.0,0.688115,11872492.260370716,0.6951968587788488,49773.96375344011,110.89639124266456,49388.10419626745,110.03669614928387,lpr:total_combined:bdpl,2.4676894267313294,6.13231057326867
T_factor_0.880,0.88,1496.0,0.07981140824009202,gen=44_member=5578_pso,50,10529000.0,0.716879,10529046.22432401,0.718478738968477,45321.15226539255,100.9755272472946,43781.85514960589,97.54597327332193,lpr:total_combined:bdpl,1.486117904362756,7.113882095637244
T_factor_0.880,0.88,1496.0,0.07981140824009202,gen=36_member=4573_pso,50,9923880.0,0.718701,9923883.486663597,0.7200533235622371,42793.782245499315,95.34454684297248,42379.19800126966,94.42085314682879,lpr:total_combined:bdpl,1.3510159972964495,7.24898400270355
T_factor_0.880,0.88,1496.0,0.07981140824009202,gen=44_member=5555_pso,50,11482000.0,0.70427,11481968.855985735,0.7086930939505951,48635.122267710045,108.35905241245798,47726.17379980708,106.33391522597017,lpr:total_combined:bdpl,2.0084911381611703,6.591508861838829
T_factor_0.880,0.88,1496.0,0.07981140824009202,gen=38_member=4840_pso,50,11953800.0,0.677695,11953765.575695587,0.6872890809274822,50063.23576541098,111.54088928533567,49665.68700823383,110.65515065434496,lpr:total_combined:bdpl,2.682392143551779,5.917607856448221
T_factor_0.880,0.88,1496.0,0.07981140824009202,gen=47_member=5966_pso,50,11540800.0,0.702015,11540755.077291641,0.7071372864979049,48509.58313027878,108.07935121426111,47949.67757377042,106.8318816343605,lpr:total_combined:bdpl,2.0836277588862173,6.516372241113782
T_factor_0.880,0.88,1496.0,0.07981140824009202,gen=47_member=5898_pso,50,11764400.0,0.695319,11764362.834467728,0.701052646256671,49013.50339598111,109.20208556624591,48858.132426577125,108.85591904641383,lpr:total_combined:bdpl,2.282099082031428,6.317900917968572
T_factor_0.880,0.88,1496.0,0.07981140824009202,gen=38_member=4768_pso,50,10569000.0,0.71664,10568987.168558508,0.7183550377088614,44629.149277354714,99.4337445899463,43944.607240902464,97.90858493273069,lpr:total_combined:bdpl,1.49673167268413,7.103268327315869
T_factor_0.880,0.88,1496.0,0.07981140824009202,gen=41_member=5241_pso,50,11446400.0,0.705662,11446374.076925283,0.709468851553062,48174.289000024866,107.3323158920554,47488.398587199335,105.80415205228012,lpr:total_combined:bdpl,1.971026473333693,6.628973526666306
T_factor_0.880,0.88,1496.0,0.07981140824009202,gen=39_member=4901_pso,50,9895340.0,0.718742,9895339.590260155,0.7200876499416492,43036.58307268322,95.88550708593822,42282.3515580355,94.20507927130309,lpr:total_combined:bdpl,1.3480707383756987,7.251929261624301
T_factor_0.880,0.88,1496.0,0.07981140824009202,gen=40_member=5082_pso,50,10606200.0,0.716303,10606192.66881587,0.7181563403850749,45134.53789635979,100.5597504330896,43870.23979482254,97.74289426286462,lpr:total_combined:bdpl,1.5137802247142456,7.086219775285754
T_factor_0.880,0.88,1496.0,0.07981140824009202,gen=49_member=6158_pso,50,11921100.0,0.684136,11921105.488845602,0.692673777239819,49938.49052936899,111.2629568994341,49407.06456081771,110.07893984150185,lpr:total_combined:bdpl,2.547654687476868,6.052345312523132
T_factor_0.880,0.88,1496.0,0.07981140824009202,gen=49_member=6216_pso,50,11945100.0,0.680279,11945134.063002478,0.6899862268274567,49765.95027878354,110.87853722112972,49575.549827551215,110.45432501578411,lpr:total_combined:bdpl,2.6228640041682354,5.977135995831764
T_factor_0.880,0.88,1496.0,0.07981140824009202,gen=47_member=6002_pso,50,10144400.0,0.718198,10144439.49189337,0.7195496880801507,43537.03644438117,97.00051719808124,42685.09218699485,95.10238539262453,lpr:total_combined:bdpl,1.3942287369395119,7.2057712630604875
T_factor_0.880,0.88,1496.0,0.07981140824009202,gen=32_member=3978_pso,50,11724500.0,0.69565,11724521.462720819,0.7013659980626726,49484.08398621317,110.25053912128294,48874.142584268266,108.89158967774969,lpr:total_combined:bdpl,2.2721678695500245,6.327832130449975
T_factor_0.880,0.88,1496.0,0.07981140824009202,gen=24_member=2976_pso,50,11884300.0,0.687169,11884331.744194893,0.6947698144728689,49948.858920262544,111.28605767434495,49302.48132715866,109.8459283969095,lpr:total_combined:bdpl,2.481223951378803,6.118776048621196
T_factor_0.880,0.88,1496.0,0.07981140824009202,gen=46_member=5863_pso,50,11617300.0,0.700106,11617325.353071578,0.7056591380460049,49401.63840788752,110.06685037277339,48314.00128676755,107.6435948669181,lpr:total_combined:bdpl,2.1361032783453107,6.463896721654689
T_factor_0.880,0.88,1496.0,0.07981140824009202,gen=49_member=6159_pso,50,10903700.0,0.713479,10903671.696892686,0.7163906528150288,45667.79848784485,101.74785503091832,45185.67293819359,100.67367930629531,lpr:total_combined:bdpl,1.6367429761983396,6.96325702380166
T_factor_0.880,0.88,1496.0,0.07981140824009202,gen=49_member=6198_pso,50,11459600.0,0.705203,11459602.640373657,0.7091699367563131,48552.841526723045,108.17573092153894,47570.689864403525,105.98749701789104,lpr:total_combined:bdpl,1.9854623520625116,6.614537647937488
T_factor_0.880,0.88,1496.0,0.07981140824009202,gen=39_member=4883_pso,50,11655800.0,0.698172,11655757.181802921,0.7037357829237461,48881.632005089115,108.90827610733855,48537.54062247831,108.14164050688167,lpr:total_combined:bdpl,2.1970611156084026,6.402938884391597
T_factor_0.880,0.88,1496.0,0.07981140824009202,gen=36_member=4595_pso,50,12058100.0,0.663152,12058128.274327343,0.6748072541459258,50642.234983008704,112.83089954214338,50507.80174322089,112.53138228389614,lpr:total_combined:bdpl,2.9578759149045797,5.6421240850954195
T_factor_0.880,0.88,1496.0,0.07981140824009202,gen=44_member=5538_pso,50,11819700.0,0.693476,11819711.981230736,0.6992638990476254,49533.11938529392,110.35978999043485,48989.99124684964,109.149700497981,lpr:total_combined:bdpl,2.3387907246781325,6.2612092753218676
T_factor_0.880,0.88,1496.0,0.07981140824009202,gen=47_member=5958_pso,50,11252200.0,0.708814,11252182.316333093,0.7120285916634,46889.07693987987,104.46886342205235,46538.53885013175,103.68786455809354,lpr:total_combined:bdpl,1.8474056348471706,6.752594365152829
T_factor_0.880,0.88,1496.0,0.07981140824009202,gen=46_member=5862_pso,50,12127400.0,0.646326,12127415.605267622,0.6605675863905094,50873.35612585935,113.34583744841463,50761.635386620335,113.0969236413901,lpr:total_combined:bdpl,3.2318614586755845,5.368138541324415
T_factor_0.880,0.88,1496.0,0.07981140824009202,gen=48_member=6077_pso,50,11804900.0,0.693913,11804869.991800735,0.6996785625652391,49514.66438767297,110.31867225573538,48929.08457796394,109.01400043970366,lpr:total_combined:bdpl,2.32564859042892,6.2743514095710795
T_factor_0.880,0.88,1496.0,0.07981140824009202,gen=38_member=4784_pso,50,11163300.0,0.710244,11163326.786992056,0.7133242429226639,47658.341063344036,106.1827838891305,46251.2716214466,103.04783317258301,lpr:total_combined:bdpl,1.7848330735119582,6.8151669264880415
T_factor_0.880,0.88,1496.0,0.07981140824009202,gen=38_member=4799_pso,50,11949800.0,0.678338,11949789.008105733,0.6878903305615238,50300.94685990873,112.07050960387664,49627.29767271265,110.56961921480378,lpr:total_combined:bdpl,2.6691220894475975,5.930877910552402
T_factor_0.880,0.88,1496.0,0.07981140824009202,gen=33_member=4144_pso,50,10275000.0,0.717721,10274983.576880537,0.7191675015287512,43886.43329653439,97.77897338467862,43197.64571836743,96.24435466052263,lpr:total_combined:bdpl,1.4270209617293366,7.172979038270663
T_factor_0.880,0.88,1496.0,0.07981140824009202,gen=40_member=5066_pso,50,11747400.0,0.695498,11747366.836248316,0.7011978439590385,49275.627853929764,109.7860988585555,48795.80376842059,108.71705079604108,lpr:total_combined:bdpl,2.277497260033261,6.322502739966739
T_factor_0.880,0.88,1496.0,0.07981140824009202,gen=40_member=5054_pso,50,11588500.0,0.701146,11588547.789286416,0.7065914727086618,48781.04607997798,108.68417066619094,48181.74171599037,107.34892054322654,lpr:total_combined:bdpl,2.1065543385872494,6.49344566141275
T_factor_0.880,0.88,1496.0,0.07981140824009202,gen=45_member=5693_pso,50,10709600.0,0.715379,10709593.135838162,0.7177315978784048,45013.264122283465,100.28955246444755,44331.89936597063,98.77147178738257,lpr:total_combined:bdpl,1.5502238193554392,7.04977618064456
T_factor_0.880,0.88,1496.0,0.07981140824009202,gen=48_member=6031_pso,50,12052400.0,0.665521,12052365.848215453,0.6764806417329781,50542.03664619567,112.60765764772395,50359.41582725156,112.20077846311648,lpr:total_combined:bdpl,2.920942929734709,5.679057070265291
T_factor_0.880,0.88,1496.0,0.07981140824009202,gen=31_member=3921_pso,50,12113900.0,0.648713,12113891.248633971,0.6627264336947399,50758.519707847816,113.08998190908493,50541.739414484626,112.60699541547174,lpr:total_combined:bdpl,3.195366411326036,5.404633588673963
T_factor_0.880,0.88,1496.0,0.07981140824009202,gen=44_member=5545_pso,50,11598800.0,0.700704,11598815.43768315,0.7061734314870601,48922.10128165834,108.99844165553478,48203.08537435674,107.39647421406681,lpr:total_combined:bdpl,2.11980352406566,6.48019647593434
T_factor_0.880,0.88,1496.0,0.07981140824009202,gen=39_member=4943_pso,50,11638200.0,0.698899,11638206.369778983,0.704300269795363,49553.62611216778,110.40547897790981,48263.5673686528,107.53122809735844,lpr:total_combined:bdpl,2.1791705563149297,6.42082944368507
T_factor_0.880,0.88,1496.0,0.07981140824009202,gen=34_member=4333_pso,50,11563700.0,0.701354,11563663.491177239,0.7067985206134001,49190.64059163448,109.59674723816163,48020.76320158239,106.99026041312557,lpr:total_combined:bdpl,2.099988217717167,6.500011782282833
T_factor_0.880,0.88,1496.0,0.07981140824009202,gen=46_member=5865_pso,50,10532800.0,0.716666,10532832.151348412,0.7183852819418189,44588.28472863733,99.34269837540397,43900.42570084892,97.8101484614914,lpr:total_combined:bdpl,1.4941366685373212,7.105863331462679
T_factor_0.880,0.88,1496.0,0.07981140824009202,gen=35_member=4371_pso,50,11707200.0,0.696196,11707227.059533695,0.7019984999656068,49103.908059944864,109.40350715755716,48760.57446755105,108.63855991370374,lpr:total_combined:bdpl,2.2521216765087835,6.347878323491216
T_factor_0.880,0.88,1496.0,0.07981140824009202,gen=39_member=4906_pso,50,11134300.0,0.710422,11134328.034844197,0.7135518392795469,47578.77914141552,106.00551992707378,46071.3940281057,102.6470658946195,lpr:total_combined:bdpl,1.7738414684030148,6.826158531596985
T_factor_0.880,0.88,1496.0,0.07981140824009202,gen=47_member=5999_pso,50,10584600.0,0.716506,10584561.410868496,0.7182841080398178,45172.36751059882,100.64403481361417,43991.90226940192,98.01395825622748,lpr:total_combined:bdpl,1.5028175531083086,7.097182446891691
T_factor_0.880,0.88,1496.0,0.07981140824009202,gen=42_member=5333_pso,50,10737100.0,0.714956,10737093.054913322,0.7174535499015926,45512.1533406996,101.40107764307871,44447.611060534735,99.02927744287139,lpr:total_combined:bdpl,1.5740807858671833,7.025919214132816
T_factor_0.880,0.88,1496.0,0.07981140824009202,gen=46_member=5794_pso,50,11924600.0,0.682557,11924617.05125353,0.6916171419566994,49682.41356246758,110.69241741717775,49427.09624546203,110.1235704348894,lpr:total_combined:bdpl,2.5811431477666122,6.018856852233387
T_factor_0.880,0.88,1496.0,0.07981140824009202,gen=43_member=5487_pso,50,12067400.0,0.661074,12067409.117305875,0.6732836279722498,50562.666453056096,112.65362085740898,50537.27173193039,112.59704141874091,lpr:total_combined:bdpl,2.9915035474460225,5.608496452553977
T_factor_0.880,0.88,1496.0,0.07981140824009202,gen=30_member=3743_pso,50,10742800.0,0.714799,10742769.128613207,0.7174116321532513,45646.324483692624,101.70001094966716,44378.07642666707,98.87435427861422,lpr:total_combined:bdpl,1.5776773965308997,7.0223226034690995
T_factor_0.880,0.88,1496.0,0.07981140824009202,gen=39_member=4904_pso,50,10630300.0,0.716073,10630263.80682499,0.7180566121596268,45186.13101289218,100.67469989672378,44125.36338214286,98.31130961541429,lpr:total_combined:bdpl,1.5223370678967352,7.077662932103264
T_factor_0.880,0.88,1496.0,0.07981140824009202,gen=47_member=5956_pso,50,12183100.0,0.627514,12183071.266239155,0.6448092687816127,50949.92024342074,113.51642230234141,50854.86246850255,113.30463357982367,lpr:total_combined:bdpl,3.4982538738125624,5.101746126187438
T_factor_0.880,0.88,1496.0,0.07981140824009202,gen=45_member=5633_pso,50,10052500.0,0.7184,10052464.229952421,0.7197740167196919,43191.05822560805,96.22967772665474,42774.25277119569,95.30103517422398,lpr:total_combined:bdpl,1.374980976525935,7.225019023474065
T_factor_0.880,0.88,1496.0,0.07981140824009202,gen=42_member=5374_pso,50,12060700.0,0.662726,12060715.189592736,0.6744986342980355,50808.16226453737,113.20058552538926,50520.26567669265,112.55915192767122,lpr:total_combined:bdpl,2.9646873985999638,5.635312601400036
T_factor_0.880,0.88,1496.0,0.07981140824009202,gen=48_member=6063_pso,50,11984100.0,0.674935,11984089.021979596,0.6846752959260521,50686.86090154338,112.93032608863865,50056.85481995258,111.52667253885436,lpr:total_combined:bdpl,2.7400804420918075,5.859919557908192
T_factor_0.880,0.88,1496.0,0.07981140824009202,gen=37_member=4733_pso,50,11692900.0,0.69644,11692914.81233409,0.7021920858920407,49794.90136387573,110.94304023871513,48748.25392030278,108.61110973443459,lpr:total_combined:bdpl,2.245986262791674,6.354013737208326
T_factor_0.880,0.88,1496.0,0.07981140824009202,gen=38_member=4788_pso,50,12107000.0,0.64925,12107032.78287132,0.6632366694853704,50838.0282661453,113.26712697697172,50549.15545890157,112.6235183624327,lpr:total_combined:bdpl,3.1867409382312015,5.413259061768798
T_factor_0.880,0.88,1496.0,0.07981140824009202,gen=42_member=5267_pso,50,11624000.0,0.698994,11624016.320151795,0.7044826293579258,49374.311990781556,110.0059671154613,48229.59089885325,107.45552852264503,lpr:total_combined:bdpl,2.1733909452543267,6.426609054745673
T_factor_0.880,0.88,1496.0,0.07981140824009202,gen=46_member=5801_pso,50,12128900.0,0.644216,12128869.131304957,0.6585569250377076,50817.75993013832,113.22196912434818,50772.09331393344,113.1202239034437,lpr:total_combined:bdpl,3.265851440797348,5.334148559202651
T_factor_0.880,0.88,1496.0,0.07981140824009202,gen=47_member=5934_pso,50,12214400.0,0.617987,12214365.004216783,0.637543522649624,51089.75653112735,113.82797755135174,51089.75653112735,113.82797755135174,lpr:total_combined:bdpl,3.6163324846714096,4.98366751532859
T_factor_0.880,0.88,1496.0,0.07981140824009202,gen=40_member=5041_pso,50,10773400.0,0.714662,10773385.543513425,0.7173588614959424,45911.66320015842,102.29118560995296,44777.123591647796,99.76343136219128,lpr:total_combined:bdpl,1.5822052043526091,7.01779479564739
T_factor_0.880,0.88,1496.0,0.07981140824009202,gen=44_member=5596_pso,50,11129300.0,0.710806,11129305.094874427,0.71391400790749,46326.48433354849,103.21540709514603,46042.22206637733,102.5820707638887,lpr:total_combined:bdpl,1.7563507906271638,6.843649209372836
T_factor_0.880,0.88,1496.0,0.07981140824009202,gen=46_member=5800_pso,50,10266700.0,0.717862,10266732.962909713,0.7192927029356447,43830.81669688098,97.65505960065083,43267.22125075295,96.39936894667757,lpr:total_combined:bdpl,1.4162784783430884,7.183721521656912
T_factor_0.880,0.88,1496.0,0.07981140824009202,90,50,12416100.0,0.556633,12416131.199367564,0.5840643003305476,52367.2352406157,116.67420011609178,52367.2352406157,116.67420011609178,lpr:total_combined:bdpl,4.278828275655066,4.321171724344934
T_factor_0.880,0.88,1496.0,0.07981140824009202,8,50,12404500.0,0.556712,12404528.288386147,0.584343639267922,52432.08592469255,116.81868744021499,52432.08592469255,116.81868744021499,lpr:total_combined:bdpl,4.275810054408695,4.324189945591304
T_factor_0.880,0.88,1496.0,0.07981140824009202,gen=47_member=5927_pso,50,12191700.0,0.623739,12191693.59369932,0.6419836584262331,50892.77888623762,113.3891113585374,50864.275180965094,113.32560510319023,lpr:total_combined:bdpl,3.546020468285864,5.053979531714136
T_factor_0.880,0.88,1496.0,0.07981140824009202,gen=23_member=2880_pso,50,12086100.0,0.651425,12086117.93737263,0.665299615411367,50685.30030794859,112.92684908610946,50513.65277696667,112.54441838708175,lpr:total_combined:bdpl,3.151867091849724,5.448132908150276
T_factor_0.880,0.88,1496.0,0.07981140824009202,gen=45_member=5694_pso,50,11937100.0,0.681248,11937082.887701936,0.6906324951889048,49824.64404995597,111.0093069433019,49490.96174587519,110.26586276980991,lpr:total_combined:bdpl,2.6086003512083353,5.991399648791664
T_factor_0.880,0.88,1496.0,0.07981140824009202,gen=33_member=4157_pso,50,12187200.0,0.625142,12187167.117334038,0.6430323130210374,51187.975454635576,114.04680931292806,50849.17018404211,113.29195117004582,lpr:total_combined:bdpl,3.5282930917290742,5.071706908270926
T_factor_0.880,0.88,1496.0,0.07981140824009202,gen=39_member=4884_pso,50,11680400.0,0.697022,11680425.995853443,0.7028179731437019,49254.57549238486,109.73919419703346,48559.45242309004,108.19045999864461,lpr:total_combined:bdpl,2.2261497111376065,6.373850288862393
T_factor_0.880,0.88,1496.0,0.07981140824009202,gen=43_member=5440_pso,50,12121100.0,0.647192,12121098.886050921,0.6612835811428261,50835.08313646425,113.26056522804235,50621.75583412206,112.78527199842394,lpr:total_combined:bdpl,3.2197576557171166,5.380242344282883
T_factor_0.880,0.88,1496.0,0.07981140824009202,gen=33_member=4206_pso,50,11551100.0,0.701567,11551056.819824193,0.7069098889647042,48667.510880842834,108.43121424251783,47816.250315878584,106.53460570377749,lpr:total_combined:bdpl,2.094609761946022,6.505390238053978
T_factor_0.880,0.88,1496.0,0.07981140824009202,gen=48_member=6130_pso,50,11497500.0,0.703325,11497486.999720298,0.7079267660501043,48519.73772520262,108.10197565175143,47653.76048447941,106.17257835942013,lpr:total_combined:bdpl,2.045500402200004,6.554499597799996
T_factor_0.880,0.88,1496.0,0.07981140824009202,gen=40_member=5021_pso,50,12103200.0,0.650633,12103213.1286555,0.6646211104819318,51356.81714081211,114.42298858972939,50538.80335523818,112.60045387547066,lpr:total_combined:bdpl,3.1633371339773504,5.436662866022649
T_factor_0.880,0.88,1496.0,0.07981140824009202,gen=45_member=5738_pso,50,10894900.0,0.713643,10894885.825538045,0.7164971546977571,45530.41708116328,101.44176925683179,44923.50650222009,100.08957248694635,lpr:total_combined:bdpl,1.6315995430857013,6.968400456914298
T_factor_0.880,0.88,1496.0,0.07981140824009202,gen=27_member=3377_pso,50,12186900.0,0.625766,12186931.25762333,0.6435029007172793,50945.06918245952,113.5056141385198,50866.95776489414,113.33158190018415,lpr:total_combined:bdpl,3.520337864778648,5.079662135221351
T_factor_0.880,0.88,1496.0,0.07981140824009202,gen=46_member=5826_pso,50,12186100.0,0.627088,12186064.810103523,0.6444929791552587,50982.68793573881,113.58942872082606,50864.647947326586,113.32643562664363,lpr:total_combined:bdpl,3.5036007109266754,5.096399289073324
T_factor_0.880,0.88,1496.0,0.07981140824009202,gen=41_member=5141_pso,50,11030000.0,0.711812,11029968.090569744,0.7148641629586615,46670.83927397202,103.98262990240966,45764.1445725456,101.96251410763159,lpr:total_combined:bdpl,1.7104637243411573,6.889536275658842
T_factor_0.880,0.88,1496.0,0.07981140824009202,gen=29_member=3677_pso,50,11489400.0,0.703344,11489410.323236927,0.7080065776357706,48245.40350903176,107.49075901812276,47672.920123003445,106.21526603405167,lpr:total_combined:bdpl,2.041645958109704,6.558354041890295
T_factor_0.880,0.88,1496.0,0.07981140824009202,gen=35_member=4441_pso,50,12097700.0,0.650754,12097747.115144044,0.6646642212124764,50601.79755350265,112.7408049492039,50516.3430693612,112.55041235853676,lpr:total_combined:bdpl,3.162608352395895,5.437391647604104
T_factor_0.880,0.88,1496.0,0.07981140824009202,gen=31_member=3912_pso,50,11666300.0,0.697443,11666347.56033951,0.7032235486059736,49118.4329153273,109.43586853534921,48526.83479974014,108.11778793382103,lpr:total_combined:bdpl,2.2132956090838825,6.386704390916117
T_factor_0.880,0.88,1496.0,0.07981140824009202,gen=44_member=5517_pso,50,12132500.0,0.643292,12132464.82691212,0.6576330452187868,51456.49456959809,114.64506990106455,50794.287641190014,113.16967286457135,lpr:total_combined:bdpl,3.281469515160798,5.318530484839202
T_factor_0.880,0.88,1496.0,0.07981140824009202,gen=49_member=6177_pso,50,12138900.0,0.642618,12138871.541597325,0.6570217684293655,50825.8835101407,113.24006846059348,50801.76609991204,113.18633487060403,lpr:total_combined:bdpl,3.291803073875161,5.308196926124839
T_factor_0.880,0.88,1496.0,0.07981140824009202,gen=44_member=5611_pso,50,11923800.0,0.68319,11923767.054962939,0.6920437213576538,49891.114152183596,111.15740233106504,49430.9234601053,110.13209746911461,lpr:total_combined:bdpl,2.5676233575821454,6.032376642417854
T_factor_0.880,0.88,1496.0,0.07981140824009202,gen=35_member=4426_pso,50,12009300.0,0.66959,12009325.101516692,0.6796125605809775,50272.83216736466,112.00787006888845,50272.83216736466,112.00787006888845,lpr:total_combined:bdpl,2.851819008139138,5.7481809918608615
T_factor_0.880,0.88,1496.0,0.07981140824009202,gen=25_member=3126_pso,50,11880600.0,0.687242,11880589.469000075,0.6948172611292033,49706.3042309079,110.7456458264628,49291.21269141708,109.82082187647725,lpr:total_combined:bdpl,2.4797202012278103,6.12027979877219
T_factor_0.880,0.88,1496.0,0.07981140824009202,gen=36_member=4525_pso,50,11173400.0,0.709924,11173377.904344108,0.7130371722747442,46765.35983396837,104.19322171008152,46266.519971233356,103.08180649590791,lpr:total_combined:bdpl,1.7986969474487626,6.801303052551237
T_factor_0.880,0.88,1496.0,0.07981140824009202,gen=47_member=5916_pso,50,11938700.0,0.681121,11938697.818192918,0.6905106458683208,49794.69939162476,110.94259024453996,49495.352919661775,110.27564630500643,lpr:total_combined:bdpl,2.6112896619125063,5.988710338087493
T_factor_0.880,0.88,1496.0,0.07981140824009202,gen=37_member=4683_pso,50,11669800.0,0.697204,11669824.724862162,0.7028588758768174,48673.953149886016,108.44556761794604,48585.14827481801,108.24771035629453,lpr:total_combined:bdpl,2.2248533607548735,6.375146639245126
T_factor_0.880,0.88,1496.0,0.07981140824009202,gen=30_member=3767_pso,50,12001400.0,0.670255,12001377.210174264,0.6802461581365719,50548.11932642426,112.62120985927325,50242.449031244745,111.94017644161329,lpr:total_combined:bdpl,2.8378350098679106,5.762164990132089
T_factor_0.880,0.88,1496.0,0.07981140824009202,gen=41_member=5185_pso,50,11449100.0,0.705422,11449096.778256543,0.7092948420194346,48486.720972743366,108.02841432727222,47453.85902728026,105.72719791278043,lpr:total_combined:bdpl,1.9794301407078942,6.620569859292106
T_factor_0.880,0.88,1496.0,0.07981140824009202,gen=40_member=5102_pso,50,12208700.0,0.61827,12208710.648241015,0.6377989344602928,51061.80412640587,113.76569959363228,51061.80412640587,113.76569959363228,lpr:total_combined:bdpl,3.6129872540194725,4.987012745980527
T_factor_0.880,0.88,1496.0,0.07981140824009202,gen=40_member=5107_pso,50,12124500.0,0.647188,12124489.979887124,0.6612817529465772,50849.12766349434,113.2918564342654,50630.82800675064,112.80548479904043,lpr:total_combined:bdpl,3.2197885611491674,5.380211438850832
T_factor_0.880,0.88,1496.0,0.07981140824009202,gen=36_member=4597_pso,50,12067700.0,0.660395,12067736.32117229,0.6727765318287607,51057.747764340544,113.75666201895073,50541.95907510031,112.60748481932349,lpr:total_combined:bdpl,3.002695559680421,5.597304440319579
T_factor_0.880,0.88,1496.0,0.07981140824009202,gen=43_member=5401_pso,50,12002800.0,0.670056,12002793.896778665,0.6800294717343309,50410.158340373324,112.31383278235177,50198.64970178832,111.84259153558438,lpr:total_combined:bdpl,2.842617449837226,5.757382550162774
T_factor_0.880,0.88,1496.0,0.07981140824009202,gen=34_member=4241_pso,50,12130700.0,0.643917,12130735.362367615,0.6582327952897324,51374.07002860749,114.4614280237375,50782.20974221339,113.14276330565143,lpr:total_combined:bdpl,3.2713308142002595,5.32866918579974
T_factor_0.880,0.88,1496.0,0.07981140824009202,gen=41_member=5136_pso,50,10406500.0,0.717487,10406546.441500314,0.7189533901383844,43931.72374076148,97.87988049441658,43609.560802630964,97.16210146826178,lpr:total_combined:bdpl,1.4453920656241692,7.15460793437583
T_factor_0.880,0.88,1496.0,0.07981140824009202,gen=30_member=3730_pso,50,12140000.0,0.641959,12140045.72221974,0.6563423527813241,51075.04584032901,113.79520213225304,50815.44517450234,113.21681184879121,lpr:total_combined:bdpl,3.3032885115884754,5.296711488411525
T_factor_0.880,0.88,1496.0,0.07981140824009202,gen=26_member=3274_pso,50,12038900.0,0.665819,12038850.4455638,0.6766850583601512,50639.3413163918,112.82445245292094,50304.87921352462,112.07927088773285,lpr:total_combined:bdpl,2.91643129338801,5.6835687066119895
T_factor_0.880,0.88,1496.0,0.07981140824009202,gen=27_member=3397_pso,50,12071700.0,0.660095,12071654.496071892,0.6725587643680524,50981.96316968758,113.58781394206393,50552.867655833994,112.63178913719814,lpr:total_combined:bdpl,3.0075018594636007,5.592498140536399
T_factor_0.880,0.88,1496.0,0.07981140824009202,gen=35_member=4358_pso,50,12204700.0,0.618623,12204661.884933073,0.6380882161924739,51106.48412393821,113.86524662813433,51009.814886034575,113.64986756608504,lpr:total_combined:bdpl,3.609198415457138,4.9908015845428615
T_factor_0.880,0.88,1496.0,0.07981140824009202,gen=39_member=4886_pso,50,12044000.0,0.665732,12044004.390030988,0.6766312680798628,50491.711318747475,112.49553281816937,50342.93282698114,112.16405433851398,lpr:total_combined:bdpl,2.9176184873408904,5.682381512659109
T_factor_0.880,0.88,1496.0,0.07981140824009202,gen=44_member=5592_pso,50,12203600.0,0.618851,12203605.6103388,0.6383608255184012,51092.96853954465,113.83513390610548,51061.40909363768,113.76481946062475,lpr:total_combined:bdpl,3.60562794206866,4.99437205793134
T_factor_0.880,0.88,1496.0,0.07981140824009202,gen=38_member=4844_pso,50,12142000.0,0.641745,12141958.442525955,0.6561387186260925,50941.33531657965,113.49729508533946,50823.455622000954,113.23465912581813,lpr:total_combined:bdpl,3.3067309218611247,5.293269078138875
T_factor_0.880,0.88,1496.0,0.07981140824009202,gen=42_member=5368_pso,50,12047200.0,0.665633,12047226.813034713,0.6765479108574596,50988.90270934845,113.60327523642833,50307.04728986295,112.08410136181466,lpr:total_combined:bdpl,2.919458247049068,5.680541752950932
T_factor_0.880,0.88,1496.0,0.07981140824009202,gen=41_member=5212_pso,50,12074000.0,0.659863,12074040.299001968,0.6723892438161652,50894.43854761299,113.39280908408173,50560.45217337479,112.64868744227903,lpr:total_combined:bdpl,3.0112433118786184,5.588756688121381
T_factor_0.880,0.88,1496.0,0.07981140824009202,gen=46_member=5787_pso,50,12049200.0,0.665563,12049204.249162452,0.6765073127282772,50381.152569186444,112.2492079241474,50349.292689661954,112.17822411256682,lpr:total_combined:bdpl,2.920354279811958,5.6796457201880415
T_factor_0.880,0.88,1496.0,0.07981140824009202,gen=47_member=5970_pso,50,12075000.0,0.659832,12074981.120001724,0.6723637528057472,50713.11596487974,112.98882236975206,50559.08338774511,112.64563778789609,lpr:total_combined:bdpl,3.0118059186034523,5.588194081396548
T_factor_0.880,0.88,1496.0,0.07981140824009202,gen=50_member=6375_pso,50,12295700.0,0.582721,12295746.208614845,0.6067843938313591,51477.2567191637,114.69132797029671,51477.2567191637,114.69132797029671,lpr:total_combined:bdpl,4.019197098802977,4.580802901197023
T_factor_0.880,0.88,1496.0,0.07981140824009202,gen=50_member=6314_pso,50,12219200.0,0.616249,12219242.960929338,0.6358690894748412,51108.100000000006,113.86884680000001,51108.100000000006,113.86884680000001,lpr:total_combined:bdpl,3.6382632057537103,4.961736794246289
T_factor_0.880,0.88,1496.0,0.07981140824009202,gen=50_member=6331_pso,50,12250500.0,0.600795,12250481.385280203,0.620998366325349,51229.27664652902,114.13882836846665,51189.651842018546,114.05054430401732,lpr:total_combined:bdpl,3.8330310152997376,4.766968984700262
T_factor_0.880,0.88,1496.0,0.07981140824009202,gen=50_member=6311_pso,50,12149400.0,0.639509,12149374.420328459,0.6540302286738057,50943.69444447454,113.50255122228927,50840.12644413603,113.27180171753508,lpr:total_combined:bdpl,3.342374684388454,5.257625315611546
T_factor_0.880,0.88,1496.0,0.07981140824009202,gen=50_member=6307_pso,50,9981370.0,0.718653,9981373.38209072,0.7199878287431962,43752.64310475318,97.48088883739008,42375.601402361644,94.41283992446174,lpr:total_combined:bdpl,1.3566355587925105,7.243364441207489
T_factor_0.880,0.88,1496.0,0.07981140824009202,gen=50_member=6332_pso,50,11222500.0,0.709503,11222480.829753874,0.7127476184692761,47077.84871533011,104.88944693775548,46464.529875399385,103.52297256238982,lpr:total_combined:bdpl,1.812680743723375,6.787319256276625
T_factor_0.880,0.88,1496.0,0.07981140824009202,gen=50_member=6369_pso,50,10816200.0,0.714409,10816152.42359839,0.7172174122506753,45326.84803553662,100.98821742317558,44806.315606127355,99.82847117045175,lpr:total_combined:bdpl,1.5943417785731453,7.005658221426854
T_factor_0.880,0.88,1496.0,0.07981140824009202,gen=50_member=6392_pso,50,10988800.0,0.712623,10988818.450383374,0.7156683475792944,46401.29951110389,103.38209531073947,45639.441190947065,101.68467497343006,lpr:total_combined:bdpl,1.671626196773771,6.928373803226229
T_factor_0.880,0.88,1496.0,0.07981140824009202,gen=50_member=6378_pso,50,11022800.0,0.712066,11022782.803294366,0.7151457254009774,46236.0318934091,103.01387905851547,45780.544156578704,101.99905238085735,lpr:total_combined:bdpl,1.6968658652988182,6.903134134701181
T_factor_0.880,0.88,1496.0,0.07981140824009202,gen=50_member=6337_pso,50,12024000.0,0.668505,12024025.732677821,0.6786609727791519,50701.722188745116,112.96343703652411,50210.12362714249,111.86815544127347,lpr:total_combined:bdpl,2.8728213021949736,5.7271786978050265
T_factor_0.880,0.88,1496.0,0.07981140824009202,gen=50_member=6333_pso,50,11046600.0,0.711612,11046597.887337454,0.7146911877292629,46399.3412240379,103.37773224715643,45873.557837677174,102.20628686234474,lpr:total_combined:bdpl,1.7188174407240469,6.881182559275953
T_factor_0.880,0.88,1496.0,0.07981140824009202,gen=50_member=6385_pso,50,10736300.0,0.715054,10736330.109125491,0.7174665183347946,44989.937994704,100.2375818522005,44397.263235323626,98.91710248830104,lpr:total_combined:bdpl,1.5729680733052844,7.027031926694715
T_factor_0.920,0.92,1564.0,0.11906462996609923,gen=47_member=5907_pso,50,9738960.0,0.719193,9738959.963789836,0.7200444768907547,42427.949226186,94.52947087594241,41736.54912774984,92.98903145662663,lpr:total_combined:bdpl,1.3517750560305442,7.248224943969456
T_factor_0.920,0.92,1564.0,0.11906462996609923,56,50,12446400.0,0.533346,12446397.913772527,0.5546451300996362,52637.1528415432,117.27557653095823,52637.1528415432,117.27557653095823,lpr:total_combined:bdpl,4.596698621537124,4.003301378462876
T_factor_0.920,0.92,1564.0,0.11906462996609923,64,50,12377800.0,0.56755,12377834.289729021,0.58528572170581,52241.56295681393,116.39420226778142,52241.56295681393,116.39420226778142,lpr:total_combined:bdpl,4.26563097498428,4.33436902501572
T_factor_0.920,0.92,1564.0,0.11906462996609923,gen=40_member=5105_pso,50,12283000.0,0.583854,12283049.42442162,0.600461935276408,51868.902507044404,115.56391478569493,51444.95457882824,114.61935880162932,lpr:total_combined:bdpl,4.101653941675663,4.498346058324336
T_factor_0.920,0.92,1564.0,0.11906462996609923,30,50,12433400.0,0.544694,12433371.76921002,0.5640510969779383,52187.23403515008,116.27315743031438,52187.23403515008,116.27315743031438,lpr:total_combined:bdpl,4.495068360673426,4.104931639326574
T_factor_0.920,0.92,1564.0,0.11906462996609923,gen=36_member=4531_pso,50,12223600.0,0.605591,12223597.44766552,0.6187101933444424,51053.0244471527,113.7461384682562,51053.0244471527,113.7461384682562,lpr:total_combined:bdpl,3.863000132125694,4.736999867874306
T_factor_0.920,0.92,1564.0,0.11906462996609923,105,50,12417100.0,0.55506,12417148.746273495,0.5731564879045358,52327.1463926199,116.58488216275714,52327.1463926199,116.58488216275714,lpr:total_combined:bdpl,4.396685784261133,4.2033142157388665
T_factor_0.920,0.92,1564.0,0.11906462996609923,gen=49_member=6222_pso,50,12218800.0,0.616332,12218818.301128551,0.6292199293785987,51106.17822286103,113.86456508053438,51106.17822286103,113.86456508053438,lpr:total_combined:bdpl,3.725349915273296,4.874650084726704
T_factor_0.920,0.92,1564.0,0.11906462996609923,18,50,12390900.0,0.557388,12390900.705456987,0.5753223396057743,52187.6001459564,116.27397312519085,52187.6001459564,116.27397312519085,lpr:total_combined:bdpl,4.373284035537488,4.226715964462512
T_factor_0.920,0.92,1564.0,0.11906462996609923,35,50,12440100.0,0.533609,12440134.96511929,0.5549663715216581,52700.025782036595,117.41565744237754,52700.025782036595,117.41565744237754,lpr:total_combined:bdpl,4.593227649340144,4.006772350659856
T_factor_0.920,0.92,1564.0,0.11906462996609923,gen=44_member=5567_pso,50,9875600.0,0.719021,9875603.379483644,0.7198910023933238,42989.08731889699,95.7796865465025,42069.119675814705,93.72999863771516,lpr:total_combined:bdpl,1.3649434163530836,7.235056583646916
T_factor_0.920,0.92,1564.0,0.11906462996609923,gen=49_member=6144_pso,50,9757770.0,0.719034,9757774.55799681,0.7198922440889659,42132.10114850491,93.87032135886894,41805.01359125954,93.14157028132627,lpr:total_combined:bdpl,1.3648368768569452,7.235163123143055
T_factor_0.920,0.92,1564.0,0.11906462996609923,gen=46_member=5849_pso,50,10309300.0,0.717719,10309323.448797248,0.7186572081980664,45220.50929470598,100.75129470860493,43336.516794327195,96.55375941776099,lpr:total_combined:bdpl,1.4708049555597913,7.129195044440208
T_factor_0.920,0.92,1564.0,0.11906462996609923,gen=31_member=3852_pso,50,12085500.0,0.652391,12085489.190941257,0.6614665659275777,50809.626277516305,113.20384734630632,50462.82627345364,112.4311769372547,lpr:total_combined:bdpl,3.2166643205050014,5.383335679494998
T_factor_0.920,0.92,1564.0,0.11906462996609923,gen=37_member=4697_pso,50,9951180.0,0.718657,9951183.919557761,0.7195566869788096,42929.95184756078,95.6479327163654,42506.86767415341,94.70530117801378,lpr:total_combined:bdpl,1.3936282201048327,7.206371779895167
T_factor_0.920,0.92,1564.0,0.11906462996609923,gen=42_member=5264_pso,50,12276000.0,0.587416,12275991.063515613,0.6033643826028848,51721.642237508655,115.23581890516928,51425.41398676402,114.57582236251024,lpr:total_combined:bdpl,4.0639903539054005,4.536009646094599
T_factor_0.920,0.92,1564.0,0.11906462996609923,gen=43_member=5399_pso,50,12075700.0,0.659796,12075652.37136835,0.6687336731118793,50662.073440237364,112.87509962484884,50563.483653430434,112.655441579843,lpr:total_combined:bdpl,3.0919246433606062,5.508075356639393
T_factor_0.920,0.92,1564.0,0.11906462996609923,gen=35_member=4383_pso,50,10482600.0,0.717261,10482596.881225228,0.7182264550672399,44395.66150852786,98.91353384100007,43697.952601065685,97.35903839517434,lpr:total_combined:bdpl,1.5077642714835433,7.092235728516457
T_factor_0.920,0.92,1564.0,0.11906462996609923,gen=47_member=5964_pso,50,10840100.0,0.714224,10840089.258866806,0.7160947067747291,45340.13174397748,101.01781352558181,44763.52736283021,99.7331389643857,lpr:total_combined:bdpl,1.651035480933827,6.948964519066172
T_factor_0.920,0.92,1564.0,0.11906462996609923,gen=45_member=5721_pso,50,10935500.0,0.713017,10935459.38484597,0.7149912838075207,46077.815037649634,102.66137190388338,45406.79805241785,101.16634606078696,lpr:total_combined:bdpl,1.7043245128401041,6.895675487159895
T_factor_0.920,0.92,1564.0,0.11906462996609923,gen=47_member=5893_pso,50,10050300.0,0.718629,10050330.220899835,0.719535005289654,44663.8123416983,99.51097389730381,42679.893231787595,95.09080212042277,lpr:total_combined:bdpl,1.3954885441324902,7.204511455867509
T_factor_0.920,0.92,1564.0,0.11906462996609923,gen=35_member=4446_pso,50,11409800.0,0.706375,11409792.203285765,0.7087682165963584,48804.747890203915,108.73697829937431,47323.49343085893,105.4367433639537,lpr:total_combined:bdpl,2.004863143107662,6.595136856892338
T_factor_0.920,0.92,1564.0,0.11906462996609923,gen=45_member=5683_pso,50,10240800.0,0.71792,10240771.73598947,0.7188555302731967,44683.47269518394,99.55477716486982,43384.26011810516,96.66013154313829,lpr:total_combined:bdpl,1.4537886004718341,7.146211399528165
T_factor_0.920,0.92,1564.0,0.11906462996609923,gen=49_member=6242_pso,50,11866200.0,0.690335,11866171.531540677,0.6947148452944019,49793.36739732516,110.93962256124044,49240.59882468567,109.70805418139967,lpr:total_combined:bdpl,2.482966116513415,6.1170338834865845
T_factor_0.920,0.92,1564.0,0.11906462996609923,gen=45_member=5670_pso,50,10406200.0,0.717494,10406231.87516301,0.718460499285038,44191.60289947777,98.45889126003648,43609.30208475285,97.16152504482936,lpr:total_combined:bdpl,1.4876828987280493,7.11231710127195
T_factor_0.920,0.92,1564.0,0.11906462996609923,gen=38_member=4778_pso,50,10164400.0,0.71794,10164356.433517821,0.7188703014809134,43216.77328051297,96.28697086898289,42970.82431105304,95.73899656502617,lpr:total_combined:bdpl,1.4525212069382625,7.147478793061737
T_factor_0.920,0.92,1564.0,0.11906462996609923,gen=43_member=5423_pso,50,12257800.0,0.594933,12257750.350139363,0.6093217466188183,51233.33114761955,114.14786179689636,51233.33114761955,114.14786179689636,lpr:total_combined:bdpl,3.9859643743758637,4.614035625624136
T_factor_0.920,0.92,1564.0,0.11906462996609923,gen=38_member=4827_pso,50,12171600.0,0.631596,12171637.808199104,0.6428339751085637,50979.48086559517,113.58228336854604,50813.54471465353,113.21257762424806,lpr:total_combined:bdpl,3.531645969671275,5.068354030328725
T_factor_0.920,0.92,1564.0,0.11906462996609923,gen=46_member=5827_pso,50,12142700.0,0.641492,12142688.246643651,0.6509594271928941,51220.46766399847,114.11920195538859,50818.373966461804,113.22333719727689,lpr:total_combined:bdpl,3.394286204590608,5.205713795409391
T_factor_0.920,0.92,1564.0,0.11906462996609923,gen=49_member=6197_pso,50,10994700.0,0.712329,10994705.05589987,0.7143449510956887,46401.49017389091,103.38252010742895,45612.509888916305,101.62467203250553,lpr:total_combined:bdpl,1.7355386940982906,6.864461305901709
T_factor_0.920,0.92,1564.0,0.11906462996609923,gen=34_member=4254_pso,50,11826100.0,0.692032,11826081.210188618,0.6959823059873971,49289.58618785271,109.81719802653583,49090.82356794755,109.37435490938714,lpr:total_combined:bdpl,2.442795863102162,6.157204136897837
T_factor_0.920,0.92,1564.0,0.11906462996609923,gen=46_member=5867_pso,50,11245900.0,0.709312,11245910.539729662,0.7113860595022209,47224.11676777734,105.21533215860791,46469.35011106735,103.53371204745807,lpr:total_combined:bdpl,1.8784362711991673,6.721563728800833
T_factor_0.920,0.92,1564.0,0.11906462996609923,gen=31_member=3915_pso,50,12151300.0,0.634089,12151250.97606472,0.644703074749983,50778.043066439204,113.13347995202655,50719.60111312249,113.0032712800369,lpr:total_combined:bdpl,3.5000490708165244,5.099950929183475
T_factor_0.920,0.92,1564.0,0.11906462996609923,gen=47_member=5976_pso,50,11362000.0,0.706998,11362024.609674983,0.7091349164491778,48125.197185073404,107.22293932834354,46930.904979662475,104.56205629468799,lpr:total_combined:bdpl,1.987153633030701,6.612846366969299
T_factor_0.920,0.92,1564.0,0.11906462996609923,gen=39_member=4925_pso,50,11896400.0,0.684874,11896391.93605654,0.6910232730522429,50146.24464222477,111.72583306287677,49634.299194174644,110.5852186046211,lpr:total_combined:bdpl,2.5999649262382687,6.000035073761731
T_factor_0.920,0.92,1564.0,0.11906462996609923,gen=36_member=4494_pso,50,10420500.0,0.717361,10420504.849209998,0.718317123618357,44203.144887668415,98.48460680972522,43469.94284558344,96.85103265995991,lpr:total_combined:bdpl,1.4999847630243572,7.100015236975643
T_factor_0.920,0.92,1564.0,0.11906462996609923,gen=44_member=5537_pso,50,10636200.0,0.715586,10636170.166640699,0.7172779751427396,45169.2898288748,100.63717773873304,44280.52405169593,98.65700758717853,lpr:total_combined:bdpl,1.5891453843954286,7.010854615604571
T_factor_0.920,0.92,1564.0,0.11906462996609923,gen=46_member=5774_pso,50,12198800.0,0.623458,12198824.129546277,0.6361666574487949,51031.70882205056,113.69864725552864,51031.70882205056,113.69864725552864,lpr:total_combined:bdpl,3.634365838968291,4.9656341610317085
T_factor_0.920,0.92,1564.0,0.11906462996609923,gen=37_member=4723_pso,50,11316900.0,0.708149,11316939.89607805,0.7103012593056809,47958.33587102356,106.8511723206405,46911.033225908424,104.51778202732396,lpr:total_combined:bdpl,1.9308259295652732,6.669174070434726
T_factor_0.920,0.92,1564.0,0.11906462996609923,gen=45_member=5711_pso,50,10701000.0,0.715537,10701015.255649135,0.7172568300160558,44962.49060320653,100.17642906394414,44382.095728658474,98.88330928345108,lpr:total_combined:bdpl,1.5909596704944218,7.009040329505578
T_factor_0.920,0.92,1564.0,0.11906462996609923,gen=29_member=3643_pso,50,11063400.0,0.711087,11063367.898928545,0.7131449049812771,46773.04844914237,104.2103519446892,45939.598395335444,102.35342522480737,lpr:total_combined:bdpl,1.7934940725708648,6.806505927429135
T_factor_0.920,0.92,1564.0,0.11906462996609923,gen=28_member=3493_pso,50,12010000.0,0.668784,12010002.111146484,0.6753889092230292,50587.18777954187,112.70825437281928,50262.96022798913,111.98587538795978,lpr:total_combined:bdpl,2.945038328141744,5.654961671858256
T_factor_0.920,0.92,1564.0,0.11906462996609923,gen=39_member=4935_pso,50,11281500.0,0.708428,11281519.05267382,0.7105653867941177,47746.93364863757,106.3801681691645,46654.0946465578,103.94532287253078,lpr:total_combined:bdpl,1.9180700792912415,6.681929920708758
T_factor_0.920,0.92,1564.0,0.11906462996609923,gen=44_member=5540_pso,50,12269800.0,0.591573,12269791.265440106,0.6066250417899316,51409.0442246771,114.53935053258057,51274.750450654414,114.24014400405802,lpr:total_combined:bdpl,4.021284196232167,4.578715803767833
T_factor_0.920,0.92,1564.0,0.11906462996609923,gen=42_member=5321_pso,50,11999300.0,0.671198,11999286.1007488,0.6777340996043543,50602.65384263916,112.74271276140006,50173.2583189863,111.78601953470147,lpr:total_combined:bdpl,2.893278124920338,5.706721875079662
T_factor_0.920,0.92,1564.0,0.11906462996609923,gen=39_member=4882_pso,50,10775300.0,0.714436,10775264.386121174,0.7162756652725695,45802.7874267953,102.04861038689992,44827.07266782531,99.8747179039148,lpr:total_combined:bdpl,1.642296218246985,6.957703781753015
T_factor_0.920,0.92,1564.0,0.11906462996609923,gen=39_member=4970_pso,50,12038300.0,0.666387,12038325.731098836,0.6735841499936613,50516.56288398654,112.550902105522,50255.35737047452,111.96893622141724,lpr:total_combined:bdpl,2.9848707891741837,5.615129210825816
T_factor_0.920,0.92,1564.0,0.11906462996609923,gen=32_member=3991_pso,50,12201000.0,0.619031,12200978.588406555,0.6318224027543695,51219.6970317056,114.11748498664006,51020.12093871804,113.6728294514638,lpr:total_combined:bdpl,3.691264280452097,4.908735719547902
T_factor_0.920,0.92,1564.0,0.11906462996609923,gen=37_member=4713_pso,50,12177200.0,0.629244,12177156.784652073,0.6410482846160885,50997.8887656764,113.62329616992702,50833.59811395465,113.25725659789096,lpr:total_combined:bdpl,3.5618328471529828,5.038167152847016
T_factor_0.920,0.92,1564.0,0.11906462996609923,gen=41_member=5214_pso,50,11978400.0,0.676443,11978411.285790766,0.6827817192294479,50645.64701899745,112.83850155832631,50104.31768993943,111.63241981318505,lpr:total_combined:bdpl,2.7818731747467043,5.818126825253295
T_factor_0.920,0.92,1564.0,0.11906462996609923,gen=47_member=5902_pso,50,11103200.0,0.710867,11103175.487190865,0.7129468387918579,47049.460161530864,104.82619723989076,46109.99146446721,102.73306098283294,lpr:total_combined:bdpl,1.803059539124652,6.796940460875348
T_factor_0.920,0.92,1564.0,0.11906462996609923,gen=45_member=5714_pso,50,11993300.0,0.674785,11993278.716311434,0.6812556659242593,50064.69897747029,111.5441493218038,49746.83479228297,110.83594791720645,lpr:total_combined:bdpl,2.815554375996826,5.784445624003174
T_factor_0.920,0.92,1564.0,0.11906462996609923,gen=45_member=5725_pso,50,10086100.0,0.718322,10086052.361235783,0.7192123370774852,43236.57024331604,96.33107850210814,42605.227886494205,94.92444773110908,lpr:total_combined:bdpl,1.423173999068623,7.176826000931377
T_factor_0.920,0.92,1564.0,0.11906462996609923,gen=41_member=5219_pso,50,10877600.0,0.713721,10877623.213253161,0.7156483864079584,45831.09410723573,102.11167767092121,45102.71967809803,100.48885944280241,lpr:total_combined:bdpl,1.6725902074277292,6.92740979257227
T_factor_0.920,0.92,1564.0,0.11906462996609923,gen=38_member=4779_pso,50,11511900.0,0.702673,11511911.853114262,0.7061534291297905,48003.579465953466,106.95197505014431,47829.015475785905,106.563046480051,lpr:total_combined:bdpl,2.1204374685854255,6.479562531414574
T_factor_0.920,0.92,1564.0,0.11906462996609923,gen=39_member=4891_pso,50,12250700.0,0.597475,12250726.961103301,0.6113504757983426,51186.95182954514,114.04452867622658,51181.4721129275,114.03231986760247,lpr:total_combined:bdpl,3.959393296797062,4.640606703202938
T_factor_0.920,0.92,1564.0,0.11906462996609923,gen=38_member=4772_pso,50,11343500.0,0.707434,11343536.810518842,0.709708727509028,47559.18910881358,105.96187333443666,47088.50036268619,104.91317880806483,lpr:total_combined:bdpl,1.9594418336706672,6.640558166329333
T_factor_0.920,0.92,1564.0,0.11906462996609923,gen=42_member=5263_pso,50,12267300.0,0.591914,12267261.652988074,0.6068966930757804,51401.15443533461,114.5217720819255,51266.89061527922,114.2226322908421,lpr:total_combined:bdpl,4.017726270677824,4.582273729322176
T_factor_0.920,0.92,1564.0,0.11906462996609923,gen=40_member=5076_pso,50,11779100.0,0.693959,11779139.5975923,0.6978448873741392,49427.02345467124,110.12340825700751,48946.710201045935,109.05327032793033,lpr:total_combined:bdpl,2.3837641576472977,6.216235842352702
T_factor_0.920,0.92,1564.0,0.11906462996609923,gen=49_member=6161_pso,50,10118300.0,0.718234,10118254.813456059,0.7191257771014289,43142.178199925635,96.12077302943432,42648.48611640095,95.02082706734132,lpr:total_combined:bdpl,1.4306009851366723,7.169399014863327
T_factor_0.920,0.92,1564.0,0.11906462996609923,gen=43_member=5437_pso,50,11872500.0,0.688115,11872492.260370716,0.693076993696192,49773.96375344011,110.89639124266456,49388.10419626745,110.03669614928387,lpr:total_combined:bdpl,2.534875350554145,6.065124649445854
T_factor_0.920,0.92,1564.0,0.11906462996609923,gen=44_member=5578_pso,50,10529000.0,0.716879,10529046.22432401,0.7179735806929762,45321.15226539255,100.9755272472946,43781.85514960589,97.54597327332193,lpr:total_combined:bdpl,1.5294613021458636,7.070538697854136
T_factor_0.920,0.92,1564.0,0.11906462996609923,gen=36_member=4573_pso,50,9923880.0,0.718701,9923883.486663597,0.7195925955196707,42793.782245499315,95.34454684297248,42379.19800126966,94.42085314682879,lpr:total_combined:bdpl,1.3905472091705633,7.209452790829436
T_factor_0.920,0.92,1564.0,0.11906462996609923,gen=44_member=5555_pso,50,11482000.0,0.70427,11481968.855985735,0.7074739612345221,48635.122267710045,108.35905241245798,47726.17379980708,106.33391522597017,lpr:total_combined:bdpl,2.067368290563725,6.5326317094362745
T_factor_0.920,0.92,1564.0,0.11906462996609923,gen=38_member=4840_pso,50,11953800.0,0.677695,11953765.575695587,0.684001749351542,50063.23576541098,111.54088928533567,49665.68700823383,110.65515065434496,lpr:total_combined:bdpl,2.754946146749879,5.845053853250121
T_factor_0.920,0.92,1564.0,0.11906462996609923,gen=47_member=5966_pso,50,11540800.0,0.702015,11540755.077291641,0.7054996437653166,48509.58313027878,108.07935121426111,47949.67757377042,106.8318816343605,lpr:total_combined:bdpl,2.1411582088124237,6.4588417911875755
T_factor_0.920,0.92,1564.0,0.11906462996609923,gen=47_member=5898_pso,50,11764400.0,0.695319,11764362.834467728,0.6990863123808707,49013.50339598111,109.20208556624591,48858.132426577125,108.85591904641383,lpr:total_combined:bdpl,2.3444190660108637,6.255580933989136
T_factor_0.920,0.92,1564.0,0.11906462996609923,gen=38_member=4768_pso,50,10569000.0,0.71664,10568987.168558508,0.7178460843211346,44629.149277354714,99.4337445899463,43944.607240902464,97.90858493273069,lpr:total_combined:bdpl,1.5404006972397173,7.059599302760282
T_factor_0.920,0.92,1564.0,0.11906462996609923,gen=41_member=5241_pso,50,11446400.0,0.705662,11446374.076925283,0.7082975384155119,48174.289000024866,107.3323158920554,47488.398587199335,105.80415205228012,lpr:total_combined:bdpl,2.0275942130075104,6.572405786992489
T_factor_0.920,0.92,1564.0,0.11906462996609923,gen=39_member=4901_pso,50,9895340.0,0.718742,9895339.590260155,0.7196292819043542,43036.58307268322,95.88550708593822,42282.3515580355,94.20507927130309,lpr:total_combined:bdpl,1.3873994579771722,7.212600542022828
T_factor_0.920,0.92,1564.0,0.11906462996609923,gen=40_member=5082_pso,50,10606200.0,0.716303,10606192.66881587,0.7176502921162524,45134.53789635979,100.5597504330896,43870.23979482254,97.74289426286462,lpr:total_combined:bdpl,1.5571999853650595,7.04280001463494
T_factor_0.920,0.92,1564.0,0.11906462996609923,gen=49_member=6158_pso,50,11921100.0,0.684136,11921105.488845602,0.6902181812672097,49938.49052936899,111.2629568994341,49407.06456081771,110.07893984150185,lpr:total_combined:bdpl,2.6177445865570577,5.982255413442942
T_factor_0.920,0.92,1564.0,0.11906462996609923,gen=49_member=6216_pso,50,11945100.0,0.680279,11945134.063002478,0.6866617770441044,49765.95027878354,110.87853722112972,49575.549827551215,110.45432501578411,lpr:total_combined:bdpl,2.6962372355083937,5.903762764491606
T_factor_0.920,0.92,1564.0,0.11906462996609923,gen=47_member=6002_pso,50,10144400.0,0.718198,10144439.49189337,0.719088877456031,43537.03644438117,97.00051719808124,42685.09218699485,95.10238539262453,lpr:total_combined:bdpl,1.433767034444586,7.166232965555413
T_factor_0.920,0.92,1564.0,0.11906462996609923,gen=32_member=3978_pso,50,11724500.0,0.69565,11724521.462720819,0.69940587465391,49484.08398621317,110.25053912128294,48874.142584268266,108.89158967774969,lpr:total_combined:bdpl,2.3342910221515076,6.265708977848492
T_factor_0.920,0.92,1564.0,0.11906462996609923,gen=24_member=2976_pso,50,11884300.0,0.687169,11884331.744194893,0.6925665704679839,49948.858920262544,111.28605767434495,49302.48132715866,109.8459283969095,lpr:total_combined:bdpl,2.5510524442797577,6.0489475557202415
T_factor_0.920,0.92,1564.0,0.11906462996609923,gen=46_member=5863_pso,50,11617300.0,0.700106,11617325.353071578,0.7037557324722116,49401.63840788752,110.06685037277339,48314.00128676755,107.6435948669181,lpr:total_combined:bdpl,2.196428844783967,6.403571155216033
T_factor_0.920,0.92,1564.0,0.11906462996609923,gen=49_member=6159_pso,50,10903700.0,0.713479,10903671.696892686,0.7153959591889556,45667.79848784485,101.74785503091832,45185.67293819359,100.67367930629531,lpr:total_combined:bdpl,1.6847810014633875,6.915218998536612
T_factor_0.920,0.92,1564.0,0.11906462996609923,gen=49_member=6198_pso,50,11459600.0,0.705203,11459602.640373657,0.7079994057534617,48552.841526723045,108.17573092153894,47570.689864403525,105.98749701789104,lpr:total_combined:bdpl,2.0419923190941542,6.558007680905845
T_factor_0.920,0.92,1564.0,0.11906462996609923,gen=39_member=4883_pso,50,11655800.0,0.698172,11655757.181802921,0.7018293774072347,48881.632005089115,108.90827610733855,48537.54062247831,108.14164050688167,lpr:total_combined:bdpl,2.2574817607030426,6.3425182392969575
T_factor_0.920,0.92,1564.0,0.11906462996609923,gen=36_member=4595_pso,50,12058100.0,0.663152,12058128.274327343,0.671234588216986,50642.234983008704,112.83089954214338,50507.80174322089,112.53138228389614,lpr:total_combined:bdpl,3.036727472542146,5.563272527457854
T_factor_0.920,0.92,1564.0,0.11906462996609923,gen=44_member=5538_pso,50,11819700.0,0.693476,11819711.981230736,0.6972787267643739,49533.11938529392,110.35978999043485,48989.99124684964,109.149700497981,lpr:total_combined:bdpl,2.401707763544849,6.198292236455151
T_factor_0.920,0.92,1564.0,0.11906462996609923,gen=47_member=5958_pso,50,11252200.0,0.708814,11252182.316333093,0.7109272277220371,46889.07693987987,104.46886342205235,46538.53885013175,103.68786455809354,lpr:total_combined:bdpl,1.9005952275563027,6.699404772443697
T_factor_0.920,0.92,1564.0,0.11906462996609923,gen=46_member=5862_pso,50,12127400.0,0.646326,12127415.605267622,0.655688129353066,50873.35612585935,113.34583744841463,50761.635386620335,113.0969236413901,lpr:total_combined:bdpl,3.314348077934218,5.285651922065782
T_factor_0.920,0.92,1564.0,0.11906462996609923,gen=48_member=6077_pso,50,11804900.0,0.693913,11804869.991800735,0.697701022675067,49514.66438767297,110.31867225573538,48929.08457796394,109.01400043970366,lpr:total_combined:bdpl,2.38832373211821,6.21167626788179
T_factor_0.920,0.92,1564.0,0.11906462996609923,gen=38_member=4784_pso,50,11163300.0,0.710244,11163326.786992056,0.7122721430641549,47658.341063344036,106.1827838891305,46251.2716214466,103.04783317258301,lpr:total_combined:bdpl,1.8356434921771838,6.764356507822816
T_factor_0.920,0.92,1564.0,0.11906462996609923,gen=38_member=4799_pso,50,11949800.0,0.678338,11949789.008105733,0.6846175818724054,50300.94685990873,112.07050960387664,49627.29767271265,110.56961921480378,lpr:total_combined:bdpl,2.741354236820488,5.858645763179512
T_factor_0.920,0.92,1564.0,0.11906462996609923,gen=33_member=4144_pso,50,10275000.0,0.717721,10274983.576880537,0.7186743306355554,43886.43329653439,97.77897338467862,43197.64571836743,96.24435466052263,lpr:total_combined:bdpl,1.4693358227056097,7.13066417729439
T_factor_0.920,0.92,1564.0,0.11906462996609923,gen=40_member=5066_pso,50,11747400.0,0.695498,11747366.836248316,0.6992726757446629,49275.627853929764,109.7860988585555,48795.80376842059,108.71705079604108,lpr:total_combined:bdpl,2.3385125605141015,6.261487439485898
T_factor_0.920,0.92,1564.0,0.11906462996609923,gen=40_member=5054_pso,50,11588500.0,0.701146,11588547.789286416,0.7047265836297785,48781.04607997798,108.68417066619094,48181.74171599037,107.34892054322654,lpr:total_combined:bdpl,2.1656591828610305,6.434340817138969
T_factor_0.920,0.92,1564.0,0.11906462996609923,gen=45_member=5693_pso,50,10709600.0,0.715379,10709593.135838162,0.7171931000839726,45013.264122283465,100.28955246444755,44331.89936597063,98.77147178738257,lpr:total_combined:bdpl,1.5964278018325226,7.003572198167477
T_factor_0.920,0.92,1564.0,0.11906462996609923,gen=48_member=6031_pso,50,12052400.0,0.665521,12052365.848215453,0.6729541765197571,50542.03664619567,112.60765764772395,50359.41582725156,112.20077846311648,lpr:total_combined:bdpl,2.9987748011013333,5.601225198898666
T_factor_0.920,0.92,1564.0,0.11906462996609923,gen=31_member=3921_pso,50,12113900.0,0.648713,12113891.248633971,0.6579222852068412,50758.519707847816,113.08998190908493,50541.739414484626,112.60699541547174,lpr:total_combined:bdpl,3.276579948845135,5.323420051154865
T_factor_0.920,0.92,1564.0,0.11906462996609923,gen=44_member=5545_pso,50,11598800.0,0.700704,11598815.43768315,0.7043001755639169,48922.10128165834,108.99844165553478,48203.08537435674,107.39647421406681,lpr:total_combined:bdpl,2.1791735428383676,6.420826457161632
T_factor_0.920,0.92,1564.0,0.11906462996609923,gen=39_member=4943_pso,50,11638200.0,0.698899,11638206.369778983,0.7024492487342507,49553.62611216778,110.40547897790981,48263.5673686528,107.53122809735844,lpr:total_combined:bdpl,2.237835874699461,6.362164125300539
T_factor_0.920,0.92,1564.0,0.11906462996609923,gen=34_member=4333_pso,50,11563700.0,0.701354,11563663.491177239,0.7049358491879854,49190.64059163448,109.59674723816163,48020.76320158239,106.99026041312557,lpr:total_combined:bdpl,2.1590268268835446,6.440973173116455
T_factor_0.920,0.92,1564.0,0.11906462996609923,gen=46_member=5865_pso,50,10532800.0,0.716666,10532832.151348412,0.7178711171132202,44588.28472863733,99.34269837540397,43900.42570084892,97.8101484614914,lpr:total_combined:bdpl,1.5382528431559443,7.0617471568440555
T_factor_0.920,0.92,1564.0,0.11906462996609923,gen=35_member=4371_pso,50,11707200.0,0.696196,11707227.059533695,0.7000081399166148,49103.908059944864,109.40350715755716,48760.57446755105,108.63855991370374,lpr:total_combined:bdpl,2.315203133779622,6.284796866220377
T_factor_0.920,0.92,1564.0,0.11906462996609923,gen=39_member=4906_pso,50,11134300.0,0.710422,11134328.034844197,0.7124802174582318,47578.77914141552,106.00551992707378,46071.3940281057,102.6470658946195,lpr:total_combined:bdpl,1.8255946864568409,6.774405313543159
T_factor_0.920,0.92,1564.0,0.11906462996609923,gen=47_member=5999_pso,50,10584600.0,0.716506,10584561.410868496,0.7177734639223111,45172.36751059882,100.64403481361417,43991.90226940192,98.01395825622748,lpr:total_combined:bdpl,1.54663164501594,7.05336835498406
T_factor_0.920,0.92,1564.0,0.11906462996609923,gen=42_member=5333_pso,50,10737100.0,0.714956,10737093.054913322,0.7167552564071615,45512.1533406996,101.40107764307871,44447.611060534735,99.02927744287139,lpr:total_combined:bdpl,1.6191347035488586,6.980865296451141
T_factor_0.920,0.92,1564.0,0.11906462996609923,gen=46_member=5794_pso,50,11924600.0,0.682557,11924617.05125353,0.68867900069839,49682.41356246758,110.69241741717775,49427.09624546203,110.1235704348894,lpr:total_combined:bdpl,2.6517155168793662,5.948284483120633
T_factor_0.920,0.92,1564.0,0.11906462996609923,gen=43_member=5487_pso,50,12067400.0,0.661074,12067409.117305875,0.6696867837146655,50562.666453056096,112.65362085740898,50537.27173193039,112.59704141874091,lpr:total_combined:bdpl,3.070888739885332,5.529111260114668
T_factor_0.920,0.92,1564.0,0.11906462996609923,gen=30_member=3743_pso,50,10742800.0,0.714799,10742769.128613207,0.7166522911506782,45646.324483692624,101.70001094966716,44378.07642666707,98.87435427861422,lpr:total_combined:bdpl,1.6241073377979545,6.975892662202045
T_factor_0.920,0.92,1564.0,0.11906462996609923,gen=39_member=4904_pso,50,10630300.0,0.716073,10630263.80682499,0.7175402991358764,45186.13101289218,100.67469989672378,44125.36338214286,98.31130961541429,lpr:total_combined:bdpl,1.5666375611368526,7.033362438863147
T_factor_0.920,0.92,1564.0,0.11906462996609923,gen=47_member=5956_pso,50,12183100.0,0.627514,12183071.266239155,0.639745344888125,50949.92024342074,113.51642230234141,50854.86246850255,113.30463357982367,lpr:total_combined:bdpl,3.583858882515677,5.016141117484322
T_factor_0.920,0.92,1564.0,0.11906462996609923,gen=45_member=5633_pso,50,10052500.0,0.7184,10052464.229952421,0.7193060036464655,43191.05822560805,96.22967772665474,42774.25277119569,95.30103517422398,lpr:total_combined:bdpl,1.4151372558236175,7.184862744176382
T_factor_0.920,0.92,1564.0,0.11906462996609923,gen=42_member=5374_pso,50,12060700.0,0.662726,12060715.189592736,0.6709199554023121,50808.16226453737,113.20058552538926,50520.26567669265,112.55915192767122,lpr:total_combined:bdpl,3.043671667161621,5.556328332838379
T_factor_0.920,0.92,1564.0,0.11906462996609923,gen=48_member=6063_pso,50,11984100.0,0.674935,11984089.021979596,0.681337695116243,50686.86090154338,112.93032608863865,50056.85481995258,111.52667253885436,lpr:total_combined:bdpl,2.8137439269684767,5.786256073031523
T_factor_0.920,0.92,1564.0,0.11906462996609923,gen=37_member=4733_pso,50,11692900.0,0.69644,11692914.81233409,0.7002195398847596,49794.90136387573,110.94304023871513,48748.25392030278,108.61110973443459,lpr:total_combined:bdpl,2.308503130901078,6.291496869098921
T_factor_0.920,0.92,1564.0,0.11906462996609923,gen=38_member=4788_pso,50,12107000.0,0.64925,12107032.78287132,0.6584407447637508,50838.0282661453,113.26712697697172,50549.15545890157,112.6235183624327,lpr:total_combined:bdpl,3.267815453995886,5.332184546004114
T_factor_0.920,0.92,1564.0,0.11906462996609923,gen=42_member=5267_pso,50,11624000.0,0.698994,11624016.320151795,0.7026012655818631,49374.311990781556,110.0059671154613,48229.59089885325,107.45552852264503,lpr:total_combined:bdpl,2.2330179301863775,6.366982069813622
T_factor_0.920,0.92,1564.0,0.11906462996609923,gen=46_member=5801_pso,50,12128900.0,0.644216,12128869.131304957,0.6536399659768961,50817.75993013832,113.22196912434818,50772.09331393344,113.1202239034437,lpr:total_combined:bdpl,3.348972027134542,5.251027972865458
T_factor_0.920,0.92,1564.0,0.11906462996609923,gen=47_member=5934_pso,50,12214400.0,0.617987,12214365.004216783,0.630834506396812,51089.75653112735,113.82797755135174,51089.75653112735,113.82797755135174,lpr:total_combined:bdpl,3.704203154216722,4.895796845783277
T_factor_0.920,0.92,1564.0,0.11906462996609923,gen=40_member=5041_pso,50,10773400.0,0.714662,10773385.543513425,0.7165436971078756,45911.66320015842,102.29118560995296,44777.123591647796,99.76343136219128,lpr:total_combined:bdpl,1.6293518103018942,6.970648189698105
T_factor_0.920,0.92,1564.0,0.11906462996609923,gen=44_member=5596_pso,50,11129300.0,0.710806,11129305.094874427,0.7128505255673285,46326.48433354849,103.21540709514603,46042.22206637733,102.5820707638887,lpr:total_combined:bdpl,1.8077109181945772,6.792289081805422
T_factor_0.920,0.92,1564.0,0.11906462996609923,gen=46_member=5800_pso,50,10266700.0,0.717862,10266732.962909713,0.7188052138118647,43830.81669688098,97.65505960065083,43267.22125075295,96.39936894667757,lpr:total_combined:bdpl,1.45810583430591,7.14189416569409
T_factor_0.920,0.92,1564.0,0.11906462996609923,90,50,12416100.0,0.556633,12416131.199367564,0.574638212901311,52367.2352406157,116.67420011609178,52367.2352406157,116.67420011609178,lpr:total_combined:bdpl,4.380675936480581,4.2193240635194185
T_factor_0.920,0.92,1564.0,0.11906462996609923,8,50,12404500.0,0.556712,12404528.288386147,0.5748559262196266,52432.08592469255,116.81868744021499,52432.08592469255,116.81868744021499,lpr:total_combined:bdpl,4.378323572112283,4.221676427887717
T_factor_0.920,0.92,1564.0,0.11906462996609923,gen=47_member=5927_pso,50,12191700.0,0.623739,12191693.59369932,0.6363345998033868,50892.77888623762,113.3891113585374,50864.275180965094,113.32560510319023,lpr:total_combined:bdpl,3.6321662307713627,4.967833769228637
T_factor_0.920,0.92,1564.0,0.11906462996609923,gen=23_member=2880_pso,50,12086100.0,0.651425,12086117.93737263,0.6605460622862099,50685.30030794859,112.92684908610946,50513.65277696667,112.54441838708175,lpr:total_combined:bdpl,3.2322253210034244,5.367774678996575
T_factor_0.920,0.92,1564.0,0.11906462996609923,gen=45_member=5694_pso,50,11937100.0,0.681248,11937082.887701936,0.6874126449396508,49824.64404995597,111.0093069433019,49490.96174587519,110.26586276980991,lpr:total_combined:bdpl,2.679664988250601,5.9203350117493985
T_factor_0.920,0.92,1564.0,0.11906462996609923,gen=33_member=4157_pso,50,12187200.0,0.625142,12187167.117334038,0.6377080551919281,51187.975454635576,114.04680931292806,50849.17018404211,113.29195117004582,lpr:total_combined:bdpl,3.614177536149978,4.985822463850022
T_factor_0.920,0.92,1564.0,0.11906462996609923,gen=39_member=4884_pso,50,11680400.0,0.697022,11680425.995853443,0.7008285854382708,49254.57549238486,109.73919419703346,48559.45242309004,108.19045999864461,lpr:total_combined:bdpl,2.28920035144705,6.310799648552949
T_factor_0.920,0.92,1564.0,0.11906462996609923,gen=43_member=5440_pso,50,12121100.0,0.647192,12121098.886050921,0.6564515434198273,50835.08313646425,113.26056522804235,50621.75583412206,112.78527199842394,lpr:total_combined:bdpl,3.3014426573149978,5.298557342685002
T_factor_0.920,0.92,1564.0,0.11906462996609923,gen=33_member=4206_pso,50,11551100.0,0.701567,11551056.819824193,0.7051191836742866,48667.510880842834,108.43121424251783,47816.250315878584,106.53460570377749,lpr:total_combined:bdpl,2.1532163170867173,6.446783682913282
T_factor_0.920,0.92,1564.0,0.11906462996609923,gen=48_member=6130_pso,50,11497500.0,0.703325,11497486.999720298,0.70673911202285,48519.73772520262,108.10197565175143,47653.76048447941,106.17257835942013,lpr:total_combined:bdpl,2.101875133388082,6.498124866611917
T_factor_0.920,0.92,1564.0,0.11906462996609923,gen=40_member=5021_pso,50,12103200.0,0.650633,12103213.1286555,0.6598192424224909,51356.81714081211,114.42298858972939,50538.80335523818,112.60045387547066,lpr:total_combined:bdpl,3.2445121211346963,5.355487878865303
T_factor_0.920,0.92,1564.0,0.11906462996609923,gen=45_member=5738_pso,50,10894900.0,0.713643,10894885.825538045,0.7155220313376012,45530.41708116328,101.44176925683179,44923.50650222009,100.08957248694635,lpr:total_combined:bdpl,1.6786924361975561,6.9213075638024435
T_factor_0.920,0.92,1564.0,0.11906462996609923,gen=27_member=3377_pso,50,12186900.0,0.625766,12186931.25762333,0.6383236774508385,50945.06918245952,113.5056141385198,50866.95776489414,113.33158190018415,lpr:total_combined:bdpl,3.606114485169176,4.993885514830824
T_factor_0.920,0.92,1564.0,0.11906462996609923,gen=46_member=5826_pso,50,12186100.0,0.627088,12186064.810103523,0.6394236835482668,50982.68793573881,113.58942872082606,50864.647947326586,113.32643562664363,lpr:total_combined:bdpl,3.589296527783889,5.010703472216111
T_factor_0.920,0.92,1564.0,0.11906462996609923,gen=41_member=5141_pso,50,11030000.0,0.711812,11029968.090569744,0.7138206322913871,46670.83927397202,103.98262990240966,45764.1445725456,101.96251410763159,lpr:total_combined:bdpl,1.7608602999754854,6.839139700024514
T_factor_0.920,0.92,1564.0,0.11906462996609923,gen=29_member=3677_pso,50,11489400.0,0.703344,11489410.323236927,0.7068169532495605,48245.40350903176,107.49075901812276,47672.920123003445,106.21526603405167,lpr:total_combined:bdpl,2.0990980265885963,6.500901973411404
T_factor_0.920,0.92,1564.0,0.11906462996609923,gen=35_member=4441_pso,50,12097700.0,0.650754,12097747.115144044,0.6598982949464323,50601.79755350265,112.7408049492039,50516.3430693612,112.55041235853676,lpr:total_combined:bdpl,3.243175747969867,5.356824252030133
T_factor_0.920,0.92,1564.0,0.11906462996609923,gen=31_member=3912_pso,50,11666300.0,0.697443,11666347.56033951,0.7012390528880741,49118.4329153273,109.43586853534921,48526.83479974014,108.11778793382103,lpr:total_combined:bdpl,2.2761912052330495,6.323808794766951
T_factor_0.920,0.92,1564.0,0.11906462996609923,gen=44_member=5517_pso,50,12132500.0,0.643292,12132464.82691212,0.6527202187761424,51456.49456959809,114.64506990106455,50794.287641190014,113.16967286457135,lpr:total_combined:bdpl,3.364520240097702,5.235479759902297
T_factor_0.920,0.92,1564.0,0.11906462996609923,gen=49_member=6177_pso,50,12138900.0,0.642618,12138871.541597325,0.6520794966339243,50825.8835101407,113.24006846059348,50801.76609991204,113.18633487060403,lpr:total_combined:bdpl,3.3753515688685387,5.224648431131461
T_factor_0.920,0.92,1564.0,0.11906462996609923,gen=44_member=5611_pso,50,11923800.0,0.68319,11923767.054962939,0.6892994918568138,49891.114152183596,111.15740233106504,49430.9234601053,110.13209746911461,lpr:total_combined:bdpl,2.6380207871410697,5.96197921285893
T_factor_0.920,0.92,1564.0,0.11906462996609923,gen=35_member=4426_pso,50,12009300.0,0.66959,12009325.101516692,0.6761788852328032,50272.83216736466,112.00787006888845,50272.83216736466,112.00787006888845,lpr:total_combined:bdpl,2.9276029339274627,5.672397066072537
T_factor_0.920,0.92,1564.0,0.11906462996609923,gen=25_member=3126_pso,50,11880600.0,0.687242,11880589.469000075,0.6926151182008099,49706.3042309079,110.7456458264628,49291.21269141708,109.82082187647725,lpr:total_combined:bdpl,2.5495137971714557,6.050486202828544
T_factor_0.920,0.92,1564.0,0.11906462996609923,gen=36_member=4525_pso,50,11173400.0,0.709924,11173377.904344108,0.7119734343327138,46765.35983396837,104.19322171008152,46266.519971233356,103.08180649590791,lpr:total_combined:bdpl,1.8500694191276794,6.74993058087232
T_factor_0.920,0.92,1564.0,0.11906462996609923,gen=47_member=5916_pso,50,11938700.0,0.681121,11938697.818192918,0.687289007298285,49794.69939162476,110.94259024453996,49495.352919661775,110.27564630500643,lpr:total_combined:bdpl,2.682393768606289,5.917606231393711
T_factor_0.920,0.92,1564.0,0.11906462996609923,gen=37_member=4683_pso,50,11669800.0,0.697204,11669824.724862162,0.7009201299006868,48673.953149886016,108.44556761794604,48585.14827481801,108.24771035629453,lpr:total_combined:bdpl,2.286298987898678,6.313701012101322
T_factor_0.920,0.92,1564.0,0.11906462996609923,gen=30_member=3767_pso,50,12001400.0,0.670255,12001377.210174264,0.6768251871229515,50548.11932642426,112.62120985927325,50242.449031244745,111.94017644161329,lpr:total_combined:bdpl,2.9133385409626795,5.68666145903732
T_factor_0.920,0.92,1564.0,0.11906462996609923,gen=41_member=5185_pso,50,11449100.0,0.705422,11449096.778256543,0.7081292368393691,48486.720972743366,108.02841432727222,47453.85902728026,105.72719791278043,lpr:total_combined:bdpl,2.03572221861142,6.564277781388579
T_factor_0.920,0.92,1564.0,0.11906462996609923,gen=40_member=5102_pso,50,12208700.0,0.61827,12208710.648241015,0.6311003502017211,51061.80412640587,113.76569959363228,51061.80412640587,113.76569959363228,lpr:total_combined:bdpl,3.700721291563307,4.899278708436693
T_factor_0.920,0.92,1564.0,0.11906462996609923,gen=40_member=5107_pso,50,12124500.0,0.647188,12124489.979887124,0.6564488010672332,50849.12766349434,113.2918564342654,50630.82800675064,112.80548479904043,lpr:total_combined:bdpl,3.3014890164472854,5.298510983552714
T_factor_0.920,0.92,1564.0,0.11906462996609923,gen=36_member=4597_pso,50,12067700.0,0.660395,12067736.32117229,0.6691774520945925,51057.747764340544,113.75666201895073,50541.95907510031,112.60748481932349,lpr:total_combined:bdpl,3.0821300908528264,5.517869909147173
T_factor_0.920,0.92,1564.0,0.11906462996609923,gen=43_member=5401_pso,50,12002800.0,0.670056,12002793.896778665,0.6766125164532861,50410.158340373324,112.31383278235177,50198.64970178832,111.84259153558438,lpr:total_combined:bdpl,2.9180323505436703,5.681967649456329
T_factor_0.920,0.92,1564.0,0.11906462996609923,gen=34_member=4241_pso,50,12130700.0,0.643917,12130735.362367615,0.6533285933496269,51374.07002860749,114.4614280237375,50782.20974221339,113.14276330565143,lpr:total_combined:bdpl,3.354235742985715,5.245764257014285
T_factor_0.920,0.92,1564.0,0.11906462996609923,gen=41_member=5136_pso,50,10406500.0,0.717487,10406546.441500314,0.7184535868069634,43931.72374076148,97.87988049441658,43609.560802630964,97.16210146826178,lpr:total_combined:bdpl,1.4882760005367026,7.1117239994632975
T_factor_0.920,0.92,1564.0,0.11906462996609923,gen=30_member=3730_pso,50,12140000.0,0.641959,12140045.72221974,0.6514136831120533,51075.04584032901,113.79520213225304,50815.44517450234,113.21681184879121,lpr:total_combined:bdpl,3.386607064316984,5.213392935683016
T_factor_0.920,0.92,1564.0,0.11906462996609923,gen=26_member=3274_pso,50,12038900.0,0.665819,12038850.4455638,0.6731667824766948,50639.3413163918,112.82445245292094,50304.87921352462,112.07927088773285,lpr:total_combined:bdpl,2.9940824197813303,5.605917580218669
T_factor_0.920,0.92,1564.0,0.11906462996609923,gen=27_member=3397_pso,50,12071700.0,0.660095,12071654.496071892,0.6689555517004795,50981.96316968758,113.58781394206393,50552.867655833994,112.63178913719814,lpr:total_combined:bdpl,3.0870276077391576,5.512972392260842
T_factor_0.920,0.92,1564.0,0.11906462996609923,gen=35_member=4358_pso,50,12204700.0,0.618623,12204661.884933073,0.6314152489675566,51106.48412393821,113.86524662813433,51009.814886034575,113.64986756608504,lpr:total_combined:bdpl,3.6965969364640974,4.903403063535903
T_factor_0.920,0.92,1564.0,0.11906462996609923,gen=39_member=4886_pso,50,12044000.0,0.665732,12044004.390030988,0.673108440917019,50491.711318747475,112.49553281816937,50342.93282698114,112.16405433851398,lpr:total_combined:bdpl,2.9953700640634824,5.604629935936517
T_factor_0.920,0.92,1564.0,0.11906462996609923,gen=44_member=5592_pso,50,12203600.0,0.618851,12203605.6103388,0.6316722233765354,51092.96853954465,113.83513390610548,51061.40909363768,113.76481946062475,lpr:total_combined:bdpl,3.6932312398370386,4.9067687601629615
T_factor_0.920,0.92,1564.0,0.11906462996609923,gen=38_member=4844_pso,50,12142000.0,0.641745,12141958.442525955,0.6512062384786348,50941.33531657965,113.49729508533946,50823.455622000954,113.23465912581813,lpr:total_combined:bdpl,3.3901138902532972,5.209886109746702
T_factor_0.920,0.92,1564.0,0.11906462996609923,gen=42_member=5368_pso,50,12047200.0,0.665633,12047226.813034713,0.6730278288098385,50988.90270934845,113.60327523642833,50307.04728986295,112.08410136181466,lpr:total_combined:bdpl,2.997149236911452,5.602850763088547
T_factor_0.920,0.92,1564.0,0.11906462996609923,gen=41_member=5212_pso,50,12074000.0,0.659863,12074040.299001968,0.6687832664407664,50894.43854761299,113.39280908408173,50560.45217337479,112.64868744227903,lpr:total_combined:bdpl,3.0908300794386045,5.509169920561395
T_factor_0.920,0.92,1564.0,0.11906462996609923,gen=46_member=5787_pso,50,12049200.0,0.665563,12049204.249162452,0.6729829240882609,50381.152569186444,112.2492079241474,50349.292689661954,112.17822411256682,lpr:total_combined:bdpl,2.998140319568522,5.6018596804314775
T_factor_0.920,0.92,1564.0,0.11906462996609923,gen=47_member=5970_pso,50,12075000.0,0.659832,12074981.120001724,0.6687584607196728,50713.11596487974,112.98882236975206,50559.08338774511,112.64563778789609,lpr:total_combined:bdpl,3.09137756128702,5.50862243871298
T_factor_0.920,0.92,1564.0,0.11906462996609923,gen=50_member=6375_pso,50,12295700.0,0.582721,12295746.208614845,0.5993778182375019,51477.2567191637,114.69132797029671,51477.2567191637,114.69132797029671,lpr:total_combined:bdpl,4.11336768667353,4.48663231332647
T_factor_0.920,0.92,1564.0,0.11906462996609923,gen=50_member=6314_pso,50,12219200.0,0.616249,12219242.960929338,0.6291413128114184,51108.100000000006,113.86884680000001,51108.100000000006,113.86884680000001,lpr:total_combined:bdpl,3.7263795879011714,4.873620412098829
T_factor_0.920,0.92,1564.0,0.11906462996609923,gen=50_member=6331_pso,50,12250500.0,0.600795,12250481.385280203,0.6140604339418927,51229.27664652902,114.13882836846665,51189.651842018546,114.05054430401732,lpr:total_combined:bdpl,3.9238998909771383,4.676100109022862
T_factor_0.920,0.92,1564.0,0.11906462996609923,gen=50_member=6311_pso,50,12149400.0,0.639509,12149374.420328459,0.6490462409635143,50943.69444447454,113.50255122228927,50840.12644413603,113.27180171753508,lpr:total_combined:bdpl,3.4266283817760455,5.173371618223954
T_factor_0.920,0.92,1564.0,0.11906462996609923,gen=50_member=6307_pso,50,9981370.0,0.718653,9981373.38209072,0.7195333179775428,43752.64310475318,97.48088883739008,42375.601402361644,94.41283992446174,lpr:total_combined:bdpl,1.3956333182430307,7.204366681756969
T_factor_0.920,0.92,1564.0,0.11906462996609923,gen=50_member=6332_pso,50,11222500.0,0.709503,11222480.829753874,0.7116365842134411,47077.84871533011,104.88944693775548,46464.529875399385,103.52297256238982,lpr:total_combined:bdpl,1.8663373574314914,6.733662642568508
T_factor_0.920,0.92,1564.0,0.11906462996609923,gen=50_member=6369_pso,50,10816200.0,0.714409,10816152.42359839,0.7162915045049381,45326.84803553662,100.98821742317558,44806.315606127355,99.82847117045175,lpr:total_combined:bdpl,1.6415312737205945,6.958468726279405
T_factor_0.920,0.92,1564.0,0.11906462996609923,gen=50_member=6392_pso,50,10988800.0,0.712623,10988818.450383374,0.7146269632629024,46401.29951110389,103.38209531073947,45639.441190947065,101.68467497343006,lpr:total_combined:bdpl,1.721919115910038,6.878080884089962
T_factor_0.920,0.92,1564.0,0.11906462996609923,gen=50_member=6378_pso,50,11022800.0,0.712066,11022782.803294366,0.71409219088637,46236.0318934091,103.01387905851547,45780.544156578704,101.99905238085735,lpr:total_combined:bdpl,1.7477455696657842,6.852254430334216
T_factor_0.920,0.92,1564.0,0.11906462996609923,gen=50_member=6337_pso,50,12024000.0,0.668505,12024025.732677821,0.6751823184179131,50701.722188745116,112.96343703652411,50210.12362714249,111.86815544127347,lpr:total_combined:bdpl,2.9495979503121355,5.650402049687864
T_factor_0.920,0.92,1564.0,0.11906462996609923,gen=50_member=6333_pso,50,11046600.0,0.711612,11046597.887337454,0.7136373868108487,46399.3412240379,103.37773224715643,45873.557837677174,102.20628686234474,lpr:total_combined:bdpl,1.7697100108744712,6.830289989125529
T_factor_0.920,0.92,1564.0,0.11906462996609923,gen=50_member=6385_pso,50,10736300.0,0.715054,10736330.109125491,0.716806198346902,44989.937994704,100.2375818522005,44397.263235323626,98.91710248830104,lpr:total_combined:bdpl,1.6166744985931247,6.983325501406875
T_factor_0.960,0.96,1632.0,0.15136080967773613,gen=47_member=5907_pso,50,9738960.0,0.719193,9738959.963789836,0.7196142501922589,42427.949226186,94.52947087594241,41736.54912774984,92.98903145662663,lpr:total_combined:bdpl,1.3886892032081353,7.211310796791865
T_factor_0.960,0.96,1632.0,0.15136080967773613,56,50,12446400.0,0.533346,12446397.913772527,0.5438666905422244,52637.1528415432,117.27557653095823,52637.1528415432,117.27557653095823,lpr:total_combined:bdpl,4.698433619482943,3.901566380517057
T_factor_0.960,0.96,1632.0,0.15136080967773613,64,50,12377800.0,0.56755,12377834.289729021,0.5762931056797002,52241.56295681393,116.39420226778142,52241.56295681393,116.39420226778142,lpr:total_combined:bdpl,4.3627950331194265,4.237204966880573
T_factor_0.960,0.96,1632.0,0.15136080967773613,gen=40_member=5105_pso,50,12283000.0,0.583854,12283049.42442162,0.5920433529906913,51868.902507044404,115.56391478569493,51444.95457882824,114.61935880162932,lpr:total_combined:bdpl,4.192615639167239,4.4073843608327605
T_factor_0.960,0.96,1632.0,0.15136080967773613,30,50,12433400.0,0.544694,12433371.76921002,0.5548480377179906,52187.23403515008,116.27315743031438,52187.23403515008,116.27315743031438,lpr:total_combined:bdpl,4.594506230850298,4.005493769149702
T_factor_0.960,0.96,1632.0,0.15136080967773613,gen=36_member=4531_pso,50,12223600.0,0.605591,12223597.44766552,0.6120614465088295,51053.0244471527,113.7461384682562,51053.0244471527,113.7461384682562,lpr:total_combined:bdpl,3.950081429005505,4.649918570994495
T_factor_0.960,0.96,1632.0,0.15136080967773613,105,50,12417100.0,0.55506,12417148.746273495,0.5639772758979011,52327.1463926199,116.58488216275714,52327.1463926199,116.58488216275714,lpr:total_combined:bdpl,4.495865987936895,4.1041340120631045
T_factor_0.960,0.96,1632.0,0.15136080967773613,gen=49_member=6222_pso,50,12218800.0,0.616332,12218818.301128551,0.6226836099627134,51106.17822286103,113.86456508053438,51106.17822286103,113.86456508053438,lpr:total_combined:bdpl,3.810958705264697,4.789041294735302
T_factor_0.960,0.96,1632.0,0.15136080967773613,18,50,12390900.0,0.557388,12390900.705456987,0.5662387401519848,52187.6001459564,116.27397312519085,52187.6001459564,116.27397312519085,lpr:total_combined:bdpl,4.471431157892295,4.128568842107705
T_factor_0.960,0.96,1632.0,0.15136080967773613,35,50,12440100.0,0.533609,12440134.96511929,0.544178532146915,52700.025782036595,117.41565744237754,52700.025782036595,117.41565744237754,lpr:total_combined:bdpl,4.695502653378512,3.904497346621488
T_factor_0.960,0.96,1632.0,0.15136080967773613,gen=44_member=5567_pso,50,9875600.0,0.719021,9875603.379483644,0.7194516239047085,42989.08731889699,95.7796865465025,42069.119675814705,93.72999863771516,lpr:total_combined:bdpl,1.4026428019377486,7.197357198062251
T_factor_0.960,0.96,1632.0,0.15136080967773613,gen=49_member=6144_pso,50,9757770.0,0.719034,9757774.55799681,0.7194584662896432,42132.10114850491,93.87032135886894,41805.01359125954,93.14157028132627,lpr:total_combined:bdpl,1.402055714233976,7.197944285766024
T_factor_0.960,0.96,1632.0,0.15136080967773613,gen=46_member=5849_pso,50,10309300.0,0.717719,10309323.448797248,0.7181827381889373,45220.50929470598,100.75129470860493,43336.516794327195,96.55375941776099,lpr:total_combined:bdpl,1.5115152504103482,7.088484749589652
T_factor_0.960,0.96,1632.0,0.15136080967773613,gen=31_member=3852_pso,50,12085500.0,0.652391,12085489.190941257,0.6568668762863861,50809.626277516305,113.20384734630632,50462.82627345364,112.4311769372547,lpr:total_combined:bdpl,3.2944215064437974,5.305578493556203
T_factor_0.960,0.96,1632.0,0.15136080967773613,gen=37_member=4697_pso,50,9951180.0,0.718657,9951183.919557761,0.7191018500399866,42929.95184756078,95.6479327163654,42506.86767415341,94.70530117801378,lpr:total_combined:bdpl,1.432653965741304,7.167346034258696
T_factor_0.960,0.96,1632.0,0.15136080967773613,gen=42_member=5264_pso,50,12276000.0,0.587416,12275991.063515613,0.5955770422204427,51721.642237508655,115.23581890516928,51425.41398676402,114.57582236251024,lpr:total_combined:bdpl,4.154434582091723,4.445565417908277
T_factor_0.960,0.96,1632.0,0.15136080967773613,gen=43_member=5399_pso,50,12075700.0,0.659796,12075652.37136835,0.6642575849556883,50662.073440237364,112.87509962484884,50563.483653430434,112.655441579843,lpr:total_combined:bdpl,3.169482488151788,5.430517511848212
T_factor_0.960,0.96,1632.0,0.15136080967773613,gen=35_member=4383_pso,50,10482600.0,0.717261,10482596.881225228,0.7177384898000494,44395.66150852786,98.91353384100007,43697.952601065685,97.35903839517434,lpr:total_combined:bdpl,1.5496324813217586,7.050367518678241
T_factor_0.960,0.96,1632.0,0.15136080967773613,gen=47_member=5964_pso,50,10840100.0,0.714224,10840089.258866806,0.7151481850310486,45340.13174397748,101.01781352558181,44763.52736283021,99.7331389643857,lpr:total_combined:bdpl,1.6967470792038808,6.903252920796119
T_factor_0.960,0.96,1632.0,0.15136080967773613,gen=45_member=5721_pso,50,10935500.0,0.713017,10935459.38484597,0.7139916012348527,46077.815037649634,102.66137190388338,45406.79805241785,101.16634606078696,lpr:total_combined:bdpl,1.7526034757529747,6.847396524247025
T_factor_0.960,0.96,1632.0,0.15136080967773613,gen=47_member=5893_pso,50,10050300.0,0.718629,10050330.220899835,0.7190769816660055,44663.8123416983,99.51097389730381,42679.893231787595,95.09080212042277,lpr:total_combined:bdpl,1.4347877124855515,7.165212287514448
T_factor_0.960,0.96,1632.0,0.15136080967773613,gen=35_member=4446_pso,50,11409800.0,0.706375,11409792.203285765,0.7076294366322886,48804.747890203915,108.73697829937431,47323.49343085893,105.4367433639537,lpr:total_combined:bdpl,2.059859716174359,6.540140283825641
T_factor_0.960,0.96,1632.0,0.15136080967773613,gen=45_member=5683_pso,50,10240800.0,0.71792,10240771.73598947,0.7183825958411716,44683.47269518394,99.55477716486982,43384.26011810516,96.66013154313829,lpr:total_combined:bdpl,1.4943671403210919,7.105632859678908
T_factor_0.960,0.96,1632.0,0.15136080967773613,gen=49_member=6242_pso,50,11866200.0,0.690335,11866171.531540677,0.6926012790226174,49793.36739732516,110.93962256124044,49240.59882468567,109.70805418139967,lpr:total_combined:bdpl,2.549952409033797,6.050047590966203
T_factor_0.960,0.96,1632.0,0.15136080967773613,gen=45_member=5670_pso,50,10406200.0,0.717494,10406231.87516301,0.7179718735527573,44191.60289947777,98.45889126003648,43609.30208475285,97.16152504482936,lpr:total_combined:bdpl,1.5296077775401506,7.070392222459849
T_factor_0.960,0.96,1632.0,0.15136080967773613,gen=38_member=4778_pso,50,10164400.0,0.71794,10164356.433517821,0.7184002721063282,43216.77328051297,96.28697086898289,42970.82431105304,95.73899656502617,lpr:total_combined:bdpl,1.4928504881564957,7.107149511843504
T_factor_0.960,0.96,1632.0,0.15136080967773613,gen=43_member=5423_pso,50,12257800.0,0.594933,12257750.350139363,0.6025265015719689,51233.33114761955,114.14786179689636,51233.33114761955,114.14786179689636,lpr:total_combined:bdpl,4.074964416929179,4.525035583070821
T_factor_0.960,0.96,1632.0,0.15136080967773613,gen=38_member=4827_pso,50,12171600.0,0.631596,12171637.808199104,0.6377212929599944,50979.48086559517,113.58228336854604,50813.54471465353,113.21257762424806,lpr:total_combined:bdpl,3.6140041558063567,4.985995844193643
T_factor_0.960,0.96,1632.0,0.15136080967773613,gen=46_member=5827_pso,50,12142700.0,0.641492,12142688.246643651,0.6461605647436152,51220.46766399847,114.11920195538859,50818.373966461804,113.22333719727689,lpr:total_combined:bdpl,3.475410382278958,5.124589617721042
T_factor_0.960,0.96,1632.0,0.15136080967773613,gen=49_member=6197_pso,50,10994700.0,0.712329,10994705.05589987,0.7133239604838155,46401.49017389091,103.38252010742895,45612.509888916305,101.62467203250553,lpr:total_combined:bdpl,1.7848467136964137,6.815153286303586
T_factor_0.960,0.96,1632.0,0.15136080967773613,gen=34_member=4254_pso,50,11826100.0,0.692032,11826081.210188618,0.6939833059651197,49289.58618785271,109.81719802653583,49090.82356794755,109.37435490938714,lpr:total_combined:bdpl,2.506151151284096,6.093848848715904
T_factor_0.960,0.96,1632.0,0.15136080967773613,gen=46_member=5867_pso,50,11245900.0,0.709312,11245910.539729662,0.7103366968187329,47224.11676777734,105.21533215860791,46469.35011106735,103.53371204745807,lpr:total_combined:bdpl,1.9291144999323717,6.670885500067628
T_factor_0.960,0.96,1632.0,0.15136080967773613,gen=31_member=3915_pso,50,12151300.0,0.634089,12151250.97606472,0.6398616801353432,50778.043066439204,113.13347995202655,50719.60111312249,113.0032712800369,lpr:total_combined:bdpl,3.5818922495132743,5.018107750486726
T_factor_0.960,0.96,1632.0,0.15136080967773613,gen=47_member=5976_pso,50,11362000.0,0.706998,11362024.609674983,0.7080530421358902,48125.197185073404,107.22293932834354,46930.904979662475,104.56205629468799,lpr:total_combined:bdpl,2.0394019879341987,6.560598012065801
T_factor_0.960,0.96,1632.0,0.15136080967773613,gen=39_member=4925_pso,50,11896400.0,0.684874,11896391.93605654,0.6879252963749303,50146.24464222477,111.72583306287677,49634.299194174644,110.5852186046211,lpr:total_combined:bdpl,2.6683503663405386,5.931649633659461
T_factor_0.960,0.96,1632.0,0.15136080967773613,gen=36_member=4494_pso,50,10420500.0,0.717361,10420504.849209998,0.7178337408610409,44203.144887668415,98.48460680972522,43469.94284558344,96.85103265995991,lpr:total_combined:bdpl,1.5414597860972277,7.058540213902772
T_factor_0.960,0.96,1632.0,0.15136080967773613,gen=44_member=5537_pso,50,10636200.0,0.715586,10636170.166640699,0.7164709781567054,45169.2898288748,100.63717773873304,44280.52405169593,98.65700758717853,lpr:total_combined:bdpl,1.63286372062483,6.96713627937517
T_factor_0.960,0.96,1632.0,0.15136080967773613,gen=46_member=5774_pso,50,12198800.0,0.623458,12198824.129546277,0.6297250113464226,51031.70882205056,113.69864725552864,51031.70882205056,113.69864725552864,lpr:total_combined:bdpl,3.718734654702219,4.8812653452977806
T_factor_0.960,0.96,1632.0,0.15136080967773613,gen=37_member=4723_pso,50,11316900.0,0.708149,11316939.89607805,0.7092119551603359,47958.33587102356,106.8511723206405,46911.033225908424,104.51778202732396,lpr:total_combined:bdpl,1.9834331029539087,6.616566897046091
T_factor_0.960,0.96,1632.0,0.15136080967773613,gen=45_member=5711_pso,50,10701000.0,0.715537,10701015.255649135,0.7164274366988397,44962.49060320653,100.17642906394414,44382.095728658474,98.88330928345108,lpr:total_combined:bdpl,1.6349665245417337,6.965033475458266
T_factor_0.960,0.96,1632.0,0.15136080967773613,gen=29_member=3643_pso,50,11063400.0,0.711087,11063367.898928545,0.7121029974012899,46773.04844914237,104.2103519446892,45939.598395335444,102.35342522480737,lpr:total_combined:bdpl,1.8438122623524356,6.756187737647564
T_factor_0.960,0.96,1632.0,0.15136080967773613,gen=28_member=3493_pso,50,12010000.0,0.668784,12010002.111146484,0.6720440953620773,50587.18777954187,112.70825437281928,50262.96022798913,111.98587538795978,lpr:total_combined:bdpl,3.0188610107517677,5.581138989248232
T_factor_0.960,0.96,1632.0,0.15136080967773613,gen=39_member=4935_pso,50,11281500.0,0.708428,11281519.05267382,0.7094823419739866,47746.93364863757,106.3801681691645,46654.0946465578,103.94532287253078,lpr:total_combined:bdpl,1.9703749629950102,6.629625037004989
T_factor_0.960,0.96,1632.0,0.15136080967773613,gen=44_member=5540_pso,50,12269800.0,0.591573,12269791.265440106,0.5996086411325836,51409.0442246771,114.53935053258057,51274.750450654414,114.24014400405802,lpr:total_combined:bdpl,4.110873675016463,4.489126324983537
T_factor_0.960,0.96,1632.0,0.15136080967773613,gen=42_member=5321_pso,50,11999300.0,0.671198,11999286.1007488,0.6744211078038773,50602.65384263916,112.74271276140006,50173.2583189863,111.78601953470147,lpr:total_combined:bdpl,2.9663984695324643,5.633601530467535
T_factor_0.960,0.96,1632.0,0.15136080967773613,gen=39_member=4882_pso,50,10775300.0,0.714436,10775264.386121174,0.7153443990820514,45802.7874267953,102.04861038689992,44827.07266782531,99.8747179039148,lpr:total_combined:bdpl,1.687271060365154,6.912728939634846
T_factor_0.960,0.96,1632.0,0.15136080967773613,gen=39_member=4970_pso,50,12038300.0,0.666387,12038325.731098836,0.670172719820252,50516.56288398654,112.550902105522,50255.35737047452,111.96893622141724,lpr:total_combined:bdpl,3.060163746393092,5.539836253606907
T_factor_0.960,0.96,1632.0,0.15136080967773613,gen=32_member=3991_pso,50,12201000.0,0.619031,12200978.588406555,0.6253342341438466,51219.6970317056,114.11748498664006,51020.12093871804,113.6728294514638,lpr:total_combined:bdpl,3.776242420084803,4.823757579915197
T_factor_0.960,0.96,1632.0,0.15136080967773613,gen=37_member=4713_pso,50,12177200.0,0.629244,12177156.784652073,0.6353771395051385,50997.8887656764,113.62329616992702,50833.59811395465,113.25725659789096,lpr:total_combined:bdpl,3.644706471292448,4.955293528707552
T_factor_0.960,0.96,1632.0,0.15136080967773613,gen=41_member=5214_pso,50,11978400.0,0.676443,11978411.285790766,0.6795715733462634,50645.64701899745,112.83850155832631,50104.31768993943,111.63241981318505,lpr:total_combined:bdpl,2.852723628768312,5.747276371231687
T_factor_0.960,0.96,1632.0,0.15136080967773613,gen=47_member=5902_pso,50,11103200.0,0.710867,11103175.487190865,0.7118934419717937,47049.460161530864,104.82619723989076,46109.99146446721,102.73306098283294,lpr:total_combined:bdpl,1.853932593631029,6.7460674063689705
T_factor_0.960,0.96,1632.0,0.15136080967773613,gen=45_member=5714_pso,50,11993300.0,0.674785,11993278.716311434,0.6779743861352672,50064.69897747029,111.5441493218038,49746.83479228297,110.83594791720645,lpr:total_combined:bdpl,2.8879748114791517,5.7120251885208475
T_factor_0.960,0.96,1632.0,0.15136080967773613,gen=45_member=5725_pso,50,10086100.0,0.718322,10086052.361235783,0.7187622174877186,43236.57024331604,96.33107850210814,42605.227886494205,94.92444773110908,lpr:total_combined:bdpl,1.4617949885196597,7.1382050114803395
T_factor_0.960,0.96,1632.0,0.15136080967773613,gen=41_member=5219_pso,50,10877600.0,0.713721,10877623.213253161,0.7146728141050659,45831.09410723573,102.11167767092121,45102.71967809803,100.48885944280241,lpr:total_combined:bdpl,1.71970478191157,6.880295218088429
T_factor_0.960,0.96,1632.0,0.15136080967773613,gen=38_member=4779_pso,50,11511900.0,0.702673,11511911.853114262,0.7043901302220781,48003.579465953466,106.95197505014431,47829.015475785905,106.563046480051,lpr:total_combined:bdpl,2.17632256573602,6.423677434263979
T_factor_0.960,0.96,1632.0,0.15136080967773613,gen=39_member=4891_pso,50,12250700.0,0.597475,12250726.961103301,0.6045824166325646,51186.95182954514,114.04452867622658,51181.4721129275,114.03231986760247,lpr:total_combined:bdpl,4.048037274991323,4.551962725008677
T_factor_0.960,0.96,1632.0,0.15136080967773613,gen=38_member=4772_pso,50,11343500.0,0.707434,11343536.810518842,0.708555995684527,47559.18910881358,105.96187333443666,47088.50036268619,104.91317880806483,lpr:total_combined:bdpl,2.0151122019707115,6.584887798029288
T_factor_0.960,0.96,1632.0,0.15136080967773613,gen=42_member=5263_pso,50,12267300.0,0.591914,12267261.652988074,0.5999444008730921,51401.15443533461,114.5217720819255,51266.89061527922,114.2226322908421,lpr:total_combined:bdpl,4.107245834257836,4.492754165742164
T_factor_0.960,0.96,1632.0,0.15136080967773613,gen=40_member=5076_pso,50,11779100.0,0.693959,11779139.5975923,0.6958779826504217,49427.02345467124,110.12340825700751,48946.710201045935,109.05327032793033,lpr:total_combined:bdpl,2.4461022337897655,6.153897766210234
T_factor_0.960,0.96,1632.0,0.15136080967773613,gen=49_member=6161_pso,50,10118300.0,0.718234,10118254.813456059,0.7186750054873642,43142.178199925635,96.12077302943432,42648.48611640095,95.02082706734132,lpr:total_combined:bdpl,1.4692779193279775,7.130722080672022
T_factor_0.960,0.96,1632.0,0.15136080967773613,gen=43_member=5437_pso,50,11872500.0,0.688115,11872492.260370716,0.6910069660568355,49773.96375344011,110.89639124266456,49388.10419626745,110.03669614928387,lpr:total_combined:bdpl,2.6003354835119055,5.999664516488094
T_factor_0.960,0.96,1632.0,0.15136080967773613,gen=44_member=5578_pso,50,10529000.0,0.716879,10529046.22432401,0.7174802526106896,45321.15226539255,100.9755272472946,43781.85514960589,97.54597327332193,lpr:total_combined:bdpl,1.5717896502005912,7.028210349799409
T_factor_0.960,0.96,1632.0,0.15136080967773613,gen=36_member=4573_pso,50,9923880.0,0.718701,9923883.486663597,0.7191420177849215,42793.782245499315,95.34454684297248,42379.19800126966,94.42085314682879,lpr:total_combined:bdpl,1.4292075082027516,7.170792491797248
T_factor_0.960,0.96,1632.0,0.15136080967773613,gen=44_member=5555_pso,50,11482000.0,0.70427,11481968.855985735,0.706023543972267,48635.122267710045,108.35905241245798,47726.17379980708,106.33391522597017,lpr:total_combined:bdpl,2.124553982589307,6.475446017410693
T_factor_0.960,0.96,1632.0,0.15136080967773613,gen=38_member=4840_pso,50,11953800.0,0.677695,11953765.575695587,0.6808039254279196,50063.23576541098,111.54088928533567,49665.68700823383,110.65515065434496,lpr:total_combined:bdpl,2.82552464539588,5.774475354604119
T_factor_0.960,0.96,1632.0,0.15136080967773613,gen=47_member=5966_pso,50,11540800.0,0.702015,11540755.077291641,0.7037340248943095,48509.58313027878,108.07935121426111,47949.67757377042,106.8318816343605,lpr:total_combined:bdpl,2.19711683369762,6.402883166302379
T_factor_0.960,0.96,1632.0,0.15136080967773613,gen=47_member=5898_pso,50,11764400.0,0.695319,11764362.834467728,0.697176148964097,49013.50339598111,109.20208556624591,48858.132426577125,108.85591904641383,lpr:total_combined:bdpl,2.4049588120817096,6.1950411879182905
T_factor_0.960,0.96,1632.0,0.15136080967773613,gen=38_member=4768_pso,50,10569000.0,0.71664,10568987.168558508,0.7173491437531359,44629.149277354714,99.4337445899463,43944.607240902464,97.90858493273069,lpr:total_combined:bdpl,1.5830390024163996,7.0169609975836
T_factor_0.960,0.96,1632.0,0.15136080967773613,gen=41_member=5241_pso,50,11446400.0,0.705662,11446374.076925283,0.7071600243213046,48174.289000024866,107.3323158920554,47488.398587199335,105.80415205228012,lpr:total_combined:bdpl,2.0825296517843706,6.517470348215629
T_factor_0.960,0.96,1632.0,0.15136080967773613,gen=39_member=4901_pso,50,9895340.0,0.718742,9895339.590260155,0.7191810276999148,43036.58307268322,95.88550708593822,42282.3515580355,94.20507927130309,lpr:total_combined:bdpl,1.4258603943474717,7.1741396056525275
T_factor_0.960,0.96,1632.0,0.15136080967773613,gen=40_member=5082_pso,50,10606200.0,0.716303,10606192.66881587,0.7171564247678074,45134.53789635979,100.5597504330896,43870.23979482254,97.74289426286462,lpr:total_combined:bdpl,1.5995746033291314,7.0004253966708685
T_factor_0.960,0.96,1632.0,0.15136080967773613,gen=49_member=6158_pso,50,11921100.0,0.684136,11921105.488845602,0.6871336163844107,49938.49052936899,111.2629568994341,49407.06456081771,110.07893984150185,lpr:total_combined:bdpl,2.6858233687551487,5.914176631244851
T_factor_0.960,0.96,1632.0,0.15136080967773613,gen=49_member=6216_pso,50,11945100.0,0.680279,11945134.063002478,0.6834274277407204,49765.95027878354,110.87853722112972,49575.549827551215,110.45432501578411,lpr:total_combined:bdpl,2.7676218781221733,5.832378121877826
T_factor_0.960,0.96,1632.0,0.15136080967773613,gen=47_member=6002_pso,50,10144400.0,0.718198,10144439.49189337,0.7186384187805388,43537.03644438117,97.00051719808124,42685.09218699485,95.10238539262453,lpr:total_combined:bdpl,1.4724171179997887,7.127582882000211
T_factor_0.960,0.96,1632.0,0.15136080967773613,gen=32_member=3978_pso,50,11724500.0,0.69565,11724521.462720819,0.6975017660546468,49484.08398621317,110.25053912128294,48874.142584268266,108.89158967774969,lpr:total_combined:bdpl,2.3946388699212067,6.205361130078793
T_factor_0.960,0.96,1632.0,0.15136080967773613,gen=24_member=2976_pso,50,11884300.0,0.687169,11884331.744194893,0.6901657655740385,49948.858920262544,111.28605767434495,49302.48132715866,109.8459283969095,lpr:total_combined:bdpl,2.6189014422870383,5.981098557712961
T_factor_0.960,0.96,1632.0,0.15136080967773613,gen=46_member=5863_pso,50,11617300.0,0.700106,11617325.353071578,0.7019064136535146,49401.63840788752,110.06685037277339,48314.00128676755,107.6435948669181,lpr:total_combined:bdpl,2.2550402131647123,6.344959786835288
T_factor_0.960,0.96,1632.0,0.15136080967773613,gen=49_member=6159_pso,50,10903700.0,0.713479,10903671.696892686,0.7144256835921685,45667.79848784485,101.74785503091832,45185.67293819359,100.67367930629531,lpr:total_combined:bdpl,1.7316397752714827,6.868360224728517
T_factor_0.960,0.96,1632.0,0.15136080967773613,gen=49_member=6198_pso,50,11459600.0,0.705203,11459602.640373657,0.7068612130992549,48552.841526723045,108.17573092153894,47570.689864403525,105.98749701789104,lpr:total_combined:bdpl,2.09696052844634,6.5030394715536595
T_factor_0.960,0.96,1632.0,0.15136080967773613,gen=39_member=4883_pso,50,11655800.0,0.698172,11655757.181802921,0.6999757759380247,48881.632005089115,108.90827610733855,48537.54062247831,108.14164050688167,lpr:total_combined:bdpl,2.316228861227066,6.283771138772934
T_factor_0.960,0.96,1632.0,0.15136080967773613,gen=36_member=4595_pso,50,12058100.0,0.663152,12058128.274327343,0.6675731228154365,50642.234983008704,112.83089954214338,50507.80174322089,112.53138228389614,lpr:total_combined:bdpl,3.1134337296575603,5.48656627034244
T_factor_0.960,0.96,1632.0,0.15136080967773613,gen=44_member=5538_pso,50,11819700.0,0.693476,11819711.981230736,0.695350757553906,49533.11938529392,110.35978999043485,48989.99124684964,109.149700497981,lpr:total_combined:bdpl,2.462811837368681,6.137188162631318
T_factor_0.960,0.96,1632.0,0.15136080967773613,gen=47_member=5958_pso,50,11252200.0,0.708814,11252182.316333093,0.7098565825944558,46889.07693987987,104.46886342205235,46538.53885013175,103.68786455809354,lpr:total_combined:bdpl,1.9523012768769241,6.647698723123075
T_factor_0.960,0.96,1632.0,0.15136080967773613,gen=46_member=5862_pso,50,12127400.0,0.646326,12127415.605267622,0.6509450315694225,50873.35612585935,113.34583744841463,50761.635386620335,113.0969236413901,lpr:total_combined:bdpl,3.3945295608294654,5.205470439170535
T_factor_0.960,0.96,1632.0,0.15136080967773613,gen=48_member=6077_pso,50,11804900.0,0.693913,11804869.991800735,0.6957801919322394,49514.66438767297,110.31867225573538,48929.08457796394,109.01400043970366,lpr:total_combined:bdpl,2.44920156298582,6.1507984370141795
T_factor_0.960,0.96,1632.0,0.15136080967773613,gen=38_member=4784_pso,50,11163300.0,0.710244,11163326.786992056,0.711246344376738,47658.341063344036,106.1827838891305,46251.2716214466,103.04783317258301,lpr:total_combined:bdpl,1.8851837143836148,6.714816285616385
T_factor_0.960,0.96,1632.0,0.15136080967773613,gen=38_member=4799_pso,50,11949800.0,0.678338,11949789.008105733,0.6814322440701899,50300.94685990873,112.07050960387664,49627.29767271265,110.56961921480378,lpr:total_combined:bdpl,2.811657156909367,5.788342843090632
T_factor_0.960,0.96,1632.0,0.15136080967773613,gen=33_member=4144_pso,50,10275000.0,0.717721,10274983.576880537,0.7181924430010648,43886.43329653439,97.77897338467862,43197.64571836743,96.24435466052263,lpr:total_combined:bdpl,1.5106825618197652,7.089317438180235
T_factor_0.960,0.96,1632.0,0.15136080967773613,gen=40_member=5066_pso,50,11747400.0,0.695498,11747366.836248316,0.6973922365072752,49275.627853929764,109.7860988585555,48795.80376842059,108.71705079604108,lpr:total_combined:bdpl,2.3981102435884525,6.201889756411547
T_factor_0.960,0.96,1632.0,0.15136080967773613,gen=40_member=5054_pso,50,11588500.0,0.701146,11588547.789286416,0.7029124547942953,48781.04607997798,108.68417066619094,48181.74171599037,107.34892054322654,lpr:total_combined:bdpl,2.2231552578436857,6.3768447421563135
T_factor_0.960,0.96,1632.0,0.15136080967773613,gen=45_member=5693_pso,50,10709600.0,0.715379,10709593.135838162,0.7162914363581971,45013.264122283465,100.28955246444755,44331.89936597063,98.77147178738257,lpr:total_combined:bdpl,1.6415345648192534,6.958465435180746
T_factor_0.960,0.96,1632.0,0.15136080967773613,gen=48_member=6031_pso,50,12052400.0,0.665521,12052365.848215453,0.66952632200782,50542.03664619567,112.60765764772395,50359.41582725156,112.20077846311648,lpr:total_combined:bdpl,3.074430256438408,5.525569743561592
T_factor_0.960,0.96,1632.0,0.15136080967773613,gen=31_member=3921_pso,50,12113900.0,0.648713,12113891.248633971,0.6532524714434668,50758.519707847816,113.08998190908493,50541.739414484626,112.60699541547174,lpr:total_combined:bdpl,3.3555225744184938,5.244477425581506
T_factor_0.960,0.96,1632.0,0.15136080967773613,gen=44_member=5545_pso,50,11598800.0,0.700704,11598815.43768315,0.7024779574168258,48922.10128165834,108.99844165553478,48203.08537435674,107.39647421406681,lpr:total_combined:bdpl,2.236925996341483,6.363074003658516
T_factor_0.960,0.96,1632.0,0.15136080967773613,gen=39_member=4943_pso,50,11638200.0,0.698899,11638206.369778983,0.7006497307867435,49553.62611216778,110.40547897790981,48263.5673686528,107.53122809735844,lpr:total_combined:bdpl,2.2948688796431003,6.305131120356899
T_factor_0.960,0.96,1632.0,0.15136080967773613,gen=34_member=4333_pso,50,11563700.0,0.701354,11563663.491177239,0.703121961030982,49190.64059163448,109.59674723816163,48020.76320158239,106.99026041312557,lpr:total_combined:bdpl,2.216515273925088,6.3834847260749115
T_factor_0.960,0.96,1632.0,0.15136080967773613,gen=46_member=5865_pso,50,10532800.0,0.716666,10532832.151348412,0.7173688486198079,44588.28472863733,99.34269837540397,43900.42570084892,97.8101484614914,lpr:total_combined:bdpl,1.581348292957904,7.018651707042096
T_factor_0.960,0.96,1632.0,0.15136080967773613,gen=35_member=4371_pso,50,11707200.0,0.696196,11707227.059533695,0.6980750408702782,49103.908059944864,109.40350715755716,48760.57446755105,108.63855991370374,lpr:total_combined:bdpl,2.3764697900077434,6.223530209992257
T_factor_0.960,0.96,1632.0,0.15136080967773613,gen=39_member=4906_pso,50,11134300.0,0.710422,11134328.034844197,0.7114373285816915,47578.77914141552,106.00551992707378,46071.3940281057,102.6470658946195,lpr:total_combined:bdpl,1.8759602672615057,6.724039732738494
T_factor_0.960,0.96,1632.0,0.15136080967773613,gen=47_member=5999_pso,50,10584600.0,0.716506,10584561.410868496,0.7172749395372416,45172.36751059882,100.64403481361417,43991.90226940192,98.01395825622748,lpr:total_combined:bdpl,1.5894058442611563,7.010594155738843
T_factor_0.960,0.96,1632.0,0.15136080967773613,gen=42_member=5333_pso,50,10737100.0,0.714956,10737093.054913322,0.7158452542999214,45512.1533406996,101.40107764307871,44447.611060534735,99.02927744287139,lpr:total_combined:bdpl,1.663082611802201,6.936917388197799
T_factor_0.960,0.96,1632.0,0.15136080967773613,gen=46_member=5794_pso,50,11924600.0,0.682557,11924617.05125353,0.6855760267582601,49682.41356246758,110.69241741717775,49427.09624546203,110.1235704348894,lpr:total_combined:bdpl,2.720200601506529,5.87979939849347
T_factor_0.960,0.96,1632.0,0.15136080967773613,gen=43_member=5487_pso,50,12067400.0,0.661074,12067409.117305875,0.6655243666600102,50562.666453056096,112.65362085740898,50537.27173193039,112.59704141874091,lpr:total_combined:bdpl,3.1480676997180828,5.451932300281917
T_factor_0.960,0.96,1632.0,0.15136080967773613,gen=30_member=3743_pso,50,10742800.0,0.714799,10742769.128613207,0.715714587081293,45646.324483692624,101.70001094966716,44378.07642666707,98.87435427861422,lpr:total_combined:bdpl,1.669393092723411,6.930606907276589
T_factor_0.960,0.96,1632.0,0.15136080967773613,gen=39_member=4904_pso,50,10630300.0,0.716073,10630263.80682499,0.7169471603460811,45186.13101289218,100.67469989672378,44125.36338214286,98.31130961541429,lpr:total_combined:bdpl,1.6098668385252628,6.990133161474737
T_factor_0.960,0.96,1632.0,0.15136080967773613,gen=47_member=5956_pso,50,12183100.0,0.627514,12183071.266239155,0.6336702748922788,50949.92024342074,113.51642230234141,50854.86246850255,113.30463357982367,lpr:total_combined:bdpl,3.667061959892185,4.932938040107814
T_factor_0.960,0.96,1632.0,0.15136080967773613,gen=45_member=5633_pso,50,10052500.0,0.7184,10052464.229952421,0.7188481235754709,43191.05822560805,96.22967772665474,42774.25277119569,95.30103517422398,lpr:total_combined:bdpl,1.4544241071266009,7.145575892873399
T_factor_0.960,0.96,1632.0,0.15136080967773613,gen=42_member=5374_pso,50,12060700.0,0.662726,12060715.189592736,0.6671536432250434,50808.16226453737,113.20058552538926,50520.26567669265,112.55915192767122,lpr:total_combined:bdpl,3.120524980383613,5.479475019616387
T_factor_0.960,0.96,1632.0,0.15136080967773613,gen=48_member=6063_pso,50,11984100.0,0.674935,11984089.021979596,0.6780950074206409,50686.86090154338,112.93032608863865,50056.85481995258,111.52667253885436,lpr:total_combined:bdpl,2.885312604481594,5.714687395518405
T_factor_0.960,0.96,1632.0,0.15136080967773613,gen=37_member=4733_pso,50,11692900.0,0.69644,11692914.81233409,0.6983029970292637,49794.90136387573,110.94304023871513,48748.25392030278,108.61110973443459,lpr:total_combined:bdpl,2.3692450636523543,6.230754936347646
T_factor_0.960,0.96,1632.0,0.15136080967773613,gen=38_member=4788_pso,50,12107000.0,0.64925,12107032.78287132,0.6537860523563258,50838.0282661453,113.26712697697172,50549.15545890157,112.6235183624327,lpr:total_combined:bdpl,3.3465024549123825,5.253497545087617
T_factor_0.960,0.96,1632.0,0.15136080967773613,gen=42_member=5267_pso,50,11624000.0,0.698994,11624016.320151795,0.7007727145233243,49374.311990781556,110.0059671154613,48229.59089885325,107.45552852264503,lpr:total_combined:bdpl,2.2909710957581875,6.309028904241812
T_factor_0.960,0.96,1632.0,0.15136080967773613,gen=46_member=5801_pso,50,12128900.0,0.644216,12128869.131304957,0.6488588139711302,50817.75993013832,113.22196912434818,50772.09331393344,113.1202239034437,lpr:total_combined:bdpl,3.42979681196017,5.17020318803983
T_factor_0.960,0.96,1632.0,0.15136080967773613,gen=47_member=5934_pso,50,12214400.0,0.617987,12214365.004216783,0.6243233194359827,51089.75653112735,113.82797755135174,51089.75653112735,113.82797755135174,lpr:total_combined:bdpl,3.7894827743909896,4.81051722560901
T_factor_0.960,0.96,1632.0,0.15136080967773613,gen=40_member=5041_pso,50,10773400.0,0.714662,10773385.543513425,0.7155913236592607,45911.66320015842,102.29118560995296,44777.123591647796,99.76343136219128,lpr:total_combined:bdpl,1.675346012523669,6.924653987476331
T_factor_0.960,0.96,1632.0,0.15136080967773613,gen=44_member=5596_pso,50,11129300.0,0.710806,11129305.094874427,0.7118149951034589,46326.48433354849,103.21540709514603,46042.22206637733,102.5820707638887,lpr:total_combined:bdpl,1.8577211296628817,6.742278870337118
T_factor_0.960,0.96,1632.0,0.15136080967773613,gen=46_member=5800_pso,50,10266700.0,0.717862,10266732.962909713,0.7183285003967926,43830.81669688098,97.65505960065083,43267.22125075295,96.39936894667757,lpr:total_combined:bdpl,1.4990086170179644,7.100991382982035
T_factor_0.960,0.96,1632.0,0.15136080967773613,90,50,12416100.0,0.556633,12416131.199367564,0.5655085760632066,52367.2352406157,116.67420011609178,52367.2352406157,116.67420011609178,lpr:total_combined:bdpl,4.479320486844432,4.120679513155568
T_factor_0.960,0.96,1632.0,0.15136080967773613,8,50,12404500.0,0.556712,12404528.288386147,0.5656467455143522,52432.08592469255,116.81868744021499,52432.08592469255,116.81868744021499,lpr:total_combined:bdpl,4.477827583717618,4.122172416282382
T_factor_0.960,0.96,1632.0,0.15136080967773613,gen=47_member=5927_pso,50,12191700.0,0.623739,12191693.59369932,0.6299371776584852,50892.77888623762,113.3891113585374,50864.275180965094,113.32560510319023,lpr:total_combined:bdpl,3.7159558276442133,4.884044172355786
T_factor_0.960,0.96,1632.0,0.15136080967773613,gen=23_member=2880_pso,50,12086100.0,0.651425,12086117.93737263,0.6559237021564596,50685.30030794859,112.92684908610946,50513.65277696667,112.54441838708175,lpr:total_combined:bdpl,3.3103657487545366,5.289634251245463
T_factor_0.960,0.96,1632.0,0.15136080967773613,gen=45_member=5694_pso,50,11937100.0,0.681248,11937082.887701936,0.6842898893591333,49824.64404995597,111.0093069433019,49490.96174587519,110.26586276980991,lpr:total_combined:bdpl,2.7485866692985357,5.8514133307014635
T_factor_0.960,0.96,1632.0,0.15136080967773613,gen=33_member=4157_pso,50,12187200.0,0.625142,12187167.117334038,0.6313262145255513,51187.975454635576,114.04680931292806,50849.17018404211,113.29195117004582,lpr:total_combined:bdpl,3.697763056165823,4.902236943834177
T_factor_0.960,0.96,1632.0,0.15136080967773613,gen=39_member=4884_pso,50,11680400.0,0.697022,11680425.995853443,0.6988990292044448,49254.57549238486,109.73919419703346,48559.45242309004,108.19045999864461,lpr:total_combined:bdpl,2.3503547235805797,6.24964527641942
T_factor_0.960,0.96,1632.0,0.15136080967773613,gen=43_member=5440_pso,50,12121100.0,0.647192,12121098.886050921,0.6517563216155161,50835.08313646425,113.26056522804235,50621.75583412206,112.78527199842394,lpr:total_combined:bdpl,3.3808148026859035,5.219185197314096
T_factor_0.960,0.96,1632.0,0.15136080967773613,gen=33_member=4206_pso,50,11551100.0,0.701567,11551056.819824193,0.7033194989688699,48667.510880842834,108.43121424251783,47816.250315878584,106.53460570377749,lpr:total_combined:bdpl,2.210254607170572,6.389745392829427
T_factor_0.960,0.96,1632.0,0.15136080967773613,gen=48_member=6130_pso,50,11497500.0,0.703325,11497486.999720298,0.7050090007986989,48519.73772520262,108.10197565175143,47653.76048447941,106.17257835942013,lpr:total_combined:bdpl,2.1567083970055663,6.443291602994433
T_factor_0.960,0.96,1632.0,0.15136080967773613,gen=40_member=5021_pso,50,12103200.0,0.650633,12103213.1286555,0.6551638606853936,51356.81714081211,114.42298858972939,50538.80335523818,112.60045387547066,lpr:total_combined:bdpl,3.323210775084264,5.276789224915736
T_factor_0.960,0.96,1632.0,0.15136080967773613,gen=45_member=5738_pso,50,10894900.0,0.713643,10894885.825538045,0.7145711352339016,45530.41708116328,101.44176925683179,44923.50650222009,100.08957248694635,lpr:total_combined:bdpl,1.7246152910913646,6.875384708908635
T_factor_0.960,0.96,1632.0,0.15136080967773613,gen=27_member=3377_pso,50,12186900.0,0.625766,12186931.25762333,0.6319468187811358,50945.06918245952,113.5056141385198,50866.95776489414,113.33158190018415,lpr:total_combined:bdpl,3.689634753981724,4.910365246018276
T_factor_0.960,0.96,1632.0,0.15136080967773613,gen=46_member=5826_pso,50,12186100.0,0.627088,12186064.810103523,0.633249966683314,50982.68793573881,113.58942872082606,50864.647947326586,113.32643562664363,lpr:total_combined:bdpl,3.6725669046330247,4.927433095366975
T_factor_0.960,0.96,1632.0,0.15136080967773613,gen=41_member=5141_pso,50,11030000.0,0.711812,11029968.090569744,0.7128037714275711,46670.83927397202,103.98262990240966,45764.1445725456,101.96251410763159,lpr:total_combined:bdpl,1.8099688763115658,6.790031123688434
T_factor_0.960,0.96,1632.0,0.15136080967773613,gen=29_member=3677_pso,50,11489400.0,0.703344,11489410.323236927,0.705062594689871,48245.40350903176,107.49075901812276,47672.920123003445,106.21526603405167,lpr:total_combined:bdpl,2.1550098195257457,6.444990180474254
T_factor_0.960,0.96,1632.0,0.15136080967773613,gen=35_member=4441_pso,50,12097700.0,0.650754,12097747.115144044,0.6552641697006718,50601.79755350265,112.7408049492039,50516.3430693612,112.55041235853676,lpr:total_combined:bdpl,3.3215150635557134,5.278484936444286
T_factor_0.960,0.96,1632.0,0.15136080967773613,gen=31_member=3912_pso,50,11666300.0,0.697443,11666347.56033951,0.6993145964573279,49118.4329153273,109.43586853534921,48526.83479974014,108.11778793382103,lpr:total_combined:bdpl,2.3371839468062063,6.262816053193793
T_factor_0.960,0.96,1632.0,0.15136080967773613,gen=44_member=5517_pso,50,12132500.0,0.643292,12132464.82691212,0.6479417286440571,51456.49456959809,114.64506990106455,50794.287641190014,113.16967286457135,lpr:total_combined:bdpl,3.445300026277145,5.154699973722854
T_factor_0.960,0.96,1632.0,0.15136080967773613,gen=49_member=6177_pso,50,12138900.0,0.642618,12138871.541597325,0.6472801922937631,50825.8835101407,113.24006846059348,50801.76609991204,113.18633487060403,lpr:total_combined:bdpl,3.456483216667736,5.143516783332263
T_factor_0.960,0.96,1632.0,0.15136080967773613,gen=44_member=5611_pso,50,11923800.0,0.68319,11923767.054962939,0.6862010470836951,49891.114152183596,111.15740233106504,49430.9234601053,110.13209746911461,lpr:total_combined:bdpl,2.7064059094765582,5.893594090523441
T_factor_0.960,0.96,1632.0,0.15136080967773613,gen=35_member=4426_pso,50,12009300.0,0.66959,12009325.101516692,0.6728392099542766,50272.83216736466,112.00787006888845,50272.83216736466,112.00787006888845,lpr:total_combined:bdpl,3.001312203966502,5.598687796033498
T_factor_0.960,0.96,1632.0,0.15136080967773613,gen=25_member=3126_pso,50,11880600.0,0.687242,11880589.469000075,0.690237174212307,49706.3042309079,110.7456458264628,49291.21269141708,109.82082187647725,lpr:total_combined:bdpl,2.617325397264009,5.98267460273599
T_factor_0.960,0.96,1632.0,0.15136080967773613,gen=36_member=4525_pso,50,11173400.0,0.709924,11173377.904344108,0.7109366969147769,46765.35983396837,104.19322171008152,46266.519971233356,103.08180649590791,lpr:total_combined:bdpl,1.9001379195891568,6.699862080410843
T_factor_0.960,0.96,1632.0,0.15136080967773613,gen=47_member=5916_pso,50,11938700.0,0.681121,11938697.818192918,0.6841646846848407,49794.69939162476,110.94259024453996,49495.352919661775,110.27564630500643,lpr:total_combined:bdpl,2.7513500353080746,5.8486499646919246
T_factor_0.960,0.96,1632.0,0.15136080967773613,gen=37_member=4683_pso,50,11669800.0,0.697204,11669824.724862162,0.6990361782970621,48673.953149886016,108.44556761794604,48585.14827481801,108.24771035629453,lpr:total_combined:bdpl,2.346007990118937,6.253992009881063
T_factor_0.960,0.96,1632.0,0.15136080967773613,gen=30_member=3767_pso,50,12001400.0,0.670255,12001377.210174264,0.6734945041926368,50548.11932642426,112.62120985927325,50242.449031244745,111.94017644161329,lpr:total_combined:bdpl,2.986849342777307,5.613150657222693
T_factor_0.960,0.96,1632.0,0.15136080967773613,gen=41_member=5185_pso,50,11449100.0,0.705422,11449096.778256543,0.7069972970250636,48486.720972743366,108.02841432727222,47453.85902728026,105.72719791278043,lpr:total_combined:bdpl,2.0903884514823243,6.509611548517675
T_factor_0.960,0.96,1632.0,0.15136080967773613,gen=40_member=5102_pso,50,12208700.0,0.61827,12208710.648241015,0.6245961206872952,51061.80412640587,113.76569959363228,51061.80412640587,113.76569959363228,lpr:total_combined:bdpl,3.7859097872789707,4.8140902127210285
T_factor_0.960,0.96,1632.0,0.15136080967773613,gen=40_member=5107_pso,50,12124500.0,0.647188,12124489.979887124,0.6517526518957301,50849.12766349434,113.2918564342654,50630.82800675064,112.80548479904043,lpr:total_combined:bdpl,3.380876838846166,5.219123161153833
T_factor_0.960,0.96,1632.0,0.15136080967773613,gen=36_member=4597_pso,50,12067700.0,0.660395,12067736.32117229,0.6648482964299316,51057.747764340544,113.75666201895073,50541.95907510031,112.60748481932349,lpr:total_combined:bdpl,3.1594965835534485,5.4405034164465516
T_factor_0.960,0.96,1632.0,0.15136080967773613,gen=43_member=5401_pso,50,12002800.0,0.670056,12002793.896778665,0.67329249185795,50410.158340373324,112.31383278235177,50198.64970178832,111.84259153558438,lpr:total_combined:bdpl,2.991307914490664,5.608692085509336
T_factor_0.960,0.96,1632.0,0.15136080967773613,gen=34_member=4241_pso,50,12130700.0,0.643917,12130735.362367615,0.6485586435882256,51374.07002860749,114.4614280237375,50782.20974221339,113.14276330565143,lpr:total_combined:bdpl,3.4348711552523365,5.165128844747663
T_factor_0.960,0.96,1632.0,0.15136080967773613,gen=41_member=5136_pso,50,10406500.0,0.717487,10406546.441500314,0.7179650196014763,43931.72374076148,97.87988049441658,43609.560802630964,97.16210146826178,lpr:total_combined:bdpl,1.530195857655165,7.069804142344834
T_factor_0.960,0.96,1632.0,0.15136080967773613,gen=30_member=3730_pso,50,12140000.0,0.641959,12140045.72221974,0.6466215940564415,51075.04584032901,113.79520213225304,50815.44517450234,113.21681184879121,lpr:total_combined:bdpl,3.4676167386209946,5.132383261379005
T_factor_0.960,0.96,1632.0,0.15136080967773613,gen=26_member=3274_pso,50,12038900.0,0.665819,12038850.4455638,0.6697470788763935,50639.3413163918,112.82445245292094,50304.87921352462,112.07927088773285,lpr:total_combined:bdpl,3.0695579780635383,5.530442021936461
T_factor_0.960,0.96,1632.0,0.15136080967773613,gen=27_member=3397_pso,50,12071700.0,0.660095,12071654.496071892,0.6645530357604726,50981.96316968758,113.58781394206393,50552.867655833994,112.63178913719814,lpr:total_combined:bdpl,3.1644879287455088,5.435512071254491
T_factor_0.960,0.96,1632.0,0.15136080967773613,gen=35_member=4358_pso,50,12204700.0,0.618623,12204661.884933073,0.6249236946235764,51106.48412393821,113.86524662813433,51009.814886034575,113.64986756608504,lpr:total_combined:bdpl,3.781619420402223,4.818380579597777
T_factor_0.960,0.96,1632.0,0.15136080967773613,gen=39_member=4886_pso,50,12044000.0,0.665732,12044004.390030988,0.6696846836067866,50491.711318747475,112.49553281816937,50342.93282698114,112.16405433851398,lpr:total_combined:bdpl,3.070935090924235,5.529064909075765
T_factor_0.960,0.96,1632.0,0.15136080967773613,gen=44_member=5592_pso,50,12203600.0,0.618851,12203605.6103388,0.6251694079335612,51092.96853954465,113.83513390610548,51061.40909363768,113.76481946062475,lpr:total_combined:bdpl,3.778401214893254,4.821598785106746
T_factor_0.960,0.96,1632.0,0.15136080967773613,gen=38_member=4844_pso,50,12142000.0,0.641745,12141958.442525955,0.6464106430821714,50941.33531657965,113.49729508533946,50823.455622000954,113.23465912581813,lpr:total_combined:bdpl,3.4711828388168415,5.128817161183158
T_factor_0.960,0.96,1632.0,0.15136080967773613,gen=42_member=5368_pso,50,12047200.0,0.665633,12047226.813034713,0.6696060294046486,50988.90270934845,113.60327523642833,50307.04728986295,112.08410136181466,lpr:total_combined:bdpl,3.072671051262168,5.527328948737832
T_factor_0.960,0.96,1632.0,0.15136080967773613,gen=41_member=5212_pso,50,12074000.0,0.659863,12074040.299001968,0.6643237704591802,50894.43854761299,113.39280908408173,50560.45217337479,112.64868744227903,lpr:total_combined:bdpl,3.1683636303803024,5.431636369619698
T_factor_0.960,0.96,1632.0,0.15136080967773613,gen=46_member=5787_pso,50,12049200.0,0.665563,12049204.249162452,0.6695566320817898,50381.152569186444,112.2492079241474,50349.292689661954,112.17822411256682,lpr:total_combined:bdpl,3.073761289176379,5.526238710823621
T_factor_0.960,0.96,1632.0,0.15136080967773613,gen=47_member=5970_pso,50,12075000.0,0.659832,12074981.120001724,0.664291920185081,50713.11596487974,112.98882236975206,50559.08338774511,112.64563778789609,lpr:total_combined:bdpl,3.1689020553347076,5.431097944665292
T_factor_0.960,0.96,1632.0,0.15136080967773613,gen=50_member=6375_pso,50,12295700.0,0.582721,12295746.208614845,0.5909353370537028,51477.2567191637,114.69132797029671,51477.2567191637,114.69132797029671,lpr:total_combined:bdpl,4.204587608681297,4.395412391318702
T_factor_0.960,0.96,1632.0,0.15136080967773613,gen=50_member=6314_pso,50,12219200.0,0.616249,12219242.960929338,0.6226032904170793,51108.100000000006,113.86884680000001,51108.100000000006,113.86884680000001,lpr:total_combined:bdpl,3.8120106824825917,4.7879893175174075
T_factor_0.960,0.96,1632.0,0.15136080967773613,gen=50_member=6331_pso,50,12250500.0,0.600795,12250481.385280203,0.6073315204717742,51229.27664652902,114.13882836846665,51189.651842018546,114.05054430401732,lpr:total_combined:bdpl,4.012031162336626,4.587968837663373
T_factor_0.960,0.96,1632.0,0.15136080967773613,gen=50_member=6311_pso,50,12149400.0,0.639509,12149374.420328459,0.6442143155744285,50943.69444447454,113.50255122228927,50840.12644413603,113.27180171753508,lpr:total_combined:bdpl,3.5083114843829835,5.091688515617016
T_factor_0.960,0.96,1632.0,0.15136080967773613,gen=50_member=6307_pso,50,9981370.0,0.718653,9981373.38209072,0.7190886448279824,43752.64310475318,97.48088883739008,42375.601402361644,94.41283992446174,lpr:total_combined:bdpl,1.4337869943077333,7.166213005692266
T_factor_0.960,0.96,1632.0,0.15136080967773613,gen=50_member=6332_pso,50,11222500.0,0.709503,11222480.829753874,0.7105554547662858,47077.84871533011,104.88944693775548,46464.529875399385,103.52297256238982,lpr:total_combined:bdpl,1.918549739551869,6.6814502604481305
T_factor_0.960,0.96,1632.0,0.15136080967773613,gen=50_member=6369_pso,50,10816200.0,0.714409,10816152.42359839,0.7153385941534717,45326.84803553662,100.98821742317558,44806.315606127355,99.82847117045175,lpr:total_combined:bdpl,1.6875514052859035,6.912448594714096
T_factor_0.960,0.96,1632.0,0.15136080967773613,gen=50_member=6392_pso,50,10988800.0,0.712623,10988818.450383374,0.713612078990062,46401.29951110389,103.38209531073947,45639.441190947065,101.68467497343006,lpr:total_combined:bdpl,1.7709322341827203,6.829067765817279
T_factor_0.960,0.96,1632.0,0.15136080967773613,gen=50_member=6378_pso,50,11022800.0,0.712066,11022782.803294366,0.7130659825533391,46236.0318934091,103.01387905851547,45780.544156578704,101.99905238085735,lpr:total_combined:bdpl,1.7973055754174565,6.802694424582543
T_factor_0.960,0.96,1632.0,0.15136080967773613,gen=50_member=6337_pso,50,12024000.0,0.668505,12024025.732677821,0.6717983498386347,50701.722188745116,112.96343703652411,50210.12362714249,111.86815544127347,lpr:total_combined:bdpl,3.024284808467905,5.575715191532095
T_factor_0.960,0.96,1632.0,0.15136080967773613,gen=50_member=6333_pso,50,11046600.0,0.711612,11046597.887337454,0.7126114432873469,46399.3412240379,103.37773224715643,45873.557837677174,102.20628686234474,lpr:total_combined:bdpl,1.8192572278371926,6.780742772162807
T_factor_0.960,0.96,1632.0,0.15136080967773613,gen=50_member=6385_pso,50,10736300.0,0.715054,10736330.109125491,0.7159209922608281,44989.937994704,100.2375818522005,44397.263235323626,98.91710248830104,lpr:total_combined:bdpl,1.6594249005389599,6.940575099461039
baseline_T,1.0,1700.0,0.16396720767670225,gen=47_member=5907_pso,50,9738960.0,0.719193,9738959.963789836,0.7191930975356632,42427.949226186,94.52947087594241,41736.54912774984,92.98903145662663,lpr:total_combined:bdpl,1.4248247829017298,7.175175217098269
baseline_T,1.0,1700.0,0.16396720767670225,56,50,12446400.0,0.533346,12446397.913772527,0.5333455781375429,52637.1528415432,117.27557653095823,52637.1528415432,117.27557653095823,lpr:total_combined:bdpl,4.797320436941502,3.802679563058498
baseline_T,1.0,1700.0,0.16396720767670225,64,50,12377800.0,0.56755,12377834.289729021,0.5675498055267164,52241.56295681393,116.39420226778142,52241.56295681393,116.39420226778142,lpr:total_combined:bdpl,4.457265265351177,4.142734734648823
baseline_T,1.0,1700.0,0.16396720767670225,gen=40_member=5105_pso,50,12283000.0,0.583854,12283049.42442162,0.5838542264921289,51868.902507044404,115.56391478569493,51444.95457882824,114.61935880162932,lpr:total_combined:bdpl,4.281098096426855,4.318901903573145
baseline_T,1.0,1700.0,0.16396720767670225,30,50,12433400.0,0.544694,12433371.76921002,0.544693593079314,52187.23403515008,116.27315743031438,52187.23403515008,116.27315743031438,lpr:total_combined:bdpl,4.690661650408188,3.9093383495918115
baseline_T,1.0,1700.0,0.16396720767670225,gen=36_member=4531_pso,50,12223600.0,0.605591,12223597.44766552,0.6055911484087455,51053.0244471527,113.7461384682562,51053.0244471527,113.7461384682562,lpr:total_combined:bdpl,4.034825511414584,4.5651744885854155
baseline_T,1.0,1700.0,0.16396720767670225,105,50,12417100.0,0.55506,12417148.746273495,0.5550602110952924,52327.1463926199,116.58488216275714,52327.1463926199,116.58488216275714,lpr:total_combined:bdpl,4.592213724831247,4.007786275168753
baseline_T,1.0,1700.0,0.16396720767670225,gen=49_member=6222_pso,50,12218800.0,0.616332,12218818.301128551,0.6163316666652364,51106.17822286103,113.86456508053438,51106.17822286103,113.86456508053438,lpr:total_combined:bdpl,3.894152647480776,4.705847352519223
baseline_T,1.0,1700.0,0.16396720767670225,18,50,12390900.0,0.557388,12390900.705456987,0.5573881924842319,52187.6001459564,116.27397312519085,52187.6001459564,116.27397312519085,lpr:total_combined:bdpl,4.567060185710294,4.032939814289706
baseline_T,1.0,1700.0,0.16396720767670225,35,50,12440100.0,0.533609,12440134.96511929,0.5336094185261279,52700.025782036595,117.41565744237754,52700.025782036595,117.41565744237754,lpr:total_combined:bdpl,4.794840629166368,3.805159370833632
baseline_T,1.0,1700.0,0.16396720767670225,gen=44_member=5567_pso,50,9875600.0,0.719021,9875603.379483644,0.7190214820314021,42989.08731889699,95.7796865465025,42069.119675814705,93.72999863771516,lpr:total_combined:bdpl,1.4395496709767714,7.160450329023228
baseline_T,1.0,1700.0,0.16396720767670225,gen=49_member=6144_pso,50,9757770.0,0.719034,9757774.55799681,0.7190340022773174,42132.10114850491,93.87032135886894,41805.01359125954,93.14157028132627,lpr:total_combined:bdpl,1.4384754136095979,7.161524586390402
baseline_T,1.0,1700.0,0.16396720767670225,gen=46_member=5849_pso,50,10309300.0,0.717719,10309323.448797248,0.717718806569991,45220.50929470598,100.75129470860493,43336.516794327195,96.55375941776099,lpr:total_combined:bdpl,1.551321334323784,7.048678665676215
baseline_T,1.0,1700.0,0.16396720767670225,gen=31_member=3852_pso,50,12085500.0,0.652391,12085489.190941257,0.6523909731597901,50809.626277516305,113.20384734630632,50462.82627345364,112.4311769372547,lpr:total_combined:bdpl,3.3700860966244046,5.229913903375595
baseline_T,1.0,1700.0,0.16396720767670225,gen=37_member=4697_pso,50,9951180.0,0.718657,9951183.919557761,0.7186566543671551,42929.95184756078,95.6479327163654,42506.86767415341,94.70530117801378,lpr:total_combined:bdpl,1.470852475148528,7.129147524851472
baseline_T,1.0,1700.0,0.16396720767670225,gen=42_member=5264_pso,50,12276000.0,0.587416,12275991.063515613,0.5874156420405886,51721.642237508655,115.23581890516928,51425.41398676402,114.57582236251024,lpr:total_combined:bdpl,4.2426174600481605,4.357382539951839
baseline_T,1.0,1700.0,0.16396720767670225,gen=43_member=5399_pso,50,12075700.0,0.659796,12075652.37136835,0.6597958752617604,50662.073440237364,112.87509962484884,50563.483653430434,112.655441579843,lpr:total_combined:bdpl,3.2449071401041327,5.355092859895867
baseline_T,1.0,1700.0,0.16396720767670225,gen=35_member=4383_pso,50,10482600.0,0.717261,10482596.881225228,0.7172614569254945,44395.66150852786,98.91353384100007,43697.952601065685,97.35903839517434,lpr:total_combined:bdpl,1.5905626741745822,7.0094373258254175
baseline_T,1.0,1700.0,0.16396720767670225,gen=47_member=5964_pso,50,10840100.0,0.714224,10840089.258866806,0.7142239541017272,45340.13174397748,101.01781352558181,44763.52736283021,99.7331389643857,lpr:total_combined:bdpl,1.7413821583575984,6.858617841642401
baseline_T,1.0,1700.0,0.16396720767670225,gen=45_member=5721_pso,50,10935500.0,0.713017,10935459.38484597,0.713016784356532,46077.815037649634,102.66137190388338,45406.79805241785,101.16634606078696,lpr:total_combined:bdpl,1.7996815675413265,6.800318432458673
baseline_T,1.0,1700.0,0.16396720767670225,gen=47_member=5893_pso,50,10050300.0,0.718629,10050330.220899835,0.7186285989329644,44663.8123416983,99.51097389730381,42679.893231787595,95.09080212042277,lpr:total_combined:bdpl,1.4732596768179467,7.126740323182053
baseline_T,1.0,1700.0,0.16396720767670225,gen=35_member=4446_pso,50,11409800.0,0.706375,11409792.203285765,0.7063753109505794,48804.747890203915,108.73697829937431,47323.49343085893,105.4367433639537,lpr:total_combined:bdpl,2.113405259209862,6.486594740790137
baseline_T,1.0,1700.0,0.16396720767670225,gen=45_member=5683_pso,50,10240800.0,0.71792,10240771.73598947,0.7179197508819495,44683.47269518394,99.55477716486982,43384.26011810516,96.66013154313829,lpr:total_combined:bdpl,1.5340799870711133,7.065920012928887
baseline_T,1.0,1700.0,0.16396720767670225,gen=49_member=6242_pso,50,11866200.0,0.690335,11866171.531540677,0.6903352268135348,49793.36739732516,110.93962256124044,49240.59882468567,109.70805418139967,lpr:total_combined:bdpl,2.615161298943316,5.984838701056684
baseline_T,1.0,1700.0,0.16396720767670225,gen=45_member=5670_pso,50,10406200.0,0.717494,10406231.87516301,0.7174939918682569,44191.60289947777,98.45889126003648,43609.30208475285,97.16152504482936,lpr:total_combined:bdpl,1.5706107996603436,7.029389200339656
baseline_T,1.0,1700.0,0.16396720767670225,gen=38_member=4778_pso,50,10164400.0,0.71794,10164356.433517821,0.7179404783371365,43216.77328051297,96.28697086898289,42970.82431105304,95.73899656502617,lpr:total_combined:bdpl,1.532301537862676,7.067698462137324
baseline_T,1.0,1700.0,0.16396720767670225,gen=43_member=5423_pso,50,12257800.0,0.594933,12257750.350139363,0.5949331697342024,51233.33114761955,114.14786179689636,51233.33114761955,114.14786179689636,lpr:total_combined:bdpl,4.161391541390667,4.438608458609333
baseline_T,1.0,1700.0,0.16396720767670225,gen=38_member=4827_pso,50,12171600.0,0.631596,12171637.808199104,0.6315964370568931,50979.48086559517,113.58228336854604,50813.54471465353,113.21257762424806,lpr:total_combined:bdpl,3.6942238435807764,4.905776156419224
baseline_T,1.0,1700.0,0.16396720767670225,gen=46_member=5827_pso,50,12142700.0,0.641492,12142688.246643651,0.6414918727156044,51220.46766399847,114.11920195538859,50818.373966461804,113.22333719727689,lpr:total_combined:bdpl,3.55433404505438,5.045665954945619
baseline_T,1.0,1700.0,0.16396720767670225,gen=49_member=6197_pso,50,10994700.0,0.712329,10994705.05589987,0.7123287022863757,46401.49017389091,103.38252010742895,45612.509888916305,101.62467203250553,lpr:total_combined:bdpl,1.8329120045363683,6.767087995463632
baseline_T,1.0,1700.0,0.16396720767670225,gen=34_member=4254_pso,50,11826100.0,0.692032,11826081.210188618,0.6920321690599462,49289.58618785271,109.81719802653583,49090.82356794755,109.37435490938714,lpr:total_combined:bdpl,2.567989490219597,6.032010509780402
baseline_T,1.0,1700.0,0.16396720767670225,gen=46_member=5867_pso,50,11245900.0,0.709312,11245910.539729662,0.7093119966348724,47224.11676777734,105.21533215860791,46469.35011106735,103.53371204745807,lpr:total_combined:bdpl,1.9786016706863572,6.621398329313642
baseline_T,1.0,1700.0,0.16396720767670225,gen=31_member=3915_pso,50,12151300.0,0.634089,12151250.97606472,0.6340885133582651,50778.043066439204,113.13347995202655,50719.60111312249,113.0032712800369,lpr:total_combined:bdpl,3.661584123403055,4.938415876596945
baseline_T,1.0,1700.0,0.16396720767670225,gen=47_member=5976_pso,50,11362000.0,0.706998,11362024.609674983,0.7069984344666127,48125.197185073404,107.22293932834354,46930.904979662475,104.56205629468799,lpr:total_combined:bdpl,2.0903335195470634,6.509666480452936
baseline_T,1.0,1700.0,0.16396720767670225,gen=39_member=4925_pso,50,11896400.0,0.684874,11896391.93605654,0.6848736613500962,50146.24464222477,111.72583306287677,49634.299194174644,110.5852186046211,lpr:total_combined:bdpl,2.7357023605755346,5.864297639424465
baseline_T,1.0,1700.0,0.16396720767670225,gen=36_member=4494_pso,50,10420500.0,0.717361,10420504.849209998,0.7173613368349876,44203.144887668415,98.48460680972522,43469.94284558344,96.85103265995991,lpr:total_combined:bdpl,1.5819928162554864,7.018007183744514
baseline_T,1.0,1700.0,0.16396720767670225,gen=44_member=5537_pso,50,10636200.0,0.715586,10636170.166640699,0.7155863642699917,45169.2898288748,100.63717773873304,44280.52405169593,98.65700758717853,lpr:total_combined:bdpl,1.675585522721344,6.924414477278655
baseline_T,1.0,1700.0,0.16396720767670225,gen=46_member=5774_pso,50,12198800.0,0.623458,12198824.129546277,0.6234579458355287,51031.70882205056,113.69864725552864,51031.70882205056,113.69864725552864,lpr:total_combined:bdpl,3.8008169185953444,4.799183081404655
baseline_T,1.0,1700.0,0.16396720767670225,gen=37_member=4723_pso,50,11316900.0,0.708149,11316939.89607805,0.7081493738333254,47958.33587102356,106.8511723206405,46911.033225908424,104.51778202732396,lpr:total_combined:bdpl,2.034749716728347,6.565250283271652
baseline_T,1.0,1700.0,0.16396720767670225,gen=45_member=5711_pso,50,10701000.0,0.715537,10701015.255649135,0.7155369992812936,44962.49060320653,100.17642906394414,44382.095728658474,98.88330928345108,lpr:total_combined:bdpl,1.677969569941643,6.922030430058356
baseline_T,1.0,1700.0,0.16396720767670225,gen=29_member=3643_pso,50,11063400.0,0.711087,11063367.898928545,0.7110874703211161,46773.04844914237,104.2103519446892,45939.598395335444,102.35342522480737,lpr:total_combined:bdpl,1.8928564245507165,6.707143575449283
baseline_T,1.0,1700.0,0.16396720767670225,gen=28_member=3493_pso,50,12010000.0,0.668784,12010002.111146484,0.6687843192866332,50587.18777954187,112.70825437281928,50262.96022798913,111.98587538795978,lpr:total_combined:bdpl,3.090806842299113,5.509193157700887
baseline_T,1.0,1700.0,0.16396720767670225,gen=39_member=4935_pso,50,11281500.0,0.708428,11281519.05267382,0.7084276249558883,47746.93364863757,106.3801681691645,46654.0946465578,103.94532287253078,lpr:total_combined:bdpl,2.0213117755318537,6.578688224468146
baseline_T,1.0,1700.0,0.16396720767670225,gen=44_member=5540_pso,50,12269800.0,0.591573,12269791.265440106,0.5915726667187243,51409.0442246771,114.53935053258057,51274.750450654414,114.24014400405802,lpr:total_combined:bdpl,4.19770134372307,4.40229865627693
baseline_T,1.0,1700.0,0.16396720767670225,gen=42_member=5321_pso,50,11999300.0,0.671198,11999286.1007488,0.6711976397056825,50602.65384263916,112.74271276140006,50173.2583189863,111.78601953470147,lpr:total_combined:bdpl,3.0375429553571123,5.562457044642887
baseline_T,1.0,1700.0,0.16396720767670225,gen=39_member=4882_pso,50,10775300.0,0.714436,10775264.386121174,0.7144355292279647,45802.7874267953,102.04861038689992,44827.07266782531,99.8747179039148,lpr:total_combined:bdpl,1.7311642872531274,6.868835712746872
baseline_T,1.0,1700.0,0.16396720767670225,gen=39_member=4970_pso,50,12038300.0,0.666387,12038325.731098836,0.6663874761853259,50516.56288398654,112.550902105522,50255.35737047452,111.96893622141724,lpr:total_combined:bdpl,3.133476939671035,5.4665230603289645
baseline_T,1.0,1700.0,0.16396720767670225,gen=32_member=3991_pso,50,12201000.0,0.619031,12200978.588406555,0.6190309686365849,51219.6970317056,114.11748498664006,51020.12093871804,113.6728294514638,lpr:total_combined:bdpl,3.8587988098107666,4.7412011901892335
baseline_T,1.0,1700.0,0.16396720767670225,gen=37_member=4713_pso,50,12177200.0,0.629244,12177156.784652073,0.6292442555721168,50997.8887656764,113.62329616992702,50833.59811395465,113.25725659789096,lpr:total_combined:bdpl,3.725031305386037,4.874968694613963
baseline_T,1.0,1700.0,0.16396720767670225,gen=41_member=5214_pso,50,11978400.0,0.676443,11978411.285790766,0.6764432812586526,50645.64701899745,112.83850155832631,50104.31768993943,111.63241981318505,lpr:total_combined:bdpl,2.9217675048988117,5.678232495101188
baseline_T,1.0,1700.0,0.16396720767670225,gen=47_member=5902_pso,50,11103200.0,0.710867,11103175.487190865,0.7108667270486267,47049.460161530864,104.82619723989076,46109.99146446721,102.73306098283294,lpr:total_combined:bdpl,1.9035170647950834,6.696482935204916
baseline_T,1.0,1700.0,0.16396720767670225,gen=45_member=5714_pso,50,11993300.0,0.674785,11993278.716311434,0.6747852346350076,50064.69897747029,111.5441493218038,49746.83479228297,110.83594791720645,lpr:total_combined:bdpl,2.9583619028947408,5.641638097105259
baseline_T,1.0,1700.0,0.16396720767670225,gen=45_member=5725_pso,50,10086100.0,0.718322,10086052.361235783,0.7183218843249791,43236.57024331604,96.33107850210814,42605.227886494205,94.92444773110908,lpr:total_combined:bdpl,1.4995762866896,7.100423713310399
baseline_T,1.0,1700.0,0.16396720767670225,gen=41_member=5219_pso,50,10877600.0,0.713721,10877623.213253161,0.7137212929865848,45831.09410723573,102.11167767092121,45102.71967809803,100.48885944280241,lpr:total_combined:bdpl,1.765657821452267,6.8343421785477325
baseline_T,1.0,1700.0,0.16396720767670225,gen=38_member=4779_pso,50,11511900.0,0.702673,11511911.853114262,0.7026728899290035,48003.579465953466,106.95197505014431,47829.015475785905,106.563046480051,lpr:total_combined:bdpl,2.2307479046219183,6.369252095378082
baseline_T,1.0,1700.0,0.16396720767670225,gen=39_member=4891_pso,50,12250700.0,0.597475,12250726.961103301,0.5974754275877532,51186.95182954514,114.04452867622658,51181.4721129275,114.03231986760247,lpr:total_combined:bdpl,4.133922772663108,4.466077227336892
baseline_T,1.0,1700.0,0.16396720767670225,gen=38_member=4772_pso,50,11343500.0,0.707434,11343536.810518842,0.7074339860216267,47559.18910881358,105.96187333443666,47088.50036268619,104.91317880806483,lpr:total_combined:bdpl,2.069298865201697,6.530701134798303
baseline_T,1.0,1700.0,0.16396720767670225,gen=42_member=5263_pso,50,12267300.0,0.591914,12267261.652988074,0.5919136163670924,51401.15443533461,114.5217720819255,51266.89061527922,114.2226322908421,lpr:total_combined:bdpl,4.194017426678351,4.405982573321649
baseline_T,1.0,1700.0,0.16396720767670225,gen=40_member=5076_pso,50,11779100.0,0.693959,11779139.5975923,0.693959147841803,49427.02345467124,110.12340825700751,48946.710201045935,109.05327032793033,lpr:total_combined:bdpl,2.506916806535524,6.093083193464476
baseline_T,1.0,1700.0,0.16396720767670225,gen=49_member=6161_pso,50,10118300.0,0.718234,10118254.813456059,0.7182339432217956,43142.178199925635,96.12077302943432,42648.48611640095,95.02082706734132,lpr:total_combined:bdpl,1.507121775700919,7.09287822429908
baseline_T,1.0,1700.0,0.16396720767670225,gen=43_member=5437_pso,50,11872500.0,0.688115,11872492.260370716,0.6881154406599326,49773.96375344011,110.89639124266456,49388.10419626745,110.03669614928387,lpr:total_combined:bdpl,2.664153731853429,5.9358462681465705
baseline_T,1.0,1700.0,0.16396720767670225,gen=44_member=5578_pso,50,10529000.0,0.716879,10529046.22432401,0.7168791997941185,45321.15226539255,100.9755272472946,43781.85514960589,97.54597327332193,lpr:total_combined:bdpl,1.613148945323405,6.9868510546765945
baseline_T,1.0,1700.0,0.16396720767670225,gen=36_member=4573_pso,50,9923880.0,0.718701,9923883.486663597,0.7187011319527531,42793.782245499315,95.34454684297248,42379.19800126966,94.42085314682879,lpr:total_combined:bdpl,1.4670362263043522,7.132963773695647
baseline_T,1.0,1700.0,0.16396720767670225,gen=44_member=5555_pso,50,11482000.0,0.70427,11481968.855985735,0.7042700609099659,48635.122267710045,108.35905241245798,47726.17379980708,106.33391522597017,lpr:total_combined:bdpl,2.1801279813367684,6.419872018663231
baseline_T,1.0,1700.0,0.16396720767670225,gen=38_member=4840_pso,50,11953800.0,0.677695,11953765.575695587,0.6776945795982344,50063.23576541098,111.54088928533567,49665.68700823383,110.65515065434496,lpr:total_combined:bdpl,2.89415036265607,5.705849637343929
baseline_T,1.0,1700.0,0.16396720767670225,gen=47_member=5966_pso,50,11540800.0,0.702015,11540755.077291641,0.7020153958630895,48509.58313027878,108.07935121426111,47949.67757377042,106.8318816343605,lpr:total_combined:bdpl,2.2515861865427147,6.3484138134572845
baseline_T,1.0,1700.0,0.16396720767670225,gen=47_member=5898_pso,50,11764400.0,0.695319,11764362.834467728,0.6953189506537198,49013.50339598111,109.20208556624591,48858.132426577125,108.85591904641383,lpr:total_combined:bdpl,2.4638199090570296,6.13618009094297
baseline_T,1.0,1700.0,0.16396720767670225,gen=38_member=4768_pso,50,10569000.0,0.71664,10568987.168558508,0.7166401343828656,44629.149277354714,99.4337445899463,43944.607240902464,97.90858493273069,lpr:total_combined:bdpl,1.6246944403027037,6.975305559697296
baseline_T,1.0,1700.0,0.16396720767670225,gen=41_member=5241_pso,50,11446400.0,0.705662,11446374.076925283,0.7056617193235153,48174.289000024866,107.3323158920554,47488.398587199335,105.80415205228012,lpr:total_combined:bdpl,2.136021468651098,6.463978531348902
baseline_T,1.0,1700.0,0.16396720767670225,gen=39_member=4901_pso,50,9895340.0,0.718742,9895339.590260155,0.7187424273966453,43036.58307268322,95.88550708593822,42282.3515580355,94.20507927130309,lpr:total_combined:bdpl,1.4634930103697525,7.136506989630247
baseline_T,1.0,1700.0,0.16396720767670225,gen=40_member=5082_pso,50,10606200.0,0.716303,10606192.66881587,0.7163030802462714,45134.53789635979,100.5597504330896,43870.23979482254,97.74289426286462,lpr:total_combined:bdpl,1.6409722314787833,6.959027768521216
baseline_T,1.0,1700.0,0.16396720767670225,gen=49_member=6158_pso,50,11921100.0,0.684136,11921105.488845602,0.684136055099977,49938.49052936899,111.2629568994341,49407.06456081771,110.07893984150185,lpr:total_combined:bdpl,2.751981912848804,5.848018087151196
baseline_T,1.0,1700.0,0.16396720767670225,gen=49_member=6216_pso,50,11945100.0,0.680279,11945134.063002478,0.6802786876565723,49765.95027878354,110.87853722112972,49575.549827551215,110.45432501578411,lpr:total_combined:bdpl,2.837117057679754,5.762882942320246
baseline_T,1.0,1700.0,0.16396720767670225,gen=47_member=6002_pso,50,10144400.0,0.718198,10144439.49189337,0.7181975860789928,43537.03644438117,97.00051719808124,42685.09218699485,95.10238539262453,lpr:total_combined:bdpl,1.5102412774079752,7.089758722592024
baseline_T,1.0,1700.0,0.16396720767670225,gen=32_member=3978_pso,50,11724500.0,0.69565,11724521.462720819,0.6956504359983704,49484.08398621317,110.25053912128294,48874.142584268266,108.89158967774969,lpr:total_combined:bdpl,2.453313981441033,6.146686018558967
baseline_T,1.0,1700.0,0.16396720767670225,gen=24_member=2976_pso,50,11884300.0,0.687169,11884331.744194893,0.6871686509051157,49948.858920262544,111.28605767434495,49302.48132715866,109.8459283969095,lpr:total_combined:bdpl,2.6850501292237676,5.914949870776232
baseline_T,1.0,1700.0,0.16396720767670225,gen=46_member=5863_pso,50,11617300.0,0.700106,11617325.353071578,0.7001060589818718,49401.63840788752,110.06685037277339,48314.00128676755,107.6435948669181,lpr:total_combined:bdpl,2.312099736816777,6.287900263183223
baseline_T,1.0,1700.0,0.16396720767670225,gen=49_member=6159_pso,50,10903700.0,0.713479,10903671.696892686,0.7134787458617392,45667.79848784485,101.74785503091832,45185.67293819359,100.67367930629531,lpr:total_combined:bdpl,1.7773714633273998,6.8226285366726
baseline_T,1.0,1700.0,0.16396720767670225,gen=49_member=6198_pso,50,11459600.0,0.705203,11459602.640373657,0.7052034682762328,48552.841526723045,108.17573092153894,47570.689864403525,105.98749701789104,lpr:total_combined:bdpl,2.150545043857054,6.4494549561429455
baseline_T,1.0,1700.0,0.16396720767670225,gen=39_member=4883_pso,50,11655800.0,0.698172,11655757.181802921,0.6981721286505488,48881.632005089115,108.90827610733855,48537.54062247831,108.14164050688167,lpr:total_combined:bdpl,2.373392739367702,6.2266072606322975
baseline_T,1.0,1700.0,0.16396720767670225,gen=36_member=4595_pso,50,12058100.0,0.663152,12058128.274327343,0.6631516057535513,50642.234983008704,112.83089954214338,50507.80174322089,112.53138228389614,lpr:total_combined:bdpl,3.188178930123629,5.411821069876371
baseline_T,1.0,1700.0,0.16396720767670225,gen=44_member=5538_pso,50,11819700.0,0.693476,11819711.981230736,0.6934764652608703,49533.11938529392,110.35978999043485,48989.99124684964,109.149700497981,lpr:total_combined:bdpl,2.5222147023207153,6.077785297679284
baseline_T,1.0,1700.0,0.16396720767670225,gen=47_member=5958_pso,50,11252200.0,0.708814,11252182.316333093,0.7088139961171142,46889.07693987987,104.46886342205235,46538.53885013175,103.68786455809354,lpr:total_combined:bdpl,2.0026522535261395,6.59734774647386
baseline_T,1.0,1700.0,0.16396720767670225,gen=46_member=5862_pso,50,12127400.0,0.646326,12127415.605267622,0.6463260316051229,50873.35612585935,113.34583744841463,50761.635386620335,113.0969236413901,lpr:total_combined:bdpl,3.472613185398164,5.127386814601836
baseline_T,1.0,1700.0,0.16396720767670225,gen=48_member=6077_pso,50,11804900.0,0.693913,11804869.991800735,0.6939129026208544,49514.66438767297,110.31867225573538,48929.08457796394,109.01400043970366,lpr:total_combined:bdpl,2.508382479005553,6.091617520994447
baseline_T,1.0,1700.0,0.16396720767670225,gen=38_member=4784_pso,50,11163300.0,0.710244,11163326.786992056,0.7102441206169997,47658.341063344036,106.1827838891305,46251.2716214466,103.04783317258301,lpr:total_combined:bdpl,1.9335854021290155,6.666414597870984
baseline_T,1.0,1700.0,0.16396720767670225,gen=38_member=4799_pso,50,11949800.0,0.678338,11949789.008105733,0.6783375110730322,50300.94685990873,112.07050960387664,49627.29767271265,110.56961921480378,lpr:total_combined:bdpl,2.8799603574189843,5.720039642581016
baseline_T,1.0,1700.0,0.16396720767670225,gen=33_member=4144_pso,50,10275000.0,0.717721,10274983.576880537,0.7177213397693751,43886.43329653439,97.77897338467862,43197.64571836743,96.24435466052263,lpr:total_combined:bdpl,1.5511039817159038,7.048896018284096
baseline_T,1.0,1700.0,0.16396720767670225,gen=40_member=5066_pso,50,11747400.0,0.695498,11747366.836248316,0.6954978957629557,49275.627853929764,109.7860988585555,48795.80376842059,108.71705079604108,lpr:total_combined:bdpl,2.4581485139404498,6.14185148605955
baseline_T,1.0,1700.0,0.16396720767670225,gen=40_member=5054_pso,50,11588500.0,0.701146,11588547.789286416,0.7011461132731867,48781.04607997798,108.68417066619094,48181.74171599037,107.34892054322654,lpr:total_combined:bdpl,2.2791367860329963,6.320863213967003
baseline_T,1.0,1700.0,0.16396720767670225,gen=45_member=5693_pso,50,10709600.0,0.715379,10709593.135838162,0.7153791400536657,45013.264122283465,100.28955246444755,44331.89936597063,98.77147178738257,lpr:total_combined:bdpl,1.6855932697084197,6.91440673029158
baseline_T,1.0,1700.0,0.16396720767670225,gen=48_member=6031_pso,50,12052400.0,0.665521,12052365.848215453,0.6655208087713973,50542.03664619567,112.60765764772395,50359.41582725156,112.20077846311648,lpr:total_combined:bdpl,3.1481278453861616,5.451872154613838
baseline_T,1.0,1700.0,0.16396720767670225,gen=31_member=3921_pso,50,12113900.0,0.648713,12113891.248633971,0.6487131488428448,50758.519707847816,113.08998190908493,50541.739414484626,112.60699541547174,lpr:total_combined:bdpl,3.432259262983702,5.167740737016297
baseline_T,1.0,1700.0,0.16396720767670225,gen=44_member=5545_pso,50,11598800.0,0.700704,11598815.43768315,0.7007039732045743,48922.10128165834,108.99844165553478,48203.08537435674,107.39647421406681,lpr:total_combined:bdpl,2.2931497480897933,6.306850251910206
baseline_T,1.0,1700.0,0.16396720767670225,gen=39_member=4943_pso,50,11638200.0,0.698899,11638206.369778983,0.6988987398250707,49553.62611216778,110.40547897790981,48263.5673686528,107.53122809735844,lpr:total_combined:bdpl,2.350363895023021,6.249636104976979
baseline_T,1.0,1700.0,0.16396720767670225,gen=34_member=4333_pso,50,11563700.0,0.701354,11563663.491177239,0.70135445111761,49190.64059163448,109.59674723816163,48020.76320158239,106.99026041312557,lpr:total_combined:bdpl,2.272533832543477,6.327466167456523
baseline_T,1.0,1700.0,0.16396720767670225,gen=46_member=5865_pso,50,10532800.0,0.716666,10532832.151348412,0.7166655059570326,44588.28472863733,99.34269837540397,43900.42570084892,97.8101484614914,lpr:total_combined:bdpl,1.6234691380700301,6.9765308619299695
baseline_T,1.0,1700.0,0.16396720767670225,gen=35_member=4371_pso,50,11707200.0,0.696196,11707227.059533695,0.6961955336508473,49103.908059944864,109.40350715755716,48760.57446755105,108.63855991370374,lpr:total_combined:bdpl,2.4360379341798524,6.163962065820147
baseline_T,1.0,1700.0,0.16396720767670225,gen=39_member=4906_pso,50,11134300.0,0.710422,11134328.034844197,0.7104217989274334,47578.77914141552,106.00551992707378,46071.3940281057,102.6470658946195,lpr:total_combined:bdpl,1.9250045537733647,6.674995446226635
baseline_T,1.0,1700.0,0.16396720767670225,gen=47_member=5999_pso,50,10584600.0,0.716506,10584561.410868496,0.7165056598297174,45172.36751059882,100.64403481361417,43991.90226940192,98.01395825622748,lpr:total_combined:bdpl,1.631188793752154,6.968811206247846
baseline_T,1.0,1700.0,0.16396720767670225,gen=42_member=5333_pso,50,10737100.0,0.714956,10737093.054913322,0.7149561496832161,45512.1533406996,101.40107764307871,44447.611060534735,99.02927744287139,lpr:total_combined:bdpl,1.7060212905279992,6.893978709472
baseline_T,1.0,1700.0,0.16396720767670225,gen=46_member=5794_pso,50,11924600.0,0.682557,11924617.05125353,0.6825572480794769,49682.41356246758,110.69241741717775,49427.09624546203,110.1235704348894,lpr:total_combined:bdpl,2.786827430244407,5.813172569755593
baseline_T,1.0,1700.0,0.16396720767670225,gen=43_member=5487_pso,50,12067400.0,0.661074,12067409.117305875,0.6610737098129726,50562.666453056096,112.65362085740898,50537.27173193039,112.59704141874091,lpr:total_combined:bdpl,3.2233055046572927,5.376694495342707
baseline_T,1.0,1700.0,0.16396720767670225,gen=30_member=3743_pso,50,10742800.0,0.714799,10742769.128613207,0.7147994499908987,45646.324483692624,101.70001094966716,44378.07642666707,98.87435427861422,lpr:total_combined:bdpl,1.713588991356934,6.886411008643066
baseline_T,1.0,1700.0,0.16396720767670225,gen=39_member=4904_pso,50,10630300.0,0.716073,10630263.80682499,0.7160731881327753,45186.13101289218,100.67469989672378,44125.36338214286,98.31130961541429,lpr:total_combined:bdpl,1.6520747085298877,6.947925291470112
baseline_T,1.0,1700.0,0.16396720767670225,gen=47_member=5956_pso,50,12183100.0,0.627514,12183071.266239155,0.6275136307375955,50949.92024342074,113.51642230234141,50854.86246850255,113.30463357982367,lpr:total_combined:bdpl,3.747697991113233,4.852302008886767
baseline_T,1.0,1700.0,0.16396720767670225,gen=45_member=5633_pso,50,10052500.0,0.7184,10052464.229952421,0.7183999358013387,43191.05822560805,96.22967772665474,42774.25277119569,95.30103517422398,lpr:total_combined:bdpl,1.4928793436690044,7.107120656330995
baseline_T,1.0,1700.0,0.16396720767670225,gen=42_member=5374_pso,50,12060700.0,0.662726,12060715.189592736,0.6627264599881645,50808.16226453737,113.20058552538926,50520.26567669265,112.55915192767122,lpr:total_combined:bdpl,3.1953659668389367,5.404634033161063
baseline_T,1.0,1700.0,0.16396720767670225,gen=48_member=6063_pso,50,11984100.0,0.674935,11984089.021979596,0.6749350871189527,50686.86090154338,112.93032608863865,50056.85481995258,111.52667253885436,lpr:total_combined:bdpl,2.955054540266959,5.644945459733041
baseline_T,1.0,1700.0,0.16396720767670225,gen=37_member=4733_pso,50,11692900.0,0.69644,11692914.81233409,0.6964396627420671,49794.90136387573,110.94304023871513,48748.25392030278,108.61110973443459,lpr:total_combined:bdpl,2.428300631150606,6.171699368849394
baseline_T,1.0,1700.0,0.16396720767670225,gen=38_member=4788_pso,50,12107000.0,0.64925,12107032.78287132,0.6492495817134613,50838.0282661453,113.26712697697172,50549.15545890157,112.6235183624327,lpr:total_combined:bdpl,3.423190931483538,5.176809068516462
baseline_T,1.0,1700.0,0.16396720767670225,gen=42_member=5267_pso,50,11624000.0,0.698994,11624016.320151795,0.6989939703239986,49374.311990781556,110.0059671154613,48229.59089885325,107.45552852264503,lpr:total_combined:bdpl,2.34734570811154,6.25265429188846
baseline_T,1.0,1700.0,0.16396720767670225,gen=46_member=5801_pso,50,12128900.0,0.644216,12128869.131304957,0.644216331104358,50817.75993013832,113.22196912434818,50772.09331393344,113.1202239034437,lpr:total_combined:bdpl,3.5082774120981726,5.0917225879018275
baseline_T,1.0,1700.0,0.16396720767670225,gen=47_member=5934_pso,50,12214400.0,0.617987,12214365.004216783,0.6179866602388745,51089.75653112735,113.82797755135174,51089.75653112735,113.82797755135174,lpr:total_combined:bdpl,3.8724765346307266,4.7275234653692735
baseline_T,1.0,1700.0,0.16396720767670225,gen=40_member=5041_pso,50,10773400.0,0.714662,10773385.543513425,0.7146617545581112,45911.66320015842,102.29118560995296,44777.123591647796,99.76343136219128,lpr:total_combined:bdpl,1.7202388949108955,6.879761105089104
baseline_T,1.0,1700.0,0.16396720767670225,gen=44_member=5596_pso,50,11129300.0,0.710806,11129305.094874427,0.7108061392991337,46326.48433354849,103.21540709514603,46042.22206637733,102.5820707638887,lpr:total_combined:bdpl,1.9064431073117016,6.693556892688298
baseline_T,1.0,1700.0,0.16396720767670225,gen=46_member=5800_pso,50,10266700.0,0.717862,10266732.962909713,0.7178621007197982,43830.81669688098,97.65505960065083,43267.22125075295,96.39936894667757,lpr:total_combined:bdpl,1.5390264643071996,7.0609735356928
baseline_T,1.0,1700.0,0.16396720767670225,90,50,12416100.0,0.556633,12416131.199367564,0.5566328473213152,52367.2352406157,116.67420011609178,52367.2352406157,116.67420011609178,lpr:total_combined:bdpl,4.5752215929257956,4.024778407074204
baseline_T,1.0,1700.0,0.16396720767670225,8,50,12404500.0,0.556712,12404528.288386147,0.5567115758856632,52432.08592469255,116.81868744021499,52432.08592469255,116.81868744021499,lpr:total_combined:bdpl,4.574370940926311,4.0256290590736885
baseline_T,1.0,1700.0,0.16396720767670225,gen=47_member=5927_pso,50,12191700.0,0.623739,12191693.59369932,0.623738553752266,50892.77888623762,113.3891113585374,50864.275180965094,113.32560510319023,lpr:total_combined:bdpl,3.797141684463503,4.802858315536497
baseline_T,1.0,1700.0,0.16396720767670225,gen=23_member=2880_pso,50,12086100.0,0.651425,12086117.93737263,0.6514247996527707,50685.30030794859,112.92684908610946,50513.65277696667,112.54441838708175,lpr:total_combined:bdpl,3.3864191405675586,5.213580859432441
baseline_T,1.0,1700.0,0.16396720767670225,gen=45_member=5694_pso,50,11937100.0,0.681248,11937082.887701936,0.6812476072239025,49824.64404995597,111.0093069433019,49490.96174587519,110.26586276980991,lpr:total_combined:bdpl,2.8157322378759657,5.784267762124034
baseline_T,1.0,1700.0,0.16396720767670225,gen=33_member=4157_pso,50,12187200.0,0.625142,12187167.117334038,0.6251423087652561,51187.975454635576,114.04680931292806,50849.17018404211,113.29195117004582,lpr:total_combined:bdpl,3.7787561435405195,4.82124385645948
baseline_T,1.0,1700.0,0.16396720767670225,gen=39_member=4884_pso,50,11680400.0,0.697022,11680425.995853443,0.6970224928409644,49254.57549238486,109.73919419703346,48559.45242309004,108.19045999864461,lpr:total_combined:bdpl,2.409828710957895,6.190171289042105
baseline_T,1.0,1700.0,0.16396720767670225,gen=43_member=5440_pso,50,12121100.0,0.647192,12121098.886050921,0.6471922669367052,50835.08313646425,113.26056522804235,50621.75583412206,112.78527199842394,lpr:total_combined:bdpl,3.4579695839817983,5.142030416018201
baseline_T,1.0,1700.0,0.16396720767670225,gen=33_member=4206_pso,50,11551100.0,0.701567,11551056.819824193,0.7015666582040447,48667.510880842834,108.43121424251783,47816.250315878584,106.53460570377749,lpr:total_combined:bdpl,2.265808249269094,6.334191750730906
baseline_T,1.0,1700.0,0.16396720767670225,gen=48_member=6130_pso,50,11497500.0,0.703325,11497486.999720298,0.7033247715123476,48519.73772520262,108.10197565175143,47653.76048447941,106.17257835942013,lpr:total_combined:bdpl,2.210087501864037,6.3899124981359625
baseline_T,1.0,1700.0,0.16396720767670225,gen=40_member=5021_pso,50,12103200.0,0.650633,12103213.1286555,0.6506332046488428,51356.81714081211,114.42298858972939,50538.80335523818,112.60045387547066,lpr:total_combined:bdpl,3.3998009564530096,5.20019904354699
baseline_T,1.0,1700.0,0.16396720767670225,gen=45_member=5738_pso,50,10894900.0,0.713643,10894885.825538045,0.7136427207472469,45530.41708116328,101.44176925683179,44923.50650222009,100.08957248694635,lpr:total_combined:bdpl,1.7694524121880564,6.830547587811943
baseline_T,1.0,1700.0,0.16396720767670225,gen=27_member=3377_pso,50,12186900.0,0.625766,12186931.25762333,0.625766171791428,50945.06918245952,113.5056141385198,50866.95776489414,113.33158190018415,lpr:total_combined:bdpl,3.7705851599344937,4.829414840065506
baseline_T,1.0,1700.0,0.16396720767670225,gen=46_member=5826_pso,50,12186100.0,0.627088,12186064.810103523,0.6270884887803406,50982.68793573881,113.58942872082606,50864.647947326586,113.32643562664363,lpr:total_combined:bdpl,3.753266245388982,4.846733754611018
baseline_T,1.0,1700.0,0.16396720767670225,gen=41_member=5141_pso,50,11030000.0,0.711812,11029968.090569744,0.7118124085109114,46670.83927397202,103.98262990240966,45764.1445725456,101.96251410763159,lpr:total_combined:bdpl,1.8578460473208291,6.74215395267917
baseline_T,1.0,1700.0,0.16396720767670225,gen=29_member=3677_pso,50,11489400.0,0.703344,11489410.323236927,0.703343864315409,48245.40350903176,107.49075901812276,47672.920123003445,106.21526603405167,lpr:total_combined:bdpl,2.209482384291916,6.390517615708084
baseline_T,1.0,1700.0,0.16396720767670225,gen=35_member=4441_pso,50,12097700.0,0.650754,12097747.115144044,0.6507538051162439,50601.79755350265,112.7408049492039,50516.3430693612,112.55041235853676,lpr:total_combined:bdpl,3.397762220429597,5.202237779570403
baseline_T,1.0,1700.0,0.16396720767670225,gen=31_member=3912_pso,50,11666300.0,0.697443,11666347.56033951,0.6974427956900187,49118.4329153273,109.43586853534921,48526.83479974014,108.11778793382103,lpr:total_combined:bdpl,2.3965078466113363,6.203492153388663
baseline_T,1.0,1700.0,0.16396720767670225,gen=44_member=5517_pso,50,12132500.0,0.643292,12132464.82691212,0.6432922308365611,51456.49456959809,114.64506990106455,50794.287641190014,113.16967286457135,lpr:total_combined:bdpl,3.523899213122679,5.076100786877321
baseline_T,1.0,1700.0,0.16396720767670225,gen=49_member=6177_pso,50,12138900.0,0.642618,12138871.541597325,0.6426184770272728,50825.8835101407,113.24006846059348,50801.76609991204,113.18633487060403,lpr:total_combined:bdpl,3.5352889381503494,5.06471106184965
baseline_T,1.0,1700.0,0.16396720767670225,gen=44_member=5611_pso,50,11923800.0,0.68319,11923767.054962939,0.6831898003872626,49891.114152183596,111.15740233106504,49430.9234601053,110.13209746911461,lpr:total_combined:bdpl,2.772866501417529,5.827133498582471
baseline_T,1.0,1700.0,0.16396720767670225,gen=35_member=4426_pso,50,12009300.0,0.66959,12009325.101516692,0.669589732775445,50272.83216736466,112.00787006888845,50272.83216736466,112.00787006888845,lpr:total_combined:bdpl,3.0730307307347253,5.526969269265274
baseline_T,1.0,1700.0,0.16396720767670225,gen=25_member=3126_pso,50,11880600.0,0.687242,11880589.469000075,0.6872416129736483,49706.3042309079,110.7456458264628,49291.21269141708,109.82082187647725,lpr:total_combined:bdpl,2.6834397987683913,5.916560201231608
baseline_T,1.0,1700.0,0.16396720767670225,gen=36_member=4525_pso,50,11173400.0,0.709924,11173377.904344108,0.7099241166233876,46765.35983396837,104.19322171008152,46266.519971233356,103.08180649590791,lpr:total_combined:bdpl,1.9490397687069334,6.650960231293066
baseline_T,1.0,1700.0,0.16396720767670225,gen=47_member=5916_pso,50,11938700.0,0.681121,11938697.818192918,0.6811207141324473,49794.69939162476,110.94259024453996,49495.352919661775,110.27564630500643,lpr:total_combined:bdpl,2.818532868585274,5.7814671314147255
baseline_T,1.0,1700.0,0.16396720767670225,gen=37_member=4683_pso,50,11669800.0,0.697204,11669824.724862162,0.6972040802568173,48673.953149886016,108.44556761794604,48585.14827481801,108.24771035629453,lpr:total_combined:bdpl,2.4040735719216904,6.195926428078309
baseline_T,1.0,1700.0,0.16396720767670225,gen=30_member=3767_pso,50,12001400.0,0.670255,12001377.210174264,0.670254954827148,50548.11932642426,112.62120985927325,50242.449031244745,111.94017644161329,lpr:total_combined:bdpl,3.058348754867139,5.541651245132861
baseline_T,1.0,1700.0,0.16396720767670225,gen=41_member=5185_pso,50,11449100.0,0.705422,11449096.778256543,0.705421553325665,48486.720972743366,108.02841432727222,47453.85902728026,105.72719791278043,lpr:total_combined:bdpl,2.1436331674183515,6.456366832581648
baseline_T,1.0,1700.0,0.16396720767670225,gen=40_member=5102_pso,50,12208700.0,0.61827,12208710.648241015,0.6182699186052586,51061.80412640587,113.76569959363228,51061.80412640587,113.76569959363228,lpr:total_combined:bdpl,3.86876658649965,4.73123341350035
baseline_T,1.0,1700.0,0.16396720767670225,gen=40_member=5107_pso,50,12124500.0,0.647188,12124489.979887124,0.6471876609874609,50849.12766349434,113.2918564342654,50630.82800675064,112.80548479904043,lpr:total_combined:bdpl,3.4580474469855527,5.1419525530144465
baseline_T,1.0,1700.0,0.16396720767670225,gen=36_member=4597_pso,50,12067700.0,0.660395,12067736.32117229,0.6603953897960401,51057.747764340544,113.75666201895073,50541.95907510031,112.60748481932349,lpr:total_combined:bdpl,3.2347724208618747,5.365227579138125
baseline_T,1.0,1700.0,0.16396720767670225,gen=43_member=5401_pso,50,12002800.0,0.670056,12002793.896778665,0.6700559875631963,50410.158340373324,112.31383278235177,50198.64970178832,111.84259153558438,lpr:total_combined:bdpl,3.0627401194653223,5.537259880534677
baseline_T,1.0,1700.0,0.16396720767670225,gen=34_member=4241_pso,50,12130700.0,0.643917,12130735.362367615,0.6439173730976578,51374.07002860749,114.4614280237375,50782.20974221339,113.14276330565143,lpr:total_combined:bdpl,3.5133312603201694,5.08666873967983
baseline_T,1.0,1700.0,0.16396720767670225,gen=41_member=5136_pso,50,10406500.0,0.717487,10406546.441500314,0.717487209115701,43931.72374076148,97.87988049441658,43609.560802630964,97.16210146826178,lpr:total_combined:bdpl,1.5711927708094908,7.028807229190509
baseline_T,1.0,1700.0,0.16396720767670225,gen=30_member=3730_pso,50,12140000.0,0.641959,12140045.72221974,0.6419594591909595,51075.04584032901,113.79520213225304,50815.44517450234,113.21681184879121,lpr:total_combined:bdpl,3.5464295533727976,5.053570446627202
baseline_T,1.0,1700.0,0.16396720767670225,gen=26_member=3274_pso,50,12038900.0,0.665819,12038850.4455638,0.6658189137501658,50639.3413163918,112.82445245292094,50304.87921352462,112.07927088773285,lpr:total_combined:bdpl,3.143088417496115,5.456911582503885
baseline_T,1.0,1700.0,0.16396720767670225,gen=27_member=3397_pso,50,12071700.0,0.660095,12071654.496071892,0.6600954917705697,50981.96316968758,113.58781394206393,50552.867655833994,112.63178913719814,lpr:total_combined:bdpl,3.2398421599852165,5.360157840014783
baseline_T,1.0,1700.0,0.16396720767670225,gen=35_member=4358_pso,50,12204700.0,0.618623,12204661.884933073,0.6186225522286454,51106.48412393821,113.86524662813433,51009.814886034575,113.64986756608504,lpr:total_combined:bdpl,3.8641480028767226,4.735851997123277
baseline_T,1.0,1700.0,0.16396720767670225,gen=39_member=4886_pso,50,12044000.0,0.665732,12044004.390030988,0.6657318747236284,50491.711318747475,112.49553281816937,50342.93282698114,112.16405433851398,lpr:total_combined:bdpl,3.1445598015020697,5.45544019849793
baseline_T,1.0,1700.0,0.16396720767670225,gen=44_member=5592_pso,50,12203600.0,0.618851,12203605.6103388,0.6188505892296975,51092.96853954465,113.83513390610548,51061.40909363768,113.76481946062475,lpr:total_combined:bdpl,3.86116131105657,4.73883868894343
baseline_T,1.0,1700.0,0.16396720767670225,gen=38_member=4844_pso,50,12142000.0,0.641745,12141958.442525955,0.6417452436507985,50941.33531657965,113.49729508533946,50823.455622000954,113.23465912581813,lpr:total_combined:bdpl,3.550050840652294,5.0499491593477055
baseline_T,1.0,1700.0,0.16396720767670225,gen=42_member=5368_pso,50,12047200.0,0.665633,12047226.813034713,0.6656328438976323,50988.90270934845,113.60327523642833,50307.04728986295,112.08410136181466,lpr:total_combined:bdpl,3.1462339053984913,5.453766094601509
baseline_T,1.0,1700.0,0.16396720767670225,gen=41_member=5212_pso,50,12074000.0,0.659863,12074040.299001968,0.6598630848769318,50894.43854761299,113.39280908408173,50560.45217337479,112.64868744227903,lpr:total_combined:bdpl,3.243770969851043,5.356229030148956
baseline_T,1.0,1700.0,0.16396720767670225,gen=46_member=5787_pso,50,12049200.0,0.665563,12049204.249162452,0.6655631923487528,50381.152569186444,112.2492079241474,50349.292689661954,112.17822411256682,lpr:total_combined:bdpl,3.1474113562396613,5.452588643760338
baseline_T,1.0,1700.0,0.16396720767670225,gen=47_member=5970_pso,50,12075000.0,0.659832,12074981.120001724,0.6598321089296924,50713.11596487974,112.98882236975206,50559.08338774511,112.64563778789609,lpr:total_combined:bdpl,3.2442946144177465,5.355705385582253
baseline_T,1.0,1700.0,0.16396720767670225,gen=50_member=6375_pso,50,12295700.0,0.582721,12295746.208614845,0.5827213394112062,51477.2567191637,114.69132797029671,51477.2567191637,114.69132797029671,lpr:total_combined:bdpl,4.293338795448333,4.306661204551666
baseline_T,1.0,1700.0,0.16396720767670225,gen=50_member=6314_pso,50,12219200.0,0.616249,12219242.960929338,0.6162493056564763,51108.100000000006,113.86884680000001,51108.100000000006,113.86884680000001,lpr:total_combined:bdpl,3.895231362557841,4.704768637442159
baseline_T,1.0,1700.0,0.16396720767670225,gen=50_member=6331_pso,50,12250500.0,0.600795,12250481.385280203,0.6007954444173293,51229.27664652902,114.13882836846665,51189.651842018546,114.05054430401732,lpr:total_combined:bdpl,4.097636764925896,4.502363235074104
baseline_T,1.0,1700.0,0.16396720767670225,gen=50_member=6311_pso,50,12149400.0,0.639509,12149374.420328459,0.6395089291111404,50943.69444447454,113.50255122228927,50840.12644413603,113.27180171753508,lpr:total_combined:bdpl,3.58785546205992,5.012144537940079
baseline_T,1.0,1700.0,0.16396720767670225,gen=50_member=6307_pso,50,9981370.0,0.718653,9981373.38209072,0.7186533706371289,43752.64310475318,97.48088883739008,42375.601402361644,94.41283992446174,lpr:total_combined:bdpl,1.4711342245004395,7.12886577549956
baseline_T,1.0,1700.0,0.16396720767670225,gen=50_member=6332_pso,50,11222500.0,0.709503,11222480.829753874,0.709502877333777,47077.84871533011,104.88944693775548,46464.529875399385,103.52297256238982,lpr:total_combined:bdpl,1.9693832223156864,6.630616777684313
baseline_T,1.0,1700.0,0.16396720767670225,gen=50_member=6369_pso,50,10816200.0,0.714409,10816152.42359839,0.7144087871515501,45326.84803553662,100.98821742317558,44806.315606127355,99.82847117045175,lpr:total_combined:bdpl,1.7324557769226856,6.867544223077314
baseline_T,1.0,1700.0,0.16396720767670225,gen=50_member=6392_pso,50,10988800.0,0.712623,10988818.450383374,0.7126225097149498,46401.29951110389,103.38209531073947,45639.441190947065,101.68467497343006,lpr:total_combined:bdpl,1.8187227825418355,6.781277217458165
baseline_T,1.0,1700.0,0.16396720767670225,gen=50_member=6378_pso,50,11022800.0,0.712066,11022782.803294366,0.7120658886858616,46236.0318934091,103.01387905851547,45780.544156578704,101.99905238085735,lpr:total_combined:bdpl,1.8456044015222999,6.7543955984777
baseline_T,1.0,1700.0,0.16396720767670225,gen=50_member=6337_pso,50,12024000.0,0.668505,12024025.732677821,0.6685050693066373,50701.722188745116,112.96343703652411,50210.12362714249,111.86815544127347,lpr:total_combined:bdpl,3.0969701098228315,5.503029890177168
baseline_T,1.0,1700.0,0.16396720767670225,gen=50_member=6333_pso,50,11046600.0,0.711612,11046597.887337454,0.7116120537700265,46399.3412240379,103.37773224715643,45873.557837677174,102.20628686234474,lpr:total_combined:bdpl,1.867522037849292,6.732477962150708
baseline_T,1.0,1700.0,0.16396720767670225,gen=50_member=6385_pso,50,10736300.0,0.715054,10736330.109125491,0.7150544125320408,44989.937994704,100.2375818522005,44397.263235323626,98.91710248830104,lpr:total_combined:bdpl,1.7012757557314309,6.898724244268569
T_factor_1.040,1.04,1768.0,0.15136080967773613,gen=47_member=5907_pso,50,9738960.0,0.719193,9738959.963789836,0.718780636760665,42427.949226186,94.52947087594241,41736.54912774984,92.98903145662663,lpr:total_combined:bdpl,1.4602145850839257,7.139785414916074
T_factor_1.040,1.04,1768.0,0.15136080967773613,56,50,12446400.0,0.533346,12446397.913772527,0.5231431785688391,52637.1528415432,117.27557653095823,52637.1528415432,117.27557653095823,lpr:total_combined:bdpl,4.893211706322941,3.706788293677059
T_factor_1.040,1.04,1768.0,0.15136080967773613,64,50,12377800.0,0.56755,12377834.289729021,0.559070936607373,52241.56295681393,116.39420226778142,52241.56295681393,116.39420226778142,lpr:total_combined:bdpl,4.54887835215566,4.051121647844339
T_factor_1.040,1.04,1768.0,0.15136080967773613,gen=40_member=5105_pso,50,12283000.0,0.583854,12283049.42442162,0.5759209674690537,51868.902507044404,115.56391478569493,51444.95457882824,114.61935880162932,lpr:total_combined:bdpl,4.366815938563246,4.233184061436754
T_factor_1.040,1.04,1768.0,0.15136080967773613,30,50,12433400.0,0.544694,12433371.76921002,0.5347545498222269,52187.23403515008,116.27315743031438,52187.23403515008,116.27315743031438,lpr:total_combined:bdpl,4.784077661802475,3.8159223381975247
T_factor_1.040,1.04,1768.0,0.15136080967773613,gen=36_member=4531_pso,50,12223600.0,0.605591,12223597.44766552,0.5990487715648941,51053.0244471527,113.7461384682562,51053.0244471527,113.7461384682562,lpr:total_combined:bdpl,4.116922993597968,4.4830770064020316
T_factor_1.040,1.04,1768.0,0.15136080967773613,105,50,12417100.0,0.55506,12417148.746273495,0.5452226155858753,52327.1463926199,116.58488216275714,52327.1463926199,116.58488216275714,lpr:total_combined:bdpl,4.685689424085949,3.914310575914051
T_factor_1.040,1.04,1768.0,0.15136080967773613,gen=49_member=6222_pso,50,12218800.0,0.616332,12218818.301128551,0.6101673156333887,51106.17822286103,113.86456508053438,51106.17822286103,113.86456508053438,lpr:total_combined:bdpl,3.9748896187548852,4.625110381245115
T_factor_1.040,1.04,1768.0,0.15136080967773613,18,50,12390900.0,0.557388,12390900.705456987,0.5480073303464816,52187.6001459564,116.27397312519085,52187.6001459564,116.27397312519085,lpr:total_combined:bdpl,4.659516185970584,3.940483814029416
T_factor_1.040,1.04,1768.0,0.15136080967773613,35,50,12440100.0,0.533609,12440134.96511929,0.5233600610715886,52700.025782036595,117.41565744237754,52700.025782036595,117.41565744237754,lpr:total_combined:bdpl,4.891173250726762,3.7088267492732374
T_factor_1.040,1.04,1768.0,0.15136080967773613,gen=44_member=5567_pso,50,9875600.0,0.719021,9875603.379483644,0.7186001956890284,42989.08731889699,95.7796865465025,42069.119675814705,93.72999863771516,lpr:total_combined:bdpl,1.475696721126531,7.124303278873469
T_factor_1.040,1.04,1768.0,0.15136080967773613,gen=49_member=6144_pso,50,9757770.0,0.719034,9757774.55799681,0.7186184564123806,42132.10114850491,93.87032135886894,41805.01359125954,93.14157028132627,lpr:total_combined:bdpl,1.474129921502636,7.125870078497364
T_factor_1.040,1.04,1768.0,0.15136080967773613,gen=46_member=5849_pso,50,10309300.0,0.717719,10309323.448797248,0.7172646448488482,45220.50929470598,100.75129470860493,43336.516794327195,96.55375941776099,lpr:total_combined:bdpl,1.5902891451902583,7.009710854809741
T_factor_1.040,1.04,1768.0,0.15136080967773613,gen=31_member=3852_pso,50,12085500.0,0.652391,12085489.190941257,0.648034438052899,50809.626277516305,113.20384734630632,50462.82627345364,112.4311769372547,lpr:total_combined:bdpl,3.443732785157866,5.156267214842133
T_factor_1.040,1.04,1768.0,0.15136080967773613,gen=37_member=4697_pso,50,9951180.0,0.718657,9951183.919557761,0.7182207063039305,42929.95184756078,95.6479327163654,42506.86767415341,94.70530117801378,lpr:total_combined:bdpl,1.508257524681533,7.091742475318466
T_factor_1.040,1.04,1768.0,0.15136080967773613,gen=42_member=5264_pso,50,12276000.0,0.587416,12275991.063515613,0.5795040921987479,51721.642237508655,115.23581890516928,51425.41398676402,114.57582236251024,lpr:total_combined:bdpl,4.32810073727692,4.27189926272308
T_factor_1.040,1.04,1768.0,0.15136080967773613,gen=43_member=5399_pso,50,12075700.0,0.659796,12075652.37136835,0.6554405373649848,50662.073440237364,112.87509962484884,50563.483653430434,112.655441579843,lpr:total_combined:bdpl,3.3185335899482857,5.2814664100517135
T_factor_1.040,1.04,1768.0,0.15136080967773613,gen=35_member=4383_pso,50,10482600.0,0.717261,10482596.881225228,0.7165173366216274,44395.66150852786,98.91353384100007,43697.952601065685,97.35903839517434,lpr:total_combined:bdpl,1.630624871344206,6.969375128655794
T_factor_1.040,1.04,1768.0,0.15136080967773613,gen=47_member=5964_pso,50,10840100.0,0.714224,10840089.258866806,0.7133196028433685,45340.13174397748,101.01781352558181,44763.52736283021,99.7331389643857,lpr:total_combined:bdpl,1.785057162860259,6.814942837139741
T_factor_1.040,1.04,1768.0,0.15136080967773613,gen=45_member=5721_pso,50,10935500.0,0.713017,10935459.38484597,0.7120657721972383,46077.815037649634,102.66137190388338,45406.79805241785,101.16634606078696,lpr:total_combined:bdpl,1.8456100272579843,6.754389972742016
T_factor_1.040,1.04,1768.0,0.15136080967773613,gen=47_member=5893_pso,50,10050300.0,0.718629,10050330.220899835,0.7181894723414779,44663.8123416983,99.51097389730381,42679.893231787595,95.09080212042277,lpr:total_combined:bdpl,1.5109374492211882,7.089062550778811
T_factor_1.040,1.04,1768.0,0.15136080967773613,gen=35_member=4446_pso,50,11409800.0,0.706375,11409792.203285765,0.7047263890241822,48804.747890203915,108.73697829937431,47323.49343085893,105.4367433639537,lpr:total_combined:bdpl,2.1656653505916448,6.434334649408354
T_factor_1.040,1.04,1768.0,0.15136080967773613,gen=45_member=5683_pso,50,10240800.0,0.71792,10240771.73598947,0.7174665465039255,44683.47269518394,99.55477716486982,43384.26011810516,96.66013154313829,lpr:total_combined:bdpl,1.5729656563482544,7.027034343651746
T_factor_1.040,1.04,1768.0,0.15136080967773613,gen=49_member=6242_pso,50,11866200.0,0.690335,11866171.531540677,0.6874532609849822,49793.36739732516,110.93962256124044,49240.59882468567,109.70805418139967,lpr:total_combined:bdpl,2.6787685600641566,5.921231439935843
T_factor_1.040,1.04,1768.0,0.15136080967773613,gen=45_member=5670_pso,50,10406200.0,0.717494,10406231.87516301,0.7169293054229479,44191.60289947777,98.45889126003648,43609.30208475285,97.16152504482936,lpr:total_combined:bdpl,1.610729129411719,6.989270870588281
T_factor_1.040,1.04,1768.0,0.15136080967773613,gen=38_member=4778_pso,50,10164400.0,0.71794,10164356.433517821,0.7174904934619254,43216.77328051297,96.28697086898289,42970.82431105304,95.73899656502617,lpr:total_combined:bdpl,1.570910968586774,7.029089031413226
T_factor_1.040,1.04,1768.0,0.15136080967773613,gen=43_member=5423_pso,50,12257800.0,0.594933,12257750.350139363,0.5871865025559161,51233.33114761955,114.14786179689636,51233.33114761955,114.14786179689636,lpr:total_combined:bdpl,4.245093282672538,4.354906717327462
T_factor_1.040,1.04,1768.0,0.15136080967773613,gen=38_member=4827_pso,50,12171600.0,0.631596,12171637.808199104,0.6256515780149162,50979.48086559517,113.58228336854604,50813.54471465353,113.21257762424806,lpr:total_combined:bdpl,3.7720860404642726,4.827913959535727
T_factor_1.040,1.04,1768.0,0.15136080967773613,gen=46_member=5827_pso,50,12142700.0,0.641492,12142688.246643651,0.6364065503586761,51220.46766399847,114.11920195538859,50818.373966461804,113.22333719727689,lpr:total_combined:bdpl,3.6312238655677045,4.968776134432295
T_factor_1.040,1.04,1768.0,0.15136080967773613,gen=49_member=6197_pso,50,10994700.0,0.712329,10994705.05589987,0.711358085670394,46401.49017389091,103.38252010742895,45612.509888916305,101.62467203250553,lpr:total_combined:bdpl,1.8797872476253128,6.720212752374687
T_factor_1.040,1.04,1768.0,0.15136080967773613,gen=34_member=4254_pso,50,11826100.0,0.692032,11826081.210188618,0.6897375267783268,49289.58618785271,109.81719802653583,49090.82356794755,109.37435490938714,lpr:total_combined:bdpl,2.628353010598863,5.971646989401137
T_factor_1.040,1.04,1768.0,0.15136080967773613,gen=46_member=5867_pso,50,11245900.0,0.709312,11245910.539729662,0.7083107259256375,47224.11676777734,105.21533215860791,46469.35011106735,103.53371204745807,lpr:total_combined:bdpl,2.0269573315316585,6.573042668468341
T_factor_1.040,1.04,1768.0,0.15136080967773613,gen=31_member=3915_pso,50,12151300.0,0.634089,12151250.97606472,0.6281756016602417,50778.043066439204,113.13347995202655,50719.60111312249,113.0032712800369,lpr:total_combined:bdpl,3.7390278931434944,4.860972106856505
T_factor_1.040,1.04,1768.0,0.15136080967773613,gen=47_member=5976_pso,50,11362000.0,0.706998,11362024.609674983,0.7055357609144117,48125.197185073404,107.22293932834354,46930.904979662475,104.56205629468799,lpr:total_combined:bdpl,2.1400135302913004,6.459986469708699
T_factor_1.040,1.04,1768.0,0.15136080967773613,gen=39_member=4925_pso,50,11896400.0,0.684874,11896391.93605654,0.6818972167178827,50146.24464222477,111.72583306287677,49634.299194174644,110.5852186046211,lpr:total_combined:bdpl,2.8013948434832896,5.79860515651671
T_factor_1.040,1.04,1768.0,0.15136080967773613,gen=36_member=4494_pso,50,10420500.0,0.717361,10420504.849209998,0.7167031558358754,44203.144887668415,98.48460680972522,43469.94284558344,96.85103265995991,lpr:total_combined:bdpl,1.6216508637957565,6.978349136204243
T_factor_1.040,1.04,1768.0,0.15136080967773613,gen=44_member=5537_pso,50,10636200.0,0.715586,10636170.166640699,0.7147199420243969,45169.2898288748,100.63717773873304,44280.52405169593,98.65700758717853,lpr:total_combined:bdpl,1.717428772374393,6.882571227625607
T_factor_1.040,1.04,1768.0,0.15136080967773613,gen=46_member=5774_pso,50,12198800.0,0.623458,12198824.129546277,0.6173578354849164,51031.70882205056,113.69864725552864,51031.70882205056,113.69864725552864,lpr:total_combined:bdpl,3.880712503970315,4.7192874960296844
T_factor_1.040,1.04,1768.0,0.15136080967773613,gen=37_member=4723_pso,50,11316900.0,0.708149,11316939.89607805,0.7071115206739386,47958.33587102356,106.8511723206405,46911.033225908424,104.51778202732396,lpr:total_combined:bdpl,2.0848721011341453,6.515127898865854
T_factor_1.040,1.04,1768.0,0.15136080967773613,gen=45_member=5711_pso,50,10701000.0,0.715537,10701015.255649135,0.7146650293173359,44962.49060320653,100.17642906394414,44382.095728658474,98.88330928345108,lpr:total_combined:bdpl,1.7200807427299143,6.879919257270085
T_factor_1.040,1.04,1768.0,0.15136080967773613,gen=29_member=3643_pso,50,11063400.0,0.711087,11063367.898928545,0.7100971038073761,46773.04844914237,104.2103519446892,45939.598395335444,102.35342522480737,lpr:total_combined:bdpl,1.940685474985585,6.659314525014414
T_factor_1.040,1.04,1768.0,0.15136080967773613,gen=28_member=3493_pso,50,12010000.0,0.668784,12010002.111146484,0.6647651616264301,50587.18777954187,112.70825437281928,50262.96022798913,111.98587538795978,lpr:total_combined:bdpl,3.1609019671506284,5.439098032849371
T_factor_1.040,1.04,1768.0,0.15136080967773613,gen=39_member=4935_pso,50,11281500.0,0.708428,11281519.05267382,0.7073980193449354,47746.93364863757,106.3801681691645,46654.0946465578,103.94532287253078,lpr:total_combined:bdpl,2.071035850418355,6.528964149581645
T_factor_1.040,1.04,1768.0,0.15136080967773613,gen=44_member=5540_pso,50,12269800.0,0.591573,12269791.265440106,0.5837802770545941,51409.0442246771,114.53935053258057,51274.750450654414,114.24014400405802,lpr:total_combined:bdpl,4.281897110576556,4.318102889423444
T_factor_1.040,1.04,1768.0,0.15136080967773613,gen=42_member=5321_pso,50,11999300.0,0.671198,11999286.1007488,0.6679563975648447,50602.65384263916,112.74271276140006,50173.2583189863,111.78601953470147,lpr:total_combined:bdpl,3.106954517301906,5.4930454826980935
T_factor_1.040,1.04,1768.0,0.15136080967773613,gen=39_member=4882_pso,50,10775300.0,0.714436,10775264.386121174,0.7135462840523071,45802.7874267953,102.04861038689992,44827.07266782531,99.8747179039148,lpr:total_combined:bdpl,1.7741097541741333,6.825890245825867
T_factor_1.040,1.04,1768.0,0.15136080967773613,gen=39_member=4970_pso,50,12038300.0,0.666387,12038325.731098836,0.6621667149135853,50516.56288398654,112.550902105522,50255.35737047452,111.96893622141724,lpr:total_combined:bdpl,3.20482838827116,5.3951716117288395
T_factor_1.040,1.04,1768.0,0.15136080967773613,gen=32_member=3991_pso,50,12201000.0,0.619031,12200978.588406555,0.6129130562235542,51219.6970317056,114.11748498664006,51020.12093871804,113.6728294514638,lpr:total_combined:bdpl,3.938927555918257,4.661072444081743
T_factor_1.040,1.04,1768.0,0.15136080967773613,gen=37_member=4713_pso,50,12177200.0,0.629244,12177156.784652073,0.6232568437792592,50997.8887656764,113.62329616992702,50833.59811395465,113.25725659789096,lpr:total_combined:bdpl,3.8034508326693994,4.7965491673306
T_factor_1.040,1.04,1768.0,0.15136080967773613,gen=41_member=5214_pso,50,11978400.0,0.676443,11978411.285790766,0.6733923525800163,50645.64701899745,112.83850155832631,50104.31768993943,111.63241981318505,lpr:total_combined:bdpl,2.9891039095155705,5.610896090484429
T_factor_1.040,1.04,1768.0,0.15136080967773613,gen=47_member=5902_pso,50,11103200.0,0.710867,11103175.487190865,0.7098656031144018,47049.460161530864,104.82619723989076,46109.99146446721,102.73306098283294,lpr:total_combined:bdpl,1.9518656372450724,6.648134362754927
T_factor_1.040,1.04,1768.0,0.15136080967773613,gen=45_member=5714_pso,50,11993300.0,0.674785,11993278.716311434,0.671677181553361,50064.69897747029,111.5441493218038,49746.83479228297,110.83594791720645,lpr:total_combined:bdpl,3.026959088185108,5.573040911814892
T_factor_1.040,1.04,1768.0,0.15136080967773613,gen=45_member=5725_pso,50,10086100.0,0.718322,10086052.361235783,0.7178900093657782,43236.57024331604,96.33107850210814,42605.227886494205,94.92444773110908,lpr:total_combined:bdpl,1.5366318573038789,7.06336814269612
T_factor_1.040,1.04,1768.0,0.15136080967773613,gen=41_member=5219_pso,50,10877600.0,0.713721,10877623.213253161,0.712792788634789,45831.09410723573,102.11167767092121,45102.71967809803,100.48885944280241,lpr:total_combined:bdpl,1.8104992825224056,6.789500717477594
T_factor_1.040,1.04,1768.0,0.15136080967773613,gen=38_member=4779_pso,50,11511900.0,0.702673,11511911.853114262,0.7009993862523877,48003.579465953466,106.95197505014431,47829.015475785905,106.563046480051,lpr:total_combined:bdpl,2.2837870774703126,6.316212922529687
T_factor_1.040,1.04,1768.0,0.15136080967773613,gen=39_member=4891_pso,50,12250700.0,0.597475,12250726.961103301,0.5897627608919973,51186.95182954514,114.04452867622658,51181.4721129275,114.03231986760247,lpr:total_combined:bdpl,4.217257143109661,4.382742856890339
T_factor_1.040,1.04,1768.0,0.15136080967773613,gen=38_member=4772_pso,50,11343500.0,0.707434,11343536.810518842,0.7061021154503004,47559.18910881358,105.96187333443666,47088.50036268619,104.91317880806483,lpr:total_combined:bdpl,2.1220637781980005,6.477936221801999
T_factor_1.040,1.04,1768.0,0.15136080967773613,gen=42_member=5263_pso,50,12267300.0,0.591914,12267261.652988074,0.5841272808296817,51401.15443533461,114.5217720819255,51266.89061527922,114.2226322908421,lpr:total_combined:bdpl,4.278147779472256,4.321852220527743
T_factor_1.040,1.04,1768.0,0.15136080967773613,gen=40_member=5076_pso,50,11779100.0,0.693959,11779139.5975923,0.6920864230521623,49427.02345467124,110.12340825700751,48946.710201045935,109.05327032793033,lpr:total_combined:bdpl,2.5662699918336247,6.0337300081663745
T_factor_1.040,1.04,1768.0,0.15136080967773613,gen=49_member=6161_pso,50,10118300.0,0.718234,10118254.813456059,0.7178013483127491,43142.178199925635,96.12077302943432,42648.48611640095,95.02082706734132,lpr:total_combined:bdpl,1.5442391191773897,7.05576088082261
T_factor_1.040,1.04,1768.0,0.15136080967773613,gen=43_member=5437_pso,50,11872500.0,0.688115,11872492.260370716,0.6852945724401798,49773.96375344011,110.89639124266456,49388.10419626745,110.03669614928387,lpr:total_combined:bdpl,2.726412520512076,5.873587479487924
T_factor_1.040,1.04,1768.0,0.15136080967773613,gen=44_member=5578_pso,50,10529000.0,0.716879,10529046.22432401,0.7160413687035453,45321.15226539255,100.9755272472946,43781.85514960589,97.54597327332193,lpr:total_combined:bdpl,1.6536114053631692,6.94638859463683
T_factor_1.040,1.04,1768.0,0.15136080967773613,gen=36_member=4573_pso,50,9923880.0,0.718701,9923883.486663597,0.7182695276730665,42793.782245499315,95.34454684297248,42379.19800126966,94.42085314682879,lpr:total_combined:bdpl,1.504068572178124,7.095931427821876
T_factor_1.040,1.04,1768.0,0.15136080967773613,gen=44_member=5555_pso,50,11482000.0,0.70427,11481968.855985735,0.7025615359073629,48635.122267710045,108.35905241245798,47726.17379980708,106.33391522597017,lpr:total_combined:bdpl,2.234277102247048,6.365722897752952
T_factor_1.040,1.04,1768.0,0.15136080967773613,gen=38_member=4840_pso,50,11953800.0,0.677695,11953765.575695587,0.6746693166855019,50063.23576541098,111.54088928533567,49665.68700823383,110.65515065434496,lpr:total_combined:bdpl,2.9609203035564517,5.639079696443548
T_factor_1.040,1.04,1768.0,0.15136080967773613,gen=47_member=5966_pso,50,11540800.0,0.702015,11540755.077291641,0.7003412340411113,48509.58313027878,108.07935121426111,47949.67757377042,106.8318816343605,lpr:total_combined:bdpl,2.3046462183148892,6.29535378168511
T_factor_1.040,1.04,1768.0,0.15136080967773613,gen=47_member=5898_pso,50,11764400.0,0.695319,11764362.834467728,0.6935118456607466,49013.50339598111,109.20208556624591,48858.132426577125,108.85591904641383,lpr:total_combined:bdpl,2.521093373953942,6.078906626046058
T_factor_1.040,1.04,1768.0,0.15136080967773613,gen=38_member=4768_pso,50,10569000.0,0.71664,10568987.168558508,0.7157959842468467,44629.149277354714,99.4337445899463,43944.607240902464,97.90858493273069,lpr:total_combined:bdpl,1.6654620741736998,6.9345379258263
T_factor_1.040,1.04,1768.0,0.15136080967773613,gen=41_member=5241_pso,50,11446400.0,0.705662,11446374.076925283,0.7040158417988919,48174.289000024866,107.3323158920554,47488.398587199335,105.80415205228012,lpr:total_combined:bdpl,2.1881850723142366,6.4118149276857626
T_factor_1.040,1.04,1768.0,0.15136080967773613,gen=39_member=4901_pso,50,9895340.0,0.718742,9895339.590260155,0.7183130698338771,43036.58307268322,95.88550708593822,42282.3515580355,94.20507927130309,lpr:total_combined:bdpl,1.5003325842949564,7.099667415705043
T_factor_1.040,1.04,1768.0,0.15136080967773613,gen=40_member=5082_pso,50,10606200.0,0.716303,10606192.66881587,0.7154635450820165,45134.53789635979,100.5597504330896,43870.23979482254,97.74289426286462,lpr:total_combined:bdpl,1.6815169885519574,6.918483011448043
T_factor_1.040,1.04,1768.0,0.15136080967773613,gen=49_member=6158_pso,50,11921100.0,0.684136,11921105.488845602,0.6812160895584539,49938.49052936899,111.2629568994341,49407.06456081771,110.07893984150185,lpr:total_combined:bdpl,2.816427857635315,5.783572142364685
T_factor_1.040,1.04,1768.0,0.15136080967773613,gen=49_member=6216_pso,50,11945100.0,0.680279,11945134.063002478,0.6772070352517783,49765.95027878354,110.87853722112972,49575.549827551215,110.45432501578411,lpr:total_combined:bdpl,2.9049108512939954,5.695089148706004
T_factor_1.040,1.04,1768.0,0.15136080967773613,gen=47_member=6002_pso,50,10144400.0,0.718198,10144439.49189337,0.7177651178015644,43537.03644438117,97.00051719808124,42685.09218699485,95.10238539262453,lpr:total_combined:bdpl,1.5473477556866277,7.0526522443133715
T_factor_1.040,1.04,1768.0,0.15136080967773613,gen=32_member=3978_pso,50,11724500.0,0.69565,11724521.462720819,0.6938491720763413,49484.08398621317,110.25053912128294,48874.142584268266,108.89158967774969,lpr:total_combined:bdpl,2.5104023224115632,6.089597677588436
T_factor_1.040,1.04,1768.0,0.15136080967773613,gen=24_member=2976_pso,50,11884300.0,0.687169,11884331.744194893,0.6842508399098932,49948.858920262544,111.28605767434495,49302.48132715866,109.8459283969095,lpr:total_combined:bdpl,2.7494485214724333,5.850551478527566
T_factor_1.040,1.04,1768.0,0.15136080967773613,gen=46_member=5863_pso,50,11617300.0,0.700106,11617325.353071578,0.698352374642442,49401.63840788752,110.06685037277339,48314.00128676755,107.6435948669181,lpr:total_combined:bdpl,2.367680114739004,6.232319885260996
T_factor_1.040,1.04,1768.0,0.15136080967773613,gen=49_member=6159_pso,50,10903700.0,0.713479,10903671.696892686,0.7125531907950623,45667.79848784485,101.74785503091832,45185.67293819359,100.67367930629531,lpr:total_combined:bdpl,1.822070490758332,6.777929509241668
T_factor_1.040,1.04,1768.0,0.15136080967773613,gen=49_member=6198_pso,50,11459600.0,0.705203,11459602.640373657,0.7035541658359091,48552.841526723045,108.17573092153894,47570.689864403525,105.98749701789104,lpr:total_combined:bdpl,2.202817195053346,6.397182804946654
T_factor_1.040,1.04,1768.0,0.15136080967773613,gen=39_member=4883_pso,50,11655800.0,0.698172,11655757.181802921,0.6964157904852117,48881.632005089115,108.90827610733855,48537.54062247831,108.14164050688167,lpr:total_combined:bdpl,2.429057226296065,6.170942773703935
T_factor_1.040,1.04,1768.0,0.15136080967773613,gen=36_member=4595_pso,50,12058100.0,0.663152,12058128.274327343,0.6588418001942815,50642.234983008704,112.83089954214338,50507.80174322089,112.53138228389614,lpr:total_combined:bdpl,3.2610356614193887,5.338964338580611
T_factor_1.040,1.04,1768.0,0.15136080967773613,gen=44_member=5538_pso,50,11819700.0,0.693476,11819711.981230736,0.6916526014370339,49533.11938529392,110.35978999043485,48989.99124684964,109.149700497981,lpr:total_combined:bdpl,2.580019313064094,6.019980686935906
T_factor_1.040,1.04,1768.0,0.15136080967773613,gen=47_member=5958_pso,50,11252200.0,0.708814,11252182.316333093,0.7077963522588929,46889.07693987987,104.46886342205235,46538.53885013175,103.68786455809354,lpr:total_combined:bdpl,2.0517986440233247,6.5482013559766745
T_factor_1.040,1.04,1768.0,0.15136080967773613,gen=46_member=5862_pso,50,12127400.0,0.646326,12127415.605267622,0.6418271830951777,50873.35612585935,113.34583744841463,50761.635386620335,113.0969236413901,lpr:total_combined:bdpl,3.548665664453609,5.05133433554639
T_factor_1.040,1.04,1768.0,0.15136080967773613,gen=48_member=6077_pso,50,11804900.0,0.693913,11804869.991800735,0.6920959166367195,49514.66438767297,110.31867225573538,48929.08457796394,109.01400043970366,lpr:total_combined:bdpl,2.5659691070018056,6.034030892998194
T_factor_1.040,1.04,1768.0,0.15136080967773613,gen=38_member=4784_pso,50,11163300.0,0.710244,11163326.786992056,0.7092643819468384,47658.341063344036,106.1827838891305,46251.2716214466,103.04783317258301,lpr:total_combined:bdpl,1.980901188373825,6.619098811626174
T_factor_1.040,1.04,1768.0,0.15136080967773613,gen=38_member=4799_pso,50,11949800.0,0.678338,11949789.008105733,0.6753244338695533,50300.94685990873,112.07050960387664,49627.29767271265,110.56961921480378,lpr:total_combined:bdpl,2.946461350095635,5.653538649904364
T_factor_1.040,1.04,1768.0,0.15136080967773613,gen=33_member=4144_pso,50,10275000.0,0.717721,10274983.576880537,0.7172605712143771,43886.43329653439,97.77897338467862,43197.64571836743,96.24435466052263,lpr:total_combined:bdpl,1.5906386696222357,7.009361330377764
T_factor_1.040,1.04,1768.0,0.15136080967773613,gen=40_member=5066_pso,50,11747400.0,0.695498,11747366.836248316,0.6936488730032931,49275.627853929764,109.7860988585555,48795.80376842059,108.71705079604108,lpr:total_combined:bdpl,2.516750499177005,6.083249500822994
T_factor_1.040,1.04,1768.0,0.15136080967773613,gen=40_member=5054_pso,50,11588500.0,0.701146,11588547.789286416,0.6994251905104569,48781.04607997798,108.68417066619094,48181.74171599037,107.34892054322654,lpr:total_combined:bdpl,2.333678835235864,6.266321164764136
T_factor_1.040,1.04,1768.0,0.15136080967773613,gen=45_member=5693_pso,50,10709600.0,0.715379,10709593.135838162,0.7144876276012807,45013.264122283465,100.28955246444755,44331.89936597063,98.77147178738257,lpr:total_combined:bdpl,1.7286482331556492,6.8713517668443505
T_factor_1.040,1.04,1768.0,0.15136080967773613,gen=48_member=6031_pso,50,12052400.0,0.665521,12052365.848215453,0.6612787872427788,50542.03664619567,112.60765764772395,50359.41582725156,112.20077846311648,lpr:total_combined:bdpl,3.219838696006013,5.380161303993987
T_factor_1.040,1.04,1768.0,0.15136080967773613,gen=31_member=3921_pso,50,12113900.0,0.648713,12113891.248633971,0.6442919936943449,50758.519707847816,113.08998190908493,50541.739414484626,112.60699541547174,lpr:total_combined:bdpl,3.5069983453486397,5.09300165465136
T_factor_1.040,1.04,1768.0,0.15136080967773613,gen=44_member=5545_pso,50,11598800.0,0.700704,11598815.43768315,0.6989757570959652,48922.10128165834,108.99844165553478,48203.08537435674,107.39647421406681,lpr:total_combined:bdpl,2.347922948880883,6.252077051119117
T_factor_1.040,1.04,1768.0,0.15136080967773613,gen=39_member=4943_pso,50,11638200.0,0.698899,11638206.369778983,0.6971935765494682,49553.62611216778,110.40547897790981,48263.5673686528,107.53122809735844,lpr:total_combined:bdpl,2.4044064710706,6.1955935289293995
T_factor_1.040,1.04,1768.0,0.15136080967773613,gen=34_member=4333_pso,50,11563700.0,0.701354,11563663.491177239,0.6996310921772233,49190.64059163448,109.59674723816163,48020.76320158239,106.99026041312557,lpr:total_combined:bdpl,2.3271530927197324,6.272846907280267
T_factor_1.040,1.04,1768.0,0.15136080967773613,gen=46_member=5865_pso,50,10532800.0,0.716666,10532832.151348412,0.7158124662215772,44588.28472863733,99.34269837540397,43900.42570084892,97.8101484614914,lpr:total_combined:bdpl,1.6646660888594564,6.935333911140543
T_factor_1.040,1.04,1768.0,0.15136080967773613,gen=35_member=4371_pso,50,11707200.0,0.696196,11707227.059533695,0.6943668127373315,49103.908059944864,109.40350715755716,48760.57446755105,108.63855991370374,lpr:total_combined:bdpl,2.493996483048765,6.106003516951235
T_factor_1.040,1.04,1768.0,0.15136080967773613,gen=39_member=4906_pso,50,11134300.0,0.710422,11134328.034844197,0.709430340476433,47578.77914141552,106.00551992707378,46071.3940281057,102.6470658946195,lpr:total_combined:bdpl,1.9728863385460544,6.627113661453945
T_factor_1.040,1.04,1768.0,0.15136080967773613,gen=47_member=5999_pso,50,10584600.0,0.716506,10584561.410868496,0.715658929634071,45172.36751059882,100.64403481361417,43991.90226940192,98.01395825622748,lpr:total_combined:bdpl,1.6720810297783544,6.927918970221645
T_factor_1.040,1.04,1768.0,0.15136080967773613,gen=42_member=5333_pso,50,10737100.0,0.714956,10737093.054913322,0.7140856867516804,45512.1533406996,101.40107764307871,44447.611060534735,99.02927744287139,lpr:total_combined:bdpl,1.7480596822511676,6.8519403177488325
T_factor_1.040,1.04,1768.0,0.15136080967773613,gen=46_member=5794_pso,50,11924600.0,0.682557,11924617.05125353,0.6796187785789619,49682.41356246758,110.69241741717775,49427.09624546203,110.1235704348894,lpr:total_combined:bdpl,2.851681772014571,5.748318227985429
T_factor_1.040,1.04,1768.0,0.15136080967773613,gen=43_member=5487_pso,50,12067400.0,0.661074,12067409.117305875,0.6567406258892018,50562.666453056096,112.65362085740898,50537.27173193039,112.59704141874091,lpr:total_combined:bdpl,3.296555753833184,5.303444246166816
T_factor_1.040,1.04,1768.0,0.15136080967773613,gen=30_member=3743_pso,50,10742800.0,0.714799,10742769.128613207,0.7139054551021752,45646.324483692624,101.70001094966716,44378.07642666707,98.87435427861422,lpr:total_combined:bdpl,1.7567638423116552,6.843236157688344
T_factor_1.040,1.04,1768.0,0.15136080967773613,gen=39_member=4904_pso,50,10630300.0,0.716073,10630263.80682499,0.7152181387910762,45186.13101289218,100.67469989672378,44125.36338214286,98.31130961541429,lpr:total_combined:bdpl,1.6933687118317475,6.906631288168252
T_factor_1.040,1.04,1768.0,0.15136080967773613,gen=47_member=5956_pso,50,12183100.0,0.627514,12183071.266239155,0.6215090749113179,50949.92024342074,113.51642230234141,50854.86246850255,113.30463357982367,lpr:total_combined:bdpl,3.826342060660103,4.773657939339897
T_factor_1.040,1.04,1768.0,0.15136080967773613,gen=45_member=5633_pso,50,10052500.0,0.7184,10052464.229952421,0.7179609802581843,43191.05822560805,96.22967772665474,42774.25277119569,95.30103517422398,lpr:total_combined:bdpl,1.530542439848459,7.069457560151541
T_factor_1.040,1.04,1768.0,0.15136080967773613,gen=42_member=5374_pso,50,12060700.0,0.662726,12060715.189592736,0.658408342211971,50808.16226453737,113.20058552538926,50520.26567669265,112.55915192767122,lpr:total_combined:bdpl,3.268363215136349,5.331636784863651
T_factor_1.040,1.04,1768.0,0.15136080967773613,gen=48_member=6063_pso,50,11984100.0,0.674935,11984089.021979596,0.671859600191983,50686.86090154338,112.93032608863865,50056.85481995258,111.52667253885436,lpr:total_combined:bdpl,3.0229329648129357,5.5770670351870635
T_factor_1.040,1.04,1768.0,0.15136080967773613,gen=37_member=4733_pso,50,11692900.0,0.69644,11692914.81233409,0.6946266423601576,49794.90136387573,110.94304023871513,48748.25392030278,108.61110973443459,lpr:total_combined:bdpl,2.485761575370476,6.114238424629524
T_factor_1.040,1.04,1768.0,0.15136080967773613,gen=38_member=4788_pso,50,12107000.0,0.64925,12107032.78287132,0.6448420950125826,50838.0282661453,113.26712697697172,50549.15545890157,112.6235183624327,lpr:total_combined:bdpl,3.4976989504276577,5.1023010495723415
T_factor_1.040,1.04,1768.0,0.15136080967773613,gen=42_member=5267_pso,50,11624000.0,0.698994,11624016.320151795,0.6972623676328602,49374.311990781556,110.0059671154613,48229.59089885325,107.45552852264503,lpr:total_combined:bdpl,2.40222624152379,6.19777375847621
T_factor_1.040,1.04,1768.0,0.15136080967773613,gen=46_member=5801_pso,50,12128900.0,0.644216,12128869.131304957,0.6396832730240916,50817.75993013832,113.22196912434818,50772.09331393344,113.1202239034437,lpr:total_combined:bdpl,3.5849081997196004,5.015091800280399
T_factor_1.040,1.04,1768.0,0.15136080967773613,gen=47_member=5934_pso,50,12214400.0,0.617987,12214365.004216783,0.6118362692506533,51089.75653112735,113.82797755135174,51089.75653112735,113.82797755135174,lpr:total_combined:bdpl,3.953030665629284,4.6469693343707155
T_factor_1.040,1.04,1768.0,0.15136080967773613,gen=40_member=5041_pso,50,10773400.0,0.714662,10773385.543513425,0.7137540315937778,45911.66320015842,102.29118560995296,44777.123591647796,99.76343136219128,lpr:total_combined:bdpl,1.7640767335692686,6.835923266430731
T_factor_1.040,1.04,1768.0,0.15136080967773613,gen=44_member=5596_pso,50,11129300.0,0.710806,11129305.094874427,0.7098209179120313,46326.48433354849,103.21540709514603,46042.22206637733,102.5820707638887,lpr:total_combined:bdpl,1.9540236774940323,6.645976322505968
T_factor_1.040,1.04,1768.0,0.15136080967773613,gen=46_member=5800_pso,50,10266700.0,0.717862,10266732.962909713,0.7174055982335612,43830.81669688098,97.65505960065083,43267.22125075295,96.39936894667757,lpr:total_combined:bdpl,1.5781951166079622,7.021804883392037
T_factor_1.040,1.04,1768.0,0.15136080967773613,90,50,12416100.0,0.556633,12416131.199367564,0.5470743969200803,52367.2352406157,116.67420011609178,52367.2352406157,116.67420011609178,lpr:total_combined:bdpl,4.668284728106536,3.931715271893464
T_factor_1.040,1.04,1768.0,0.15136080967773613,8,50,12404500.0,0.556712,12404528.288386147,0.5470848885189276,52432.08592469255,116.81868744021499,52432.08592469255,116.81868744021499,lpr:total_combined:bdpl,4.668186118683868,3.931813881316132
T_factor_1.040,1.04,1768.0,0.15136080967773613,gen=47_member=5927_pso,50,12191700.0,0.623739,12191693.59369932,0.6176999416230992,50892.77888623762,113.3891113585374,50864.275180965094,113.32560510319023,lpr:total_combined:bdpl,3.8762318030322187,4.7237681969677805
T_factor_1.040,1.04,1768.0,0.15136080967773613,gen=23_member=2880_pso,50,12086100.0,0.651425,12086117.93737263,0.6470426753119819,50685.30030794859,112.92684908610946,50513.65277696667,112.54441838708175,lpr:total_combined:bdpl,3.460498411943217,5.139501588056783
T_factor_1.040,1.04,1768.0,0.15136080967773613,gen=45_member=5694_pso,50,11937100.0,0.681248,11937082.887701936,0.6782910481746578,49824.64404995597,111.0093069433019,49490.96174587519,110.26586276980991,lpr:total_combined:bdpl,2.8809858302681257,5.719014169731874
T_factor_1.040,1.04,1768.0,0.15136080967773613,gen=33_member=4157_pso,50,12187200.0,0.625142,12187167.117334038,0.6191222695328675,51187.975454635576,114.04680931292806,50849.17018404211,113.29195117004582,lpr:total_combined:bdpl,3.8576030054507635,4.742396994549236
T_factor_1.040,1.04,1768.0,0.15136080967773613,gen=39_member=4884_pso,50,11680400.0,0.697022,11680425.995853443,0.6951960100687021,49254.57549238486,109.73919419703346,48559.45242309004,108.19045999864461,lpr:total_combined:bdpl,2.467716325318286,6.132283674681714
T_factor_1.040,1.04,1768.0,0.15136080967773613,gen=43_member=5440_pso,50,12121100.0,0.647192,12121098.886050921,0.642743528294558,50835.08313646425,113.26056522804235,50621.75583412206,112.78527199842394,lpr:total_combined:bdpl,3.5331749619039736,5.066825038096026
T_factor_1.040,1.04,1768.0,0.15136080967773613,gen=33_member=4206_pso,50,11551100.0,0.701567,11551056.819824193,0.6998583375355509,48667.510880842834,108.43121424251783,47816.250315878584,106.53460570377749,lpr:total_combined:bdpl,2.3199508941182296,6.28004910588177
T_factor_1.040,1.04,1768.0,0.15136080967773613,gen=48_member=6130_pso,50,11497500.0,0.703325,11497486.999720298,0.7016840101013685,48519.73772520262,108.10197565175143,47653.76048447941,106.17257835942013,lpr:total_combined:bdpl,2.2620889580280807,6.337911041971919
T_factor_1.040,1.04,1768.0,0.15136080967773613,gen=40_member=5021_pso,50,12103200.0,0.650633,12103213.1286555,0.6462185826536412,51356.81714081211,114.42298858972939,50538.80335523818,112.60045387547066,lpr:total_combined:bdpl,3.47442959666741,5.12557040333259
T_factor_1.040,1.04,1768.0,0.15136080967773613,gen=45_member=5738_pso,50,10894900.0,0.713643,10894885.825538045,0.7127340698998467,45530.41708116328,101.44176925683179,44923.50650222009,100.08957248694635,lpr:total_combined:bdpl,1.8133350623029854,6.786664937697014
T_factor_1.040,1.04,1768.0,0.15136080967773613,gen=27_member=3377_pso,50,12186900.0,0.625766,12186931.25762333,0.619754228990279,50945.06918245952,113.5056141385198,50866.95776489414,113.33158190018415,lpr:total_combined:bdpl,3.8493259796461285,4.7506740203538715
T_factor_1.040,1.04,1768.0,0.15136080967773613,gen=46_member=5826_pso,50,12186100.0,0.627088,12186064.810103523,0.6210773254349625,50982.68793573881,113.58942872082606,50864.647947326586,113.32643562664363,lpr:total_combined:bdpl,3.8319968562565947,4.768003143743405
T_factor_1.040,1.04,1768.0,0.15136080967773613,gen=41_member=5141_pso,50,11030000.0,0.711812,11029968.090569744,0.710844900334752,46670.83927397202,103.98262990240966,45764.1445725456,101.96251410763159,lpr:total_combined:bdpl,1.9045711705067163,6.6954288294932836
T_factor_1.040,1.04,1768.0,0.15136080967773613,gen=29_member=3677_pso,50,11489400.0,0.703344,11489410.323236927,0.701668278803365,48245.40350903176,107.49075901812276,47672.920123003445,106.21526603405167,lpr:total_combined:bdpl,2.262587537771641,6.337412462228359
T_factor_1.040,1.04,1768.0,0.15136080967773613,gen=35_member=4441_pso,50,12097700.0,0.650754,12097747.115144044,0.6463604964804698,50601.79755350265,112.7408049492039,50516.3430693612,112.55041235853676,lpr:total_combined:bdpl,3.4720305609322195,5.12796943906778
T_factor_1.040,1.04,1768.0,0.15136080967773613,gen=31_member=3912_pso,50,11666300.0,0.697443,11666347.56033951,0.6956208181487895,49118.4329153273,109.43586853534921,48526.83479974014,108.11778793382103,lpr:total_combined:bdpl,2.4542526744748576,6.145747325525142
T_factor_1.040,1.04,1768.0,0.15136080967773613,gen=44_member=5517_pso,50,12132500.0,0.643292,12132464.82691212,0.6387572004351049,51456.49456959809,114.64506990106455,50794.287641190014,113.16967286457135,lpr:total_combined:bdpl,3.6004364612301507,4.9995635387698485
T_factor_1.040,1.04,1768.0,0.15136080967773613,gen=49_member=6177_pso,50,12138900.0,0.642618,12138871.541597325,0.6378530201506947,50825.8835101407,113.24006846059348,50801.76609991204,113.18633487060403,lpr:total_combined:bdpl,3.6122788720973924,4.987721127902607
T_factor_1.040,1.04,1768.0,0.15136080967773613,gen=44_member=5611_pso,50,11923800.0,0.68319,11923767.054962939,0.6802557216738288,49891.114152183596,111.15740233106504,49430.9234601053,110.13209746911461,lpr:total_combined:bdpl,2.8376239350503276,5.762376064949672
T_factor_1.040,1.04,1768.0,0.15136080967773613,gen=35_member=4426_pso,50,12009300.0,0.66959,12009325.101516692,0.6658229487931165,50272.83216736466,112.00787006888845,50272.83216736466,112.00787006888845,lpr:total_combined:bdpl,3.1430202055928187,5.4569797944071805
T_factor_1.040,1.04,1768.0,0.15136080967773613,gen=25_member=3126_pso,50,11880600.0,0.687242,11880589.469000075,0.6843255026503109,49706.3042309079,110.7456458264628,49291.21269141708,109.82082187647725,lpr:total_combined:bdpl,2.7478006558458894,5.85219934415411
T_factor_1.040,1.04,1768.0,0.15136080967773613,gen=36_member=4525_pso,50,11173400.0,0.709924,11173377.904344108,0.7089344260738855,46765.35983396837,104.19322171008152,46266.519971233356,103.08180649590791,lpr:total_combined:bdpl,1.9968361739269516,6.6031638260730485
T_factor_1.040,1.04,1768.0,0.15136080967773613,gen=47_member=5916_pso,50,11938700.0,0.681121,11938697.818192918,0.6781623369136718,49794.69939162476,110.94259024453996,49495.352919661775,110.27564630500643,lpr:total_combined:bdpl,2.8838265894144044,5.716173410585595
T_factor_1.040,1.04,1768.0,0.15136080967773613,gen=37_member=4683_pso,50,11669800.0,0.697204,11669824.724862162,0.6954210593773423,48673.953149886016,108.44556761794604,48585.14827481801,108.24771035629453,lpr:total_combined:bdpl,2.4605837271966506,6.139416272803349
T_factor_1.040,1.04,1768.0,0.15136080967773613,gen=30_member=3767_pso,50,12001400.0,0.670255,12001377.210174264,0.666705141408729,50548.11932642426,112.62120985927325,50242.449031244745,111.94017644161329,lpr:total_combined:bdpl,3.128106848258509,5.47189315174149
T_factor_1.040,1.04,1768.0,0.15136080967773613,gen=41_member=5185_pso,50,11449100.0,0.705422,11449096.778256543,0.7037837239170889,48486.720972743366,108.02841432727222,47453.85902728026,105.72719791278043,lpr:total_combined:bdpl,2.195541698192137,6.404458301807862
T_factor_1.040,1.04,1768.0,0.15136080967773613,gen=40_member=5102_pso,50,12208700.0,0.61827,12208710.648241015,0.6121301426810134,51061.80412640587,113.76569959363228,51061.80412640587,113.76569959363228,lpr:total_combined:bdpl,3.9491816877591677,4.6508183122408315
T_factor_1.040,1.04,1768.0,0.15136080967773613,gen=40_member=5107_pso,50,12124500.0,0.647188,12124489.979887124,0.6427379172121743,50849.12766349434,113.2918564342654,50630.82800675064,112.80548479904043,lpr:total_combined:bdpl,3.5332698165594536,5.066730183440546
T_factor_1.040,1.04,1768.0,0.15136080967773613,gen=36_member=4597_pso,50,12067700.0,0.660395,12067736.32117229,0.6560506645412937,51057.747764340544,113.75666201895073,50541.95907510031,112.60748481932349,lpr:total_combined:bdpl,3.308219465301763,5.291780534698237
T_factor_1.040,1.04,1768.0,0.15136080967773613,gen=43_member=5401_pso,50,12002800.0,0.670056,12002793.896778665,0.6664590298641458,50410.158340373324,112.31383278235177,50198.64970178832,111.84259153558438,lpr:total_combined:bdpl,3.1322673335578792,5.467732666442121
T_factor_1.040,1.04,1768.0,0.15136080967773613,gen=34_member=4241_pso,50,12130700.0,0.643917,12130735.362367615,0.639396907211278,51374.07002860749,114.4614280237375,50782.20974221339,113.14276330565143,lpr:total_combined:bdpl,3.589749178457396,5.010250821542604
T_factor_1.040,1.04,1768.0,0.15136080967773613,gen=41_member=5136_pso,50,10406500.0,0.717487,10406546.441500314,0.7169174022892646,43931.72374076148,97.87988049441658,43609.560802630964,97.16210146826178,lpr:total_combined:bdpl,1.611303982835546,6.988696017164454
T_factor_1.040,1.04,1768.0,0.15136080967773613,gen=30_member=3730_pso,50,12140000.0,0.641959,12140045.72221974,0.6370150337050334,51075.04584032901,113.79520213225304,50815.44517450234,113.21681184879121,lpr:total_combined:bdpl,3.623254315780255,4.976745684219745
T_factor_1.040,1.04,1768.0,0.15136080967773613,gen=26_member=3274_pso,50,12038900.0,0.665819,12038850.4455638,0.6615863420810273,50639.3413163918,112.82445245292094,50304.87921352462,112.07927088773285,lpr:total_combined:bdpl,3.214639519407246,5.3853604805927535
T_factor_1.040,1.04,1768.0,0.15136080967773613,gen=27_member=3397_pso,50,12071700.0,0.660095,12071654.496071892,0.6557456374502426,50981.96316968758,113.58781394206393,50552.867655833994,112.63178913719814,lpr:total_combined:bdpl,3.3133759106459935,5.286624089354007
T_factor_1.040,1.04,1768.0,0.15136080967773613,gen=35_member=4358_pso,50,12204700.0,0.618623,12204661.884933073,0.6125015900508889,51106.48412393821,113.86524662813433,51009.814886034575,113.64986756608504,lpr:total_combined:bdpl,3.944316692972768,4.655683307027232
T_factor_1.040,1.04,1768.0,0.15136080967773613,gen=39_member=4886_pso,50,12044000.0,0.665732,12044004.390030988,0.6614938873089289,50491.711318747475,112.49553281816937,50342.93282698114,112.16405433851398,lpr:total_combined:bdpl,3.216202455923791,5.3837975440762085
T_factor_1.040,1.04,1768.0,0.15136080967773613,gen=44_member=5592_pso,50,12203600.0,0.618851,12203605.6103388,0.6127173649831092,51092.96853954465,113.83513390610548,51061.40909363768,113.76481946062475,lpr:total_combined:bdpl,3.941490602373069,4.658509397626931
T_factor_1.040,1.04,1768.0,0.15136080967773613,gen=38_member=4844_pso,50,12142000.0,0.641745,12141958.442525955,0.6367338169163557,50941.33531657965,113.49729508533946,50823.455622000954,113.23465912581813,lpr:total_combined:bdpl,3.6269375245514586,4.9730624754485415
T_factor_1.040,1.04,1768.0,0.15136080967773613,gen=42_member=5368_pso,50,12047200.0,0.665633,12047226.813034713,0.6613985985181021,50988.90270934845,113.60327523642833,50307.04728986295,112.08410136181466,lpr:total_combined:bdpl,3.217813301177316,5.382186698822684
T_factor_1.040,1.04,1768.0,0.15136080967773613,gen=41_member=5212_pso,50,12074000.0,0.659863,12074040.299001968,0.6555091392866343,50894.43854761299,113.39280908408173,50560.45217337479,112.64868744227903,lpr:total_combined:bdpl,3.3173738829259465,5.282626117074053
T_factor_1.040,1.04,1768.0,0.15136080967773613,gen=46_member=5787_pso,50,12049200.0,0.665563,12049204.249162452,0.6613240270701252,50381.152569186444,112.2492079241474,50349.292689661954,112.17822411256682,lpr:total_combined:bdpl,3.21907392230578,5.38092607769422
T_factor_1.040,1.04,1768.0,0.15136080967773613,gen=47_member=5970_pso,50,12075000.0,0.659832,12074981.120001724,0.6554785752361296,50713.11596487974,112.98882236975206,50559.08338774511,112.64563778789609,lpr:total_combined:bdpl,3.3178905644291636,5.2821094355708365
T_factor_1.040,1.04,1768.0,0.15136080967773613,gen=50_member=6375_pso,50,12295700.0,0.582721,12295746.208614845,0.5747639410195524,51477.2567191637,114.69132797029671,51477.2567191637,114.69132797029671,lpr:total_combined:bdpl,4.379317460353661,4.220682539646338
T_factor_1.040,1.04,1768.0,0.15136080967773613,gen=50_member=6314_pso,50,12219200.0,0.616249,12219242.960929338,0.6100829590845438,51108.100000000006,113.86884680000001,51108.100000000006,113.86884680000001,lpr:total_combined:bdpl,3.9759944702186787,4.624005529781321
T_factor_1.040,1.04,1768.0,0.15136080967773613,gen=50_member=6331_pso,50,12250500.0,0.600795,12250481.385280203,0.5931586683894949,51229.27664652902,114.13882836846665,51189.651842018546,114.05054430401732,lpr:total_combined:bdpl,4.180564799908259,4.4194352000917405
T_factor_1.040,1.04,1768.0,0.15136080967773613,gen=50_member=6311_pso,50,12149400.0,0.639509,12149374.420328459,0.6338001561076229,50943.69444447454,113.50255122228927,50840.12644413603,113.27180171753508,lpr:total_combined:bdpl,3.6653608536608715,4.934639146339128
T_factor_1.040,1.04,1768.0,0.15136080967773613,gen=50_member=6307_pso,50,9981370.0,0.718653,9981373.38209072,0.7182267792772575,43752.64310475318,97.48088883739008,42375.601402361644,94.41283992446174,lpr:total_combined:bdpl,1.5077364537392057,7.092263546260794
T_factor_1.040,1.04,1768.0,0.15136080967773613,gen=50_member=6332_pso,50,11222500.0,0.709503,11222480.829753874,0.7084770857074189,47077.84871533011,104.88944693775548,46464.529875399385,103.52297256238982,lpr:total_combined:bdpl,2.018923103513283,6.581076896486717
T_factor_1.040,1.04,1768.0,0.15136080967773613,gen=50_member=6369_pso,50,10816200.0,0.714409,10816152.42359839,0.7135008417851467,45326.84803553662,100.98821742317558,44806.315606127355,99.82847117045175,lpr:total_combined:bdpl,1.7763043563317558,6.823695643668244
T_factor_1.040,1.04,1768.0,0.15136080967773613,gen=50_member=6392_pso,50,10988800.0,0.712623,10988818.450383374,0.7116571794643862,46401.29951110389,103.38209531073947,45639.441190947065,101.68467497343006,lpr:total_combined:bdpl,1.8653427243512075,6.734657275648792
T_factor_1.040,1.04,1768.0,0.15136080967773613,gen=50_member=6378_pso,50,11022800.0,0.712066,11022782.803294366,0.7110908066675117,46236.0318934091,103.01387905851547,45780.544156578704,101.99905238085735,lpr:total_combined:bdpl,1.8926952980608662,6.707304701939133
T_factor_1.040,1.04,1768.0,0.15136080967773613,gen=50_member=6337_pso,50,12024000.0,0.668505,12024025.732677821,0.6643604204261311,50701.722188745116,112.96343703652411,50210.12362714249,111.86815544127347,lpr:total_combined:bdpl,3.1677440672103594,5.432255932789641
T_factor_1.040,1.04,1768.0,0.15136080967773613,gen=50_member=6333_pso,50,11046600.0,0.711612,11046597.887337454,0.7106376888159222,46399.3412240379,103.37773224715643,45873.557837677174,102.20628686234474,lpr:total_combined:bdpl,1.9145783042771944,6.685421695722805
T_factor_1.040,1.04,1768.0,0.15136080967773613,gen=50_member=6385_pso,50,10736300.0,0.715054,10736330.109125491,0.714205528023275,44989.937994704,100.2375818522005,44397.263235323626,98.91710248830104,lpr:total_combined:bdpl,1.7422720327862904,6.857727967213709
T_factor_1.080,1.08,1836.0000000000002,0.11906462996609912,gen=47_member=5907_pso,50,9738960.0,0.719193,9738959.963789836,0.7183757033504581,42427.949226186,94.52947087594241,41736.54912774984,92.98903145662663,lpr:total_combined:bdpl,1.4949585271818053,7.105041472818194
T_factor_1.080,1.08,1836.0000000000002,0.11906462996609912,56,50,12446400.0,0.533346,12446397.913772527,0.513233563723277,52637.1528415432,117.27557653095823,52637.1528415432,117.27557653095823,lpr:total_combined:bdpl,4.9863511232045346,3.613648876795465
T_factor_1.080,1.08,1836.0000000000002,0.11906462996609912,64,50,12377800.0,0.56755,12377834.289729021,0.5503061105020917,52241.56295681393,116.39420226778142,52241.56295681393,116.39420226778142,lpr:total_combined:bdpl,4.637910195569415,3.962089804430585
T_factor_1.080,1.08,1836.0000000000002,0.11906462996609912,gen=40_member=5105_pso,50,12283000.0,0.583854,12283049.42442162,0.568182584575885,51868.902507044404,115.56391478569493,51444.95457882824,114.61935880162932,lpr:total_combined:bdpl,4.450428169211232,4.1495718307887675
T_factor_1.080,1.08,1836.0000000000002,0.11906462996609912,30,50,12433400.0,0.544694,12433371.76921002,0.5251005525570662,52187.23403515008,116.27315743031438,52187.23403515008,116.27315743031438,lpr:total_combined:bdpl,4.874814556209249,3.7251854437907506
T_factor_1.080,1.08,1836.0000000000002,0.11906462996609912,gen=36_member=4531_pso,50,12223600.0,0.605591,12223597.44766552,0.5916441976353065,51053.0244471527,113.7461384682562,51053.0244471527,113.7461384682562,lpr:total_combined:bdpl,4.196928461380815,4.4030715386191845
T_factor_1.080,1.08,1836.0000000000002,0.11906462996609912,105,50,12417100.0,0.55506,12417148.746273495,0.5355631195549977,52327.1463926199,116.58488216275714,52327.1463926199,116.58488216275714,lpr:total_combined:bdpl,4.776478000807366,3.823521999192634
T_factor_1.080,1.08,1836.0000000000002,0.11906462996609912,gen=49_member=6222_pso,50,12218800.0,0.616332,12218818.301128551,0.6041402350208319,51106.17822286103,113.86456508053438,51106.17822286103,113.86456508053438,lpr:total_combined:bdpl,4.053828704437823,4.546171295562177
T_factor_1.080,1.08,1836.0000000000002,0.11906462996609912,18,50,12390900.0,0.557388,12390900.705456987,0.5384243446621895,52187.6001459564,116.27397312519085,52187.6001459564,116.27397312519085,lpr:total_combined:bdpl,4.749585650074868,3.8504143499251313
T_factor_1.080,1.08,1836.0000000000002,0.11906462996609912,35,50,12440100.0,0.533609,12440134.96511929,0.5134069257690606,52700.025782036595,117.41565744237754,52700.025782036595,117.41565744237754,lpr:total_combined:bdpl,4.984721711758649,3.615278288241351
T_factor_1.080,1.08,1836.0000000000002,0.11906462996609912,gen=44_member=5567_pso,50,9875600.0,0.719021,9875603.379483644,0.7181868567651266,42989.08731889699,95.7796865465025,42069.119675814705,93.72999863771516,lpr:total_combined:bdpl,1.5111618699061946,7.088838130093805
T_factor_1.080,1.08,1836.0000000000002,0.11906462996609912,gen=49_member=6144_pso,50,9757770.0,0.719034,9757774.55799681,0.7182105545033198,42132.10114850491,93.87032135886894,41805.01359125954,93.14157028132627,lpr:total_combined:bdpl,1.5091285656075575,7.090871434392442
T_factor_1.080,1.08,1836.0000000000002,0.11906462996609912,gen=46_member=5849_pso,50,10309300.0,0.717719,10309323.448797248,0.7165608228519459,45220.50929470598,100.75129470860493,43336.516794327195,96.55375941776099,lpr:total_combined:bdpl,1.6285247346026341,6.971475265397365
T_factor_1.080,1.08,1836.0000000000002,0.11906462996609912,gen=31_member=3852_pso,50,12085500.0,0.652391,12085489.190941257,0.643787528759686,50809.626277516305,113.20384734630632,50462.82627345364,112.4311769372547,lpr:total_combined:bdpl,3.5155262628352,5.0844737371647994
T_factor_1.080,1.08,1836.0000000000002,0.11906462996609912,gen=37_member=4697_pso,50,9951180.0,0.718657,9951183.919557761,0.7177933931390118,42929.95184756078,95.6479327163654,42506.86767415341,94.70530117801378,lpr:total_combined:bdpl,1.5449216859618071,7.055078314038193
T_factor_1.080,1.08,1836.0000000000002,0.11906462996609912,gen=42_member=5264_pso,50,12276000.0,0.587416,12275991.063515613,0.5718146946823232,51721.642237508655,115.23581890516928,51425.41398676402,114.57582236251024,lpr:total_combined:bdpl,4.411183687237294,4.188816312762706
T_factor_1.080,1.08,1836.0000000000002,0.11906462996609912,gen=43_member=5399_pso,50,12075700.0,0.659796,12075652.37136835,0.6511960655675636,50662.073440237364,112.87509962484884,50563.483653430434,112.655441579843,lpr:total_combined:bdpl,3.3902858620599634,5.209714137940036
T_factor_1.080,1.08,1836.0000000000002,0.11906462996609912,gen=35_member=4383_pso,50,10482600.0,0.717261,10482596.881225228,0.7157034878680273,44395.66150852786,98.91353384100007,43697.952601065685,97.35903839517434,lpr:total_combined:bdpl,1.6699291213791747,6.930070878620825
T_factor_1.080,1.08,1836.0000000000002,0.11906462996609912,gen=47_member=5964_pso,50,10840100.0,0.714224,10840089.258866806,0.7124336817857654,45340.13174397748,101.01781352558181,44763.52736283021,99.7331389643857,lpr:total_combined:bdpl,1.8278420938505002,6.772157906149499
T_factor_1.080,1.08,1836.0000000000002,0.11906462996609912,gen=45_member=5721_pso,50,10935500.0,0.713017,10935459.38484597,0.7111363704114508,46077.815037649634,102.66137190388338,45406.79805241785,101.16634606078696,lpr:total_combined:bdpl,1.8904948292681205,6.709505170731879
T_factor_1.080,1.08,1836.0000000000002,0.11906462996609912,gen=47_member=5893_pso,50,10050300.0,0.718629,10050330.220899835,0.7177590268084744,44663.8123416983,99.51097389730381,42679.893231787595,95.09080212042277,lpr:total_combined:bdpl,1.5478703727537941,7.052129627246206
T_factor_1.080,1.08,1836.0000000000002,0.11906462996609912,gen=35_member=4446_pso,50,11409800.0,0.706375,11409792.203285765,0.7031160800598611,48804.747890203915,108.73697829937431,47323.49343085893,105.4367433639537,lpr:total_combined:bdpl,2.216701662427339,6.383298337572661
T_factor_1.080,1.08,1836.0000000000002,0.11906462996609912,gen=45_member=5683_pso,50,10240800.0,0.71792,10240771.73598947,0.7169209912416584,44683.47269518394,99.55477716486982,43384.26011810516,96.66013154313829,lpr:total_combined:bdpl,1.6111306569176447,6.988869343082355
T_factor_1.080,1.08,1836.0000000000002,0.11906462996609912,gen=49_member=6242_pso,50,11866200.0,0.690335,11866171.531540677,0.6846442264795395,49793.36739732516,110.93962256124044,49240.59882468567,109.70805418139967,lpr:total_combined:bdpl,2.740766169305374,5.859233830694626
T_factor_1.080,1.08,1836.0000000000002,0.11906462996609912,gen=45_member=5670_pso,50,10406200.0,0.717494,10406231.87516301,0.7161150770646594,44191.60289947777,98.45889126003648,43609.30208475285,97.16152504482936,lpr:total_combined:bdpl,1.6500517121866674,6.949948287813332
T_factor_1.080,1.08,1836.0000000000002,0.11906462996609912,gen=38_member=4778_pso,50,10164400.0,0.71794,10164356.433517821,0.7169693826085084,43216.77328051297,96.28697086898289,42970.82431105304,95.73899656502617,lpr:total_combined:bdpl,1.6087936300759953,6.991206369924004
T_factor_1.080,1.08,1836.0000000000002,0.11906462996609912,gen=43_member=5423_pso,50,12257800.0,0.594933,12257750.350139363,0.5796180229406473,51233.33114761955,114.14786179689636,51233.33114761955,114.14786179689636,lpr:total_combined:bdpl,4.326869730282163,4.273130269717837
T_factor_1.080,1.08,1836.0000000000002,0.11906462996609912,gen=38_member=4827_pso,50,12171600.0,0.631596,12171637.808199104,0.6198578685328778,50979.48086559517,113.58228336854604,50813.54471465353,113.21257762424806,lpr:total_combined:bdpl,3.8479685710997233,4.752031428900276
T_factor_1.080,1.08,1836.0000000000002,0.11906462996609912,gen=46_member=5827_pso,50,12142700.0,0.641492,12142688.246643651,0.6306826982291788,51220.46766399847,114.11920195538859,50818.373966461804,113.22333719727689,lpr:total_combined:bdpl,3.7061914465131967,4.893808553486803
T_factor_1.080,1.08,1836.0000000000002,0.11906462996609912,gen=49_member=6197_pso,50,10994700.0,0.712329,10994705.05589987,0.7104103020252828,46401.49017389091,103.38252010742895,45612.509888916305,101.62467203250553,lpr:total_combined:bdpl,1.9255597885325961,6.674440211467403
T_factor_1.080,1.08,1836.0000000000002,0.11906462996609912,gen=34_member=4254_pso,50,11826100.0,0.692032,11826081.210188618,0.6870667470423812,49289.58618785271,109.81719802653583,49090.82356794755,109.37435490938714,lpr:total_combined:bdpl,2.6872992279264514,5.912700772073548
T_factor_1.080,1.08,1836.0000000000002,0.11906462996609912,gen=46_member=5867_pso,50,11245900.0,0.709312,11245910.539729662,0.7073319761278709,47224.11676777734,105.21533215860791,46469.35011106735,103.53371204745807,lpr:total_combined:bdpl,2.074225360883454,6.525774639116546
T_factor_1.080,1.08,1836.0000000000002,0.11906462996609912,gen=31_member=3915_pso,50,12151300.0,0.634089,12151250.97606472,0.622426451023941,50778.043066439204,113.13347995202655,50719.60111312249,113.0032712800369,lpr:total_combined:bdpl,3.8143268187522787,4.785673181247721
T_factor_1.080,1.08,1836.0000000000002,0.11906462996609912,gen=47_member=5976_pso,50,11362000.0,0.706998,11362024.609674983,0.7040055180219555,48125.197185073404,107.22293932834354,46930.904979662475,104.56205629468799,lpr:total_combined:bdpl,2.1885122688403205,6.41148773115968
T_factor_1.080,1.08,1836.0000000000002,0.11906462996609912,gen=39_member=4925_pso,50,11896400.0,0.684874,11896391.93605654,0.6789918558158053,50146.24464222477,111.72583306287677,49634.299194174644,110.5852186046211,lpr:total_combined:bdpl,2.865518452347011,5.7344815476529885
T_factor_1.080,1.08,1836.0000000000002,0.11906462996609912,gen=36_member=4494_pso,50,10420500.0,0.717361,10420504.849209998,0.7158977362915158,44203.144887668415,98.48460680972522,43469.94284558344,96.85103265995991,lpr:total_combined:bdpl,1.6605480311312437,6.939451968868756
T_factor_1.080,1.08,1836.0000000000002,0.11906462996609912,gen=44_member=5537_pso,50,10636200.0,0.715586,10636170.166640699,0.7138705168055859,45169.2898288748,100.63717773873304,44280.52405169593,98.65700758717853,lpr:total_combined:bdpl,1.7584511626385204,6.841548837361479
T_factor_1.080,1.08,1836.0000000000002,0.11906462996609912,gen=46_member=5774_pso,50,12198800.0,0.623458,12198824.129546277,0.6114290017580265,51031.70882205056,113.69864725552864,51031.70882205056,113.69864725552864,lpr:total_combined:bdpl,3.958364810891811,4.641635189108189
T_factor_1.080,1.08,1836.0000000000002,0.11906462996609912,gen=37_member=4723_pso,50,11316900.0,0.708149,11316939.89607805,0.7057302218027729,47958.33587102356,106.8511723206405,46911.033225908424,104.51778202732396,lpr:total_combined:bdpl,2.1338503859766726,6.466149614023327
T_factor_1.080,1.08,1836.0000000000002,0.11906462996609912,gen=45_member=5711_pso,50,10701000.0,0.715537,10701015.255649135,0.7138102640130456,44962.49060320653,100.17642906394414,44382.095728658474,98.88330928345108,lpr:total_combined:bdpl,1.7613610286459742,6.838638971354025
T_factor_1.080,1.08,1836.0000000000002,0.11906462996609912,gen=29_member=3643_pso,50,11063400.0,0.711087,11063367.898928545,0.7091289357162097,46773.04844914237,104.2103519446892,45939.598395335444,102.35342522480737,lpr:total_combined:bdpl,1.98744246830007,6.612557531699929
T_factor_1.080,1.08,1836.0000000000002,0.11906462996609912,gen=28_member=3493_pso,50,12010000.0,0.668784,12010002.111146484,0.6607251347268687,50587.18777954187,112.70825437281928,50262.96022798913,111.98587538795978,lpr:total_combined:bdpl,3.2291981234855482,5.370801876514451
T_factor_1.080,1.08,1836.0000000000002,0.11906462996609912,gen=39_member=4935_pso,50,11281500.0,0.708428,11281519.05267382,0.706179692634516,47746.93364863757,106.3801681691645,46654.0946465578,103.94532287253078,lpr:total_combined:bdpl,2.119605086448354,6.480394913551645
T_factor_1.080,1.08,1836.0000000000002,0.11906462996609912,gen=44_member=5540_pso,50,12269800.0,0.591573,12269791.265440106,0.5761719613647318,51409.0442246771,114.53935053258057,51274.750450654414,114.24014400405802,lpr:total_combined:bdpl,4.364103981842263,4.235896018157737
T_factor_1.080,1.08,1836.0000000000002,0.11906462996609912,gen=42_member=5321_pso,50,11999300.0,0.671198,11999286.1007488,0.6639558525648818,50602.65384263916,112.74271276140006,50173.2583189863,111.78601953470147,lpr:total_combined:bdpl,3.1745832369948395,5.42541676300516
T_factor_1.080,1.08,1836.0000000000002,0.11906462996609912,gen=39_member=4882_pso,50,10775300.0,0.714436,10775264.386121174,0.7126755491385454,45802.7874267953,102.04861038689992,44827.07266782531,99.8747179039148,lpr:total_combined:bdpl,1.8161612810865724,6.783838718913428
T_factor_1.080,1.08,1836.0000000000002,0.11906462996609912,gen=39_member=4970_pso,50,12038300.0,0.666387,12038325.731098836,0.658043669980873,50516.56288398654,112.550902105522,50255.35737047452,111.96893622141724,lpr:total_combined:bdpl,3.274527954214886,5.325472045785114
T_factor_1.080,1.08,1836.0000000000002,0.11906462996609912,gen=32_member=3991_pso,50,12201000.0,0.619031,12200978.588406555,0.6069303533924352,51219.6970317056,114.11748498664006,51020.12093871804,113.6728294514638,lpr:total_combined:bdpl,4.01728540804609,4.58271459195391
T_factor_1.080,1.08,1836.0000000000002,0.11906462996609912,gen=37_member=4713_pso,50,12177200.0,0.629244,12177156.784652073,0.6174370528940765,50997.8887656764,113.62329616992702,50833.59811395465,113.25725659789096,lpr:total_combined:bdpl,3.8796749618746884,4.720325038125312
T_factor_1.080,1.08,1836.0000000000002,0.11906462996609912,gen=41_member=5214_pso,50,11978400.0,0.676443,11978411.285790766,0.6704144954305603,50645.64701899745,112.83850155832631,50104.31768993943,111.63241981318505,lpr:total_combined:bdpl,3.0548275677940366,5.545172432205963
T_factor_1.080,1.08,1836.0000000000002,0.11906462996609912,gen=47_member=5902_pso,50,11103200.0,0.710867,11103175.487190865,0.7088872729616772,47049.460161530864,104.82619723989076,46109.99146446721,102.73306098283294,lpr:total_combined:bdpl,1.9991134001363209,6.600886599863679
T_factor_1.080,1.08,1836.0000000000002,0.11906462996609912,gen=45_member=5714_pso,50,11993300.0,0.674785,11993278.716311434,0.6686537591162429,50064.69897747029,111.5441493218038,49746.83479228297,110.83594791720645,lpr:total_combined:bdpl,3.093688408335642,5.506311591664358
T_factor_1.080,1.08,1836.0000000000002,0.11906462996609912,gen=45_member=5725_pso,50,10086100.0,0.718322,10086052.361235783,0.7174660514700838,43236.57024331604,96.33107850210814,42605.227886494205,94.92444773110908,lpr:total_combined:bdpl,1.573008131053232,7.026991868946768
T_factor_1.080,1.08,1836.0000000000002,0.11906462996609912,gen=41_member=5219_pso,50,10877600.0,0.713721,10877623.213253161,0.7118844039378083,45831.09410723573,102.11167767092121,45102.71967809803,100.48885944280241,lpr:total_combined:bdpl,1.8543690790910339,6.745630920908965
T_factor_1.080,1.08,1836.0000000000002,0.11906462996609912,gen=38_member=4779_pso,50,11511900.0,0.702673,11511911.853114262,0.6993672678593293,48003.579465953466,106.95197505014431,47829.015475785905,106.563046480051,lpr:total_combined:bdpl,2.3355146062281373,6.264485393771862
T_factor_1.080,1.08,1836.0000000000002,0.11906462996609912,gen=39_member=4891_pso,50,12250700.0,0.597475,12250726.961103301,0.582235891480137,51186.95182954514,114.04452867622658,51181.4721129275,114.03231986760247,lpr:total_combined:bdpl,4.298583997829826,4.301416002170174
T_factor_1.080,1.08,1836.0000000000002,0.11906462996609912,gen=38_member=4772_pso,50,11343500.0,0.707434,11343536.810518842,0.7044790395737804,47559.18910881358,105.96187333443666,47088.50036268619,104.91317880806483,lpr:total_combined:bdpl,2.173504718043973,6.426495281956027
T_factor_1.080,1.08,1836.0000000000002,0.11906462996609912,gen=42_member=5263_pso,50,12267300.0,0.591914,12267261.652988074,0.5765234918042954,51401.15443533461,114.5217720819255,51266.89061527922,114.2226322908421,lpr:total_combined:bdpl,4.360305740711222,4.239694259288778
T_factor_1.080,1.08,1836.0000000000002,0.11906462996609912,gen=40_member=5076_pso,50,11779100.0,0.693959,11779139.5975923,0.6899245337921854,49427.02345467124,110.12340825700751,48946.710201045935,109.05327032793033,lpr:total_combined:bdpl,2.6242256181627406,5.975774381837259
T_factor_1.080,1.08,1836.0000000000002,0.11906462996609912,gen=49_member=6161_pso,50,10118300.0,0.718234,10118254.813456059,0.7173765766416238,43142.178199925635,96.12077302943432,42648.48611640095,95.02082706734132,lpr:total_combined:bdpl,1.5806852161760525,7.019314783823948
T_factor_1.080,1.08,1836.0000000000002,0.11906462996609912,gen=43_member=5437_pso,50,11872500.0,0.688115,11872492.260370716,0.6825409412971006,49773.96375344011,110.89639124266456,49388.10419626745,110.03669614928387,lpr:total_combined:bdpl,2.7871873338055013,5.812812666194498
T_factor_1.080,1.08,1836.0000000000002,0.11906462996609912,gen=44_member=5578_pso,50,10529000.0,0.716879,10529046.22432401,0.715219718700634,45321.15226539255,100.9755272472946,43781.85514960589,97.54597327332193,lpr:total_combined:bdpl,1.6932924112168997,6.9067075887830995
T_factor_1.080,1.08,1836.0000000000002,0.11906462996609912,gen=36_member=4573_pso,50,9923880.0,0.718701,9923883.486663597,0.7178465211203514,42793.782245499315,95.34454684297248,42379.19800126966,94.42085314682879,lpr:total_combined:bdpl,1.5403632191598258,7.059636780840174
T_factor_1.080,1.08,1836.0000000000002,0.11906462996609912,gen=44_member=5555_pso,50,11482000.0,0.70427,11481968.855985735,0.7008945254748882,48635.122267710045,108.35905241245798,47726.17379980708,106.33391522597017,lpr:total_combined:bdpl,2.2871104815240537,6.312889518475946
T_factor_1.080,1.08,1836.0000000000002,0.11906462996609912,gen=38_member=4840_pso,50,11953800.0,0.677695,11953765.575695587,0.6717169183444665,50063.23576541098,111.54088928533567,49665.68700823383,110.65515065434496,lpr:total_combined:bdpl,3.0260820658335916,5.573917934166408
T_factor_1.080,1.08,1836.0000000000002,0.11906462996609912,gen=47_member=5966_pso,50,11540800.0,0.702015,11540755.077291641,0.6987092309571111,48509.58313027878,108.07935121426111,47949.67757377042,106.8318816343605,lpr:total_combined:bdpl,2.3563700925261726,6.243629907473827
T_factor_1.080,1.08,1836.0000000000002,0.11906462996609912,gen=47_member=5898_pso,50,11764400.0,0.695319,11764362.834467728,0.691752299008648,49013.50339598111,109.20208556624591,48858.132426577125,108.85591904641383,lpr:total_combined:bdpl,2.576859549026945,6.023140450973054
T_factor_1.080,1.08,1836.0000000000002,0.11906462996609912,gen=38_member=4768_pso,50,10569000.0,0.71664,10568987.168558508,0.7149683249734677,44629.149277354714,99.4337445899463,43944.607240902464,97.90858493273069,lpr:total_combined:bdpl,1.70543329349516,6.89456670650484
T_factor_1.080,1.08,1836.0000000000002,0.11906462996609912,gen=41_member=5241_pso,50,11446400.0,0.705662,11446374.076925283,0.702409869022158,48174.289000024866,107.3323158920554,47488.398587199335,105.80415205228012,lpr:total_combined:bdpl,2.2390839552299067,6.360916044770093
T_factor_1.080,1.08,1836.0000000000002,0.11906462996609912,gen=39_member=4901_pso,50,9895340.0,0.718742,9895339.590260155,0.7178922393262145,43036.58307268322,95.88550708593822,42282.3515580355,94.20507927130309,lpr:total_combined:bdpl,1.536440523088608,7.063559476911392
T_factor_1.080,1.08,1836.0000000000002,0.11906462996609912,gen=40_member=5082_pso,50,10606200.0,0.716303,10606192.66881587,0.7146406906839453,45134.53789635979,100.5597504330896,43870.23979482254,97.74289426286462,lpr:total_combined:bdpl,1.7212561598182359,6.878743840181764
T_factor_1.080,1.08,1836.0000000000002,0.11906462996609912,gen=49_member=6158_pso,50,11921100.0,0.684136,11921105.488845602,0.6783753985225146,49938.49052936899,111.2629568994341,49407.06456081771,110.07893984150185,lpr:total_combined:bdpl,2.8791241514971246,5.720875848502875
T_factor_1.080,1.08,1836.0000000000002,0.11906462996609912,gen=49_member=6216_pso,50,11945100.0,0.680279,11945134.063002478,0.6742139279818476,49765.95027878354,110.87853722112972,49575.549827551215,110.45432501578411,lpr:total_combined:bdpl,2.970971091771166,5.629028908228834
T_factor_1.080,1.08,1836.0000000000002,0.11906462996609912,gen=47_member=6002_pso,50,10144400.0,0.718198,10144439.49189337,0.7173405942521399,43537.03644438117,97.00051719808124,42685.09218699485,95.10238539262453,lpr:total_combined:bdpl,1.5837725634416993,7.0162274365583
T_factor_1.080,1.08,1836.0000000000002,0.11906462996609912,gen=32_member=3978_pso,50,11724500.0,0.69565,11724521.462720819,0.6920953808398833,49484.08398621317,110.25053912128294,48874.142584268266,108.89158967774969,lpr:total_combined:bdpl,2.5659860882737378,6.034013911726262
T_factor_1.080,1.08,1836.0000000000002,0.11906462996609912,gen=24_member=2976_pso,50,11884300.0,0.687169,11884331.744194893,0.6814058664758899,49948.858920262544,111.28605767434495,49302.48132715866,109.8459283969095,lpr:total_combined:bdpl,2.8122393312404284,5.787760668759571
T_factor_1.080,1.08,1836.0000000000002,0.11906462996609912,gen=46_member=5863_pso,50,11617300.0,0.700106,11617325.353071578,0.6966430241388338,49401.63840788752,110.06685037277339,48314.00128676755,107.6435948669181,lpr:total_combined:bdpl,2.421855398657536,6.1781446013424635
T_factor_1.080,1.08,1836.0000000000002,0.11906462996609912,gen=49_member=6159_pso,50,10903700.0,0.713479,10903671.696892686,0.7116468069369106,45667.79848784485,101.74785503091832,45185.67293819359,100.67367930629531,lpr:total_combined:bdpl,1.865843658230623,6.734156341769377
T_factor_1.080,1.08,1836.0000000000002,0.11906462996609912,gen=49_member=6198_pso,50,11459600.0,0.705203,11459602.640373657,0.7019443654697309,48552.841526723045,108.17573092153894,47570.689864403525,105.98749701789104,lpr:total_combined:bdpl,2.253837387638639,6.346162612361361
T_factor_1.080,1.08,1836.0000000000002,0.11906462996609912,gen=39_member=4883_pso,50,11655800.0,0.698172,11655757.181802921,0.694704257475923,48881.632005089115,108.90827610733855,48537.54062247831,108.14164050688167,lpr:total_combined:bdpl,2.483301681437611,6.116698318562388
T_factor_1.080,1.08,1836.0000000000002,0.11906462996609912,gen=36_member=4595_pso,50,12058100.0,0.663152,12058128.274327343,0.6546354619400545,50642.234983008704,112.83089954214338,50507.80174322089,112.53138228389614,lpr:total_combined:bdpl,3.332143290687754,5.2678567093122455
T_factor_1.080,1.08,1836.0000000000002,0.11906462996609912,gen=44_member=5538_pso,50,11819700.0,0.693476,11819711.981230736,0.6893734297806714,49533.11938529392,110.35978999043485,48989.99124684964,109.149700497981,lpr:total_combined:bdpl,2.636388918788244,5.963611081211756
T_factor_1.080,1.08,1836.0000000000002,0.11906462996609912,gen=47_member=5958_pso,50,11252200.0,0.708814,11252182.316333093,0.7068025149862724,46889.07693987987,104.46886342205235,46538.53885013175,103.68786455809354,lpr:total_combined:bdpl,2.0997953123039506,6.5002046876960495
T_factor_1.080,1.08,1836.0000000000002,0.11906462996609912,gen=46_member=5862_pso,50,12127400.0,0.646326,12127415.605267622,0.63704885507646,50873.35612585935,113.34583744841463,50761.635386620335,113.0969236413901,lpr:total_combined:bdpl,3.62281134374975,4.97718865625025
T_factor_1.080,1.08,1836.0000000000002,0.11906462996609912,gen=48_member=6077_pso,50,11804900.0,0.693913,11804869.991800735,0.6900223173711749,49514.66438767297,110.31867225573538,48929.08457796394,109.01400043970366,lpr:total_combined:bdpl,2.622067457375233,5.9779325426247665
T_factor_1.080,1.08,1836.0000000000002,0.11906462996609912,gen=38_member=4784_pso,50,11163300.0,0.710244,11163326.786992056,0.7083062747631411,47658.341063344036,106.1827838891305,46251.2716214466,103.04783317258301,lpr:total_combined:bdpl,2.0271722972767456,6.572827702723254
T_factor_1.080,1.08,1836.0000000000002,0.11906462996609912,gen=38_member=4799_pso,50,11949800.0,0.678338,11949789.008105733,0.6723865322225033,50300.94685990873,112.07050960387664,49627.29767271265,110.56961921480378,lpr:total_combined:bdpl,3.0113031588915113,5.588696841108488
T_factor_1.080,1.08,1836.0000000000002,0.11906462996609912,gen=33_member=4144_pso,50,10275000.0,0.717721,10274983.576880537,0.7165438260742355,43886.43329653439,97.77897338467862,43197.64571836743,96.24435466052263,lpr:total_combined:bdpl,1.6293455819627418,6.970654418037258
T_factor_1.080,1.08,1836.0000000000002,0.11906462996609912,gen=40_member=5066_pso,50,11747400.0,0.695498,11747366.836248316,0.6918434273375678,49275.627853929764,109.7860988585555,48795.80376842059,108.71705079604108,lpr:total_combined:bdpl,2.573971374201578,6.026028625798421
T_factor_1.080,1.08,1836.0000000000002,0.11906462996609912,gen=40_member=5054_pso,50,11588500.0,0.701146,11588547.789286416,0.6977472838972774,48781.04607997798,108.68417066619094,48181.74171599037,107.34892054322654,lpr:total_combined:bdpl,2.386857552512341,6.213142447487659
T_factor_1.080,1.08,1836.0000000000002,0.11906462996609912,gen=45_member=5693_pso,50,10709600.0,0.715379,10709593.135838162,0.7136148506593015,45013.264122283465,100.28955246444755,44331.89936597063,98.77147178738257,lpr:total_combined:bdpl,1.7707983783768044,6.829201621623195
T_factor_1.080,1.08,1836.0000000000002,0.11906462996609912,gen=48_member=6031_pso,50,12052400.0,0.665521,12052365.848215453,0.6571344593685822,50542.03664619567,112.60765764772395,50359.41582725156,112.20077846311648,lpr:total_combined:bdpl,3.28989804744994,5.31010195255006
T_factor_1.080,1.08,1836.0000000000002,0.11906462996609912,gen=31_member=3921_pso,50,12113900.0,0.648713,12113891.248633971,0.6399859248010316,50758.519707847816,113.08998190908493,50541.739414484626,112.60699541547174,lpr:total_combined:bdpl,3.5797919087673855,5.020208091232615
T_factor_1.080,1.08,1836.0000000000002,0.11906462996609912,gen=44_member=5545_pso,50,11598800.0,0.700704,11598815.43768315,0.6972911344378672,48922.10128165834,108.99844165553478,48203.08537435674,107.39647421406681,lpr:total_combined:bdpl,2.4013145210630693,6.19868547893693
T_factor_1.080,1.08,1836.0000000000002,0.11906462996609912,gen=39_member=4943_pso,50,11638200.0,0.698899,11638206.369778983,0.6955317485417072,49553.62611216778,110.40547897790981,48263.5673686528,107.53122809735844,lpr:total_combined:bdpl,2.4570756012192634,6.142924398780736
T_factor_1.080,1.08,1836.0000000000002,0.11906462996609912,gen=34_member=4333_pso,50,11563700.0,0.701354,11563663.491177239,0.6979465738327721,49190.64059163448,109.59674723816163,48020.76320158239,106.99026041312557,lpr:total_combined:bdpl,2.3805413588383457,6.219458641161654
T_factor_1.080,1.08,1836.0000000000002,0.11906462996609912,gen=46_member=5865_pso,50,10532800.0,0.716666,10532832.151348412,0.7149762028315684,44588.28472863733,99.34269837540397,43900.42570084892,97.8101484614914,lpr:total_combined:bdpl,1.7050528379090846,6.894947162090915
T_factor_1.080,1.08,1836.0000000000002,0.11906462996609912,gen=35_member=4371_pso,50,11707200.0,0.696196,11707227.059533695,0.692586290430385,49103.908059944864,109.40350715755716,48760.57446755105,108.63855991370374,lpr:total_combined:bdpl,2.5504274498390704,6.04957255016093
T_factor_1.080,1.08,1836.0000000000002,0.11906462996609912,gen=39_member=4906_pso,50,11134300.0,0.710422,11134328.034844197,0.7084611711572605,47578.77914141552,106.00551992707378,46071.3940281057,102.6470658946195,lpr:total_combined:bdpl,2.0196916854590685,6.580308314540931
T_factor_1.080,1.08,1836.0000000000002,0.11906462996609912,gen=47_member=5999_pso,50,10584600.0,0.716506,10584561.410868496,0.7148288746994883,45172.36751059882,100.64403481361417,43991.90226940192,98.01395825622748,lpr:total_combined:bdpl,1.7121679458635322,6.887832054136467
T_factor_1.080,1.08,1836.0000000000002,0.11906462996609912,gen=42_member=5333_pso,50,10737100.0,0.714956,10737093.054913322,0.7132329159770598,45512.1533406996,101.40107764307871,44447.611060534735,99.02927744287139,lpr:total_combined:bdpl,1.789243643767273,6.8107563562327265
T_factor_1.080,1.08,1836.0000000000002,0.11906462996609912,gen=46_member=5794_pso,50,11924600.0,0.682557,11924617.05125353,0.6767600354591812,49682.41356246758,110.69241741717775,49427.09624546203,110.1235704348894,lpr:total_combined:bdpl,2.9147764896187103,5.68522351038129
T_factor_1.080,1.08,1836.0000000000002,0.11906462996609912,gen=43_member=5487_pso,50,12067400.0,0.661074,12067409.117305875,0.6525065013710454,50562.666453056096,112.65362085740898,50537.27173193039,112.59704141874091,lpr:total_combined:bdpl,3.368133106465395,5.231866893534605
T_factor_1.080,1.08,1836.0000000000002,0.11906462996609912,gen=30_member=3743_pso,50,10742800.0,0.714799,10742769.128613207,0.713029974632577,45646.324483692624,101.70001094966716,44378.07642666707,98.87435427861422,lpr:total_combined:bdpl,1.7990445524873528,6.800955447512647
T_factor_1.080,1.08,1836.0000000000002,0.11906462996609912,gen=39_member=4904_pso,50,10630300.0,0.716073,10630263.80682499,0.7143802486526307,45186.13101289218,100.67469989672378,44125.36338214286,98.31130961541429,lpr:total_combined:bdpl,1.733834023546753,6.866165976453247
T_factor_1.080,1.08,1836.0000000000002,0.11906462996609912,gen=47_member=5956_pso,50,12183100.0,0.627514,12183071.266239155,0.6156681412156261,50949.92024342074,113.51642230234141,50854.86246850255,113.30463357982367,lpr:total_combined:bdpl,3.9028431057119928,4.697156894288007
T_factor_1.080,1.08,1836.0000000000002,0.11906462996609912,gen=45_member=5633_pso,50,10052500.0,0.7184,10052464.229952421,0.7175300263392568,43191.05822560805,96.22967772665474,42774.25277119569,95.30103517422398,lpr:total_combined:bdpl,1.5675189837163093,7.032481016283691
T_factor_1.080,1.08,1836.0000000000002,0.11906462996609912,gen=42_member=5374_pso,50,12060700.0,0.662726,12060715.189592736,0.6541969495770894,50808.16226453737,113.20058552538926,50520.26567669265,112.55915192767122,lpr:total_combined:bdpl,3.339556288086141,5.260443711913858
T_factor_1.080,1.08,1836.0000000000002,0.11906462996609912,gen=48_member=6063_pso,50,11984100.0,0.674935,11984089.021979596,0.668861451683279,50686.86090154338,112.93032608863865,50056.85481995258,111.52667253885436,lpr:total_combined:bdpl,3.0891044694098433,5.510895530590156
T_factor_1.080,1.08,1836.0000000000002,0.11906462996609912,gen=37_member=4733_pso,50,11692900.0,0.69644,11692914.81233409,0.6928613703257525,49794.90136387573,110.94304023871513,48748.25392030278,108.61110973443459,lpr:total_combined:bdpl,2.541709207793123,6.0582907922068765
T_factor_1.080,1.08,1836.0000000000002,0.11906462996609912,gen=38_member=4788_pso,50,12107000.0,0.64925,12107032.78287132,0.6405560965019179,50838.0282661453,113.26712697697172,50549.15545890157,112.6235183624327,lpr:total_combined:bdpl,3.570153226503732,5.029846773496267
T_factor_1.080,1.08,1836.0000000000002,0.11906462996609912,gen=42_member=5267_pso,50,11624000.0,0.698994,11624016.320151795,0.6955755177025095,49374.311990781556,110.0059671154613,48229.59089885325,107.45552852264503,lpr:total_combined:bdpl,2.4556884037379194,6.14431159626208
T_factor_1.080,1.08,1836.0000000000002,0.11906462996609912,gen=46_member=5801_pso,50,12128900.0,0.644216,12128869.131304957,0.6342437451938373,50817.75993013832,113.22196912434818,50772.09331393344,113.1202239034437,lpr:total_combined:bdpl,3.6595509899580794,4.94044901004192
T_factor_1.080,1.08,1836.0000000000002,0.11906462996609912,gen=47_member=5934_pso,50,12214400.0,0.617987,12214365.004216783,0.60583317155733,51089.75653112735,113.82797755135174,51089.75653112735,113.82797755135174,lpr:total_combined:bdpl,4.031655637425583,4.5683443625744165
T_factor_1.080,1.08,1836.0000000000002,0.11906462996609912,gen=40_member=5041_pso,50,10773400.0,0.714662,10773385.543513425,0.7128658988466415,45911.66320015842,102.29118560995296,44777.123591647796,99.76343136219128,lpr:total_combined:bdpl,1.806968476541501,6.793031523458499
T_factor_1.080,1.08,1836.0000000000002,0.11906462996609912,gen=44_member=5596_pso,50,11129300.0,0.710806,11129305.094874427,0.7088575228377503,46326.48433354849,103.21540709514603,46042.22206637733,102.5820707638887,lpr:total_combined:bdpl,2.0005501613333148,6.599449838666684
T_factor_1.080,1.08,1836.0000000000002,0.11906462996609912,gen=46_member=5800_pso,50,10266700.0,0.717862,10266732.962909713,0.7168076392893777,43830.81669688098,97.65505960065083,43267.22125075295,96.39936894667757,lpr:total_combined:bdpl,1.6166049092952302,6.98339509070477
T_factor_1.080,1.08,1836.0000000000002,0.11906462996609912,90,50,12416100.0,0.556633,12416131.199367564,0.5374578607042325,52367.2352406157,116.67420011609178,52367.2352406157,116.67420011609178,lpr:total_combined:bdpl,4.758669530091642,3.8413304699083577
T_factor_1.080,1.08,1836.0000000000002,0.11906462996609912,8,50,12404500.0,0.556712,12404528.288386147,0.5374004762374553,52432.08592469255,116.81868744021499,52432.08592469255,116.81868744021499,lpr:total_combined:bdpl,4.759208880596882,3.840791119403118
T_factor_1.080,1.08,1836.0000000000002,0.11906462996609912,gen=47_member=5927_pso,50,12191700.0,0.623739,12191693.59369932,0.6118214048601205,50892.77888623762,113.3891113585374,50864.275180965094,113.32560510319023,lpr:total_combined:bdpl,3.953225350498016,4.6467746495019835
T_factor_1.080,1.08,1836.0000000000002,0.11906462996609912,gen=23_member=2880_pso,50,12086100.0,0.651425,12086117.93737263,0.6427714419509915,50685.30030794859,112.92684908610946,50513.65277696667,112.54441838708175,lpr:total_combined:bdpl,3.5327030849855654,5.067296915014435
T_factor_1.080,1.08,1836.0000000000002,0.11906462996609912,gen=45_member=5694_pso,50,11937100.0,0.681248,11937082.887701936,0.6754150729721113,49824.64404995597,111.0093069433019,49490.96174587519,110.26586276980991,lpr:total_combined:bdpl,2.9444608735434676,5.655539126456532
T_factor_1.080,1.08,1836.0000000000002,0.11906462996609912,gen=33_member=4157_pso,50,12187200.0,0.625142,12187167.117334038,0.6132578161056522,51187.975454635576,114.04680931292806,50849.17018404211,113.29195117004582,lpr:total_combined:bdpl,3.934412097834574,4.665587902165425
T_factor_1.080,1.08,1836.0000000000002,0.11906462996609912,gen=39_member=4884_pso,50,11680400.0,0.697022,11680425.995853443,0.6934173302769351,49254.57549238486,109.73919419703346,48559.45242309004,108.19045999864461,lpr:total_combined:bdpl,2.524088896371287,6.075911103628712
T_factor_1.080,1.08,1836.0000000000002,0.11906462996609912,gen=43_member=5440_pso,50,12121100.0,0.647192,12121098.886050921,0.6383040996426995,50835.08313646425,113.26056522804235,50621.75583412206,112.78527199842394,lpr:total_combined:bdpl,3.6063709035537164,4.993629096446283
T_factor_1.080,1.08,1836.0000000000002,0.11906462996609912,gen=33_member=4206_pso,50,11551100.0,0.701567,11551056.819824193,0.6981924843593235,48667.510880842834,108.43121424251783,47816.250315878584,106.53460570377749,lpr:total_combined:bdpl,2.3727475959053757,6.227252404094624
T_factor_1.080,1.08,1836.0000000000002,0.11906462996609912,gen=48_member=6130_pso,50,11497500.0,0.703325,11497486.999720298,0.7000845869306168,48519.73772520262,108.10197565175143,47653.76048447941,106.17257835942013,lpr:total_combined:bdpl,2.3127802610688812,6.287219738931118
T_factor_1.080,1.08,1836.0000000000002,0.11906462996609912,gen=40_member=5021_pso,50,12103200.0,0.650633,12103213.1286555,0.6419244113363034,51356.81714081211,114.42298858972939,50538.80335523818,112.60045387547066,lpr:total_combined:bdpl,3.5470220330320448,5.052977966967955
T_factor_1.080,1.08,1836.0000000000002,0.11906462996609912,gen=45_member=5738_pso,50,10894900.0,0.713643,10894885.825538045,0.711844434452875,45530.41708116328,101.44176925683179,44923.50650222009,100.08957248694635,lpr:total_combined:bdpl,1.8562993771011196,6.74370062289888
T_factor_1.080,1.08,1836.0000000000002,0.11906462996609912,gen=27_member=3377_pso,50,12186900.0,0.625766,12186931.25762333,0.6138923371331424,50945.06918245952,113.5056141385198,50866.95776489414,113.33158190018415,lpr:total_combined:bdpl,3.9261015221219604,4.673898477878039
T_factor_1.080,1.08,1836.0000000000002,0.11906462996609912,gen=46_member=5826_pso,50,12186100.0,0.627088,12186064.810103523,0.6152317301536497,50982.68793573881,113.58942872082606,50864.647947326586,113.32643562664363,lpr:total_combined:bdpl,3.908558955960048,4.691441044039951
T_factor_1.080,1.08,1836.0000000000002,0.11906462996609912,gen=41_member=5141_pso,50,11030000.0,0.711812,11029968.090569744,0.7098983724730665,46670.83927397202,103.98262990240966,45764.1445725456,101.96251410763159,lpr:total_combined:bdpl,1.9502830642414943,6.649716935758505
T_factor_1.080,1.08,1836.0000000000002,0.11906462996609912,gen=29_member=3677_pso,50,11489400.0,0.703344,11489410.323236927,0.7000338515663636,48245.40350903176,107.49075901812276,47672.920123003445,106.21526603405167,lpr:total_combined:bdpl,2.314388241853004,6.285611758146995
T_factor_1.080,1.08,1836.0000000000002,0.11906462996609912,gen=35_member=4441_pso,50,12097700.0,0.650754,12097747.115144044,0.6420789397151319,50601.79755350265,112.7408049492039,50516.3430693612,112.55041235853676,lpr:total_combined:bdpl,3.544409749851505,5.055590250148494
T_factor_1.080,1.08,1836.0000000000002,0.11906462996609912,gen=31_member=3912_pso,50,11666300.0,0.697443,11666347.56033951,0.6938461638263218,49118.4329153273,109.43586853534921,48526.83479974014,108.11778793382103,lpr:total_combined:bdpl,2.51049766435493,6.0895023356450695
T_factor_1.080,1.08,1836.0000000000002,0.11906462996609912,gen=44_member=5517_pso,50,12132500.0,0.643292,12132464.82691212,0.6330553864291653,51456.49456959809,114.64506990106455,50794.287641190014,113.16967286457135,lpr:total_combined:bdpl,3.675115400055909,4.9248845999440904
T_factor_1.080,1.08,1836.0000000000002,0.11906462996609912,gen=49_member=6177_pso,50,12138900.0,0.642618,12138871.541597325,0.6321335294932517,50825.8835101407,113.24006846059348,50801.76609991204,113.18633487060403,lpr:total_combined:bdpl,3.6871893290987496,4.91281067090125
T_factor_1.080,1.08,1836.0000000000002,0.11906462996609912,gen=44_member=5611_pso,50,11923800.0,0.68319,11923767.054962939,0.6774009962135606,49891.114152183596,111.15740233106504,49430.9234601053,110.13209746911461,lpr:total_combined:bdpl,2.9006299797371202,5.699370020262879
T_factor_1.080,1.08,1836.0000000000002,0.11906462996609912,gen=35_member=4426_pso,50,12009300.0,0.66959,12009325.101516692,0.661788480596069,50272.83216736466,112.00787006888845,50272.83216736466,112.00787006888845,lpr:total_combined:bdpl,3.2112223927474983,5.388777607252502
T_factor_1.080,1.08,1836.0000000000002,0.11906462996609912,gen=25_member=3126_pso,50,11880600.0,0.687242,11880589.469000075,0.6814820568355725,49706.3042309079,110.7456458264628,49291.21269141708,109.82082187647725,lpr:total_combined:bdpl,2.810557749850666,5.7894422501493334
T_factor_1.080,1.08,1836.0000000000002,0.11906462996609912,gen=36_member=4525_pso,50,11173400.0,0.709924,11173377.904344108,0.7079664113856838,46765.35983396837,104.19322171008152,46266.519971233356,103.08180649590791,lpr:total_combined:bdpl,2.0435857587537343,6.556414241246266
T_factor_1.080,1.08,1836.0000000000002,0.11906462996609912,gen=47_member=5916_pso,50,11938700.0,0.681121,11938697.818192918,0.6752848107601598,49794.69939162476,110.94259024453996,49495.352919661775,110.27564630500643,lpr:total_combined:bdpl,2.9473358634020195,5.652664136597981
T_factor_1.080,1.08,1836.0000000000002,0.11906462996609912,gen=37_member=4683_pso,50,11669800.0,0.697204,11669824.724862162,0.6936846350147198,48673.953149886016,108.44556761794604,48585.14827481801,108.24771035629453,lpr:total_combined:bdpl,2.5156170762081986,6.084382923791801
T_factor_1.080,1.08,1836.0000000000002,0.11906462996609912,gen=30_member=3767_pso,50,12001400.0,0.670255,12001377.210174264,0.6626808022874573,50548.11932642426,112.62120985927325,50242.449031244745,111.94017644161329,lpr:total_combined:bdpl,3.1961378046367823,5.403862195363217
T_factor_1.080,1.08,1836.0000000000002,0.11906462996609912,gen=41_member=5185_pso,50,11449100.0,0.705422,11449096.778256543,0.7021860174393004,48486.720972743366,108.02841432727222,47453.85902728026,105.72719791278043,lpr:total_combined:bdpl,2.246178593240845,6.353821406759154
T_factor_1.080,1.08,1836.0000000000002,0.11906462996609912,gen=40_member=5102_pso,50,12208700.0,0.61827,12208710.648241015,0.6061335966943855,51061.80412640587,113.76569959363228,51061.80412640587,113.76569959363228,lpr:total_combined:bdpl,4.027720849232121,4.572279150767879
T_factor_1.080,1.08,1836.0000000000002,0.11906462996609912,gen=40_member=5107_pso,50,12124500.0,0.647188,12124489.979887124,0.638295634137018,50849.12766349434,113.2918564342654,50630.82800675064,112.80548479904043,lpr:total_combined:bdpl,3.6064817796679254,4.993518220332074
T_factor_1.080,1.08,1836.0000000000002,0.11906462996609912,gen=36_member=4597_pso,50,12067700.0,0.660395,12067736.32117229,0.6518138219905941,51057.747764340544,113.75666201895073,50541.95907510031,112.60748481932349,lpr:total_combined:bdpl,3.379842765938803,5.220157234061197
T_factor_1.080,1.08,1836.0000000000002,0.11906462996609912,gen=43_member=5401_pso,50,12002800.0,0.670056,12002793.896778665,0.6624498454363208,50410.158340373324,112.31383278235177,50198.64970178832,111.84259153558438,lpr:total_combined:bdpl,3.20004210171301,5.39995789828699
T_factor_1.080,1.08,1836.0000000000002,0.11906462996609912,gen=34_member=4241_pso,50,12130700.0,0.643917,12130735.362367615,0.6338811701767003,51374.07002860749,114.4614280237375,50782.20974221339,113.14276330565143,lpr:total_combined:bdpl,3.6642997799916213,4.935700220008378
T_factor_1.080,1.08,1836.0000000000002,0.11906462996609912,gen=41_member=5136_pso,50,10406500.0,0.717487,10406546.441500314,0.716103307201707,43931.72374076148,97.87988049441658,43609.560802630964,97.16210146826178,lpr:total_combined:bdpl,1.6506201293947933,6.949379870605206
T_factor_1.080,1.08,1836.0000000000002,0.11906462996609912,gen=30_member=3730_pso,50,12140000.0,0.641959,12140045.72221974,0.6312990393047553,51075.04584032901,113.79520213225304,50815.44517450234,113.21681184879121,lpr:total_combined:bdpl,3.6981189809029833,4.901881019097017
T_factor_1.080,1.08,1836.0000000000002,0.11906462996609912,gen=26_member=3274_pso,50,12038900.0,0.665819,12038850.4455638,0.657451688450428,50639.3413163918,112.82445245292094,50304.87921352462,112.07927088773285,lpr:total_combined:bdpl,3.2845353289566352,5.315464671043364
T_factor_1.080,1.08,1836.0000000000002,0.11906462996609912,gen=27_member=3397_pso,50,12071700.0,0.660095,12071654.496071892,0.6515048015339147,50981.96316968758,113.58781394206393,50552.867655833994,112.63178913719814,lpr:total_combined:bdpl,3.385066718636337,5.214933281363663
T_factor_1.080,1.08,1836.0000000000002,0.11906462996609912,gen=35_member=4358_pso,50,12204700.0,0.618623,12204661.884933073,0.6065223072265895,51106.48412393821,113.86524662813433,51009.814886034575,113.64986756608504,lpr:total_combined:bdpl,4.022629751903243,4.577370248096757
T_factor_1.080,1.08,1836.0000000000002,0.11906462996609912,gen=39_member=4886_pso,50,12044000.0,0.665732,12044004.390030988,0.6573545087335249,50491.711318747475,112.49553281816937,50342.93282698114,112.16405433851398,lpr:total_combined:bdpl,3.2861781400822054,5.313821859917795
T_factor_1.080,1.08,1836.0000000000002,0.11906462996609912,gen=44_member=5592_pso,50,12203600.0,0.618851,12203605.6103388,0.6067194769138463,51092.96853954465,113.83513390610548,51061.40909363768,113.76481946062475,lpr:total_combined:bdpl,4.020047341639141,4.579952658360859
T_factor_1.080,1.08,1836.0000000000002,0.11906462996609912,gen=38_member=4844_pso,50,12142000.0,0.641745,12141958.442525955,0.6310142855365968,50941.33531657965,113.49729508533946,50823.455622000954,113.23465912581813,lpr:total_combined:bdpl,3.701848514909276,4.8981514850907235
T_factor_1.080,1.08,1836.0000000000002,0.11906462996609912,gen=42_member=5368_pso,50,12047200.0,0.665633,12047226.813034713,0.6572615337236944,50988.90270934845,113.60327523642833,50307.04728986295,112.08410136181466,lpr:total_combined:bdpl,3.287749871153429,5.31225012884657
T_factor_1.080,1.08,1836.0000000000002,0.11906462996609912,gen=41_member=5212_pso,50,12074000.0,0.659863,12074040.299001968,0.6512655478485224,50894.43854761299,113.39280908408173,50560.45217337479,112.64868744227903,lpr:total_combined:bdpl,3.3891112726721095,5.21088872732789
T_factor_1.080,1.08,1836.0000000000002,0.11906462996609912,gen=46_member=5787_pso,50,12049200.0,0.665563,12049204.249162452,0.657181737931645,50381.152569186444,112.2492079241474,50349.292689661954,112.17822411256682,lpr:total_combined:bdpl,3.2890988091739315,5.310901190826068
T_factor_1.080,1.08,1836.0000000000002,0.11906462996609912,gen=47_member=5970_pso,50,12075000.0,0.659832,12074981.120001724,0.651235822626582,50713.11596487974,112.98882236975206,50559.08338774511,112.64563778789609,lpr:total_combined:bdpl,3.3896137738819303,5.21038622611807
T_factor_1.080,1.08,1836.0000000000002,0.11906462996609912,gen=50_member=6375_pso,50,12295700.0,0.582721,12295746.208614845,0.5670035654700892,51477.2567191637,114.69132797029671,51477.2567191637,114.69132797029671,lpr:total_combined:bdpl,4.463167318820798,4.136832681179202
T_factor_1.080,1.08,1836.0000000000002,0.11906462996609912,gen=50_member=6314_pso,50,12219200.0,0.616249,12219242.960929338,0.6040543477907784,51108.100000000006,113.86884680000001,51108.100000000006,113.86884680000001,lpr:total_combined:bdpl,4.0549536038456955,4.545046396154304
T_factor_1.080,1.08,1836.0000000000002,0.11906462996609912,gen=50_member=6331_pso,50,12250500.0,0.600795,12250481.385280203,0.5856613659389711,51229.27664652902,114.13882836846665,51189.651842018546,114.05054430401732,lpr:total_combined:bdpl,4.261572187418678,4.338427812581322
T_factor_1.080,1.08,1836.0000000000002,0.11906462996609912,gen=50_member=6311_pso,50,12149400.0,0.639509,12149374.420328459,0.6280440751509154,50943.69444447454,113.50255122228927,50840.12644413603,113.27180171753508,lpr:total_combined:bdpl,3.740750548448229,4.85924945155177
T_factor_1.080,1.08,1836.0000000000002,0.11906462996609912,gen=50_member=6307_pso,50,9981370.0,0.718653,9981373.38209072,0.7178077353607802,43752.64310475318,97.48088883739008,42375.601402361644,94.41283992446174,lpr:total_combined:bdpl,1.5436911001170337,7.056308899882966
T_factor_1.080,1.08,1836.0000000000002,0.11906462996609912,gen=50_member=6332_pso,50,11222500.0,0.709503,11222480.829753874,0.7074747506508562,47077.84871533011,104.88944693775548,46464.529875399385,103.52297256238982,lpr:total_combined:bdpl,2.067330166260113,6.532669833739886
T_factor_1.080,1.08,1836.0000000000002,0.11906462996609912,gen=50_member=6369_pso,50,10816200.0,0.714409,10816152.42359839,0.7126120634454928,45326.84803553662,100.98821742317558,44806.315606127355,99.82847117045175,lpr:total_combined:bdpl,1.8192272777380927,6.780772722261907
T_factor_1.080,1.08,1836.0000000000002,0.11906462996609912,gen=50_member=6392_pso,50,10988800.0,0.712623,10988818.450383374,0.7107142810902717,46401.29951110389,103.38209531073947,45639.441190947065,101.68467497343006,lpr:total_combined:bdpl,1.910879334550369,6.6891206654496305
T_factor_1.080,1.08,1836.0000000000002,0.11906462996609912,gen=50_member=6378_pso,50,11022800.0,0.712066,11022782.803294366,0.7101385858668968,46236.0318934091,103.01387905851547,45780.544156578704,101.99905238085735,lpr:total_combined:bdpl,1.9386821282554283,6.661317871744571
T_factor_1.080,1.08,1836.0000000000002,0.11906462996609912,gen=50_member=6337_pso,50,12024000.0,0.668505,12024025.732677821,0.660272933496945,50701.722188745116,112.96343703652411,50210.12362714249,111.86815544127347,lpr:total_combined:bdpl,3.236842529491126,5.363157470508874
T_factor_1.080,1.08,1836.0000000000002,0.11906462996609912,gen=50_member=6333_pso,50,11046600.0,0.711612,11046597.887337454,0.709685197580622,46399.3412240379,103.37773224715643,45873.557837677174,102.20628686234474,lpr:total_combined:bdpl,1.9605781949236445,6.639421805076355
T_factor_1.080,1.08,1836.0000000000002,0.11906462996609912,gen=50_member=6385_pso,50,10736300.0,0.715054,10736330.109125491,0.7133736635801764,44989.937994704,100.2375818522005,44397.263235323626,98.91710248830104,lpr:total_combined:bdpl,1.7824463378056365,6.8175536621943635
T_factor_1.120,1.12,1904.0000000000002,0.07981140824009188,gen=47_member=5907_pso,50,9738960.0,0.719193,9738959.963789836,0.7179777599304794,42427.949226186,94.52947087594241,41736.54912774984,92.98903145662663,lpr:total_combined:bdpl,1.5291027168027758,7.070897283197224
T_factor_1.120,1.12,1904.0000000000002,0.07981140824009188,56,50,12446400.0,0.533346,12446397.913772527,0.5035712518722041,52637.1528415432,117.27557653095823,52637.1528415432,117.27557653095823,lpr:total_combined:bdpl,5.077166165520742,3.5228338344792576
T_factor_1.120,1.12,1904.0000000000002,0.07981140824009188,64,50,12377800.0,0.56755,12377834.289729021,0.5410730300025643,52241.56295681393,116.39420226778142,52241.56295681393,116.39420226778142,lpr:total_combined:bdpl,4.724690938025002,3.8753090619749972
T_factor_1.120,1.12,1904.0000000000002,0.07981140824009188,gen=40_member=5105_pso,50,12283000.0,0.583854,12283049.42442162,0.5606481789404317,51868.902507044404,115.56391478569493,51444.95457882824,114.61935880162932,lpr:total_combined:bdpl,4.53183645185684,4.0681635481431595
T_factor_1.120,1.12,1904.0000000000002,0.07981140824009188,30,50,12433400.0,0.544694,12433371.76921002,0.5157531122194731,52187.23403515008,116.27315743031438,52187.23403515008,116.27315743031438,lpr:total_combined:bdpl,4.962670154630293,3.637329845369707
T_factor_1.120,1.12,1904.0000000000002,0.07981140824009188,gen=36_member=4531_pso,50,12223600.0,0.605591,12223597.44766552,0.5844323842075321,51053.0244471527,113.7461384682562,51053.0244471527,113.7461384682562,lpr:total_combined:bdpl,4.274851176764366,4.325148823235634
T_factor_1.120,1.12,1904.0000000000002,0.07981140824009188,105,50,12417100.0,0.55506,12417148.746273495,0.5261463925872129,52327.1463926199,116.58488216275714,52327.1463926199,116.58488216275714,lpr:total_combined:bdpl,4.8649848169027905,3.735015183097209
T_factor_1.120,1.12,1904.0000000000002,0.07981140824009188,gen=49_member=6222_pso,50,12218800.0,0.616332,12218818.301128551,0.5977809920271934,51106.17822286103,113.86456508053438,51106.17822286103,113.86456508053438,lpr:total_combined:bdpl,4.130621188244114,4.4693788117558855
T_factor_1.120,1.12,1904.0000000000002,0.07981140824009188,18,50,12390900.0,0.557388,12390900.705456987,0.5291137724138903,52187.6001459564,116.27397312519085,52187.6001459564,116.27397312519085,lpr:total_combined:bdpl,4.837094729242449,3.7629052707575505
T_factor_1.120,1.12,1904.0000000000002,0.07981140824009188,35,50,12440100.0,0.533609,12440134.96511929,0.5037069400892611,52700.025782036595,117.41565744237754,52700.025782036595,117.41565744237754,lpr:total_combined:bdpl,5.0758908463876224,3.524109153612377
T_factor_1.120,1.12,1904.0000000000002,0.07981140824009188,gen=44_member=5567_pso,50,9875600.0,0.719021,9875603.379483644,0.7177805536059689,42989.08731889699,95.7796865465025,42069.119675814705,93.72999863771516,lpr:total_combined:bdpl,1.5460233386813897,7.05397666131861
T_factor_1.120,1.12,1904.0000000000002,0.07981140824009188,gen=49_member=6144_pso,50,9757770.0,0.719034,9757774.55799681,0.7178098210300661,42132.10114850491,93.87032135886894,41805.01359125954,93.14157028132627,lpr:total_combined:bdpl,1.5435121463160495,7.05648785368395
T_factor_1.120,1.12,1904.0000000000002,0.07981140824009188,gen=46_member=5849_pso,50,10309300.0,0.717719,10309323.448797248,0.7157836745206183,45220.50929470598,100.75129470860493,43336.516794327195,96.55375941776099,lpr:total_combined:bdpl,1.6660565636969729,6.933943436303027
T_factor_1.120,1.12,1904.0000000000002,0.07981140824009188,gen=31_member=3852_pso,50,12085500.0,0.652391,12085489.190941257,0.6396508478255057,50809.626277516305,113.20384734630632,50462.82627345364,112.4311769372547,lpr:total_combined:bdpl,3.585456343701525,5.014543656298475
T_factor_1.120,1.12,1904.0000000000002,0.07981140824009188,gen=37_member=4697_pso,50,9951180.0,0.718657,9951183.919557761,0.7173735991570142,42929.95184756078,95.6479327163654,42506.86767415341,94.70530117801378,lpr:total_combined:bdpl,1.5809406891754836,7.019059310824516
T_factor_1.120,1.12,1904.0000000000002,0.07981140824009188,gen=42_member=5264_pso,50,12276000.0,0.587416,12275991.063515613,0.5643009137303018,51721.642237508655,115.23581890516928,51425.41398676402,114.57582236251024,lpr:total_combined:bdpl,4.49236912283437,4.107630877165629
T_factor_1.120,1.12,1904.0000000000002,0.07981140824009188,gen=43_member=5399_pso,50,12075700.0,0.659796,12075652.37136835,0.6470527630207334,50662.073440237364,112.87509962484884,50563.483653430434,112.655441579843,lpr:total_combined:bdpl,3.460327880471253,5.139672119528747
T_factor_1.120,1.12,1904.0000000000002,0.07981140824009188,gen=35_member=4383_pso,50,10482600.0,0.717261,10482596.881225228,0.7149049030071708,44395.66150852786,98.91353384100007,43697.952601065685,97.35903839517434,lpr:total_combined:bdpl,1.7084962125080814,6.891503787491918
T_factor_1.120,1.12,1904.0000000000002,0.07981140824009188,gen=47_member=5964_pso,50,10840100.0,0.714224,10840089.258866806,0.7115652626425892,45340.13174397748,101.01781352558181,44763.52736283021,99.7331389643857,lpr:total_combined:bdpl,1.8697817822601237,6.730218217739876
T_factor_1.120,1.12,1904.0000000000002,0.07981140824009188,gen=45_member=5721_pso,50,10935500.0,0.713017,10935459.38484597,0.7102263846506323,46077.815037649634,102.66137190388338,45406.79805241785,101.16634606078696,lpr:total_combined:bdpl,1.93444194808259,6.66555805191741
T_factor_1.120,1.12,1904.0000000000002,0.07981140824009188,gen=47_member=5893_pso,50,10050300.0,0.718629,10050330.220899835,0.7173361553906838,44663.8123416983,99.51097389730381,42679.893231787595,95.09080212042277,lpr:total_combined:bdpl,1.5841534249402158,7.015846575059784
T_factor_1.120,1.12,1904.0000000000002,0.07981140824009188,gen=35_member=4446_pso,50,11409800.0,0.706375,11409792.203285765,0.7015428309233108,48804.747890203915,108.73697829937431,47323.49343085893,105.4367433639537,lpr:total_combined:bdpl,2.2665634189642736,6.333436581035726
T_factor_1.120,1.12,1904.0000000000002,0.07981140824009188,gen=45_member=5683_pso,50,10240800.0,0.71792,10240771.73598947,0.7161448942983367,44683.47269518394,99.55477716486982,43384.26011810516,96.66013154313829,lpr:total_combined:bdpl,1.648611709971735,6.951388290028264
T_factor_1.120,1.12,1904.0000000000002,0.07981140824009188,gen=49_member=6242_pso,50,11866200.0,0.690335,11866171.531540677,0.6819009310155125,49793.36739732516,110.93962256124044,49240.59882468567,109.70805418139967,lpr:total_combined:bdpl,2.8013128660021973,5.798687133997802
T_factor_1.120,1.12,1904.0000000000002,0.07981140824009188,gen=45_member=5670_pso,50,10406200.0,0.717494,10406231.87516301,0.7153157297452178,44191.60289947777,98.45889126003648,43609.30208475285,97.16152504482936,lpr:total_combined:bdpl,1.6886556257137597,6.91134437428624
T_factor_1.120,1.12,1904.0000000000002,0.07981140824009188,gen=38_member=4778_pso,50,10164400.0,0.71794,10164356.433517821,0.716199223652874,43216.77328051297,96.28697086898289,42970.82431105304,95.73899656502617,lpr:total_combined:bdpl,1.6459879122138243,6.954012087786175
T_factor_1.120,1.12,1904.0000000000002,0.07981140824009188,gen=43_member=5423_pso,50,12257800.0,0.594933,12257750.350139363,0.5722645277553919,51233.33114761955,114.14786179689636,51233.33114761955,114.14786179689636,lpr:total_combined:bdpl,4.406323298810182,4.193676701189817
T_factor_1.120,1.12,1904.0000000000002,0.07981140824009188,gen=38_member=4827_pso,50,12171600.0,0.631596,12171637.808199104,0.6142066161840222,50979.48086559517,113.58228336854604,50813.54471465353,113.21257762424806,lpr:total_combined:bdpl,3.921985283677421,4.678014716322579
T_factor_1.120,1.12,1904.0000000000002,0.07981140824009188,gen=46_member=5827_pso,50,12142700.0,0.641492,12142688.246643651,0.6251012662087428,51220.46766399847,114.11920195538859,50818.373966461804,113.22333719727689,lpr:total_combined:bdpl,3.779293694320661,4.820706305679339
T_factor_1.120,1.12,1904.0000000000002,0.07981140824009188,gen=49_member=6197_pso,50,10994700.0,0.712329,10994705.05589987,0.7094824338147343,46401.49017389091,103.38252010742895,45612.509888916305,101.62467203250553,lpr:total_combined:bdpl,1.9703705276110464,6.629629472388953
T_factor_1.120,1.12,1904.0000000000002,0.07981140824009188,gen=34_member=4254_pso,50,11826100.0,0.692032,11826081.210188618,0.6844574669139956,49289.58618785271,109.81719802653583,49090.82356794755,109.37435490938714,lpr:total_combined:bdpl,2.744888100361834,5.855111899638166
T_factor_1.120,1.12,1904.0000000000002,0.07981140824009188,gen=46_member=5867_pso,50,11245900.0,0.709312,11245910.539729662,0.7061527011353766,47224.11676777734,105.21533215860791,46469.35011106735,103.53371204745807,lpr:total_combined:bdpl,2.120460541269454,6.479539458730546
T_factor_1.120,1.12,1904.0000000000002,0.07981140824009188,gen=31_member=3915_pso,50,12151300.0,0.634089,12151250.97606472,0.6168064331232133,50778.043066439204,113.13347995202655,50719.60111312249,113.0032712800369,lpr:total_combined:bdpl,3.887934441268712,4.712065558731288
T_factor_1.120,1.12,1904.0000000000002,0.07981140824009188,gen=47_member=5976_pso,50,11362000.0,0.706998,11362024.609674983,0.7025111994631402,48125.197185073404,107.22293932834354,46930.904979662475,104.56205629468799,lpr:total_combined:bdpl,2.2358724398629763,6.364127560137023
T_factor_1.120,1.12,1904.0000000000002,0.07981140824009188,gen=39_member=4925_pso,50,11896400.0,0.684874,11896391.93605654,0.676154121046286,50146.24464222477,111.72583306287677,49634.299194174644,110.5852186046211,lpr:total_combined:bdpl,2.9281494990749874,5.671850500925013
T_factor_1.120,1.12,1904.0000000000002,0.07981140824009188,gen=36_member=4494_pso,50,10420500.0,0.717361,10420504.849209998,0.7151075179025923,44203.144887668415,98.48460680972522,43469.94284558344,96.85103265995991,lpr:total_combined:bdpl,1.6987110694145655,6.901288930585434
T_factor_1.120,1.12,1904.0000000000002,0.07981140824009188,gen=44_member=5537_pso,50,10636200.0,0.715586,10636170.166640699,0.7130375415542538,45169.2898288748,100.63717773873304,44280.52405169593,98.65700758717853,lpr:total_combined:bdpl,1.798679113355982,6.801320886644017
T_factor_1.120,1.12,1904.0000000000002,0.07981140824009188,gen=46_member=5774_pso,50,12198800.0,0.623458,12198824.129546277,0.6056331400918096,51031.70882205056,113.69864725552864,51031.70882205056,113.69864725552864,lpr:total_combined:bdpl,4.034275529544347,4.5657244704556526
T_factor_1.120,1.12,1904.0000000000002,0.07981140824009188,gen=37_member=4723_pso,50,11316900.0,0.708149,11316939.89607805,0.704219262657241,47958.33587102356,106.8511723206405,46911.033225908424,104.51778202732396,lpr:total_combined:bdpl,2.1817379552760667,6.418262044723933
T_factor_1.120,1.12,1904.0000000000002,0.07981140824009188,gen=45_member=5711_pso,50,10701000.0,0.715537,10701015.255649135,0.7129717983340873,44962.49060320653,100.17642906394414,44382.095728658474,98.88330928345108,lpr:total_combined:bdpl,1.8018541356830429,6.7981458643169566
T_factor_1.120,1.12,1904.0000000000002,0.07981140824009188,gen=29_member=3643_pso,50,11063400.0,0.711087,11063367.898928545,0.7081813670357027,46773.04844914237,104.2103519446892,45939.598395335444,102.35342522480737,lpr:total_combined:bdpl,2.0332046276438116,6.566795372356188
T_factor_1.120,1.12,1904.0000000000002,0.07981140824009188,gen=28_member=3493_pso,50,12010000.0,0.668784,12010002.111146484,0.6567768134248324,50587.18777954187,112.70825437281928,50262.96022798913,111.98587538795978,lpr:total_combined:bdpl,3.2959440080076625,5.304055991992337
T_factor_1.120,1.12,1904.0000000000002,0.07981140824009188,gen=39_member=4935_pso,50,11281500.0,0.708428,11281519.05267382,0.7046819509221007,47746.93364863757,106.3801681691645,46654.0946465578,103.94532287253078,lpr:total_combined:bdpl,2.1670737491570566,6.432926250842943
T_factor_1.120,1.12,1904.0000000000002,0.07981140824009188,gen=44_member=5540_pso,50,12269800.0,0.591573,12269791.265440106,0.5687864146736586,51409.0442246771,114.53935053258057,51274.750450654414,114.24014400405802,lpr:total_combined:bdpl,4.4439038627632,4.1560961372367995
T_factor_1.120,1.12,1904.0000000000002,0.07981140824009188,gen=42_member=5321_pso,50,11999300.0,0.671198,11999286.1007488,0.6600531703659792,50602.65384263916,112.74271276140006,50173.2583189863,111.78601953470147,lpr:total_combined:bdpl,3.2405575981087935,5.359442401891206
T_factor_1.120,1.12,1904.0000000000002,0.07981140824009188,gen=39_member=4882_pso,50,10775300.0,0.714436,10775264.386121174,0.7118223879704573,45802.7874267953,102.04861038689992,44827.07266782531,99.8747179039148,lpr:total_combined:bdpl,1.8573640963791251,6.742635903620874
T_factor_1.120,1.12,1904.0000000000002,0.07981140824009188,gen=39_member=4970_pso,50,12038300.0,0.666387,12038325.731098836,0.6540247856934697,50516.56288398654,112.550902105522,50255.35737047452,111.96893622141724,lpr:total_combined:bdpl,3.342466697299554,5.257533302700446
T_factor_1.120,1.12,1904.0000000000002,0.07981140824009188,gen=32_member=3991_pso,50,12201000.0,0.619031,12200978.588406555,0.6011110823669877,51219.6970317056,114.11748498664006,51020.12093871804,113.6728294514638,lpr:total_combined:bdpl,4.093502728440477,4.506497271559523
T_factor_1.120,1.12,1904.0000000000002,0.07981140824009188,gen=37_member=4713_pso,50,12177200.0,0.629244,12177156.784652073,0.6117776731569404,50997.8887656764,113.62329616992702,50833.59811395465,113.25725659789096,lpr:total_combined:bdpl,3.9537981221077407,4.646201877892259
T_factor_1.120,1.12,1904.0000000000002,0.07981140824009188,gen=41_member=5214_pso,50,11978400.0,0.676443,11978411.285790766,0.6672427707546669,50645.64701899745,112.83850155832631,50104.31768993943,111.63241981318505,lpr:total_combined:bdpl,3.119018290490641,5.480981709509359
T_factor_1.120,1.12,1904.0000000000002,0.07981140824009188,gen=47_member=5902_pso,50,11103200.0,0.710867,11103175.487190865,0.707929946541997,47049.460161530864,104.82619723989076,46109.99146446721,102.73306098283294,lpr:total_combined:bdpl,2.045346802593159,6.554653197406841
T_factor_1.120,1.12,1904.0000000000002,0.07981140824009188,gen=45_member=5714_pso,50,11993300.0,0.674785,11993278.716311434,0.6648884953456063,50064.69897747029,111.5441493218038,49746.83479228297,110.83594791720645,lpr:total_combined:bdpl,3.158817025843148,5.441182974156852
T_factor_1.120,1.12,1904.0000000000002,0.07981140824009188,gen=45_member=5725_pso,50,10086100.0,0.718322,10086052.361235783,0.7169704904416966,43236.57024331604,96.33107850210814,42605.227886494205,94.92444773110908,lpr:total_combined:bdpl,1.6087401280555855,6.991259871944414
T_factor_1.120,1.12,1904.0000000000002,0.07981140824009188,gen=41_member=5219_pso,50,10877600.0,0.713721,10877623.213253161,0.7109947417924293,45831.09410723573,102.11167767092121,45102.71967809803,100.48885944280241,lpr:total_combined:bdpl,1.8973346832698674,6.702665316730132
T_factor_1.120,1.12,1904.0000000000002,0.07981140824009188,gen=38_member=4779_pso,50,11511900.0,0.702673,11511911.853114262,0.6977748546764645,48003.579465953466,106.95197505014431,47829.015475785905,106.563046480051,lpr:total_combined:bdpl,2.3859837382845592,6.21401626171544
T_factor_1.120,1.12,1904.0000000000002,0.07981140824009188,gen=39_member=4891_pso,50,12250700.0,0.597475,12250726.961103301,0.5749284392658836,51186.95182954514,114.04452867622658,51181.4721129275,114.03231986760247,lpr:total_combined:bdpl,4.377540077985367,4.222459922014632
T_factor_1.120,1.12,1904.0000000000002,0.07981140824009188,gen=38_member=4772_pso,50,11343500.0,0.707434,11343536.810518842,0.7028926870226778,47559.18910881358,105.96187333443666,47088.50036268619,104.91317880806483,lpr:total_combined:bdpl,2.2237817675253195,6.37621823247468
T_factor_1.120,1.12,1904.0000000000002,0.07981140824009188,gen=42_member=5263_pso,50,12267300.0,0.591914,12267261.652988074,0.5691420911717874,51401.15443533461,114.5217720819255,51266.89061527922,114.2226322908421,lpr:total_combined:bdpl,4.440060824003273,4.159939175996727
T_factor_1.120,1.12,1904.0000000000002,0.07981140824009188,gen=40_member=5076_pso,50,11779100.0,0.693959,11779139.5975923,0.6873590885748053,49427.02345467124,110.12340825700751,48946.710201045935,109.05327032793033,lpr:total_combined:bdpl,2.6808470195049843,5.919152980495015
T_factor_1.120,1.12,1904.0000000000002,0.07981140824009188,gen=49_member=6161_pso,50,10118300.0,0.718234,10118254.813456059,0.7168103907250688,43142.178199925635,96.12077302943432,42648.48611640095,95.02082706734132,lpr:total_combined:bdpl,1.616472030654236,6.983527969345763
T_factor_1.120,1.12,1904.0000000000002,0.07981140824009188,gen=43_member=5437_pso,50,11872500.0,0.688115,11872492.260370716,0.6798512335852294,49773.96375344011,110.89639124266456,49388.10419626745,110.03669614928387,lpr:total_combined:bdpl,2.8465513065052264,5.753448693494773
T_factor_1.120,1.12,1904.0000000000002,0.07981140824009188,gen=44_member=5578_pso,50,10529000.0,0.716879,10529046.22432401,0.71441379987441,45321.15226539255,100.9755272472946,43781.85514960589,97.54597327332193,lpr:total_combined:bdpl,1.7322136910169545,6.867786308983045
T_factor_1.120,1.12,1904.0000000000002,0.07981140824009188,gen=36_member=4573_pso,50,9923880.0,0.718701,9923883.486663597,0.7174309787494453,42793.782245499315,95.34454684297248,42379.19800126966,94.42085314682879,lpr:total_combined:bdpl,1.5760174272593814,7.023982572740618
T_factor_1.120,1.12,1904.0000000000002,0.07981140824009188,gen=44_member=5555_pso,50,11482000.0,0.70427,11481968.855985735,0.6992670071545821,48635.122267710045,108.35905241245798,47726.17379980708,106.33391522597017,lpr:total_combined:bdpl,2.33869221791988,6.26130778208012
T_factor_1.120,1.12,1904.0000000000002,0.07981140824009188,gen=38_member=4840_pso,50,11953800.0,0.677695,11953765.575695587,0.6688411242428699,50063.23576541098,111.54088928533567,49665.68700823383,110.65515065434496,lpr:total_combined:bdpl,3.089553112067995,5.510446887932005
T_factor_1.120,1.12,1904.0000000000002,0.07981140824009188,gen=47_member=5966_pso,50,11540800.0,0.702015,11540755.077291641,0.6971175201552079,48509.58313027878,108.07935121426111,47949.67757377042,106.8318816343605,lpr:total_combined:bdpl,2.4068169636782755,6.193183036321724
T_factor_1.120,1.12,1904.0000000000002,0.07981140824009188,gen=47_member=5898_pso,50,11764400.0,0.695319,11764362.834467728,0.6896087383685995,49013.50339598111,109.20208556624591,48858.132426577125,108.85591904641383,lpr:total_combined:bdpl,2.631195472478772,5.968804527521227
T_factor_1.120,1.12,1904.0000000000002,0.07981140824009188,gen=38_member=4768_pso,50,10569000.0,0.71664,10568987.168558508,0.7141563859791039,44629.149277354714,99.4337445899463,43944.607240902464,97.90858493273069,lpr:total_combined:bdpl,1.7446453130583108,6.855354686941689
T_factor_1.120,1.12,1904.0000000000002,0.07981140824009188,gen=41_member=5241_pso,50,11446400.0,0.705662,11446374.076925283,0.700841871999543,48174.289000024866,107.3323158920554,47488.398587199335,105.80415205228012,lpr:total_combined:bdpl,2.288779253943814,6.311220746056186
T_factor_1.120,1.12,1904.0000000000002,0.07981140824009188,gen=39_member=4901_pso,50,9895340.0,0.718742,9895339.590260155,0.7174787993223113,43036.58307268322,95.88550708593822,42282.3515580355,94.20507927130309,lpr:total_combined:bdpl,1.5719143446960182,7.028085655303982
T_factor_1.120,1.12,1904.0000000000002,0.07981140824009188,gen=40_member=5082_pso,50,10606200.0,0.716303,10606192.66881587,0.7138337213332228,45134.53789635979,100.5597504330896,43870.23979482254,97.74289426286462,lpr:total_combined:bdpl,1.7602281739560608,6.839771826043939
T_factor_1.120,1.12,1904.0000000000002,0.07981140824009188,gen=49_member=6158_pso,50,11921100.0,0.684136,11921105.488845602,0.6756074987348191,49938.49052936899,111.2629568994341,49407.06456081771,110.07893984150185,lpr:total_combined:bdpl,2.940213885042194,5.6597861149578055
T_factor_1.120,1.12,1904.0000000000002,0.07981140824009188,gen=49_member=6216_pso,50,11945100.0,0.680279,11945134.063002478,0.6712901019522461,49765.95027878354,110.87853722112972,49575.549827551215,110.45432501578411,lpr:total_combined:bdpl,3.035502240577386,5.564497759422613
T_factor_1.120,1.12,1904.0000000000002,0.07981140824009188,gen=47_member=6002_pso,50,10144400.0,0.718198,10144439.49189337,0.7167467605445662,43537.03644438117,97.00051719808124,42685.09218699485,95.10238539262453,lpr:total_combined:bdpl,1.6195450052249774,6.980454994775022
T_factor_1.120,1.12,1904.0000000000002,0.07981140824009188,gen=32_member=3978_pso,50,11724500.0,0.69565,11724521.462720819,0.6901095987131562,49484.08398621317,110.25053912128294,48874.142584268266,108.89158967774969,lpr:total_combined:bdpl,2.6201410892499135,5.979858910750086
T_factor_1.120,1.12,1904.0000000000002,0.07981140824009188,gen=24_member=2976_pso,50,11884300.0,0.687169,11884331.744194893,0.6786264850128754,49948.858920262544,111.28605767434495,49302.48132715866,109.8459283969095,lpr:total_combined:bdpl,2.8735824744244596,5.72641752557554
T_factor_1.120,1.12,1904.0000000000002,0.07981140824009188,gen=46_member=5863_pso,50,11617300.0,0.700106,11617325.353071578,0.6949759090329216,49401.63840788752,110.06685037277339,48314.00128676755,107.6435948669181,lpr:total_combined:bdpl,2.4746920954011364,6.125307904598863
T_factor_1.120,1.12,1904.0000000000002,0.07981140824009188,gen=49_member=6159_pso,50,10903700.0,0.713479,10903671.696892686,0.71075877131792,45667.79848784485,101.74785503091832,45185.67293819359,100.67367930629531,lpr:total_combined:bdpl,1.9087307104677456,6.691269289532254
T_factor_1.120,1.12,1904.0000000000002,0.07981140824009188,gen=49_member=6198_pso,50,11459600.0,0.705203,11459602.640373657,0.7003724584452912,48552.841526723045,108.17573092153894,47570.689864403525,105.98749701789104,lpr:total_combined:bdpl,2.303656607958169,6.29634339204183
T_factor_1.120,1.12,1904.0000000000002,0.07981140824009188,gen=39_member=4883_pso,50,11655800.0,0.698172,11655757.181802921,0.6930355515779238,48881.632005089115,108.90827610733855,48537.54062247831,108.14164050688167,lpr:total_combined:bdpl,2.5361887959350806,6.063811204064919
T_factor_1.120,1.12,1904.0000000000002,0.07981140824009188,gen=36_member=4595_pso,50,12058100.0,0.663152,12058128.274327343,0.6505309001274804,50642.234983008704,112.83089954214338,50507.80174322089,112.53138228389614,lpr:total_combined:bdpl,3.401530401765737,5.198469598234263
T_factor_1.120,1.12,1904.0000000000002,0.07981140824009188,gen=44_member=5538_pso,50,11819700.0,0.693476,11819711.981230736,0.6868684065328675,49533.11938529392,110.35978999043485,48989.99124684964,109.149700497981,lpr:total_combined:bdpl,2.691676759559369,5.90832324044063
T_factor_1.120,1.12,1904.0000000000002,0.07981140824009188,gen=47_member=5958_pso,50,11252200.0,0.708814,11252182.316333093,0.7053248315601026,46889.07693987987,104.46886342205235,46538.53885013175,103.68786455809354,lpr:total_combined:bdpl,2.1466986177747205,6.453301382225279
T_factor_1.120,1.12,1904.0000000000002,0.07981140824009188,gen=46_member=5862_pso,50,12127400.0,0.646326,12127415.605267622,0.6315252154938087,50873.35612585935,113.34583744841463,50761.635386620335,113.0969236413901,lpr:total_combined:bdpl,3.6951566608819224,4.904843339118077
T_factor_1.120,1.12,1904.0000000000002,0.07981140824009188,gen=48_member=6077_pso,50,11804900.0,0.693913,11804869.991800735,0.6875360559799352,49514.66438767297,110.31867225573538,48929.08457796394,109.01400043970366,lpr:total_combined:bdpl,2.6769412091596805,5.923058790840319
T_factor_1.120,1.12,1904.0000000000002,0.07981140824009188,gen=38_member=4784_pso,50,11163300.0,0.710244,11163326.786992056,0.707368585027792,47658.341063344036,106.1827838891305,46251.2716214466,103.04783317258301,lpr:total_combined:bdpl,2.0724573599500653,6.527542640049934
T_factor_1.120,1.12,1904.0000000000002,0.07981140824009188,gen=38_member=4799_pso,50,11949800.0,0.678338,11949789.008105733,0.6695251488067133,50300.94685990873,112.07050960387664,49627.29767271265,110.56961921480378,lpr:total_combined:bdpl,3.074456149913063,5.525543850086937
T_factor_1.120,1.12,1904.0000000000002,0.07981140824009188,gen=33_member=4144_pso,50,10275000.0,0.717721,10274983.576880537,0.7157572463300125,43886.43329653439,97.77897338467862,43197.64571836743,96.24435466052263,lpr:total_combined:bdpl,1.6673328944733599,6.93266710552664
T_factor_1.120,1.12,1904.0000000000002,0.07981140824009188,gen=40_member=5066_pso,50,11747400.0,0.695498,11747366.836248316,0.6896687957543536,49275.627853929764,109.7860988585555,48795.80376842059,108.71705079604108,lpr:total_combined:bdpl,2.6298699585604437,5.970130041439556
T_factor_1.120,1.12,1904.0000000000002,0.07981140824009188,gen=40_member=5054_pso,50,11588500.0,0.701146,11588547.789286416,0.6961105786093058,48781.04607997798,108.68417066619094,48181.74171599037,107.34892054322654,lpr:total_combined:bdpl,2.438730455980445,6.161269544019555
T_factor_1.120,1.12,1904.0000000000002,0.07981140824009188,gen=45_member=5693_pso,50,10709600.0,0.715379,10709593.135838162,0.7127590703258566,45013.264122283465,100.28955246444755,44331.89936597063,98.77147178738257,lpr:total_combined:bdpl,1.8121276844081007,6.787872315591899
T_factor_1.120,1.12,1904.0000000000002,0.07981140824009188,gen=48_member=6031_pso,50,12052400.0,0.665521,12052365.848215453,0.6530936913215089,50542.03664619567,112.60765764772395,50359.41582725156,112.20077846311648,lpr:total_combined:bdpl,3.3582067327921163,5.241793267207884
T_factor_1.120,1.12,1904.0000000000002,0.07981140824009188,gen=31_member=3921_pso,50,12113900.0,0.648713,12113891.248633971,0.6349115817341371,50758.519707847816,113.08998190908493,50541.739414484626,112.60699541547174,lpr:total_combined:bdpl,3.6508040676476186,4.9491959323523815
T_factor_1.120,1.12,1904.0000000000002,0.07981140824009188,gen=44_member=5545_pso,50,11598800.0,0.700704,11598815.43768315,0.695647879219485,48922.10128165834,108.99844165553478,48203.08537435674,107.39647421406681,lpr:total_combined:bdpl,2.4533950146883057,6.1466049853116935
T_factor_1.120,1.12,1904.0000000000002,0.07981140824009188,gen=39_member=4943_pso,50,11638200.0,0.698899,11638206.369778983,0.6938981917517193,49553.62611216778,110.40547897790981,48263.5673686528,107.53122809735844,lpr:total_combined:bdpl,2.5088487177964818,6.091151282203517
T_factor_1.120,1.12,1904.0000000000002,0.07981140824009188,gen=34_member=4333_pso,50,11563700.0,0.701354,11563663.491177239,0.6962625049242644,49190.64059163448,109.59674723816163,48020.76320158239,106.99026041312557,lpr:total_combined:bdpl,2.4339153807631595,6.16608461923684
T_factor_1.120,1.12,1904.0000000000002,0.07981140824009188,gen=46_member=5865_pso,50,10532800.0,0.716666,10532832.151348412,0.7141555884031434,44588.28472863733,99.34269837540397,43900.42570084892,97.8101484614914,lpr:total_combined:bdpl,1.7446838314253097,6.85531616857469
T_factor_1.120,1.12,1904.0000000000002,0.07981140824009188,gen=35_member=4371_pso,50,11707200.0,0.696196,11707227.059533695,0.6907773241331888,49103.908059944864,109.40350715755716,48760.57446755105,108.63855991370374,lpr:total_combined:bdpl,2.6054038620669098,5.99459613793309
T_factor_1.120,1.12,1904.0000000000002,0.07981140824009188,gen=39_member=4906_pso,50,11134300.0,0.710422,11134328.034844197,0.7075133722553912,47578.77914141552,106.00551992707378,46071.3940281057,102.6470658946195,lpr:total_combined:bdpl,2.065464963180693,6.534535036819307
T_factor_1.120,1.12,1904.0000000000002,0.07981140824009188,gen=47_member=5999_pso,50,10584600.0,0.716506,10584561.410868496,0.7140146106267493,45172.36751059882,100.64403481361417,43991.90226940192,98.01395825622748,lpr:total_combined:bdpl,1.7514922534426147,6.8485077465573845
T_factor_1.120,1.12,1904.0000000000002,0.07981140824009188,gen=42_member=5333_pso,50,10737100.0,0.714956,10737093.054913322,0.7123973584135029,45512.1533406996,101.40107764307871,44447.611060534735,99.02927744287139,lpr:total_combined:bdpl,1.829596305427533,6.770403694572467
T_factor_1.120,1.12,1904.0000000000002,0.07981140824009188,gen=46_member=5794_pso,50,11924600.0,0.682557,11924617.05125353,0.6739716367291715,49682.41356246758,110.69241741717775,49427.09624546203,110.1235704348894,lpr:total_combined:bdpl,2.976318651004373,5.6236813489956265
T_factor_1.120,1.12,1904.0000000000002,0.07981140824009188,gen=43_member=5487_pso,50,12067400.0,0.661074,12067409.117305875,0.6483772789380471,50562.666453056096,112.65362085740898,50537.27173193039,112.59704141874091,lpr:total_combined:bdpl,3.4379371022893648,5.162062897710635
T_factor_1.120,1.12,1904.0000000000002,0.07981140824009188,gen=30_member=3743_pso,50,10742800.0,0.714799,10742769.128613207,0.712172040330492,45646.324483692624,101.70001094966716,44378.07642666707,98.87435427861422,lpr:total_combined:bdpl,1.840477882910922,6.759522117089078
T_factor_1.120,1.12,1904.0000000000002,0.07981140824009188,gen=39_member=4904_pso,50,10630300.0,0.716073,10630263.80682499,0.713558608411706,45186.13101289218,100.67469989672378,44125.36338214286,98.31130961541429,lpr:total_combined:bdpl,1.7735145579522433,6.8264854420477565
T_factor_1.120,1.12,1904.0000000000002,0.07981140824009188,gen=47_member=5956_pso,50,12183100.0,0.627514,12183071.266239155,0.609988736488827,50949.92024342074,113.51642230234141,50854.86246850255,113.30463357982367,lpr:total_combined:bdpl,3.9772285412448842,4.622771458755116
T_factor_1.120,1.12,1904.0000000000002,0.07981140824009188,gen=45_member=5633_pso,50,10052500.0,0.7184,10052464.229952421,0.7170717796164551,43191.05822560805,96.22967772665474,42774.25277119569,95.30103517422398,lpr:total_combined:bdpl,1.6038484389881356,6.996151561011864
T_factor_1.120,1.12,1904.0000000000002,0.07981140824009188,gen=42_member=5374_pso,50,12060700.0,0.662726,12060715.189592736,0.650084406669485,50808.16226453737,113.20058552538926,50520.26567669265,112.55915192767122,lpr:total_combined:bdpl,3.409078318591013,5.1909216814089865
T_factor_1.120,1.12,1904.0000000000002,0.07981140824009188,gen=48_member=6063_pso,50,11984100.0,0.674935,11984089.021979596,0.6651873556228676,50686.86090154338,112.93032608863865,50056.85481995258,111.52667253885436,lpr:total_combined:bdpl,3.15376482972526,5.44623517027474
T_factor_1.120,1.12,1904.0000000000002,0.07981140824009188,gen=37_member=4733_pso,50,11692900.0,0.69644,11692914.81233409,0.6911415531766484,49794.90136387573,110.94304023871513,48748.25392030278,108.61110973443459,lpr:total_combined:bdpl,2.5962162162410705,6.003783783758929
T_factor_1.120,1.12,1904.0000000000002,0.07981140824009188,gen=38_member=4788_pso,50,12107000.0,0.64925,12107032.78287132,0.6356553464160322,50838.0282661453,113.26712697697172,50549.15545890157,112.6235183624327,lpr:total_combined:bdpl,3.641062684094569,4.95893731590543
T_factor_1.120,1.12,1904.0000000000002,0.07981140824009188,gen=42_member=5267_pso,50,11624000.0,0.698994,11624016.320151795,0.6939312426178118,49374.311990781556,110.0059671154613,48229.59089885325,107.45552852264503,lpr:total_combined:bdpl,2.5078012204865208,6.092198779513479
T_factor_1.120,1.12,1904.0000000000002,0.07981140824009188,gen=46_member=5801_pso,50,12128900.0,0.644216,12128869.131304957,0.6286934266050717,50817.75993013832,113.22196912434818,50772.09331393344,113.1202239034437,lpr:total_combined:bdpl,3.732245732705233,4.8677542672947665
T_factor_1.120,1.12,1904.0000000000002,0.07981140824009188,gen=47_member=5934_pso,50,12214400.0,0.617987,12214365.004216783,0.5998492547664016,51089.75653112735,113.82797755135174,51089.75653112735,113.82797755135174,lpr:total_combined:bdpl,4.108273875688157,4.4917261243118425
T_factor_1.120,1.12,1904.0000000000002,0.07981140824009188,gen=40_member=5041_pso,50,10773400.0,0.714662,10773385.543513425,0.7119956334920307,45911.66320015842,102.29118560995296,44777.123591647796,99.76343136219128,lpr:total_combined:bdpl,1.8489973264268014,6.751002673573199
T_factor_1.120,1.12,1904.0000000000002,0.07981140824009188,gen=44_member=5596_pso,50,11129300.0,0.710806,11129305.094874427,0.707915111965405,46326.48433354849,103.21540709514603,46042.22206637733,102.5820707638887,lpr:total_combined:bdpl,2.04606322797927,6.55393677202073
T_factor_1.120,1.12,1904.0000000000002,0.07981140824009188,gen=46_member=5800_pso,50,10266700.0,0.717862,10266732.962909713,0.7160266020710383,43830.81669688098,97.65505960065083,43267.22125075295,96.39936894667757,lpr:total_combined:bdpl,1.6543245494377443,6.9456754505622555
T_factor_1.120,1.12,1904.0000000000002,0.07981140824009188,90,50,12416100.0,0.556633,12416131.199367564,0.5280729717693904,52367.2352406157,116.67420011609178,52367.2352406157,116.67420011609178,lpr:total_combined:bdpl,4.846877103898728,3.7531228961012717
T_factor_1.120,1.12,1904.0000000000002,0.07981140824009188,8,50,12404500.0,0.556712,12404528.288386147,0.5279477078147791,52432.08592469255,116.81868744021499,52432.08592469255,116.81868744021499,lpr:total_combined:bdpl,4.848054446496862,3.7519455535031376
T_factor_1.120,1.12,1904.0000000000002,0.07981140824009188,gen=47_member=5927_pso,50,12191700.0,0.623739,12191693.59369932,0.6061065581418383,50892.77888623762,113.3891113585374,50864.275180965094,113.32560510319023,lpr:total_combined:bdpl,4.028074983970556,4.571925016029444
T_factor_1.120,1.12,1904.0000000000002,0.07981140824009188,gen=23_member=2880_pso,50,12086100.0,0.651425,12086117.93737263,0.6385468749867079,50685.30030794859,112.92684908610946,50513.65277696667,112.54441838708175,lpr:total_combined:bdpl,3.603191177760359,4.9968088222396405
T_factor_1.120,1.12,1904.0000000000002,0.07981140824009188,gen=45_member=5694_pso,50,11937100.0,0.681248,11937082.887701936,0.6726055147774053,49824.64404995597,111.0093069433019,49490.96174587519,110.26586276980991,lpr:total_combined:bdpl,3.006470041020177,5.593529958979823
T_factor_1.120,1.12,1904.0000000000002,0.07981140824009188,gen=33_member=4157_pso,50,12187200.0,0.625142,12187167.117334038,0.6075564490115224,51187.975454635576,114.04680931292806,50849.17018404211,113.29195117004582,lpr:total_combined:bdpl,4.009085183277589,4.59091481672241
T_factor_1.120,1.12,1904.0000000000002,0.07981140824009188,gen=39_member=4884_pso,50,11680400.0,0.697022,11680425.995853443,0.6916842035859201,49254.57549238486,109.73919419703346,48559.45242309004,108.19045999864461,lpr:total_combined:bdpl,2.579017730659122,6.020982269340878
T_factor_1.120,1.12,1904.0000000000002,0.07981140824009188,gen=43_member=5440_pso,50,12121100.0,0.647192,12121098.886050921,0.6328469662145302,50835.08313646425,113.26056522804235,50621.75583412206,112.78527199842394,lpr:total_combined:bdpl,3.6778451629774236,4.9221548370225765
T_factor_1.120,1.12,1904.0000000000002,0.07981140824009188,gen=33_member=4206_pso,50,11551100.0,0.701567,11551056.819824193,0.6965672733701767,48667.510880842834,108.43121424251783,47816.250315878584,106.53460570377749,lpr:total_combined:bdpl,2.424256204923065,6.175743795076935
T_factor_1.120,1.12,1904.0000000000002,0.07981140824009188,gen=48_member=6130_pso,50,11497500.0,0.703325,11497486.999720298,0.6985245994002127,48519.73772520262,108.10197565175143,47653.76048447941,106.17257835942013,lpr:total_combined:bdpl,2.362221711017631,6.237778288982369
T_factor_1.120,1.12,1904.0000000000002,0.07981140824009188,gen=40_member=5021_pso,50,12103200.0,0.650633,12103213.1286555,0.6374380582719894,51356.81714081211,114.42298858972939,50538.80335523818,112.60045387547066,lpr:total_combined:bdpl,3.6177137938122303,4.982286206187769
T_factor_1.120,1.12,1904.0000000000002,0.07981140824009188,gen=45_member=5738_pso,50,10894900.0,0.713643,10894885.825538045,0.7109729571469575,45530.41708116328,101.44176925683179,44923.50650222009,100.08957248694635,lpr:total_combined:bdpl,1.8983867573177255,6.701613242682274
T_factor_1.120,1.12,1904.0000000000002,0.07981140824009188,gen=27_member=3377_pso,50,12186900.0,0.625766,12186931.25762333,0.6081927419057517,50945.06918245952,113.5056141385198,50866.95776489414,113.33158190018415,lpr:total_combined:bdpl,4.000751400717529,4.599248599282471
T_factor_1.120,1.12,1904.0000000000002,0.07981140824009188,gen=46_member=5826_pso,50,12186100.0,0.627088,12186064.810103523,0.6095478951217214,50982.68793573881,113.58942872082606,50864.647947326586,113.32643562664363,lpr:total_combined:bdpl,3.98300241697139,4.61699758302861
T_factor_1.120,1.12,1904.0000000000002,0.07981140824009188,gen=41_member=5141_pso,50,11030000.0,0.711812,11029968.090569744,0.7089719727262732,46670.83927397202,103.98262990240966,45764.1445725456,101.96251410763159,lpr:total_combined:bdpl,1.9950228849013236,6.604977115098676
T_factor_1.120,1.12,1904.0000000000002,0.07981140824009188,gen=29_member=3677_pso,50,11489400.0,0.703344,11489410.323236927,0.6984386591720078,48245.40350903176,107.49075901812276,47672.920123003445,106.21526603405167,lpr:total_combined:bdpl,2.3649454568223662,6.235054543177633
T_factor_1.120,1.12,1904.0000000000002,0.07981140824009188,gen=35_member=4441_pso,50,12097700.0,0.650754,12097747.115144044,0.6376453386273163,50601.79755350265,112.7408049492039,50516.3430693612,112.55041235853676,lpr:total_combined:bdpl,3.6149989600840327,4.985001039915967
T_factor_1.120,1.12,1904.0000000000002,0.07981140824009188,gen=31_member=3912_pso,50,11666300.0,0.697443,11666347.56033951,0.6921166214281584,49118.4329153273,109.43586853534921,48526.83479974014,108.11778793382103,lpr:total_combined:bdpl,2.5653128998913832,6.034687100108616
T_factor_1.120,1.12,1904.0000000000002,0.07981140824009188,gen=44_member=5517_pso,50,12132500.0,0.643292,12132464.82691212,0.6274980722030299,51456.49456959809,114.64506990106455,50794.287641190014,113.16967286457135,lpr:total_combined:bdpl,3.747901767464028,4.852098232535972
T_factor_1.120,1.12,1904.0000000000002,0.07981140824009188,gen=49_member=6177_pso,50,12138900.0,0.642618,12138871.541597325,0.6265641267588616,50825.8835101407,113.24006846059348,50801.76609991204,113.18633487060403,lpr:total_combined:bdpl,3.76013402453502,4.8398659754649795
T_factor_1.120,1.12,1904.0000000000002,0.07981140824009188,gen=44_member=5611_pso,50,11923800.0,0.68319,11923767.054962939,0.6746197148370597,49891.114152183596,111.15740233106504,49430.9234601053,110.13209746911461,lpr:total_combined:bdpl,2.9620150555117597,5.63798494448824
T_factor_1.120,1.12,1904.0000000000002,0.07981140824009188,gen=35_member=4426_pso,50,12009300.0,0.66959,12009325.101516692,0.6578533691395809,50272.83216736466,112.00787006888845,50272.83216736466,112.00787006888845,lpr:total_combined:bdpl,3.2777449664602667,5.322255033539733
T_factor_1.120,1.12,1904.0000000000002,0.07981140824009188,gen=25_member=3126_pso,50,11880600.0,0.687242,11880589.469000075,0.6787043822620268,49706.3042309079,110.7456458264628,49291.21269141708,109.82082187647725,lpr:total_combined:bdpl,2.8718632206365484,5.728136779363451
T_factor_1.120,1.12,1904.0000000000002,0.07981140824009188,gen=36_member=4525_pso,50,11173400.0,0.709924,11173377.904344108,0.7070194330181407,46765.35983396837,104.19322171008152,46266.519971233356,103.08180649590791,lpr:total_combined:bdpl,2.089319409350323,6.5106805906496765
T_factor_1.120,1.12,1904.0000000000002,0.07981140824009188,gen=47_member=5916_pso,50,11938700.0,0.681121,11938697.818192918,0.6724735357963251,49794.69939162476,110.94259024453996,49495.352919661775,110.27564630500643,lpr:total_combined:bdpl,3.009382921328771,5.590617078671229
T_factor_1.120,1.12,1904.0000000000002,0.07981140824009188,gen=37_member=4683_pso,50,11669800.0,0.697204,11669824.724862162,0.6919925594932329,48673.953149886016,108.44556761794604,48585.14827481801,108.24771035629453,lpr:total_combined:bdpl,2.569244855645271,6.030755144354728
T_factor_1.120,1.12,1904.0000000000002,0.07981140824009188,gen=30_member=3767_pso,50,12001400.0,0.670255,12001377.210174264,0.6587556032741224,50548.11932642426,112.62120985927325,50242.449031244745,111.94017644161329,lpr:total_combined:bdpl,3.2624928097209054,5.337507190279094
T_factor_1.120,1.12,1904.0000000000002,0.07981140824009188,gen=41_member=5185_pso,50,11449100.0,0.705422,11449096.778256543,0.7006266287985182,48486.720972743366,108.02841432727222,47453.85902728026,105.72719791278043,lpr:total_combined:bdpl,2.29560106228706,6.304398937712939
T_factor_1.120,1.12,1904.0000000000002,0.07981140824009188,gen=40_member=5102_pso,50,12208700.0,0.61827,12208710.648241015,0.6002260965155245,51061.80412640587,113.76569959363228,51061.80412640587,113.76569959363228,lpr:total_combined:bdpl,4.104202149116799,4.495797850883201
T_factor_1.120,1.12,1904.0000000000002,0.07981140824009188,gen=40_member=5107_pso,50,12124500.0,0.647188,12124489.979887124,0.6328371825818945,50849.12766349434,113.2918564342654,50630.82800675064,112.80548479904043,lpr:total_combined:bdpl,3.677973303127617,4.922026696872383
T_factor_1.120,1.12,1904.0000000000002,0.07981140824009188,gen=36_member=4597_pso,50,12067700.0,0.660395,12067736.32117229,0.6476806080991798,51057.747764340544,113.75666201895073,50541.95907510031,112.60748481932349,lpr:total_combined:bdpl,3.4497142368748843,5.150285763125115
T_factor_1.120,1.12,1904.0000000000002,0.07981140824009188,gen=43_member=5401_pso,50,12002800.0,0.670056,12002793.896778665,0.6585302301737025,50410.158340373324,112.31383278235177,50198.64970178832,111.84259153558438,lpr:total_combined:bdpl,3.2663027141801138,5.333697285819886
T_factor_1.120,1.12,1904.0000000000002,0.07981140824009188,gen=34_member=4241_pso,50,12130700.0,0.643917,12130735.362367615,0.6283318171995566,51374.07002860749,114.4614280237375,50782.20974221339,113.14276330565143,lpr:total_combined:bdpl,3.7369818757371074,4.863018124262892
T_factor_1.120,1.12,1904.0000000000002,0.07981140824009188,gen=41_member=5136_pso,50,10406500.0,0.717487,10406546.441500314,0.7153041212493174,43931.72374076148,97.87988049441658,43609.560802630964,97.16210146826178,lpr:total_combined:bdpl,1.6892162498142231,6.910783750185777
T_factor_1.120,1.12,1904.0000000000002,0.07981140824009188,gen=30_member=3730_pso,50,12140000.0,0.641959,12140045.72221974,0.6257215265422981,51075.04584032901,113.79520213225304,50815.44517450234,113.21681184879121,lpr:total_combined:bdpl,3.771169896620952,4.8288301033790475
T_factor_1.120,1.12,1904.0000000000002,0.07981140824009188,gen=26_member=3274_pso,50,12038900.0,0.665819,12038850.4455638,0.6534196172382118,50639.3413163918,112.82445245292094,50304.87921352462,112.07927088773285,lpr:total_combined:bdpl,3.3526969953784445,5.247303004621555
T_factor_1.120,1.12,1904.0000000000002,0.07981140824009188,gen=27_member=3397_pso,50,12071700.0,0.660095,12071654.496071892,0.6473667594799097,50981.96316968758,113.58781394206393,50552.867655833994,112.63178913719814,lpr:total_combined:bdpl,3.4550198090653796,5.14498019093462
T_factor_1.120,1.12,1904.0000000000002,0.07981140824009188,gen=35_member=4358_pso,50,12204700.0,0.618623,12204661.884933073,0.600707304396061,51106.48412393821,113.86524662813433,51009.814886034575,113.64986756608504,lpr:total_combined:bdpl,4.09879117004145,4.50120882995855
T_factor_1.120,1.12,1904.0000000000002,0.07981140824009188,gen=39_member=4886_pso,50,12044000.0,0.665732,12044004.390030988,0.6533174000307858,50491.711318747475,112.49553281816937,50342.93282698114,112.16405433851398,lpr:total_combined:bdpl,3.3544249646598496,5.24557503534015
T_factor_1.120,1.12,1904.0000000000002,0.07981140824009188,gen=44_member=5592_pso,50,12203600.0,0.618851,12203605.6103388,0.6008844330184681,51092.96853954465,113.83513390610548,51061.40909363768,113.76481946062475,lpr:total_combined:bdpl,4.096471245620337,4.503528754379663
T_factor_1.120,1.12,1904.0000000000002,0.07981140824009188,gen=38_member=4844_pso,50,12142000.0,0.641745,12141958.442525955,0.6254329180202757,50941.33531657965,113.49729508533946,50823.455622000954,113.23465912581813,lpr:total_combined:bdpl,3.774949917880546,4.8250500821194535
T_factor_1.120,1.12,1904.0000000000002,0.07981140824009188,gen=42_member=5368_pso,50,12047200.0,0.665633,12047226.813034713,0.6532281112299857,50988.90270934845,113.60327523642833,50307.04728986295,112.08410136181466,lpr:total_combined:bdpl,3.3559343808221684,5.244065619177832
T_factor_1.120,1.12,1904.0000000000002,0.07981140824009188,gen=41_member=5212_pso,50,12074000.0,0.659863,12074040.299001968,0.6471236055198606,50894.43854761299,113.39280908408173,50560.45217337479,112.64868744227903,lpr:total_combined:bdpl,3.459130296763067,5.140869703236932
T_factor_1.120,1.12,1904.0000000000002,0.07981140824009188,gen=46_member=5787_pso,50,12049200.0,0.665563,12049204.249162452,0.6531438452449018,50381.152569186444,112.2492079241474,50349.292689661954,112.17822411256682,lpr:total_combined:bdpl,3.357358886904449,5.242641113095551
T_factor_1.120,1.12,1904.0000000000002,0.07981140824009188,gen=47_member=5970_pso,50,12075000.0,0.659832,12074981.120001724,0.64709416110268,50713.11596487974,112.98882236975206,50559.08338774511,112.64563778789609,lpr:total_combined:bdpl,3.4596280510030626,5.140371948996937
T_factor_1.120,1.12,1904.0000000000002,0.07981140824009188,gen=50_member=6375_pso,50,12295700.0,0.582721,12295746.208614845,0.5594461355432775,51477.2567191637,114.69132797029671,51477.2567191637,114.69132797029671,lpr:total_combined:bdpl,4.544824375969573,4.055175624030427
T_factor_1.120,1.12,1904.0000000000002,0.07981140824009188,gen=50_member=6314_pso,50,12219200.0,0.616249,12219242.960929338,0.597674580584937,51108.100000000006,113.86884680000001,51108.100000000006,113.86884680000001,lpr:total_combined:bdpl,4.131770950174526,4.4682290498254735
T_factor_1.120,1.12,1904.0000000000002,0.07981140824009188,gen=50_member=6331_pso,50,12250500.0,0.600795,12250481.385280203,0.5783748481939825,51229.27664652902,114.13882836846665,51189.651842018546,114.05054430401732,lpr:total_combined:bdpl,4.340302073329656,4.259697926670344
T_factor_1.120,1.12,1904.0000000000002,0.07981140824009188,gen=50_member=6311_pso,50,12149400.0,0.639509,12149374.420328459,0.6224380452682918,50943.69444447454,113.50255122228927,50840.12644413603,113.27180171753508,lpr:total_combined:bdpl,3.8141749642961877,4.785825035703812
T_factor_1.120,1.12,1904.0000000000002,0.07981140824009188,gen=50_member=6307_pso,50,9981370.0,0.718653,9981373.38209072,0.7173959911518907,43752.64310475318,97.48088883739008,42375.601402361644,94.41283992446174,lpr:total_combined:bdpl,1.5790194197671406,7.020980580232859
T_factor_1.120,1.12,1904.0000000000002,0.07981140824009188,gen=50_member=6332_pso,50,11222500.0,0.709503,11222480.829753874,0.7063357191778366,47077.84871533011,104.88944693775548,46464.529875399385,103.52297256238982,lpr:total_combined:bdpl,2.1146600606825015,6.485339939317498
T_factor_1.120,1.12,1904.0000000000002,0.07981140824009188,gen=50_member=6369_pso,50,10816200.0,0.714409,10816152.42359839,0.7117411383986055,45326.84803553662,100.98821742317558,44806.315606127355,99.82847117045175,lpr:total_combined:bdpl,1.8612879869953676,6.738712013004632
T_factor_1.120,1.12,1904.0000000000002,0.07981140824009188,gen=50_member=6392_pso,50,10988800.0,0.712623,10988818.450383374,0.7097910032583492,46401.29951110389,103.38209531073947,45639.441190947065,101.68467497343006,lpr:total_combined:bdpl,1.9554683845391998,6.644531615460799
T_factor_1.120,1.12,1904.0000000000002,0.07981140824009188,gen=50_member=6378_pso,50,11022800.0,0.712066,11022782.803294366,0.7092067080030869,46236.0318934091,103.01387905851547,45780.544156578704,101.99905238085735,lpr:total_combined:bdpl,1.9836865107026742,6.616313489297325
T_factor_1.120,1.12,1904.0000000000002,0.07981140824009188,gen=50_member=6337_pso,50,12024000.0,0.668505,12024025.732677821,0.6562888931674458,50701.722188745116,112.96343703652411,50210.12362714249,111.86815544127347,lpr:total_combined:bdpl,3.3041922397659866,5.295807760234013
T_factor_1.120,1.12,1904.0000000000002,0.07981140824009188,gen=50_member=6333_pso,50,11046600.0,0.711612,11046597.887337454,0.7087533651043397,46399.3412240379,103.37773224715643,45873.557837677174,102.20628686234474,lpr:total_combined:bdpl,2.0055803854123417,6.5944196145876575
T_factor_1.120,1.12,1904.0000000000002,0.07981140824009188,gen=50_member=6385_pso,50,10736300.0,0.715054,10736330.109125491,0.7125581346428009,44989.937994704,100.2375818522005,44397.263235323626,98.91710248830104,lpr:total_combined:bdpl,1.8218317311278773,6.778168268872122
T_factor_1.160,1.16,1971.9999999999998,0.04558899978527864,gen=47_member=5907_pso,50,9738960.0,0.719193,9738959.963789836,0.717586397572902,42427.949226186,94.52947087594241,41736.54912774984,92.98903145662663,lpr:total_combined:bdpl,1.5626822406163705,7.03731775938363
T_factor_1.160,1.16,1971.9999999999998,0.04558899978527864,56,50,12446400.0,0.533346,12446397.913772527,0.4931953401075256,52637.1528415432,117.27557653095823,52637.1528415432,117.27557653095823,lpr:total_combined:bdpl,5.165261172044005,3.4347388279559947
T_factor_1.160,1.16,1971.9999999999998,0.04558899978527864,64,50,12377800.0,0.56755,12377834.289729021,0.5321134631360229,52241.56295681393,116.39420226778142,52241.56295681393,116.39420226778142,lpr:total_combined:bdpl,4.808900954909264,3.7910990450907356
T_factor_1.160,1.16,1971.9999999999998,0.04558899978527864,gen=40_member=5105_pso,50,12283000.0,0.583854,12283049.42442162,0.5531734318078985,51868.902507044404,115.56391478569493,51444.95457882824,114.61935880162932,lpr:total_combined:bdpl,4.610960547313952,3.9890394526860478
T_factor_1.160,1.16,1971.9999999999998,0.04558899978527864,30,50,12433400.0,0.544694,12433371.76921002,0.5066242583460957,52187.23403515008,116.27315743031438,52187.23403515008,116.27315743031438,lpr:total_combined:bdpl,5.048471282102408,3.5515287178975914
T_factor_1.160,1.16,1971.9999999999998,0.04558899978527864,gen=36_member=4531_pso,50,12223600.0,0.605591,12223597.44766552,0.5774230064074374,51053.0244471527,113.7461384682562,51053.0244471527,113.7461384682562,lpr:total_combined:bdpl,4.3505866012595495,4.24941339874045
T_factor_1.160,1.16,1971.9999999999998,0.04558899978527864,105,50,12417100.0,0.55506,12417148.746273495,0.5170125178640217,52327.1463926199,116.58488216275714,52327.1463926199,116.58488216275714,lpr:total_combined:bdpl,4.950833134808763,3.649166865191237
T_factor_1.160,1.16,1971.9999999999998,0.04558899978527864,gen=49_member=6222_pso,50,12218800.0,0.616332,12218818.301128551,0.5908629335088371,51106.17822286103,113.86456508053438,51106.17822286103,113.86456508053438,lpr:total_combined:bdpl,4.205369919659782,4.394630080340217
T_factor_1.160,1.16,1971.9999999999998,0.04558899978527864,18,50,12390900.0,0.557388,12390900.705456987,0.520085033994124,52187.6001459564,116.27397312519085,52187.6001459564,116.27397312519085,lpr:total_combined:bdpl,4.921954882204911,3.6780451177950884
T_factor_1.160,1.16,1971.9999999999998,0.04558899978527864,35,50,12440100.0,0.533609,12440134.96511929,0.493313475630749,52700.025782036595,117.41565744237754,52700.025782036595,117.41565744237754,lpr:total_combined:bdpl,5.164290975351353,3.435709024648647
T_factor_1.160,1.16,1971.9999999999998,0.04558899978527864,gen=44_member=5567_pso,50,9875600.0,0.719021,9875603.379483644,0.7173811357001532,42989.08731889699,95.7796865465025,42069.119675814705,93.72999863771516,lpr:total_combined:bdpl,1.5802940415740705,7.019705958425929
T_factor_1.160,1.16,1971.9999999999998,0.04558899978527864,gen=49_member=6144_pso,50,9757770.0,0.719034,9757774.55799681,0.7174158358734647,42132.10114850491,93.87032135886894,41805.01359125954,93.14157028132627,lpr:total_combined:bdpl,1.5773167105316552,7.022683289468344
T_factor_1.160,1.16,1971.9999999999998,0.04558899978527864,gen=46_member=5849_pso,50,10309300.0,0.717719,10309323.448797248,0.7150204629803084,45220.50929470598,100.75129470860493,43336.516794327195,96.55375941776099,lpr:total_combined:bdpl,1.7029153253246283,6.897084674675371
T_factor_1.160,1.16,1971.9999999999998,0.04558899978527864,gen=31_member=3852_pso,50,12085500.0,0.652391,12085489.190941257,0.6346796776028204,50809.626277516305,113.20384734630632,50462.82627345364,112.4311769372547,lpr:total_combined:bdpl,3.653841408819743,4.946158591180257
T_factor_1.160,1.16,1971.9999999999998,0.04558899978527864,gen=37_member=4697_pso,50,9951180.0,0.718657,9951183.919557761,0.7168129167712348,42929.95184756078,95.6479327163654,42506.86767415341,94.70530117801378,lpr:total_combined:bdpl,1.6163500370409634,6.983649962959037
T_factor_1.160,1.16,1971.9999999999998,0.04558899978527864,gen=42_member=5264_pso,50,12276000.0,0.587416,12275991.063515613,0.5569962842890694,51721.642237508655,115.23581890516928,51425.41398676402,114.57582236251024,lpr:total_combined:bdpl,4.571294703290922,4.028705296709077
T_factor_1.160,1.16,1971.9999999999998,0.04558899978527864,gen=43_member=5399_pso,50,12075700.0,0.659796,12075652.37136835,0.6430008247270435,50662.073440237364,112.87509962484884,50563.483653430434,112.655441579843,lpr:total_combined:bdpl,3.528825397454453,5.071174602545547
T_factor_1.160,1.16,1971.9999999999998,0.04558899978527864,gen=35_member=4383_pso,50,10482600.0,0.717261,10482596.881225228,0.7141207022972694,44395.66150852786,98.91353384100007,43697.952601065685,97.35903839517434,lpr:total_combined:bdpl,1.7463686312384847,6.853631368761515
T_factor_1.160,1.16,1971.9999999999998,0.04558899978527864,gen=47_member=5964_pso,50,10840100.0,0.714224,10840089.258866806,0.7107138934698312,45340.13174397748,101.01781352558181,44763.52736283021,99.7331389643857,lpr:total_combined:bdpl,1.9108980544054381,6.689101945594562
T_factor_1.160,1.16,1971.9999999999998,0.04558899978527864,gen=45_member=5721_pso,50,10935500.0,0.713017,10935459.38484597,0.7093348091330229,46077.815037649634,102.66137190388338,45406.79805241785,101.16634606078696,lpr:total_combined:bdpl,1.9774999572202299,6.62250004277977
T_factor_1.160,1.16,1971.9999999999998,0.04558899978527864,gen=47_member=5893_pso,50,10050300.0,0.718629,10050330.220899835,0.7167409167917217,44663.8123416983,99.51097389730381,42679.893231787595,95.09080212042277,lpr:total_combined:bdpl,1.6198272251361432,6.980172774863856
T_factor_1.160,1.16,1971.9999999999998,0.04558899978527864,gen=35_member=4446_pso,50,11409800.0,0.706375,11409792.203285765,0.7000050248764372,48804.747890203915,108.73697829937431,47323.49343085893,105.4367433639537,lpr:total_combined:bdpl,2.315301860275845,6.284698139724155
T_factor_1.160,1.16,1971.9999999999998,0.04558899978527864,gen=45_member=5683_pso,50,10240800.0,0.71792,10240771.73598947,0.7153822316649101,44683.47269518394,99.55477716486982,43384.26011810516,96.66013154313829,lpr:total_combined:bdpl,1.6854439625296276,6.914556037470372
T_factor_1.160,1.16,1971.9999999999998,0.04558899978527864,gen=49_member=6242_pso,50,11866200.0,0.690335,11866171.531540677,0.6792215060950492,49793.36739732516,110.93962256124044,49240.59882468567,109.70805418139967,lpr:total_combined:bdpl,2.860449889377384,5.739550110622615
T_factor_1.160,1.16,1971.9999999999998,0.04558899978527864,gen=45_member=5670_pso,50,10406200.0,0.717494,10406231.87516301,0.7145307285346932,44191.60289947777,98.45889126003648,43609.30208475285,97.16152504482936,lpr:total_combined:bdpl,1.7265667040556834,6.8734332959443165
T_factor_1.160,1.16,1971.9999999999998,0.04558899978527864,gen=38_member=4778_pso,50,10164400.0,0.71794,10164356.433517821,0.7154425623186675,43216.77328051297,96.28697086898289,42970.82431105304,95.73899656502617,lpr:total_combined:bdpl,1.6825303362697528,6.917469663730246
T_factor_1.160,1.16,1971.9999999999998,0.04558899978527864,gen=43_member=5423_pso,50,12257800.0,0.594933,12257750.350139363,0.5651190399868672,51233.33114761955,114.14786179689636,51233.33114761955,114.14786179689636,lpr:total_combined:bdpl,4.483529373986648,4.116470626013352
T_factor_1.160,1.16,1971.9999999999998,0.04558899978527864,gen=38_member=4827_pso,50,12171600.0,0.631596,12171637.808199104,0.6087049705811567,50979.48086559517,113.58228336854604,50813.54471465353,113.21257762424806,lpr:total_combined:bdpl,3.994042536858496,4.605957463141504
T_factor_1.160,1.16,1971.9999999999998,0.04558899978527864,gen=46_member=5827_pso,50,12142700.0,0.641492,12142688.246643651,0.6196496953867009,51220.46766399847,114.11920195538859,50818.373966461804,113.22333719727689,lpr:total_combined:bdpl,3.8506950980668115,4.749304901933188
T_factor_1.160,1.16,1971.9999999999998,0.04558899978527864,gen=49_member=6197_pso,50,10994700.0,0.712329,10994705.05589987,0.7085738374560628,46401.49017389091,103.38252010742895,45612.509888916305,101.62467203250553,lpr:total_combined:bdpl,2.0142505462313482,6.585749453768651
T_factor_1.160,1.16,1971.9999999999998,0.04558899978527864,gen=34_member=4254_pso,50,11826100.0,0.692032,11826081.210188618,0.6819068836156836,49289.58618785271,109.81719802653583,49090.82356794755,109.37435490938714,lpr:total_combined:bdpl,2.8011814874169,5.7988185125831
T_factor_1.160,1.16,1971.9999999999998,0.04558899978527864,gen=46_member=5867_pso,50,11245900.0,0.709312,11245910.539729662,0.7047254285310361,47224.11676777734,105.21533215860791,46469.35011106735,103.53371204745807,lpr:total_combined:bdpl,2.165695791972031,6.434304208027969
T_factor_1.160,1.16,1971.9999999999998,0.04558899978527864,gen=31_member=3915_pso,50,12151300.0,0.634089,12151250.97606472,0.6113346731110139,50778.043066439204,113.13347995202655,50719.60111312249,113.0032712800369,lpr:total_combined:bdpl,3.959600270914259,4.640399729085741
T_factor_1.160,1.16,1971.9999999999998,0.04558899978527864,gen=47_member=5976_pso,50,11362000.0,0.706998,11362024.609674983,0.7010507454718223,48125.197185073404,107.22293932834354,46930.904979662475,104.56205629468799,lpr:total_combined:bdpl,2.282159324537938,6.317840675462062
T_factor_1.160,1.16,1971.9999999999998,0.04558899978527864,gen=39_member=4925_pso,50,11896400.0,0.684874,11896391.93605654,0.673378900874712,50146.24464222477,111.72583306287677,49634.299194174644,110.5852186046211,lpr:total_combined:bdpl,2.989400799271629,5.6105992007283705
T_factor_1.160,1.16,1971.9999999999998,0.04558899978527864,gen=36_member=4494_pso,50,10420500.0,0.717361,10420504.849209998,0.7143316775442868,44203.144887668415,98.48460680972522,43469.94284558344,96.85103265995991,lpr:total_combined:bdpl,1.736179730876744,6.863820269123256
T_factor_1.160,1.16,1971.9999999999998,0.04558899978527864,gen=44_member=5537_pso,50,10636200.0,0.715586,10636170.166640699,0.7122202407095295,45169.2898288748,100.63717773873304,44280.52405169593,98.65700758717853,lpr:total_combined:bdpl,1.8381500796906165,6.761849920309383
T_factor_1.160,1.16,1971.9999999999998,0.04558899978527864,gen=46_member=5774_pso,50,12198800.0,0.623458,12198824.129546277,0.5998487018351641,51031.70882205056,113.69864725552864,51031.70882205056,113.69864725552864,lpr:total_combined:bdpl,4.108279850038973,4.491720149961027
T_factor_1.160,1.16,1971.9999999999998,0.04558899978527864,gen=37_member=4723_pso,50,11316900.0,0.708149,11316939.89607805,0.7027414236040204,47958.33587102356,106.8511723206405,46911.033225908424,104.51778202732396,lpr:total_combined:bdpl,2.2285758332449936,6.371424166755006
T_factor_1.160,1.16,1971.9999999999998,0.04558899978527864,gen=45_member=5711_pso,50,10701000.0,0.715537,10701015.255649135,0.7121492482851661,44962.49060320653,100.17642906394414,44382.095728658474,98.88330928345108,lpr:total_combined:bdpl,1.8415786086223465,6.758421391377653
T_factor_1.160,1.16,1971.9999999999998,0.04558899978527864,gen=29_member=3643_pso,50,11063400.0,0.711087,11063367.898928545,0.7072537915584687,46773.04844914237,104.2103519446892,45939.598395335444,102.35342522480737,lpr:total_combined:bdpl,2.078001229373844,6.521998770626156
T_factor_1.160,1.16,1971.9999999999998,0.04558899978527864,gen=28_member=3493_pso,50,12010000.0,0.668784,12010002.111146484,0.652919161757555,50587.18777954187,112.70825437281928,50262.96022798913,111.98587538795978,lpr:total_combined:bdpl,3.3611571335397317,5.238842866460268
T_factor_1.160,1.16,1971.9999999999998,0.04558899978527864,gen=39_member=4935_pso,50,11281500.0,0.708428,11281519.05267382,0.7032177980733686,47746.93364863757,106.3801681691645,46654.0946465578,103.94532287253078,lpr:total_combined:bdpl,2.2134778635342727,6.386522136465727
T_factor_1.160,1.16,1971.9999999999998,0.04558899978527864,gen=44_member=5540_pso,50,12269800.0,0.591573,12269791.265440106,0.5616111485332902,51409.0442246771,114.53935053258057,51274.750450654414,114.24014400405802,lpr:total_combined:bdpl,4.521431689412718,4.078568310587282
T_factor_1.160,1.16,1971.9999999999998,0.04558899978527864,gen=42_member=5321_pso,50,11999300.0,0.671198,11999286.1007488,0.6562346294727635,50602.65384263916,112.74271276140006,50173.2583189863,111.78601953470147,lpr:total_combined:bdpl,3.305109560830295,5.294890439169705
T_factor_1.160,1.16,1971.9999999999998,0.04558899978527864,gen=39_member=4882_pso,50,10775300.0,0.714436,10775264.386121174,0.710986279768434,45802.7874267953,102.04861038689992,44827.07266782531,99.8747179039148,lpr:total_combined:bdpl,1.8977433507347288,6.702256649265271
T_factor_1.160,1.16,1971.9999999999998,0.04558899978527864,gen=39_member=4970_pso,50,12038300.0,0.666387,12038325.731098836,0.6501039122824565,50516.56288398654,112.550902105522,50255.35737047452,111.96893622141724,lpr:total_combined:bdpl,3.4087485786100613,5.191251421389938
T_factor_1.160,1.16,1971.9999999999998,0.04558899978527864,gen=32_member=3991_pso,50,12201000.0,0.619031,12200978.588406555,0.5943496433691315,51219.6970317056,114.11748498664006,51020.12093871804,113.6728294514638,lpr:total_combined:bdpl,4.1676964686214655,4.432303531378534
T_factor_1.160,1.16,1971.9999999999998,0.04558899978527864,gen=37_member=4713_pso,50,12177200.0,0.629244,12177156.784652073,0.6062501095428059,50997.8887656764,113.62329616992702,50833.59811395465,113.25725659789096,lpr:total_combined:bdpl,4.026194833849904,4.573805166150096
T_factor_1.160,1.16,1971.9999999999998,0.04558899978527864,gen=41_member=5214_pso,50,11978400.0,0.676443,11978411.285790766,0.6635317780367013,50645.64701899745,112.83850155832631,50104.31768993943,111.63241981318505,lpr:total_combined:bdpl,3.181752164577331,5.418247835422669
T_factor_1.160,1.16,1971.9999999999998,0.04558899978527864,gen=47_member=5902_pso,50,11103200.0,0.710867,11103175.487190865,0.7069928604795573,47049.460161530864,104.82619723989076,46109.99146446721,102.73306098283294,lpr:total_combined:bdpl,2.090602711310209,6.50939728868979
T_factor_1.160,1.16,1971.9999999999998,0.04558899978527864,gen=45_member=5714_pso,50,11993300.0,0.674785,11993278.716311434,0.6611298811234249,50064.69897747029,111.5441493218038,49746.83479228297,110.83594791720645,lpr:total_combined:bdpl,3.2223559355837295,5.37764406441627
T_factor_1.160,1.16,1971.9999999999998,0.04558899978527864,gen=45_member=5725_pso,50,10086100.0,0.718322,10086052.361235783,0.7162436115800781,43236.57024331604,96.33107850210814,42605.227886494205,94.92444773110908,lpr:total_combined:bdpl,1.643844228658809,6.956155771341191
T_factor_1.160,1.16,1971.9999999999998,0.04558899978527864,gen=41_member=5219_pso,50,10877600.0,0.713721,10877623.213253161,0.710123152439701,45831.09410723573,102.11167767092121,45102.71967809803,100.48885944280241,lpr:total_combined:bdpl,1.9394274747079703,6.66057252529203
T_factor_1.160,1.16,1971.9999999999998,0.04558899978527864,gen=38_member=4779_pso,50,11511900.0,0.702673,11511911.853114262,0.6962202740167471,48003.579465953466,106.95197505014431,47829.015475785905,106.563046480051,lpr:total_combined:bdpl,2.4352538256286524,6.164746174371347
T_factor_1.160,1.16,1971.9999999999998,0.04558899978527864,gen=39_member=4891_pso,50,12250700.0,0.597475,12250726.961103301,0.5678281299906711,51186.95182954514,114.04452867622658,51181.4721129275,114.03231986760247,lpr:total_combined:bdpl,4.454258005359468,4.145741994640532
T_factor_1.160,1.16,1971.9999999999998,0.04558899978527864,gen=38_member=4772_pso,50,11343500.0,0.707434,11343536.810518842,0.7013415775141485,47559.18910881358,105.96187333443666,47088.50036268619,104.91317880806483,lpr:total_combined:bdpl,2.2729418419722682,6.327058158027731
T_factor_1.160,1.16,1971.9999999999998,0.04558899978527864,gen=42_member=5263_pso,50,12267300.0,0.591914,12267261.652988074,0.5619706177238546,51401.15443533461,114.5217720819255,51266.89061527922,114.2226322908421,lpr:total_combined:bdpl,4.517547671099428,4.082452328900572
T_factor_1.160,1.16,1971.9999999999998,0.04558899978527864,gen=40_member=5076_pso,50,11779100.0,0.693959,11779139.5975923,0.6848513550063814,49427.02345467124,110.12340825700751,48946.710201045935,109.05327032793033,lpr:total_combined:bdpl,2.736194679191965,5.8638053208080345
T_factor_1.160,1.16,1971.9999999999998,0.04558899978527864,gen=49_member=6161_pso,50,10118300.0,0.718234,10118254.813456059,0.7160822459076754,43142.178199925635,96.12077302943432,42648.48611640095,95.02082706734132,lpr:total_combined:bdpl,1.6516372696963735,6.948362730303626
T_factor_1.160,1.16,1971.9999999999998,0.04558899978527864,gen=43_member=5437_pso,50,11872500.0,0.688115,11872492.260370716,0.677222357700425,49773.96375344011,110.89639124266456,49388.10419626745,110.03669614928387,lpr:total_combined:bdpl,2.9045726727554335,5.695427327244566
T_factor_1.160,1.16,1971.9999999999998,0.04558899978527864,gen=44_member=5578_pso,50,10529000.0,0.716879,10529046.22432401,0.7136227058473497,45321.15226539255,100.9755272472946,43781.85514960589,97.54597327332193,lpr:total_combined:bdpl,1.7704190176248864,6.829580982375113
T_factor_1.160,1.16,1971.9999999999998,0.04558899978527864,gen=36_member=4573_pso,50,9923880.0,0.718701,9923883.486663597,0.7169225028151412,42793.782245499315,95.34454684297248,42379.19800126966,94.42085314682879,lpr:total_combined:bdpl,1.6110576565452144,6.988942343454785
T_factor_1.160,1.16,1971.9999999999998,0.04558899978527864,gen=44_member=5555_pso,50,11482000.0,0.70427,11481968.855985735,0.697677459343171,48635.122267710045,108.35905241245798,47726.17379980708,106.33391522597017,lpr:total_combined:bdpl,2.389070536353404,6.210929463646595
T_factor_1.160,1.16,1971.9999999999998,0.04558899978527864,gen=38_member=4840_pso,50,11953800.0,0.677695,11953765.575695587,0.6653259615643282,50063.23576541098,111.54088928533567,49665.68700823383,110.65515065434496,lpr:total_combined:bdpl,3.151421713384134,5.448578286615866
T_factor_1.160,1.16,1971.9999999999998,0.04558899978527864,gen=47_member=5966_pso,50,11540800.0,0.702015,11540755.077291641,0.6955640912426578,48509.58313027878,108.07935121426111,47949.67757377042,106.8318816343605,lpr:total_combined:bdpl,2.456050548134482,6.1439494518655176
T_factor_1.160,1.16,1971.9999999999998,0.04558899978527864,gen=47_member=5898_pso,50,11764400.0,0.695319,11764362.834467728,0.6872083294312398,49013.50339598111,109.20208556624591,48858.132426577125,108.85591904641383,lpr:total_combined:bdpl,2.6841743928263906,5.915825607173609
T_factor_1.160,1.16,1971.9999999999998,0.04558899978527864,gen=38_member=4768_pso,50,10569000.0,0.71664,10568987.168558508,0.7133597087800482,44629.149277354714,99.4337445899463,43944.607240902464,97.90858493273069,lpr:total_combined:bdpl,1.7831202750095703,6.81687972499043
T_factor_1.160,1.16,1971.9999999999998,0.04558899978527864,gen=41_member=5241_pso,50,11446400.0,0.705662,11446374.076925283,0.6993104630537331,48174.289000024866,107.3323158920554,47488.398587199335,105.80415205228012,lpr:total_combined:bdpl,2.3373149487937,6.262685051206299
T_factor_1.160,1.16,1971.9999999999998,0.04558899978527864,gen=39_member=4901_pso,50,9895340.0,0.718742,9895339.590260155,0.7170111816347006,43036.58307268322,95.88550708593822,42282.3515580355,94.20507927130309,lpr:total_combined:bdpl,1.6067749756645875,6.993225024335413
T_factor_1.160,1.16,1971.9999999999998,0.04558899978527864,gen=40_member=5082_pso,50,10606200.0,0.716303,10606192.66881587,0.7130421052821606,45134.53789635979,100.5597504330896,43870.23979482254,97.74289426286462,lpr:total_combined:bdpl,1.798458711344004,6.801541288655995
T_factor_1.160,1.16,1971.9999999999998,0.04558899978527864,gen=49_member=6158_pso,50,11921100.0,0.684136,11921105.488845602,0.6729040239744751,49938.49052936899,111.2629568994341,49407.06456081771,110.07893984150185,lpr:total_combined:bdpl,2.999881707370665,5.600118292629334
T_factor_1.160,1.16,1971.9999999999998,0.04558899978527864,gen=49_member=6216_pso,50,11945100.0,0.680279,11945134.063002478,0.6684355771595271,49765.95027878354,110.87853722112972,49575.549827551215,110.45432501578411,lpr:total_combined:bdpl,3.098503856372946,5.501496143627054
T_factor_1.160,1.16,1971.9999999999998,0.04558899978527864,gen=47_member=6002_pso,50,10144400.0,0.718198,10144439.49189337,0.716019010443641,43537.03644438117,97.00051719808124,42685.09218699485,95.10238539262453,lpr:total_combined:bdpl,1.6546911817144125,6.9453088182855875
T_factor_1.160,1.16,1971.9999999999998,0.04558899978527864,gen=32_member=3978_pso,50,11724500.0,0.69565,11724521.462720819,0.6877173783204326,49484.08398621317,110.25053912128294,48874.142584268266,108.89158967774969,lpr:total_combined:bdpl,2.672939281952635,5.927060718047365
T_factor_1.160,1.16,1971.9999999999998,0.04558899978527864,gen=24_member=2976_pso,50,11884300.0,0.687169,11884331.744194893,0.6759157991782578,49948.858920262544,111.28605767434495,49302.48132715866,109.8459283969095,lpr:total_combined:bdpl,2.933409450855224,5.666590549144775
T_factor_1.160,1.16,1971.9999999999998,0.04558899978527864,gen=46_member=5863_pso,50,11617300.0,0.700106,11617325.353071578,0.6933493564558818,49401.63840788752,110.06685037277339,48314.00128676755,107.6435948669181,lpr:total_combined:bdpl,2.5262432240219446,6.073756775978055
T_factor_1.160,1.16,1971.9999999999998,0.04558899978527864,gen=49_member=6159_pso,50,10903700.0,0.713479,10903671.696892686,0.7098884983383317,45667.79848784485,101.74785503091832,45185.67293819359,100.67367930629531,lpr:total_combined:bdpl,1.9507599285959358,6.649240071404064
T_factor_1.160,1.16,1971.9999999999998,0.04558899978527864,gen=49_member=6198_pso,50,11459600.0,0.705203,11459602.640373657,0.6988366488957944,48552.841526723045,108.17573092153894,47570.689864403525,105.98749701789104,lpr:total_combined:bdpl,2.3523317732991287,6.2476682267008705
T_factor_1.160,1.16,1971.9999999999998,0.04558899978527864,gen=39_member=4883_pso,50,11655800.0,0.698172,11655757.181802921,0.6914076516172754,48881.632005089115,108.90827610733855,48537.54062247831,108.14164050688167,lpr:total_combined:bdpl,2.5877826278454683,6.012217372154531
T_factor_1.160,1.16,1971.9999999999998,0.04558899978527864,gen=36_member=4595_pso,50,12058100.0,0.663152,12058128.274327343,0.6465157187261538,50642.234983008704,112.83089954214338,50507.80174322089,112.53138228389614,lpr:total_combined:bdpl,3.469406548018088,5.130593451981912
T_factor_1.160,1.16,1971.9999999999998,0.04558899978527864,gen=44_member=5538_pso,50,11819700.0,0.693476,11819711.981230736,0.6843747393545457,49533.11938529392,110.35978999043485,48989.99124684964,109.149700497981,lpr:total_combined:bdpl,2.7467139629115165,5.853286037088483
T_factor_1.160,1.16,1971.9999999999998,0.04558899978527864,gen=47_member=5958_pso,50,11252200.0,0.708814,11252182.316333093,0.7038780824550527,46889.07693987987,104.46886342205235,46538.53885013175,103.68786455809354,lpr:total_combined:bdpl,2.1925511467671734,6.407448853232826
T_factor_1.160,1.16,1971.9999999999998,0.04558899978527864,gen=46_member=5862_pso,50,12127400.0,0.646326,12127415.605267622,0.6261297822588129,50873.35612585935,113.34583744841463,50761.635386620335,113.0969236413901,lpr:total_combined:bdpl,3.7658228081948617,4.8341771918051375
T_factor_1.160,1.16,1971.9999999999998,0.04558899978527864,gen=48_member=6077_pso,50,11804900.0,0.693913,11804869.991800735,0.6850943607222025,49514.66438767297,110.31867225573538,48929.08457796394,109.01400043970366,lpr:total_combined:bdpl,2.7308313511930855,5.869168648806914
T_factor_1.160,1.16,1971.9999999999998,0.04558899978527864,gen=38_member=4784_pso,50,11163300.0,0.710244,11163326.786992056,0.7062687443587565,47658.341063344036,106.1827838891305,46251.2716214466,103.04783317258301,lpr:total_combined:bdpl,2.116782726473627,6.483217273526373
T_factor_1.160,1.16,1971.9999999999998,0.04558899978527864,gen=38_member=4799_pso,50,11949800.0,0.678338,11949789.008105733,0.6662364203767674,50300.94685990873,112.07050960387664,49627.29767271265,110.56961921480378,lpr:total_combined:bdpl,3.1360305194795575,5.463969480520442
T_factor_1.160,1.16,1971.9999999999998,0.04558899978527864,gen=33_member=4144_pso,50,10275000.0,0.717721,10274983.576880537,0.7149848622552425,43886.43329653439,97.77897338467862,43197.64571836743,96.24435466052263,lpr:total_combined:bdpl,1.7046346371663257,6.895365362833674
T_factor_1.160,1.16,1971.9999999999998,0.04558899978527864,gen=40_member=5066_pso,50,11747400.0,0.695498,11747366.836248316,0.6871934195681666,49275.627853929764,109.7860988585555,48795.80376842059,108.71705079604108,lpr:total_combined:bdpl,2.68450346527561,5.91549653472439
T_factor_1.160,1.16,1971.9999999999998,0.04558899978527864,gen=40_member=5054_pso,50,11588500.0,0.701146,11588547.789286416,0.6945133160675299,48781.04607997798,108.68417066619094,48181.74171599037,107.34892054322654,lpr:total_combined:bdpl,2.4893532811473653,6.110646718852634
T_factor_1.160,1.16,1971.9999999999998,0.04558899978527864,gen=45_member=5693_pso,50,10709600.0,0.715379,10709593.135838162,0.711919518624418,45013.264122283465,100.28955246444755,44331.89936597063,98.77147178738257,lpr:total_combined:bdpl,1.8526732401328658,6.747326759867134
T_factor_1.160,1.16,1971.9999999999998,0.04558899978527864,gen=48_member=6031_pso,50,12052400.0,0.665521,12052365.848215453,0.6491517399271854,50542.03664619567,112.60765764772395,50359.41582725156,112.20077846311648,lpr:total_combined:bdpl,3.424844934810174,5.175155065189825
T_factor_1.160,1.16,1971.9999999999998,0.04558899978527864,gen=31_member=3921_pso,50,12113900.0,0.648713,12113891.248633971,0.6296277955264837,50758.519707847816,113.08998190908493,50541.739414484626,112.60699541547174,lpr:total_combined:bdpl,3.7200079291833825,4.879992070816617
T_factor_1.160,1.16,1971.9999999999998,0.04558899978527864,gen=44_member=5545_pso,50,11598800.0,0.700704,11598815.43768315,0.6940443375119114,48922.10128165834,108.99844165553478,48203.08537435674,107.39647421406681,lpr:total_combined:bdpl,2.504216848536676,6.095783151463324
T_factor_1.160,1.16,1971.9999999999998,0.04558899978527864,gen=39_member=4943_pso,50,11638200.0,0.698899,11638206.369778983,0.6922502209585629,49553.62611216778,110.40547897790981,48263.5673686528,107.53122809735844,lpr:total_combined:bdpl,2.5610786644459482,6.038921335554051
T_factor_1.160,1.16,1971.9999999999998,0.04558899978527864,gen=34_member=4333_pso,50,11563700.0,0.701354,11563663.491177239,0.694619096176291,49190.64059163448,109.59674723816163,48020.76320158239,106.99026041312557,lpr:total_combined:bdpl,2.486000740277034,6.1139992597229655
T_factor_1.160,1.16,1971.9999999999998,0.04558899978527864,gen=46_member=5865_pso,50,10532800.0,0.716666,10532832.151348412,0.7133502307877917,44588.28472863733,99.34269837540397,43900.42570084892,97.8101484614914,lpr:total_combined:bdpl,1.7835780079431558,6.816421992056844
T_factor_1.160,1.16,1971.9999999999998,0.04558899978527864,gen=35_member=4371_pso,50,11707200.0,0.696196,11707227.059533695,0.6883493340305985,49103.908059944864,109.40350715755716,48760.57446755105,108.63855991370374,lpr:total_combined:bdpl,2.658991520506233,5.9410084794937665
T_factor_1.160,1.16,1971.9999999999998,0.04558899978527864,gen=39_member=4906_pso,50,11134300.0,0.710422,11134328.034844197,0.7064751576465722,47578.77914141552,106.00551992707378,46071.3940281057,102.6470658946195,lpr:total_combined:bdpl,2.1102407689006375,6.489759231099362
T_factor_1.160,1.16,1971.9999999999998,0.04558899978527864,gen=47_member=5999_pso,50,10584600.0,0.716506,10584561.410868496,0.713215778903852,45172.36751059882,100.64403481361417,43991.90226940192,98.01395825622748,lpr:total_combined:bdpl,1.7900712665992145,6.809928733400785
T_factor_1.160,1.16,1971.9999999999998,0.04558899978527864,gen=42_member=5333_pso,50,10737100.0,0.714956,10737093.054913322,0.7115780081712427,45512.1533406996,101.40107764307871,44447.611060534735,99.02927744287139,lpr:total_combined:bdpl,1.8691662459669127,6.730833754033087
T_factor_1.160,1.16,1971.9999999999998,0.04558899978527864,gen=46_member=5794_pso,50,11924600.0,0.682557,11924617.05125353,0.6712499275002953,49682.41356246758,110.69241741717775,49427.09624546203,110.1235704348894,lpr:total_combined:bdpl,3.036388922449289,5.563611077550711
T_factor_1.160,1.16,1971.9999999999998,0.04558899978527864,gen=43_member=5487_pso,50,12067400.0,0.661074,12067409.117305875,0.6443430757463832,50562.666453056096,112.65362085740898,50537.27173193039,112.59704141874091,lpr:total_combined:bdpl,3.5061348095607245,5.093865190439275
T_factor_1.160,1.16,1971.9999999999998,0.04558899978527864,gen=30_member=3743_pso,50,10742800.0,0.714799,10742769.128613207,0.7113308712345513,45646.324483692624,101.70001094966716,44378.07642666707,98.87435427861422,lpr:total_combined:bdpl,1.881101549559413,6.718898450440586
T_factor_1.160,1.16,1971.9999999999998,0.04558899978527864,gen=39_member=4904_pso,50,10630300.0,0.716073,10630263.80682499,0.7127528879698145,45186.13101289218,100.67469989672378,44125.36338214286,98.31130961541429,lpr:total_combined:bdpl,1.8124262569212493,6.787573743078751
T_factor_1.160,1.16,1971.9999999999998,0.04558899978527864,gen=47_member=5956_pso,50,12183100.0,0.627514,12183071.266239155,0.6044468704908968,50949.92024342074,113.51642230234141,50854.86246850255,113.30463357982367,lpr:total_combined:bdpl,4.0498125770287325,4.550187422971267
T_factor_1.160,1.16,1971.9999999999998,0.04558899978527864,gen=45_member=5633_pso,50,10052500.0,0.7184,10052464.229952421,0.7163323761357574,43191.05822560805,96.22967772665474,42774.25277119569,95.30103517422398,lpr:total_combined:bdpl,1.6395574072129002,6.9604425927871
T_factor_1.160,1.16,1971.9999999999998,0.04558899978527864,gen=42_member=5374_pso,50,12060700.0,0.662726,12060715.189592736,0.6460646610718938,50808.16226453737,113.20058552538926,50520.26567669265,112.55915192767122,lpr:total_combined:bdpl,3.4770316220181505,5.122968377981849
T_factor_1.160,1.16,1971.9999999999998,0.04558899978527864,gen=48_member=6063_pso,50,11984100.0,0.674935,11984089.021979596,0.6614545344823107,50686.86090154338,112.93032608863865,50056.85481995258,111.52667253885436,lpr:total_combined:bdpl,3.2168677106029677,5.383132289397032
T_factor_1.160,1.16,1971.9999999999998,0.04558899978527864,gen=37_member=4733_pso,50,11692900.0,0.69644,11692914.81233409,0.6887862437352157,49794.90136387573,110.94304023871513,48748.25392030278,108.61110973443459,lpr:total_combined:bdpl,2.6493485783892647,5.9506514216107345
T_factor_1.160,1.16,1971.9999999999998,0.04558899978527864,gen=38_member=4788_pso,50,12107000.0,0.64925,12107032.78287132,0.6303770539728127,50838.0282661453,113.26712697697172,50549.15545890157,112.6235183624327,lpr:total_combined:bdpl,3.7101945915999757,4.889805408400024
T_factor_1.160,1.16,1971.9999999999998,0.04558899978527864,gen=42_member=5267_pso,50,11624000.0,0.698994,11624016.320151795,0.6923275064522016,49374.311990781556,110.0059671154613,48229.59089885325,107.45552852264503,lpr:total_combined:bdpl,2.558629217388822,6.041370782611178
T_factor_1.160,1.16,1971.9999999999998,0.04558899978527864,gen=46_member=5801_pso,50,12128900.0,0.644216,12128869.131304957,0.6232770571496004,50817.75993013832,113.22196912434818,50772.09331393344,113.1202239034437,lpr:total_combined:bdpl,3.8031860900724657,4.796813909927534
T_factor_1.160,1.16,1971.9999999999998,0.04558899978527864,gen=47_member=5934_pso,50,12214400.0,0.617987,12214365.004216783,0.5929460852122008,51089.75653112735,113.82797755135174,51089.75653112735,113.82797755135174,lpr:total_combined:bdpl,4.182861733763456,4.4171382662365435
T_factor_1.160,1.16,1971.9999999999998,0.04558899978527864,gen=40_member=5041_pso,50,10773400.0,0.714662,10773385.543513425,0.7111422814667955,45911.66320015842,102.29118560995296,44777.123591647796,99.76343136219128,lpr:total_combined:bdpl,1.8902093590303048,6.709790640969695
T_factor_1.160,1.16,1971.9999999999998,0.04558899978527864,gen=44_member=5596_pso,50,11129300.0,0.710806,11129305.094874427,0.7069926891683217,46326.48433354849,103.21540709514603,46042.22206637733,102.5820707638887,lpr:total_combined:bdpl,2.090610984665192,6.509389015334808
T_factor_1.160,1.16,1971.9999999999998,0.04558899978527864,gen=46_member=5800_pso,50,10266700.0,0.717862,10266732.962909713,0.7152593077354652,43830.81669688098,97.65505960065083,43267.22125075295,96.39936894667757,lpr:total_combined:bdpl,1.691380486775457,6.908619513224543
T_factor_1.160,1.16,1971.9999999999998,0.04558899978527864,90,50,12416100.0,0.556633,12416131.199367564,0.5189632819243181,52367.2352406157,116.67420011609178,52367.2352406157,116.67420011609178,lpr:total_combined:bdpl,4.932498110705283,3.6675018892947167
T_factor_1.160,1.16,1971.9999999999998,0.04558899978527864,8,50,12404500.0,0.556712,12404528.288386147,0.518776993311514,52432.08592469255,116.81868744021499,52432.08592469255,116.81868744021499,lpr:total_combined:bdpl,4.934249017580945,3.6657509824190546
T_factor_1.160,1.16,1971.9999999999998,0.04558899978527864,gen=47_member=5927_pso,50,12191700.0,0.623739,12191693.59369932,0.6005195550817274,50892.77888623762,113.3891113585374,50864.275180965094,113.32560510319023,lpr:total_combined:bdpl,4.101031367099196,4.498968632900803
T_factor_1.160,1.16,1971.9999999999998,0.04558899978527864,gen=23_member=2880_pso,50,12086100.0,0.651425,12086117.93737263,0.6332957991469536,50685.30030794859,112.92684908610946,50513.65277696667,112.54441838708175,lpr:total_combined:bdpl,3.6719666185232356,4.928033381476764
T_factor_1.160,1.16,1971.9999999999998,0.04558899978527864,gen=45_member=5694_pso,50,11937100.0,0.681248,11937082.887701936,0.6698679048680696,49824.64404995597,111.0093069433019,49490.96174587519,110.26586276980991,lpr:total_combined:bdpl,3.0668912530362733,5.533108746963727
T_factor_1.160,1.16,1971.9999999999998,0.04558899978527864,gen=33_member=4157_pso,50,12187200.0,0.625142,12187167.117334038,0.6020033914422152,51187.975454635576,114.04680931292806,50849.17018404211,113.29195117004582,lpr:total_combined:bdpl,4.08181579954852,4.51818420045148
T_factor_1.160,1.16,1971.9999999999998,0.04558899978527864,gen=39_member=4884_pso,50,11680400.0,0.697022,11680425.995853443,0.6895463122229496,49254.57549238486,109.73919419703346,48559.45242309004,108.19045999864461,lpr:total_combined:bdpl,2.632573266798115,5.967426733201885
T_factor_1.160,1.16,1971.9999999999998,0.04558899978527864,gen=43_member=5440_pso,50,12121100.0,0.647192,12121098.886050921,0.6275291493496925,50835.08313646425,113.26056522804235,50621.75583412206,112.78527199842394,lpr:total_combined:bdpl,3.7474947376429797,4.85250526235702
T_factor_1.160,1.16,1971.9999999999998,0.04558899978527864,gen=33_member=4206_pso,50,11551100.0,0.701567,11551056.819824193,0.6949806140454524,48667.510880842834,108.43121424251783,47816.250315878584,106.53460570377749,lpr:total_combined:bdpl,2.474542977131266,6.1254570228687335
T_factor_1.160,1.16,1971.9999999999998,0.04558899978527864,gen=48_member=6130_pso,50,11497500.0,0.703325,11497486.999720298,0.6970019149720276,48519.73772520262,108.10197565175143,47653.76048447941,106.17257835942013,lpr:total_combined:bdpl,2.410480895451206,6.189519104548793
T_factor_1.160,1.16,1971.9999999999998,0.04558899978527864,gen=40_member=5021_pso,50,12103200.0,0.650633,12103213.1286555,0.6321505822908601,51356.81714081211,114.42298858972939,50538.80335523818,112.60045387547066,lpr:total_combined:bdpl,3.6869659817871616,4.913034018212838
T_factor_1.160,1.16,1971.9999999999998,0.04558899978527864,gen=45_member=5738_pso,50,10894900.0,0.713643,10894885.825538045,0.7101189337698649,45530.41708116328,101.44176925683179,44923.50650222009,100.08957248694635,lpr:total_combined:bdpl,1.939631212384435,6.660368787615565
T_factor_1.160,1.16,1971.9999999999998,0.04558899978527864,gen=27_member=3377_pso,50,12186900.0,0.625766,12186931.25762333,0.6026464241946418,50945.06918245952,113.5056141385198,50866.95776489414,113.33158190018415,lpr:total_combined:bdpl,4.073393742369628,4.526606257630371
T_factor_1.160,1.16,1971.9999999999998,0.04558899978527864,gen=46_member=5826_pso,50,12186100.0,0.627088,12186064.810103523,0.6039998284261184,50982.68793573881,113.58942872082606,50864.647947326586,113.32643562664363,lpr:total_combined:bdpl,4.055667665773009,4.544332334226991
T_factor_1.160,1.16,1971.9999999999998,0.04558899978527864,gen=41_member=5141_pso,50,11030000.0,0.711812,11029968.090569744,0.7080647739786294,46670.83927397202,103.98262990240966,45764.1445725456,101.96251410763159,lpr:total_combined:bdpl,2.0388354068853767,6.561164593114623
T_factor_1.160,1.16,1971.9999999999998,0.04558899978527864,gen=29_member=3677_pso,50,11489400.0,0.703344,11489410.323236927,0.6968808875290095,48245.40350903176,107.49075901812276,47672.920123003445,106.21526603405167,lpr:total_combined:bdpl,2.414316677564706,6.185683322435294
T_factor_1.160,1.16,1971.9999999999998,0.04558899978527864,gen=35_member=4441_pso,50,12097700.0,0.650754,12097747.115144044,0.6323808927455874,50601.79755350265,112.7408049492039,50516.3430693612,112.55041235853676,lpr:total_combined:bdpl,3.6839495136348166,4.916050486365183
T_factor_1.160,1.16,1971.9999999999998,0.04558899978527864,gen=31_member=3912_pso,50,11666300.0,0.697443,11666347.56033951,0.6901721406832677,49118.4329153273,109.43586853534921,48526.83479974014,108.11778793382103,lpr:total_combined:bdpl,2.618760738593261,5.9812392614067384
T_factor_1.160,1.16,1971.9999999999998,0.04558899978527864,gen=44_member=5517_pso,50,12132500.0,0.643292,12132464.82691212,0.6220662690584926,51456.49456959809,114.64506990106455,50794.287641190014,113.16967286457135,lpr:total_combined:bdpl,3.8190442660306076,4.780955733969392
T_factor_1.160,1.16,1971.9999999999998,0.04558899978527864,gen=49_member=6177_pso,50,12138900.0,0.642618,12138871.541597325,0.621119579250979,50825.8835101407,113.24006846059348,50801.76609991204,113.18633487060403,lpr:total_combined:bdpl,3.831443441126223,4.768556558873777
T_factor_1.160,1.16,1971.9999999999998,0.04558899978527864,gen=44_member=5611_pso,50,11923800.0,0.68319,11923767.054962939,0.6719020291586315,49891.114152183596,111.15740233106504,49430.9234601053,110.13209746911461,lpr:total_combined:bdpl,3.021996524021737,5.578003475978263
T_factor_1.160,1.16,1971.9999999999998,0.04558899978527864,gen=35_member=4426_pso,50,12009300.0,0.66959,12009325.101516692,0.6540012104015545,50272.83216736466,112.00787006888845,50272.83216736466,112.00787006888845,lpr:total_combined:bdpl,3.3428652347009904,5.257134765299009
T_factor_1.160,1.16,1971.9999999999998,0.04558899978527864,gen=25_member=3126_pso,50,11880600.0,0.687242,11880589.469000075,0.6759954139872622,49706.3042309079,110.7456458264628,49291.21269141708,109.82082187647725,lpr:total_combined:bdpl,2.9316522891653625,5.668347710834637
T_factor_1.160,1.16,1971.9999999999998,0.04558899978527864,gen=36_member=4525_pso,50,11173400.0,0.709924,11173377.904344108,0.7057225712769164,46765.35983396837,104.19322171008152,46266.519971233356,103.08180649590791,lpr:total_combined:bdpl,2.134092857845097,6.465907142154903
T_factor_1.160,1.16,1971.9999999999998,0.04558899978527864,gen=47_member=5916_pso,50,11938700.0,0.681121,11938697.818192918,0.6697340416320968,49794.69939162476,110.94259024453996,49495.352919661775,110.27564630500643,lpr:total_combined:bdpl,3.0698457203379466,5.530154279662053
T_factor_1.160,1.16,1971.9999999999998,0.04558899978527864,gen=37_member=4683_pso,50,11669800.0,0.697204,11669824.724862162,0.6900465313964506,48673.953149886016,108.44556761794604,48585.14827481801,108.24771035629453,lpr:total_combined:bdpl,2.6215330347206574,5.978466965279342
T_factor_1.160,1.16,1971.9999999999998,0.04558899978527864,gen=30_member=3767_pso,50,12001400.0,0.670255,12001377.210174264,0.6549179862352926,50548.11932642426,112.62120985927325,50242.449031244745,111.94017644161329,lpr:total_combined:bdpl,3.3273672523306614,5.272632747669338
T_factor_1.160,1.16,1971.9999999999998,0.04558899978527864,gen=41_member=5185_pso,50,11449100.0,0.705422,11449096.778256543,0.6991040505794784,48486.720972743366,108.02841432727222,47453.85902728026,105.72719791278043,lpr:total_combined:bdpl,2.3438568805821016,6.256143119417898
T_factor_1.160,1.16,1971.9999999999998,0.04558899978527864,gen=40_member=5102_pso,50,12208700.0,0.61827,12208710.648241015,0.5933356873737219,51061.80412640587,113.76569959363228,51061.80412640587,113.76569959363228,lpr:total_combined:bdpl,4.178652132579363,4.421347867420637
T_factor_1.160,1.16,1971.9999999999998,0.04558899978527864,gen=40_member=5107_pso,50,12124500.0,0.647188,12124489.979887124,0.6275180387251507,50849.12766349434,113.2918564342654,50630.82800675064,112.80548479904043,lpr:total_combined:bdpl,3.7476402579369794,4.852359742063021
T_factor_1.160,1.16,1971.9999999999998,0.04558899978527864,gen=36_member=4597_pso,50,12067700.0,0.660395,12067736.32117229,0.6436353020412375,51057.747764340544,113.75666201895073,50541.95907510031,112.60748481932349,lpr:total_combined:bdpl,3.5180996367309634,5.081900363269036
T_factor_1.160,1.16,1971.9999999999998,0.04558899978527864,gen=43_member=5401_pso,50,12002800.0,0.670056,12002793.896778665,0.6547049086883986,50410.158340373324,112.31383278235177,50198.64970178832,111.84259153558438,lpr:total_combined:bdpl,3.330969301974369,5.269030698025631
T_factor_1.160,1.16,1971.9999999999998,0.04558899978527864,gen=34_member=4241_pso,50,12130700.0,0.643917,12130735.362367615,0.6229091815712027,51374.07002860749,114.4614280237375,50782.20974221339,113.14276330565143,lpr:total_combined:bdpl,3.808004303677124,4.791995696322876
T_factor_1.160,1.16,1971.9999999999998,0.04558899978527864,gen=41_member=5136_pso,50,10406500.0,0.717487,10406546.441500314,0.7145192727851992,43931.72374076148,97.87988049441658,43609.560802630964,97.16210146826178,lpr:total_combined:bdpl,1.7271199513764688,6.87288004862353
T_factor_1.160,1.16,1971.9999999999998,0.04558899978527864,gen=30_member=3730_pso,50,12140000.0,0.641959,12140045.72221974,0.620277393009219,51075.04584032901,113.79520213225304,50815.44517450234,113.21681184879121,lpr:total_combined:bdpl,3.8424738912185563,4.757526108781443
T_factor_1.160,1.16,1971.9999999999998,0.04558899978527864,gen=26_member=3274_pso,50,12038900.0,0.665819,12038850.4455638,0.6494859565486385,50639.3413163918,112.82445245292094,50304.87921352462,112.07927088773285,lpr:total_combined:bdpl,3.4191950440554946,5.180804955944505
T_factor_1.160,1.16,1971.9999999999998,0.04558899978527864,gen=27_member=3397_pso,50,12071700.0,0.660095,12071654.496071892,0.6433180077615273,50981.96316968758,113.58781394206393,50552.867655833994,112.63178913719814,lpr:total_combined:bdpl,3.523463457386123,5.076536542613876
T_factor_1.160,1.16,1971.9999999999998,0.04558899978527864,gen=35_member=4358_pso,50,12204700.0,0.618623,12204661.884933073,0.5938662968842935,51106.48412393821,113.86524662813433,51009.814886034575,113.64986756608504,lpr:total_combined:bdpl,4.172918965147044,4.4270810348529555
T_factor_1.160,1.16,1971.9999999999998,0.04558899978527864,gen=39_member=4886_pso,50,12044000.0,0.665732,12044004.390030988,0.6493788630349978,50491.711318747475,112.49553281816937,50342.93282698114,112.16405433851398,lpr:total_combined:bdpl,3.421005446691887,5.1789945533081125
T_factor_1.160,1.16,1971.9999999999998,0.04558899978527864,gen=44_member=5592_pso,50,12203600.0,0.618851,12203605.6103388,0.5940557211756634,51092.96853954465,113.83513390610548,51061.40909363768,113.76481946062475,lpr:total_combined:bdpl,4.170872260071965,4.429127739928035
T_factor_1.160,1.16,1971.9999999999998,0.04558899978527864,gen=38_member=4844_pso,50,12142000.0,0.641745,12141958.442525955,0.6199857343853709,50941.33531657965,113.49729508533946,50823.455622000954,113.23465912581813,lpr:total_combined:bdpl,3.846293860881839,4.753706139118161
T_factor_1.160,1.16,1971.9999999999998,0.04558899978527864,gen=42_member=5368_pso,50,12047200.0,0.665633,12047226.813034713,0.649293289450757,50988.90270934845,113.60327523642833,50307.04728986295,112.08410136181466,lpr:total_combined:bdpl,3.4224520575766024,5.177547942423397
T_factor_1.160,1.16,1971.9999999999998,0.04558899978527864,gen=41_member=5212_pso,50,12074000.0,0.659863,12074040.299001968,0.6430724166041974,50894.43854761299,113.39280908408173,50560.45217337479,112.64868744227903,lpr:total_combined:bdpl,3.5276151456031726,5.072384854396827
T_factor_1.160,1.16,1971.9999999999998,0.04558899978527864,gen=46_member=5787_pso,50,12049200.0,0.665563,12049204.249162452,0.6492047793195865,50381.152569186444,112.2492079241474,50349.292689661954,112.17822411256682,lpr:total_combined:bdpl,3.423948310424895,5.176051689575105
T_factor_1.160,1.16,1971.9999999999998,0.04558899978527864,gen=47_member=5970_pso,50,12075000.0,0.659832,12074981.120001724,0.6430437681677148,50713.11596487974,112.98882236975206,50559.08338774511,112.64563778789609,lpr:total_combined:bdpl,3.5280994438876663,5.071900556112333
T_factor_1.160,1.16,1971.9999999999998,0.04558899978527864,gen=50_member=6375_pso,50,12295700.0,0.582721,12295746.208614845,0.5517658662566322,51477.2567191637,114.69132797029671,51477.2567191637,114.69132797029671,lpr:total_combined:bdpl,4.62419010635441,3.9758098936455895
T_factor_1.160,1.16,1971.9999999999998,0.04558899978527864,gen=50_member=6314_pso,50,12219200.0,0.616249,12219242.960929338,0.5907542742193944,51108.100000000006,113.86884680000001,51108.100000000006,113.86884680000001,lpr:total_combined:bdpl,4.2065439692895765,4.393456030710423
T_factor_1.160,1.16,1971.9999999999998,0.04558899978527864,gen=50_member=6331_pso,50,12250500.0,0.600795,12250481.385280203,0.5712928997143121,51229.27664652902,114.13882836846665,51189.651842018546,114.05054430401732,lpr:total_combined:bdpl,4.416821614672342,4.183178385327658
T_factor_1.160,1.16,1971.9999999999998,0.04558899978527864,gen=50_member=6311_pso,50,12149400.0,0.639509,12149374.420328459,0.6169434900398459,50943.69444447454,113.50255122228927,50840.12644413603,113.27180171753508,lpr:total_combined:bdpl,3.8861393520072594,4.713860647992741
T_factor_1.160,1.16,1971.9999999999998,0.04558899978527864,gen=50_member=6307_pso,50,9981370.0,0.718653,9981373.38209072,0.7168668032391796,43752.64310475318,97.48088883739008,42375.601402361644,94.41283992446174,lpr:total_combined:bdpl,1.613747628177847,6.986252371822153
T_factor_1.160,1.16,1971.9999999999998,0.04558899978527864,gen=50_member=6332_pso,50,11222500.0,0.709503,11222480.829753874,0.7048750516855725,47077.84871533011,104.88944693775548,46464.529875399385,103.52297256238982,lpr:total_combined:bdpl,2.1609537119476667,6.439046288052333
T_factor_1.160,1.16,1971.9999999999998,0.04558899978527864,gen=50_member=6369_pso,50,10816200.0,0.714409,10816152.42359839,0.7108875627997228,45326.84803553662,100.98821742317558,44806.315606127355,99.82847117045175,lpr:total_combined:bdpl,1.90251081693008,6.697489183069919
T_factor_1.160,1.16,1971.9999999999998,0.04558899978527864,gen=50_member=6392_pso,50,10988800.0,0.712623,10988818.450383374,0.7088867253524014,46401.29951110389,103.38209531073947,45639.441190947065,101.68467497343006,lpr:total_combined:bdpl,1.9991398465390484,6.6008601534609515
T_factor_1.160,1.16,1971.9999999999998,0.04558899978527864,gen=50_member=6378_pso,50,11022800.0,0.712066,11022782.803294366,0.7082941613119859,46236.0318934091,103.01387905851547,45780.544156578704,101.99905238085735,lpr:total_combined:bdpl,2.027757307834156,6.572242692165844
T_factor_1.160,1.16,1971.9999999999998,0.04558899978527864,gen=50_member=6337_pso,50,12024000.0,0.668505,12024025.732677821,0.6524000666898216,50701.722188745116,112.96343703652411,50210.12362714249,111.86815544127347,lpr:total_combined:bdpl,3.3699323716210565,5.230067628378944
T_factor_1.160,1.16,1971.9999999999998,0.04558899978527864,gen=50_member=6333_pso,50,11046600.0,0.711612,11046597.887337454,0.707841113404261,46399.3412240379,103.37773224715643,45873.557837677174,102.20628686234474,lpr:total_combined:bdpl,2.049636936160997,6.5503630638390025
T_factor_1.160,1.16,1971.9999999999998,0.04558899978527864,gen=50_member=6385_pso,50,10736300.0,0.715054,10736330.109125491,0.7117581154890146,44989.937994704,100.2375818522005,44397.263235323626,98.91710248830104,lpr:total_combined:bdpl,1.8604680904195585,6.739531909580441
T_factor_1.200,1.2,2040.0,0.022190548492442997,gen=47_member=5907_pso,50,9738960.0,0.719193,9738959.963789836,0.7172015089144547,42427.949226186,94.52947087594241,41736.54912774984,92.98903145662663,lpr:total_combined:bdpl,1.59570631056504,7.0042936894349594
T_factor_1.200,1.2,2040.0,0.022190548492442997,56,50,12446400.0,0.533346,12446397.913772527,0.4827450345007792,52637.1528415432,117.27557653095823,52637.1528415432,117.27557653095823,lpr:total_combined:bdpl,5.251085077167722,3.348914922832278
T_factor_1.200,1.2,2040.0,0.022190548492442997,64,50,12377800.0,0.56755,12377834.289729021,0.5233787929777861,52241.56295681393,116.39420226778142,52241.56295681393,116.39420226778142,lpr:total_combined:bdpl,4.89099719153097,3.7090028084690294
T_factor_1.200,1.2,2040.0,0.022190548492442997,gen=40_member=5105_pso,50,12283000.0,0.583854,12283049.42442162,0.5449733059488676,51868.902507044404,115.56391478569493,51444.95457882824,114.61935880162932,lpr:total_combined:bdpl,4.688032658871128,3.9119673411288716
T_factor_1.200,1.2,2040.0,0.022190548492442997,30,50,12433400.0,0.544694,12433371.76921002,0.49725531082790286,52187.23403515008,116.27315743031438,52187.23403515008,116.27315743031438,lpr:total_combined:bdpl,5.131918363228367,3.4680816367716325
T_factor_1.200,1.2,2040.0,0.022190548492442997,gen=36_member=4531_pso,50,12223600.0,0.605591,12223597.44766552,0.5705976200253685,51053.0244471527,113.7461384682562,51053.0244471527,113.7461384682562,lpr:total_combined:bdpl,4.424334022176516,4.175665977823484
T_factor_1.200,1.2,2040.0,0.022190548492442997,105,50,12417100.0,0.55506,12417148.746273495,0.5081074153841064,52327.1463926199,116.58488216275714,52327.1463926199,116.58488216275714,lpr:total_combined:bdpl,5.034531246710819,3.5654687532891804
T_factor_1.200,1.2,2040.0,0.022190548492442997,gen=49_member=6222_pso,50,12218800.0,0.616332,12218818.301128551,0.584103300781436,51106.17822286103,113.86456508053438,51106.17822286103,113.86456508053438,lpr:total_combined:bdpl,4.2784068808055125,4.321593119194487
T_factor_1.200,1.2,2040.0,0.022190548492442997,18,50,12390900.0,0.557388,12390900.705456987,0.511256097190303,52187.6001459564,116.27397312519085,52187.6001459564,116.27397312519085,lpr:total_combined:bdpl,5.004937121011155,3.595062878988845
T_factor_1.200,1.2,2040.0,0.022190548492442997,35,50,12440100.0,0.533609,12440134.96511929,0.48281926291086147,52700.025782036595,117.41565744237754,52700.025782036595,117.41565744237754,lpr:total_combined:bdpl,5.250475470878287,3.3495245291217124
T_factor_1.200,1.2,2040.0,0.022190548492442997,gen=44_member=5567_pso,50,9875600.0,0.719021,9875603.379483644,0.7168614416580334,42989.08731889699,95.7796865465025,42069.119675814705,93.72999863771516,lpr:total_combined:bdpl,1.6140065619478146,6.985993438052185
T_factor_1.200,1.2,2040.0,0.022190548492442997,gen=49_member=6144_pso,50,9757770.0,0.719034,9757774.55799681,0.716933000629809,42132.10114850491,93.87032135886894,41805.01359125954,93.14157028132627,lpr:total_combined:bdpl,1.6105506720094562,6.989449327990544
T_factor_1.200,1.2,2040.0,0.022190548492442997,gen=46_member=5849_pso,50,10309300.0,0.717719,10309323.448797248,0.714270639413526,45220.50929470598,100.75129470860493,43336.516794327195,96.55375941776099,lpr:total_combined:bdpl,1.7391275242381956,6.860872475761804
T_factor_1.200,1.2,2040.0,0.022190548492442997,gen=31_member=3852_pso,50,12085500.0,0.652391,12085489.190941257,0.6295866399404036,50809.626277516305,113.20384734630632,50462.82627345364,112.4311769372547,lpr:total_combined:bdpl,3.720546960356973,4.8794530396430265
T_factor_1.200,1.2,2040.0,0.022190548492442997,gen=37_member=4697_pso,50,9951180.0,0.718657,9951183.919557761,0.7160921266778159,42929.95184756078,95.6479327163654,42506.86767415341,94.70530117801378,lpr:total_combined:bdpl,1.6511600848897137,6.948839915110286
T_factor_1.200,1.2,2040.0,0.022190548492442997,gen=42_member=5264_pso,50,12276000.0,0.587416,12275991.063515613,0.5492239878068181,51721.642237508655,115.23581890516928,51425.41398676402,114.57582236251024,lpr:total_combined:bdpl,4.6480809517898,3.9519190482101996
T_factor_1.200,1.2,2040.0,0.022190548492442997,gen=43_member=5399_pso,50,12075700.0,0.659796,12075652.37136835,0.639043880810133,50662.073440237364,112.87509962484884,50563.483653430434,112.655441579843,lpr:total_combined:bdpl,3.5957170462172785,5.004282953782721
T_factor_1.200,1.2,2040.0,0.022190548492442997,gen=35_member=4383_pso,50,10482600.0,0.717261,10482596.881225228,0.713350593652858,44395.66150852786,98.91353384100007,43697.952601065685,97.35903839517434,lpr:total_combined:bdpl,1.7835604836313774,6.816439516368622
T_factor_1.200,1.2,2040.0,0.022190548492442997,gen=47_member=5964_pso,50,10840100.0,0.714224,10840089.258866806,0.7098786127268905,45340.13174397748,101.01781352558181,44763.52736283021,99.7331389643857,lpr:total_combined:bdpl,1.95123734720979,6.64876265279021
T_factor_1.200,1.2,2040.0,0.022190548492442997,gen=45_member=5721_pso,50,10935500.0,0.713017,10935459.38484597,0.7084613312777815,46077.815037649634,102.66137190388338,45406.79805241785,101.16634606078696,lpr:total_combined:bdpl,2.019683952551732,6.580316047448267
T_factor_1.200,1.2,2040.0,0.022190548492442997,gen=47_member=5893_pso,50,10050300.0,0.718629,10050330.220899835,0.7160147024490863,44663.8123416983,99.51097389730381,42679.893231787595,95.09080212042277,lpr:total_combined:bdpl,1.654899233264997,6.945100766735003
T_factor_1.200,1.2,2040.0,0.022190548492442997,gen=35_member=4446_pso,50,11409800.0,0.706375,11409792.203285765,0.698501234403105,48804.747890203915,108.73697829937431,47323.49343085893,105.4367433639537,lpr:total_combined:bdpl,2.362962229331104,6.237037770668896
T_factor_1.200,1.2,2040.0,0.022190548492442997,gen=45_member=5683_pso,50,10240800.0,0.71792,10240771.73598947,0.7146327174765734,44683.47269518394,99.55477716486982,43384.26011810516,96.66013154313829,lpr:total_combined:bdpl,1.7216412202299403,6.87835877977006
T_factor_1.200,1.2,2040.0,0.022190548492442997,gen=49_member=6242_pso,50,11866200.0,0.690335,11866171.531540677,0.6766056320708917,49793.36739732516,110.93962256124044,49240.59882468567,109.70805418139967,lpr:total_combined:bdpl,2.9181842942982694,5.68181570570173
T_factor_1.200,1.2,2040.0,0.022190548492442997,gen=45_member=5670_pso,50,10406200.0,0.717494,10406231.87516301,0.7137595334347838,44191.60289947777,98.45889126003648,43609.30208475285,97.16152504482936,lpr:total_combined:bdpl,1.7638110260485595,6.83618897395144
T_factor_1.200,1.2,2040.0,0.022190548492442997,gen=38_member=4778_pso,50,10164400.0,0.71794,10164356.433517821,0.7146991262771911,43216.77328051297,96.28697086898289,42970.82431105304,95.73899656502617,lpr:total_combined:bdpl,1.7184340541656649,6.881565945834335
T_factor_1.200,1.2,2040.0,0.022190548492442997,gen=43_member=5423_pso,50,12257800.0,0.594933,12257750.350139363,0.5581436586726611,51233.33114761955,114.14786179689636,51233.33114761955,114.14786179689636,lpr:total_combined:bdpl,4.558897470829713,4.041102529170287
T_factor_1.200,1.2,2040.0,0.022190548492442997,gen=38_member=4827_pso,50,12171600.0,0.631596,12171637.808199104,0.603344906545643,50979.48086559517,113.58228336854604,50813.54471465353,113.21257762424806,lpr:total_combined:bdpl,4.064245439617741,4.535754560382259
T_factor_1.200,1.2,2040.0,0.022190548492442997,gen=46_member=5827_pso,50,12142700.0,0.641492,12142688.246643651,0.6143245310225365,51220.46766399847,114.11920195538859,50818.373966461804,113.22333719727689,lpr:total_combined:bdpl,3.9204409058701324,4.679559094129868
T_factor_1.200,1.2,2040.0,0.022190548492442997,gen=49_member=6197_pso,50,10994700.0,0.712329,10994705.05589987,0.707683824505035,46401.49017389091,103.38252010742895,45612.509888916305,101.62467203250553,lpr:total_combined:bdpl,2.0572330923209243,6.542766907679075
T_factor_1.200,1.2,2040.0,0.022190548492442997,gen=34_member=4254_pso,50,11826100.0,0.692032,11826081.210188618,0.679412408486183,49289.58618785271,109.81719802653583,49090.82356794755,109.37435490938714,lpr:total_combined:bdpl,2.8562365228894344,5.743763477110566
T_factor_1.200,1.2,2040.0,0.022190548492442997,gen=46_member=5867_pso,50,11245900.0,0.709312,11245910.539729662,0.7033280452886207,47224.11676777734,105.21533215860791,46469.35011106735,103.53371204745807,lpr:total_combined:bdpl,2.209983744466882,6.3900162555331175
T_factor_1.200,1.2,2040.0,0.022190548492442997,gen=31_member=3915_pso,50,12151300.0,0.634089,12151250.97606472,0.6060032107516092,50778.043066439204,113.13347995202655,50719.60111312249,113.0032712800369,lpr:total_combined:bdpl,4.02942856608051,4.57057143391949
T_factor_1.200,1.2,2040.0,0.022190548492442997,gen=47_member=5976_pso,50,11362000.0,0.706998,11362024.609674983,0.6996230257135128,48125.197185073404,107.22293932834354,46930.904979662475,104.56205629468799,lpr:total_combined:bdpl,2.327408747110576,6.272591252889423
T_factor_1.200,1.2,2040.0,0.022190548492442997,gen=39_member=4925_pso,50,11896400.0,0.684874,11896391.93605654,0.6706666850539863,50146.24464222477,111.72583306287677,49634.299194174644,110.5852186046211,lpr:total_combined:bdpl,3.04926154370371,5.55073845629629
T_factor_1.200,1.2,2040.0,0.022190548492442997,gen=36_member=4494_pso,50,10420500.0,0.717361,10420504.849209998,0.7135698982731666,44203.144887668415,98.48460680972522,43469.94284558344,96.85103265995991,lpr:total_combined:bdpl,1.7729693220767255,6.827030677923274
T_factor_1.200,1.2,2040.0,0.022190548492442997,gen=44_member=5537_pso,50,10636200.0,0.715586,10636170.166640699,0.7114180544917852,45169.2898288748,100.63717773873304,44280.52405169593,98.65700758717853,lpr:total_combined:bdpl,1.8768910958036944,6.723108904196305
T_factor_1.200,1.2,2040.0,0.022190548492442997,gen=46_member=5774_pso,50,12198800.0,0.623458,12198824.129546277,0.5931737124281341,51031.70882205056,113.69864725552864,51031.70882205056,113.69864725552864,lpr:total_combined:bdpl,4.180402251008064,4.419597748991936
T_factor_1.200,1.2,2040.0,0.022190548492442997,gen=37_member=4723_pso,50,11316900.0,0.708149,11316939.89607805,0.7012952676712908,47958.33587102356,106.8511723206405,46911.033225908424,104.51778202732396,lpr:total_combined:bdpl,2.2744095625361562,6.325590437463843
T_factor_1.200,1.2,2040.0,0.022190548492442997,gen=45_member=5711_pso,50,10701000.0,0.715537,10701015.255649135,0.7113418409528512,44962.49060320653,100.17642906394414,44382.095728658474,98.88330928345108,lpr:total_combined:bdpl,1.8805717747714483,6.719428225228551
T_factor_1.200,1.2,2040.0,0.022190548492442997,gen=29_member=3643_pso,50,11063400.0,0.711087,11063367.898928545,0.7061081513483211,46773.04844914237,104.2103519446892,45939.598395335444,102.35342522480737,lpr:total_combined:bdpl,2.1218724795215285,6.478127520478472
T_factor_1.200,1.2,2040.0,0.022190548492442997,gen=28_member=3493_pso,50,12010000.0,0.668784,12010002.111146484,0.6491512538562376,50587.18777954187,112.70825437281928,50262.96022798913,111.98587538795978,lpr:total_combined:bdpl,3.4248531517795833,5.175146848220416
T_factor_1.200,1.2,2040.0,0.022190548492442997,gen=39_member=4935_pso,50,11281500.0,0.708428,11281519.05267382,0.7017854262595126,47746.93364863757,106.3801681691645,46654.0946465578,103.94532287253078,lpr:total_combined:bdpl,2.258874725985101,6.341125274014899
T_factor_1.200,1.2,2040.0,0.022190548492442997,gen=44_member=5540_pso,50,12269800.0,0.591573,12269791.265440106,0.5545880214053949,51409.0442246771,114.53935053258057,51274.750450654414,114.24014400405802,lpr:total_combined:bdpl,4.5973156736242125,4.002684326375787
T_factor_1.200,1.2,2040.0,0.022190548492442997,gen=42_member=5321_pso,50,11999300.0,0.671198,11999286.1007488,0.6525051648754099,50602.65384263916,112.74271276140006,50173.2583189863,111.78601953470147,lpr:total_combined:bdpl,3.3681556997592352,5.231844300240764
T_factor_1.200,1.2,2040.0,0.022190548492442997,gen=39_member=4882_pso,50,10775300.0,0.714436,10775264.386121174,0.7101664799191721,45802.7874267953,102.04861038689992,44827.07266782531,99.8747179039148,lpr:total_combined:bdpl,1.9373350047263092,6.6626649952736905
T_factor_1.200,1.2,2040.0,0.022190548492442997,gen=39_member=4970_pso,50,12038300.0,0.666387,12038325.731098836,0.6462633252475615,50516.56288398654,112.550902105522,50255.35737047452,111.96893622141724,lpr:total_combined:bdpl,3.473673228636904,5.126326771363096
T_factor_1.200,1.2,2040.0,0.022190548492442997,gen=32_member=3991_pso,50,12201000.0,0.619031,12200978.588406555,0.5876390894129003,51219.6970317056,114.11748498664006,51020.12093871804,113.6728294514638,lpr:total_combined:bdpl,4.240203139964838,4.3597968600351615
T_factor_1.200,1.2,2040.0,0.022190548492442997,gen=37_member=4713_pso,50,12177200.0,0.629244,12177156.784652073,0.600847198001108,50997.8887656764,113.62329616992702,50833.59811395465,113.25725659789096,lpr:total_combined:bdpl,4.096958927537129,4.503041072462871
T_factor_1.200,1.2,2040.0,0.022190548492442997,gen=41_member=5214_pso,50,11978400.0,0.676443,11978411.285790766,0.6599022014999554,50645.64701899745,112.83850155832631,50104.31768993943,111.63241981318505,lpr:total_combined:bdpl,3.2431097081644937,5.356890291835506
T_factor_1.200,1.2,2040.0,0.022190548492442997,gen=47_member=5902_pso,50,11103200.0,0.710867,11103175.487190865,0.7056961505224538,47049.460161530864,104.82619723989076,46109.99146446721,102.73306098283294,lpr:total_combined:bdpl,2.134930223775217,6.465069776224783
T_factor_1.200,1.2,2040.0,0.022190548492442997,gen=45_member=5714_pso,50,11993300.0,0.674785,11993278.716311434,0.6574650598125933,50064.69897747029,111.5441493218038,49746.83479228297,110.83594791720645,lpr:total_combined:bdpl,3.284309287728804,5.315690712271196
T_factor_1.200,1.2,2040.0,0.022190548492442997,gen=45_member=5725_pso,50,10086100.0,0.718322,10086052.361235783,0.7155291020489902,43236.57024331604,96.33107850210814,42605.227886494205,94.92444773110908,lpr:total_combined:bdpl,1.6783509611911356,6.921649038808864
T_factor_1.200,1.2,2040.0,0.022190548492442997,gen=41_member=5219_pso,50,10877600.0,0.713721,10877623.213253161,0.7092686757581459,45831.09410723573,102.11167767092121,45102.71967809803,100.48885944280241,lpr:total_combined:bdpl,1.980693821793136,6.619306178206863
T_factor_1.200,1.2,2040.0,0.022190548492442997,gen=38_member=4779_pso,50,11511900.0,0.702673,11511911.853114262,0.6947019376321768,48003.579465953466,106.95197505014431,47829.015475785905,106.563046480051,lpr:total_combined:bdpl,2.483375205383308,6.116624794616692
T_factor_1.200,1.2,2040.0,0.022190548492442997,gen=39_member=4891_pso,50,12250700.0,0.597475,12250726.961103301,0.560874359996248,51186.95182954514,114.04452867622658,51181.4721129275,114.03231986760247,lpr:total_combined:bdpl,4.529392594675281,4.0706074053247185
T_factor_1.200,1.2,2040.0,0.022190548492442997,gen=38_member=4772_pso,50,11343500.0,0.707434,11343536.810518842,0.6998245495991309,47559.18910881358,105.96187333443666,47088.50036268619,104.91317880806483,lpr:total_combined:bdpl,2.321021751759605,6.278978248240395
T_factor_1.200,1.2,2040.0,0.022190548492442997,gen=42_member=5263_pso,50,12267300.0,0.591914,12267261.652988074,0.5549529033054981,51401.15443533461,114.5217720819255,51266.89061527922,114.2226322908421,lpr:total_combined:bdpl,4.593373171681379,4.006626828318621
T_factor_1.200,1.2,2040.0,0.022190548492442997,gen=40_member=5076_pso,50,11779100.0,0.693959,11779139.5975923,0.6823987990124298,49427.02345467124,110.12340825700751,48946.710201045935,109.05327032793033,lpr:total_combined:bdpl,2.79032452624817,5.809675473751829
T_factor_1.200,1.2,2040.0,0.022190548492442997,gen=49_member=6161_pso,50,10118300.0,0.718234,10118254.813456059,0.7153666061120717,43142.178199925635,96.12077302943432,42648.48611640095,95.02082706734132,lpr:total_combined:bdpl,1.6861985875542136,6.913801412445786
T_factor_1.200,1.2,2040.0,0.022190548492442997,gen=43_member=5437_pso,50,11872500.0,0.688115,11872492.260370716,0.6746513369758667,49773.96375344011,110.89639124266456,49388.10419626745,110.03669614928387,lpr:total_combined:bdpl,2.961317129942913,5.638682870057087
T_factor_1.200,1.2,2040.0,0.022190548492442997,gen=44_member=5578_pso,50,10529000.0,0.716879,10529046.22432401,0.7128461642688497,45321.15226539255,100.9755272472946,43781.85514960589,97.54597327332193,lpr:total_combined:bdpl,1.807921544020478,6.792078455979522
T_factor_1.200,1.2,2040.0,0.022190548492442997,gen=36_member=4573_pso,50,9923880.0,0.718701,9923883.486663597,0.7162093293054053,42793.782245499315,95.34454684297248,42379.19800126966,94.42085314682879,lpr:total_combined:bdpl,1.6454998668711291,6.954500133128871
T_factor_1.200,1.2,2040.0,0.022190548492442997,gen=44_member=5555_pso,50,11482000.0,0.70427,11481968.855985735,0.6961245197011962,48635.122267710045,108.35905241245798,47726.17379980708,106.33391522597017,lpr:total_combined:bdpl,2.4382886141172926,6.1617113858827075
T_factor_1.200,1.2,2040.0,0.022190548492442997,gen=38_member=4840_pso,50,11953800.0,0.677695,11953765.575695587,0.6617456894782786,50063.23576541098,111.54088928533567,49665.68700823383,110.65515065434496,lpr:total_combined:bdpl,3.2119457713147725,5.3880542286852275
T_factor_1.200,1.2,2040.0,0.022190548492442997,gen=47_member=5966_pso,50,11540800.0,0.702015,11540755.077291641,0.6940472847185966,48509.58313027878,108.07935121426111,47949.67757377042,106.8318816343605,lpr:total_combined:bdpl,2.504123441269648,6.095876558730351
T_factor_1.200,1.2,2040.0,0.022190548492442997,gen=47_member=5898_pso,50,11764400.0,0.695319,11764362.834467728,0.6848661767889297,49013.50339598111,109.20208556624591,48858.132426577125,108.85591904641383,lpr:total_combined:bdpl,2.7358675507494676,5.864132449250532
T_factor_1.200,1.2,2040.0,0.022190548492442997,gen=38_member=4768_pso,50,10569000.0,0.71664,10568987.168558508,0.712577708391487,44629.149277354714,99.4337445899463,43944.607240902464,97.90858493273069,lpr:total_combined:bdpl,1.820886430776826,6.779113569223174
T_factor_1.200,1.2,2040.0,0.022190548492442997,gen=41_member=5241_pso,50,11446400.0,0.705662,11446374.076925283,0.6978138775894628,48174.289000024866,107.3323158920554,47488.398587199335,105.80415205228012,lpr:total_combined:bdpl,2.3847469659628246,6.215253034037175
T_factor_1.200,1.2,2040.0,0.022190548492442997,gen=39_member=4901_pso,50,9895340.0,0.718742,9895339.590260155,0.7163016013455035,43036.58307268322,95.88550708593822,42282.3515580355,94.20507927130309,lpr:total_combined:bdpl,1.6410436539455546,6.958956346054445
T_factor_1.200,1.2,2040.0,0.022190548492442997,gen=40_member=5082_pso,50,10606200.0,0.716303,10606192.66881587,0.7122652836959029,45134.53789635979,100.5597504330896,43870.23979482254,97.74289426286462,lpr:total_combined:bdpl,1.835974760516248,6.764025239483752
T_factor_1.200,1.2,2040.0,0.022190548492442997,gen=49_member=6158_pso,50,11921100.0,0.684136,11921105.488845602,0.6702674152716854,49938.49052936899,111.2629568994341,49407.06456081771,110.07893984150185,lpr:total_combined:bdpl,3.0580737430187956,5.5419262569812044
T_factor_1.200,1.2,2040.0,0.022190548492442997,gen=49_member=6216_pso,50,11945100.0,0.680279,11945134.063002478,0.6648182972132555,49765.95027878354,110.87853722112972,49575.549827551215,110.45432501578411,lpr:total_combined:bdpl,3.160003716610473,5.439996283389527
T_factor_1.200,1.2,2040.0,0.022190548492442997,gen=47_member=6002_pso,50,10144400.0,0.718198,10144439.49189337,0.7153038386404231,43537.03644438117,97.00051719808124,42685.09218699485,95.10238539262453,lpr:total_combined:bdpl,1.689229898210925,6.910770101789074
T_factor_1.200,1.2,2040.0,0.022190548492442997,gen=32_member=3978_pso,50,11724500.0,0.69565,11724521.462720819,0.6853836455239309,49484.08398621317,110.25053912128294,48874.142584268266,108.89158967774969,lpr:total_combined:bdpl,2.7244466072313327,5.875553392768667
T_factor_1.200,1.2,2040.0,0.022190548492442997,gen=24_member=2976_pso,50,11884300.0,0.687169,11884331.744194893,0.6732682723595838,49948.858920262544,111.28605767434495,49302.48132715866,109.8459283969095,lpr:total_combined:bdpl,2.9918424579406726,5.6081575420593275
T_factor_1.200,1.2,2040.0,0.022190548492442997,gen=46_member=5863_pso,50,11617300.0,0.700106,11617325.353071578,0.6917614209339399,49401.63840788752,110.06685037277339,48314.00128676755,107.6435948669181,lpr:total_combined:bdpl,2.576570443374521,6.023429556625478
T_factor_1.200,1.2,2040.0,0.022190548492442997,gen=49_member=6159_pso,50,10903700.0,0.713479,10903671.696892686,0.7090352224817371,45667.79848784485,101.74785503091832,45185.67293819359,100.67367930629531,lpr:total_combined:bdpl,1.9919682826888037,6.608031717311196
T_factor_1.200,1.2,2040.0,0.022190548492442997,gen=49_member=6198_pso,50,11459600.0,0.705203,11459602.640373657,0.6973356276129757,48552.841526723045,108.17573092153894,47570.689864403525,105.98749701789104,lpr:total_combined:bdpl,2.3999043770411976,6.200095622958802
T_factor_1.200,1.2,2040.0,0.022190548492442997,gen=39_member=4883_pso,50,11655800.0,0.698172,11655757.181802921,0.6892937724910914,48881.632005089115,108.90827610733855,48537.54062247831,108.14164050688167,lpr:total_combined:bdpl,2.638147018057949,5.961852981942051
T_factor_1.200,1.2,2040.0,0.022190548492442997,gen=36_member=4595_pso,50,12058100.0,0.663152,12058128.274327343,0.6425935285828092,50642.234983008704,112.83089954214338,50507.80174322089,112.53138228389614,lpr:total_combined:bdpl,3.535710688526217,5.064289311473782
T_factor_1.200,1.2,2040.0,0.022190548492442997,gen=44_member=5538_pso,50,11819700.0,0.693476,11819711.981230736,0.6819099618432415,49533.11938529392,110.35978999043485,48989.99124684964,109.149700497981,lpr:total_combined:bdpl,2.801113548504466,5.798886451495534
T_factor_1.200,1.2,2040.0,0.022190548492442997,gen=47_member=5958_pso,50,11252200.0,0.708814,11252182.316333093,0.7024631432256311,46889.07693987987,104.46886342205235,46538.53885013175,103.68786455809354,lpr:total_combined:bdpl,2.2373955097691294,6.36260449023087
T_factor_1.200,1.2,2040.0,0.022190548492442997,gen=46_member=5862_pso,50,12127400.0,0.646326,12127415.605267622,0.620865010496826,50873.35612585935,113.34583744841463,50761.635386620335,113.0969236413901,lpr:total_combined:bdpl,3.8347776299297407,4.7652223700702585
T_factor_1.200,1.2,2040.0,0.022190548492442997,gen=48_member=6077_pso,50,11804900.0,0.693913,11804869.991800735,0.6826855723682835,49514.66438767297,110.31867225573538,48929.08457796394,109.01400043970366,lpr:total_combined:bdpl,2.783995211879636,5.816004788120363
T_factor_1.200,1.2,2040.0,0.022190548492442997,gen=38_member=4784_pso,50,11163300.0,0.710244,11163326.786992056,0.7048992119545251,47658.341063344036,106.1827838891305,46251.2716214466,103.04783317258301,lpr:total_combined:bdpl,2.1601879886935453,6.439812011306454
T_factor_1.200,1.2,2040.0,0.022190548492442997,gen=38_member=4799_pso,50,11949800.0,0.678338,11949789.008105733,0.6626723528834548,50300.94685990873,112.07050960387664,49627.29767271265,110.56961921480378,lpr:total_combined:bdpl,3.196280640769074,5.403719359230926
T_factor_1.200,1.2,2040.0,0.022190548492442997,gen=33_member=4144_pso,50,10275000.0,0.717721,10274983.576880537,0.7142262616979551,43886.43329653439,97.77897338467862,43197.64571836743,96.24435466052263,lpr:total_combined:bdpl,1.7412707146296094,6.858729285370391
T_factor_1.200,1.2,2040.0,0.022190548492442997,gen=40_member=5066_pso,50,11747400.0,0.695498,11747366.836248316,0.6847728121818799,49275.627853929764,109.7860988585555,48795.80376842059,108.71705079604108,lpr:total_combined:bdpl,2.737928181337529,5.8620718186624705
T_factor_1.200,1.2,2040.0,0.022190548492442997,gen=40_member=5054_pso,50,11588500.0,0.701146,11588547.789286416,0.6929534849714586,48781.04607997798,108.68417066619094,48181.74171599037,107.34892054322654,lpr:total_combined:bdpl,2.538789773146075,6.061210226853925
T_factor_1.200,1.2,2040.0,0.022190548492442997,gen=45_member=5693_pso,50,10709600.0,0.715379,10709593.135838162,0.7110957371311848,45013.264122283465,100.28955246444755,44331.89936597063,98.77147178738257,lpr:total_combined:bdpl,1.8924571848043945,6.707542815195605
T_factor_1.200,1.2,2040.0,0.022190548492442997,gen=48_member=6031_pso,50,12052400.0,0.665521,12052365.848215453,0.6452918836149534,50542.03664619567,112.60765764772395,50359.41582725156,112.20077846311648,lpr:total_combined:bdpl,3.490095329593225,5.109904670406775
T_factor_1.200,1.2,2040.0,0.022190548492442997,gen=31_member=3921_pso,50,12113900.0,0.648713,12113891.248633971,0.6244576840834197,50758.519707847816,113.08998190908493,50541.739414484626,112.60699541547174,lpr:total_combined:bdpl,3.7877229468561326,4.812277053143867
T_factor_1.200,1.2,2040.0,0.022190548492442997,gen=44_member=5545_pso,50,11598800.0,0.700704,11598815.43768315,0.6924787646569905,48922.10128165834,108.99844165553478,48203.08537435674,107.39647421406681,lpr:total_combined:bdpl,2.553835316914844,6.046164683085156
T_factor_1.200,1.2,2040.0,0.022190548492442997,gen=39_member=4943_pso,50,11638200.0,0.698899,11638206.369778983,0.6904685178075858,49553.62611216778,110.40547897790981,48263.5673686528,107.53122809735844,lpr:total_combined:bdpl,2.612219461472632,5.9877805385273675
T_factor_1.200,1.2,2040.0,0.022190548492442997,gen=34_member=4333_pso,50,11563700.0,0.701354,11563663.491177239,0.6930147945644113,49190.64059163448,109.59674723816163,48020.76320158239,106.99026041312557,lpr:total_combined:bdpl,2.536846658145303,6.063153341854697
T_factor_1.200,1.2,2040.0,0.022190548492442997,gen=46_member=5865_pso,50,10532800.0,0.716666,10532832.151348412,0.7125594552993663,44588.28472863733,99.34269837540397,43900.42570084892,97.8101484614914,lpr:total_combined:bdpl,1.8217679509529685,6.778232049047031
T_factor_1.200,1.2,2040.0,0.022190548492442997,gen=35_member=4371_pso,50,11707200.0,0.696196,11707227.059533695,0.6859815240832567,49103.908059944864,109.40350715755716,48760.57446755105,108.63855991370374,lpr:total_combined:bdpl,2.711250955407561,5.888749044592439
T_factor_1.200,1.2,2040.0,0.022190548492442997,gen=39_member=4906_pso,50,11134300.0,0.710422,11134328.034844197,0.7050921302729137,47578.77914141552,106.00551992707378,46071.3940281057,102.6470658946195,lpr:total_combined:bdpl,2.1540737338056655,6.445926266194334
T_factor_1.200,1.2,2040.0,0.022190548492442997,gen=47_member=5999_pso,50,10584600.0,0.716506,10584561.410868496,0.7124316678849367,45172.36751059882,100.64403481361417,43991.90226940192,98.01395825622748,lpr:total_combined:bdpl,1.8279393537668762,6.772060646233124
T_factor_1.200,1.2,2040.0,0.022190548492442997,gen=42_member=5333_pso,50,10737100.0,0.714956,10737093.054913322,0.7107744717507016,45512.1533406996,101.40107764307871,44447.611060534735,99.02927744287139,lpr:total_combined:bdpl,1.9079724691692512,6.692027530830749
T_factor_1.200,1.2,2040.0,0.022190548492442997,gen=46_member=5794_pso,50,11924600.0,0.682557,11924617.05125353,0.6685954909657966,49682.41356246758,110.69241741717775,49427.09624546203,110.1235704348894,lpr:total_combined:bdpl,3.094974432418143,5.505025567581857
T_factor_1.200,1.2,2040.0,0.022190548492442997,gen=43_member=5487_pso,50,12067400.0,0.661074,12067409.117305875,0.6403952576880935,50562.666453056096,112.65362085740898,50537.27173193039,112.59704141874091,lpr:total_combined:bdpl,3.572872186809385,5.0271278131906145
T_factor_1.200,1.2,2040.0,0.022190548492442997,gen=30_member=3743_pso,50,10742800.0,0.714799,10742769.128613207,0.7105059062657992,45646.324483692624,101.70001094966716,44378.07642666707,98.87435427861422,lpr:total_combined:bdpl,1.920942649344216,6.679057350655784
T_factor_1.200,1.2,2040.0,0.022190548492442997,gen=39_member=4904_pso,50,10630300.0,0.716073,10630263.80682499,0.7119621267345083,45186.13101289218,100.67469989672378,44125.36338214286,98.31130961541429,lpr:total_combined:bdpl,1.850615511586747,6.749384488413252
T_factor_1.200,1.2,2040.0,0.022190548492442997,gen=47_member=5956_pso,50,12183100.0,0.627514,12183071.266239155,0.5986889216174037,50949.92024342074,113.51642230234141,50854.86246850255,113.30463357982367,lpr:total_combined:bdpl,4.120811125940811,4.479188874059188
T_factor_1.200,1.2,2040.0,0.022190548492442997,gen=45_member=5633_pso,50,10052500.0,0.7184,10052464.229952421,0.7156054968529661,43191.05822560805,96.22967772665474,42774.25277119569,95.30103517422398,lpr:total_combined:bdpl,1.6746615281563624,6.925338471843637
T_factor_1.200,1.2,2040.0,0.022190548492442997,gen=42_member=5374_pso,50,12060700.0,0.662726,12060715.189592736,0.6421382653857841,50808.16226453737,113.20058552538926,50520.26567669265,112.55915192767122,lpr:total_combined:bdpl,3.5434068567079025,5.056593143292098
T_factor_1.200,1.2,2040.0,0.022190548492442997,gen=48_member=6063_pso,50,11984100.0,0.674935,11984089.021979596,0.6578089722491349,50686.86090154338,112.93032608863865,50056.85481995258,111.52667253885436,lpr:total_combined:bdpl,3.2784954904161863,5.321504509583813
T_factor_1.200,1.2,2040.0,0.022190548492442997,gen=37_member=4733_pso,50,11692900.0,0.69644,11692914.81233409,0.6864383851043252,49794.90136387573,110.94304023871513,48748.25392030278,108.61110973443459,lpr:total_combined:bdpl,2.701167671985138,5.898832328014862
T_factor_1.200,1.2,2040.0,0.022190548492442997,gen=38_member=4788_pso,50,12107000.0,0.64925,12107032.78287132,0.6252298524742471,50838.0282661453,113.26712697697172,50549.15545890157,112.6235183624327,lpr:total_combined:bdpl,3.777609548565392,4.822390451434607
T_factor_1.200,1.2,2040.0,0.022190548492442997,gen=42_member=5267_pso,50,11624000.0,0.698994,11624016.320151795,0.6906490663733627,49374.311990781556,110.0059671154613,48229.59089885325,107.45552852264503,lpr:total_combined:bdpl,2.6082346120845585,5.991765387915441
T_factor_1.200,1.2,2040.0,0.022190548492442997,gen=46_member=5801_pso,50,12128900.0,0.644216,12128869.131304957,0.6179693304001144,50817.75993013832,113.22196912434818,50772.09331393344,113.1202239034437,lpr:total_combined:bdpl,3.8727035104610983,4.727296489538901
T_factor_1.200,1.2,2040.0,0.022190548492442997,gen=47_member=5934_pso,50,12214400.0,0.617987,12214365.004216783,0.5862135683847287,51089.75653112735,113.82797755135174,51089.75653112735,113.82797755135174,lpr:total_combined:bdpl,4.255605711102311,4.344394288897688
T_factor_1.200,1.2,2040.0,0.022190548492442997,gen=40_member=5041_pso,50,10773400.0,0.714662,10773385.543513425,0.7103055769249983,45911.66320015842,102.29118560995296,44777.123591647796,99.76343136219128,lpr:total_combined:bdpl,1.9306174131935818,6.669382586806417
T_factor_1.200,1.2,2040.0,0.022190548492442997,gen=44_member=5596_pso,50,11129300.0,0.710806,11129305.094874427,0.705718463765568,46326.48433354849,103.21540709514603,46042.22206637733,102.5820707638887,lpr:total_combined:bdpl,2.134223039216926,6.4657769607830735
T_factor_1.200,1.2,2040.0,0.022190548492442997,gen=46_member=5800_pso,50,10266700.0,0.717862,10266732.962909713,0.7145052548554868,43830.81669688098,97.65505960065083,43267.22125075295,96.39936894667757,lpr:total_combined:bdpl,1.7277969373790285,6.872203062620971
T_factor_1.200,1.2,2040.0,0.022190548492442997,90,50,12416100.0,0.556633,12416131.199367564,0.5100952616901135,52367.2352406157,116.67420011609178,52367.2352406157,116.67420011609178,lpr:total_combined:bdpl,5.015847690520475,3.5841523094795242
T_factor_1.200,1.2,2040.0,0.022190548492442997,8,50,12404500.0,0.556712,12404528.288386147,0.5098429889906381,52432.08592469255,116.81868744021499,52432.08592469255,116.81868744021499,lpr:total_combined:bdpl,5.018218774814918,3.5817812251850816
T_factor_1.200,1.2,2040.0,0.022190548492442997,gen=47_member=5927_pso,50,12191700.0,0.623739,12191693.59369932,0.593909642111065,50892.77888623762,113.3891113585374,50864.275180965094,113.32560510319023,lpr:total_combined:bdpl,4.172450625553573,4.427549374446427
T_factor_1.200,1.2,2040.0,0.022190548492442997,gen=23_member=2880_pso,50,12086100.0,0.651425,12086117.93737263,0.6281634267041074,50685.30030794859,112.92684908610946,50513.65277696667,112.54441838708175,lpr:total_combined:bdpl,3.739187353414104,4.860812646585895
T_factor_1.200,1.2,2040.0,0.022190548492442997,gen=45_member=5694_pso,50,11937100.0,0.681248,11937082.887701936,0.6668411883416323,49824.64404995597,111.0093069433019,49490.96174587519,110.26586276980991,lpr:total_combined:bdpl,3.1258069916413525,5.474193008358647
T_factor_1.200,1.2,2040.0,0.022190548492442997,gen=33_member=4157_pso,50,12187200.0,0.625142,12187167.117334038,0.5957040619726875,51187.975454635576,114.04680931292806,50849.17018404211,113.29195117004582,lpr:total_combined:bdpl,4.153062150025725,4.446937849974274
T_factor_1.200,1.2,2040.0,0.022190548492442997,gen=39_member=4884_pso,50,11680400.0,0.697022,11680425.995853443,0.687179376981197,49254.57549238486,109.73919419703346,48559.45242309004,108.19045999864461,lpr:total_combined:bdpl,2.684813396256517,5.915186603743482
T_factor_1.200,1.2,2040.0,0.022190548492442997,gen=43_member=5440_pso,50,12121100.0,0.647192,12121098.886050921,0.6223283767438854,50835.08313646425,113.26056522804235,50621.75583412206,112.78527199842394,lpr:total_combined:bdpl,3.8156113368289857,4.784388663171014
T_factor_1.200,1.2,2040.0,0.022190548492442997,gen=33_member=4206_pso,50,11551100.0,0.701567,11551056.819824193,0.6934312848964669,48667.510880842834,108.43121424251783,47816.250315878584,106.53460570377749,lpr:total_combined:bdpl,2.5236466257699592,6.07635337423004
T_factor_1.200,1.2,2040.0,0.022190548492442997,gen=48_member=6130_pso,50,11497500.0,0.703325,11497486.999720298,0.6955152426996289,48519.73772520262,108.10197565175143,47653.76048447941,106.17257835942013,lpr:total_combined:bdpl,2.457598728968087,6.142401271031913
T_factor_1.200,1.2,2040.0,0.022190548492442997,gen=40_member=5021_pso,50,12103200.0,0.650633,12103213.1286555,0.6269933277124683,51356.81714081211,114.42298858972939,50538.80335523818,112.60045387547066,lpr:total_combined:bdpl,3.7545126079604083,4.845487392039591
T_factor_1.200,1.2,2040.0,0.022190548492442997,gen=45_member=5738_pso,50,10894900.0,0.713643,10894885.825538045,0.7092815686461093,45530.41708116328,101.44176925683179,44923.50650222009,100.08957248694635,lpr:total_combined:bdpl,1.980071168886263,6.619928831113737
T_factor_1.200,1.2,2040.0,0.022190548492442997,gen=27_member=3377_pso,50,12186900.0,0.625766,12186931.25762333,0.5964853908458626,50945.06918245952,113.5056141385198,50866.95776489414,113.33158190018415,lpr:total_combined:bdpl,4.144619992166941,4.4553800078330585
T_factor_1.200,1.2,2040.0,0.022190548492442997,gen=46_member=5826_pso,50,12186100.0,0.627088,12186064.810103523,0.5981417443922737,50982.68793573881,113.58942872082606,50864.647947326586,113.32643562664363,lpr:total_combined:bdpl,4.12672330539542,4.473276694604579
T_factor_1.200,1.2,2040.0,0.022190548492442997,gen=41_member=5141_pso,50,11030000.0,0.711812,11029968.090569744,0.7071761823630729,46670.83927397202,103.98262990240966,45764.1445725456,101.96251410763159,lpr:total_combined:bdpl,2.0817493105834726,6.5182506894165275
T_factor_1.200,1.2,2040.0,0.022190548492442997,gen=29_member=3677_pso,50,11489400.0,0.703344,11489410.323236927,0.6953591228522352,48245.40350903176,107.49075901812276,47672.920123003445,106.21526603405167,lpr:total_combined:bdpl,2.4625467118656954,6.137453288134305
T_factor_1.200,1.2,2040.0,0.022190548492442997,gen=35_member=4441_pso,50,12097700.0,0.650754,12097747.115144044,0.6272427053510071,50601.79755350265,112.7408049492039,50516.3430693612,112.55041235853676,lpr:total_combined:bdpl,3.7512464092745947,4.848753590725405
T_factor_1.200,1.2,2040.0,0.022190548492442997,gen=31_member=3912_pso,50,11666300.0,0.697443,11666347.56033951,0.6878098938060192,49118.4329153273,109.43586853534921,48526.83479974014,108.11778793382103,lpr:total_combined:bdpl,2.670897392145639,5.929102607854361
T_factor_1.200,1.2,2040.0,0.022190548492442997,gen=44_member=5517_pso,50,12132500.0,0.643292,12132464.82691212,0.6167628490671253,51456.49456959809,114.64506990106455,50794.287641190014,113.16967286457135,lpr:total_combined:bdpl,3.88850527908541,4.711494720914589
T_factor_1.200,1.2,2040.0,0.022190548492442997,gen=49_member=6177_pso,50,12138900.0,0.642618,12138871.541597325,0.6157934251244384,50825.8835101407,113.24006846059348,50801.76609991204,113.18633487060403,lpr:total_combined:bdpl,3.901202212243301,4.698797787756698
T_factor_1.200,1.2,2040.0,0.022190548492442997,gen=44_member=5611_pso,50,11923800.0,0.68319,11923767.054962939,0.6692513232151655,49891.114152183596,111.15740233106504,49430.9234601053,110.13209746911461,lpr:total_combined:bdpl,3.0804996969012324,5.519500303098767
T_factor_1.200,1.2,2040.0,0.022190548492442997,gen=35_member=4426_pso,50,12009300.0,0.66959,12009325.101516692,0.6502382795833197,50272.83216736466,112.00787006888845,50272.83216736466,112.00787006888845,lpr:total_combined:bdpl,3.406477115965332,5.193522884034667
T_factor_1.200,1.2,2040.0,0.022190548492442997,gen=25_member=3126_pso,50,11880600.0,0.687242,11880589.469000075,0.6733493799775369,49706.3042309079,110.7456458264628,49291.21269141708,109.82082187647725,lpr:total_combined:bdpl,2.990052348778752,5.609947651221248
T_factor_1.200,1.2,2040.0,0.022190548492442997,gen=36_member=4525_pso,50,11173400.0,0.709924,11173377.904344108,0.7043393582673745,46765.35983396837,104.19322171008152,46266.519971233356,103.08180649590791,lpr:total_combined:bdpl,2.177931706199229,6.422068293800771
T_factor_1.200,1.2,2040.0,0.022190548492442997,gen=47_member=5916_pso,50,11938700.0,0.681121,11938697.818192918,0.66666390431563,49794.69939162476,110.94259024453996,49495.352919661775,110.27564630500643,lpr:total_combined:bdpl,3.1288039562300916,5.471196043769908
T_factor_1.200,1.2,2040.0,0.022190548492442997,gen=37_member=4683_pso,50,11669800.0,0.697204,11669824.724862162,0.6877351739863875,48673.953149886016,108.44556761794604,48585.14827481801,108.24771035629453,lpr:total_combined:bdpl,2.6725465175555017,5.927453482444498
T_factor_1.200,1.2,2040.0,0.022190548492442997,gen=30_member=3767_pso,50,12001400.0,0.670255,12001377.210174264,0.6511640090707895,50548.11932642426,112.62120985927325,50242.449031244745,111.94017644161329,lpr:total_combined:bdpl,3.3908277731832452,5.209172226816754
T_factor_1.200,1.2,2040.0,0.022190548492442997,gen=41_member=5185_pso,50,11449100.0,0.705422,11449096.778256543,0.6976164164857763,48486.720972743366,108.02841432727222,47453.85902728026,105.72719791278043,lpr:total_combined:bdpl,2.3910051975733095,6.20899480242669
T_factor_1.200,1.2,2040.0,0.022190548492442997,gen=40_member=5102_pso,50,12208700.0,0.61827,12208710.648241015,0.5866106623187648,51061.80412640587,113.76569959363228,51061.80412640587,113.76569959363228,lpr:total_combined:bdpl,4.251315162280948,4.348684837719052
T_factor_1.200,1.2,2040.0,0.022190548492442997,gen=40_member=5107_pso,50,12124500.0,0.647188,12124489.979887124,0.622316044980695,50849.12766349434,113.2918564342654,50630.82800675064,112.80548479904043,lpr:total_combined:bdpl,3.8157728508643336,4.784227149135666
T_factor_1.200,1.2,2040.0,0.022190548492442997,gen=36_member=4597_pso,50,12067700.0,0.660395,12067736.32117229,0.639684392959567,51057.747764340544,113.75666201895073,50541.95907510031,112.60748481932349,lpr:total_combined:bdpl,3.584889267348551,5.015110732651449
T_factor_1.200,1.2,2040.0,0.022190548492442997,gen=43_member=5401_pso,50,12002800.0,0.670056,12002793.896778665,0.6509689592994062,50410.158340373324,112.31383278235177,50198.64970178832,111.84259153558438,lpr:total_combined:bdpl,3.3941250655059605,5.205874934494039
T_factor_1.200,1.2,2040.0,0.022190548492442997,gen=34_member=4241_pso,50,12130700.0,0.643917,12130735.362367615,0.6176127531728933,51374.07002860749,114.4614280237375,50782.20974221339,113.14276330565143,lpr:total_combined:bdpl,3.877373745040929,4.722626254959071
T_factor_1.200,1.2,2040.0,0.022190548492442997,gen=41_member=5136_pso,50,10406500.0,0.717487,10406546.441500314,0.7137482600344961,43931.72374076148,97.87988049441658,43609.560802630964,97.16210146826178,lpr:total_combined:bdpl,1.76435546694337,6.835644533056629
T_factor_1.200,1.2,2040.0,0.022190548492442997,gen=30_member=3730_pso,50,12140000.0,0.641959,12140045.72221974,0.6149552978973666,51075.04584032901,113.79520213225304,50815.44517450234,113.21681184879121,lpr:total_combined:bdpl,3.912179499796612,4.6878205002033875
T_factor_1.200,1.2,2040.0,0.022190548492442997,gen=26_member=3274_pso,50,12038900.0,0.665819,12038850.4455638,0.6456349009956934,50639.3413163918,112.82445245292094,50304.87921352462,112.07927088773285,lpr:total_combined:bdpl,3.4842966630885135,5.115703336911486
T_factor_1.200,1.2,2040.0,0.022190548492442997,gen=27_member=3397_pso,50,12071700.0,0.660095,12071654.496071892,0.6393639520762961,50981.96316968758,113.58781394206393,50552.867655833994,112.63178913719814,lpr:total_combined:bdpl,3.590306280948718,5.009693719051281
T_factor_1.200,1.2,2040.0,0.022190548492442997,gen=35_member=4358_pso,50,12204700.0,0.618623,12204661.884933073,0.5871523759530255,51106.48412393821,113.86524662813433,51009.814886034575,113.64986756608504,lpr:total_combined:bdpl,4.245462016222106,4.3545379837778935
T_factor_1.200,1.2,2040.0,0.022190548492442997,gen=39_member=4886_pso,50,12044000.0,0.665732,12044004.390030988,0.6455236079287149,50491.711318747475,112.49553281816937,50342.93282698114,112.16405433851398,lpr:total_combined:bdpl,3.4861780586560007,5.113821941343999
T_factor_1.200,1.2,2040.0,0.022190548492442997,gen=44_member=5592_pso,50,12203600.0,0.618851,12203605.6103388,0.5873274471333324,51092.96853954465,113.83513390610548,51061.40909363768,113.76481946062475,lpr:total_combined:bdpl,4.243570394663736,4.356429605336263
T_factor_1.200,1.2,2040.0,0.022190548492442997,gen=38_member=4844_pso,50,12142000.0,0.641745,12141958.442525955,0.6146605513181677,50941.33531657965,113.49729508533946,50823.455622000954,113.23465912581813,lpr:total_combined:bdpl,3.9160399136463395,4.68396008635366
T_factor_1.200,1.2,2040.0,0.022190548492442997,gen=42_member=5368_pso,50,12047200.0,0.665633,12047226.813034713,0.6454400048676859,50988.90270934845,113.60327523642833,50307.04728986295,112.08410136181466,lpr:total_combined:bdpl,3.487591358088915,5.112408641911085
T_factor_1.200,1.2,2040.0,0.022190548492442997,gen=41_member=5212_pso,50,12074000.0,0.659863,12074040.299001968,0.6391161311904519,50894.43854761299,113.39280908408173,50560.45217337479,112.64868744227903,lpr:total_combined:bdpl,3.594495662451232,5.005504337548768
T_factor_1.200,1.2,2040.0,0.022190548492442997,gen=46_member=5787_pso,50,12049200.0,0.665563,12049204.249162452,0.6453468770225498,50381.152569186444,112.2492079241474,50349.292689661954,112.17822411256682,lpr:total_combined:bdpl,3.4891656728221268,5.110834327177873
T_factor_1.200,1.2,2040.0,0.022190548492442997,gen=47_member=5970_pso,50,12075000.0,0.659832,12074981.120001724,0.639088281907273,50713.11596487974,112.98882236975206,50559.08338774511,112.64563778789609,lpr:total_combined:bdpl,3.5949664511477146,5.0050335488522855
T_factor_1.200,1.2,2040.0,0.022190548492442997,gen=50_member=6375_pso,50,12295700.0,0.582721,12295746.208614845,0.5435426396394301,51477.2567191637,114.69132797029671,51477.2567191637,114.69132797029671,lpr:total_combined:bdpl,4.7014793394828205,3.898520660517179
T_factor_1.200,1.2,2040.0,0.022190548492442997,gen=50_member=6314_pso,50,12219200.0,0.616249,12219242.960929338,0.5839929782385549,51108.100000000006,113.86884680000001,51108.100000000006,113.86884680000001,lpr:total_combined:bdpl,4.279598901674522,4.320401098325478
T_factor_1.200,1.2,2040.0,0.022190548492442997,gen=50_member=6331_pso,50,12250500.0,0.600795,12250481.385280203,0.5643794898216266,51229.27664652902,114.13882836846665,51189.651842018546,114.05054430401732,lpr:total_combined:bdpl,4.4915201182862665,4.108479881713733
T_factor_1.200,1.2,2040.0,0.022190548492442997,gen=50_member=6311_pso,50,12149400.0,0.639509,12149374.420328459,0.6115843726247411,50943.69444447454,113.50255122228927,50840.12644413603,113.27180171753508,lpr:total_combined:bdpl,3.9563298565003495,4.64367014349965
T_factor_1.200,1.2,2040.0,0.022190548492442997,gen=50_member=6307_pso,50,9981370.0,0.718653,9981373.38209072,0.7161596355708258,43752.64310475318,97.48088883739008,42375.601402361644,94.41283992446174,lpr:total_combined:bdpl,1.6478997906412876,6.952100209358712
T_factor_1.200,1.2,2040.0,0.022190548492442997,gen=50_member=6332_pso,50,11222500.0,0.709503,11222480.829753874,0.7034454199575049,47077.84871533011,104.88944693775548,46464.529875399385,103.52297256238982,lpr:total_combined:bdpl,2.2062637315156373,6.393736268484362
T_factor_1.200,1.2,2040.0,0.022190548492442997,gen=50_member=6369_pso,50,10816200.0,0.714409,10816152.42359839,0.7100505153676678,45326.84803553662,100.98821742317558,44806.315606127355,99.82847117045175,lpr:total_combined:bdpl,1.9429354307358828,6.657064569264117
T_factor_1.200,1.2,2040.0,0.022190548492442997,gen=50_member=6392_pso,50,10988800.0,0.712623,10988818.450383374,0.7080007339820071,46401.29951110389,103.38209531073947,45639.441190947065,101.68467497343006,lpr:total_combined:bdpl,2.041928173235818,6.5580718267641815
T_factor_1.200,1.2,2040.0,0.022190548492442997,gen=50_member=6378_pso,50,11022800.0,0.712066,11022782.803294366,0.7074005347330895,46236.0318934091,103.01387905851547,45780.544156578704,101.99905238085735,lpr:total_combined:bdpl,2.0709143715262317,6.5290856284737675
T_factor_1.200,1.2,2040.0,0.022190548492442997,gen=50_member=6337_pso,50,12024000.0,0.668505,12024025.732677821,0.6485930235275178,50701.722188745116,112.96343703652411,50210.12362714249,111.86815544127347,lpr:total_combined:bdpl,3.43428996661992,5.16571003338008
T_factor_1.200,1.2,2040.0,0.022190548492442997,gen=50_member=6333_pso,50,11046600.0,0.711612,11046597.887337454,0.7069480153463557,46399.3412240379,103.37773224715643,45873.557837677174,102.20628686234474,lpr:total_combined:bdpl,2.092768475305564,6.507231524694435
T_factor_1.200,1.2,2040.0,0.022190548492442997,gen=50_member=6385_pso,50,10736300.0,0.715054,10736330.109125491,0.7109731551246735,44989.937994704,100.2375818522005,44397.263235323626,98.91710248830104,lpr:total_combined:bdpl,1.898377196123936,6.701622803876064
