member,S_factor__baseline_storage,S_factor__storage_minus_10pct,S_factor__storage_plus_10pct,S_value__baseline_storage,S_value__storage_minus_10pct,S_value__storage_plus_10pct,absolute_depletion_error_cfs__baseline_storage,absolute_depletion_error_cfs__storage_minus_10pct,absolute_depletion_error_cfs__storage_plus_10pct,absolute_streamflow_error_cfs__baseline_storage,absolute_streamflow_error_cfs__storage_minus_10pct,absolute_streamflow_error_cfs__storage_plus_10pct,base_parameter_value__baseline_storage,base_parameter_value__storage_minus_10pct,base_parameter_value__storage_plus_10pct,depletion_cfs__baseline_storage,depletion_cfs__storage_minus_10pct,depletion_cfs__storage_plus_10pct,depletion_change_from_baseline_cfs__baseline_storage,depletion_change_from_baseline_cfs__storage_minus_10pct,depletion_change_from_baseline_cfs__storage_plus_10pct,full_model_total_pumping_cfs__baseline_storage,full_model_total_pumping_cfs__storage_minus_10pct,full_model_total_pumping_cfs__storage_plus_10pct,parameter_factor__baseline_storage,parameter_factor__storage_minus_10pct,parameter_factor__storage_plus_10pct,parameter_value__baseline_storage,parameter_value__storage_minus_10pct,parameter_value__storage_plus_10pct,pumping_objective_reeval_cfs__baseline_storage,pumping_objective_reeval_cfs__storage_minus_10pct,pumping_objective_reeval_cfs__storage_plus_10pct,streamflow_cfs__baseline_storage,streamflow_cfs__storage_minus_10pct,streamflow_cfs__storage_plus_10pct,streamflow_change_from_baseline_cfs__baseline_storage,streamflow_change_from_baseline_cfs__storage_minus_10pct,streamflow_change_from_baseline_cfs__storage_plus_10pct,streamflow_shortfall_below_baseline_cfs__baseline_storage,streamflow_shortfall_below_baseline_cfs__storage_minus_10pct,streamflow_shortfall_below_baseline_cfs__storage_plus_10pct,pumping_objective_reeval_cfs
130,1.0,0.9,1.1,0.12,0.108,0.132,0.0,0.25699084166488895,0.22658094530078543,0.0,0.25699084166488895,0.22658094530078543,0.12,0.12,0.12,4.690710603433739,4.947701445098628,4.464129658132953,0.0,0.25699084166488895,-0.22658094530078543,117.21267497795708,117.21267497795708,117.21267497795708,1.0,0.9,1.1,0.12,0.108,0.132,38.60014577795708,38.60014577795708,38.60014577795708,3.909289396566261,3.652298554901372,4.135870341867046,0.0,-0.25699084166488895,0.22658094530078543,0.0,0.25699084166488895,0.0,38.60014577795708
152,1.0,0.9,1.1,0.12,0.108,0.132,0.0,0.26073383554099827,0.23012967055831357,0.0,0.26073383554099827,0.23012967055831357,0.12,0.12,0.12,4.782582221327709,5.043316056868707,4.552452550769395,0.0,0.26073383554099827,-0.23012967055831357,117.6979706587126,117.6979706587126,117.6979706587126,1.0,0.9,1.1,0.12,0.108,0.132,39.0854414587126,39.0854414587126,39.0854414587126,3.817417778672291,3.5566839431312927,4.0475474492306045,0.0,-0.26073383554099827,0.23012967055831357,0.0,0.26073383554099827,0.0,39.0854414587126
156,1.0,0.9,1.1,0.12,0.108,0.132,0.0,0.24695784683994226,0.21743394501111712,0.0,0.24695784683994226,0.21743394501111712,0.12,0.12,0.12,4.42649581404381,4.6734536608837525,4.209061869032693,0.0,0.24695784683994226,-0.21743394501111712,116.22632159712806,116.22632159712806,116.22632159712806,1.0,0.9,1.1,0.12,0.108,0.132,37.61379239712806,37.61379239712806,37.61379239712806,4.173504185956189,3.926546339116247,4.390938130967307,0.0,-0.24695784683994226,0.21743394501111712,0.0,0.24695784683994226,0.0,37.61379239712806
16,1.0,0.9,1.1,0.12,0.108,0.132,0.0,0.2518642550927206,0.22181250189408264,0.0,0.2518642550927206,0.22181250189408264,0.12,0.12,0.12,4.489273592740293,4.741137847833014,4.2674610908462105,0.0,0.2518642550927206,-0.22181250189408264,117.08005790631736,117.08005790631736,117.08005790631736,1.0,0.9,1.1,0.12,0.108,0.132,38.46752870631738,38.46752870631738,38.46752870631738,4.1107264072597065,3.858862152166986,4.332538909153789,0.0,-0.2518642550927206,0.22181250189408264,0.0,0.2518642550927206,0.0,38.46752870631738
95,1.0,0.9,1.1,0.12,0.108,0.132,0.0,0.2602743001772172,0.2293625218134281,0.0,0.26027430017721676,0.22936252181342986,0.12,0.12,0.12,4.701268362481829,4.961542662659046,4.471905840668401,0.0,0.2602743001772172,-0.2293625218134281,117.51321058512151,117.51321058512151,117.51321058512151,1.0,0.9,1.1,0.12,0.108,0.132,38.90068138512153,38.90068138512153,38.90068138512153,3.8987316375181695,3.638457337340953,4.128094159331599,0.0,-0.26027430017721676,0.22936252181342986,0.0,0.26027430017721676,0.0,38.90068138512153
gen=18_member=3072_pso,1.0,0.9,1.1,0.12,0.108,0.132,0.0,0.24592578713772273,0.21657689430970262,0.0,0.24592578713772273,0.21657689430970262,0.12,0.12,0.12,4.379123996722136,4.6250497838598585,4.162547102412433,0.0,0.24592578713772273,-0.21657689430970262,115.76743606727383,115.76743606727383,115.76743606727383,1.0,0.9,1.1,0.12,0.108,0.132,37.15490686727385,37.15490686727385,37.15490686727385,4.220876003277864,3.974950216140141,4.4374528975875664,0.0,-0.24592578713772273,0.21657689430970262,0.0,0.24592578713772273,0.0,37.15490686727385
gen=20_member=3413_pso,1.0,0.9,1.1,0.12,0.108,0.132,0.0,0.1750441314372546,0.15107082835956076,0.0,0.1750441314372546,0.15107082835956032,0.12,0.12,0.12,2.476442307505919,2.6514864389431736,2.3253714791463582,0.0,0.1750441314372546,-0.15107082835956076,111.5671413174655,111.5671413174655,111.5671413174655,1.0,0.9,1.1,0.12,0.108,0.132,32.95461211746549,32.95461211746549,32.95461211746549,6.123557692494081,5.948513561056826,6.274628520853641,0.0,-0.1750441314372546,0.15107082835956032,0.0,0.1750441314372546,0.0,32.95461211746549
gen=22_member=3634_pso,1.0,0.9,1.1,0.12,0.108,0.132,0.0,0.182854504308271,0.15829598229860453,0.0,0.18285450430827055,0.15829598229860498,0.12,0.12,0.12,2.6349586355249133,2.8178131398331843,2.4766626532263087,0.0,0.182854504308271,-0.15829598229860453,112.1000439296572,112.1000439296572,112.1000439296572,1.0,0.9,1.1,0.12,0.108,0.132,33.48751472965719,33.48751472965719,33.48751472965719,5.965041364475086,5.782186860166815,6.123337346773691,0.0,-0.18285450430827055,0.15829598229860498,0.0,0.18285450430827055,0.0,33.48751472965719
gen=24_member=4008_pso,1.0,0.9,1.1,0.12,0.108,0.132,0.0,0.18749162682972687,0.16242420644156041,0.0,0.18749162682972642,0.16242420644156041,0.12,0.12,0.12,2.7196924545351737,2.9071840813649006,2.5572682480936133,0.0,0.18749162682972687,-0.16242420644156041,112.3794900769146,112.3794900769146,112.3794900769146,1.0,0.9,1.1,0.12,0.108,0.132,33.76696087691461,33.76696087691461,33.76696087691461,5.8803075454648255,5.692815918635099,6.042731751906386,0.0,-0.18749162682972642,0.16242420644156041,0.0,0.18749162682972642,0.0,33.76696087691461
gen=26_member=4423_pso,1.0,0.9,1.1,0.12,0.108,0.132,0.0,0.17333049159019565,0.1495649014160989,0.0,0.1733304915901952,0.1495649014160989,0.12,0.12,0.12,2.4442324503270694,2.617562941917265,2.2946675489109705,0.0,0.17333049159019565,-0.1495649014160989,111.43882795416609,111.43882795416609,111.43882795416609,1.0,0.9,1.1,0.12,0.108,0.132,32.826298754166096,32.826298754166096,32.826298754166096,6.15576754967293,5.982437058082735,6.305332451089029,0.0,-0.1733304915901952,0.1495649014160989,0.0,0.1733304915901952,0.0,32.826298754166096
gen=27_member=4566_pso,1.0,0.9,1.1,0.12,0.108,0.132,0.0,0.19593459004741787,0.16965236660560246,0.0,0.19593459004741742,0.1696523666056029,0.12,0.12,0.12,2.87572560211735,3.0716601921647677,2.7060732355117474,0.0,0.19593459004741787,-0.16965236660560246,112.8151859464955,112.8151859464955,112.8151859464955,1.0,0.9,1.1,0.12,0.108,0.132,34.20265674649548,34.20265674649548,34.20265674649548,5.72427439788265,5.528339807835232,5.893926764488253,0.0,-0.19593459004741742,0.1696523666056029,0.0,0.19593459004741742,0.0,34.20265674649548
gen=27_member=4568_pso,1.0,0.9,1.1,0.12,0.108,0.132,0.0,0.1697167648934208,0.14633807397738519,0.0,0.1697167648934208,0.14633807397738519,0.12,0.12,0.12,2.370423148131909,2.54013991302533,2.224085074154524,0.0,0.1697167648934208,-0.14633807397738519,111.17121385475376,111.17121385475376,111.17121385475376,1.0,0.9,1.1,0.12,0.108,0.132,32.558684654753776,32.558684654753776,32.558684654753776,6.2295768518680905,6.05986008697467,6.375914925845476,0.0,-0.1697167648934208,0.14633807397738519,0.0,0.1697167648934208,0.0,32.558684654753776
gen=27_member=4602_pso,1.0,0.9,1.1,0.12,0.108,0.132,0.0,0.1611062334315121,0.1386703172578918,0.0,0.16110623343151254,0.13867031725789047,0.12,0.12,0.12,2.1273719794302,2.2884782128617123,1.9887016621723084,0.0,0.1611062334315121,-0.1386703172578918,110.1465923293507,110.1465923293507,110.1465923293507,1.0,0.9,1.1,0.12,0.108,0.132,31.534063129350688,31.534063129350688,31.534063129350688,6.4726280205698,6.311521787138288,6.611298337827691,0.0,-0.16110623343151254,0.13867031725789047,0.0,0.16110623343151254,0.0,31.534063129350688
gen=28_member=4655_pso,1.0,0.9,1.1,0.12,0.108,0.132,0.0,0.18673787128190833,0.16183435357612996,0.0,0.18673787128190877,0.16183435357612908,0.12,0.12,0.12,2.7163349555958534,2.9030728268777617,2.5545006020197234,0.0,0.18673787128190833,-0.16183435357612996,112.34867200489096,112.34867200489096,112.34867200489096,1.0,0.9,1.1,0.12,0.108,0.132,33.73614280489097,33.73614280489097,33.73614280489097,5.883665044404147,5.696927173122238,6.045499397980276,0.0,-0.18673787128190877,0.16183435357612908,0.0,0.18673787128190877,0.0,33.73614280489097
gen=28_member=4698_pso,1.0,0.9,1.1,0.12,0.108,0.132,0.0,0.09538159188346795,0.08150362288495261,0.0,0.09538159188346729,0.08150362288495305,0.12,0.12,0.12,0.9488534751048376,1.0442350669883056,0.867349852219885,0.0,0.09538159188346795,-0.08150362288495261,98.23706393077234,98.23706393077234,98.23706393077234,1.0,0.9,1.1,0.12,0.108,0.132,19.62453473077234,19.62453473077234,19.62453473077234,7.651146524895162,7.5557649330116945,7.732650147780115,0.0,-0.09538159188346729,0.08150362288495305,0.0,0.09538159188346729,0.0,19.62453473077234
gen=28_member=4720_pso,1.0,0.9,1.1,0.12,0.108,0.132,0.0,0.21738299703948893,0.19010558374463216,0.0,0.21738299703948893,0.19010558374463216,0.12,0.12,0.12,3.397935940640787,3.615318937680276,3.207830356896155,0.0,0.21738299703948893,-0.19010558374463216,113.99741790745044,113.99741790745044,113.99741790745044,1.0,0.9,1.1,0.12,0.108,0.132,35.38488870745046,35.38488870745046,35.38488870745046,5.202064059359213,4.984681062319724,5.392169643103845,0.0,-0.21738299703948893,0.19010558374463216,0.0,0.21738299703948893,0.0,35.38488870745046
gen=28_member=4728_pso,1.0,0.9,1.1,0.12,0.108,0.132,0.0,0.11469054695456204,0.09875620767973303,0.0,0.11469054695456293,0.0987562076797337,0.12,0.12,0.12,1.215931183468382,1.330621730422944,1.1171749757886489,0.0,0.11469054695456204,-0.09875620767973303,103.67638511991224,103.67638511991224,103.67638511991224,1.0,0.9,1.1,0.12,0.108,0.132,25.063855919912235,25.063855919912235,25.063855919912235,7.3840688165316175,7.269378269577055,7.482825024211351,0.0,-0.11469054695456293,0.0987562076797337,0.0,0.11469054695456293,0.0,25.063855919912235
gen=28_member=4806_pso,1.0,0.9,1.1,0.12,0.108,0.132,0.0,0.22850298212784104,0.200221437756388,0.0,0.22850298212784104,0.20022143775638845,0.12,0.12,0.12,3.87573591840834,4.104238900536181,3.675514480651952,0.0,0.22850298212784104,-0.200221437756388,114.94789222453564,114.94789222453564,114.94789222453564,1.0,0.9,1.1,0.12,0.108,0.132,36.335363024535646,36.335363024535646,36.335363024535646,4.7242640815916594,4.495761099463818,4.924485519348048,0.0,-0.22850298212784104,0.20022143775638845,0.0,0.22850298212784104,0.0,36.335363024535646
gen=29_member=4835_pso,1.0,0.9,1.1,0.12,0.108,0.132,0.0,0.1553032807315038,0.13371559143953626,0.0,0.15530328073150468,0.13371559143953604,0.12,0.12,0.12,2.024985639976596,2.1802889207081,1.89127004853706,0.0,0.1553032807315038,-0.13371559143953626,109.77542032554577,109.77542032554577,109.77542032554577,1.0,0.9,1.1,0.12,0.108,0.132,31.16289112554577,31.16289112554577,31.16289112554577,6.575014360023404,6.4197110792919,6.70872995146294,0.0,-0.15530328073150468,0.13371559143953604,0.0,0.15530328073150468,0.0,31.16289112554577
gen=29_member=4851_pso,1.0,0.9,1.1,0.12,0.108,0.132,0.0,0.215295843543446,0.1881040287404101,0.0,0.215295843543446,0.1881040287404101,0.12,0.12,0.12,3.339852235813954,3.5551480793574,3.151748207073544,0.0,0.215295843543446,-0.1881040287404101,113.87680667277613,113.87680667277613,113.87680667277613,1.0,0.9,1.1,0.12,0.108,0.132,35.264277472776136,35.264277472776136,35.264277472776136,5.260147764186046,5.0448519206426,5.448251792926456,0.0,-0.215295843543446,0.1881040287404101,0.0,0.215295843543446,0.0,35.264277472776136
gen=29_member=4871_pso,1.0,0.9,1.1,0.12,0.108,0.132,0.0,0.0861596872202326,0.07360312510310907,0.0,0.08615968722023215,0.07360312510310862,0.12,0.12,0.12,0.8815436349096046,0.9677033221298372,0.8079405098064956,0.0,0.0861596872202326,-0.07360312510310907,96.45602638773376,96.45602638773376,96.45602638773376,1.0,0.9,1.1,0.12,0.108,0.132,17.843497187733753,17.843497187733753,17.843497187733753,7.718456365090395,7.632296677870163,7.792059490193504,0.0,-0.08615968722023215,0.07360312510310862,0.0,0.08615968722023215,0.0,17.843497187733753
gen=29_member=4898_pso,1.0,0.9,1.1,0.12,0.108,0.132,0.0,0.22719772953482087,0.19933127326707867,0.0,0.2271977295348213,0.19933127326707822,0.12,0.12,0.12,3.680374002125098,3.907571731659919,3.4810427288580192,0.0,0.22719772953482087,-0.19933127326707867,114.5397010739666,114.5397010739666,114.5397010739666,1.0,0.9,1.1,0.12,0.108,0.132,35.92717187396659,35.92717187396659,35.92717187396659,4.919625997874902,4.69242826834008,5.11895727114198,0.0,-0.2271977295348213,0.19933127326707822,0.0,0.2271977295348213,0.0,35.92717187396659
gen=29_member=4911_pso,1.0,0.9,1.1,0.12,0.108,0.132,0.0,0.18801653463006662,0.16303286298795605,0.0,0.18801653463006573,0.16303286298795605,0.12,0.12,0.12,2.7541462326369746,2.942162767267041,2.5911133696490185,0.0,0.18801653463006662,-0.16303286298795605,112.47654159624248,112.47654159624248,112.47654159624248,1.0,0.9,1.1,0.12,0.108,0.132,33.86401239624249,33.86401239624249,33.86401239624249,5.845853767363025,5.657837232732959,6.008886630350981,0.0,-0.18801653463006573,0.16303286298795605,0.0,0.18801653463006573,0.0,33.86401239624249
gen=29_member=4924_pso,1.0,0.9,1.1,0.12,0.108,0.132,0.0,0.18109112606659483,0.15661066250315914,0.0,0.18109112606659572,0.1566106625031587,0.12,0.12,0.12,2.587828022406685,2.76891914847328,2.431217359903526,0.0,0.18109112606659483,-0.15661066250315914,111.93473943991748,111.93473943991748,111.93473943991748,1.0,0.9,1.1,0.12,0.108,0.132,33.32221023991749,33.32221023991749,33.32221023991749,6.012171977593315,5.831080851526719,6.168782640096474,0.0,-0.18109112606659572,0.1566106625031587,0.0,0.18109112606659572,0.0,33.32221023991749
gen=29_member=4976_pso,1.0,0.9,1.1,0.12,0.108,0.132,0.0,0.17335225864929305,0.1495809648611086,0.0,0.1733522586492935,0.1495809648611086,0.12,0.12,0.12,2.4448842022049715,2.6182364608542645,2.295303237343863,0.0,0.17335225864929305,-0.1495809648611086,111.46599534458214,111.46599534458214,111.46599534458214,1.0,0.9,1.1,0.12,0.108,0.132,32.85346614458213,32.85346614458213,32.85346614458213,6.155115797795029,5.981763539145735,6.304696762656137,0.0,-0.1733522586492935,0.1495809648611086,0.0,0.1733522586492935,0.0,32.85346614458213
gen=30_member=4999_pso,1.0,0.9,1.1,0.12,0.108,0.132,0.0,0.19244615748500982,0.16659718408996138,0.0,0.19244615748500937,0.16659718408996138,0.12,0.12,0.12,2.7894244899895115,2.9818706474745214,2.62282730589955,0.0,0.19244615748500982,-0.16659718408996138,112.60047452305362,112.60047452305362,112.60047452305362,1.0,0.9,1.1,0.12,0.108,0.132,33.98794532305361,33.98794532305361,33.98794532305361,5.810575510010488,5.618129352525479,5.9771726941004495,0.0,-0.19244615748500937,0.16659718408996138,0.0,0.19244615748500937,0.0,33.98794532305361
gen=30_member=5110_pso,1.0,0.9,1.1,0.12,0.108,0.132,0.0,0.23047661952863852,0.20208555539546902,0.0,0.23047661952863852,0.20208555539546946,0.12,0.12,0.12,3.932509378217297,4.162985997745936,3.730423822821828,0.0,0.23047661952863852,-0.20208555539546902,115.00787858259372,115.00787858259372,115.00787858259372,1.0,0.9,1.1,0.12,0.108,0.132,36.39534938259375,36.39534938259375,36.39534938259375,4.667490621782703,4.437014002254064,4.869576177178172,0.0,-0.23047661952863852,0.20208555539546946,0.0,0.23047661952863852,0.0,36.39534938259375
gen=30_member=5150_pso,1.0,0.9,1.1,0.12,0.108,0.132,0.0,0.2309491967527415,0.2024446654541534,0.0,0.23094919675274195,0.20244466545415296,0.12,0.12,0.12,3.9551744266243625,4.186123623377104,3.752729761170209,0.0,0.2309491967527415,-0.2024446654541534,115.0904704678124,115.0904704678124,115.0904704678124,1.0,0.9,1.1,0.12,0.108,0.132,36.47794126781239,36.47794126781239,36.47794126781239,4.644825573375638,4.413876376622896,4.847270238829791,0.0,-0.23094919675274195,0.20244466545415296,0.0,0.23094919675274195,0.0,36.47794126781239
gen=30_member=5151_pso,1.0,0.9,1.1,0.12,0.108,0.132,0.0,0.22812707581762126,0.1998757928780499,0.0,0.22812707581762126,0.1998757928780499,0.12,0.12,0.12,3.855186874041565,4.083313949859186,3.655311081163515,0.0,0.22812707581762126,-0.1998757928780499,114.9099219021264,114.9099219021264,114.9099219021264,1.0,0.9,1.1,0.12,0.108,0.132,36.2973927021264,36.2973927021264,36.2973927021264,4.7448131259584345,4.516686050140813,4.944688918836484,0.0,-0.22812707581762126,0.1998757928780499,0.0,0.22812707581762126,0.0,36.2973927021264
gen=30_member=5155_pso,1.0,0.9,1.1,0.12,0.108,0.132,0.0,0.19085743769854124,0.16567864333331306,0.0,0.1908574376985408,0.1656786433333144,0.12,0.12,0.12,2.848031611013018,3.0388890487115594,2.682352967679705,0.0,0.19085743769854124,-0.16567864333331306,112.73347835647915,112.73347835647915,112.73347835647915,1.0,0.9,1.1,0.12,0.108,0.132,34.12094915647915,34.12094915647915,34.12094915647915,5.751968388986981,5.56111095128844,5.917647032320295,0.0,-0.1908574376985408,0.1656786433333144,0.0,0.1908574376985408,0.0,34.12094915647915
gen=31_member=5196_pso,1.0,0.9,1.1,0.12,0.108,0.132,0.0,0.24504658853735428,0.21583487915577226,0.0,0.24504658853735428,0.21583487915577226,0.12,0.12,0.12,4.3790099839992,4.6240565725365546,4.163175104843428,0.0,0.24504658853735428,-0.21583487915577226,115.76656551738569,115.76656551738569,115.76656551738569,1.0,0.9,1.1,0.12,0.108,0.132,37.154036317385696,37.154036317385696,37.154036317385696,4.220990016000799,3.975943427463445,4.436824895156572,0.0,-0.24504658853735428,0.21583487915577226,0.0,0.24504658853735428,0.0,37.154036317385696
gen=31_member=5213_pso,1.0,0.9,1.1,0.12,0.108,0.132,0.0,0.19519784679349428,0.16951946997762812,0.0,0.19519784679349428,0.16951946997762857,0.12,0.12,0.12,2.9469766581836145,3.142174504977109,2.7774571882059864,0.0,0.19519784679349428,-0.16951946997762812,112.98712908167344,112.98712908167344,112.98712908167344,1.0,0.9,1.1,0.12,0.108,0.132,34.37459988167344,34.37459988167344,34.37459988167344,5.653023341816385,5.457825495022891,5.822542811794014,0.0,-0.19519784679349428,0.16951946997762857,0.0,0.19519784679349428,0.0,34.37459988167344
gen=31_member=5214_pso,1.0,0.9,1.1,0.12,0.108,0.132,0.0,0.21834355834657826,0.19097527141021287,0.0,0.2183435583465787,0.1909752714102133,0.12,0.12,0.12,3.42252865851418,3.640872216860758,3.231553387103967,0.0,0.21834355834657826,-0.19097527141021287,114.05529626150496,114.05529626150496,114.05529626150496,1.0,0.9,1.1,0.12,0.108,0.132,35.44276706150495,35.44276706150495,35.44276706150495,5.17747134148582,4.959127783139241,5.368446612896033,0.0,-0.2183435583465787,0.1909752714102133,0.0,0.2183435583465787,0.0,35.44276706150495
gen=31_member=5217_pso,1.0,0.9,1.1,0.12,0.108,0.132,0.0,0.23257234204070754,0.20397611963945073,0.0,0.23257234204070798,0.20397611963945028,0.12,0.12,0.12,3.940880276296,4.173452618336707,3.736904156656549,0.0,0.23257234204070754,-0.20397611963945073,115.0647939735805,115.0647939735805,115.0647939735805,1.0,0.9,1.1,0.12,0.108,0.132,36.4522647735805,36.4522647735805,36.4522647735805,4.659119723704,4.426547381663292,4.863095843343451,0.0,-0.23257234204070798,0.20397611963945028,0.0,0.23257234204070798,0.0,36.4522647735805
gen=31_member=5227_pso,1.0,0.9,1.1,0.12,0.108,0.132,0.0,0.17954208742668554,0.15536089384892904,0.0,0.1795420874266851,0.15536089384892904,0.12,0.12,0.12,2.5705116414506657,2.7500537288773512,2.4151507476017366,0.0,0.17954208742668554,-0.15536089384892904,111.80451609965334,111.80451609965334,111.80451609965334,1.0,0.9,1.1,0.12,0.108,0.132,33.191986899653344,33.191986899653344,33.191986899653344,6.029488358549334,5.849946271122649,6.184849252398263,0.0,-0.1795420874266851,0.15536089384892904,0.0,0.1795420874266851,0.0,33.191986899653344
gen=31_member=5250_pso,1.0,0.9,1.1,0.12,0.108,0.132,0.0,0.19661051204141478,0.17020591656542639,0.0,0.19661051204141433,0.17020591656542727,0.12,0.12,0.12,2.8238468837659503,3.020457395807365,2.653640967200524,0.0,0.19661051204141478,-0.17020591656542639,112.66604105359164,112.66604105359164,112.66604105359164,1.0,0.9,1.1,0.12,0.108,0.132,34.05351185359164,34.05351185359164,34.05351185359164,5.776153116234049,5.579542604192635,5.946359032799476,0.0,-0.19661051204141433,0.17020591656542727,0.0,0.19661051204141433,0.0,34.05351185359164
gen=31_member=5281_pso,1.0,0.9,1.1,0.12,0.108,0.132,0.0,0.17758952659962945,0.15342064235832975,0.0,0.177589526599629,0.15342064235832975,0.12,0.12,0.12,2.527655550535176,2.7052450771348053,2.374234908176846,0.0,0.17758952659962945,-0.15342064235832975,111.72822614121412,111.72822614121412,111.72822614121412,1.0,0.9,1.1,0.12,0.108,0.132,33.11569694121411,33.11569694121411,33.11569694121411,6.072344449464824,5.894754922865195,6.2257650918231535,0.0,-0.177589526599629,0.15342064235832975,0.0,0.177589526599629,0.0,33.11569694121411
gen=32_member=5373_pso,1.0,0.9,1.1,0.12,0.108,0.132,0.0,0.19837782590608688,0.17223402773049834,0.0,0.19837782590608555,0.17223402773049834,0.12,0.12,0.12,2.995004204654325,3.1933820305604117,2.8227701769238265,0.0,0.19837782590608688,-0.17223402773049834,113.10263759919886,113.10263759919886,113.10263759919886,1.0,0.9,1.1,0.12,0.108,0.132,34.49010839919886,34.49010839919886,34.49010839919886,5.604995795345674,5.406617969439589,5.777229823076173,0.0,-0.19837782590608555,0.17223402773049834,0.0,0.19837782590608555,0.0,34.49010839919886
gen=32_member=5391_pso,1.0,0.9,1.1,0.12,0.108,0.132,0.0,0.18025683766938005,0.15576764503063645,0.0,0.18025683766938094,0.155767645030636,0.12,0.12,0.12,2.5734339649692104,2.7536908026385905,2.417666319938574,0.0,0.18025683766938005,-0.15576764503063645,111.8740349680115,111.8740349680115,111.8740349680115,1.0,0.9,1.1,0.12,0.108,0.132,33.261505768011496,33.261505768011496,33.261505768011496,6.02656603503079,5.846309197361409,6.182333680061426,0.0,-0.18025683766938094,0.155767645030636,0.0,0.18025683766938094,0.0,33.261505768011496
gen=32_member=5405_pso,1.0,0.9,1.1,0.12,0.108,0.132,0.0,0.12910484834543778,0.11017317452895647,0.0,0.12910484834543823,0.11017317452895625,0.12,0.12,0.12,1.4717926599847913,1.600897508330229,1.3616194854558348,0.0,0.12910484834543778,-0.11017317452895647,106.47906570330676,106.47906570330676,106.47906570330676,1.0,0.9,1.1,0.12,0.108,0.132,27.86653650330677,27.86653650330677,27.86653650330677,7.128207340015209,6.99910249166977,7.238380514544165,0.0,-0.12910484834543823,0.11017317452895625,0.0,0.12910484834543823,0.0,27.86653650330677
gen=32_member=5429_pso,1.0,0.9,1.1,0.12,0.108,0.132,0.0,0.2275707163781724,0.19946126417658805,0.0,0.22757071637817194,0.1994612641765885,0.12,0.12,0.12,3.807797140389488,4.03536785676766,3.6083358762129,0.0,0.2275707163781724,-0.19946126417658805,114.82712673522953,114.82712673522953,114.82712673522953,1.0,0.9,1.1,0.12,0.108,0.132,36.21459753522952,36.21459753522952,36.21459753522952,4.792202859610511,4.564632143232339,4.9916641237871,0.0,-0.22757071637817194,0.1994612641765885,0.0,0.22757071637817194,0.0,36.21459753522952
gen=32_member=5452_pso,1.0,0.9,1.1,0.12,0.108,0.132,0.0,0.20613600486827055,0.1793592339667267,0.0,0.2061360048682701,0.1793592339667267,0.12,0.12,0.12,3.141817552171591,3.3479535570398617,2.9624583182048645,0.0,0.20613600486827055,-0.1793592339667267,113.46005974005696,113.46005974005696,113.46005974005696,1.0,0.9,1.1,0.12,0.108,0.132,34.84753054005696,34.84753054005696,34.84753054005696,5.458182447828408,5.252046442960138,5.637541681795135,0.0,-0.2061360048682701,0.1793592339667267,0.0,0.2061360048682701,0.0,34.84753054005696
gen=32_member=5467_pso,1.0,0.9,1.1,0.12,0.108,0.132,0.0,0.21782130219567764,0.19044036565694267,0.0,0.21782130219567897,0.1904403656569409,0.12,0.12,0.12,3.4092267076579525,3.62704800985363,3.21878634200101,0.0,0.21782130219567764,-0.19044036565694267,114.03782430560696,114.03782430560696,114.03782430560696,1.0,0.9,1.1,0.12,0.108,0.132,35.42529510560696,35.42529510560696,35.42529510560696,5.190773292342048,4.9729519901463695,5.381213657998989,0.0,-0.21782130219567897,0.1904403656569409,0.0,0.21782130219567897,0.0,35.42529510560696
gen=32_member=5495_pso,1.0,0.9,1.1,0.12,0.108,0.132,0.0,0.1187130188275356,0.10275287157112967,0.0,0.1187130188275356,0.10275287157112967,0.12,0.12,0.12,1.2993111659258398,1.4180241847533754,1.1965582943547102,0.0,0.1187130188275356,-0.10275287157112967,104.5347723545836,104.5347723545836,104.5347723545836,1.0,0.9,1.1,0.12,0.108,0.132,25.92224315458362,25.92224315458362,25.92224315458362,7.30068883407416,7.181975815246624,7.40344170564529,0.0,-0.1187130188275356,0.10275287157112967,0.0,0.1187130188275356,0.0,25.92224315458362
gen=33_member=5529_pso,1.0,0.9,1.1,0.12,0.108,0.132,0.0,0.0882445211330316,0.07544040485772707,0.0,0.08824452113303138,0.0754404048577273,0.12,0.12,0.12,0.9022937938185508,0.9905383149515824,0.8268533889608237,0.0,0.0882445211330316,-0.07544040485772707,96.94235395749496,96.94235395749496,96.94235395749496,1.0,0.9,1.1,0.12,0.108,0.132,18.32982475749499,18.32982475749499,18.32982475749499,7.697706206181449,7.609461685048418,7.773146611039176,0.0,-0.08824452113303138,0.0754404048577273,0.0,0.08824452113303138,0.0,18.32982475749499
gen=33_member=5559_pso,1.0,0.9,1.1,0.12,0.108,0.132,0.0,0.16746418781670647,0.1444194181454277,0.0,0.16746418781670602,0.14441941814542858,0.12,0.12,0.12,2.27770616129014,2.4451703491068466,2.1332867431447124,0.0,0.16746418781670647,-0.1444194181454277,110.7565981013816,110.7565981013816,110.7565981013816,1.0,0.9,1.1,0.12,0.108,0.132,32.1440689013816,32.1440689013816,32.1440689013816,6.322293838709859,6.154829650893153,6.466713256855288,0.0,-0.16746418781670602,0.14441941814542858,0.0,0.16746418781670602,0.0,32.1440689013816
gen=33_member=5577_pso,1.0,0.9,1.1,0.12,0.108,0.132,0.0,0.1946340867746037,0.16828572652215001,0.0,0.19463408677460325,0.16828572652215001,0.12,0.12,0.12,2.802809316052238,2.9974434028268417,2.634523589530088,0.0,0.1946340867746037,-0.16828572652215001,112.6139070183289,112.6139070183289,112.6139070183289,1.0,0.9,1.1,0.12,0.108,0.132,34.00137781832889,34.00137781832889,34.00137781832889,5.797190683947761,5.602556597173158,5.965476410469911,0.0,-0.19463408677460325,0.16828572652215001,0.0,0.19463408677460325,0.0,34.00137781832889
gen=33_member=5592_pso,1.0,0.9,1.1,0.12,0.108,0.132,0.0,0.17403744300280355,0.15020443676923811,0.0,0.17403744300280355,0.15020443676923811,0.12,0.12,0.12,2.4600901846108965,2.6341276276137,2.3098857478416583,0.0,0.17403744300280355,-0.15020443676923811,111.5183403743986,111.5183403743986,111.5183403743986,1.0,0.9,1.1,0.12,0.108,0.132,32.90581117439859,32.90581117439859,32.90581117439859,6.139909815389103,5.9658723723863,6.290114252158341,0.0,-0.17403744300280355,0.15020443676923811,0.0,0.17403744300280355,0.0,32.90581117439859
gen=33_member=5597_pso,1.0,0.9,1.1,0.12,0.108,0.132,0.0,0.09704097978189519,0.08328586388417103,0.0,0.09704097978189541,0.08328586388417047,0.12,0.12,0.12,0.9937193119614058,1.090760291743301,0.9104334480772348,0.0,0.09704097978189519,-0.08328586388417103,99.03797620516082,99.03797620516082,99.03797620516082,1.0,0.9,1.1,0.12,0.108,0.132,20.42544700516081,20.42544700516081,20.42544700516081,7.606280688038594,7.509239708256699,7.6895665519227645,0.0,-0.09704097978189541,0.08328586388417047,0.0,0.09704097978189541,0.0,20.42544700516081
gen=33_member=5655_pso,1.0,0.9,1.1,0.12,0.108,0.132,0.0,0.2202019609354049,0.19264062855316677,0.0,0.22020196093540534,0.19264062855316588,0.12,0.12,0.12,3.517184950203703,3.737386911139108,3.3245443216505364,0.0,0.2202019609354049,-0.19264062855316677,114.24289925855572,114.24289925855572,114.24289925855572,1.0,0.9,1.1,0.12,0.108,0.132,35.630370058555734,35.630370058555734,35.630370058555734,5.082815049796297,4.862613088860892,5.275455678349463,0.0,-0.22020196093540534,0.19264062855316588,0.0,0.22020196093540534,0.0,35.630370058555734
gen=33_member=5661_pso,1.0,0.9,1.1,0.12,0.108,0.132,0.0,0.2403571903182833,0.21146952454572876,0.0,0.24035719031828418,0.21146952454572787,0.12,0.12,0.12,4.215754201843512,4.456111392161795,4.004284677297783,0.0,0.2403571903182833,-0.21146952454572876,115.50426167767672,115.50426167767672,115.50426167767672,1.0,0.9,1.1,0.12,0.108,0.132,36.89173247767671,36.89173247767671,36.89173247767671,4.384245798156488,4.143888607838204,4.595715322702216,0.0,-0.24035719031828418,0.21146952454572787,0.0,0.24035719031828418,0.0,36.89173247767671
gen=34_member=5714_pso,1.0,0.9,1.1,0.12,0.108,0.132,0.0,0.20746878316184514,0.18057138452213328,0.0,0.20746878316184603,0.18057138452213195,0.12,0.12,0.12,3.3745240137867936,3.5819927969486387,3.1939526292646603,0.0,0.20746878316184514,-0.18057138452213328,113.90195195242715,113.90195195242715,113.90195195242715,1.0,0.9,1.1,0.12,0.108,0.132,35.289422752427136,35.289422752427136,35.289422752427136,5.225475986213207,5.018007203051361,5.406047370735339,0.0,-0.20746878316184603,0.18057138452213195,0.0,0.20746878316184603,0.0,35.289422752427136
gen=34_member=5718_pso,1.0,0.9,1.1,0.12,0.108,0.132,0.0,0.0883071300897097,0.07529249231176605,0.0,0.08830713008970825,0.07529249231176749,0.12,0.12,0.12,0.9275296888087196,1.0158368188984293,0.8522371964969535,0.0,0.0883071300897097,-0.07529249231176605,97.83050430474096,97.83050430474096,97.83050430474096,1.0,0.9,1.1,0.12,0.108,0.132,19.217975104740983,19.217975104740983,19.217975104740983,7.672470311191279,7.58416318110157,7.747762803503046,0.0,-0.08830713008970825,0.07529249231176749,0.0,0.08830713008970825,0.0,19.217975104740983
gen=34_member=5724_pso,1.0,0.9,1.1,0.12,0.108,0.132,0.0,0.22078260407691896,0.19314346035737584,0.0,0.22078260407691896,0.1931434603573754,0.12,0.12,0.12,3.489091483382917,3.709874087459836,3.295948023025541,0.0,0.22078260407691896,-0.19314346035737584,114.17219837902098,114.17219837902098,114.17219837902098,1.0,0.9,1.1,0.12,0.108,0.132,35.55966917902097,35.55966917902097,35.55966917902097,5.110908516617083,4.890125912540164,5.304051976974458,0.0,-0.22078260407691896,0.1931434603573754,0.0,0.22078260407691896,0.0,35.55966917902097
gen=34_member=5729_pso,1.0,0.9,1.1,0.12,0.108,0.132,0.0,0.22541594976743928,0.19745282660305197,0.0,0.22541594976743973,0.19745282660305197,0.12,0.12,0.12,3.762481095023348,3.9878970447907873,3.565028268420296,0.0,0.22541594976743928,-0.19745282660305197,114.7398289098242,114.7398289098242,114.7398289098242,1.0,0.9,1.1,0.12,0.108,0.132,36.12729970982421,36.12729970982421,36.12729970982421,4.837518904976652,4.612102955209212,5.034971731579704,0.0,-0.22541594976743973,0.19745282660305197,0.0,0.22541594976743973,0.0,36.12729970982421
gen=34_member=5732_pso,1.0,0.9,1.1,0.12,0.108,0.132,0.0,0.18684021903298476,0.16193154895276418,0.0,0.18684021903298476,0.1619315489527633,0.12,0.12,0.12,2.7204459363071374,2.907286155340122,2.558514387354373,0.0,0.18684021903298476,-0.16193154895276418,112.39472092629453,112.39472092629453,112.39472092629453,1.0,0.9,1.1,0.12,0.108,0.132,33.7821917262945,33.7821917262945,33.7821917262945,5.879554063692862,5.6927138446598775,6.041485612645626,0.0,-0.18684021903298476,0.1619315489527633,0.0,0.18684021903298476,0.0,33.7821917262945
gen=34_member=5740_pso,1.0,0.9,1.1,0.12,0.108,0.132,0.0,0.12159133589074034,0.10534670250133926,0.0,0.12159133589073967,0.1053467025013397,0.12,0.12,0.12,1.37216642150876,1.4937577573995002,1.2668197190074206,0.0,0.12159133589074034,-0.10534670250133926,105.63758469823448,105.63758469823448,105.63758469823448,1.0,0.9,1.1,0.12,0.108,0.132,27.025055498234494,27.025055498234494,27.025055498234494,7.227833578491239,7.1062422426005,7.333180280992579,0.0,-0.12159133589073967,0.1053467025013397,0.0,0.12159133589073967,0.0,27.025055498234494
gen=34_member=5765_pso,1.0,0.9,1.1,0.12,0.108,0.132,0.0,0.15300557551983895,0.1317239872177618,0.0,0.15300557551984006,0.1317239872177609,0.12,0.12,0.12,1.9817261402621529,2.134731715781992,1.850002153044391,0.0,0.15300557551983895,-0.1317239872177618,109.5359154335919,109.5359154335919,109.5359154335919,1.0,0.9,1.1,0.12,0.108,0.132,30.92338623359191,30.92338623359191,30.92338623359191,6.618273859737847,6.465268284218007,6.749997846955608,0.0,-0.15300557551984006,0.1317239872177609,0.0,0.15300557551984006,0.0,30.92338623359191
gen=34_member=5786_pso,1.0,0.9,1.1,0.12,0.108,0.132,0.0,0.22193227554484185,0.19430429651031034,0.0,0.22193227554484096,0.19430429651031034,0.12,0.12,0.12,3.5555964069787223,3.777528682523564,3.361292110468412,0.0,0.22193227554484185,-0.19430429651031034,114.31098564451818,114.31098564451818,114.31098564451818,1.0,0.9,1.1,0.12,0.108,0.132,35.69845644451818,35.69845644451818,35.69845644451818,5.044403593021277,4.822471317476436,5.238707889531588,0.0,-0.22193227554484096,0.19430429651031034,0.0,0.22193227554484096,0.0,35.69845644451818
gen=34_member=5808_pso,1.0,0.9,1.1,0.12,0.108,0.132,0.0,0.23084809494188185,0.20231800480369078,0.0,0.23084809494188185,0.20231800480369166,0.12,0.12,0.12,3.957705212678139,4.188553307620021,3.755387207874448,0.0,0.23084809494188185,-0.20231800480369078,115.10862247975852,115.10862247975852,115.10862247975852,1.0,0.9,1.1,0.12,0.108,0.132,36.496093279758526,36.496093279758526,36.496093279758526,4.642294787321861,4.411446692379979,4.844612792125552,0.0,-0.23084809494188185,0.20231800480369166,0.0,0.23084809494188185,0.0,36.496093279758526
gen=34_member=5819_pso,1.0,0.9,1.1,0.12,0.108,0.132,0.0,0.19765038804774981,0.17174153000194803,0.0,0.19765038804774981,0.17174153000194892,0.12,0.12,0.12,3.022398591006844,3.2200489790545936,2.850657061004896,0.0,0.19765038804774981,-0.17174153000194803,113.17356793283972,113.17356793283972,113.17356793283972,1.0,0.9,1.1,0.12,0.108,0.132,34.56103873283972,34.56103873283972,34.56103873283972,5.577601408993155,5.379951020945406,5.749342938995104,0.0,-0.19765038804774981,0.17174153000194892,0.0,0.19765038804774981,0.0,34.56103873283972
gen=34_member=5825_pso,1.0,0.9,1.1,0.12,0.108,0.132,0.0,0.10080493969254523,0.08630291061353734,0.0,0.10080493969254611,0.08630291061353645,0.12,0.12,0.12,1.031660987734052,1.1324659274265971,0.9453580771205146,0.0,0.10080493969254523,-0.08630291061353734,100.2998269704652,100.2998269704652,100.2998269704652,1.0,0.9,1.1,0.12,0.108,0.132,21.6872977704652,21.6872977704652,21.6872977704652,7.568339012265948,7.467534072573402,7.654641922879485,0.0,-0.10080493969254611,0.08630291061353645,0.0,0.10080493969254611,0.0,21.6872977704652
gen=34_member=5833_pso,1.0,0.9,1.1,0.12,0.108,0.132,0.0,0.24258852464082992,0.21355777997054837,0.0,0.24258852464082992,0.21355777997054837,0.12,0.12,0.12,4.293456493397734,4.536045018038564,4.079898713427186,0.0,0.24258852464082992,-0.21355777997054837,115.66799594905063,115.66799594905063,115.66799594905063,1.0,0.9,1.1,0.12,0.108,0.132,37.05546674905064,37.05546674905064,37.05546674905064,4.3065435066022655,4.063954981961436,4.520101286572814,0.0,-0.24258852464082992,0.21355777997054837,0.0,0.24258852464082992,0.0,37.05546674905064
gen=35_member=5892_pso,1.0,0.9,1.1,0.12,0.108,0.132,0.0,0.1845162382001666,0.15979719486194588,0.0,0.1845162382001666,0.15979719486194632,0.12,0.12,0.12,2.669301284000799,2.8538175222009654,2.509504089138853,0.0,0.1845162382001666,-0.15979719486194588,112.23753885500612,112.23753885500612,112.23753885500612,1.0,0.9,1.1,0.12,0.108,0.132,33.6250096550061,33.6250096550061,33.6250096550061,5.930698715999201,5.746182477799034,6.090495910861147,0.0,-0.1845162382001666,0.15979719486194632,0.0,0.1845162382001666,0.0,33.6250096550061
gen=35_member=5893_pso,1.0,0.9,1.1,0.12,0.108,0.132,0.0,0.07962235982756549,0.06783105155655345,0.0,0.0796223598275656,0.06783105155655367,0.12,0.12,0.12,0.8132883924956406,0.892910752323206,0.7454573409390871,0.0,0.07962235982756549,-0.06783105155655345,94.61457109372272,94.61457109372272,94.61457109372272,1.0,0.9,1.1,0.12,0.108,0.132,16.002041893722712,16.002041893722712,16.002041893722712,7.786711607504359,7.707089247676794,7.854542659060913,0.0,-0.0796223598275656,0.06783105155655367,0.0,0.0796223598275656,0.0,16.002041893722712
gen=35_member=5913_pso,1.0,0.9,1.1,0.12,0.108,0.132,0.0,0.09918127077370853,0.08481626387914976,0.0,0.09918127077370897,0.08481626387914964,0.12,0.12,0.12,1.0163314134959738,1.1155126842696823,0.931515149616824,0.0,0.09918127077370853,-0.08481626387914976,99.87449982097976,99.87449982097976,99.87449982097976,1.0,0.9,1.1,0.12,0.108,0.132,21.261970620979778,21.261970620979778,21.261970620979778,7.583668586504026,7.484487315730317,7.668484850383176,0.0,-0.09918127077370897,0.08481626387914964,0.0,0.09918127077370897,0.0,21.261970620979778
gen=35_member=5926_pso,1.0,0.9,1.1,0.12,0.108,0.132,0.0,0.13345306250840605,0.11434472573514887,0.0,0.13345306250840583,0.11434472573514931,0.12,0.12,0.12,1.6058441235180438,1.73929718602645,1.491499397782895,0.0,0.13345306250840605,-0.11434472573514887,107.371015419272,107.371015419272,107.371015419272,1.0,0.9,1.1,0.12,0.108,0.132,28.75848621927199,28.75848621927199,28.75848621927199,6.994155876481956,6.86070281397355,7.108500602217105,0.0,-0.13345306250840583,0.11434472573514931,0.0,0.13345306250840583,0.0,28.75848621927199
gen=35_member=5948_pso,1.0,0.9,1.1,0.12,0.108,0.132,0.0,0.2443229292747091,0.21510393987760867,0.0,0.2443229292747091,0.21510393987760867,0.12,0.12,0.12,4.339241874247068,4.583564803521777,4.124137934369459,0.0,0.2443229292747091,-0.21510393987760867,115.68637541264413,115.68637541264413,115.68637541264413,1.0,0.9,1.1,0.12,0.108,0.132,37.07384621264411,37.07384621264411,37.07384621264411,4.260758125752932,4.016435196478223,4.47586206563054,0.0,-0.2443229292747091,0.21510393987760867,0.0,0.2443229292747091,0.0,37.07384621264411
gen=35_member=5956_pso,1.0,0.9,1.1,0.12,0.108,0.132,0.0,0.1967741519007804,0.1703397478966111,0.0,0.19677415190077951,0.17033974789661155,0.12,0.12,0.12,2.8298424505292394,3.02661660243002,2.6595027026326283,0.0,0.1967741519007804,-0.1703397478966111,112.6899346746427,112.6899346746427,112.6899346746427,1.0,0.9,1.1,0.12,0.108,0.132,34.07740547464268,34.07740547464268,34.07740547464268,5.77015754947076,5.57338339756998,5.940497297367371,0.0,-0.19677415190077951,0.17033974789661155,0.0,0.19677415190077951,0.0,34.07740547464268
gen=35_member=5961_pso,1.0,0.9,1.1,0.12,0.108,0.132,0.0,0.23784990002765305,0.2087343327350344,0.0,0.23784990002765305,0.20873433273503483,0.12,0.12,0.12,4.163974337028345,4.401824237055998,3.955240004293311,0.0,0.23784990002765305,-0.2087343327350344,115.48979364522586,115.48979364522586,115.48979364522586,1.0,0.9,1.1,0.12,0.108,0.132,36.87726444522587,36.87726444522587,36.87726444522587,4.436025662971654,4.198175762944001,4.644759995706689,0.0,-0.23784990002765305,0.20873433273503483,0.0,0.23784990002765305,0.0,36.87726444522587
gen=35_member=5978_pso,1.0,0.9,1.1,0.12,0.108,0.132,0.0,0.22235749404595184,0.19460818160121107,0.0,0.2223574940459523,0.19460818160121196,0.12,0.12,0.12,3.6066329183701873,3.828990412416139,3.412024736768976,0.0,0.22235749404595184,-0.19460818160121107,114.41057545031585,114.41057545031585,114.41057545031585,1.0,0.9,1.1,0.12,0.108,0.132,35.798046250315835,35.798046250315835,35.798046250315835,4.993367081629812,4.77100958758386,5.187975263231024,0.0,-0.2223574940459523,0.19460818160121196,0.0,0.2223574940459523,0.0,35.798046250315835
gen=35_member=5994_pso,1.0,0.9,1.1,0.12,0.108,0.132,0.0,0.20230216881155183,0.1755305407367631,0.0,0.20230216881155183,0.17553054073676222,0.12,0.12,0.12,3.076027027129444,3.2783291959409957,2.9004964863926808,0.0,0.20230216881155183,-0.1755305407367631,113.29579907798986,113.29579907798986,113.29579907798986,1.0,0.9,1.1,0.12,0.108,0.132,34.68326987798987,34.68326987798987,34.68326987798987,5.523972972870556,5.321670804059004,5.699503513607318,0.0,-0.20230216881155183,0.17553054073676222,0.0,0.20230216881155183,0.0,34.68326987798987
gen=35_member=6019_pso,1.0,0.9,1.1,0.12,0.108,0.132,0.0,0.2244843766085487,0.19660865559715912,0.0,0.22448437660854914,0.19660865559715823,0.12,0.12,0.12,3.7303822104294633,3.954866587038012,3.533773554832304,0.0,0.2244843766085487,-0.19660865559715912,114.67498546130535,114.67498546130535,114.67498546130535,1.0,0.9,1.1,0.12,0.108,0.132,36.06245626130536,36.06245626130536,36.06245626130536,4.869617789570537,4.645133412961988,5.066226445167695,0.0,-0.22448437660854914,0.19660865559715823,0.0,0.22448437660854914,0.0,36.06245626130536
gen=36_member=6021_pso,1.0,0.9,1.1,0.12,0.108,0.132,0.0,0.07916983513899056,0.06738361935432313,0.0,0.07916983513899023,0.06738361935432291,0.12,0.12,0.12,0.8110833649714815,0.890253200110472,0.7436997456171583,0.0,0.07916983513899056,-0.06738361935432313,94.34295784697495,94.34295784697495,94.34295784697495,1.0,0.9,1.1,0.12,0.108,0.132,15.730428646974955,15.730428646974955,15.730428646974955,7.788916635028518,7.709746799889528,7.856300254382841,0.0,-0.07916983513899023,0.06738361935432291,0.0,0.07916983513899023,0.0,15.730428646974955
gen=36_member=6031_pso,1.0,0.9,1.1,0.12,0.108,0.132,0.0,0.15734871014896923,0.13537409108940035,0.0,0.15734871014896967,0.13537409108939968,0.12,0.12,0.12,2.054152766640796,2.211501476789765,1.9187786755513956,0.0,0.15734871014896923,-0.13537409108940035,109.95091998755169,109.95091998755169,109.95091998755169,1.0,0.9,1.1,0.12,0.108,0.132,31.338390787551678,31.338390787551678,31.338390787551678,6.545847233359204,6.3884985232102345,6.681221324448604,0.0,-0.15734871014896967,0.13537409108939968,0.0,0.15734871014896967,0.0,31.338390787551678
gen=36_member=6039_pso,1.0,0.9,1.1,0.12,0.108,0.132,0.0,0.19432830314414318,0.16854365016457828,0.0,0.19432830314414318,0.16854365016457784,0.12,0.12,0.12,2.8865790925389523,3.0809073956830955,2.718035442374374,0.0,0.19432830314414318,-0.16854365016457828,112.84928912266682,112.84928912266682,112.84928912266682,1.0,0.9,1.1,0.12,0.108,0.132,34.236759922666806,34.236759922666806,34.236759922666806,5.713420907461048,5.519092604316905,5.881964557625626,0.0,-0.19432830314414318,0.16854365016457784,0.0,0.19432830314414318,0.0,34.236759922666806
gen=36_member=6076_pso,1.0,0.9,1.1,0.12,0.108,0.132,0.0,0.2439326415012104,0.21453513662348733,0.0,0.24393264150120952,0.21453513662348733,0.12,0.12,0.12,4.314408249931125,4.558340891432335,4.099873113307638,0.0,0.2439326415012104,-0.21453513662348733,115.6841831464119,115.6841831464119,115.6841831464119,1.0,0.9,1.1,0.12,0.108,0.132,37.07165394641189,37.07165394641189,37.07165394641189,4.285591750068875,4.041659108567665,4.500126886692362,0.0,-0.24393264150120952,0.21453513662348733,0.0,0.24393264150120952,0.0,37.07165394641189
gen=36_member=6120_pso,1.0,0.9,1.1,0.12,0.108,0.132,0.0,0.22328387261298843,0.1955131744022376,0.0,0.22328387261298666,0.19551317440223936,0.12,0.12,0.12,3.6891823362554974,3.912466208868486,3.49366916185326,0.0,0.22328387261298843,-0.1955131744022376,114.57055902865704,114.57055902865704,114.57055902865704,1.0,0.9,1.1,0.12,0.108,0.132,35.95802982865704,35.95802982865704,35.95802982865704,4.910817663744501,4.687533791131514,5.10633083814674,0.0,-0.22328387261298666,0.19551317440223936,0.0,0.22328387261298666,0.0,35.95802982865704
gen=36_member=6131_pso,1.0,0.9,1.1,0.12,0.108,0.132,0.0,0.2244462185730498,0.19656537279920805,0.0,0.2244462185730498,0.19656537279920805,0.12,0.12,0.12,3.708493410413307,3.932939628986357,3.511928037614099,0.0,0.2244462185730498,-0.19656537279920805,114.62238993528156,114.62238993528156,114.62238993528156,1.0,0.9,1.1,0.12,0.108,0.132,36.00986073528155,36.00986073528155,36.00986073528155,4.891506589586692,4.667060371013642,5.0880719623859,0.0,-0.2244462185730498,0.19656537279920805,0.0,0.2244462185730498,0.0,36.00986073528155
gen=36_member=6133_pso,1.0,0.9,1.1,0.12,0.108,0.132,0.0,0.2232609562560035,0.19546192336545198,0.0,0.22326095625600395,0.19546192336545154,0.12,0.12,0.12,3.6537904336927274,3.877051389948731,3.4583285103272754,0.0,0.2232609562560035,-0.19546192336545198,114.48455954437703,114.48455954437703,114.48455954437703,1.0,0.9,1.1,0.12,0.108,0.132,35.87203034437702,35.87203034437702,35.87203034437702,4.946209566307273,4.722948610051269,5.141671489672724,0.0,-0.22326095625600395,0.19546192336545154,0.0,0.22326095625600395,0.0,35.87203034437702
gen=36_member=6139_pso,1.0,0.9,1.1,0.12,0.108,0.132,0.0,0.23416500631370685,0.20524760025738864,0.0,0.23416500631370685,0.20524760025738864,0.12,0.12,0.12,4.0762456348744855,4.310410641188192,3.870998034617097,0.0,0.23416500631370685,-0.20524760025738864,115.33470587350448,115.33470587350448,115.33470587350448,1.0,0.9,1.1,0.12,0.108,0.132,36.722176673504485,36.722176673504485,36.722176673504485,4.523754365125514,4.289589358811807,4.729001965382903,0.0,-0.23416500631370685,0.20524760025738864,0.0,0.23416500631370685,0.0,36.722176673504485
gen=36_member=6144_pso,1.0,0.9,1.1,0.12,0.108,0.132,0.0,0.19670900610335362,0.17095940137708032,0.0,0.19670900610335362,0.17095940137707988,0.12,0.12,0.12,3.0068591738707413,3.203568179974095,2.835899772493661,0.0,0.19670900610335362,-0.17095940137708032,113.12307938922596,113.12307938922596,113.12307938922596,1.0,0.9,1.1,0.12,0.108,0.132,34.510550189225945,34.510550189225945,34.510550189225945,5.593140826129258,5.396431820025905,5.764100227506338,0.0,-0.19670900610335362,0.17095940137707988,0.0,0.19670900610335362,0.0,34.510550189225945
gen=36_member=6150_pso,1.0,0.9,1.1,0.12,0.108,0.132,0.0,0.13938627758584743,0.11977245097572853,0.0,0.13938627758584765,0.11977245097572808,0.12,0.12,0.12,1.715362470532215,1.8547487481180625,1.5955900195564865,0.0,0.13938627758584743,-0.11977245097572853,108.12280014900254,108.12280014900254,108.12280014900254,1.0,0.9,1.1,0.12,0.108,0.132,29.51027094900253,29.51027094900253,29.51027094900253,6.884637529467785,6.745251251881937,7.004409980443513,0.0,-0.13938627758584765,0.11977245097572808,0.0,0.13938627758584765,0.0,29.51027094900253
gen=36_member=6188_pso,1.0,0.9,1.1,0.12,0.108,0.132,0.0,0.1196416383080916,0.10353199752480235,0.0,0.11964163830809138,0.10353199752480258,0.12,0.12,0.12,1.342270068175498,1.4619117064835896,1.2387380706506956,0.0,0.1196416383080916,-0.10353199752480235,105.15756622240777,105.15756622240777,105.15756622240777,1.0,0.9,1.1,0.12,0.108,0.132,26.54503702240775,26.54503702240775,26.54503702240775,7.257729931824501,7.13808829351641,7.361261929349304,0.0,-0.11964163830809138,0.10353199752480258,0.0,0.11964163830809138,0.0,26.54503702240775
gen=37_member=6202_pso,1.0,0.9,1.1,0.12,0.108,0.132,0.0,0.14302995312256495,0.12288589656360327,0.0,0.14302995312256517,0.12288589656360305,0.12,0.12,0.12,1.7876984758523486,1.9307284289749136,1.6648125792887454,0.0,0.14302995312256495,-0.12288589656360327,108.37810174860932,108.37810174860932,108.37810174860932,1.0,0.9,1.1,0.12,0.108,0.132,29.765572548609317,29.765572548609317,29.765572548609317,6.812301524147651,6.669271571025086,6.935187420711254,0.0,-0.14302995312256517,0.12288589656360305,0.0,0.14302995312256517,0.0,29.765572548609317
gen=37_member=6211_pso,1.0,0.9,1.1,0.12,0.108,0.132,0.0,0.09723883935293864,0.08321262900208481,0.0,0.0972388393529382,0.08321262900208559,0.12,0.12,0.12,1.0136914070123024,1.110930246365241,0.9304787780102176,0.0,0.09723883935293864,-0.08321262900208481,99.2689845080418,99.2689845080418,99.2689845080418,1.0,0.9,1.1,0.12,0.108,0.132,20.656455308041814,20.656455308041814,20.656455308041814,7.586308592987697,7.489069753634759,7.669521221989783,0.0,-0.0972388393529382,0.08321262900208559,0.0,0.0972388393529382,0.0,20.656455308041814
gen=37_member=6216_pso,1.0,0.9,1.1,0.12,0.108,0.132,0.0,0.20357052095136652,0.17689669438002387,0.0,0.20357052095136652,0.17689669438002387,0.12,0.12,0.12,3.1039998368234114,3.307570357774778,2.9271031424433875,0.0,0.20357052095136652,-0.17689669438002387,113.37364478406629,113.37364478406629,113.37364478406629,1.0,0.9,1.1,0.12,0.108,0.132,34.76111558406628,34.76111558406628,34.76111558406628,5.496000163176588,5.292429642225222,5.672896857556612,0.0,-0.20357052095136652,0.17689669438002387,0.0,0.20357052095136652,0.0,34.76111558406628
gen=37_member=6224_pso,1.0,0.9,1.1,0.12,0.108,0.132,0.0,0.21455846614031548,0.18742879742731544,0.0,0.21455846614031504,0.18742879742731589,0.12,0.12,0.12,3.326237167132866,3.5407956332731816,3.1388083697055507,0.0,0.21455846614031548,-0.18742879742731544,113.85687600969293,113.85687600969293,113.85687600969293,1.0,0.9,1.1,0.12,0.108,0.132,35.24434680969291,35.24434680969291,35.24434680969291,5.273762832867133,5.059204366726818,5.461191630294449,0.0,-0.21455846614031504,0.18742879742731589,0.0,0.21455846614031504,0.0,35.24434680969291
gen=37_member=6262_pso,1.0,0.9,1.1,0.12,0.108,0.132,0.0,0.11689470442513139,0.10076201937556806,0.0,0.11689470442513272,0.10076201937556739,0.12,0.12,0.12,1.2424981099154595,1.359392814340591,1.1417360905398914,0.0,0.11689470442513139,-0.10076201937556806,103.98532992707726,103.98532992707726,103.98532992707726,1.0,0.9,1.1,0.12,0.108,0.132,25.372800727077287,25.372800727077287,25.372800727077287,7.35750189008454,7.240607185659408,7.458263909460108,0.0,-0.11689470442513272,0.10076201937556739,0.0,0.11689470442513272,0.0,25.372800727077287
gen=37_member=6318_pso,1.0,0.9,1.1,0.12,0.108,0.132,0.0,0.22899004484962182,0.20065538711233533,0.0,0.2289900448496205,0.20065538711233621,0.12,0.12,0.12,3.8926304214774334,4.121620466327055,3.691975034365098,0.0,0.22899004484962182,-0.20065538711233533,114.9710331782122,114.9710331782122,114.9710331782122,1.0,0.9,1.1,0.12,0.108,0.132,36.35850397821222,36.35850397821222,36.35850397821222,4.707369578522565,4.478379533672944,4.908024965634901,0.0,-0.2289900448496205,0.20065538711233621,0.0,0.2289900448496205,0.0,36.35850397821222
gen=37_member=6347_pso,1.0,0.9,1.1,0.12,0.108,0.132,0.0,0.22057767460499056,0.1929848163258514,0.0,0.220577674604991,0.1929848163258523,0.12,0.12,0.12,3.5292051773858613,3.749782851990852,3.33622036106001,0.0,0.22057767460499056,-0.1929848163258514,114.275566896178,114.275566896178,114.275566896178,1.0,0.9,1.1,0.12,0.108,0.132,35.66303769617801,35.66303769617801,35.66303769617801,5.070794822614138,4.850217148009147,5.26377963893999,0.0,-0.220577674604991,0.1929848163258523,0.0,0.220577674604991,0.0,35.66303769617801
gen=37_member=6349_pso,1.0,0.9,1.1,0.12,0.108,0.132,0.0,0.18874524054623532,0.1635731014744657,0.0,0.18874524054623532,0.1635731014744657,0.12,0.12,0.12,2.7434690769353645,2.9322143174815998,2.5798959754608988,0.0,0.18874524054623532,-0.1635731014744657,112.47547177548492,112.47547177548492,112.47547177548492,1.0,0.9,1.1,0.12,0.108,0.132,33.862942575484915,33.862942575484915,33.862942575484915,5.856530923064636,5.6677856825184,6.020104024539101,0.0,-0.18874524054623532,0.1635731014744657,0.0,0.18874524054623532,0.0,33.862942575484915
gen=37_member=6357_pso,1.0,0.9,1.1,0.12,0.108,0.132,0.0,0.17192158891148734,0.148322812095679,0.0,0.1719215889114869,0.148322812095679,0.12,0.12,0.12,2.388702197214058,2.560623786125545,2.240379385118379,0.0,0.17192158891148734,-0.148322812095679,111.23825780768374,111.23825780768374,111.23825780768374,1.0,0.9,1.1,0.12,0.108,0.132,32.62572860768373,32.62572860768373,32.62572860768373,6.211297802785942,6.039376213874455,6.359620614881621,0.0,-0.1719215889114869,0.148322812095679,0.0,0.1719215889114869,0.0,32.62572860768373
gen=37_member=6360_pso,1.0,0.9,1.1,0.12,0.108,0.132,0.0,0.13051606558372253,0.11224775396938069,0.0,0.13051606558372253,0.11224775396938114,0.12,0.12,0.12,1.5119307530994452,1.6424468186831678,1.3996829991300646,0.0,0.13051606558372253,-0.11224775396938069,106.668542999679,106.668542999679,106.668542999679,1.0,0.9,1.1,0.12,0.108,0.132,28.056013799679008,28.056013799679008,28.056013799679008,7.088069246900554,6.957553181316832,7.200317000869935,0.0,-0.13051606558372253,0.11224775396938114,0.0,0.13051606558372253,0.0,28.056013799679008
gen=38_member=6398_pso,1.0,0.9,1.1,0.12,0.108,0.132,0.0,0.21172837559233582,0.1847539408205603,0.0,0.21172837559233582,0.18475394082055896,0.12,0.12,0.12,3.254489893288976,3.466218268881312,3.069735952468416,0.0,0.21172837559233582,-0.1847539408205603,113.70994893001884,113.70994893001884,113.70994893001884,1.0,0.9,1.1,0.12,0.108,0.132,35.09741973001883,35.09741973001883,35.09741973001883,5.345510106711024,5.133781731118688,5.530264047531583,0.0,-0.21172837559233582,0.18475394082055896,0.0,0.21172837559233582,0.0,35.09741973001883
gen=38_member=6402_pso,1.0,0.9,1.1,0.12,0.108,0.132,0.0,0.14874991820061867,0.12800120882889665,0.0,0.1487499182006191,0.12800120882889665,0.12,0.12,0.12,1.8927029265017543,2.041452844702373,1.7647017176728577,0.0,0.14874991820061867,-0.12800120882889665,109.12438934513364,109.12438934513364,109.12438934513364,1.0,0.9,1.1,0.12,0.108,0.132,30.51186014513365,30.51186014513365,30.51186014513365,6.707297073498245,6.558547155297626,6.835298282327142,0.0,-0.1487499182006191,0.12800120882889665,0.0,0.1487499182006191,0.0,30.51186014513365
gen=38_member=6409_pso,1.0,0.9,1.1,0.12,0.108,0.132,0.0,0.220813221917326,0.19316381217006828,0.0,0.220813221917326,0.19316381217006828,0.12,0.12,0.12,3.4853415920391573,3.7061548139564833,3.292177779869089,0.0,0.220813221917326,-0.19316381217006828,114.17118474774956,114.17118474774956,114.17118474774956,1.0,0.9,1.1,0.12,0.108,0.132,35.558655547749574,35.558655547749574,35.558655547749574,5.114658407960842,4.893845186043516,5.307822220130911,0.0,-0.220813221917326,0.19316381217006828,0.0,0.220813221917326,0.0,35.558655547749574
gen=38_member=6418_pso,1.0,0.9,1.1,0.12,0.108,0.132,0.0,0.19515902080904457,0.16962538706471575,0.0,0.19515902080904368,0.16962538706471708,0.12,0.12,0.12,2.978329086001256,3.1734881068103005,2.80870369893654,0.0,0.19515902080904457,-0.16962538706471575,113.05553951817495,113.05553951817495,113.05553951817495,1.0,0.9,1.1,0.12,0.108,0.132,34.44301031817496,34.44301031817496,34.44301031817496,5.621670913998743,5.4265118931897,5.79129630106346,0.0,-0.19515902080904368,0.16962538706471708,0.0,0.19515902080904368,0.0,34.44301031817496
gen=38_member=6443_pso,1.0,0.9,1.1,0.12,0.108,0.132,0.0,0.1603380612016898,0.13786381799200376,0.0,0.16033806120168936,0.1378638179920042,0.12,0.12,0.12,2.1474636576256336,2.3078017188273234,2.00959983963363,0.0,0.1603380612016898,-0.13786381799200376,110.28368390758054,110.28368390758054,110.28368390758054,1.0,0.9,1.1,0.12,0.108,0.132,31.67115470758055,31.67115470758055,31.67115470758055,6.452536342374366,6.292198281172676,6.59040016036637,0.0,-0.16033806120168936,0.1378638179920042,0.0,0.16033806120168936,0.0,31.67115470758055
gen=38_member=6459_pso,1.0,0.9,1.1,0.12,0.108,0.132,0.0,0.2342969569975084,0.20535859369283616,0.0,0.2342969569975093,0.2053585936928357,0.12,0.12,0.12,4.079081097759876,4.313378054757385,3.87372250406704,0.0,0.2342969569975084,-0.20535859369283616,115.34843912805044,115.34843912805044,115.34843912805044,1.0,0.9,1.1,0.12,0.108,0.132,36.73590992805043,36.73590992805043,36.73590992805043,4.520918902240124,4.286621945242615,4.72627749593296,0.0,-0.2342969569975093,0.2053585936928357,0.0,0.2342969569975093,0.0,36.73590992805043
gen=38_member=6465_pso,1.0,0.9,1.1,0.12,0.108,0.132,0.0,0.2210298558099293,0.19345706091920434,0.0,0.2210298558099293,0.19345706091920434,0.12,0.12,0.12,3.497111324050283,3.718141179860212,3.3036542631310786,0.0,0.2210298558099293,-0.19345706091920434,114.19736672237572,114.19736672237572,114.19736672237572,1.0,0.9,1.1,0.12,0.108,0.132,35.58483752237572,35.58483752237572,35.58483752237572,5.102888675949717,4.8818588201397874,5.296345736868921,0.0,-0.2210298558099293,0.19345706091920434,0.0,0.2210298558099293,0.0,35.58483752237572
gen=38_member=6471_pso,1.0,0.9,1.1,0.12,0.108,0.132,0.0,0.2114087605536863,0.18451416959627576,0.0,0.2114087605536863,0.18451416959627487,0.12,0.12,0.12,3.2442631362861047,3.455671896839791,3.059748966689829,0.0,0.2114087605536863,-0.18451416959627576,113.67302242067706,113.67302242067706,113.67302242067706,1.0,0.9,1.1,0.12,0.108,0.132,35.06049322067706,35.06049322067706,35.06049322067706,5.355736863713895,5.144328103160209,5.54025103331017,0.0,-0.2114087605536863,0.18451416959627487,0.0,0.2114087605536863,0.0,35.06049322067706
gen=38_member=6478_pso,1.0,0.9,1.1,0.12,0.108,0.132,0.0,0.21560595706986296,0.18844219549023222,0.0,0.2156059570698634,0.18844219549023222,0.12,0.12,0.12,3.3537617018742854,3.5693676589441483,3.165319506384053,0.0,0.21560595706986296,-0.18844219549023222,113.8911082639333,113.8911082639333,113.8911082639333,1.0,0.9,1.1,0.12,0.108,0.132,35.27857906393331,35.27857906393331,35.27857906393331,5.246238298125714,5.030632341055851,5.4346804936159465,0.0,-0.2156059570698634,0.18844219549023222,0.0,0.2156059570698634,0.0,35.27857906393331
gen=38_member=6480_pso,1.0,0.9,1.1,0.12,0.108,0.132,0.0,0.15902786806968816,0.13669181492569682,0.0,0.15902786806968816,0.13669181492569749,0.12,0.12,0.12,2.0744810502582167,2.233508918327905,1.93778923533252,0.0,0.15902786806968816,-0.13669181492569682,110.01966226593586,110.01966226593586,110.01966226593586,1.0,0.9,1.1,0.12,0.108,0.132,31.40713306593588,31.40713306593588,31.40713306593588,6.525518949741783,6.366491081672095,6.66221076466748,0.0,-0.15902786806968816,0.13669181492569749,0.0,0.15902786806968816,0.0,31.40713306593588
gen=38_member=6490_pso,1.0,0.9,1.1,0.12,0.108,0.132,0.0,0.22457683408805496,0.19669384059091444,0.0,0.2245768340880554,0.196693840590914,0.12,0.12,0.12,3.732539123723969,3.957115957812024,3.5358452831330545,0.0,0.22457683408805496,-0.19669384059091444,114.68238722316136,114.68238722316136,114.68238722316136,1.0,0.9,1.1,0.12,0.108,0.132,36.06985802316135,36.06985802316135,36.06985802316135,4.867460876276031,4.642884042187975,5.064154716866945,0.0,-0.2245768340880554,0.196693840590914,0.0,0.2245768340880554,0.0,36.06985802316135
gen=38_member=6501_pso,1.0,0.9,1.1,0.12,0.108,0.132,0.0,0.16805616456095418,0.1449088694700933,0.0,0.16805616456095418,0.1449088694700933,0.12,0.12,0.12,2.3204104251195217,2.488466589680476,2.1755015556494284,0.0,0.16805616456095418,-0.1449088694700933,111.00887873068277,111.00887873068277,111.00887873068277,1.0,0.9,1.1,0.12,0.108,0.132,32.396349530682755,32.396349530682755,32.396349530682755,6.279589574880478,6.111533410319524,6.424498444350571,0.0,-0.16805616456095418,0.1449088694700933,0.0,0.16805616456095418,0.0,32.396349530682755
gen=38_member=6507_pso,1.0,0.9,1.1,0.12,0.108,0.132,0.0,0.2273876701263764,0.19919038417411805,0.0,0.22738767012637595,0.19919038417411805,0.12,0.12,0.12,3.826857056498032,4.054244726624408,3.627666672323914,0.0,0.2273876701263764,-0.19919038417411805,114.855601485058,114.855601485058,114.855601485058,1.0,0.9,1.1,0.12,0.108,0.132,36.243072285057984,36.243072285057984,36.243072285057984,4.773142943501968,4.545755273375592,4.972333327676086,0.0,-0.22738767012637595,0.19919038417411805,0.0,0.22738767012637595,0.0,36.243072285057984
gen=38_member=6529_pso,1.0,0.9,1.1,0.12,0.108,0.132,0.0,0.19887856538380477,0.17279858348290444,0.0,0.19887856538380522,0.172798583482904,0.12,0.12,0.12,3.041111755454159,3.239990320837964,2.8683131719712547,0.0,0.19887856538380477,-0.17279858348290444,113.22356531381855,113.22356531381855,113.22356531381855,1.0,0.9,1.1,0.12,0.108,0.132,34.611036113818564,34.611036113818564,34.611036113818564,5.558888244545841,5.360009679162036,5.731686828028745,0.0,-0.19887856538380522,0.172798583482904,0.0,0.19887856538380522,0.0,34.611036113818564
gen=39_member=6554_pso,1.0,0.9,1.1,0.12,0.108,0.132,0.0,0.10839758803569266,0.09300132507309189,0.0,0.1083975880356931,0.09300132507309122,0.12,0.12,0.12,1.0759853155948564,1.184382903630549,0.9829839905217646,0.0,0.10839758803569266,-0.09300132507309189,101.52746395179726,101.52746395179726,101.52746395179726,1.0,0.9,1.1,0.12,0.108,0.132,22.91493475179726,22.91493475179726,22.91493475179726,7.524014684405143,7.41561709636945,7.617016009478235,0.0,-0.1083975880356931,0.09300132507309122,0.0,0.1083975880356931,0.0,22.91493475179726
gen=39_member=6557_pso,1.0,0.9,1.1,0.12,0.108,0.132,0.0,0.1530741853422002,0.1317877442020341,0.0,0.1530741853422004,0.13178774420203432,0.12,0.12,0.12,1.9835249724970192,2.1365991578392194,1.851737228294985,0.0,0.1530741853422002,-0.1317877442020341,109.56443357561837,109.56443357561837,109.56443357561837,1.0,0.9,1.1,0.12,0.108,0.132,30.95190437561837,30.95190437561837,30.95190437561837,6.616475027502981,6.46340084216078,6.748262771705015,0.0,-0.1530741853422004,0.13178774420203432,0.0,0.1530741853422004,0.0,30.95190437561837
gen=39_member=6576_pso,1.0,0.9,1.1,0.12,0.108,0.132,0.0,0.1134094600646729,0.09782365554161654,0.0,0.11340946006467245,0.09782365554161654,0.12,0.12,0.12,1.2106413178735036,1.3240507779381765,1.112817662331887,0.0,0.1134094600646729,-0.09782365554161654,103.18932343226628,103.18932343226628,103.18932343226628,1.0,0.9,1.1,0.12,0.108,0.132,24.57679423226629,24.57679423226629,24.57679423226629,7.389358682126496,7.275949222061824,7.487182337668113,0.0,-0.11340946006467245,0.09782365554161654,0.0,0.11340946006467245,0.0,24.57679423226629
gen=39_member=6585_pso,1.0,0.9,1.1,0.12,0.108,0.132,0.0,0.20336353760119907,0.17672913796038614,0.0,0.20336353760119952,0.17672913796038525,0.12,0.12,0.12,3.109000659648074,3.312364197249273,2.932271521687688,0.0,0.20336353760119907,-0.17672913796038614,113.3954509805686,113.3954509805686,113.3954509805686,1.0,0.9,1.1,0.12,0.108,0.132,34.78292178056862,34.78292178056862,34.78292178056862,5.490999340351926,5.287635802750726,5.667728478312311,0.0,-0.20336353760119952,0.17672913796038525,0.0,0.20336353760119952,0.0,34.78292178056862
gen=39_member=6590_pso,1.0,0.9,1.1,0.12,0.108,0.132,0.0,0.23481508621691294,0.20593244274256595,0.0,0.23481508621691294,0.20593244274256595,0.12,0.12,0.12,4.091206726931732,4.326021813148645,3.8852742841891663,0.0,0.23481508621691294,-0.20593244274256595,115.3489293556876,115.3489293556876,115.3489293556876,1.0,0.9,1.1,0.12,0.108,0.132,36.73640015568762,36.73640015568762,36.73640015568762,4.508793273068267,4.273978186851354,4.714725715810833,0.0,-0.23481508621691294,0.20593244274256595,0.0,0.23481508621691294,0.0,36.73640015568762
gen=39_member=6611_pso,1.0,0.9,1.1,0.12,0.108,0.132,0.0,0.22287857934278898,0.19515026815134817,0.0,0.22287857934279032,0.19515026815134817,0.12,0.12,0.12,3.663118269814579,3.885996849157368,3.467968001663231,0.0,0.22287857934278898,-0.19515026815134817,114.5087620636539,114.5087620636539,114.5087620636539,1.0,0.9,1.1,0.12,0.108,0.132,35.89623286365389,35.89623286365389,35.89623286365389,4.936881730185421,4.714003150842631,5.132031998336769,0.0,-0.22287857934279032,0.19515026815134817,0.0,0.22287857934279032,0.0,35.89623286365389
gen=39_member=6630_pso,1.0,0.9,1.1,0.12,0.108,0.132,0.0,0.16535688754063083,0.14230516895909773,0.0,0.16535688754063127,0.14230516895909684,0.12,0.12,0.12,2.280231493565503,2.4455883811061336,2.137926324606405,0.0,0.16535688754063083,-0.14230516895909773,110.89920915166454,110.89920915166454,110.89920915166454,1.0,0.9,1.1,0.12,0.108,0.132,32.28667995166453,32.28667995166453,32.28667995166453,6.319768506434497,6.154411618893866,6.462073675393594,0.0,-0.16535688754063127,0.14230516895909684,0.0,0.16535688754063127,0.0,32.28667995166453
gen=39_member=6634_pso,1.0,0.9,1.1,0.12,0.108,0.132,0.0,0.24556012905630364,0.21622343175226977,0.0,0.2455601290563041,0.21622343175226888,0.12,0.12,0.12,4.379201393789328,4.624761522845632,4.162977962037059,0.0,0.24556012905630364,-0.21622343175226977,115.8590991520767,115.8590991520767,115.8590991520767,1.0,0.9,1.1,0.12,0.108,0.132,37.24656995207669,37.24656995207669,37.24656995207669,4.220798606210672,3.975238477154368,4.437022037962941,0.0,-0.2455601290563041,0.21622343175226888,0.0,0.2455601290563041,0.0,37.24656995207669
gen=39_member=6668_pso,1.0,0.9,1.1,0.12,0.108,0.132,0.0,0.18923966937621373,0.16406185077839242,0.0,0.18923966937621373,0.16406185077839286,0.12,0.12,0.12,2.7709912319006165,2.96023090127683,2.606929381122224,0.0,0.18923966937621373,-0.16406185077839242,112.545560046741,112.545560046741,112.545560046741,1.0,0.9,1.1,0.12,0.108,0.132,33.933030846740984,33.933030846740984,33.933030846740984,5.829008768099383,5.6397690987231694,5.993070618877776,0.0,-0.18923966937621373,0.16406185077839286,0.0,0.18923966937621373,0.0,33.933030846740984
gen=39_member=6670_pso,1.0,0.9,1.1,0.12,0.108,0.132,0.0,0.1681631539096431,0.14493226601186437,0.0,0.16816315390964398,0.14493226601186393,0.12,0.12,0.12,2.331366553624733,2.4995297075343763,2.186434287612869,0.0,0.1681631539096431,-0.14493226601186437,111.04830432726642,111.04830432726642,111.04830432726642,1.0,0.9,1.1,0.12,0.108,0.132,32.43577512726643,32.43577512726643,32.43577512726643,6.268633446375267,6.100470292465623,6.413565712387131,0.0,-0.16816315390964398,0.14493226601186393,0.0,0.16816315390964398,0.0,32.43577512726643
gen=39_member=6689_pso,1.0,0.9,1.1,0.12,0.108,0.132,0.0,0.13740124410754007,0.11797279096852509,0.0,0.13740124410754007,0.11797279096852531,0.12,0.12,0.12,1.6787094998114656,1.8161107439190056,1.5607367088429405,0.0,0.13740124410754007,-0.11797279096852509,108.02894738583844,108.02894738583844,108.02894738583844,1.0,0.9,1.1,0.12,0.108,0.132,29.416418185838467,29.416418185838467,29.416418185838467,6.921290500188534,6.783889256080994,7.039263291157059,0.0,-0.13740124410754007,0.11797279096852531,0.0,0.13740124410754007,0.0,29.416418185838467
gen=39_member=6698_pso,1.0,0.9,1.1,0.12,0.108,0.132,0.0,0.18351478480702887,0.15888148578081296,0.0,0.18351478480702887,0.15888148578081385,0.12,0.12,0.12,2.6497013934446474,2.8332161782516763,2.4908199076638344,0.0,0.18351478480702887,-0.15888148578081296,112.13268017310553,112.13268017310553,112.13268017310553,1.0,0.9,1.1,0.12,0.108,0.132,33.52015097310551,33.52015097310551,33.52015097310551,5.950298606555352,5.766783821748323,6.109180092336166,0.0,-0.18351478480702887,0.15888148578081385,0.0,0.18351478480702887,0.0,33.52015097310551
gen=40_member=6722_pso,1.0,0.9,1.1,0.12,0.108,0.132,0.0,0.13643722238184464,0.11701769376641158,0.0,0.13643722238184441,0.11701769376641202,0.12,0.12,0.12,1.6556098007990303,1.792047023180875,1.5385921070326187,0.0,0.13643722238184464,-0.11701769376641158,107.81913751876654,107.81913751876654,107.81913751876654,1.0,0.9,1.1,0.12,0.108,0.132,29.206608318766545,29.206608318766545,29.206608318766545,6.944390199200969,6.8079529768191245,7.061407892967381,0.0,-0.13643722238184441,0.11701769376641202,0.0,0.13643722238184441,0.0,29.206608318766545
gen=40_member=6726_pso,1.0,0.9,1.1,0.12,0.108,0.132,0.0,0.15616357975755824,0.13441514244169928,0.0,0.1561635797575578,0.13441514244169905,0.12,0.12,0.12,2.037067297747835,2.193230877505393,1.9026521553061355,0.0,0.15616357975755824,-0.13441514244169928,109.85504674963984,109.85504674963984,109.85504674963984,1.0,0.9,1.1,0.12,0.108,0.132,31.242517549639818,31.242517549639818,31.242517549639818,6.562932702252165,6.406769122494607,6.697347844693864,0.0,-0.1561635797575578,0.13441514244169905,0.0,0.1561635797575578,0.0,31.242517549639818
gen=40_member=6749_pso,1.0,0.9,1.1,0.12,0.108,0.132,0.0,0.1641049023576775,0.14114062595638144,0.0,0.16410490235767572,0.14114062595638188,0.12,0.12,0.12,2.226329000439628,2.3904339027973056,2.0851883744832467,0.0,0.1641049023576775,-0.14114062595638144,110.64635165921868,110.64635165921868,110.64635165921868,1.0,0.9,1.1,0.12,0.108,0.132,32.03382245921868,32.03382245921868,32.03382245921868,6.373670999560371,6.209566097202695,6.514811625516753,0.0,-0.16410490235767572,0.14114062595638188,0.0,0.16410490235767572,0.0,32.03382245921868
gen=40_member=6768_pso,1.0,0.9,1.1,0.12,0.108,0.132,0.0,0.23618491139179643,0.2073309984156979,0.0,0.23618491139179643,0.20733099841569835,0.12,0.12,0.12,4.063568704514503,4.299753615906299,3.856237706098805,0.0,0.23618491139179643,-0.2073309984156979,115.26555131816362,115.26555131816362,115.26555131816362,1.0,0.9,1.1,0.12,0.108,0.132,36.65302211816361,36.65302211816361,36.65302211816361,4.536431295485497,4.3002463840937,4.743762293901195,0.0,-0.23618491139179643,0.20733099841569835,0.0,0.23618491139179643,0.0,36.65302211816361
gen=40_member=6783_pso,1.0,0.9,1.1,0.12,0.108,0.132,0.0,0.20156481622668965,0.1752547761245924,0.0,0.2015648162266892,0.17525477612459284,0.12,0.12,0.12,2.929833439615535,3.1313982558422246,2.7545786634909426,0.0,0.20156481622668965,-0.1752547761245924,112.90048008667765,112.90048008667765,112.90048008667765,1.0,0.9,1.1,0.12,0.108,0.132,34.28795088667764,34.28795088667764,34.28795088667764,5.670166560384464,5.468601744157775,5.845421336509057,0.0,-0.2015648162266892,0.17525477612459284,0.0,0.2015648162266892,0.0,34.28795088667764
gen=40_member=6799_pso,1.0,0.9,1.1,0.12,0.108,0.132,0.0,0.20880036436748783,0.18198296285222426,0.0,0.2088003643674874,0.18198296285222426,0.12,0.12,0.12,3.189877173659776,3.398677538027264,3.0078942108075517,0.0,0.20880036436748783,-0.18198296285222426,113.56528113094296,113.56528113094296,113.56528113094296,1.0,0.9,1.1,0.12,0.108,0.132,34.952751930942966,34.952751930942966,34.952751930942966,5.410122826340224,5.201322461972737,5.592105789192448,0.0,-0.2088003643674874,0.18198296285222426,0.0,0.2088003643674874,0.0,34.952751930942966
gen=40_member=6803_pso,1.0,0.9,1.1,0.12,0.108,0.132,0.0,0.1871648662528047,0.16222175963976282,0.0,0.1871648662528056,0.16222175963976326,0.12,0.12,0.12,2.723594315576165,2.9107591818289698,2.5613725559364022,0.0,0.1871648662528047,-0.16222175963976282,112.43485021280124,112.43485021280124,112.43485021280124,1.0,0.9,1.1,0.12,0.108,0.132,33.822321012801254,33.822321012801254,33.822321012801254,5.876405684423834,5.689240818171029,6.038627444063597,0.0,-0.1871648662528056,0.16222175963976326,0.0,0.1871648662528056,0.0,33.822321012801254
gen=40_member=6804_pso,1.0,0.9,1.1,0.12,0.108,0.132,0.0,0.19675003489760456,0.1710230044266141,0.0,0.19675003489760456,0.17102300442661456,0.12,0.12,0.12,3.016870007405461,3.2136200423030656,2.845847002978847,0.0,0.19675003489760456,-0.1710230044266141,113.14150899164382,113.14150899164382,113.14150899164382,1.0,0.9,1.1,0.12,0.108,0.132,34.528979791643806,34.528979791643806,34.528979791643806,5.583129992594539,5.386379957696934,5.754152997021153,0.0,-0.19675003489760456,0.17102300442661456,0.0,0.19675003489760456,0.0,34.528979791643806
gen=40_member=6838_pso,1.0,0.9,1.1,0.12,0.108,0.132,0.0,0.12400860947426717,0.10744508612694936,0.0,0.1240086094742665,0.10744508612694936,0.12,0.12,0.12,1.4201768569284965,1.5441854664027637,1.3127317708015471,0.0,0.12400860947426717,-0.10744508612694936,106.15638505819388,106.15638505819388,106.15638505819388,1.0,0.9,1.1,0.12,0.108,0.132,27.54385585819388,27.54385585819388,27.54385585819388,7.179823143071503,7.055814533597236,7.287268229198452,0.0,-0.1240086094742665,0.10744508612694936,0.0,0.1240086094742665,0.0,27.54385585819388
gen=40_member=6846_pso,1.0,0.9,1.1,0.12,0.108,0.132,0.0,0.17771095430628403,0.15340968476847916,0.0,0.17771095430628403,0.15340968476847916,0.12,0.12,0.12,2.5121954424954005,2.6899063968016845,2.3587857577269213,0.0,0.17771095430628403,-0.15340968476847916,111.68863549167888,111.68863549167888,111.68863549167888,1.0,0.9,1.1,0.12,0.108,0.132,33.07610629167887,33.07610629167887,33.07610629167887,6.087804557504599,5.910093603198315,6.241214242273078,0.0,-0.17771095430628403,0.15340968476847916,0.0,0.17771095430628403,0.0,33.07610629167887
gen=40_member=6879_pso,1.0,0.9,1.1,0.12,0.108,0.132,0.0,0.2203685558146411,0.1927681124582259,0.0,0.2203685558146411,0.192768112458225,0.12,0.12,0.12,3.475950463907369,3.69631901972201,3.283182351449143,0.0,0.2203685558146411,-0.1927681124582259,114.13800724840836,114.13800724840836,114.13800724840836,1.0,0.9,1.1,0.12,0.108,0.132,35.52547804840835,35.52547804840835,35.52547804840835,5.124049536092631,4.90368098027799,5.316817648550856,0.0,-0.2203685558146411,0.192768112458225,0.0,0.2203685558146411,0.0,35.52547804840835
gen=41_member=6885_pso,1.0,0.9,1.1,0.12,0.108,0.132,0.0,0.08291454626936778,0.07066887260013954,0.0,0.08291454626936812,0.07066887260013921,0.12,0.12,0.12,0.8285654379401006,0.9114799842094684,0.7578965653399611,0.0,0.08291454626936778,-0.07066887260013954,95.56067291857778,95.56067291857778,95.56067291857778,1.0,0.9,1.1,0.12,0.108,0.132,16.94814371857778,16.94814371857778,16.94814371857778,7.771434562059899,7.688520015790531,7.8421034346600385,0.0,-0.08291454626936812,0.07066887260013921,0.0,0.08291454626936812,0.0,16.94814371857778
gen=41_member=6889_pso,1.0,0.9,1.1,0.12,0.108,0.132,0.0,0.12392459452869642,0.10741780851412575,0.0,0.1239245945286962,0.10741780851412575,0.12,0.12,0.12,1.4106019754541828,1.5345265699828792,1.303184166940057,0.0,0.12392459452869642,-0.10741780851412575,105.9968498084548,105.9968498084548,105.9968498084548,1.0,0.9,1.1,0.12,0.108,0.132,27.38432060845482,27.38432060845482,27.38432060845482,7.189398024545817,7.0654734300171205,7.296815833059942,0.0,-0.1239245945286962,0.10741780851412575,0.0,0.1239245945286962,0.0,27.38432060845482
gen=41_member=6892_pso,1.0,0.9,1.1,0.12,0.108,0.132,0.0,0.14325536207208578,0.12312093195751794,0.0,0.143255362072086,0.1231209319575175,0.12,0.12,0.12,1.7932215884321627,1.9364769505042485,1.6701006564746448,0.0,0.14325536207208578,-0.12312093195751794,108.37838650134148,108.37838650134148,108.37838650134148,1.0,0.9,1.1,0.12,0.108,0.132,29.76585730134148,29.76585730134148,29.76585730134148,6.806778411567837,6.663523049495751,6.929899343525355,0.0,-0.143255362072086,0.1231209319575175,0.0,0.143255362072086,0.0,29.76585730134148
gen=41_member=6898_pso,1.0,0.9,1.1,0.12,0.108,0.132,0.0,0.16007790471493566,0.13759299624607335,0.0,0.16007790471493522,0.1375929962460738,0.12,0.12,0.12,2.119335855423188,2.2794137601381235,1.9817428591771145,0.0,0.16007790471493566,-0.13759299624607335,110.10197706316218,110.10197706316218,110.10197706316218,1.0,0.9,1.1,0.12,0.108,0.132,31.489447863162184,31.489447863162184,31.489447863162184,6.480664144576812,6.320586239861877,6.618257140822886,0.0,-0.16007790471493522,0.1375929962460738,0.0,0.16007790471493522,0.0,31.489447863162184
gen=41_member=6902_pso,1.0,0.9,1.1,0.12,0.108,0.132,0.0,0.1403002867625167,0.12045522799187136,0.0,0.1403002867625167,0.12045522799187136,0.12,0.12,0.12,1.7297505883192237,1.8700508750817404,1.6092953603273523,0.0,0.1403002867625167,-0.12045522799187136,108.24088266537892,108.24088266537892,108.24088266537892,1.0,0.9,1.1,0.12,0.108,0.132,29.628353465378915,29.628353465378915,29.628353465378915,6.870249411680776,6.729949124918259,6.990704639672647,0.0,-0.1403002867625167,0.12045522799187136,0.0,0.1403002867625167,0.0,29.628353465378915
gen=41_member=6917_pso,1.0,0.9,1.1,0.12,0.108,0.132,0.0,0.15053521400650882,0.12958632500269274,0.0,0.15053521400650816,0.12958632500269296,0.12,0.12,0.12,1.9344802970633983,2.085015511069907,1.8048939720607056,0.0,0.15053521400650882,-0.12958632500269274,109.3151985264571,109.3151985264571,109.3151985264571,1.0,0.9,1.1,0.12,0.108,0.132,30.7026693264571,30.7026693264571,30.7026693264571,6.665519702936601,6.514984488930093,6.795106027939294,0.0,-0.15053521400650816,0.12958632500269296,0.0,0.15053521400650816,0.0,30.7026693264571
gen=41_member=6922_pso,1.0,0.9,1.1,0.12,0.108,0.132,0.0,0.16401158490052525,0.14110201619145935,0.0,0.1640115849005257,0.1411020161914589,0.12,0.12,0.12,2.248210831838707,2.4122224167392323,2.1071088156472477,0.0,0.16401158490052525,-0.14110201619145935,110.72845000418332,110.72845000418332,110.72845000418332,1.0,0.9,1.1,0.12,0.108,0.132,32.11592080418332,32.11592080418332,32.11592080418332,6.351789168161293,6.187777583260767,6.492891184352752,0.0,-0.1640115849005257,0.1411020161914589,0.0,0.1640115849005257,0.0,32.11592080418332
gen=41_member=6946_pso,1.0,0.9,1.1,0.12,0.108,0.132,0.0,0.22096142532687812,0.19333234360896956,0.0,0.22096142532687768,0.19333234360896956,0.12,0.12,0.12,3.5442993418543915,3.7652607671812697,3.350966998245422,0.0,0.22096142532687812,-0.19333234360896956,114.29591459411984,114.29591459411984,114.29591459411984,1.0,0.9,1.1,0.12,0.108,0.132,35.683385394119824,35.683385394119824,35.683385394119824,5.055700658145608,4.83473923281873,5.249033001754578,0.0,-0.22096142532687768,0.19333234360896956,0.0,0.22096142532687768,0.0,35.683385394119824
gen=41_member=6951_pso,1.0,0.9,1.1,0.12,0.108,0.132,0.0,0.16015548975823934,0.13793909618147282,0.0,0.1601554897582398,0.13793909618147282,0.12,0.12,0.12,2.1661407021590344,2.3262961919172738,2.0282016059775616,0.0,0.16015548975823934,-0.13793909618147282,110.40080288898204,110.40080288898204,110.40080288898204,1.0,0.9,1.1,0.12,0.108,0.132,31.788273688982024,31.788273688982024,31.788273688982024,6.433859297840965,6.273703808082725,6.571798394022438,0.0,-0.1601554897582398,0.13793909618147282,0.0,0.1601554897582398,0.0,31.788273688982024
gen=41_member=6969_pso,1.0,0.9,1.1,0.12,0.108,0.132,0.0,0.19607968409570864,0.16967054486629385,0.0,0.19607968409571086,0.1696705448662934,0.12,0.12,0.12,2.817733638390992,3.0138133224867008,2.6480630935246983,0.0,0.19607968409570864,-0.16967054486629385,112.62661830075474,112.62661830075474,112.62661830075474,1.0,0.9,1.1,0.12,0.108,0.132,34.01408910075473,34.01408910075473,34.01408910075473,5.782266361609008,5.586186677513298,5.951936906475302,0.0,-0.19607968409571086,0.1696705448662934,0.0,0.19607968409571086,0.0,34.01408910075473
gen=41_member=6973_pso,1.0,0.9,1.1,0.12,0.108,0.132,0.0,0.21300228426157197,0.18599163306141708,0.0,0.21300228426157197,0.18599163306141708,0.12,0.12,0.12,3.283884959892168,3.49688724415374,3.097893326830751,0.0,0.21300228426157197,-0.18599163306141708,113.77200577236158,113.77200577236158,113.77200577236158,1.0,0.9,1.1,0.12,0.108,0.132,35.15947657236159,35.15947657236159,35.15947657236159,5.316115040107832,5.10311275584626,5.502106673169249,0.0,-0.21300228426157197,0.18599163306141708,0.0,0.21300228426157197,0.0,35.15947657236159
gen=41_member=6982_pso,1.0,0.9,1.1,0.12,0.108,0.132,0.0,0.228752081862158,0.20060203826455592,0.0,0.22875208186215712,0.2006020382645568,0.12,0.12,0.12,3.840282054968746,4.069034136830904,3.6396800167041903,0.0,0.228752081862158,-0.20060203826455592,114.8911979787334,114.8911979787334,114.8911979787334,1.0,0.9,1.1,0.12,0.108,0.132,36.278668778733376,36.278668778733376,36.278668778733376,4.759717945031253,4.530965863169095,4.960319983295809,0.0,-0.22875208186215712,0.2006020382645568,0.0,0.22875208186215712,0.0,36.278668778733376
gen=41_member=6986_pso,1.0,0.9,1.1,0.12,0.108,0.132,0.0,0.2227554243437373,0.19498820487402746,0.0,0.2227554243437373,0.19498820487402746,0.12,0.12,0.12,3.586730385344672,3.809485809688409,3.3917421804706445,0.0,0.2227554243437373,-0.19498820487402746,114.3801807549736,114.3801807549736,114.3801807549736,1.0,0.9,1.1,0.12,0.108,0.132,35.767651554973604,35.767651554973604,35.767651554973604,5.013269614655328,4.79051419031159,5.208257819529355,0.0,-0.2227554243437373,0.19498820487402746,0.0,0.2227554243437373,0.0,35.767651554973604
gen=41_member=6988_pso,1.0,0.9,1.1,0.12,0.108,0.132,0.0,0.1288726509665512,0.10970665188095641,0.0,0.1288726509665512,0.10970665188095641,0.12,0.12,0.12,1.4847806569614803,1.6136533079280315,1.375074005080524,0.0,0.1288726509665512,-0.10970665188095641,106.54762334788336,106.54762334788336,106.54762334788336,1.0,0.9,1.1,0.12,0.108,0.132,27.935094147883344,27.935094147883344,27.935094147883344,7.115219343038519,6.986346692071968,7.2249259949194755,0.0,-0.1288726509665512,0.10970665188095641,0.0,0.1288726509665512,0.0,27.935094147883344
gen=41_member=6991_pso,1.0,0.9,1.1,0.12,0.108,0.132,0.0,0.232171613332937,0.203548755959845,0.0,0.23217161333293745,0.20354875595984456,0.12,0.12,0.12,3.918116555580912,4.150288168913849,3.714567799621067,0.0,0.232171613332937,-0.203548755959845,115.00591052483358,115.00591052483358,115.00591052483358,1.0,0.9,1.1,0.12,0.108,0.132,36.393381324833584,36.393381324833584,36.393381324833584,4.681883444419088,4.449711831086151,4.885432200378933,0.0,-0.23217161333293745,0.20354875595984456,0.0,0.23217161333293745,0.0,36.393381324833584
gen=41_member=6992_pso,1.0,0.9,1.1,0.12,0.108,0.132,0.0,0.22212424777348216,0.19442717829903922,0.0,0.2221242477734826,0.19442717829903877,0.12,0.12,0.12,3.612529890918069,3.834654138691551,3.4181027126190298,0.0,0.22212424777348216,-0.19442717829903922,114.43792909519937,114.43792909519937,114.43792909519937,1.0,0.9,1.1,0.12,0.108,0.132,35.82539989519937,35.82539989519937,35.82539989519937,4.987470109081931,4.7653458613084485,5.18189728738097,0.0,-0.2221242477734826,0.19442717829903877,0.0,0.2221242477734826,0.0,35.82539989519937
gen=41_member=6995_pso,1.0,0.9,1.1,0.12,0.108,0.132,0.0,0.1764382831851541,0.15241114302853598,0.0,0.17643828318515453,0.15241114302853553,0.12,0.12,0.12,2.5082290688344937,2.684667352019648,2.3558179258059577,0.0,0.1764382831851541,-0.15241114302853598,111.6706367786316,111.6706367786316,111.6706367786316,1.0,0.9,1.1,0.12,0.108,0.132,33.05810757863159,33.05810757863159,33.05810757863159,6.091770931165506,5.915332647980351,6.2441820741940415,0.0,-0.17643828318515453,0.15241114302853553,0.0,0.17643828318515453,0.0,33.05810757863159
gen=41_member=7002_pso,1.0,0.9,1.1,0.12,0.108,0.132,0.0,0.157613920368616,0.13570612380413083,0.0,0.15761392036861643,0.13570612380413039,0.12,0.12,0.12,2.0932333142827297,2.2508472346513457,1.957527190478599,0.0,0.157613920368616,-0.13570612380413083,110.0685392647777,110.0685392647777,110.0685392647777,1.0,0.9,1.1,0.12,0.108,0.132,31.456010064777686,31.456010064777686,31.456010064777686,6.50676668571727,6.349152765348654,6.642472809521401,0.0,-0.15761392036861643,0.13570612380413039,0.0,0.15761392036861643,0.0,31.456010064777686
gen=42_member=7058_pso,1.0,0.9,1.1,0.12,0.108,0.132,0.0,0.08868852690872031,0.07554241650084093,0.0,0.08868852690872053,0.07554241650084137,0.12,0.12,0.12,0.8645822572117029,0.9532707841204232,0.789039840710862,0.0,0.08868852690872031,-0.07554241650084093,96.4376461762618,96.4376461762618,96.4376461762618,1.0,0.9,1.1,0.12,0.108,0.132,17.82511697626178,17.82511697626178,17.82511697626178,7.735417742788297,7.646729215879576,7.810960159289138,0.0,-0.08868852690872053,0.07554241650084137,0.0,0.08868852690872053,0.0,17.82511697626178
gen=42_member=7063_pso,1.0,0.9,1.1,0.12,0.108,0.132,0.0,0.17188456260508644,0.1482368667741074,0.0,0.17188456260508556,0.1482368667741074,0.12,0.12,0.12,2.4157795755081053,2.5876641381131917,2.267542708733998,0.0,0.17188456260508644,-0.1482368667741074,111.39250992785288,111.39250992785288,111.39250992785288,1.0,0.9,1.1,0.12,0.108,0.132,32.77998072785285,32.77998072785285,32.77998072785285,6.184220424491894,6.012335861886808,6.332457291266001,0.0,-0.17188456260508556,0.1482368667741074,0.0,0.17188456260508556,0.0,32.77998072785285
gen=42_member=7080_pso,1.0,0.9,1.1,0.12,0.108,0.132,0.0,0.2139973302901801,0.1869131742194292,0.0,0.2139973302901792,0.18691317421942966,0.12,0.12,0.12,3.312997349575764,3.526994679865944,3.126084175356335,0.0,0.2139973302901801,-0.1869131742194292,113.83072254968432,113.83072254968432,113.83072254968432,1.0,0.9,1.1,0.12,0.108,0.132,35.21819334968434,35.21819334968434,35.21819334968434,5.287002650424236,5.073005320134056,5.473915824643665,0.0,-0.2139973302901792,0.18691317421942966,0.0,0.2139973302901792,0.0,35.21819334968434
gen=42_member=7082_pso,1.0,0.9,1.1,0.12,0.108,0.132,0.0,0.18603824973776284,0.16122172027165327,0.0,0.18603824973776195,0.16122172027165416,0.12,0.12,0.12,2.698409503554718,2.884447753292481,2.537187783283065,0.0,0.18603824973776284,-0.16122172027165327,112.30994039093714,112.30994039093714,112.30994039093714,1.0,0.9,1.1,0.12,0.108,0.132,33.697411190937146,33.697411190937146,33.697411190937146,5.901590496445281,5.715552246707519,6.062812216716935,0.0,-0.18603824973776195,0.16122172027165416,0.0,0.18603824973776195,0.0,33.697411190937146
gen=42_member=7088_pso,1.0,0.9,1.1,0.12,0.108,0.132,0.0,0.2225295733613608,0.1948572600648708,0.0,0.22252957336135992,0.1948572600648708,0.12,0.12,0.12,3.603231967757983,3.825761541119344,3.4083747076931123,0.0,0.2225295733613608,-0.1948572600648708,114.40300068072273,114.40300068072273,114.40300068072273,1.0,0.9,1.1,0.12,0.108,0.132,35.79047148072272,35.79047148072272,35.79047148072272,4.9967680322420165,4.774238458880657,5.191625292306887,0.0,-0.22252957336135992,0.1948572600648708,0.0,0.22252957336135992,0.0,35.79047148072272
gen=42_member=7094_pso,1.0,0.9,1.1,0.12,0.108,0.132,0.0,0.17133515330378346,0.14776215865150988,0.0,0.1713351533037839,0.147762158651509,0.12,0.12,0.12,2.404624081507928,2.5759592348117115,2.256861922856418,0.0,0.17133515330378346,-0.14776215865150988,111.33649364274264,111.33649364274264,111.33649364274264,1.0,0.9,1.1,0.12,0.108,0.132,32.72396444274264,32.72396444274264,32.72396444274264,6.195375918492072,6.024040765188288,6.343138077143581,0.0,-0.1713351533037839,0.147762158651509,0.0,0.1713351533037839,0.0,32.72396444274264
gen=42_member=7104_pso,1.0,0.9,1.1,0.12,0.108,0.132,0.0,0.24475510328207495,0.21542977396558527,0.0,0.24475510328207495,0.21542977396558527,0.12,0.12,0.12,4.352276475860758,4.597031579142833,4.1368467018951725,0.0,0.24475510328207495,-0.21542977396558527,115.7430769391165,115.7430769391165,115.7430769391165,1.0,0.9,1.1,0.12,0.108,0.132,37.1305477391165,37.1305477391165,37.1305477391165,4.247723524139242,4.002968420857167,4.463153298104827,0.0,-0.24475510328207495,0.21542977396558527,0.0,0.24475510328207495,0.0,37.1305477391165
gen=42_member=7112_pso,1.0,0.9,1.1,0.12,0.108,0.132,0.0,0.14367018003373522,0.1235339077616251,0.0,0.14367018003373566,0.1235339077616242,0.12,0.12,0.12,1.8041382604731795,1.9478084405069147,1.6806043527115544,0.0,0.14367018003373522,-0.1235339077616251,108.56748146518542,108.56748146518542,108.56748146518542,1.0,0.9,1.1,0.12,0.108,0.132,29.954952265185444,29.954952265185444,29.954952265185444,6.795861739526821,6.652191559493085,6.919395647288445,0.0,-0.14367018003373566,0.1235339077616242,0.0,0.14367018003373566,0.0,29.954952265185444
gen=42_member=7123_pso,1.0,0.9,1.1,0.12,0.108,0.132,0.0,0.19414105839869755,0.1687435427788193,0.0,0.19414105839869755,0.1687435427788202,0.12,0.12,0.12,2.959639070757825,3.1537801291565226,2.7908955279790058,0.0,0.19414105839869755,-0.1687435427788193,113.00927431923942,113.00927431923942,113.00927431923942,1.0,0.9,1.1,0.12,0.108,0.132,34.396745119239434,34.396745119239434,34.396745119239434,5.640360929242174,5.446219870843477,5.809104472020994,0.0,-0.19414105839869755,0.1687435427788202,0.0,0.19414105839869755,0.0,34.396745119239434
gen=42_member=7127_pso,1.0,0.9,1.1,0.12,0.108,0.132,0.0,0.1792249075742034,0.15532285591018402,0.0,0.17922490757420384,0.15532285591018447,0.12,0.12,0.12,2.5609438201383607,2.740168727712564,2.4056209642281767,0.0,0.1792249075742034,-0.15532285591018402,111.79559784214636,111.79559784214636,111.79559784214636,1.0,0.9,1.1,0.12,0.108,0.132,33.183068642146345,33.183068642146345,33.183068642146345,6.039056179861639,5.859831272287435,6.194379035771823,0.0,-0.17922490757420384,0.15532285591018447,0.0,0.17922490757420384,0.0,33.183068642146345
gen=42_member=7137_pso,1.0,0.9,1.1,0.12,0.108,0.132,0.0,0.16212153151946085,0.13946523719015813,0.0,0.1621215315194604,0.13946523719015858,0.12,0.12,0.12,2.166508641055657,2.3286301725751177,2.0270434038654987,0.0,0.16212153151946085,-0.13946523719015813,110.41239930539568,110.41239930539568,110.41239930539568,1.0,0.9,1.1,0.12,0.108,0.132,31.799870105395676,31.799870105395676,31.799870105395676,6.433491358944343,6.271369827424882,6.572956596134501,0.0,-0.1621215315194604,0.13946523719015858,0.0,0.1621215315194604,0.0,31.799870105395676
gen=42_member=7145_pso,1.0,0.9,1.1,0.12,0.108,0.132,0.0,0.22934997451587957,0.20106030828158605,0.0,0.22934997451587957,0.20106030828158605,0.12,0.12,0.12,3.858871338058117,4.088221312573997,3.657811029776531,0.0,0.22934997451587957,-0.20106030828158605,114.9186731238561,114.9186731238561,114.9186731238561,1.0,0.9,1.1,0.12,0.108,0.132,36.30614392385608,36.30614392385608,36.30614392385608,4.741128661941882,4.511778687426003,4.9421889702234685,0.0,-0.22934997451587957,0.20106030828158605,0.0,0.22934997451587957,0.0,36.30614392385608
gen=42_member=7147_pso,1.0,0.9,1.1,0.12,0.108,0.132,0.0,0.2382345687128753,0.20942987177490435,0.0,0.2382345687128744,0.2094298717749039,0.12,0.12,0.12,4.125357521076862,4.363592089789737,3.9159276493019575,0.0,0.2382345687128753,-0.20942987177490435,115.39801146240043,115.39801146240043,115.39801146240043,1.0,0.9,1.1,0.12,0.108,0.132,36.78548226240043,36.78548226240043,36.78548226240043,4.474642478923138,4.236407910210263,4.684072350698042,0.0,-0.2382345687128744,0.2094298717749039,0.0,0.2382345687128744,0.0,36.78548226240043
gen=42_member=7150_pso,1.0,0.9,1.1,0.12,0.108,0.132,0.0,0.10440820079464941,0.08939007912879104,0.0,0.10440820079464963,0.0893900791287896,0.12,0.12,0.12,1.087248915729321,1.1916571165239704,0.99785883660053,0.0,0.10440820079464941,-0.08939007912879104,101.63087516653144,101.63087516653144,101.63087516653144,1.0,0.9,1.1,0.12,0.108,0.132,23.018345966531463,23.018345966531463,23.018345966531463,7.512751084270679,7.408342883476029,7.602141163399469,0.0,-0.10440820079464963,0.0893900791287896,0.0,0.10440820079464963,0.0,23.018345966531463
gen=42_member=7156_pso,1.0,0.9,1.1,0.12,0.108,0.132,0.0,0.15008634078632288,0.12904916541024236,0.0,0.15008634078632177,0.12904916541024303,0.12,0.12,0.12,1.9182267449739132,2.068313085760236,1.7891775795636709,0.0,0.15008634078632288,-0.12904916541024236,109.22303990830572,109.22303990830572,109.22303990830572,1.0,0.9,1.1,0.12,0.108,0.132,30.610510708305725,30.610510708305725,30.610510708305725,6.681773255026086,6.531686914239764,6.810822420436329,0.0,-0.15008634078632177,0.12904916541024303,0.0,0.15008634078632177,0.0,30.610510708305725
gen=42_member=7162_pso,1.0,0.9,1.1,0.12,0.108,0.132,0.0,0.19508448208083573,0.16908660969474187,0.0,0.19508448208083617,0.16908660969474187,0.12,0.12,0.12,2.9209899539452198,3.1160744360260555,2.751903344250478,0.0,0.19508448208083573,-0.16908660969474187,112.87822318356172,112.87822318356172,112.87822318356172,1.0,0.9,1.1,0.12,0.108,0.132,34.265693983561704,34.265693983561704,34.265693983561704,5.67901004605478,5.483925563973944,5.848096655749522,0.0,-0.19508448208083617,0.16908660969474187,0.0,0.19508448208083617,0.0,34.265693983561704
gen=42_member=7193_pso,1.0,0.9,1.1,0.12,0.108,0.132,0.0,0.18259636693954517,0.15812356819133644,0.0,0.18259636693954562,0.15812356819133644,0.12,0.12,0.12,2.6238571418490007,2.806453508788546,2.465733573657664,0.0,0.18259636693954517,-0.15812356819133644,112.05809410244684,112.05809410244684,112.05809410244684,1.0,0.9,1.1,0.12,0.108,0.132,33.44556490244684,33.44556490244684,33.44556490244684,5.976142858150999,5.793546491211454,6.134266426342336,0.0,-0.18259636693954562,0.15812356819133644,0.0,0.18259636693954562,0.0,33.44556490244684
gen=42_member=7200_pso,1.0,0.9,1.1,0.12,0.108,0.132,0.0,0.21661569515085466,0.18930718029262028,0.0,0.21661569515085422,0.18930718029262028,0.12,0.12,0.12,3.375146551306809,3.5917622464576637,3.185839371014189,0.0,0.21661569515085466,-0.18930718029262028,113.94475060569572,113.94475060569572,113.94475060569572,1.0,0.9,1.1,0.12,0.108,0.132,35.33222140569574,35.33222140569574,35.33222140569574,5.224853448693191,5.008237753542336,5.414160628985811,0.0,-0.21661569515085422,0.18930718029262028,0.0,0.21661569515085422,0.0,35.33222140569574
gen=42_member=7215_pso,1.0,0.9,1.1,0.12,0.108,0.132,0.0,0.2073871638376752,0.1805642921994739,0.0,0.20738716383767475,0.18056429219947479,0.12,0.12,0.12,3.175829157195778,3.383216321033453,2.995264864996304,0.0,0.2073871638376752,-0.1805642921994739,113.53506483470858,113.53506483470858,113.53506483470858,1.0,0.9,1.1,0.12,0.108,0.132,34.92253563470857,34.92253563470857,34.92253563470857,5.424170842804221,5.2167836789665465,5.604735135003696,0.0,-0.20738716383767475,0.18056429219947479,0.0,0.20738716383767475,0.0,34.92253563470857
gen=43_member=7239_pso,1.0,0.9,1.1,0.12,0.108,0.132,0.0,0.22212139274141318,0.19448494306742337,0.0,0.22212139274141318,0.19448494306742337,0.12,0.12,0.12,3.568889637147474,3.791011029888887,3.3744046940800505,0.0,0.22212139274141318,-0.19448494306742337,114.33336403075704,114.33336403075704,114.33336403075704,1.0,0.9,1.1,0.12,0.108,0.132,35.72083483075705,35.72083483075705,35.72083483075705,5.031110362852526,4.808988970111113,5.225595305919949,0.0,-0.22212139274141318,0.19448494306742337,0.0,0.22212139274141318,0.0,35.72083483075705
gen=43_member=7261_pso,1.0,0.9,1.1,0.12,0.108,0.132,0.0,0.19574241374896362,0.17013227264847686,0.0,0.19574241374896317,0.17013227264847686,0.12,0.12,0.12,2.989359921162631,3.1851023349115946,2.819227648514154,0.0,0.19574241374896362,-0.17013227264847686,113.098766794265,113.098766794265,113.098766794265,1.0,0.9,1.1,0.12,0.108,0.132,34.48623759426499,34.48623759426499,34.48623759426499,5.610640078837369,5.4148976650884055,5.780772351485846,0.0,-0.19574241374896317,0.17013227264847686,0.0,0.19574241374896317,0.0,34.48623759426499
gen=43_member=7269_pso,1.0,0.9,1.1,0.12,0.108,0.132,0.0,0.23874774114367803,0.20976093665090634,0.0,0.23874774114367803,0.20976093665090723,0.12,0.12,0.12,4.14371619026555,4.382463931409228,3.933955253614644,0.0,0.23874774114367803,-0.20976093665090634,115.44592891387086,115.44592891387086,115.44592891387086,1.0,0.9,1.1,0.12,0.108,0.132,36.83339971387087,36.83339971387087,36.83339971387087,4.456283809734449,4.217536068590771,4.6660447463853565,0.0,-0.23874774114367803,0.20976093665090723,0.0,0.23874774114367803,0.0,36.83339971387087
gen=43_member=7278_pso,1.0,0.9,1.1,0.12,0.108,0.132,0.0,0.1232390580171785,0.10676070418176486,0.0,0.1232390580171785,0.10676070418176486,0.12,0.12,0.12,1.3664061755116317,1.4896452335288102,1.2596454713298668,0.0,0.1232390580171785,-0.10676070418176486,105.5735582929416,105.5735582929416,105.5735582929416,1.0,0.9,1.1,0.12,0.108,0.132,26.96102909294159,26.96102909294159,26.96102909294159,7.233593824488368,7.11035476647119,7.340354528670133,0.0,-0.1232390580171785,0.10676070418176486,0.0,0.1232390580171785,0.0,26.96102909294159
gen=43_member=7287_pso,1.0,0.9,1.1,0.12,0.108,0.132,0.0,0.18487818838492798,0.16012496376059415,0.0,0.18487818838492842,0.1601249637605946,0.12,0.12,0.12,2.6812389897553146,2.8661171781402426,2.5211140259947205,0.0,0.18487818838492798,-0.16012496376059415,112.25909455247972,112.25909455247972,112.25909455247972,1.0,0.9,1.1,0.12,0.108,0.132,33.64656535247972,33.64656535247972,33.64656535247972,5.918761010244685,5.733882821859757,6.07888597400528,0.0,-0.18487818838492842,0.1601249637605946,0.0,0.18487818838492842,0.0,33.64656535247972
gen=43_member=7295_pso,1.0,0.9,1.1,0.12,0.108,0.132,0.0,0.21731620597583312,0.1899136607265537,0.0,0.217316205975834,0.18991366072655325,0.12,0.12,0.12,3.462616051819169,3.679932257795002,3.2727023910926154,0.0,0.21731620597583312,-0.1899136607265537,114.12939765465704,114.12939765465704,114.12939765465704,1.0,0.9,1.1,0.12,0.108,0.132,35.51686845465705,35.51686845465705,35.51686845465705,5.137383948180831,4.920067742204997,5.327297608907385,0.0,-0.217316205975834,0.18991366072655325,0.0,0.217316205975834,0.0,35.51686845465705
gen=43_member=7309_pso,1.0,0.9,1.1,0.12,0.108,0.132,0.0,0.1299777678113061,0.11124015569782886,0.0,0.1299777678113072,0.11124015569782753,0.12,0.12,0.12,1.5364104025504484,1.6663881703617545,1.4251702468526195,0.0,0.1299777678113061,-0.11124015569782886,106.97491241076412,106.97491241076412,106.97491241076412,1.0,0.9,1.1,0.12,0.108,0.132,28.362383210764136,28.362383210764136,28.362383210764136,7.063589597449552,6.933611829638245,7.17482975314738,0.0,-0.1299777678113072,0.11124015569782753,0.0,0.1299777678113072,0.0,28.362383210764136
gen=43_member=7329_pso,1.0,0.9,1.1,0.12,0.108,0.132,0.0,0.20916250128304759,0.1823169331019252,0.0,0.20916250128304803,0.18231693310192476,0.12,0.12,0.12,3.196664946537503,3.405827447820551,3.014348013435578,0.0,0.20916250128304759,-0.1823169331019252,113.59367645717248,113.59367645717248,113.59367645717248,1.0,0.9,1.1,0.12,0.108,0.132,34.981147257172495,34.981147257172495,34.981147257172495,5.403335053462497,5.194172552179449,5.585651986564422,0.0,-0.20916250128304803,0.18231693310192476,0.0,0.20916250128304803,0.0,34.981147257172495
gen=43_member=7341_pso,1.0,0.9,1.1,0.12,0.108,0.132,0.0,0.22144796319362525,0.19382226876823694,0.0,0.2214479631936257,0.19382226876823694,0.12,0.12,0.12,3.547765185660241,3.7692131488538663,3.353942916892004,0.0,0.22144796319362525,-0.19382226876823694,114.3100498842216,114.3100498842216,114.3100498842216,1.0,0.9,1.1,0.12,0.108,0.132,35.69752068422161,35.69752068422161,35.69752068422161,5.052234814339759,4.830786851146133,5.246057083107996,0.0,-0.2214479631936257,0.19382226876823694,0.0,0.2214479631936257,0.0,35.69752068422161
gen=43_member=7354_pso,1.0,0.9,1.1,0.12,0.108,0.132,0.0,0.23045978495158215,0.20204107906344193,0.0,0.2304597849515817,0.20204107906344326,0.12,0.12,0.12,3.912045083841329,4.142504868792911,3.710004004777887,0.0,0.23045978495158215,-0.20204107906344193,114.9780885763474,114.9780885763474,114.9780885763474,1.0,0.9,1.1,0.12,0.108,0.132,36.365559376347385,36.365559376347385,36.365559376347385,4.68795491615867,4.4574951312070885,4.8899959952221135,0.0,-0.2304597849515817,0.20204107906344326,0.0,0.2304597849515817,0.0,36.365559376347385
gen=43_member=7367_pso,1.0,0.9,1.1,0.12,0.108,0.132,0.0,0.22458351200006277,0.1966835814596095,0.0,0.22458351200006277,0.1966835814596104,0.12,0.12,0.12,3.646452731121315,3.871036243121378,3.4497691496617056,0.0,0.22458351200006277,-0.1966835814596095,114.4790877274778,114.4790877274778,114.4790877274778,1.0,0.9,1.1,0.12,0.108,0.132,35.86655852747779,35.86655852747779,35.86655852747779,4.953547268878685,4.728963756878622,5.150230850338295,0.0,-0.22458351200006277,0.1966835814596104,0.0,0.22458351200006277,0.0,35.86655852747779
gen=43_member=7373_pso,1.0,0.9,1.1,0.12,0.108,0.132,0.0,0.14967527457901197,0.1287988955433501,0.0,0.1496752745790113,0.12879889554335033,0.12,0.12,0.12,1.908406212310852,2.058081486889864,1.779607316767502,0.0,0.14967527457901197,-0.1287988955433501,109.17944664294156,109.17944664294156,109.17944664294156,1.0,0.9,1.1,0.12,0.108,0.132,30.566917442941545,30.566917442941545,30.566917442941545,6.691593787689148,6.5419185131101365,6.820392683232498,0.0,-0.1496752745790113,0.12879889554335033,0.0,0.1496752745790113,0.0,30.566917442941545
gen=43_member=7385_pso,1.0,0.9,1.1,0.12,0.108,0.132,0.0,0.11821346797033216,0.102240055024301,0.0,0.11821346797033172,0.10224005502430167,0.12,0.12,0.12,1.304315285491199,1.4225287534615312,1.202075230466898,0.0,0.11821346797033216,-0.102240055024301,104.73023283010356,104.73023283010356,104.73023283010356,1.0,0.9,1.1,0.12,0.108,0.132,26.117703630103588,26.117703630103588,26.117703630103588,7.2956847145088,7.1774712465384685,7.397924769533102,0.0,-0.11821346797033172,0.10224005502430167,0.0,0.11821346797033172,0.0,26.117703630103588
gen=43_member=7394_pso,1.0,0.9,1.1,0.12,0.108,0.132,0.0,0.14082347986048638,0.12094340981549512,0.0,0.1408234798604866,0.12094340981549578,0.12,0.12,0.12,1.7409232462479096,1.881746726108396,1.6199798364324145,0.0,0.14082347986048638,-0.12094340981549512,108.31190859750988,108.31190859750988,108.31190859750988,1.0,0.9,1.1,0.12,0.108,0.132,29.69937939750987,29.69937939750987,29.69937939750987,6.85907675375209,6.718253273891603,6.980020163567586,0.0,-0.1408234798604866,0.12094340981549578,0.0,0.1408234798604866,0.0,29.69937939750987
gen=44_member=7409_pso,1.0,0.9,1.1,0.12,0.108,0.132,0.0,0.13377579650679383,0.1147366088532551,0.0,0.13377579650679294,0.11473660885325554,0.12,0.12,0.12,1.6181922753542444,1.7519680718610382,1.5034556665009893,0.0,0.13377579650679383,-0.1147366088532551,107.638704209542,107.638704209542,107.638704209542,1.0,0.9,1.1,0.12,0.108,0.132,29.02617500954204,29.02617500954204,29.02617500954204,6.981807724645755,6.848031928138962,7.09654433349901,0.0,-0.13377579650679294,0.11473660885325554,0.0,0.13377579650679294,0.0,29.02617500954204
gen=44_member=7416_pso,1.0,0.9,1.1,0.12,0.108,0.132,0.0,0.10586369852713662,0.09064066951749383,0.0,0.10586369852713684,0.0906406695174935,0.12,0.12,0.12,1.0373456001592622,1.1432092986863989,0.9467049306417684,0.0,0.10586369852713662,-0.09064066951749383,101.15202203051268,101.15202203051268,101.15202203051268,1.0,0.9,1.1,0.12,0.108,0.132,22.53949283051267,22.53949283051267,22.53949283051267,7.562654399840738,7.456790701313601,7.653295069358231,0.0,-0.10586369852713684,0.0906406695174935,0.0,0.10586369852713684,0.0,22.53949283051267
gen=44_member=7417_pso,1.0,0.9,1.1,0.12,0.108,0.132,0.0,0.12864432713834906,0.1093908189091708,0.0,0.12864432713834795,0.10939081890917102,0.12,0.12,0.12,1.5023341028356043,1.6309784299739534,1.3929432839264335,0.0,0.12864432713834906,-0.1093908189091708,106.65260213817746,106.65260213817746,106.65260213817746,1.0,0.9,1.1,0.12,0.108,0.132,28.04007293817745,28.04007293817745,28.04007293817745,7.097665897164395,6.969021570026047,7.207056716073566,0.0,-0.12864432713834795,0.10939081890917102,0.0,0.12864432713834795,0.0,28.04007293817745
gen=44_member=7456_pso,1.0,0.9,1.1,0.12,0.108,0.132,0.0,0.21859019226747023,0.19123620296135924,0.0,0.21859019226746845,0.19123620296135968,0.12,0.12,0.12,3.431156849191001,3.6497470414584714,3.239920646229642,0.0,0.21859019226747023,-0.19123620296135924,114.0675147983836,114.0675147983836,114.0675147983836,1.0,0.9,1.1,0.12,0.108,0.132,35.454985598383615,35.454985598383615,35.454985598383615,5.168843150808998,4.95025295854153,5.360079353770358,0.0,-0.21859019226746845,0.19123620296135968,0.0,0.21859019226746845,0.0,35.454985598383615
gen=44_member=7474_pso,1.0,0.9,1.1,0.12,0.108,0.132,0.0,0.22037660003276605,0.1928154753291187,0.0,0.2203766000327665,0.19281547532911958,0.12,0.12,0.12,3.500060004864631,3.720436604897397,3.307244529535512,0.0,0.22037660003276605,-0.1928154753291187,114.21912524089043,114.21912524089043,114.21912524089043,1.0,0.9,1.1,0.12,0.108,0.132,35.60659604089044,35.60659604089044,35.60659604089044,5.099939995135369,4.879563395102602,5.292755470464488,0.0,-0.2203766000327665,0.19281547532911958,0.0,0.2203766000327665,0.0,35.60659604089044
gen=44_member=7479_pso,1.0,0.9,1.1,0.12,0.108,0.132,0.0,0.14270080615711667,0.12261544224971521,0.0,0.14270080615711578,0.12261544224971566,0.12,0.12,0.12,1.7727044994457113,1.915405305602828,1.650089057195996,0.0,0.14270080615711667,-0.12261544224971521,108.3395221285537,108.3395221285537,108.3395221285537,1.0,0.9,1.1,0.12,0.108,0.132,29.726992928553692,29.726992928553692,29.726992928553692,6.827295500554288,6.684594694397172,6.949910942804004,0.0,-0.14270080615711578,0.12261544224971566,0.0,0.14270080615711578,0.0,29.726992928553692
gen=44_member=7508_pso,1.0,0.9,1.1,0.12,0.108,0.132,0.0,0.21035837770935872,0.18346157197516844,0.0,0.21035837770935917,0.183461571975168,0.12,0.12,0.12,3.2213251018364017,3.4316834795457605,3.0378635298612333,0.0,0.21035837770935872,-0.18346157197516844,113.64327812932515,113.64327812932515,113.64327812932515,1.0,0.9,1.1,0.12,0.108,0.132,35.030748929325185,35.030748929325185,35.030748929325185,5.378674898163598,5.168316520454239,5.562136470138766,0.0,-0.21035837770935917,0.183461571975168,0.0,0.21035837770935917,0.0,35.030748929325185
gen=44_member=7514_pso,1.0,0.9,1.1,0.12,0.108,0.132,0.0,0.19583751470408517,0.17012563699048933,0.0,0.19583751470408473,0.17012563699048933,0.12,0.12,0.12,2.969835090773703,3.165672605477788,2.7997094537832137,0.0,0.19583751470408517,-0.17012563699048933,113.02028248560086,113.02028248560086,113.02028248560086,1.0,0.9,1.1,0.12,0.108,0.132,34.40775328560086,34.40775328560086,34.40775328560086,5.630164909226297,5.434327394522212,5.800290546216786,0.0,-0.19583751470408473,0.17012563699048933,0.0,0.19583751470408473,0.0,34.40775328560086
gen=44_member=7516_pso,1.0,0.9,1.1,0.12,0.108,0.132,0.0,0.22539309823861675,0.19744003063903204,0.0,0.22539309823861764,0.19744003063903115,0.12,0.12,0.12,3.753768229615384,3.979161327854001,3.556328198976352,0.0,0.22539309823861675,-0.19744003063903204,114.72165452430647,114.72165452430647,114.72165452430647,1.0,0.9,1.1,0.12,0.108,0.132,36.10912532430648,36.10912532430648,36.10912532430648,4.846231770384616,4.620838672145998,5.043671801023647,0.0,-0.22539309823861764,0.19744003063903115,0.0,0.22539309823861764,0.0,36.10912532430648
gen=44_member=7522_pso,1.0,0.9,1.1,0.12,0.108,0.132,0.0,0.177962540420201,0.15381869048936503,0.0,0.177962540420201,0.15381869048936547,0.12,0.12,0.12,2.539368247581174,2.717330788001375,2.385549557091809,0.0,0.177962540420201,-0.15381869048936503,111.77564485476032,111.77564485476032,111.77564485476032,1.0,0.9,1.1,0.12,0.108,0.132,33.16311565476033,33.16311565476033,33.16311565476033,6.060631752418826,5.882669211998625,6.214450442908191,0.0,-0.177962540420201,0.15381869048936547,0.0,0.177962540420201,0.0,33.16311565476033
gen=44_member=7534_pso,1.0,0.9,1.1,0.12,0.108,0.132,0.0,0.19403476703448908,0.16854141875561446,0.0,0.19403476703448863,0.16854141875561446,0.12,0.12,0.12,2.9338504123415627,3.127885179376052,2.7653089935859483,0.0,0.19403476703448908,-0.16854141875561446,112.95934937838484,112.95934937838484,112.95934937838484,1.0,0.9,1.1,0.12,0.108,0.132,34.34682017838482,34.34682017838482,34.34682017838482,5.6661495876584365,5.472114820623948,5.834691006414051,0.0,-0.19403476703448863,0.16854141875561446,0.0,0.19403476703448863,0.0,34.34682017838482
gen=44_member=7536_pso,1.0,0.9,1.1,0.12,0.108,0.132,0.0,0.10733078253895734,0.09218327176587215,0.0,0.10733078253895734,0.09218327176587238,0.12,0.12,0.12,1.119851808944549,1.2271825914835064,1.027668537178677,0.0,0.10733078253895734,-0.09218327176587215,102.0793750761488,102.0793750761488,102.0793750761488,1.0,0.9,1.1,0.12,0.108,0.132,23.46684587614881,23.46684587614881,23.46684587614881,7.48014819105545,7.372817408516493,7.572331462821323,0.0,-0.10733078253895734,0.09218327176587238,0.0,0.10733078253895734,0.0,23.46684587614881
gen=44_member=7539_pso,1.0,0.9,1.1,0.12,0.108,0.132,0.0,0.22405583194821466,0.1962110856861412,0.0,0.2240558319482142,0.19621108568614165,0.12,0.12,0.12,3.71574467634347,3.9398005082916847,3.519533590657329,0.0,0.22405583194821466,-0.1962110856861412,114.62339418046886,114.62339418046886,114.62339418046886,1.0,0.9,1.1,0.12,0.108,0.132,36.01086498046887,36.01086498046887,36.01086498046887,4.88425532365653,4.660199491708315,5.080466409342671,0.0,-0.2240558319482142,0.19621108568614165,0.0,0.2240558319482142,0.0,36.01086498046887
gen=44_member=7543_pso,1.0,0.9,1.1,0.12,0.108,0.132,0.0,0.21344373818927487,0.18641740738824497,0.0,0.21344373818927487,0.18641740738824542,0.12,0.12,0.12,3.298334361468742,3.511778099658017,3.111916954080497,0.0,0.21344373818927487,-0.18641740738824497,113.79958517340056,113.79958517340056,113.79958517340056,1.0,0.9,1.1,0.12,0.108,0.132,35.18705597340057,35.18705597340057,35.18705597340057,5.301665638531258,5.088221900341983,5.488083045919503,0.0,-0.21344373818927487,0.18641740738824542,0.0,0.21344373818927487,0.0,35.18705597340057
gen=44_member=7554_pso,1.0,0.9,1.1,0.12,0.108,0.132,0.0,0.18590980474631813,0.16107539112002645,0.0,0.18590980474631813,0.16107539112002645,0.12,0.12,0.12,2.6985365408908595,2.8844463456371776,2.537461149770833,0.0,0.18590980474631813,-0.16107539112002645,112.32384878774988,112.32384878774988,112.32384878774988,1.0,0.9,1.1,0.12,0.108,0.132,33.71131958774986,33.71131958774986,33.71131958774986,5.90146345910914,5.715553654362822,6.062538850229166,0.0,-0.18590980474631813,0.16107539112002645,0.0,0.18590980474631813,0.0,33.71131958774986
gen=44_member=7565_pso,1.0,0.9,1.1,0.12,0.108,0.132,0.0,0.17573500471738113,0.1515473993158314,0.0,0.17573500471738157,0.15154739931583094,0.12,0.12,0.12,2.478310881640845,2.654045886358226,2.3267634823250134,0.0,0.17573500471738113,-0.1515473993158314,111.58397766847226,111.58397766847226,111.58397766847226,1.0,0.9,1.1,0.12,0.108,0.132,32.97144846847227,32.97144846847227,32.97144846847227,6.121689118359155,5.945954113641774,6.273236517674986,0.0,-0.17573500471738157,0.15154739931583094,0.0,0.17573500471738157,0.0,32.97144846847227
gen=45_member=7577_pso,1.0,0.9,1.1,0.12,0.108,0.132,0.0,0.1806517946559767,0.15638990456349644,0.0,0.1806517946559767,0.156389904563496,0.12,0.12,0.12,2.593432230219679,2.7740840248756555,2.4370423256561824,0.0,0.1806517946559767,-0.15638990456349644,111.96110732828656,111.96110732828656,111.96110732828656,1.0,0.9,1.1,0.12,0.108,0.132,33.348578128286576,33.348578128286576,33.348578128286576,6.006567769780321,5.825915975124344,6.162957674343817,0.0,-0.1806517946559767,0.156389904563496,0.0,0.1806517946559767,0.0,33.348578128286576
gen=45_member=7580_pso,1.0,0.9,1.1,0.12,0.108,0.132,0.0,0.13789968528831031,0.11839455628155449,0.0,0.13789968528831054,0.11839455628155449,0.12,0.12,0.12,1.692796757945654,1.8306964432339643,1.5744022016640995,0.0,0.13789968528831031,-0.11839455628155449,108.03230296399194,108.03230296399194,108.03230296399194,1.0,0.9,1.1,0.12,0.108,0.132,29.41977376399195,29.41977376399195,29.41977376399195,6.907203242054345,6.769303556766035,7.0255977983359,0.0,-0.13789968528831054,0.11839455628155449,0.0,0.13789968528831054,0.0,29.41977376399195
gen=45_member=7589_pso,1.0,0.9,1.1,0.12,0.108,0.132,0.0,0.2141364941852837,0.1870608209459177,0.0,0.2141364941852837,0.18706082094591814,0.12,0.12,0.12,3.3416938493864854,3.555830343571769,3.1546330284405677,0.0,0.2141364941852837,-0.1870608209459177,113.87707738229766,113.87707738229766,113.87707738229766,1.0,0.9,1.1,0.12,0.108,0.132,35.264548182297666,35.264548182297666,35.264548182297666,5.258306150613514,5.04416965642823,5.445366971559432,0.0,-0.2141364941852837,0.18706082094591814,0.0,0.2141364941852837,0.0,35.264548182297666
gen=45_member=7594_pso,1.0,0.9,1.1,0.12,0.108,0.132,0.0,0.22818015715539763,0.19991285579110674,0.0,0.22818015715539808,0.19991285579110674,0.12,0.12,0.12,3.860598708949262,4.08877886610466,3.660685853158155,0.0,0.22818015715539763,-0.19991285579110674,114.9229247474674,114.9229247474674,114.9229247474674,1.0,0.9,1.1,0.12,0.108,0.132,36.31039554746737,36.31039554746737,36.31039554746737,4.739401291050738,4.51122113389534,4.939314146841845,0.0,-0.22818015715539808,0.19991285579110674,0.0,0.22818015715539808,0.0,36.31039554746737
gen=45_member=7623_pso,1.0,0.9,1.1,0.12,0.108,0.132,0.0,0.1228551762882133,0.10637198528188363,0.0,0.12285517628821285,0.10637198528188385,0.12,0.12,0.12,1.3587454728667916,1.481600649155005,1.252373487584908,0.0,0.1228551762882133,-0.10637198528188363,105.48041581943627,105.48041581943627,105.48041581943627,1.0,0.9,1.1,0.12,0.108,0.132,26.86788661943628,26.86788661943628,26.86788661943628,7.241254527133208,7.118399350844995,7.347626512415092,0.0,-0.12285517628821285,0.10637198528188385,0.0,0.12285517628821285,0.0,26.86788661943628
gen=45_member=7630_pso,1.0,0.9,1.1,0.12,0.108,0.132,0.0,0.09826302901319406,0.08388552680013994,0.0,0.09826302901319561,0.08388552680013994,0.12,0.12,0.12,0.9643142048409978,1.062577233854192,0.8804286780408579,0.0,0.09826302901319406,-0.08388552680013994,98.88595444868156,98.88595444868156,98.88595444868156,1.0,0.9,1.1,0.12,0.108,0.132,20.273425248681576,20.273425248681576,20.273425248681576,7.635685795159002,7.537422766145807,7.719571321959142,0.0,-0.09826302901319561,0.08388552680013994,0.0,0.09826302901319561,0.0,20.273425248681576
gen=45_member=7645_pso,1.0,0.9,1.1,0.12,0.108,0.132,0.0,0.220464992675252,0.1928201728197334,0.0,0.220464992675252,0.19282017281973296,0.12,0.12,0.12,3.516691347333545,3.737156340008797,3.3238711745138114,0.0,0.220464992675252,-0.1928201728197334,114.23163957390231,114.23163957390231,114.23163957390231,1.0,0.9,1.1,0.12,0.108,0.132,35.61911037390231,35.61911037390231,35.61911037390231,5.083308652666455,4.862843659991203,5.276128825486188,0.0,-0.220464992675252,0.19282017281973296,0.0,0.220464992675252,0.0,35.61911037390231
gen=45_member=7699_pso,1.0,0.9,1.1,0.12,0.108,0.132,0.0,0.11547174085344047,0.09970406127702391,0.0,0.11547174085344025,0.09970406127702436,0.12,0.12,0.12,1.2846600959013812,1.4001318367548217,1.1849560346243573,0.0,0.11547174085344047,-0.09970406127702391,104.28399384935004,104.28399384935004,104.28399384935004,1.0,0.9,1.1,0.12,0.108,0.132,25.671464649350018,25.671464649350018,25.671464649350018,7.315339904098618,7.199868163245178,7.415043965375642,0.0,-0.11547174085344025,0.09970406127702436,0.0,0.11547174085344025,0.0,25.671464649350018
gen=45_member=7708_pso,1.0,0.9,1.1,0.12,0.108,0.132,0.0,0.18884716720067507,0.1636111417840631,0.0,0.18884716720067463,0.1636111417840631,0.12,0.12,0.12,2.742898734192789,2.931745901393464,2.579287592408726,0.0,0.18884716720067507,-0.1636111417840631,112.46971469462578,112.46971469462578,112.46971469462578,1.0,0.9,1.1,0.12,0.108,0.132,33.85718549462576,33.85718549462576,33.85718549462576,5.857101265807211,5.668254098606536,6.020712407591274,0.0,-0.18884716720067463,0.1636111417840631,0.0,0.18884716720067463,0.0,33.85718549462576
gen=45_member=7712_pso,1.0,0.9,1.1,0.12,0.108,0.132,0.0,0.1630533326023862,0.14031056673832376,0.0,0.1630533326023862,0.1403105667383242,0.12,0.12,0.12,2.206943643436204,2.3699969760385904,2.0666330766978804,0.0,0.1630533326023862,-0.14031056673832376,110.57694861761888,110.57694861761888,110.57694861761888,1.0,0.9,1.1,0.12,0.108,0.132,31.96441941761888,31.96441941761888,31.96441941761888,6.393056356563795,6.230003023961409,6.533366923302119,0.0,-0.1630533326023862,0.1403105667383242,0.0,0.1630533326023862,0.0,31.96441941761888
gen=45_member=7732_pso,1.0,0.9,1.1,0.12,0.108,0.132,0.0,0.12956350208023082,0.11090804245731789,0.0,0.12956350208023082,0.11090804245731789,0.12,0.12,0.12,1.5270430343618209,1.6566065364420517,1.416134991904503,0.0,0.12956350208023082,-0.11090804245731789,106.84470079652856,106.84470079652856,106.84470079652856,1.0,0.9,1.1,0.12,0.108,0.132,28.232171596528566,28.232171596528566,28.232171596528566,7.072956965638179,6.943393463557948,7.183865008095497,0.0,-0.12956350208023082,0.11090804245731789,0.0,0.12956350208023082,0.0,28.232171596528566
gen=45_member=7737_pso,1.0,0.9,1.1,0.12,0.108,0.132,0.0,0.2255737627933394,0.19761008379510603,0.0,0.2255737627933394,0.19761008379510692,0.12,0.12,0.12,3.7575596650694982,3.9831334278628376,3.559949581274392,0.0,0.2255737627933394,-0.19761008379510603,114.7386616163449,114.7386616163449,114.7386616163449,1.0,0.9,1.1,0.12,0.108,0.132,36.12613241634489,36.12613241634489,36.12613241634489,4.842440334930501,4.616866572137162,5.040050418725608,0.0,-0.2255737627933394,0.19761008379510692,0.0,0.2255737627933394,0.0,36.12613241634489
gen=46_member=7750_pso,1.0,0.9,1.1,0.12,0.108,0.132,0.0,0.18440457548055678,0.1593463605252996,0.0,0.18440457548055633,0.1593463605252996,0.12,0.12,0.12,2.6148133674398326,2.7992179429203894,2.455467006914533,0.0,0.18440457548055678,-0.1593463605252996,111.9699024232011,111.9699024232011,111.9699024232011,1.0,0.9,1.1,0.12,0.108,0.132,33.35737322320111,33.35737322320111,33.35737322320111,5.985186632560167,5.80078205707961,6.144532993085466,0.0,-0.18440457548055633,0.1593463605252996,0.0,0.18440457548055633,0.0,33.35737322320111
gen=46_member=7783_pso,1.0,0.9,1.1,0.12,0.108,0.132,0.0,0.21521458903900204,0.18803493645759506,0.0,0.21521458903900115,0.18803493645759595,0.12,0.12,0.12,3.335046555009673,3.550261144048675,3.147011618552078,0.0,0.21521458903900204,-0.18803493645759506,113.86341409428331,113.86341409428331,113.86341409428331,1.0,0.9,1.1,0.12,0.108,0.132,35.250884894283324,35.250884894283324,35.250884894283324,5.264953444990326,5.0497388559513245,5.452988381447922,0.0,-0.21521458903900115,0.18803493645759595,0.0,0.21521458903900115,0.0,35.250884894283324
gen=46_member=7788_pso,1.0,0.9,1.1,0.12,0.108,0.132,0.0,0.17014032758420772,0.14676468099140694,0.0,0.1701403275842086,0.1467646809914065,0.12,0.12,0.12,2.354441589637516,2.524581917221724,2.207676908646109,0.0,0.17014032758420772,-0.14676468099140694,111.1457018134006,111.1457018134006,111.1457018134006,1.0,0.9,1.1,0.12,0.108,0.132,32.533172613400616,32.533172613400616,32.533172613400616,6.245558410362484,6.075418082778276,6.392323091353891,0.0,-0.1701403275842086,0.1467646809914065,0.0,0.1701403275842086,0.0,32.533172613400616
gen=46_member=7796_pso,1.0,0.9,1.1,0.12,0.108,0.132,0.0,0.218903132166258,0.19151247616641287,0.0,0.21890313216625845,0.19151247616641331,0.12,0.12,0.12,3.43823893574998,3.657142067916238,3.246726459583567,0.0,0.218903132166258,-0.19151247616641287,114.08015949885116,114.08015949885116,114.08015949885116,1.0,0.9,1.1,0.12,0.108,0.132,35.46763029885118,35.46763029885118,35.46763029885118,5.16176106425002,4.942857932083761,5.353273540416433,0.0,-0.21890313216625845,0.19151247616641331,0.0,0.21890313216625845,0.0,35.46763029885118
gen=46_member=7810_pso,1.0,0.9,1.1,0.12,0.108,0.132,0.0,0.1975076651992298,0.17169753682654365,0.0,0.1975076651992298,0.1716975368265441,0.12,0.12,0.12,3.0234229584310697,3.2209306236302995,2.851725421604526,0.0,0.1975076651992298,-0.17169753682654365,113.18659336730867,113.18659336730867,113.18659336730867,1.0,0.9,1.1,0.12,0.108,0.132,34.57406416730866,34.57406416730866,34.57406416730866,5.57657704156893,5.3790693763697,5.748274578395474,0.0,-0.1975076651992298,0.1716975368265441,0.0,0.1975076651992298,0.0,34.57406416730866
gen=46_member=7811_pso,1.0,0.9,1.1,0.12,0.108,0.132,0.0,0.15207669116543143,0.1309156685779045,0.0,0.15207669116543165,0.13091566857790493,0.12,0.12,0.12,1.9596188640199477,2.111695555185379,1.8287031954420432,0.0,0.15207669116543143,-0.1309156685779045,109.46053728580873,109.46053728580873,109.46053728580873,1.0,0.9,1.1,0.12,0.108,0.132,30.84800808580873,30.84800808580873,30.84800808580873,6.640381135980052,6.48830444481462,6.771296804557957,0.0,-0.15207669116543165,0.13091566857790493,0.0,0.15207669116543165,0.0,30.84800808580873
gen=46_member=7815_pso,1.0,0.9,1.1,0.12,0.108,0.132,0.0,0.14460758135196317,0.12450254822256057,0.0,0.14460758135196272,0.12450254822256035,0.12,0.12,0.12,1.8209316870333607,1.965539268385324,1.6964291388108002,0.0,0.14460758135196317,-0.12450254822256057,108.82212965354798,108.82212965354798,108.82212965354798,1.0,0.9,1.1,0.12,0.108,0.132,30.209600453547942,30.209600453547942,30.209600453547942,6.779068312966639,6.634460731614676,6.903570861189199,0.0,-0.14460758135196272,0.12450254822256035,0.0,0.14460758135196272,0.0,30.209600453547942
gen=46_member=7820_pso,1.0,0.9,1.1,0.12,0.108,0.132,0.0,0.22288723503217556,0.19510451123178196,0.0,0.2228872350321751,0.19510451123178196,0.12,0.12,0.12,3.63264191044118,3.8555291454733553,3.437537399209398,0.0,0.22288723503217556,-0.19510451123178196,114.47290664196416,114.47290664196416,114.47290664196416,1.0,0.9,1.1,0.12,0.108,0.132,35.860377441964175,35.860377441964175,35.860377441964175,4.96735808955882,4.744470854526645,5.162462600790602,0.0,-0.2228872350321751,0.19510451123178196,0.0,0.2228872350321751,0.0,35.860377441964175
gen=46_member=7821_pso,1.0,0.9,1.1,0.12,0.108,0.132,0.0,0.15348197512403705,0.13215851161898762,0.0,0.15348197512403683,0.13215851161898762,0.12,0.12,0.12,1.993271488176365,2.146753463300402,1.8611129765573773,0.0,0.15348197512403705,-0.13215851161898762,109.63178325492942,109.63178325492942,109.63178325492942,1.0,0.9,1.1,0.12,0.108,0.132,31.019254054929405,31.019254054929405,31.019254054929405,6.6067285118236345,6.453246536699598,6.738887023442622,0.0,-0.15348197512403683,0.13215851161898762,0.0,0.15348197512403683,0.0,31.019254054929405
gen=46_member=7822_pso,1.0,0.9,1.1,0.12,0.108,0.132,0.0,0.23429204442635676,0.20545408537274357,0.0,0.23429204442635676,0.205454085372744,0.12,0.12,0.12,4.066085660473553,4.30037770489991,3.86063157510081,0.0,0.23429204442635676,-0.20545408537274357,115.31189303186918,115.31189303186918,115.31189303186918,1.0,0.9,1.1,0.12,0.108,0.132,36.69936383186918,36.69936383186918,36.69936383186918,4.533914339526446,4.2996222951000895,4.73936842489919,0.0,-0.23429204442635676,0.205454085372744,0.0,0.23429204442635676,0.0,36.69936383186918
gen=46_member=7833_pso,1.0,0.9,1.1,0.12,0.108,0.132,0.0,0.14570235274211374,0.12537599138655553,0.0,0.14570235274211374,0.12537599138655597,0.12,0.12,0.12,1.837394816219615,1.9830971689617287,1.7120188248330594,0.0,0.14570235274211374,-0.12537599138655553,108.88635164545695,108.88635164545695,108.88635164545695,1.0,0.9,1.1,0.12,0.108,0.132,30.273822445456965,30.273822445456965,30.273822445456965,6.762605183780384,6.616902831038271,6.88798117516694,0.0,-0.14570235274211374,0.12537599138655597,0.0,0.14570235274211374,0.0,30.273822445456965
gen=46_member=7840_pso,1.0,0.9,1.1,0.12,0.108,0.132,0.0,0.1257497824331324,0.1086225062124444,0.0,0.1257497824331324,0.10862250621244485,0.12,0.12,0.12,1.4625932530033692,1.5883430354365016,1.3539707467909248,0.0,0.1257497824331324,-0.1086225062124444,106.45088639626066,106.45088639626066,106.45088639626066,1.0,0.9,1.1,0.12,0.108,0.132,27.838357196260656,27.838357196260656,27.838357196260656,7.13740674699663,7.011656964563498,7.246029253209075,0.0,-0.1257497824331324,0.10862250621244485,0.0,0.1257497824331324,0.0,27.838357196260656
gen=46_member=7849_pso,1.0,0.9,1.1,0.12,0.108,0.132,0.0,0.186708079718521,0.16179641968962688,0.0,0.186708079718521,0.161796419689626,0.12,0.12,0.12,2.714637855713367,2.901345935431888,2.55284143602374,0.0,0.186708079718521,-0.16179641968962688,112.3381564553146,112.3381564553146,112.3381564553146,1.0,0.9,1.1,0.12,0.108,0.132,33.7256272553146,33.7256272553146,33.7256272553146,5.885362144286633,5.698654064568112,6.047158563976259,0.0,-0.186708079718521,0.161796419689626,0.0,0.186708079718521,0.0,33.7256272553146
gen=46_member=7861_pso,1.0,0.9,1.1,0.12,0.108,0.132,0.0,0.2345180390761996,0.2060791303728906,0.0,0.23451803907619873,0.20607913037289016,0.12,0.12,0.12,4.007601081757205,4.242119120833404,3.801521951384314,0.0,0.2345180390761996,-0.2060791303728906,115.19048545745424,115.19048545745424,115.19048545745424,1.0,0.9,1.1,0.12,0.108,0.132,36.57795625745423,36.57795625745423,36.57795625745423,4.592398918242795,4.357880879166596,4.798478048615685,0.0,-0.23451803907619873,0.20607913037289016,0.0,0.23451803907619873,0.0,36.57795625745423
gen=46_member=7862_pso,1.0,0.9,1.1,0.12,0.108,0.132,0.0,0.19579971592284107,0.1701962741676999,0.0,0.19579971592284107,0.17019627416770078,0.12,0.12,0.12,2.998298907907464,3.194098623830305,2.828102633739764,0.0,0.19579971592284107,-0.1701962741676999,113.11443468961808,113.11443468961808,113.11443468961808,1.0,0.9,1.1,0.12,0.108,0.132,34.50190548961805,34.50190548961805,34.50190548961805,5.601701092092536,5.405901376169695,5.771897366260236,0.0,-0.19579971592284107,0.17019627416770078,0.0,0.19579971592284107,0.0,34.50190548961805
gen=46_member=7881_pso,1.0,0.9,1.1,0.12,0.108,0.132,0.0,0.12455475519918391,0.10789764195131224,0.0,0.12455475519918391,0.10789764195131202,0.12,0.12,0.12,1.376534935137965,1.501089690337149,1.2686372931866527,0.0,0.12455475519918391,-0.10789764195131224,105.80539161521938,105.80539161521938,105.80539161521938,1.0,0.9,1.1,0.12,0.108,0.132,27.192862415219388,27.192862415219388,27.192862415219388,7.223465064862035,7.098910309662851,7.331362706813347,0.0,-0.12455475519918391,0.10789764195131202,0.0,0.12455475519918391,0.0,27.192862415219388
gen=46_member=7888_pso,1.0,0.9,1.1,0.12,0.108,0.132,0.0,0.17201105130501126,0.14835834259003722,0.0,0.17201105130501126,0.14835834259003633,0.12,0.12,0.12,2.418430577488762,2.5904416287937733,2.270072234898725,0.0,0.17201105130501126,-0.14835834259003722,111.3959341196505,111.3959341196505,111.3959341196505,1.0,0.9,1.1,0.12,0.108,0.132,32.783404919650515,32.783404919650515,32.783404919650515,6.181569422511238,6.009558371206227,6.329927765101274,0.0,-0.17201105130501126,0.14835834259003633,0.0,0.17201105130501126,0.0,32.783404919650515
gen=46_member=7897_pso,1.0,0.9,1.1,0.12,0.108,0.132,0.0,0.19952648305199094,0.1733923412976388,0.0,0.19952648305199094,0.1733923412976388,0.12,0.12,0.12,3.054383085197773,3.253909568249764,2.880990743900134,0.0,0.19952648305199094,-0.1733923412976388,113.27254392979496,113.27254392979496,113.27254392979496,1.0,0.9,1.1,0.12,0.108,0.132,34.66001472979494,34.66001472979494,34.66001472979494,5.545616914802227,5.346090431750236,5.7190092560998655,0.0,-0.19952648305199094,0.1733923412976388,0.0,0.19952648305199094,0.0,34.66001472979494
gen=47_member=7921_pso,1.0,0.9,1.1,0.12,0.108,0.132,0.0,0.2415704168873969,0.212508448871775,0.0,0.2415704168873969,0.212508448871775,0.12,0.12,0.12,4.271007614577858,4.512578031465255,4.058499165706083,0.0,0.2415704168873969,-0.212508448871775,115.6416537497822,115.6416537497822,115.6416537497822,1.0,0.9,1.1,0.12,0.108,0.132,37.029124549782175,37.029124549782175,37.029124549782175,4.328992385422142,4.087421968534745,4.541500834293917,0.0,-0.2415704168873969,0.212508448871775,0.0,0.2415704168873969,0.0,37.029124549782175
gen=47_member=7929_pso,1.0,0.9,1.1,0.12,0.108,0.132,0.0,0.18115068571039616,0.15660924802432685,0.0,0.18115068571039572,0.15660924802432685,0.12,0.12,0.12,2.5806656123379543,2.7618162980483505,2.4240563643136275,0.0,0.18115068571039616,-0.15660924802432685,111.88822037913836,111.88822037913836,111.88822037913836,1.0,0.9,1.1,0.12,0.108,0.132,33.27569117913837,33.27569117913837,33.27569117913837,6.019334387662045,5.83818370195165,6.175943635686372,0.0,-0.18115068571039572,0.15660924802432685,0.0,0.18115068571039572,0.0,33.27569117913837
gen=47_member=7933_pso,1.0,0.9,1.1,0.12,0.108,0.132,0.0,0.12034799824200548,0.104096287926011,0.0,0.12034799824200526,0.10409628792601033,0.12,0.12,0.12,1.336698211855586,1.4570462100975914,1.232601923929575,0.0,0.12034799824200548,-0.104096287926011,105.11209888298792,105.11209888298792,105.11209888298792,1.0,0.9,1.1,0.12,0.108,0.132,26.49956968298791,26.49956968298791,26.49956968298791,7.263301788144414,7.142953789902409,7.367398076070424,0.0,-0.12034799824200526,0.10409628792601033,0.0,0.12034799824200526,0.0,26.49956968298791
gen=47_member=7945_pso,1.0,0.9,1.1,0.12,0.108,0.132,0.0,0.19842530874422737,0.17243340352813297,0.0,0.19842530874422692,0.1724334035281334,0.12,0.12,0.12,3.034858216956013,3.2332835257002404,2.86242481342788,0.0,0.19842530874422737,-0.17243340352813297,113.22298959245688,113.22298959245688,113.22298959245688,1.0,0.9,1.1,0.12,0.108,0.132,34.610460392456865,34.610460392456865,34.610460392456865,5.565141783043986,5.366716474299759,5.737575186572119,0.0,-0.19842530874422692,0.1724334035281334,0.0,0.19842530874422692,0.0,34.610460392456865
gen=47_member=7948_pso,1.0,0.9,1.1,0.12,0.108,0.132,0.0,0.13206161174676168,0.11324472367504201,0.0,0.132061611746761,0.11324472367504246,0.12,0.12,0.12,1.5702986372987264,1.702360249045488,1.4570539136236844,0.0,0.13206161174676168,-0.11324472367504201,107.14246165450244,107.14246165450244,107.14246165450244,1.0,0.9,1.1,0.12,0.108,0.132,28.52993245450245,28.52993245450245,28.52993245450245,7.029701362701273,6.897639750954512,7.142946086376315,0.0,-0.132061611746761,0.11324472367504246,0.0,0.132061611746761,0.0,28.52993245450245
gen=47_member=7949_pso,1.0,0.9,1.1,0.12,0.108,0.132,0.0,0.1539260202268924,0.13248441780537723,0.0,0.1539260202268924,0.1324844178053768,0.12,0.12,0.12,1.9937752885784716,2.147701308805364,1.8612908707730944,0.0,0.1539260202268924,-0.13248441780537723,109.68149770977158,109.68149770977158,109.68149770977158,1.0,0.9,1.1,0.12,0.108,0.132,31.06896850977157,31.06896850977157,31.06896850977157,6.606224711421528,6.452298691194636,6.738709129226905,0.0,-0.1539260202268924,0.1324844178053768,0.0,0.1539260202268924,0.0,31.06896850977157
gen=47_member=7961_pso,1.0,0.9,1.1,0.12,0.108,0.132,0.0,0.17274242356626068,0.14903787861028928,0.0,0.17274242356626157,0.14903787861028928,0.12,0.12,0.12,2.4262709560882163,2.599013379654477,2.277233077477927,0.0,0.17274242356626068,-0.14903787861028928,111.43099626326811,111.43099626326811,111.43099626326811,1.0,0.9,1.1,0.12,0.108,0.132,32.81846706326812,32.81846706326812,32.81846706326812,6.173729043911783,6.000986620345522,6.322766922522073,0.0,-0.17274242356626157,0.14903787861028928,0.0,0.17274242356626157,0.0,32.81846706326812
gen=47_member=7966_pso,1.0,0.9,1.1,0.12,0.108,0.132,0.0,0.18604513826303082,0.16119289977308915,0.0,0.18604513826303126,0.1611928997730896,0.12,0.12,0.12,2.7012340465738194,2.88727918483685,2.5400411468007302,0.0,0.18604513826303082,-0.16119289977308915,112.3359802119356,112.3359802119356,112.3359802119356,1.0,0.9,1.1,0.12,0.108,0.132,33.72345101193558,33.72345101193558,33.72345101193558,5.89876595342618,5.712720815163149,6.059958853199269,0.0,-0.18604513826303126,0.1611928997730896,0.0,0.18604513826303126,0.0,33.72345101193558
gen=47_member=7974_pso,1.0,0.9,1.1,0.12,0.108,0.132,0.0,0.21093954009520433,0.18395677054568083,0.0,0.21093954009520477,0.18395677054568083,0.12,0.12,0.12,3.231672181574875,3.442611721670079,3.047715411029194,0.0,0.21093954009520433,-0.18395677054568083,113.65489801028092,113.65489801028092,113.65489801028092,1.0,0.9,1.1,0.12,0.108,0.132,35.04236881028093,35.04236881028093,35.04236881028093,5.368327818425125,5.15738827832992,5.552284588970806,0.0,-0.21093954009520477,0.18395677054568083,0.0,0.21093954009520477,0.0,35.04236881028093
gen=47_member=7977_pso,1.0,0.9,1.1,0.12,0.108,0.132,0.0,0.21892775603717762,0.19144405499415074,0.0,0.21892775603717762,0.19144405499415118,0.12,0.12,0.12,3.4553251022415497,3.6742528582787273,3.263881047247399,0.0,0.21892775603717762,-0.19144405499415074,114.11951588092144,114.11951588092144,114.11951588092144,1.0,0.9,1.1,0.12,0.108,0.132,35.50698668092144,35.50698668092144,35.50698668092144,5.14467489775845,4.925747141721272,5.336118952752601,0.0,-0.21892775603717762,0.19144405499415118,0.0,0.21892775603717762,0.0,35.50698668092144
gen=47_member=7987_pso,1.0,0.9,1.1,0.12,0.108,0.132,0.0,0.16716838562325975,0.14391234065261704,0.0,0.16716838562325975,0.1439123406526175,0.12,0.12,0.12,2.308223392273641,2.475391777896901,2.164311051621024,0.0,0.16716838562325975,-0.14391234065261704,110.95047951158162,110.95047951158162,110.95047951158162,1.0,0.9,1.1,0.12,0.108,0.132,32.3379503115816,32.3379503115816,32.3379503115816,6.291776607726359,6.124608222103099,6.435688948378976,0.0,-0.16716838562325975,0.1439123406526175,0.0,0.16716838562325975,0.0,32.3379503115816
gen=47_member=7988_pso,1.0,0.9,1.1,0.12,0.108,0.132,0.0,0.1513879443865629,0.1303119573448719,0.0,0.15138794438656333,0.13031195734487167,0.12,0.12,0.12,1.9446224455793009,2.0960103899658638,1.814310488234429,0.0,0.1513879443865629,-0.1303119573448719,109.38232420720249,109.38232420720249,109.38232420720249,1.0,0.9,1.1,0.12,0.108,0.132,30.769795007202468,30.769795007202468,30.769795007202468,6.655377554420699,6.503989610034136,6.785689511765571,0.0,-0.15138794438656333,0.13031195734487167,0.0,0.15138794438656333,0.0,30.769795007202468
gen=47_member=7992_pso,1.0,0.9,1.1,0.12,0.108,0.132,0.0,0.24652498747284657,0.21710624320844385,0.0,0.24652498747284657,0.21710624320844474,0.12,0.12,0.12,4.415352874721832,4.661877862194679,4.198246631513388,0.0,0.24652498747284657,-0.21710624320844385,115.91571267661642,115.91571267661642,115.91571267661642,1.0,0.9,1.1,0.12,0.108,0.132,37.30318347661641,37.30318347661641,37.30318347661641,4.184647125278167,3.938122137805321,4.401753368486612,0.0,-0.24652498747284657,0.21710624320844474,0.0,0.24652498747284657,0.0,37.30318347661641
gen=47_member=7994_pso,1.0,0.9,1.1,0.12,0.108,0.132,0.0,0.12417302739846026,0.10755625140883507,0.0,0.12417302739846114,0.10755625140883485,0.12,0.12,0.12,1.4255099966871652,1.5496830240856254,1.31795374527833,0.0,0.12417302739846026,-0.10755625140883507,106.32049043579484,106.32049043579484,106.32049043579484,1.0,0.9,1.1,0.12,0.108,0.132,27.707961235794844,27.707961235794844,27.707961235794844,7.174490003312835,7.050316975914374,7.28204625472167,0.0,-0.12417302739846114,0.10755625140883485,0.0,0.12417302739846114,0.0,27.707961235794844
gen=47_member=7995_pso,1.0,0.9,1.1,0.12,0.108,0.132,0.0,0.23461687760576178,0.20586105923537534,0.0,0.23461687760576222,0.20586105923537446,0.12,0.12,0.12,3.975106482748441,4.209723360354203,3.7692454235130657,0.0,0.23461687760576178,-0.20586105923537534,115.10997564974916,115.10997564974916,115.10997564974916,1.0,0.9,1.1,0.12,0.108,0.132,36.49744644974915,36.49744644974915,36.49744644974915,4.624893517251559,4.390276639645797,4.8307545764869335,0.0,-0.23461687760576222,0.20586105923537446,0.0,0.23461687760576222,0.0,36.49744644974915
gen=47_member=8006_pso,1.0,0.9,1.1,0.12,0.108,0.132,0.0,0.23504372572073073,0.2061239544135609,0.0,0.23504372572073162,0.20612395441356046,0.12,0.12,0.12,4.096041808260816,4.331085533981547,3.889917853847255,0.0,0.23504372572073073,-0.2061239544135609,115.37393702842432,115.37393702842432,115.37393702842432,1.0,0.9,1.1,0.12,0.108,0.132,36.761407828424296,36.761407828424296,36.761407828424296,4.503958191739184,4.268914466018453,4.710082146152745,0.0,-0.23504372572073162,0.20612395441356046,0.0,0.23504372572073162,0.0,36.761407828424296
gen=47_member=8007_pso,1.0,0.9,1.1,0.12,0.108,0.132,0.0,0.1969462877981223,0.17071978922822906,0.0,0.19694628779812184,0.1707197892282295,0.12,0.12,0.12,2.8521192952616707,3.049065583059793,2.6813995060334417,0.0,0.1969462877981223,-0.17071978922822906,112.74723211303969,112.74723211303969,112.74723211303969,1.0,0.9,1.1,0.12,0.108,0.132,34.13470291303967,34.13470291303967,34.13470291303967,5.7478807047383285,5.550934416940207,5.918600493966558,0.0,-0.19694628779812184,0.1707197892282295,0.0,0.19694628779812184,0.0,34.13470291303967
gen=47_member=8010_pso,1.0,0.9,1.1,0.12,0.108,0.132,0.0,0.18343818569887027,0.15876769202254115,0.0,0.18343818569887027,0.1587676920225407,0.12,0.12,0.12,2.6342594566188096,2.81769764231768,2.4754917645962684,0.0,0.18343818569887027,-0.15876769202254115,112.09592735320258,112.09592735320258,112.09592735320258,1.0,0.9,1.1,0.12,0.108,0.132,33.48339815320258,33.48339815320258,33.48339815320258,5.96574054338119,5.78230235768232,6.124508235403731,0.0,-0.18343818569887027,0.1587676920225407,0.0,0.18343818569887027,0.0,33.48339815320258
gen=47_member=8011_pso,1.0,0.9,1.1,0.12,0.108,0.132,0.0,0.2116970561647502,0.18474184768637825,0.0,0.2116970561647502,0.18474184768637958,0.12,0.12,0.12,3.2640326550202103,3.4757297111849605,3.079290807333832,0.0,0.2116970561647502,-0.18474184768637825,113.73375900345114,113.73375900345114,113.73375900345114,1.0,0.9,1.1,0.12,0.108,0.132,35.12122980345115,35.12122980345115,35.12122980345115,5.335967344979789,5.124270288815039,5.520709192666168,0.0,-0.2116970561647502,0.18474184768637958,0.0,0.2116970561647502,0.0,35.12122980345115
gen=47_member=8012_pso,1.0,0.9,1.1,0.12,0.108,0.132,0.0,0.22445556440119985,0.196557305571881,0.0,0.2244555644012003,0.196557305571881,0.12,0.12,0.12,3.701110964068317,3.925566528469517,3.504553658496436,0.0,0.22445556440119985,-0.196557305571881,114.59655201240253,114.59655201240253,114.59655201240253,1.0,0.9,1.1,0.12,0.108,0.132,35.984022812402536,35.984022812402536,35.984022812402536,4.898889035931683,4.674433471530483,5.095446341503564,0.0,-0.2244555644012003,0.196557305571881,0.0,0.2244555644012003,0.0,35.984022812402536
gen=47_member=8013_pso,1.0,0.9,1.1,0.12,0.108,0.132,0.0,0.1114058246849261,0.09574560071604199,0.0,0.1114058246849261,0.09574560071604221,0.12,0.12,0.12,1.147762321088277,1.2591681457732031,1.052016720372235,0.0,0.1114058246849261,-0.09574560071604199,102.80241507830648,102.80241507830648,102.80241507830648,1.0,0.9,1.1,0.12,0.108,0.132,24.18988587830649,24.18988587830649,24.18988587830649,7.452237678911723,7.3408318542267965,7.547983279627765,0.0,-0.1114058246849261,0.09574560071604221,0.0,0.1114058246849261,0.0,24.18988587830649
gen=47_member=8017_pso,1.0,0.9,1.1,0.12,0.108,0.132,0.0,0.11937355711500497,0.10308862904438398,0.0,0.11937355711500519,0.1030886290443842,0.12,0.12,0.12,1.3111126222085394,1.4304861793235444,1.2080239931641554,0.0,0.11937355711500497,-0.10308862904438398,104.94585050996632,104.94585050996632,104.94585050996632,1.0,0.9,1.1,0.12,0.108,0.132,26.33332130996634,26.33332130996634,26.33332130996634,7.28888737779146,7.169513820676455,7.391976006835844,0.0,-0.11937355711500519,0.1030886290443842,0.0,0.11937355711500519,0.0,26.33332130996634
gen=47_member=8023_pso,1.0,0.9,1.1,0.12,0.108,0.132,0.0,0.22473092135997064,0.1968399193550492,0.0,0.22473092135997064,0.19683991935504963,0.12,0.12,0.12,3.736287275768742,3.9610181971287126,3.539447356413693,0.0,0.22473092135997064,-0.1968399193550492,114.68821709607164,114.68821709607164,114.68821709607164,1.0,0.9,1.1,0.12,0.108,0.132,36.0756878960716,36.0756878960716,36.0756878960716,4.863712724231258,4.638981802871287,5.060552643586307,0.0,-0.22473092135997064,0.19683991935504963,0.0,0.22473092135997064,0.0,36.0756878960716
gen=47_member=8066_pso,1.0,0.9,1.1,0.12,0.108,0.132,0.0,0.22598387788091934,0.19798770234923246,0.0,0.22598387788091934,0.19798770234923335,0.12,0.12,0.12,3.7681126270390246,3.994096504919944,3.570124924689792,0.0,0.22598387788091934,-0.19798770234923246,114.75779178672568,114.75779178672568,114.75779178672568,1.0,0.9,1.1,0.12,0.108,0.132,36.14526258672567,36.14526258672567,36.14526258672567,4.831887372960975,4.605903495080056,5.029875075310208,0.0,-0.22598387788091934,0.19798770234923335,0.0,0.22598387788091934,0.0,36.14526258672567
gen=48_member=8105_pso,1.0,0.9,1.1,0.12,0.108,0.132,0.0,0.23242677786986876,0.20379148216030485,0.0,0.23242677786986832,0.2037914821603053,0.12,0.12,0.12,3.9901981205782486,4.222624898448117,3.786406638417944,0.0,0.23242677786986876,-0.20379148216030485,115.16525996856625,115.16525996856625,115.16525996856625,1.0,0.9,1.1,0.12,0.108,0.132,36.55273076856624,36.55273076856624,36.55273076856624,4.609801879421751,4.377375101551882,4.813593361582056,0.0,-0.23242677786986832,0.2037914821603053,0.0,0.23242677786986832,0.0,36.55273076856624
gen=48_member=8113_pso,1.0,0.9,1.1,0.12,0.108,0.132,0.0,0.24053222203561564,0.2114938990986026,0.0,0.24053222203561564,0.2114938990986026,0.12,0.12,0.12,4.232401729996877,4.472933952032492,4.020907830898274,0.0,0.24053222203561564,-0.2114938990986026,115.62605412542518,115.62605412542518,115.62605412542518,1.0,0.9,1.1,0.12,0.108,0.132,37.01352492542517,37.01352492542517,37.01352492542517,4.367598270003123,4.127066047967507,4.579092169101726,0.0,-0.24053222203561564,0.2114938990986026,0.0,0.24053222203561564,0.0,37.01352492542517
gen=48_member=8120_pso,1.0,0.9,1.1,0.12,0.108,0.132,0.0,0.2242353443863312,0.19638246410342886,0.0,0.22423534438633208,0.1963824641034284,0.12,0.12,0.12,3.7238509530605737,3.948086297446905,3.527468488957145,0.0,0.2242353443863312,-0.19638246410342886,114.66200638149316,114.66200638149316,114.66200638149316,1.0,0.9,1.1,0.12,0.108,0.132,36.049477181493145,36.049477181493145,36.049477181493145,4.876149046939426,4.651913702553094,5.072531511042855,0.0,-0.22423534438633208,0.1963824641034284,0.0,0.22423534438633208,0.0,36.049477181493145
gen=48_member=8123_pso,1.0,0.9,1.1,0.12,0.108,0.132,0.0,0.22190441482944223,0.19410336874571987,0.0,0.22190441482944223,0.19410336874571943,0.12,0.12,0.12,3.568217329581769,3.7901217444112114,3.3741139608360493,0.0,0.22190441482944223,-0.19410336874571987,114.31822279544762,114.31822279544762,114.31822279544762,1.0,0.9,1.1,0.12,0.108,0.132,35.70569359544761,35.70569359544761,35.70569359544761,5.031782670418231,4.809878255588789,5.22588603916395,0.0,-0.22190441482944223,0.19410336874571943,0.0,0.22190441482944223,0.0,35.70569359544761
gen=48_member=8129_pso,1.0,0.9,1.1,0.12,0.108,0.132,0.0,0.23395727658498533,0.20517737429626282,0.0,0.23395727658498533,0.20517737429626237,0.12,0.12,0.12,4.06270361545497,4.296660892039955,3.857526241158707,0.0,0.23395727658498533,-0.20517737429626282,115.24606309800296,115.24606309800296,115.24606309800296,1.0,0.9,1.1,0.12,0.108,0.132,36.63353389800296,36.63353389800296,36.63353389800296,4.53729638454503,4.303339107960045,4.742473758841292,0.0,-0.23395727658498533,0.20517737429626237,0.0,0.23395727658498533,0.0,36.63353389800296
gen=48_member=8130_pso,1.0,0.9,1.1,0.12,0.108,0.132,0.0,0.14652699095220356,0.12611493320427836,0.0,0.14652699095220356,0.1261149332042777,0.12,0.12,0.12,1.8663016796690663,2.01282867062127,1.740186746464788,0.0,0.14652699095220356,-0.12611493320427836,108.90917466331896,108.90917466331896,108.90917466331896,1.0,0.9,1.1,0.12,0.108,0.132,30.29664546331896,30.29664546331896,30.29664546331896,6.733698320330934,6.58717132937873,6.859813253535211,0.0,-0.14652699095220356,0.1261149332042777,0.0,0.14652699095220356,0.0,30.29664546331896
gen=48_member=8161_pso,1.0,0.9,1.1,0.12,0.108,0.132,0.0,0.11466922880483965,0.09876854641912813,0.0,0.1146692288048401,0.09876854641912747,0.12,0.12,0.12,1.1702608914176431,1.2849301202224828,1.071492344998515,0.0,0.11466922880483965,-0.09876854641912813,103.1208115680155,103.1208115680155,103.1208115680155,1.0,0.9,1.1,0.12,0.108,0.132,24.508282368015493,24.508282368015493,24.508282368015493,7.429739108582357,7.315069879777517,7.5285076550014844,0.0,-0.1146692288048401,0.09876854641912747,0.0,0.1146692288048401,0.0,24.508282368015493
gen=48_member=8165_pso,1.0,0.9,1.1,0.12,0.108,0.132,0.0,0.21144736095936167,0.18443161460371327,0.0,0.21144736095936167,0.18443161460371282,0.12,0.12,0.12,3.2471408840658538,3.4585882450252154,3.0627092694621405,0.0,0.21144736095936167,-0.18443161460371327,113.69712114378328,113.69712114378328,113.69712114378328,1.0,0.9,1.1,0.12,0.108,0.132,35.08459194378328,35.08459194378328,35.08459194378328,5.352859115934146,5.141411754974785,5.537290730537859,0.0,-0.21144736095936167,0.18443161460371282,0.0,0.21144736095936167,0.0,35.08459194378328
gen=48_member=8171_pso,1.0,0.9,1.1,0.12,0.108,0.132,0.0,0.20976599056748535,0.18286899112700183,0.0,0.2097659905674858,0.18286899112700272,0.12,0.12,0.12,3.2097832134087616,3.419549203976247,3.0269142222817598,0.0,0.20976599056748535,-0.18286899112700183,113.60656551605544,113.60656551605544,113.60656551605544,1.0,0.9,1.1,0.12,0.108,0.132,34.99403631605541,34.99403631605541,34.99403631605541,5.390216786591238,5.180450796023752,5.573085777718241,0.0,-0.2097659905674858,0.18286899112700272,0.0,0.2097659905674858,0.0,34.99403631605541
gen=48_member=8183_pso,1.0,0.9,1.1,0.12,0.108,0.132,0.0,0.2015512881705761,0.17512408627128861,0.0,0.20155128817057566,0.17512408627128906,0.12,0.12,0.12,3.077297589094499,3.2788488772650752,2.9021735028232105,0.0,0.2015512881705761,-0.17512408627128861,113.31840123703935,113.31840123703935,113.31840123703935,1.0,0.9,1.1,0.12,0.108,0.132,34.70587203703935,34.70587203703935,34.70587203703935,5.5227024109055005,5.321151122734925,5.69782649717679,0.0,-0.20155128817057566,0.17512408627128906,0.0,0.20155128817057566,0.0,34.70587203703935
gen=48_member=8200_pso,1.0,0.9,1.1,0.12,0.108,0.132,0.0,0.2080483899656418,0.18125799825647082,0.0,0.2080483899656418,0.1812579982564717,0.12,0.12,0.12,3.1672458805732453,3.375294270538887,2.9859878823167745,0.0,0.2080483899656418,-0.18125799825647082,113.50333501472365,113.50333501472365,113.50333501472365,1.0,0.9,1.1,0.12,0.108,0.132,34.89080581472363,34.89080581472363,34.89080581472363,5.432754119426754,5.224705729461112,5.614012117683226,0.0,-0.2080483899656418,0.1812579982564717,0.0,0.2080483899656418,0.0,34.89080581472363
gen=48_member=8203_pso,1.0,0.9,1.1,0.12,0.108,0.132,0.0,0.1684278355326554,0.14513910719559497,0.0,0.16842783553265583,0.14513910719559497,0.12,0.12,0.12,2.335212797343845,2.5036406328765004,2.19007369014825,0.0,0.1684278355326554,-0.14513910719559497,111.06637047260976,111.06637047260976,111.06637047260976,1.0,0.9,1.1,0.12,0.108,0.132,32.453841272609736,32.453841272609736,32.453841272609736,6.264787202656155,6.096359367123499,6.40992630985175,0.0,-0.16842783553265583,0.14513910719559497,0.0,0.16842783553265583,0.0,32.453841272609736
gen=48_member=8212_pso,1.0,0.9,1.1,0.12,0.108,0.132,0.0,0.1171393890081669,0.10110354986396453,0.0,0.1171393890081669,0.1011035498639643,0.12,0.12,0.12,1.266398238769936,1.3835376277781029,1.1652946889059714,0.0,0.1171393890081669,-0.10110354986396453,104.12144133870451,104.12144133870451,104.12144133870451,1.0,0.9,1.1,0.12,0.108,0.132,25.50891213870453,25.50891213870453,25.50891213870453,7.333601761230064,7.216462372221897,7.434705311094028,0.0,-0.1171393890081669,0.1011035498639643,0.0,0.1171393890081669,0.0,25.50891213870453
gen=48_member=8218_pso,1.0,0.9,1.1,0.12,0.108,0.132,0.0,0.23299301104720982,0.2041947086454856,0.0,0.23299301104720982,0.2041947086454856,0.12,0.12,0.12,4.033988191639938,4.266981202687147,3.829793482994452,0.0,0.23299301104720982,-0.2041947086454856,115.23616721974857,115.23616721974857,115.23616721974857,1.0,0.9,1.1,0.12,0.108,0.132,36.62363801974855,36.62363801974855,36.62363801974855,4.566011808360062,4.333018797312852,4.770206517005548,0.0,-0.23299301104720982,0.2041947086454856,0.0,0.23299301104720982,0.0,36.62363801974855
gen=48_member=8227_pso,1.0,0.9,1.1,0.12,0.108,0.132,0.0,0.1895872970344903,0.16427377225362294,0.0,0.18958729703448896,0.16427377225362338,0.12,0.12,0.12,2.7552995004033938,2.944886797437884,2.591025728149771,0.0,0.1895872970344903,-0.16427377225362294,112.51987189461022,112.51987189461022,112.51987189461022,1.0,0.9,1.1,0.12,0.108,0.132,33.90734269461019,33.90734269461019,33.90734269461019,5.844700499596605,5.6551132025621165,6.008974271850229,0.0,-0.18958729703448896,0.16427377225362338,0.0,0.18958729703448896,0.0,33.90734269461019
gen=48_member=8233_pso,1.0,0.9,1.1,0.12,0.108,0.132,0.0,0.20087654121397325,0.17445714116480548,0.0,0.20087654121397414,0.1744571411648046,0.12,0.12,0.12,3.0624463998642413,3.2633229410782145,2.887989258699436,0.0,0.20087654121397325,-0.17445714116480548,113.28894322474264,113.28894322474264,113.28894322474264,1.0,0.9,1.1,0.12,0.108,0.132,34.67641402474263,34.67641402474263,34.67641402474263,5.537553600135759,5.336677058921785,5.712010741300563,0.0,-0.20087654121397414,0.1744571411648046,0.0,0.20087654121397414,0.0,34.67641402474263
gen=48_member=8234_pso,1.0,0.9,1.1,0.12,0.108,0.132,0.0,0.1075461578818453,0.09240910663040536,0.0,0.10754615788184552,0.09240910663040491,0.12,0.12,0.12,1.1267995679231435,1.2343457258049888,1.0343904612927382,0.0,0.1075461578818453,-0.09240910663040536,102.39446659084273,102.39446659084273,102.39446659084273,1.0,0.9,1.1,0.12,0.108,0.132,23.781937390842728,23.781937390842728,23.781937390842728,7.473200432076856,7.365654274195011,7.565609538707261,0.0,-0.10754615788184552,0.09240910663040491,0.0,0.10754615788184552,0.0,23.781937390842728
gen=48_member=8245_pso,1.0,0.9,1.1,0.12,0.108,0.132,0.0,0.239469178224188,0.2105911966358014,0.0,0.239469178224188,0.21059119663580184,0.12,0.12,0.12,4.1712068907145685,4.4106760689387565,3.960615694078767,0.0,0.239469178224188,-0.2105911966358014,115.49141561911075,115.49141561911075,115.49141561911075,1.0,0.9,1.1,0.12,0.108,0.132,36.87888641911074,36.87888641911074,36.87888641911074,4.428793109285431,4.189323931061243,4.639384305921233,0.0,-0.239469178224188,0.21059119663580184,0.0,0.239469178224188,0.0,36.87888641911074
gen=48_member=8255_pso,1.0,0.9,1.1,0.12,0.108,0.132,0.0,0.0889133783575472,0.07567234100740217,0.0,0.08891337835754687,0.07567234100740272,0.12,0.12,0.12,0.9072063929299552,0.9961197712875024,0.831534051922553,0.0,0.0889133783575472,-0.07567234100740217,97.30460953426017,97.30460953426017,97.30460953426017,1.0,0.9,1.1,0.12,0.108,0.132,18.692080334260165,18.692080334260165,18.692080334260165,7.692793607070044,7.603880228712497,7.768465948077447,0.0,-0.08891337835754687,0.07567234100740272,0.0,0.08891337835754687,0.0,18.692080334260165
gen=49_member=8286_pso,1.0,0.9,1.1,0.12,0.108,0.132,0.0,0.16235459921366813,0.1397155467788136,0.0,0.16235459921366857,0.13971554677881404,0.12,0.12,0.12,2.1855188028063663,2.3478734020200345,2.0458032560275528,0.0,0.16235459921366813,-0.1397155467788136,110.49827600923484,110.49827600923484,110.49827600923484,1.0,0.9,1.1,0.12,0.108,0.132,31.88574680923485,31.88574680923485,31.88574680923485,6.414481197193633,6.252126597979965,6.554196743972447,0.0,-0.16235459921366857,0.13971554677881404,0.0,0.16235459921366857,0.0,31.88574680923485
gen=49_member=8310_pso,1.0,0.9,1.1,0.12,0.108,0.132,0.0,0.1488150535441688,0.12800056471471,0.0,0.14881505354416902,0.12800056471470977,0.12,0.12,0.12,1.8814224001312525,2.0302374536754213,1.7534218354165425,0.0,0.1488150535441688,-0.12800056471471,109.04929868862573,109.04929868862573,109.04929868862573,1.0,0.9,1.1,0.12,0.108,0.132,30.43676948862573,30.43676948862573,30.43676948862573,6.718577599868747,6.569762546324578,6.846578164583457,0.0,-0.14881505354416902,0.12800056471470977,0.0,0.14881505354416902,0.0,30.43676948862573
gen=49_member=8311_pso,1.0,0.9,1.1,0.12,0.108,0.132,0.0,0.22415891293650647,0.1962933885516578,0.0,0.22415891293650603,0.19629338855165734,0.12,0.12,0.12,3.705575891176805,3.9297348041133113,3.509282502625147,0.0,0.22415891293650647,-0.1962933885516578,114.61986646709175,114.61986646709175,114.61986646709175,1.0,0.9,1.1,0.12,0.108,0.132,36.00733726709178,36.00733726709178,36.00733726709178,4.894424108823195,4.670265195886689,5.090717497374852,0.0,-0.22415891293650603,0.19629338855165734,0.0,0.22415891293650603,0.0,36.00733726709178
gen=49_member=8327_pso,1.0,0.9,1.1,0.12,0.108,0.132,0.0,0.14519503550234636,0.12467388704011939,0.0,0.14519503550234703,0.12467388704011828,0.12,0.12,0.12,1.8067379306649052,1.9519329661672515,1.6820640436247858,0.0,0.14519503550234636,-0.12467388704011939,108.7194859916118,108.7194859916118,108.7194859916118,1.0,0.9,1.1,0.12,0.108,0.132,30.10695679161178,30.10695679161178,30.10695679161178,6.793262069335095,6.648067033832748,6.917935956375214,0.0,-0.14519503550234703,0.12467388704011828,0.0,0.14519503550234703,0.0,30.10695679161178
gen=49_member=8356_pso,1.0,0.9,1.1,0.12,0.108,0.132,0.0,0.174017809617935,0.15010686233988135,0.0,0.17401780961793367,0.15010686233988224,0.12,0.12,0.12,2.455078154837682,2.629095964455617,2.3049712924978007,0.0,0.174017809617935,-0.15010686233988135,111.49615852713904,111.49615852713904,111.49615852713904,1.0,0.9,1.1,0.12,0.108,0.132,32.88362932713905,32.88362932713905,32.88362932713905,6.144921845162317,5.970904035544383,6.295028707502199,0.0,-0.17401780961793367,0.15010686233988224,0.0,0.17401780961793367,0.0,32.88362932713905
gen=49_member=8363_pso,1.0,0.9,1.1,0.12,0.108,0.132,0.0,0.21706345907008062,0.1897377949387966,0.0,0.21706345907008107,0.1897377949387966,0.12,0.12,0.12,3.4397528364932968,3.6568162955633774,3.2500150415545,0.0,0.21706345907008062,-0.1897377949387966,114.09033708817222,114.09033708817222,114.09033708817222,1.0,0.9,1.1,0.12,0.108,0.132,35.477807888172215,35.477807888172215,35.477807888172215,5.160247163506703,4.943183704436622,5.3499849584455,0.0,-0.21706345907008107,0.1897377949387966,0.0,0.21706345907008107,0.0,35.477807888172215
gen=49_member=8375_pso,1.0,0.9,1.1,0.12,0.108,0.132,0.0,0.17538964641481902,0.15147346440675724,0.0,0.17538964641481947,0.1514734644067559,0.12,0.12,0.12,2.4853491554079423,2.6607388018227613,2.333875691001185,0.0,0.17538964641481902,-0.15147346440675724,111.62695382041578,111.62695382041578,111.62695382041578,1.0,0.9,1.1,0.12,0.108,0.132,33.01442462041577,33.01442462041577,33.01442462041577,6.114650844592058,5.939261198177238,6.266124308998814,0.0,-0.17538964641481947,0.1514734644067559,0.0,0.17538964641481947,0.0,33.01442462041577
gen=49_member=8399_pso,1.0,0.9,1.1,0.12,0.108,0.132,0.0,0.22264889821044642,0.19489644149040863,0.0,0.22264889821044687,0.19489644149040863,0.12,0.12,0.12,3.626218563359731,3.8488674615701775,3.4313221218693224,0.0,0.22264889821044642,-0.19489644149040863,114.46434543963164,114.46434543963164,114.46434543963164,1.0,0.9,1.1,0.12,0.108,0.132,35.85181623963164,35.85181623963164,35.85181623963164,4.973781436640269,4.751132538429822,5.168677878130677,0.0,-0.22264889821044687,0.19489644149040863,0.0,0.22264889821044687,0.0,35.85181623963164
gen=50_member=8443_pso,1.0,0.9,1.1,0.12,0.108,0.132,0.0,0.1349504087184108,0.11567025037068324,0.0,0.13495040871840924,0.1156702503706839,0.12,0.12,0.12,1.6286550645203903,1.7636054732388011,1.512984814149707,0.0,0.1349504087184108,-0.11567025037068324,107.6412809204358,107.6412809204358,107.6412809204358,1.0,0.9,1.1,0.12,0.108,0.132,29.0287517204358,29.0287517204358,29.0287517204358,6.971344935479609,6.836394526761199,7.0870151858502926,0.0,-0.13495040871840924,0.1156702503706839,0.0,0.13495040871840924,0.0,29.0287517204358
gen=50_member=8445_pso,1.0,0.9,1.1,0.12,0.108,0.132,0.0,0.09739587838012853,0.08334384707006193,0.0,0.09739587838012831,0.08334384707006226,0.12,0.12,0.12,1.0154703928416016,1.11286627122173,0.9321265457715396,0.0,0.09739587838012853,-0.08334384707006193,99.5599013071458,99.5599013071458,99.5599013071458,1.0,0.9,1.1,0.12,0.108,0.132,20.947372107145803,20.947372107145803,20.947372107145803,7.584529607158398,7.48713372877827,7.66787345422846,0.0,-0.09739587838012831,0.08334384707006226,0.0,0.09739587838012831,0.0,20.947372107145803
gen=50_member=8464_pso,1.0,0.9,1.1,0.12,0.108,0.132,0.0,0.21253697934446336,0.1854337247007658,0.0,0.21253697934446247,0.1854337247007667,0.12,0.12,0.12,3.287377222546114,3.4999142018905776,3.1019434978453484,0.0,0.21253697934446336,-0.1854337247007658,113.78182539734084,113.78182539734084,113.78182539734084,1.0,0.9,1.1,0.12,0.108,0.132,35.16929619734085,35.16929619734085,35.16929619734085,5.312622777453885,5.100085798109422,5.498056502154651,0.0,-0.21253697934446247,0.1854337247007667,0.0,0.21253697934446247,0.0,35.16929619734085
gen=50_member=8467_pso,1.0,0.9,1.1,0.12,0.108,0.132,0.0,0.13178411664840128,0.11277998985434867,0.0,0.13178411664840173,0.11277998985434845,0.12,0.12,0.12,1.5692285694059316,1.7010126860543329,1.456448579551583,0.0,0.13178411664840128,-0.11277998985434867,107.04427925450412,107.04427925450412,107.04427925450412,1.0,0.9,1.1,0.12,0.108,0.132,28.43175005450413,28.43175005450413,28.43175005450413,7.0307714305940685,6.898987313945667,7.143551420448417,0.0,-0.13178411664840173,0.11277998985434845,0.0,0.13178411664840173,0.0,28.43175005450413
gen=50_member=8469_pso,1.0,0.9,1.1,0.12,0.108,0.132,0.0,0.12260018502788861,0.10616484541883886,0.0,0.12260018502788839,0.10616484541883864,0.12,0.12,0.12,1.3973096615726888,1.5199098466005774,1.29114481615385,0.0,0.12260018502788861,-0.10616484541883886,105.95516739080225,105.95516739080225,105.95516739080225,1.0,0.9,1.1,0.12,0.108,0.132,27.342638190802248,27.342638190802248,27.342638190802248,7.202690338427311,7.080090153399422,7.308855183846149,0.0,-0.12260018502788839,0.10616484541883864,0.0,0.12260018502788839,0.0,27.342638190802248
gen=50_member=8474_pso,1.0,0.9,1.1,0.12,0.108,0.132,0.0,0.1321433271068555,0.11346528003838063,0.0,0.1321433271068546,0.11346528003838152,0.12,0.12,0.12,1.545008856601091,1.6771521837079466,1.4315435765627105,0.0,0.1321433271068555,-0.11346528003838063,106.98164959812442,106.98164959812442,106.98164959812442,1.0,0.9,1.1,0.12,0.108,0.132,28.369120398124423,28.369120398124423,28.369120398124423,7.054991143398908,6.9228478162920535,7.16845642343729,0.0,-0.1321433271068546,0.11346528003838152,0.0,0.1321433271068546,0.0,28.369120398124423
gen=50_member=8483_pso,1.0,0.9,1.1,0.12,0.108,0.132,0.0,0.16441346064413098,0.1416355815895587,0.0,0.16441346064413054,0.1416355815895587,0.12,0.12,0.12,2.254748390424492,2.419161851068623,2.1131128088349334,0.0,0.16441346064413098,-0.1416355815895587,110.73703463561304,110.73703463561304,110.73703463561304,1.0,0.9,1.1,0.12,0.108,0.132,32.12450543561306,32.12450543561306,32.12450543561306,6.345251609575508,6.180838148931377,6.486887191165066,0.0,-0.16441346064413054,0.1416355815895587,0.0,0.16441346064413054,0.0,32.12450543561306
gen=50_member=8487_pso,1.0,0.9,1.1,0.12,0.108,0.132,0.0,0.2182894375201374,0.19089693539436903,0.0,0.21828943752013696,0.19089693539437036,0.12,0.12,0.12,3.452149122351013,3.67043855987115,3.2612521869566438,0.0,0.2182894375201374,-0.19089693539436903,114.11515107067714,114.11515107067714,114.11515107067714,1.0,0.9,1.1,0.12,0.108,0.132,35.50262187067714,35.50262187067714,35.50262187067714,5.147850877648986,4.9295614401288494,5.338747813043357,0.0,-0.21828943752013696,0.19089693539437036,0.0,0.21828943752013696,0.0,35.50262187067714
gen=50_member=8489_pso,1.0,0.9,1.1,0.12,0.108,0.132,0.0,0.18986851095797874,0.1645381092984124,0.0,0.18986851095797874,0.1645381092984124,0.12,0.12,0.12,2.7621716131516663,2.952040124109645,2.597633503853254,0.0,0.18986851095797874,-0.1645381092984124,112.54060445372608,112.54060445372608,112.54060445372608,1.0,0.9,1.1,0.12,0.108,0.132,33.928075253726064,33.928075253726064,33.928075253726064,5.837828386848333,5.647959875890354,6.002366496146745,0.0,-0.18986851095797874,0.1645381092984124,0.0,0.18986851095797874,0.0,33.928075253726064
gen=50_member=8506_pso,1.0,0.9,1.1,0.12,0.108,0.132,0.0,0.22646233714334096,0.19840303366851542,0.0,0.22646233714334052,0.19840303366851586,0.12,0.12,0.12,3.790883183568052,4.017345520711393,3.5924801498995365,0.0,0.22646233714334096,-0.19840303366851542,114.79024000932584,114.79024000932584,114.79024000932584,1.0,0.9,1.1,0.12,0.108,0.132,36.17771080932583,36.17771080932583,36.17771080932583,4.809116816431947,4.582654479288607,5.007519850100463,0.0,-0.22646233714334052,0.19840303366851586,0.0,0.22646233714334052,0.0,36.17771080932583
gen=50_member=8507_pso,1.0,0.9,1.1,0.12,0.108,0.132,0.0,0.1362861538184399,0.11679720545039074,0.0,0.1362861538184399,0.11679720545039096,0.12,0.12,0.12,1.6492785593130492,1.7855647131314891,1.5324813538626585,0.0,0.1362861538184399,-0.11679720545039074,107.7256543226606,107.7256543226606,107.7256543226606,1.0,0.9,1.1,0.12,0.108,0.132,29.113125122660595,29.113125122660595,29.113125122660595,6.950721440686951,6.814435286868511,7.067518646137342,0.0,-0.1362861538184399,0.11679720545039096,0.0,0.1362861538184399,0.0,29.113125122660595
gen=50_member=8550_pso,1.0,0.9,1.1,0.12,0.108,0.132,0.0,0.21790149001128123,0.19051525465080177,0.0,0.21790149001128256,0.19051525465080132,0.12,0.12,0.12,3.4108893975704637,3.628790887581745,3.220374142919662,0.0,0.21790149001128123,-0.19051525465080177,114.048036980763,114.048036980763,114.048036980763,1.0,0.9,1.1,0.12,0.108,0.132,35.43550778076299,35.43550778076299,35.43550778076299,5.189110602429537,4.971209112418254,5.379625857080338,0.0,-0.21790149001128256,0.19051525465080132,0.0,0.21790149001128256,0.0,35.43550778076299
gen=50_member=8555_pso,1.0,0.9,1.1,0.12,0.108,0.132,0.0,0.20542022080286237,0.17865783011887615,0.0,0.20542022080286237,0.17865783011887615,0.12,0.12,0.12,3.122777075087054,3.3281972958899164,2.944119244968178,0.0,0.20542022080286237,-0.17865783011887615,113.41079092144058,113.41079092144058,113.41079092144058,1.0,0.9,1.1,0.12,0.108,0.132,34.798261721440575,34.798261721440575,34.798261721440575,5.477222924912946,5.271802704110083,5.655880755031822,0.0,-0.20542022080286237,0.17865783011887615,0.0,0.20542022080286237,0.0,34.798261721440575
gen=50_member=8572_pso,1.0,0.9,1.1,0.12,0.108,0.132,0.0,0.21703287586082087,0.18971449523211614,0.0,0.21703287586082087,0.18971449523211614,0.12,0.12,0.12,3.389579700812769,3.60661257667359,3.199865205580653,0.0,0.21703287586082087,-0.18971449523211614,113.9932995790646,113.9932995790646,113.9932995790646,1.0,0.9,1.1,0.12,0.108,0.132,35.38077037906462,35.38077037906462,35.38077037906462,5.210420299187231,4.99338742332641,5.400134794419347,0.0,-0.21703287586082087,0.18971449523211614,0.0,0.21703287586082087,0.0,35.38077037906462
gen=50_member=8579_pso,1.0,0.9,1.1,0.12,0.108,0.132,0.0,0.21537527970020198,0.188185834866073,0.0,0.21537527970020243,0.1881858348660721,0.12,0.12,0.12,3.341960069793125,3.557335349493327,3.153774234927052,0.0,0.21537527970020198,-0.188185834866073,113.8800327557172,113.8800327557172,113.8800327557172,1.0,0.9,1.1,0.12,0.108,0.132,35.267503555717184,35.267503555717184,35.267503555717184,5.258039930206875,5.042664650506673,5.446225765072947,0.0,-0.21537527970020243,0.1881858348660721,0.0,0.21537527970020243,0.0,35.267503555717184
gen=50_member=8584_pso,1.0,0.9,1.1,0.12,0.108,0.132,0.0,0.2361335015958428,0.20716767743218156,0.0,0.2361335015958428,0.20716767743218156,0.12,0.12,0.12,4.0997561143955386,4.335889615991381,3.892588436963357,0.0,0.2361335015958428,-0.20716767743218156,115.38886435260385,115.38886435260385,115.38886435260385,1.0,0.9,1.1,0.12,0.108,0.132,36.77633515260383,36.77633515260383,36.77633515260383,4.500243885604461,4.264110384008618,4.707411563036643,0.0,-0.2361335015958428,0.20716767743218156,0.0,0.2361335015958428,0.0,36.77633515260383
gen=50_member=8596_pso,1.0,0.9,1.1,0.12,0.108,0.132,0.0,0.1609050435561774,0.13837391207039285,0.0,0.16090504355617696,0.13837391207039396,0.12,0.12,0.12,2.1344595323964763,2.2953645759526538,1.9960856203260835,0.0,0.1609050435561774,-0.13837391207039285,110.26866020020005,110.26866020020005,110.26866020020005,1.0,0.9,1.1,0.12,0.108,0.132,31.656131000200023,31.656131000200023,31.656131000200023,6.465540467603523,6.304635424047346,6.603914379673917,0.0,-0.16090504355617696,0.13837391207039396,0.0,0.16090504355617696,0.0,31.656131000200023
