member,pumping_objective_reeval_cfs,baseline_streamflow_cfs,baseline_depletion_cfs,expected_streamflow_cfs,expected_depletion_cfs,expected_streamflow_bias_from_baseline_cfs,expected_depletion_bias_from_baseline_cfs,probability_weighted_absolute_streamflow_error_cfs,probability_weighted_absolute_depletion_error_cfs,probability_weighted_streamflow_shortfall_cfs,probability_weighted_depletion_excess_cfs,streamflow_std_cfs,depletion_std_cfs,streamflow_p05_cfs,streamflow_p50_cfs,streamflow_p95_cfs,depletion_p05_cfs,depletion_p50_cfs,depletion_p95_cfs
152,39.0854414587126,3.817417778672291,4.782582221327709,3.804529342247905,4.7954706577520945,-0.012888436424385752,0.012888436424385752,0.1815047705700278,0.18150477057002787,0.09719660349720669,0.09719660349720667,0.22676310377146572,0.22676310377146572,3.3339652871192156,3.7673836800191634,4.1227784258732365,4.395765398487554,4.734843316585269,5.145543339537007
gen=36_member=6021_pso,15.730428646974955,7.788916635028518,0.8110833649714815,7.783924929629041,0.8160750703709585,-0.00499170539947702,0.00499170539947702,0.05425615590139965,0.05425615590139962,0.029623930650438387,0.029623930650438335,0.06796440788702593,0.06796440788702594,7.639769648560457,7.773870218527691,7.877760042447909,0.6992306926197378,0.7969751782714761,0.922183577510271
16,38.46752870631738,4.1107264072597065,4.489273592740293,4.098079400897982,4.501920599102018,-0.012647006361724777,0.012647006361724777,0.17515374761601213,0.17515374761601224,0.09390037698886838,0.09390037698886855,0.21886474156624583,0.21886474156624586,3.643294825767191,4.06245031419369,4.4049390599600775,4.116723277917281,4.443221344556502,4.840053380803397
130,38.60014577795708,3.909289396566261,4.690710603433739,3.8964880937466386,4.703511906253362,-0.012801302819622329,0.012801302819623217,0.1788092226683646,0.17880922266836455,0.09580526274399347,0.09580526274399354,0.22339559405710174,0.22339559405710172,3.4326909053159427,3.859963504061162,4.2098731737978365,4.310093873283036,4.643656997665953,5.048520031504297
95,38.90068138512153,3.8987316375181695,4.701268362481829,3.885646389169196,4.714353610830804,-0.013085248348973622,0.01308524834897451,0.18099988101839148,0.1809998810183916,0.09704256468368261,0.09704256468368305,0.22613816127125394,0.22613816127125397,3.416024911327311,3.848729698315064,4.202785849447016,4.316245435998362,4.653715838142923,5.063675759143717
156,37.61379239712806,4.173504185956189,4.42649581404381,4.161080053010483,4.438919946989517,-0.012424132945706212,0.0124241329457071,0.1717344865166188,0.1717344865166188,0.09207930973116285,0.09207930973116285,0.21458265813478217,0.2145826581347822,3.7151483842141166,4.126142116454609,4.461894395191626,4.061362048220686,4.3813125955867935,4.770467052095734
gen=47_member=7948_pso,28.52993245450245,7.029701362701273,1.5702986372987264,7.021726720915495,1.5782732790845044,-0.007974641785777337,0.007974641785778003,0.09080078277826306,0.09080078277826313,0.04938771228202031,0.04938771228202046,0.11368392158121604,0.11368392158121608,6.7816003482997695,7.004545675112682,7.179208965151829,1.3818218488375391,1.5466402105846515,1.7553612359219557
gen=48_member=8161_pso,24.508282368015493,7.429739108582357,1.1702608914176431,7.423012409137357,1.176987590862643,-0.0067266994450001505,0.0067266994449999284,0.07897254537146202,0.07897254537146205,0.042849622408231015,0.042849622408230925,0.0988156434248425,0.09881564342484253,7.215008531304722,7.407857763137508,7.560198641060742,1.005724387486217,1.149646393162263,1.3307146687060276
gen=33_member=5661_pso,36.89173247767671,4.384245798156488,4.215754201843512,4.3719844717252965,4.228015528274704,-0.012261326431191932,0.012261326431191932,0.1671576768833037,0.16715767688330374,0.0897095016572482,0.08970950165724786,0.20887944248921472,0.20887944248921478,3.937625547590922,4.338072899856742,4.664669424428118,3.860739152700646,4.171864430649762,4.550882566056445
gen=47_member=7921_pso,37.029124549782175,4.328992385422142,4.271007614577858,4.31665815884169,4.28334184115831,-0.012334226580451357,0.012334226580452246,0.16793465017526155,0.1679346501752615,0.09013443837785678,0.09013443837785674,0.20984808811877473,0.2098480881187746,3.8802138924606946,4.282606857484198,4.61064376214815,3.914449579548053,4.226882061635187,4.6077359124870165
gen=40_member=6722_pso,29.206608318766545,6.944390199200969,1.6556098007990303,6.936158566127711,1.6638414338722884,-0.008231633073258138,0.008231633073258138,0.09382316668171944,0.09382316668171933,0.05102739987748852,0.051027399877488756,0.11747457441147957,0.1174745744114795,6.688011543889838,6.91840245212812,7.09890121504709,1.4607920792149092,1.631166905815432,1.846821875081944
gen=48_member=8113_pso,37.01352492542517,4.367598270003123,4.232401729996877,4.355281596497715,4.244718403502285,-0.012316673505408104,0.012316673505408104,0.1671987020735322,0.16719870207353216,0.08975768778947014,0.08975768778947014,0.20894953412892994,0.20894953412892986,3.920560576711764,4.3214490019952905,4.6479344262228155,3.8775077510961253,4.18850640357989,4.567767476765554
gen=48_member=8218_pso,36.62363801974855,4.566011808360062,4.033988191639938,4.553844372508224,4.046155627491776,-0.012167435851837993,0.012167435851837993,0.16168089681663686,0.16168089681663683,0.08692416633423751,0.08692416633423751,0.20208769084261208,0.20208769084261205,4.132727205729626,4.521327788190392,4.836596171736569,3.6916048099800984,3.991590131673133,4.358855180195453
gen=42_member=7058_pso,17.82511697626178,7.735417742788297,0.8645822572117029,7.729851599565928,0.8701484004340708,-0.0055661432223690355,0.005566143222367925,0.06079508177877462,0.060795081778774476,0.0331806125005712,0.03318061250057119,0.07614590209016496,0.07614590209016484,7.568441851108263,7.718556608971999,7.835022019493045,0.7391799525022813,0.8487678230795472,0.9890049196504638
gen=48_member=8245_pso,36.87888641911074,4.428793109285431,4.1712068907145685,4.416526127684858,4.183473872315141,-0.012266981600572713,0.012266981600572713,0.16651141838602815,0.16651141838602812,0.0893891999933005,0.0893891999933005,0.20807668129068027,0.20807668129068022,3.9837609270712604,4.382773029809721,4.708041633137595,3.8176747825472406,4.12751551793318,4.505134816426518
gen=41_member=6922_pso,32.11592080418332,6.351789168161293,2.248210831838707,6.342077410055686,2.2579225899443145,-0.009711758105606982,0.009711758105607426,0.112943671453004,0.1129436714530041,0.061327714779305806,0.061327714779305716,0.1413904768874882,0.1413904768874883,6.043921134650529,6.32052085886902,6.538221256752649,2.0129787045122014,2.2187649171091817,2.477941366969657
gen=41_member=6885_pso,16.94814371857778,7.771434562059899,0.8285654379401006,7.76624860409821,0.8337513959017895,-0.005185957961689525,0.0051859579616888585,0.05685507424947698,0.056855074249477056,0.031020516105582995,0.031020516105582978,0.07121072918610205,0.07121072918610208,7.615338154021498,7.755669080657987,7.864628780257636,0.7112118544463313,0.813774812852104,0.9448826205070409
gen=37_member=6262_pso,25.372800727077287,7.35750189008454,1.2424981099154595,7.350677969834862,1.249322030165137,-0.006823920249678039,0.006823920249677595,0.08052987758372476,0.08052987758372475,0.04367689891670115,0.04367689891670113,0.1007563455341242,0.10075634553412417,7.138698598476329,7.3351898008243195,7.49060835880625,1.0746066428985404,1.221471485520368,1.4060325155805637
gen=39_member=6554_pso,22.91493475179726,7.524014684405143,1.0759853155948564,7.517500025798608,1.082499974201392,-0.0065146586065356615,0.0065146586065356615,0.0745289202183238,0.07452892021832416,0.040521789412429954,0.0405217894124299,0.0932852175003785,0.09328521750037883,7.320664267073277,7.50335631059291,7.646776413374594,0.9212579707150058,1.0565534057723012,1.2277955339284403
gen=44_member=7409_pso,29.02617500954204,6.981807724645755,1.6181922753542444,6.973737686023899,1.6262623139761003,-0.008070038621855957,0.008070038621855957,0.0919919660928231,0.09199196609282322,0.05003100235733944,0.050031002357339684,0.11517959471349307,0.11517959471349318,6.730451027347551,6.956326005852922,7.133303204676418,1.4271826827265832,1.594225354665188,1.8056679884703495
gen=33_member=5597_pso,20.42544700516081,7.606280688038594,0.9937193119614058,7.600459232985933,0.9995407670140659,-0.005821455052661406,0.005821455052660074,0.06673435502429392,0.06673435502429391,0.03627790503847727,0.036277905038477026,0.08353174476738211,0.08353174476738208,7.424213951301988,7.587786328993902,7.716234099491696,0.8551119552615323,0.9763205068981907,1.1296300228447793
gen=35_member=5926_pso,28.75848621927199,6.994155876481956,1.6058441235180438,6.986055812092542,1.613944187907458,-0.008100064389413575,0.008100064389414241,0.09173233082620776,0.09173233082620763,0.049916197607810825,0.04991619760781085,0.11486587480674042,0.11486587480674035,6.743273044518954,6.968744590166756,7.145112219490835,1.4155401892317134,1.5819528842910886,1.7929146697447815
gen=42_member=7147_pso,36.78548226240043,4.474642478923138,4.125357521076862,4.462432999309677,4.137567000690322,-0.012209479613460417,0.012209479613460417,0.1655054939480578,0.16550549394805772,0.08885748678075925,0.08885748678075925,0.20681968263077607,0.20681968263077594,4.032305184865496,4.428878803711359,4.752184173344693,3.77398510286669,4.081942557835598,4.457274800121776
gen=47_member=7992_pso,37.30318347661641,4.184647125278167,4.415352874721832,4.172206375681382,4.427793624318617,-0.012440749596785317,0.012440749596784428,0.1714247852017507,0.17142478520175058,0.09193276739926774,0.09193276739926776,0.2142024414791537,0.21420244147915368,3.7269636187254456,4.137371722091726,4.472460002486887,4.050955562530145,4.370283048475344,4.758801439654521
gen=44_member=7479_pso,29.726992928553692,6.827295500554288,1.7727044994457113,6.8187818571026035,1.7812181428973954,-0.008513643451684594,0.00851364345168415,0.09820892933335404,0.09820892933335396,0.05336128639251887,0.053361286392519115,0.12294921580530721,0.12294921580530721,6.559354838864337,6.800098935424015,6.989252226670368,1.5684294393677707,1.7471061066056683,1.9726181463917902
gen=46_member=7840_pso,27.838357196260656,7.13740674699663,1.4625932530033692,7.130100421167159,1.469899578832842,-0.00730632582947166,0.007306325829472771,0.08679323007089856,0.08679323007089841,0.04704977795018552,0.04704977795018557,0.10871446469856307,0.10871446469856302,6.900766039797871,7.113466164895893,7.281084597169825,1.2811305260757064,1.439975334760633,1.63894917634185
gen=36_member=6076_pso,37.07165394641189,4.285591750068875,4.314408249931125,4.2731487611048795,4.326851238895119,-0.012442988963995205,0.012442988963994317,0.1695260219487526,0.1695260219487526,0.09098450545637393,0.09098450545637396,0.21183180810964808,0.2118318081096481,3.8328533045625823,4.238685909838816,4.570050747282399,3.9541816678088986,4.269964133311291,4.654232263131825
gen=39_member=6576_pso,24.57679423226629,7.389358682126496,1.2106413178735036,7.382765016441679,1.2172349835583198,-0.006593665684817118,0.00659366568481623,0.07815490222938974,0.07815490222938969,0.042374283957102944,0.04237428395710284,0.09778396321356381,0.09778396321356374,7.177100621499166,7.367708580933447,7.518606292475896,1.0475860871212606,1.19023295206308,1.3692899395055014
gen=46_member=7833_pso,30.273822445456965,6.762605183780384,1.837394816219615,6.753991428902262,1.8460085710977374,-0.008613754878122215,0.008613754878122437,0.10033271879556191,0.10033271879556177,0.05447323683684217,0.05447323683684215,0.1255892331785671,0.12558923317856702,6.489252222156176,6.734822739089557,6.928239864481438,1.6284413982166082,1.811229506370256,2.0414357162248553
gen=36_member=6039_pso,34.236759922666806,5.713420907461048,2.8865790925389523,5.702496914811619,2.8975030851883794,-0.010923992649428449,0.010923992649427117,0.13427383374238105,0.13427383374238078,0.07259891319590446,0.0725989131959041,0.16797321486104397,0.16797321486104377,5.35011401003231,5.6762716460007105,5.93638946567264,2.604904873284898,2.851483355742192,3.158248779852414
gen=45_member=7630_pso,20.273425248681576,7.635685795159002,0.9643142048409978,7.6295999316022565,0.9704000683977427,-0.006085863556745785,0.006085863556744897,0.06741950644559716,0.0674195064455971,0.03675268500117119,0.03675268500117102,0.08442378816131639,0.08442378816131631,7.450904778138749,7.616989802049507,7.7463260793474955,0.8249747989835211,0.9467631935866103,1.102090549739183
gen=41_member=7002_pso,31.456010064777686,6.50676668571727,2.0932333142827297,6.497478826396805,2.102521173603194,-0.009287859320465053,0.009287859320464165,0.10857244964610006,0.10857244964610017,0.05893015448328221,0.058930154483282114,0.13590933560034132,0.13590933560034135,6.211021074138823,6.47671184870482,6.686088863368699,1.866952915298588,2.06492040666914,2.313969032354911
gen=44_member=7416_pso,22.53949283051267,7.562654399840738,1.0373456001592622,7.556211844539293,1.0437881554607062,-0.0064425553014446635,0.006442555301443997,0.07272419954485455,0.07272419954485433,0.039583377423149456,0.03958337742314913,0.09104296417221089,0.09104296417221078,7.363857843632771,7.542492734130135,7.682260888146613,0.8866439150500688,1.0183964261743212,1.1856788332497668
gen=48_member=8130_pso,30.29664546331896,6.733698320330934,1.8663016796690663,6.725046943037543,1.874953056962455,-0.008651377293390716,0.008651377293388718,0.10091400518504147,0.1009140051850416,0.054782691239215364,0.05478269123921526,0.12631792341973658,0.12631792341973666,6.458790869891322,6.7057569714475775,6.900323634406558,1.6560794791929672,1.8399851696927638,2.0714974693460677
gen=42_member=7150_pso,23.018345966531463,7.512751084270679,1.087248915729321,7.506395259760491,1.0936047402395093,-0.006355824510188235,0.006355824510188235,0.07172302360966946,0.07172302360966946,0.0390394240599291,0.03903942405992892,0.08979018533944223,0.08979018533944218,7.3166817536533255,7.492867016436576,7.630707050998065,0.9386268973838128,1.068561020266425,1.2335449100306672
gen=46_member=7861_pso,36.57795625745423,4.592398918242795,4.007601081757205,4.580352853247664,4.019647146752336,-0.012046064995130834,0.012046064995130834,0.16290436688701584,0.16290436688701593,0.08747521594107316,0.0874752159410732,0.20358683914452363,0.20358683914452366,4.156623007104687,4.547428349125187,4.865458196590559,3.661977076876106,3.9648301517477202,4.334447206518325
gen=47_member=8013_pso,24.18988587830649,7.452237678911723,1.147762321088277,7.445611898170708,1.1543881018292916,-0.0066257807410146086,0.0066257807410146086,0.07665318905521866,0.07665318905521873,0.041639484898116565,0.04163948489811671,0.09593113667166217,0.09593113667166227,7.243403245019523,7.430994431199848,7.578658892560235,0.9883756123267818,1.1277666451996695,1.3037276369854192
gen=34_member=5833_pso,37.05546674905064,4.3065435066022655,4.293456493397734,4.294249207922807,4.305750792077193,-0.012294298679458748,0.012294298679458748,0.16872566550507984,0.16872566550507975,0.09050998209226921,0.09050998209226921,0.2108290367118235,0.2108290367118234,3.8559663476106723,4.259971855932611,4.589751119341582,3.934944005737555,4.249114905113724,4.631574205919356
gen=29_member=4835_pso,31.16289112554577,6.575014360023404,2.024985639976596,6.565863630550939,2.0341363694490604,-0.009150729472465535,0.009150729472464203,0.10697575711105911,0.10697575711105906,0.05806324329176209,0.058063243291761685,0.13390172713273624,0.1339017271327362,6.283680506496236,6.545395449852794,6.751690999250851,1.8020707168515289,1.9970849663727444,2.24245887349486
gen=43_member=7309_pso,28.362383210764136,7.063589597449552,1.5364104025504484,7.0556898445327025,1.5443101554672962,-0.007899752916849856,0.007899752916847858,0.08934737279048893,0.08934737279048889,0.04862356285366886,0.04862356285366838,0.1119203813519194,0.11192038135191927,6.819070076861448,7.038852719272634,7.2106644544477385,1.350655181097567,1.513168703927656,1.7186719775693842
gen=42_member=7162_pso,34.265693983561704,5.67901004605478,2.9209899539452198,5.667991378373382,2.932008621626618,-0.011018667681398142,0.011018667681398142,0.13476879003189468,0.13476879003189463,0.07289372885664647,0.07289372885664622,0.16861478418210066,0.1686147841821006,5.314025732384283,5.641729746765703,5.9026944570013855,2.638420959128045,2.8857772979605576,3.1938005272728422
gen=43_member=7394_pso,29.69937939750987,6.85907675375209,1.7409232462479096,6.85065007268739,1.7493499273126099,-0.008426681064699793,0.008426681064700237,0.0968963301281838,0.09689633012818384,0.05266150559644212,0.052661505596442074,0.12131031843093981,0.12131031843093988,6.594606108014055,6.832242167003454,7.018810400989938,1.5394703184721779,1.7156702723432724,1.9382268902129354
gen=47_member=7994_pso,27.707961235794844,7.174490003312835,1.4255099966871652,7.167375481043955,1.4326245189560454,-0.007114522268880208,0.007114522268880208,0.0858106342154212,0.08581063421542116,0.04646257824215098,0.04646257824215068,0.10740746918299635,0.10740746918299626,6.941266692212624,7.150758225162965,7.316695806919768,1.2459851268332436,1.40309829145651,1.5994430977734093
gen=48_member=8212_pso,25.50891213870453,7.333601761230064,1.266398238769936,7.326818717857688,1.2731812821423103,-0.006783043372375452,0.006783043372374342,0.08074344908857851,0.0807434490885786,0.04376324623047642,0.04376324623047648,0.10101371590173479,0.10101371590173487,7.114461111123752,7.311233629225485,7.4671879590623504,1.0978659029069444,1.2453079030750451,1.430228327926614
gen=34_member=5718_pso,19.217975104740983,7.672470311191279,0.9275296888087196,7.6669578028911864,0.9330421971088125,-0.0055125083000922,0.0055125083000929775,0.060562033305655766,0.06056203330565571,0.03303727080287383,0.033037270802874344,0.07585120055572273,0.07585120055572268,7.506241669696299,7.655676724663461,7.771763880242747,0.8024942628648867,0.9117723094161425,1.0513941545635856
gen=40_member=6749_pso,32.03382245921868,6.373670999560371,2.226329000439628,6.363932748085435,2.236067251914565,-0.009738251474936455,0.009738251474936899,0.11299246046882194,0.11299246046882187,0.061365355971879046,0.06136535597187922,0.14145644853530337,0.1414564485353033,6.065564088892503,6.342389155992068,6.5601387188011735,1.9910781796066144,2.1968738798739684,2.4562145442832324
gen=45_member=7712_pso,31.96441941761888,6.393056356563795,2.206943643436204,6.383412150654134,2.2165878493458657,-0.009644205909660641,0.00964420590966153,0.11229465626943036,0.1122946562694301,0.060969431089545674,0.06096943108954578,0.14057600032840953,0.1405760003284094,6.086994717625417,6.361969091587025,6.578443160645836,1.9730418132894663,2.1776646874374643,2.4353271449284506
gen=49_member=8286_pso,31.88574680923485,6.414481197193633,2.1855188028063663,6.404879511758671,2.195120488241328,-0.009601685434962093,0.009601685434961649,0.11181592987468697,0.11181592987468697,0.060708807654824254,0.060708807654824275,0.1399761327547399,0.13997613275473988,6.109732276260319,6.383526685902496,6.59907918339705,1.9526109692177127,2.156363563609707,2.412928125833146
gen=47_member=7987_pso,32.3379503115816,6.291776607726359,2.308223392273641,6.281918918910596,2.3180810810894044,-0.009857688815762877,0.009857688815763321,0.11514369474997388,0.11514369474997403,0.0625006917828684,0.0625006917828686,0.14413142708481405,0.14413142708481408,5.978131948597265,6.259898194289914,6.481929128015625,2.0682956236087895,2.2781960932842544,2.542324876015036
gen=42_member=7104_pso,37.1305477391165,4.247723524139242,4.352276475860758,4.2352757265409275,4.364724273459072,-0.01244779759831438,0.01244779759831438,0.17024167886592373,0.1702416788659237,0.09134473823211937,0.09134473823211932,0.21272041890188648,0.21272041890188642,3.7931759599870536,4.200660759009104,4.533446564809048,3.9904663524416555,4.3076084497056595,4.6934496262896275
gen=44_member=7536_pso,23.46684587614881,7.48014819105545,1.119851808944549,7.473738583930501,1.126261416069498,-0.0064096071249490905,0.006409607124948868,0.07382950576052986,0.0738295057605297,0.04011955644273939,0.04011955644273933,0.09240300097381068,0.09240300097381048,7.278882776022034,7.459686521470913,7.601853148087246,0.9664270921048074,1.100596760834423,1.2701367716564678
gen=38_member=6480_pso,31.40713306593588,6.525518949741783,2.0744810502582167,6.516052535694265,2.0839474643057345,-0.009466414047517802,0.009466414047517802,0.10946456936991136,0.10946456936991152,0.05946549170871459,0.059465491708714624,0.13703964130335566,0.1370396413033557,6.226943577551583,6.495208953564437,6.70608928409419,1.8467018533866575,2.0459475725697773,2.2972587987659576
gen=43_member=7269_pso,36.83339971387087,4.456283809734449,4.14371619026555,4.443999322561972,4.156000677438028,-0.012284487172477654,0.012284487172477654,0.16590720749981613,0.1659072074998161,0.08909584733614694,0.08909584733614694,0.20732445895256404,0.207324458952564,4.012761622602921,4.410385274681212,4.734428562554069,3.7915570444959226,4.10023048345197,4.476525657344279
gen=35_member=5948_pso,37.07384621264411,4.260758125752932,4.339241874247068,4.248438196454467,4.351561803545533,-0.012319929298464594,0.012319929298464594,0.16989966221633876,0.16989966221633881,0.09110979575740166,0.09110979575740169,0.21230009419968895,0.212300094199689,3.807206891466117,4.213888130908548,4.5460638672649285,3.9779577321250628,4.294607223655176,4.679553042445288
gen=29_member=4871_pso,17.843497187733753,7.718456365090395,0.8815436349096046,7.713139820677384,0.886860179322616,-0.005316544413011215,0.005316544413011326,0.05913719318880158,0.05913719318880161,0.03222686880090646,0.03222686880090651,0.0740543470634731,0.07405434706347316,7.556426347747475,7.702061631328836,7.81555742987726,0.7592231103039788,0.866148657619272,1.0023501703123217
gen=36_member=6031_pso,31.338390787551678,6.545847233359204,2.054152766640796,6.536531717505706,2.063468282494294,-0.009315515853498546,0.009315515853498102,0.1083525702209671,0.1083525702209668,0.058834043037232886,0.05883404303723256,0.13563998054289364,0.13563998054289342,6.250511830781675,6.515848969939177,6.724702692349162,1.8285045266436464,2.0259020284731353,2.2745414296376683
gen=39_member=6689_pso,29.416418185838467,6.921290500188534,1.6787094998114656,6.9130556515221535,1.6869443484778457,-0.008234848666380579,0.008234848666380135,0.09452906988119551,0.09452906988119553,0.051381959273787775,0.051381959273787865,0.11834679717329807,0.11834679717329812,6.663237974732108,6.895109505626081,7.077088988919345,1.4822360847732277,1.6540741546652833,1.8712232217821512
gen=46_member=7811_pso,30.84800808580873,6.640381135980052,1.9596188640199477,6.6314141893987895,1.9685858106012106,-0.008966946581262292,0.008966946581262958,0.10474186374854264,0.10474186374854272,0.0568544051649027,0.05685440516490294,0.13110457611689671,0.1311045761168968,6.355119460646498,6.611378448482062,6.813352022720814,1.7413889328283292,1.9323018850850753,2.172565417905981
gen=36_member=6150_pso,29.51027094900253,6.884637529467785,1.715362470532215,6.876325300125941,1.7236746998740586,-0.00831222934184428,0.008312229341843613,0.09592562849629091,0.09592562849629088,0.052118928919067414,0.052118928919067255,0.12008577778707981,0.12008577778707975,6.622971993684703,6.858071118275733,7.0428313071075275,1.5158446348776877,1.6903564563142992,1.9106169335062422
gen=28_member=4698_pso,19.62453473077234,7.651146524895162,0.9488534751048376,7.645271600717666,0.9547283992823328,-0.005874924177495799,0.005874924177495133,0.06547099882537923,0.06547099882537916,0.03567296150143708,0.03567296150143719,0.08197969718906958,0.08197969718906951,7.471837386730476,7.6329939633760615,7.758666733325618,0.8134151402291173,0.931806041880852,1.0825690809654251
gen=45_member=7580_pso,29.41977376399195,6.907203242054345,1.692796757945654,6.898935738929713,1.7010642610702864,-0.008267503124632647,0.008267503124632425,0.09487052236197907,0.09487052236197895,0.051569012743305706,0.051569012743305775,0.11877578446114986,0.11877578446114974,6.648199584639512,6.880928287700755,7.06355904016598,1.495619106665056,1.6680732165472822,1.8860139687489486
gen=37_member=6318_pso,36.35850397821222,4.707369578522565,3.8926304214774334,4.695377080175454,3.9046229198245457,-0.01199249834711047,0.011992498347112246,0.15890055529540256,0.15890055529540276,0.0854465268212567,0.08544652682125724,0.19861125666661344,0.19861125666661356,4.2814279635514625,4.663445703446792,4.973220995865442,3.556267535492947,3.8509633651098873,4.211941977314562
gen=39_member=6634_pso,37.24656995207669,4.220798606210672,4.379201393789328,4.208392874631844,4.3916071253681555,-0.012405731578827961,0.012405731578827073,0.17077894108002822,0.17077894108002806,0.09159233632942809,0.09159233632942768,0.2133890003437537,0.21338900034375352,3.76482651709881,4.173685375695315,4.5074882952531885,4.0162508319163415,4.334287826109364,4.721370681726054
gen=46_member=7788_pso,32.533172613400616,6.245558410362484,2.354441589637516,6.235655316458908,2.3643446835410913,-0.009903093903576021,0.009903093903575133,0.11728131072904857,0.11728131072904846,0.06359220231631241,0.06359220231631198,0.14677239576477294,0.1467723957647729,5.926755864183682,6.213086930377842,6.439529451894569,2.109639216264275,2.323835238760472,2.5925612605571686
gen=46_member=7881_pso,27.192862415219388,7.223465064862035,1.376534935137965,7.2164196124103315,1.3835803875896677,-0.0070454524517034045,0.007045452451702738,0.08599003439271612,0.08599003439271612,0.04651774342220957,0.046517743422209414,0.10754744174309509,0.10754744174309512,6.990824893969517,7.199652562702664,7.366114256665307,1.196460385380709,1.3540500027313014,1.5505918025204717
gen=27_member=4566_pso,34.20265674649548,5.72427439788265,2.87572560211735,5.713144633499923,2.8868553665000753,-0.011129764382726393,0.011129764382725504,0.1352827677037507,0.1352827677037506,0.0732062660432384,0.07320626604323831,0.16925508394037406,0.16925508394037403,5.357750317411879,5.686838626805165,5.948659462061527,2.592328993118252,2.8403858239921114,3.149726389381251
gen=39_member=6698_pso,33.52015097310551,5.950298606555352,2.6497013934446474,5.939865063436811,2.6601349365631894,-0.010433543118541166,0.010433543118542055,0.1267007863865306,0.12670078638653054,0.06856716475253583,0.06856716475253609,0.15851776864472025,0.1585177686447202,5.606980805464046,5.915236730239496,6.1604171781409285,2.3843429155567346,2.6166005292932555,2.906338583358165
gen=41_member=6986_pso,35.767651554973604,5.013269614655328,3.586730385344672,5.0015219942466596,3.5984780057533396,-0.011747620408668169,0.011747620408667725,0.15449432642546335,0.15449432642546335,0.08312097341706576,0.08312097341706573,0.19310975985667048,0.19310975985667048,4.598883929818881,4.970536687166579,5.271594182286105,3.2599172976918376,3.546235553099415,3.8973840843443806
gen=41_member=6973_pso,35.15947657236159,5.316115040107832,3.283884959892168,5.304674168859003,3.2953258311409974,-0.011440871248828977,0.01144087124882942,0.14758290830479084,0.1475829083047908,0.07951188977681009,0.07951188977680997,0.18450832632847733,0.18450832632847727,4.919311389208326,5.2753010719942255,5.562377412472295,2.9725018128473764,3.2452244926276332,3.5811458643341845
gen=27_member=4568_pso,32.558684654753776,6.2295768518680905,2.370423148131909,6.219670357389675,2.380329642610324,-0.009906494478415517,0.009906494478415073,0.11697217502660917,0.11697217502660935,0.06343933475251211,0.06343933475251225,0.14639384672249678,0.14639384672249683,5.911464272840235,6.197193628997693,6.422973073284366,2.1263540148274678,2.339900805038627,2.60798858005105
gen=37_member=6357_pso,32.62572860768373,6.211297802785942,2.388702197214058,6.20130112554404,2.3986988744559596,-0.009996677241901786,0.009996677241901786,0.11851798658618887,0.1185179865861891,0.06425733191404549,0.06425733191404562,0.1483197582228934,0.1483197582228937,5.889156759631132,6.178489248384779,6.407334020551553,2.1412915276145443,2.357768030724956,2.6293134563939025
gen=47_member=8006_pso,36.761407828424296,4.503958191739184,4.096041808260816,4.491720733952691,4.108279266047309,-0.012237457786493877,0.012237457786492989,0.16314079077454768,0.1631407907745477,0.08768912428052067,0.08768912428052034,0.20390188613673468,0.2039018861367347,4.066935118719506,4.45886796648862,4.777066651018471,3.750448949398891,4.053253471653667,4.423714121950734
gen=41_member=6898_pso,31.489447863162184,6.480664144576812,2.119335855423188,6.471135655159294,2.1288643448407045,-0.009528489417517605,0.009528489417516717,0.11018464321689367,0.11018464321689352,0.05985656631720521,0.0598565663172052,0.13794189271710702,0.13794189271710686,6.180120500973919,6.4501552633969155,6.662424648224978,1.890053536770492,2.0906150321662107,2.3435802283040927
gen=39_member=6668_pso,33.933030846740984,5.829008768099383,2.7709912319006165,5.818341851095599,2.7816581489044014,-0.010666917003784526,0.01066691700378497,0.13073473795638452,0.13073473795638446,0.07070082748008473,0.07070082748008476,0.16354930093745645,0.16354930093745648,5.475164473760226,5.792836784457549,6.0460311016626616,2.4968519131556617,2.736823855146425,3.035573686184952
gen=48_member=8200_pso,34.89080581472363,5.432754119426754,3.1672458805732453,5.421429335017123,3.178570664982876,-0.011324784409630695,0.011324784409630695,0.1440037941506985,0.14400379415069847,0.07766428928016446,0.07766428928016461,0.18006210801474723,0.18006210801474717,5.044871714406733,5.392925546521625,5.67269075040656,2.8639694553830175,3.1295447940491767,3.4576995629188065
gen=32_member=5452_pso,34.84753054005696,5.458182447828408,3.141817552171591,5.446844676230473,3.1531553237695262,-0.011337771597935031,0.011337771597935031,0.14261733741015728,0.14261733741015734,0.07697755450404578,0.07697755450404609,0.17834631708373974,0.1783463170837398,5.073557091767364,5.4187260277576215,5.695551865041439,2.841845626371887,3.1044947297301704,3.429741153910951
gen=44_member=7522_pso,33.16311565476033,6.060631752418826,2.539368247581174,6.05040291567791,2.5495970843220888,-0.010228836740915348,0.010228836740914904,0.12278445007211,0.12278445007210997,0.06650664340651241,0.0665066434065124,0.15364169137519423,0.1536416913751943,5.727416534498503,6.026649876946448,6.264008438305164,2.28257833088502,2.50730904665671,2.7883509539358564
gen=45_member=7699_pso,25.671464649350018,7.315339904098618,1.2846600959013812,7.308616356676047,1.2913836433239525,-0.006723547422571308,0.006723547422571308,0.07966380422148794,0.07966380422148778,0.04319367582202955,0.04319367582202964,0.09971313413621968,0.09971313413621957,7.0985201243123015,7.293288697649101,7.447093523912931,1.1184164614403298,1.2638651866843584,1.4463471060299193
gen=38_member=6478_pso,35.27857906393331,5.246238298125714,3.3537617018742854,5.234705561561055,3.3652944384389443,-0.011532736564658919,0.011532736564658919,0.14946043159477082,0.1494604315947711,0.08049658407971477,0.08049658407971491,0.18684770212611562,0.1868477021261159,4.844687087244161,5.204906525817971,5.49578047808263,3.038157110870487,3.3146158068532525,3.6546673788969537
gen=48_member=8105_pso,36.55273076856624,4.609801879421751,3.9901981205782486,4.597650989814484,4.002349010185514,-0.01215088960726618,0.012150889607265736,0.16133390955565588,0.1613339095556557,0.08674239958146096,0.08674239958146114,0.20164001321282976,0.20164001321282965,4.177641132100966,4.565185035367019,4.879827188972116,3.6484712420282195,3.947910581538689,4.314281067514713
gen=47_member=7995_pso,36.49744644974915,4.624893517251559,3.975106482748441,4.612729868606925,3.9872701313930747,-0.01216364864463415,0.012163648644633707,0.16291109299167514,0.16291109299167497,0.08753737081815433,0.08753737081815414,0.20359186913087185,0.2035918691308717,4.189052154610588,4.579791390494945,4.897824489034517,3.6295799211461452,3.9324413221163566,4.302112610421017
gen=38_member=6507_pso,36.243072285057984,4.773142943501968,3.826857056498032,4.7612048233303055,3.838795176669694,-0.011938120171662625,0.011938120171662181,0.15780753907709633,0.15780753907709627,0.08487282962437946,0.0848728296243793,0.1972401813083778,0.1972401813083777,4.350113439925052,4.729513717304383,5.037093281794931,3.492903516427634,3.785473514258684,4.1440229507574475
gen=47_member=8017_pso,26.33332130996634,7.28888737779146,1.3111126222085394,7.2819952301086746,1.3180047698913258,-0.0068921476827856765,0.006892147682786343,0.0823074969662465,0.08230749696624659,0.044599822324516473,0.044599822324516494,0.10297153545898532,0.1029715354589854,7.065546755210644,7.2660888773424075,7.425111345926478,1.1392326689766317,1.289611802212896,1.4780491499921093
gen=28_member=4806_pso,36.335363024535646,4.7242640815916594,3.87573591840834,4.712301044456187,3.8876989555438124,-0.011963037135472199,0.011963037135472199,0.15858888300417048,0.15858888300417062,0.08527596006982133,0.0852759600698214,0.19821689223540012,0.19821689223540023,4.299231553058652,4.680424731567747,4.989604950458985,3.540018614522786,3.834148975977123,4.1943973631897995
gen=33_member=5559_pso,32.1440689013816,6.322293838709859,2.27770616129014,6.3125213763821195,2.2874786236178806,-0.00977246232773954,0.009772462327740428,0.11544077019386266,0.11544077019386277,0.06260661626080156,0.06260661626080177,0.1444905393450998,0.14449053934509995,6.0082492706129536,6.290344073421084,6.513179262401707,2.0367748134042865,2.247587989977952,2.5121654574777152
gen=28_member=4728_pso,25.063855919912235,7.3840688165316175,1.215931183468382,7.37732796287774,1.2226720371222588,-0.00674085365387711,0.006740853653876888,0.07897657926573824,0.07897657926573827,0.04285871645980759,0.042858716459807565,0.09882292545636776,0.09882292545636776,7.169271009321991,7.362185536804685,7.514505205734087,1.0514323675377715,1.195317443530456,1.3764249586135187
gen=30_member=4999_pso,33.98794532305361,5.810575510010488,2.7894244899895115,5.799622903121524,2.800377096878476,-0.010952606888964489,0.010952606888964489,0.1328657678507754,0.13286576785077547,0.07190918736986981,0.07190918736986994,0.16623728520104417,0.1662372852010442,5.450474389421113,5.773808695084435,6.030902875659337,2.5111696081937405,2.754717835668079,3.0585779272628884
gen=47_member=7949_pso,31.06896850977157,6.606224711421528,1.9937752885784716,6.597133912544853,2.0028660874551463,-0.009090798876674633,0.009090798876674633,0.1060140486118929,0.10601404861189292,0.05755242374428379,0.05755242374428377,0.1327054052433894,0.13270540524338947,6.317387160025887,6.576873111065528,6.781268590389326,1.772928192280824,1.966130078835463,2.209347211876168
gen=37_member=6216_pso,34.76111558406628,5.496000163176588,3.1039998368234114,5.484706890607694,3.115293109392306,-0.011293272568893897,0.011293272568894785,0.14076556416480587,0.14076556416480598,0.07602941836685004,0.07602941836685011,0.17605757818241294,0.1760575781824131,5.115883504666265,5.457056675384788,5.730084253459108,2.808204065630689,3.0671833903499732,3.388431649984953
gen=35_member=5892_pso,33.6250096550061,5.930698715999201,2.669301284000799,5.920232623920325,2.679767376079675,-0.010466092078876166,0.010466092078876166,0.12741160244360147,0.12741160244360153,0.06893884726123874,0.0689388472612388,0.15940411869857835,0.15940411869857843,5.5855599351483916,5.895442736087579,6.142054809229899,2.4023563196349635,2.6360125232515514,2.927322367585576
gen=47_member=7933_pso,26.49956968298791,7.263301788144414,1.336698211855586,7.256402908922059,1.343597091077941,-0.006898879222354992,0.006898879222354992,0.08305738372350382,0.08305738372350382,0.04497813147292952,0.04497813147292939,0.10391837676148061,0.10391837676148065,7.037955221607753,7.240305343422418,7.400893953072324,1.1630458789644005,1.3149968694281904,1.5049947607866738
gen=42_member=7127_pso,33.183068642146345,6.039056179861639,2.5609438201383607,6.028930203650571,2.5710697963494282,-0.010125976211067922,0.010125976211067478,0.12380443901575434,0.12380443901575426,0.06696520761341095,0.06696520761341097,0.1548972557925619,0.15489725579256186,5.703774555187867,6.004810289352641,6.2445377343953,2.3013593319773897,2.5285983907658363,2.811577604821902
gen=46_member=7815_pso,30.209600453547942,6.779068312966639,1.8209316870333607,6.770547907581667,1.8294520924183326,-0.008520405384971674,0.008520405384971896,0.09960287105562551,0.0996028710556255,0.054061638220298656,0.054061638220298656,0.12467045123232588,0.12467045123232592,6.507831796060217,6.7514895131750015,6.9435647510457725,1.6133944473803545,1.794952839517819,2.0234165646699194
gen=41_member=6988_pso,27.935094147883344,7.115219343038519,1.4847806569614803,7.10717712199681,1.4928228780031887,-0.008042221041709041,0.008042221041708375,0.08829141043594763,0.08829141043594751,0.048166815738827834,0.048166815738827834,0.11065149788686178,0.11065149788686161,6.872726795223551,7.09083304059038,7.260124526346272,1.3020211556006382,1.4618798081008935,1.6655725971005413
gen=39_member=6630_pso,32.28667995166453,6.319768506434497,2.280231493565503,6.309995830562256,2.290004169437744,-0.009772675872240733,0.009772675872241177,0.11388684054242894,0.11388684054242885,0.06182975820733505,0.06182975820733495,0.1425689021885449,0.14256890218854487,6.009404345928682,6.288240826068665,6.5078022931716015,2.042964078982572,2.2505375524411737,2.511834918023998
gen=46_member=7750_pso,33.35737322320111,5.985186632560167,2.6148133674398326,5.974584504456225,2.6254154955437743,-0.010602128103941233,0.010602128103941677,0.12719441048419244,0.12719441048419244,0.06889826929406682,0.06889826929406707,0.15913806096345942,0.1591380609634594,5.640153998525718,5.9499702346366234,6.195831619482553,2.348908174457583,2.581593821103205,2.8727287758711952
gen=47_member=8066_pso,36.14526258672567,4.831887372960975,3.7681126270390246,4.820045771630817,3.779954228369183,-0.011841601330157658,0.011841601330158547,0.1568079563114056,0.15680795631140565,0.0843247788207819,0.08432477882078204,0.19600740914335443,0.19600740914335446,4.411490482084762,4.788559386220499,5.094238510733254,3.4361718059460653,3.727001170056061,4.083308512452244
gen=49_member=8375_pso,33.01442462041577,6.114650844592058,2.4853491554079423,6.104520246937223,2.4954797530627766,-0.01013059765483515,0.010130597654834261,0.12096275554880435,0.12096275554880448,0.06554667660181954,0.06554667660181936,0.1513682979355977,0.15136829793559775,5.786164497154285,6.081168445887291,6.31488928463468,2.232573800701266,2.4537701555933378,2.730755953231011
gen=48_member=8129_pso,36.63353389800296,4.53729638454503,4.06270361545497,4.525118070410841,4.074881929589158,-0.01217831413418935,0.012178314134188462,0.1624391840041703,0.16243918400417032,0.08730874906917957,0.08730874906917957,0.20301447168257786,0.20301447168257789,4.1022862107150235,4.492395123137722,4.80923895773574,3.718592129770784,4.020096060069581,4.388926145619183
gen=39_member=6585_pso,34.78292178056862,5.490999340351926,3.109000659648074,5.479718518282112,3.120281481717887,-0.01128082206981329,0.01128082206981329,0.14063008322519369,0.14063008322519363,0.07595545264750343,0.07595545264750343,0.17589058927637974,0.17589058927637974,5.111229222088973,5.4520953768454445,5.724861781678776,2.8134787779248414,3.0722196505253123,3.3931614854610563
gen=47_member=8011_pso,35.12122980345115,5.335967344979789,3.2640326550202103,5.324547735934223,3.275452264065777,-0.011419609045566048,0.011419609045566492,0.1466507828407957,0.14665078284079583,0.07903519594318091,0.07903519594318112,0.18335449213519167,0.18335449213519173,4.941440287842385,5.29541174554266,5.580575165772734,2.9547692246465895,3.2256259008085384,3.5595547881899843
gen=40_member=6726_pso,31.242517549639818,6.562932702252165,2.037067297747835,6.553712591301687,2.0462874086983134,-0.009220110950478144,0.009220110950478588,0.1075541388186525,0.10755413881865272,0.05838712488456549,0.058387124884565725,0.13463241131537873,0.13463241131537887,6.269910246232658,6.533154696818764,6.740524022053797,1.8130063569924826,2.0090195214774216,2.255765282512806
gen=44_member=7543_pso,35.18705597340057,5.301665638531258,3.298334361468742,5.2902159919229454,3.309784008077054,-0.011449646608312491,0.011449646608312047,0.1478921818586977,0.14789218185869762,0.07967091423350489,0.07967091423350472,0.18489472359766715,0.18489472359766712,4.904070160310766,5.260768149939801,5.5484783103856525,2.9862423286647286,3.2595915473593142,3.5961881474935256
gen=43_member=7287_pso,33.64656535247972,5.918761010244685,2.6812389897553146,5.908278914861154,2.6917210851388456,-0.010482095383530954,0.010482095383530954,0.12766421144364096,0.12766421144364098,0.069073153413586,0.06907315341358601,0.1597189714436079,0.159718971443608,5.572957246207016,5.883435356017356,6.130544892843039,2.413755398031787,2.647882933010799,2.939761578671353
gen=41_member=6982_pso,36.278668778733376,4.759717945031253,3.840282054968746,4.747813612982064,3.8521863870179343,-0.011904332049188504,0.01190433204918806,0.15878969583657604,0.1587896958365762,0.08534701394288167,0.08534701394288205,0.19846231766195693,0.19846231766195704,4.3343479578244715,4.71583174894607,5.025512470580633,3.503914436884739,3.798610285203113,4.159264408684701
gen=33_member=5577_pso,34.00137781832889,5.797190683947761,2.802809316052238,5.7860438814525965,2.813956118547403,-0.011146802495164643,0.011146802495165087,0.13428945205149578,0.13428945205149542,0.07271812727333007,0.0727181272733302,0.168015472109562,0.16801547210956172,5.433055872181641,5.760020301341867,6.0196942899455275,2.5218769957267266,2.767734114840721,3.0750255643968147
gen=48_member=8183_pso,34.70587203703935,5.5227024109055005,3.077297589094499,5.511511901379562,3.0884880986204375,-0.011190509525938808,0.011190509525938364,0.13936963149361908,0.13936963149361883,0.07528007050977893,0.07528007050977882,0.1743223433039103,0.17432234330391017,5.1462381592885365,5.484153693531819,5.754447292930903,2.784446432185023,3.0408497035903554,3.358942688710462
gen=48_member=8234_pso,23.781937390842728,7.473200432076856,1.1267995679231435,7.466795179910996,1.1332048200890044,-0.006405252165860631,0.006405252165860853,0.07399201447174347,0.07399201447174349,0.04019863331880229,0.040198633318802156,0.09260360461371452,0.09260360461371459,7.27156601162725,7.4526949492918115,7.595213413601625,0.9729739301555601,1.107499863713791,1.2773731173253065
gen=42_member=7080_pso,35.21819334968434,5.287002650424236,3.312997349575764,5.275531566359966,3.3244684336400323,-0.011471084064269554,0.011471084064268222,0.14833035599126482,0.1483303559912647,0.07990072002776667,0.07990072002776663,0.18543406597753423,0.1854340659775341,4.888344066718748,5.245981370300694,5.534564674439358,2.9999493425944763,3.274135244248063,3.611706140838025
gen=47_member=8007_pso,34.13470291303967,5.7478807047383285,2.8521192952616707,5.736783957136833,2.8632160428631677,-0.011096747601495593,0.011096747601496926,0.13602676987914153,0.1360267698791416,0.07356175874031902,0.07356175874031921,0.17015000163578045,0.17015000163578053,5.379875180752415,5.710236019227965,5.973674393130029,2.5669597257701655,2.816559865426601,3.127392624929753
gen=35_member=5961_pso,36.87726444522587,4.436025662971654,4.163974337028345,4.423708616936876,4.1762913830631225,-0.012317046034778123,0.012317046034777235,0.16516743684832214,0.16516743684832214,0.08874224144154984,0.08874224144154988,0.2064100736931906,0.20641007369319062,3.9939694074169036,4.390362690142965,4.712667218762166,3.8138432057093157,4.120633389650831,4.495498480915349
gen=31_member=5281_pso,33.11569694121411,6.072344449464824,2.527655550535176,6.062104017900647,2.5378959820993536,-0.010240431564176866,0.010240431564177754,0.12249655896740277,0.12249655896740294,0.0663684952657903,0.06636849526579043,0.1532829710035093,0.15328297100350935,5.739789339034374,6.03843852504427,6.275162232767219,2.2716163164963192,2.4956736696754716,2.776130988764113
gen=44_member=7417_pso,28.04007293817745,7.097665897164395,1.5023341028356043,7.089572257303017,1.5104277426969832,-0.008093639861378676,0.008093639861378898,0.08809402551142756,0.08809402551142759,0.04809383268640327,0.0480938326864033,0.11035292142823491,0.110352921428235,6.855809454806181,7.073244205643315,7.242036444031607,1.3203927665345991,1.4794669438053543,1.6826981553712101
gen=32_member=5429_pso,36.21459753522952,4.792202859610511,3.807797140389488,4.780288392579222,3.819711607420777,-0.011914467031289178,0.011914467031289178,0.15795895214056166,0.15795895214056183,0.08493670958592513,0.08493670958592532,0.19743735671676424,0.19743735671676435,4.368886421450125,4.748545922101536,5.056541515576518,3.4733226141659967,3.7663940528177404,4.1251923911058
gen=37_member=6347_pso,35.66303769617801,5.070794822614138,3.5292051773858613,5.059139639357801,3.5408603606421982,-0.011655183256336521,0.011655183256336965,0.15296746233086528,0.1529674623308653,0.08231132279360098,0.08231132279360125,0.19121603534730894,0.19121603534730897,4.660244809001474,5.028509836330973,5.326470588228582,3.20582130470468,3.4891058129982175,3.836902793640316
gen=42_member=7094_pso,32.72396444274264,6.195375918492072,2.404624081507928,6.185390233887363,2.414609766112637,-0.009985684604709277,0.009985684604708833,0.11809888206980372,0.11809888206980408,0.06404228333725637,0.06404228333725641,0.14779993819728185,0.1477999381972821,5.87427917428954,6.162680864671388,6.390668782916117,2.158151047159071,2.3738052249877866,2.644439791475592
gen=45_member=7577_pso,33.348578128286576,6.006567769780321,2.593432230219679,5.996291519435678,2.6037084805643222,-0.010276250344642968,0.010276250344643412,0.12473143999213328,0.12473143999213332,0.0675038451683882,0.06750384516838823,0.15606504264304036,0.1560650426430404,5.6685010817748696,5.972056063937224,6.213421896431665,2.332152503439705,2.5608518151428976,2.8461001918764004
gen=38_member=6402_pso,30.51186014513365,6.707297073498245,1.8927029265017543,6.698505016958813,1.9014949830411867,-0.00879205653943238,0.00879205653943238,0.10243317682852848,0.1024331768285286,0.055612616683980584,0.05561261668398052,0.12821882152827643,0.12821882152827654,6.428223312631872,6.678934069223382,6.876403756319166,1.679365612497078,1.8659891853662742,2.101011402137179
gen=31_member=5196_pso,37.154036317385696,4.220990016000799,4.3790099839992,4.208625488526382,4.391374511473617,-0.012364527474417741,0.012364527474416853,0.17039190635365178,0.1703919063536518,0.09137821691403471,0.09137821691403474,0.21291071423532465,0.21291071423532473,3.7660933009831754,4.173988670483195,4.5070845029309465,4.016769056381148,4.3342243321809075,4.7203648048304965
gen=41_member=6995_pso,33.05810757863159,6.091770931165506,2.5082290688344937,6.081593504616252,2.5184064953837484,-0.010177426549254243,0.010177426549254687,0.12169682565239463,0.12169682565239467,0.06593712610082446,0.06593712610082446,0.15228428643868822,0.1522842864386883,5.761354309696788,6.058085979604924,6.293255992290456,2.253869521449588,2.4764564942249843,2.755091905750959
gen=39_member=6611_pso,35.89623286365389,4.936881730185421,3.663118269814579,4.9251508105033155,3.674849189496685,-0.0117309196821056,0.011730919682106045,0.15460780551427622,0.1546078055142762,0.08316936259819127,0.08316936259819108,0.1932648409973236,0.1932648409973235,4.522157487465987,4.894156277821193,5.195428379751454,3.336022714868095,3.622590110085577,3.974014526227751
gen=49_member=8310_pso,30.43676948862573,6.718577599868747,1.8814224001312525,6.709757273720218,1.890242726279782,-0.008820326148529567,0.008820326148529567,0.1024587638900431,0.10245876389004317,0.05563954501928642,0.05563954501928637,0.1282556850811574,0.12825568508115742,6.439323296680594,6.690205201014743,6.887672016710808,1.66811548415626,1.8547063175807894,2.089842417285217
gen=41_member=6917_pso,30.7026693264571,6.665519702936601,1.9344802970633983,6.656642065260203,1.9433579347397973,-0.008877637676397931,0.008877637676399042,0.10368007810863634,0.1036800781086363,0.05627885789251756,0.0562788578925176,0.12977584726950084,0.12977584726950078,6.383140132702351,6.636812496675543,6.836731274956355,1.7184740323463732,1.9074387057292452,2.1452749106881597
gen=42_member=7156_pso,30.610510708305725,6.681773255026086,1.9182267449739132,6.672856866526748,1.9271431334732507,-0.008916388499338623,0.008916388499337513,0.10332001649126474,0.10332001649126447,0.05611820249530103,0.05611820249530111,0.1293381610695815,0.12933816106958126,6.400081556528644,6.653161226201341,6.852242932346384,1.7031904766583155,1.8912902885530452,2.1284482960393785
gen=29_member=4898_pso,35.92717187396659,4.919625997874902,3.680374002125098,4.907792517046882,3.692207482953118,-0.011833480828019383,0.01183348082802027,0.15781412043414578,0.15781412043414575,0.08482380063108298,0.08482380063108301,0.19724050564116982,0.19724050564116993,4.496933535386555,4.876013624723126,5.1838206235728315,3.3460693757522297,3.6389733217262688,3.997354052865161
gen=47_member=7961_pso,32.81846706326812,6.173729043911783,2.4262709560882163,6.163686634954159,2.436313365045841,-0.010042408957624538,0.010042408957624538,0.11908736304124992,0.11908736304125005,0.06456488599943713,0.06456488599943723,0.14903164183621614,0.1490316418362162,5.850059975850427,6.140762821977469,6.370713474005198,2.177658545102321,2.39519029792698,2.6680314872645337
gen=31_member=5213_pso,34.37459988167344,5.653023341816385,2.9469766581836145,5.642146848494669,2.9578531515053315,-0.010876493321716474,0.010876493321716918,0.13495147908561156,0.13495147908561148,0.0729139862036643,0.07291398620366421,0.16880215889381728,0.16880215889381717,5.288326939747397,5.615691476138885,5.877335593060999,2.6635440885468618,2.911689287137724,3.2197802311459247
gen=33_member=5529_pso,18.32982475749499,7.697706206181449,0.9022937938185508,7.692285077037234,0.9077149229627653,-0.005421129144214554,0.005421129144214554,0.06058717237607796,0.060587172376078184,0.03300415076014638,0.03300415076014639,0.0758652009753367,0.07586520097533689,7.531813286367638,7.680910672893692,7.797243204987031,0.7768895910275311,0.8865177596180082,1.0260026443684822
gen=41_member=6902_pso,29.628353465378915,6.870249411680776,1.7297505883192237,6.86183713111419,1.73816286888581,-0.008412280566585828,0.008412280566586272,0.09652315646144101,0.09652315646144133,0.05246771851401352,0.05246771851401382,0.12084650390238412,0.12084650390238429,6.606720058234995,6.84351745815343,7.029328998388046,1.5291336690478625,1.7045973551352342,1.9263369457144186
gen=43_member=7373_pso,30.566917442941545,6.691593787689148,1.908406212310852,6.6827472144469615,1.9172527855530386,-0.008846573242186295,0.008846573242186517,0.10307138490792504,0.10307138490792515,0.055958979075055884,0.055958979075055856,0.12901831963519597,0.12901831963519603,6.410777224691726,6.663054435671806,6.861755611116876,1.693736270923162,1.8815263980795618,2.11801253122762
gen=43_member=7354_pso,36.365559376347385,4.68795491615867,3.912045083841329,4.675942233785909,3.9240577662140907,-0.012012682372761319,0.012012682372761763,0.15995252335863822,0.15995252335863822,0.08598260286569949,0.08598260286569981,0.19992614825925478,0.1999261482592548,4.259385473766111,4.643755092396635,4.955700270908557,3.5732485598379933,3.8700969724157783,4.233410824371547
gen=48_member=8255_pso,18.692080334260165,7.692793607070044,0.9072063929299552,7.687186843969328,0.9128131560306717,-0.005606763100716172,0.005606763100716505,0.060928380936633414,0.06092838093663348,0.03326757201867474,0.03326757201867501,0.07631826735792001,0.07631826735792008,7.52533005904763,7.675894182818197,7.792555385218233,0.7816233700768955,0.8913611664584846,1.0319675724063209
gen=38_member=6443_pso,31.67115470758055,6.452536342374366,2.1474636576256336,6.443007907272489,2.156992092727511,-0.009528435101876731,0.009528435101877175,0.11038311697861561,0.11038311697861565,0.0599557760402461,0.0599557760402463,0.1381880958771097,0.13818809587710978,6.1515113219006174,6.4219739414062165,6.634659662808544,1.9177144101519072,2.118688809721479,2.3720696267635835
gen=47_member=7988_pso,30.769795007202468,6.655377554420699,1.9446224455793009,6.646444997432237,1.9535550025677622,-0.008932556988462181,0.008932556988461293,0.10426470609543564,0.1042647060954357,0.0565986315419488,0.056598631541948614,0.13050909319805057,0.1305090931980506,6.371379676605229,6.626508563756423,6.827544161454468,1.727413138190682,1.9174289508851956,2.156617256651981
gen=37_member=6360_pso,28.056013799679008,7.088069246900554,1.5119307530994452,7.08032978684302,1.5196702131569781,-0.007739460057534231,0.007739460057532899,0.0898454440109202,0.08984544401092016,0.04879245203422658,0.048792452034226566,0.11245634578385526,0.11245634578385534,6.843251276317072,7.0631829933227905,7.2363250563953905,1.3249503439566213,1.488499125157456,1.6946919609742819
gen=48_member=8171_pso,34.99403631605541,5.390216786591238,3.2097832134087616,5.378832626212239,3.221167373787761,-0.011384160378999475,0.011384160378999475,0.14523527324924584,0.14523527324924573,0.07830971681412287,0.07830971681412285,0.18159362621686703,0.181593626216867,4.999241002479952,5.350042601030815,5.632313417715652,2.9037278688446793,3.171761778587399,3.5026115810476695
gen=45_member=7732_pso,28.232171596528566,7.072956965638179,1.5270430343618209,7.065090826682378,1.534909173317622,-0.007866138955800572,0.007866138955801238,0.08907372722131623,0.08907372722131632,0.04846993308855887,0.04846993308855887,0.11158567298054109,0.11158567298054116,6.829183772003452,7.048301458261165,7.219632580176024,1.3417598657050633,1.503880171511387,1.7087354408408886
gen=35_member=5956_pso,34.07740547464268,5.77015754947076,2.8298424505292394,5.758969935660251,2.8410300643397495,-0.0111876138105087,0.011187613810510033,0.13582975778224687,0.13582975778224696,0.07350868579637816,0.07350868579637833,0.1699086893500859,0.16990868935008596,5.402324708844641,5.732550239990172,5.995375982502633,2.545495687547356,2.7943418099763018,3.104947633151744
gen=45_member=7623_pso,26.86788661943628,7.241254527133208,1.3587454728667916,7.234279702741805,1.3657202972581937,-0.006974824391402734,0.006974824391402068,0.08480173070391199,0.08480173070391209,0.04588827754765717,0.04588827754765724,0.10606931443818804,0.10606931443818825,7.011683125904963,7.217771123350922,7.381876844700184,1.1812414160531988,1.3365756959518778,1.530449934000685
gen=34_member=5765_pso,30.92338623359191,6.618273859737847,1.9817261402621529,6.609256155681043,1.9907438443189562,-0.009017704056804021,0.009017704056803355,0.10538452491221048,0.10538452491221045,0.05720111448450732,0.05720111448450708,0.1319086092656422,0.13190860926564216,6.331273084132412,6.589094818847526,6.792311778433576,1.7621491304053398,1.9542396230679029,2.1959743684284576
gen=38_member=6501_pso,32.396349530682755,6.279589574880478,2.3204104251195217,6.269780229081334,2.3302197709186663,-0.00980934579914372,0.009809345799144609,0.11582805781281638,0.11582805781281634,0.06281870180598065,0.06281870180598059,0.1449645741898728,0.14496457418987269,5.964566534913743,6.247525531111841,6.471097671575952,2.078724464143592,2.2901875811191252,2.555654686839673
gen=48_member=8203_pso,32.453841272609736,6.264787202656155,2.335212797343845,6.2549128687812505,2.3450871312187487,-0.00987433387490455,0.009874333874903662,0.1160671903311882,0.11606719033118841,0.06297076210304611,0.06297076210304602,0.14528383920471055,0.14528383920471064,5.948831321216157,6.232660905048377,6.456604465496497,2.093124994142776,2.3049386861439007,2.5710532557072012
gen=47_member=7974_pso,35.04236881028093,5.368327818425125,3.231672181574875,5.356923247527425,3.243076752472574,-0.011404570897699529,0.011404570897699084,0.1460685849095658,0.14606858490956595,0.07873657790363248,0.07873657790363253,0.18262646804902558,0.18262646804902563,4.9752712451754535,5.327926586949903,5.611883719478435,2.9237483200730856,3.1934162938806674,3.5260733400764317
gen=42_member=7123_pso,34.396745119239434,5.640360929242174,2.959639070757825,5.629608303304471,2.9703916966955286,-0.010752625937703542,0.010752625937703542,0.1342685608205814,0.1342685608205814,0.0725105933791423,0.07251059337914256,0.16794037241532614,0.16794037241532606,5.2777812281751215,5.603223547650357,5.863692073003708,2.677379521654407,2.9245242537001355,3.2309089840771743
gen=30_member=5110_pso,36.39534938259375,4.667490621782703,3.932509378217297,4.655495896496317,3.9445041035036814,-0.011994725286385233,0.011994725286384345,0.15997809212553613,0.15997809212553607,0.0859864087059603,0.0859864087059603,0.1999561464797012,0.1999561464797011,4.2389109355020915,4.623283281035304,4.9353231677168825,3.593600749967572,3.890551359099072,4.253884179944009
gen=40_member=6879_pso,35.52547804840835,5.124049536092631,3.475950463907369,5.112374369366307,3.487625630633693,-0.011675166726323738,0.011675166726323738,0.15279512043294574,0.15279512043294585,0.08223514357963499,0.08223514357963488,0.1909925942074147,0.19099259420741477,4.714023820837161,5.081777362627466,5.379426602158312,3.152903507544056,3.435917501388817,3.783292047311202
gen=31_member=5217_pso,36.4522647735805,4.659119723704,3.940880276296,4.647042218138412,3.952957781861588,-0.012077505565588176,0.012077505565588176,0.16145188258411025,0.16145188258411006,0.08676469407484946,0.08676469407484928,0.20177755387849686,0.2017775538784967,4.226947632913395,4.6144655111330275,4.929504659332794,3.5986344090175932,3.898569144471314,4.265038706135396
gen=42_member=7215_pso,34.92253563470857,5.424170842804221,3.175829157195778,5.4128179035134005,3.187182096486599,-0.011352939290820707,0.011352939290821151,0.14351792257034462,0.14351792257034465,0.07743543093058262,0.07743543093058289,0.17946407102421547,0.17946407102421547,5.037343879221283,5.384478909021078,5.663152540079482,2.8737959316122343,3.138260190537858,3.465448049259471
gen=37_member=6211_pso,20.656455308041814,7.586308592987697,1.0136914070123024,7.580371589406675,1.0196284105933244,-0.0059370035810220045,0.0059370035810220045,0.06678727805249983,0.06678727805249973,0.03636214081676092,0.036362140816760924,0.08361758136241586,0.08361758136241579,7.403632342082838,7.5677937992694,7.69611068886086,0.8753439267375861,0.9962936418818008,1.1499658557638885
gen=40_member=6803_pso,33.822321012801254,5.876405684423834,2.723594315576165,5.865842878978903,2.734157121021098,-0.010562805444931378,0.010562805444933154,0.12928635195448748,0.12928635195448748,0.06992457869971004,0.06992457869971025,0.16173909519256088,0.1617390951925609,5.5264335342664,5.8406332250882205,6.090993889359777,2.4525341277546406,2.689807560706457,2.985278277564367
gen=30_member=5155_pso,34.12094915647915,5.751968388986981,2.848031611013018,5.741306220972249,2.8586937790277513,-0.010662168014731854,0.010662168014733187,0.13192458733372942,0.13192458733372925,0.07129337767423125,0.07129337767423138,0.16502293639515728,0.1650229363951572,5.395322654447931,5.7154737306364,5.971188649237639,2.5710371194772463,2.813541491667007,3.1147906155448184
gen=32_member=5405_pso,27.86653650330677,7.128207340015209,1.4717926599847913,7.120224871270815,1.4797751287291845,-0.007982468744393678,0.007982468744393234,0.08853792662201806,0.08853792662201806,0.04826019768320574,0.04826019768320569,0.1107257005358557,0.11072570053585575,6.886130469218637,7.103585108455352,7.272968556689971,1.28976036255424,1.448598935481848,1.6525419825509855
gen=37_member=6224_pso,35.24434680969291,5.273762832867133,3.326237167132866,5.2622714749023585,3.3377285250976416,-0.011491357964774629,0.011491357964775517,0.14872887825578016,0.14872887825578,0.0801101181102776,0.0801101181102777,0.1859305908244065,0.1859305908244063,4.874078715958077,5.232631895598329,5.522013389434671,3.012310455968832,3.287269251700814,3.6257250978732016
gen=36_member=6188_pso,26.54503702240775,7.257729931824501,1.342270068175498,7.250876238449696,1.3491237615503031,-0.006853693374805125,0.006853693374805125,0.08260031245733858,0.08260031245733868,0.044727002916071935,0.04472700291607206,0.10335587709426886,0.10335587709426898,7.033525345700666,7.234864831362716,7.394584180293488,1.1695400673552887,1.3206887636151048,1.5096233480145456
gen=44_member=7508_pso,35.030748929325185,5.378674898163598,3.2213251018364017,5.367281130440791,3.2327188695592093,-0.011393767722807091,0.011393767722807535,0.14569565769207224,0.14569565769207216,0.07854471270743987,0.07854471270743973,0.18216417152302095,0.18216417152302092,4.986526724109928,5.3383789869244636,5.62156172726767,2.914269183047627,3.1831706901529704,3.515029930513291
gen=48_member=8233_pso,34.67641402474263,5.537553600135759,3.0624463998642413,5.526363567795742,3.073636432204258,-0.01119003234001692,0.01119003234001692,0.13887675395113624,0.1388767539511363,0.07503339314557657,0.07503339314557646,0.17371373832718753,0.17371373832718767,5.162254651666188,5.499136081010943,5.768403961151288,2.7707386475037374,3.0261355104864514,3.3431825575940097
gen=27_member=4602_pso,31.534063129350688,6.4726280205698,2.1273719794302,6.463123669676278,2.136876330323721,-0.009504350893521973,0.009504350893520641,0.11095176990555772,0.1109517699055577,0.060228060399539686,0.060228060399539186,0.13887545507007454,0.1388754550700746,6.170457603807635,6.441905500181076,6.655839143897929,1.8962339573609404,2.0984348914326976,2.3529590452827747
gen=34_member=5714_pso,35.289422752427136,5.225475986213207,3.3745240137867936,5.21408315901348,3.3859168409865195,-0.011392827199727229,0.011392827199725897,0.14357578129620224,0.1435757812962022,0.07748430424796456,0.07748430424796401,0.17956727143352852,0.1795672714335285,4.83817476085952,5.185772456333527,5.464518157467892,3.0723473302240816,3.3369623882784625,3.664361152369354
gen=33_member=5592_pso,32.90581117439859,6.139909815389103,2.4600901846108965,6.129813700787455,2.470186299212545,-0.010096114601648054,0.010096114601648498,0.11999793944168352,0.11999793944168341,0.0650470270216659,0.0650470270216659,0.15017047508363757,0.15017047508363757,5.813848040562972,6.106692912437583,6.338455021503197,2.209468039379551,2.428770845253257,2.7036479388084707
gen=46_member=7897_pso,34.66001472979494,5.545616914802227,3.054383085197773,5.534544779505641,3.0654552204943593,-0.011072135296585905,0.01107213529658635,0.1379817068605892,0.137981706860589,0.07452692107858765,0.07452692107858754,0.1725901539560937,0.17259015395609353,5.172890118032578,5.507453985215339,5.775076004181589,2.764408460426398,3.0182995055452984,3.333212004399503
gen=44_member=7516_pso,36.10912532430648,4.846231770384616,3.753768229615384,4.834408528493609,3.765591471506392,-0.011823241891007363,0.011823241891007807,0.15638756945681928,0.1563875694568193,0.08410540567391346,0.08410540567391339,0.19548394154198862,0.1954839415419886,4.426906312303313,4.803019052932391,5.107850555848914,3.422763072415559,3.712768653377047,4.06814989686373
gen=47_member=8023_pso,36.0756878960716,4.863712724231258,3.736287275768742,4.851901461335971,3.7480985386640278,-0.011811262895286667,0.011811262895285779,0.15591452706286102,0.15591452706286096,0.08386289497907362,0.08386289497907361,0.19489531629312257,0.19489531629312254,4.445591057239572,4.8206326267535085,5.124490812116288,3.4063452020427145,3.6954166563428963,4.049764922092387
gen=43_member=7367_pso,35.86655852747779,4.953547268878685,3.646452731121315,4.941748796152258,3.6582512038477417,-0.011798472726426645,0.011798472726426645,0.15581890704336052,0.15581890704336054,0.08380868988489369,0.08380868988489347,0.19476664777234695,0.194766647772347,4.535731155794682,4.910480528195541,5.2141707775522,3.3167257935212007,3.6056147931872458,3.959653332633847
gen=41_member=6969_pso,34.01408910075473,5.782266361609008,2.817733638390992,5.77109645727053,2.8289035427294693,-0.011169904338478531,0.011169904338477199,0.1353188310137485,0.13531883101374845,0.07324436767611349,0.07324436767611316,0.1692753578887164,0.16927535788871634,5.415727299413957,5.744799521304212,6.00659681456737,2.5345128584186125,2.782374098569702,3.0918611655235546
gen=34_member=5825_pso,21.6872977704652,7.568339012265948,1.031660987734052,7.5622008586324005,1.0377991413675987,-0.006138153633547638,0.00613815363354675,0.06924852139117844,0.06924852139117861,0.037693337512362896,0.037693337512362736,0.08669438430276834,0.08669438430276843,7.379014382501488,7.5491419229021455,7.682223705044483,0.8881649086752944,1.013618858814602,1.1729149701537613
gen=40_member=6799_pso,34.952751930942966,5.410122826340224,3.189877173659776,5.398765778840199,3.2012342211598024,-0.01135704750002553,0.011357047500026418,0.14456468649565757,0.1445646864956575,0.07796086699784205,0.0779608669978419,0.1807571198160468,0.18075711981604672,5.020829830476896,5.370132601278026,5.651028715854661,2.885356538834881,3.1520256575822954,3.481410593796143
gen=36_member=6120_pso,35.95802982865704,4.910817663744501,3.6891823362554974,4.899054374369665,3.7009456256303346,-0.011763289374836283,0.011763289374837171,0.1548874385432841,0.15488743854328396,0.08332536395906005,0.08332536395906061,0.19361537151586017,0.19361537151586006,4.495333847757395,4.86801942644271,5.169813330274356,3.361514619286278,3.6485847606795474,4.000661000087236
gen=43_member=7295_pso,35.51686845465705,5.137383948180831,3.462616051819169,5.125798949825019,3.4742010501749805,-0.011584998355812282,0.011584998355811393,0.15061854461711666,0.15061854461711666,0.08110177148646433,0.08110177148646404,0.18829686050745945,0.18829686050745936,4.732722394869851,5.095740309214382,5.38891396839759,3.1445014051406135,3.423150988885295,3.765804753833103
gen=37_member=6202_pso,29.765572548609317,6.812301524147651,1.7876984758523486,6.803763586366557,1.796236413633443,-0.00853793778109413,0.008537937781094351,0.09843058373985844,0.09843058373985861,0.053484260760476396,0.05348426076047636,0.12322756436277653,0.12322756436277672,6.543734462567153,6.78504359464449,6.974612021104854,1.5829808555258684,1.7620428939313104,1.988076155913281
gen=41_member=6991_pso,36.393381324833584,4.681883444419088,3.918116555580912,4.669737669960347,3.9302623300396538,-0.012145774458740988,0.012145774458741876,0.16115962009455467,0.16115962009455467,0.08665269727664816,0.08665269727664801,0.2014279507826989,0.20142795078269893,4.250118338637311,4.63733064824898,4.951593189842453,3.576816183589186,3.875872621752505,4.241894111537388
gen=34_member=5786_pso,35.69845644451818,5.044403593021277,3.5555964069787223,5.032721892894526,3.5672781071054733,-0.011681700126751515,0.011681700126751071,0.1539423509141692,0.1539423509141691,0.08281202552046044,0.08281202552046049,0.19242086145920753,0.19242086145920748,4.631466678278628,5.001844971103749,5.301777185402995,3.2299861650502426,3.515212615723092,3.8651581719705623
gen=46_member=7820_pso,35.860377441964175,4.96735808955882,3.63264191044118,4.955622652941019,3.6443773470589815,-0.011735436617801298,0.011735436617801742,0.15460359516991523,0.15460359516991515,0.08316951589385828,0.08316951589385822,0.19325649438316272,0.19325649438316264,4.552589565283553,4.924625030287247,5.225867030361942,3.3056418830297907,3.5921089220878315,3.9435372401893254
gen=49_member=8399_pso,35.85181623963164,4.973781436640269,3.626218563359731,4.962050445652947,3.6379495543470535,-0.011730990987321555,0.011730990987322443,0.1544338112900844,0.15443381129008454,0.0830824011387033,0.08308240113870337,0.19304889457598473,0.19304889457598473,4.559450959221011,4.931100690596258,5.232007597914639,3.2995601001846073,3.5857357253049944,3.936801400002079
gen=34_member=5808_pso,36.496093279758526,4.642294787321861,3.957705212678139,4.630221204835709,3.96977879516429,-0.012073582486151757,0.012073582486151313,0.1601853789449637,0.1601853789449638,0.08612948071555741,0.08612948071555741,0.2002191122469209,0.2002191122469209,4.21293964685453,4.598020046971755,4.910333327548865,3.6185592142945633,3.9157006124279063,4.279585174337958
gen=43_member=7329_pso,34.981147257172495,5.403335053462497,3.196664946537503,5.391975733729758,3.208024266270241,-0.011359319732738626,0.011359319732737738,0.14481239311512195,0.14481239311512195,0.07808585642393008,0.0780858564239299,0.18106552217382088,0.18106552217382088,5.013414544957669,5.363281171565834,5.644680140694097,2.8915832148532563,3.1587437385990853,3.4886668165279797
gen=42_member=7088_pso,35.79047148072272,4.9967680322420165,3.603231967757983,4.9850359574182335,3.614964042581766,-0.011732074823783023,0.011732074823783023,0.1544040677560925,0.15440406775609267,0.08306807128993796,0.08306807128993807,0.19300967656486454,0.19300967656486467,4.582591882051647,4.954102648966738,5.254958585284198,3.27662484715765,3.5627664225314577,3.9137062015355464
gen=45_member=7708_pso,33.85718549462576,5.857101265807211,2.742898734192789,5.846413175558186,2.753586824441814,-0.010688090249025173,0.010688090249024729,0.1304221634608867,0.1304221634608866,0.07055512685495592,0.07055512685495563,0.16316420492135975,0.16316420492135972,5.503912469478112,5.821011917836667,6.0735002086255445,2.469585007632975,2.7088170220758623,3.0069539313495306
gen=32_member=5495_pso,25.92224315458362,7.30068883407416,1.2993111659258398,7.293933668519863,1.3060663314801375,-0.006755165554297449,0.006755165554297671,0.08193268525269046,0.08193268525269043,0.04434392540349422,0.0443439254034942,0.10248482353240307,0.102484823532403,7.078801059701994,7.277999535761765,7.436518816969901,1.12786686638309,1.2778937386916223,1.46523919901164
gen=41_member=6992_pso,35.82539989519937,4.987470109081931,3.612529890918069,4.975763511448313,3.624236488551686,-0.011706597633618365,0.011706597633617033,0.15406634592442514,0.15406634592442506,0.08288647177902146,0.08288647177902116,0.1925904658917796,0.19259046589177947,4.574102407024821,4.944889426160902,5.24507336293966,3.286660424349547,3.572143608063884,3.922380680314337
gen=44_member=7474_pso,35.60659604089044,5.099939995135369,3.500060004864631,5.088256099305057,3.5117439006949422,-0.011683895830311819,0.011683895830311375,0.15284260309822376,0.15284260309822364,0.08226324946426768,0.08226324946426768,0.1910621124906906,0.19106211249069044,4.68973178985943,5.057681230789747,5.355383563536155,3.1769324919806188,3.460018375855139,3.8075189157561216
gen=38_member=6529_pso,34.611036113818564,5.558888244545841,3.041111755454159,5.547837777853947,3.0521622221460523,-0.011050466691894023,0.011050466691893135,0.13753027943767898,0.137530279437679,0.0742903730647863,0.07429037306478617,0.1720277148341296,0.17202771483412968,5.187319605560661,5.520848623978252,5.787564979412056,2.7521340822553477,3.0051480645983815,3.319058014258463
gen=38_member=6418_pso,34.44301031817496,5.621670913998743,2.978329086001256,5.610859641592957,2.9891403584070426,-0.010811272405786276,0.01081127240578672,0.134972346388883,0.134972346388883,0.07289180939733461,0.0728918093973348,0.16881985153870008,0.1688198515387001,5.257181549308171,5.5843386605190375,5.846164162997102,2.6946145813453133,2.9430290270058315,3.2510254984116025
gen=42_member=7193_pso,33.44556490244684,5.976142858150999,2.6238571418490007,5.965778414889143,2.634221585110856,-0.010364443261856593,0.01036444326185526,0.12608010572833506,0.12608010572833492,0.06822227449509535,0.06822227449509509,0.15773695272520527,0.1577369527252052,5.634582869379784,5.94125302234042,6.185267379446881,2.35975203628967,2.590914328500121,2.8791953788586664
gen=40_member=6846_pso,33.07610629167887,6.087804557504599,2.5121954424954005,6.077508480175058,2.522491519824943,-0.010296077329541298,0.01029607732954263,0.12254232900146168,0.12254232900146177,0.0664192031655019,0.06641920316550198,0.1533490031323491,0.15334900313234914,5.754899390157892,6.053882341837645,6.290586045962798,2.256243890011626,2.480207041128989,2.760882974686292
gen=42_member=7137_pso,31.799870105395676,6.433491358944343,2.166508641055657,6.423882788117542,2.1761172118824583,-0.009608570826801,0.009608570826801444,0.11163808697203283,0.11163808697203306,0.06062332889941729,0.060623328899417316,0.13975766625257252,0.1397576662525727,6.129142557548629,6.402584905194489,6.617752190545649,1.934034992538688,2.137404914939999,2.393607531154656
gen=41_member=6951_pso,31.788273688982024,6.433859297840965,2.1661407021590344,6.424445357570861,2.1755546424291383,-0.009413940270103893,0.009413940270103893,0.11033948020594889,0.11033948020594884,0.05987671023802636,0.05987671023802638,0.1381176728868176,0.1381176728868176,6.13341438247421,6.403316446754751,6.616157716971452,1.93607292720647,2.1373660772957006,2.3904092247888005
gen=44_member=7514_pso,34.40775328560086,5.630164909226297,2.969835090773703,5.619275413543841,2.9807245864561587,-0.010889495682455674,0.010889495682455674,0.13541130493598255,0.1354113049359828,0.0731504003092189,0.07315040030921906,0.16937376155899522,0.16937376155899542,5.264320080610088,5.592707641509041,5.855292436992899,2.6853587407234043,2.9344243180276357,3.2435140896021757
gen=26_member=4423_pso,32.826298754166096,6.15576754967293,2.4442324503270694,6.145701374997407,2.4542986250025915,-0.010066174675523065,0.010066174675522177,0.11949785321881305,0.11949785321881325,0.06478201394716751,0.06478201394716757,0.14954297678657055,0.14954297678657072,5.831026480485169,6.122686531265821,6.353450506435149,2.1947288925960984,2.4130413568541327,2.6868046632703657
gen=30_member=5151_pso,36.2973927021264,4.7448131259584345,3.855186874041565,4.732841874710164,3.867158125289835,-0.011971251248270143,0.011971251248269699,0.15833164726689694,0.1583316472668967,0.08515144925758344,0.08515144925758338,0.19789482988919926,0.19789482988919918,4.320431739278803,4.701036535820201,5.009669762395796,3.5200652533520755,3.8136716052288486,4.173386730314114
gen=36_member=6144_pso,34.510550189225945,5.593140826129258,3.0068591738707413,5.582235825741983,3.0177641742580166,-0.010905000387275265,0.010905000387275265,0.1360401518288667,0.13604015182886678,0.0734725761080712,0.07347257610807109,0.17015555785027672,0.17015555785027683,5.225734607492555,5.555512075113266,5.819390706268078,2.7209415076266343,2.9712798185572327,3.2817296887574856
gen=41_member=6946_pso,35.683385394119824,5.055700658145608,3.5442993418543915,5.043986668758892,3.556013331241108,-0.011713989386715973,0.011713989386716417,0.15324280008570956,0.15324280008570965,0.08247839473621295,0.08247839473621309,0.19155949167321748,0.1915594916732176,4.6444497210352464,5.013321487048712,5.311816286110106,3.2202983915759,3.504155218337644,3.8525448765533463
gen=43_member=7239_pso,35.72083483075705,5.031110362852526,3.568889637147474,5.019397075291714,3.580602924708285,-0.011713287560811914,0.011713287560811025,0.15411596640566677,0.154115966405667,0.08291462698323893,0.08291462698323902,0.1926515359408512,0.19265153594085135,4.617673379873704,4.988531918691391,5.288805853149942,3.242930066398759,3.5284975235435603,3.8788070043015486
gen=20_member=3413_pso,32.95461211746549,6.123557692494081,2.476442307505919,6.113403173570356,2.486596826429644,-0.010154518923724432,0.010154518923724876,0.12068960144934203,0.12068960144934175,0.0654220601865332,0.06542206018653315,0.15103339850766612,0.15103339850766595,5.795625725543942,6.090148901928846,6.323242476381912,2.2244056443739395,2.4449402172752777,2.7214068327214416
gen=35_member=5913_pso,21.261970620979778,7.583668586504026,1.0163314134959738,7.57758807991592,1.0224119200840787,-0.006080506588106438,0.006080506588104884,0.06810101874739533,0.06810101874739535,0.03709076266775013,0.03709076266775007,0.08526673284372213,0.0852667328437221,7.397289720197177,7.564787971937516,7.695572673269389,0.8753535956960377,0.9985947941047286,1.1553477026668428
gen=47_member=7945_pso,34.610460392456865,5.565141783043986,3.034858216956013,5.55413159135493,3.0458684086450685,-0.011010191689055482,0.011010191689055482,0.13722421822840428,0.13722421822840428,0.07411720495872967,0.07411720495873,0.17164003725989163,0.1716400372598917,5.194483570074346,5.5271862404755,5.793341077468694,2.7464789400484992,2.998971499460923,3.312147048690685
gen=31_member=5214_pso,35.44276706150495,5.17747134148582,3.42252865851418,5.165865725551764,3.434134274448236,-0.011605615934056068,0.011605615934056068,0.15141814388366312,0.15141814388366315,0.08151187990885936,0.0815118799088594,0.18928871360937793,0.18928871360937796,4.770932524150891,5.135615777532417,5.430457208258535,3.1025490431849003,3.3828599474345076,3.727212718722474
gen=35_member=5893_pso,16.002041893722712,7.786711607504359,0.8132883924956406,7.781717967579625,0.8182820324203746,-0.004993639924734339,0.004993639924734006,0.05458732808266655,0.054587328082666406,0.029790484003700327,0.029790484003700202,0.06837377480252999,0.06837377480252989,7.636775847091338,7.771574647561661,7.876158294042989,0.7006595547239461,0.7990901012819813,0.9250005380770489
gen=42_member=7082_pso,33.697411190937146,5.901590496445281,2.698409503554718,5.891082700516039,2.708917299483961,-0.010507795929242114,0.010507795929243002,0.1284986748388608,0.12849867483886096,0.06950323538405148,0.0695032353840519,0.16075676069970327,0.16075676069970335,5.553699380790477,5.866036231525879,6.114852512408602,2.4290258395907096,2.6648304913220913,2.958520961144141
gen=44_member=7534_pso,34.34682017838482,5.6661495876584365,2.9338504123415627,5.655347715780317,2.944652284219684,-0.010801871878119762,0.010801871878121094,0.13415938215196627,0.1341593821519663,0.07248062701504344,0.07248062701504365,0.16781192769202632,0.16781192769202635,5.303624515709109,5.629039167808327,5.889170600757201,2.6520335448897363,2.898770170207732,3.2050333661670583
gen=45_member=7645_pso,35.61911037390231,5.083308652666455,3.516691347333545,5.071591664460085,3.5284083355399143,-0.011716988206369905,0.01171698820636946,0.15285370046981944,0.15285370046981941,0.08228534433809463,0.08228534433809467,0.19108139691945805,0.19108139691945816,4.67291246290317,5.04105752544697,5.3386702837202735,3.193697454578057,3.4766407608454246,3.824307969836099
gen=39_member=6590_pso,36.73640015568762,4.508793273068267,4.091206726931732,4.496566382246213,4.103433617753787,-0.012226890822054415,0.012226890822054415,0.16300399954776923,0.16300399954776898,0.08761544518491157,0.08761544518491157,0.20372545825242627,0.20372545825242602,4.072193295190751,4.463737500946938,4.7816698495128955,3.745914055278101,4.048452657227251,4.4185848052314665
gen=38_member=6398_pso,35.09741973001883,5.345510106711024,3.254489893288976,5.334086149144432,3.2659138508555667,-0.01142395756659198,0.011423957566590648,0.14665367196979914,0.14665367196979917,0.07903881476819531,0.07903881476819515,0.18335919436302972,0.18335919436302975,4.950959234503058,5.304953449448624,5.590109671140463,2.9452248954778426,3.2160831042927347,3.550027382014921
gen=45_member=7594_pso,36.31039554746737,4.739401291050738,3.860598708949262,4.727442862562543,3.8725571374374566,-0.011958428488195061,0.011958428488194617,0.1583634725764832,0.1583634725764834,0.08516095053233931,0.08516095053233932,0.19793421416569165,0.19793421416569176,4.31494169445952,4.695622157403019,5.004327182536,3.52541158928242,3.8190706258151232,4.178832749136214
gen=48_member=8227_pso,33.90734269461019,5.844700499596605,2.7552995004033938,5.833975316113068,2.7660246838869313,-0.01072518348353757,0.01072518348353757,0.13094184447226676,0.13094184447226673,0.0708335139779021,0.07083351397790216,0.16381446478004028,0.16381446478004028,5.4901330614485016,5.808469432940109,6.06197881331533,2.4808688584066045,2.721083723095015,3.0203948083456664
gen=30_member=5150_pso,36.47794126781239,4.644825573375638,3.9551744266243625,4.632761721176504,3.967238278823496,-0.012063852199133862,0.012063852199133418,0.16027710182388175,0.16027710182388186,0.08617047701150782,0.08617047701150765,0.20032872543933739,0.2003287254393375,4.21530341750784,4.600523913046139,4.913050992196982,3.615786075166836,3.9131424985721495,4.2771811357218175
gen=49_member=8327_pso,30.10695679161178,6.793262069335095,1.8067379306649052,6.784566500719513,1.8154334992804866,-0.008695568615582516,0.008695568615581406,0.0998940599457972,0.09989405994579724,0.054294814280689704,0.054294814280689364,0.1250625975807337,0.12506259758073376,6.520599692547897,6.765595586282827,6.957918161608972,1.5990789853882303,1.7807044012587716,2.010164579632522
gen=43_member=7261_pso,34.48623759426499,5.610640078837369,2.989359921162631,5.599796356466289,3.000203643533712,-0.010843722371079778,0.01084372237108111,0.1353749833992927,0.13537498339929271,0.07310935288518677,0.0731093528851868,0.1693235116338569,0.16932351163385687,5.245059059945553,5.5731964745208575,5.835802356643592,2.704802993844369,2.9539543760230598,3.262870444487595
gen=36_member=6133_pso,35.87203034437702,4.946209566307273,3.6537904336927274,4.934467405555584,3.6655325944444153,-0.011742160751688324,0.01174216075168788,0.15487390623743608,0.15487390623743597,0.08330803349456209,0.08330803349456191,0.19359147031534732,0.19359147031534726,4.530775348530049,4.903401809871649,5.205197844463184,3.326174131052238,3.6131842687918696,3.965192543655773
gen=41_member=6892_pso,29.76585730134148,6.806778411567837,1.7932215884321627,6.798247944575337,1.801752055424663,-0.008530466992500152,0.008530466992500374,0.09859646043732079,0.09859646043732086,0.05356346371491055,0.05356346371491058,0.12342645249253874,0.12342645249253878,6.53789286869981,6.779472309614368,6.969403751049275,1.5880959432150186,1.767517640165961,1.9938805663771895
gen=47_member=8012_pso,35.984022812402536,4.898889035931683,3.701110964068317,4.88708679666982,3.712913203330181,-0.011802239261863079,0.011802239261863967,0.15571684567646216,0.155716845676462,0.08375954246916294,0.08375954246916278,0.1946330783650696,0.1946330783650694,4.48129725523824,4.8558314310547255,5.159291579594417,3.371644433941426,3.6602745060309485,4.01411344541827
gen=47_member=7966_pso,33.72345101193558,5.89876595342618,2.7012340465738194,5.888242804388075,2.7117571956119244,-0.010523149038104584,0.010523149038105029,0.12849089178358777,0.12849089178358758,0.06950702041084587,0.06950702041084596,0.1607484606633233,0.1607484606633232,5.550839115716501,5.8632129453314255,6.11197932588903,2.431927662240666,2.667658594047616,2.9613677864884442
gen=49_member=8363_pso,35.477807888172215,5.160247163506703,3.4397528364932968,5.148677585776639,3.4513224142233603,-0.011569577730064395,0.011569577730063507,0.15047267291206473,0.1504726729120647,0.08102112532106452,0.08102112532106426,0.18810748803525618,0.1881074880352562,4.756056823927546,5.118640026106684,5.411538126478042,3.121947353320703,3.4003234317727893,3.7426154055037797
gen=44_member=7456_pso,35.454985598383615,5.168843150808998,3.431156849191001,5.157263259561476,3.442736740438524,-0.011579891247522234,0.011579891247522678,0.1516028954208325,0.15160289542083266,0.08159139333417777,0.08159139333417795,0.18951855635816198,0.18951855635816206,4.7618808484966815,5.1269569270516415,5.422191193655238,3.1107405480125756,3.391425297410427,3.736174894422403
gen=40_member=6804_pso,34.528979791643806,5.583129992594539,3.016870007405461,5.572235015401483,3.0277649845985173,-0.010894977193055766,0.01089497719305621,0.13607873696595613,0.13607873696595613,0.07348685707950613,0.07348685707950621,0.17020367094730413,0.1702036709473041,5.215663806498668,5.545492674341804,5.809473722046376,2.7308152061717332,2.981280002855442,3.2917917905756067
gen=38_member=6471_pso,35.06049322067706,5.355736863713895,3.2442631362861047,5.344332488083612,3.2556675119163883,-0.01140437563028307,0.011404375630283514,0.14646011234869397,0.14646011234869394,0.0789322439894889,0.07893224398948885,0.18311217980247574,0.1831121798024758,4.9617586978256645,5.315231391194075,5.600019060496836,2.935407626751179,3.2059045260928687,3.5393963537645194
gen=22_member=3634_pso,33.48751472965719,5.965041364475086,2.6349586355249133,5.9546397649226455,2.6453602350773546,-0.010401599552440466,0.010401599552441354,0.12623913921138027,0.12623913921138008,0.0683203693819106,0.06832036938191076,0.15794220403888776,0.15794220403888756,5.62294311147177,5.930107872785641,6.174382222088263,2.3705850760059493,2.601979570055893,2.8906802840507693
gen=44_member=7539_pso,36.01086498046887,4.88425532365653,3.71574467634347,4.872464390031454,3.727535609968546,-0.01179093362507544,0.011790933625075883,0.15543288724000148,0.15543288724000145,0.0836119104325386,0.08361191043253846,0.19429554794676432,0.19429554794676437,4.467357525130831,4.841306803349451,5.144192293215753,3.3868785759730313,3.675002110209064,4.028291012910299
gen=49_member=8356_pso,32.88362932713905,6.144921845162317,2.455078154837682,6.134793914000601,2.4652060859993976,-0.010127931161716397,0.010127931161715509,0.11995465105368659,0.11995465105368656,0.06504129110770075,0.06504129110770093,0.15011885657445795,0.15011885657445795,5.818840233412479,6.111713699280873,6.343310380255262,2.20470033467933,2.423771391702113,2.6986320428973736
gen=46_member=7849_pso,33.7256272553146,5.885362144286633,2.714637855713367,5.874814307422179,2.7251856925778206,-0.010547836864454041,0.010547836864453597,0.12895960794939415,0.12895960794939418,0.06975372240692403,0.06975372240692386,0.16133203278546948,0.16133203278546943,5.5362278922946375,5.849679254268314,6.099382898593591,2.4443029484054333,2.6809381596192248,2.9756871354661443
gen=42_member=7200_pso,35.33222140569574,5.224853448693191,3.375146551306809,5.2133121388350325,3.386687861164967,-0.011541309858158044,0.011541309858158044,0.15014685805339803,0.15014685805339792,0.080844083955778,0.080844083955778,0.1876952718588172,0.18769527185881707,4.821508750430602,5.18333148412349,5.475574777895577,3.0580681912551078,3.3357880911596363,3.677347912328985
gen=38_member=6459_pso,36.73590992805043,4.520918902240124,4.079081097759876,4.50866971312337,4.091330286876629,-0.012249189116753989,0.0122491891167531,0.16262059208013152,0.1626205920801317,0.08743489059844269,0.08743489059844231,0.20325305716709996,0.20325305716710007,4.085179681080025,4.475967674360274,4.793048496254569,3.7347492829416673,4.036436587358661,4.405829368459007
gen=40_member=6838_pso,27.54385585819388,7.179823143071503,1.4201768569284965,7.172728026935518,1.4272719730644812,-0.007095116135984902,0.00709511613598468,0.08571181908542325,0.08571181908542314,0.046403467610704026,0.04640346761070402,0.10728702826770728,0.10728702826770721,6.946870870254507,7.156122518285611,7.321892732801393,1.2408099580440923,1.397790992061545,1.5938944249726217
gen=35_member=5994_pso,34.68326987798987,5.523972972870556,3.076027027129444,5.512635591147427,3.0873644088525736,-0.011337381723128814,0.011337381723129702,0.13980626238397337,0.1398062623839734,0.07557182205355178,0.07557182205355166,0.17489011830450973,0.17489011830450973,5.145865066833203,5.485299546721675,5.756213952957196,2.7825960867581268,3.039483754139381,3.3588249269470847
gen=39_member=6670_pso,32.43577512726643,6.268633446375267,2.331366553624733,6.258788999044949,2.3412110009550515,-0.009844447330317863,0.009844447330318307,0.11588089546128635,0.11588089546128649,0.06286267139580243,0.06286267139580246,0.1450362456073733,0.14503624560737347,5.953334376793798,6.2365524855221315,6.460162893104283,2.089670432145862,2.3011340105891898,2.566786361577496
gen=48_member=8120_pso,36.049477181493145,4.876149046939426,3.7238509530605737,4.864351757886031,3.7356482421139674,-0.011797289053395055,0.011797289053393722,0.15556147760602684,0.1555614776060269,0.08367938332971053,0.08367938332971034,0.1944557138911423,0.1944557138911423,4.458926579833648,4.833166166121492,5.1363095242060375,3.3946974417812865,3.6830747428066584,4.036646892617042
gen=47_member=7929_pso,33.27569117913837,6.019334387662045,2.5806656123379543,6.008934617944219,2.591065382055781,-0.010399769717825968,0.010399769717826857,0.12499881790065015,0.12499881790065011,0.06769929380923853,0.06769929380923849,0.15641031495716748,0.15641031495716737,5.680149491793703,5.984740802637667,6.226404956300253,2.319220241421044,2.548025123576821,2.834106242084926
gen=32_member=5467_pso,35.42529510560696,5.190773292342048,3.4092267076579525,5.179203160986245,3.420796839013754,-0.011570131355803426,0.01157013135580165,0.1510114408521273,0.15101144085212745,0.08129078610396517,0.0812907861039647,0.18877219297005604,0.18877219297005615,4.785249148117208,5.149016599556664,5.443020655137974,3.090197948524662,3.3696394930264075,3.713090559512161
gen=45_member=7589_pso,35.264548182297666,5.258306150613514,3.3416938493864854,5.246828663225913,3.353171336774087,-0.011477487387600682,0.01147748738760157,0.14839821785186402,0.14839821785186405,0.0799378526197325,0.07993785261973262,0.1855239463475717,0.18552394634757177,4.859423971925993,5.217268991535728,5.505988248485743,3.0284920434616205,3.3028172513465046,3.6405446353803264
gen=42_member=7063_pso,32.77998072785285,6.184220424491894,2.4157795755081053,6.174203395173226,2.425796604826773,-0.01001702931866788,0.01001702931866788,0.11847616479104517,0.11847616479104517,0.06424659705485644,0.06424659705485665,0.14827164729755274,0.1482716472975527,5.862099244771923,6.151420660862476,6.380138037328262,2.1685234262270496,2.3848617920753887,2.6563580125963964
gen=46_member=7783_pso,35.250884894283324,5.264953444990326,3.335046555009673,5.253471304843723,3.346528695156277,-0.01148214014660276,0.011482140146604092,0.14916141404119315,0.1491614140411932,0.08032177709389823,0.0803217770938986,0.18647102659964654,0.1864710265996466,4.864160933448861,5.2237089792302775,5.514003890113049,3.020113339858075,3.295957346319204,3.6353255647818172
gen=42_member=7112_pso,29.954952265185444,6.795861739526821,1.8041382604731795,6.7873272841736485,1.8126727158263505,-0.008534455353172099,0.008534455353170989,0.09890417499428307,0.09890417499428292,0.05371931517372727,0.053719315173726946,0.12381122792952841,0.12381122792952834,6.526200718271652,6.768473723090324,6.959048650306366,1.5982913114026496,1.7783528966014848,2.0053747032559346
gen=43_member=7278_pso,26.96102909294159,7.233593824488368,1.3664061755116317,7.226618934360448,1.3733810656395509,-0.006974890127920297,0.006974890127919187,0.08508804460818084,0.08508804460818103,0.04603146736805015,0.046031467368050145,0.10642554185262557,0.10642554185262575,7.003321974182196,7.210032857758588,7.374741668954431,1.188224266556695,1.344158509777846,1.5386252750853797
gen=48_member=8123_pso,35.70569359544761,5.031782670418231,3.568217329581769,5.020011742175337,3.5799882578246627,-0.011770928242893497,0.011770928242893497,0.15390702605011905,0.15390702605011922,0.08283897714650633,0.08283897714650627,0.19238217380799771,0.19238217380799774,4.618698925324198,4.989223917069914,5.288930822693225,3.242969503888589,3.5278742751688856,3.8778415449027546
gen=38_member=6409_pso,35.558655547749574,5.114658407960842,3.4853415920391573,5.102962594165907,3.497037405834092,-0.011695813794935006,0.011695813794934562,0.15310504678029208,0.15310504678029216,0.0824004302876135,0.08240043028761347,0.19137983234249673,0.19137983234249678,4.703804833190628,5.072302232093591,5.370554676190935,3.16163820271016,3.445223885173156,3.7933103361851965
gen=36_member=6139_pso,36.722176673504485,4.523754365125514,4.0762456348744855,4.511510766932744,4.088489233067254,-0.012243598192769767,0.012243598192768879,0.16253042440396634,0.16253042440396642,0.08738701129836782,0.08738701129836796,0.20314061325662117,0.2031406132566212,4.088251253431886,4.478828034592117,4.795730549519835,3.732108512642469,4.033624956863589,4.402815558223456
gen=40_member=6783_pso,34.28795088667764,5.670166560384464,2.929833439615535,5.6590223108586155,2.9409776891413832,-0.011144249525848693,0.011144249525848249,0.13939319689720628,0.13939319689720622,0.07526872321152711,0.07526872321152726,0.17431608739910368,0.17431608739910365,5.294045545855615,5.631595587137765,5.902034393107187,2.6368888834299073,2.893360698630241,3.2113889869107197
gen=29_member=4924_pso,33.32221023991749,6.012171977593315,2.587828022406685,6.001803873855886,2.5981961261441127,-0.010368103737429024,0.010368103737427692,0.12496879431688719,0.12496879431688708,0.06766844902715766,0.06766844902715735,0.15636361643273466,0.15636361643273455,5.673219065492077,5.977585813022797,6.219249711437762,2.326370232144932,2.5551889721033723,2.841141061378396
gen=46_member=7822_pso,36.69936383186918,4.533914339526446,4.066085660473553,4.52170312679035,4.078296873209649,-0.012211212736096044,0.012211212736096044,0.16261596914286983,0.16261596914286974,0.08741359093948282,0.08741359093948282,0.2032455391881704,0.20324553918817034,4.098260903188343,4.488966584129989,4.806113863879565,3.721655635829112,4.023435771484689,4.392722680189548
gen=33_member=5655_pso,35.630370058555734,5.082815049796297,3.517184950203703,5.071172658342642,3.528827341657357,-0.011642391453654533,0.011642391453653644,0.15270542785949587,0.15270542785949592,0.08217390965657484,0.08217390965657473,0.19088462778156323,0.1908846277815633,4.672956244963981,5.0405975780732035,5.338019088622882,3.194389568859228,3.477151810111134,3.8243431673858126
gen=31_member=5227_pso,33.191986899653344,6.029488358549334,2.5705116414506657,6.019245617266121,2.5807543827338773,-0.010242741283213341,0.010242741283211565,0.12394087358187625,0.12394087358187642,0.067091807432544,0.06709180743254414,0.1550816790595179,0.155081679059518,5.693427944489842,5.995195361231266,6.234965739974043,2.311002838838513,2.538142852211274,2.8216578815660447
gen=46_member=7810_pso,34.57406416730866,5.57657704156893,3.0234229584310697,5.565645322001182,3.034354677998818,-0.010931719567747855,0.0109317195677483,0.1366044395882653,0.1366044395882653,0.0737680795780069,0.07376807957800686,0.17085904061814405,0.17085904061814403,5.207719248835056,5.538793790756217,5.803805857306349,2.7362551715883097,2.9876938425587856,3.299394898437901
gen=28_member=4720_pso,35.38488870745046,5.202064059359213,3.397935940640787,5.190494541608388,3.409505458391612,-0.011569517750825042,0.011569517750825042,0.15074309558710683,0.1507430955871067,0.08115630666896592,0.08115630666896594,0.18844882793315432,0.1884488279331543,4.797257227382557,5.160398386892671,5.453884302572409,3.0794389109395675,3.358444360984252,3.7013115860000525
gen=31_member=5250_pso,34.05351185359164,5.776153116234049,2.8238468837659503,5.7649827338602275,2.835017266139772,-0.011170382373821397,0.011170382373821841,0.13571181994903359,0.1357118199490336,0.07344110116142749,0.07344110116142766,0.16975891989910444,0.1697589198991045,5.408676811109396,5.738577596124728,6.00119739810111,2.5397229809028903,2.7883774933736714,3.0986862354051588
gen=46_member=7862_pso,34.50190548961805,5.601701092092536,2.998298907907464,5.590855511949999,3.009144488050001,-0.010845580142536448,0.010845580142536893,0.13541874891728345,0.13541874891728342,0.07313216452991013,0.0731321645299101,0.16937734188648135,0.16937734188648135,5.236016460986574,5.564245099890018,5.826939402966942,2.713644775924445,2.962881547880202,3.27189266123116
gen=29_member=4911_pso,33.86401239624249,5.845853767363025,2.7541462326369746,5.835270642517547,2.7647293574824534,-0.01058312484547752,0.010583124845478853,0.12990004387276946,0.12990004387276943,0.07024158435912363,0.07024158435912387,0.16250212880605905,0.162502128806059,5.494343312062672,5.8099132395631,6.061524824324549,2.4816979902805607,2.7201952819913107,3.0170038662148695
gen=43_member=7385_pso,26.117703630103588,7.2956847145088,1.304315285491199,7.288913879962438,1.3110861200375603,-0.006770834546362181,0.006770834546361293,0.08157086961571394,0.0815708696157138,0.044170852081037326,0.044170852081037375,0.10204984369321929,0.10204984369321912,7.0744820073145505,7.273096951800651,7.43082117908689,1.1337652323040055,1.2830003936544399,1.469594341779333
gen=34_member=5724_pso,35.55966917902097,5.110908516617083,3.489091483382917,5.099224973556385,3.5007750264436144,-0.01168354306069741,0.01168354306069741,0.1531002654834112,0.15310026548341119,0.0823919042720544,0.08239190427205445,0.1913768641924014,0.1913768641924014,4.7000710988465695,5.068567230920006,5.366824917087381,3.165385138704366,3.4489857260793366,3.79700009707651
gen=39_member=6557_pso,30.95190437561837,6.616475027502981,1.9835249724970192,6.607454940614652,1.9925450593853482,-0.009020086888329004,0.009020086888329004,0.10543385845533912,0.1054338584553392,0.05722697267183419,0.057226972671834214,0.13197007803681002,0.1319700780368101,6.3293491418127,6.587282905242531,6.790598666145846,1.763838442251208,1.9560256528142186,2.1978692012608243
gen=43_member=7341_pso,35.69752068422161,5.052234814339759,3.547765185660241,5.040523385008954,3.5594766149910466,-0.011711429330804712,0.0117114293308056,0.15361363501977815,0.15361363501977818,0.08266253217529183,0.08266253217529186,0.19202310958145635,0.1920231095814563,4.640065560651831,5.0097707968813685,5.309030147680833,3.2229193253426085,3.5075159171572894,3.856713986407832
gen=37_member=6349_pso,33.862942575484915,5.856530923064636,2.7434690769353645,5.845868387760634,2.7541316122393655,-0.010662535304001963,0.010662535304001075,0.13036764618665717,0.1303676461866572,0.07051509074532936,0.07051509074532916,0.16309369155815365,0.16309369155815365,5.5035782681237615,5.820459807552433,6.07288821189317,2.470192845978685,2.709400571325456,3.0073713863762688
gen=41_member=6889_pso,27.38432060845482,7.189398024545817,1.4106019754541828,7.182375087575721,1.417624912424278,-0.0070229369700953725,0.0070229369700951505,0.08561854642451795,0.085618546424518,0.04632074169730644,0.04632074169730653,0.10711807557700134,0.10711807557700134,6.957342711765059,7.165701128780924,7.331426404470982,1.2312943860766785,1.3882207128385178,1.5838811070311887
gen=47_member=8010_pso,33.48339815320258,5.96574054338119,2.6342594566188096,5.955289680015464,2.644710319984536,-0.010450863365726093,0.010450863365726537,0.1266340574229212,0.12663405742292116,0.06854246039432377,0.06854246039432384,0.15843829256860684,0.1584382925686067,5.622503842609094,5.930698232257475,6.175697927872289,2.3691307911038613,2.6011786355439965,2.8908177521072895
gen=38_member=6465_pso,35.58483752237572,5.102888675949717,3.497111324050283,5.091225021680515,3.508774978319485,-0.011663654269201906,0.011663654269201906,0.15331760047795667,0.15331760047795662,0.08249062737357903,0.08249062737357905,0.19165007272863177,0.19165007272863166,4.691533054928442,5.060519267727924,5.359193446172164,3.172885007556845,3.456931671493924,3.805425980385804
gen=29_member=4976_pso,32.85346614458213,6.155115797795029,2.4448842022049715,6.145047413579774,2.454952586420226,-0.010068384215254689,0.010068384215254689,0.11951243358104849,0.11951243358104847,0.06479040889815148,0.06479040889815134,0.14956174177963186,0.1495617417796319,5.8303287681818405,6.122031196521312,6.352820906634493,2.1953541503009233,2.4136900168283915,2.687489170761977
gen=34_member=5729_pso,36.12729970982421,4.837518904976652,3.762481095023348,4.825659932506866,3.774340067493134,-0.011858972469785733,0.011858972469786178,0.15639595283327232,0.1563959528332723,0.08412746265152928,0.08412746265152915,0.1954937611529024,0.19549376115290232,4.418120530025312,4.79429696931425,5.099084218023544,3.4315392271756116,3.721488487641066,4.076925913344709
gen=46_member=7888_pso,32.783404919650515,6.181569422511238,2.418430577488762,6.171550431709239,2.42844956829076,-0.010018990801999195,0.010018990801997862,0.11856687821647559,0.11856687821647553,0.06429293450923727,0.06429293450923702,0.14838482579018256,0.14838482579018242,5.859222420109504,6.148745115720666,6.37765042592924,2.1709600825557835,2.3874887802736,2.659180940964371
gen=46_member=7821_pso,31.019254054929405,6.6067285118236345,1.993271488176365,6.5976927360246815,2.0023072639753186,-0.009035775798952983,0.009035775798953649,0.10572120424415335,0.10572120424415322,0.05737849002155332,0.05737849002155333,0.1323276980011706,0.13232769800117059,6.318864711698097,6.577455397488714,6.781349560465133,1.7729506022676282,1.9656971258257965,2.208174042059404
gen=48_member=8165_pso,35.08459194378328,5.352859115934146,3.2471408840658538,5.341447890056575,3.2585521099434254,-0.011411225877571596,0.011411225877571596,0.1464320878962315,0.1464320878962314,0.07892165688690168,0.07892165688690152,0.18308220350784293,0.183082203507843,4.958880045814184,5.31236365921244,5.597073856526207,2.93837157976039,3.2087900583938755,3.542244361017996
gen=36_member=6131_pso,36.00986073528155,4.891506589586692,3.708493410413307,4.879720948835149,3.7202790511648507,-0.011785640751543092,0.011785640751543536,0.15571588681904605,0.15571588681904616,0.08375076378529454,0.08375076378529477,0.19464584230182624,0.1946458423018264,4.473908767285653,4.848475267217683,5.151969882976629,3.378976760590628,3.667669655151225,4.021557449986253
gen=32_member=5391_pso,33.261505768011496,6.02656603503079,2.5734339649692104,6.016190666982853,2.5838093330171468,-0.010375368047936817,0.010375368047936373,0.12435001196715957,0.12435001196715939,0.06736269000754835,0.06736269000754809,0.15559791875515663,0.15559791875515647,5.689067566053714,5.992144991024724,6.23249798202184,2.3134512556726063,2.5409662862438456,2.825615537815311
gen=34_member=5740_pso,27.025055498234494,7.227833578491239,1.37216642150876,7.220887849463744,1.3791121505362542,-0.00694572902749524,0.006945729027494352,0.08402598993415164,0.0840259899341516,0.045485859480822954,0.04548585948082305,0.10515803196038216,0.10515803196038218,6.999647357435616,7.204587727033329,7.367119446976069,1.1963244029589901,1.3502149467603686,1.5423835401462318
gen=35_member=5978_pso,35.798046250315835,4.993367081629812,3.6066329183701873,4.981615552177413,3.6183844478225873,-0.011751529452399545,0.01175152945239999,0.1542107254995199,0.15421072549951986,0.08298112747595984,0.08298112747595993,0.19277373647326138,0.19277373647326135,4.579543680506141,4.950752480874912,5.251142645425972,3.280544904184394,3.5662164223111343,3.9168437039831283
gen=32_member=5373_pso,34.49010839919886,5.604995795345674,2.995004204654325,5.593921183608686,3.006078816391313,-0.011074611736987983,0.011074611736987983,0.13713296373541495,0.13713296373541486,0.0741037877362012,0.07410378773620141,0.1715359888493021,0.17153598884930213,5.234297739329557,5.567061788883386,5.8328841706441725,2.707066187179054,2.959148605768531,3.272277630713023
gen=44_member=7565_pso,32.97144846847227,6.121689118359155,2.478310881640845,6.111442251090789,2.4885577489092103,-0.010246867268365989,0.010246867268365545,0.12112407291598136,0.1211240729159813,0.06568547009217361,0.0656854700921734,0.15158621375159334,0.1515862137515933,5.79234446247746,6.088154816522799,6.321973921601507,2.2255521452256475,2.446702449224097,2.7242829407675995
gen=45_member=7737_pso,36.12613241634489,4.842440334930501,3.7575596650694982,4.830603329475303,3.769396670524696,-0.011837005455197946,0.011837005455197946,0.1565138156693217,0.1565138156693216,0.08417541056225965,0.08417541056225986,0.19564201890713567,0.19564201890713567,4.422783477292835,4.799195594690868,5.104262662693126,3.4262858271454886,3.716529139122861,4.072200673665899
gen=35_member=6019_pso,36.06245626130536,4.869617789570537,3.7303822104294633,4.8578151792731905,3.7421848207268096,-0.011802610297346305,0.011802610297346305,0.15573913475764747,0.1557391347576474,0.08377087252749701,0.08377087252749676,0.19467693213826184,0.1946769321382618,4.451942424020802,4.826585350101276,5.130091871021983,3.4008292126118684,3.6895578773281414,4.043518987721617
gen=46_member=7796_pso,35.46763029885118,5.16176106425002,3.43823893574998,5.150182980715663,3.4498170192843354,-0.01157808353435641,0.011578083534355521,0.15179555224263752,0.1517955522426373,0.0816868178884967,0.08168681788849655,0.18974829412841412,0.18974829412841396,4.754327356541592,5.119795484297184,5.415418968846718,3.1173815349094935,3.398431408982969,3.743627432472895
gen=47_member=7977_pso,35.50698668092144,5.14467489775845,3.4553251022415497,5.133065965479176,3.4669340345208233,-0.011608932279274065,0.01160893227927362,0.1517884445339419,0.15178844453394183,0.0816986884066078,0.08169868840660771,0.18974847142880344,0.18974847142880338,4.737114195205183,5.102713014168305,5.398289017848918,3.1345836099805506,3.4155405354907784,3.760750830598498
gen=49_member=8311_pso,36.00733726709178,4.894424108823195,3.705575891176805,4.882652798602206,3.7173472013977937,-0.011771310220988873,0.011771310220988873,0.15551363731145004,0.15551363731145004,0.08364247376621955,0.08364247376621961,0.1943887251651331,0.194388725165133,4.477352326622904,4.851440504301434,5.154527940343176,3.376531658873751,3.6648004062505466,4.018213563670779
gen=29_member=4851_pso,35.264277472776136,5.260147764186046,3.339852235813954,5.248658126985131,3.35134187301487,-0.011489637200915226,0.01148963720091567,0.14921875913917276,0.14921875913917262,0.08035419817004412,0.08035419817004394,0.18654343909134954,0.18654343909134952,4.859192815509724,5.218885977160356,5.509299939056972,3.024790425891295,3.300750452724925,3.640233812672596
gen=34_member=5819_pso,34.56103873283972,5.577601408993155,3.022398591006844,5.566620101206635,3.033379898793364,-0.010981307786519956,0.010981307786519956,0.1366828451191227,0.13668284511912238,0.07383207645282107,0.07383207645282112,0.17096863996809175,0.17096863996809145,5.2083179692343995,5.539796825687298,5.804872143521382,2.7351935853844025,2.9866567933525294,3.298630075150007
gen=38_member=6490_pso,36.06985802316135,4.867460876276031,3.732539123723969,4.8556557189588885,3.744344281041111,-0.011805157317142267,0.011805157317142267,0.15580502351687212,0.15580502351687206,0.08380509041700718,0.08380509041700716,0.1947589855718075,0.1947589855718075,4.44961756032045,4.8244102717977855,5.128050325992162,3.4028388429062466,3.691697151501198,4.045803062062837
gen=42_member=7145_pso,36.30614392385608,4.741128661941882,3.858871338058117,4.729170008339694,3.8708299916603064,-0.011958653602188285,0.011958653602189173,0.15919154487865064,0.15919154487865092,0.0855750992404198,0.08557509924041992,0.19896695226967792,0.19896695226967812,4.314680166897097,4.697123491912127,5.007621508747101,3.52164806983207,3.8171431699930505,4.178612426159189
gen=28_member=4655_pso,33.73614280489097,5.883665044404147,2.7163349555958534,5.873120588354216,2.7268794116457835,-0.010544456049930595,0.010544456049930151,0.12898394507169691,0.12898394507169686,0.0697642005608138,0.06976420056081362,0.1613619804641456,0.16136198046414557,5.534483881128921,5.847976293920366,6.097737737132953,2.445931000134175,2.6826281844879776,2.977422255764218
gen=24_member=4008_pso,33.76696087691461,5.8803075454648255,2.7196924545351737,5.869691443598769,2.7303085564012313,-0.01061610186605666,0.010616101866057548,0.1294813765615539,0.1294813765615538,0.07004873921380544,0.07004873921380558,0.16198899549810586,0.1619889954981058,5.529641541029807,5.8444791739675646,6.095136927278479,2.4483662269070514,2.685858472152785,2.9818591262576577
gen=34_member=5732_pso,33.7821917262945,5.879554063692862,2.7204459363071374,5.869004856946187,2.730995143053813,-0.010549206746675033,0.010549206746675477,0.12905933799540475,0.12905933799540498,0.06980427237103996,0.06980427237104025,0.16145601286831898,0.16145601286831918,5.5301753915995215,5.843844191712405,6.093754738168067,2.4498774045575056,2.6867192142410294,2.9816818916679333
gen=40_member=6768_pso,36.65302211816361,4.536431295485497,4.063568704514503,4.524221850130665,4.075778149869334,-0.012209445354831594,0.012209445354831594,0.16404201938284207,0.16404201938284207,0.08812573236883664,0.08812573236883664,0.20499960141680781,0.20499960141680784,4.097718360556238,4.491021848705955,4.8113367459034,3.715516676910655,4.020601190386788,4.392754272455475
gen=44_member=7554_pso,33.71131958774986,5.90146345910914,2.6985365408908595,5.890946662787153,2.7090533372128456,-0.010516796321986988,0.0105167963219861,0.1283988380266046,0.12839883802660468,0.06945781717429521,0.06945781717429547,0.16063431296943573,0.1606343129694358,5.553777438164983,5.865935764977948,6.114522898151201,2.429418258737237,2.6649859560151112,2.9584865031888596
gen=18_member=3072_pso,37.15490686727385,4.220876003277864,4.379123996722136,4.2084251978896114,4.391574802110389,-0.012450805388252384,0.012450805388253272,0.17106772896195893,0.17106772896195888,0.09175926717510577,0.09175926717510573,0.21374182233327185,0.21374182233327174,3.7643265806511237,4.173586902163462,4.50808861634486,4.0153505242283485,4.334263812453702,4.721748136468524
gen=50_member=8445_pso,20.947372107145803,7.584529607158398,1.0154703928416016,7.578581216368848,1.0214187836311512,-0.005948390789550118,0.0059483907895496735,0.06689428004819153,0.06689428004819142,0.03642133541887078,0.036421335418870646,0.08375210637990307,0.08375210637990295,7.401549845491306,7.565985196273984,7.694503672997744,0.8769082268223136,0.9980450035413984,1.1519674679176628
gen=50_member=8506_pso,36.17771080932583,4.809116816431947,3.790883183568052,4.797264444621152,3.802735555378846,-0.011852371810795681,0.011852371810794349,0.15714682880709457,0.1571468288070947,0.08449960030894463,0.08449960030894485,0.19641923179092227,0.1964192317909224,4.387854256836887,4.765680459963188,5.07202513986043,3.4582534815783337,3.7496704339601155,4.106685225039556
gen=50_member=8596_pso,31.656131000200023,6.465540467603523,2.1344595323964763,6.455991630257691,2.1440083697423082,-0.009548837345831451,0.009548837345831895,0.11077552897178425,0.11077552897178444,0.06016218315880814,0.06016218315880836,0.13867133304430965,0.1386713330443099,6.163558673191217,6.434866491262664,6.648339204829125,1.90385629715426,2.105579342597347,2.3598316373250623
gen=50_member=8464_pso,35.16929619734085,5.312622777453885,3.287377222546114,5.3011729358591015,3.2988270641408968,-0.011449841594783017,0.011449841594782573,0.14720465761543908,0.1472046576154393,0.07932724960511049,0.07932724960511098,0.18404511148391509,0.1840451114839152,4.916661944448126,5.2719147306783265,5.558177338045323,2.976894886137434,3.248823579314384,3.583986136277356
gen=50_member=8489_pso,33.928075253726064,5.837828386848333,2.7621716131516663,5.827096025837592,2.7729039741624075,-0.010732361010741265,0.010732361010741265,0.13114296034057088,0.13114296034057102,0.07093766067565595,0.07093766067565611,0.16406445341832102,0.1640644534183211,5.4827557474798105,5.801541912373047,6.055460601404692,2.487287817367051,2.7279021262702705,3.0276521890507677
gen=50_member=8579_pso,35.267503555717184,5.258039930206875,3.341960069793125,5.24655362374035,3.3534463762596496,-0.011486306466525598,0.01148630646652471,0.1492763598823514,0.14927635988235113,0.08038133317443807,0.0803813331744378,0.18661439876069352,0.1866143987606934,4.856956091312047,5.216764263557308,5.5072935036205255,3.026766969103085,3.3028403888565387,3.6424612891302433
gen=50_member=8474_pso,28.369120398124423,7.054991143398908,1.545008856601091,7.047078658543361,1.5529213414566383,-0.007912484855546964,0.007912484855547186,0.09090452236127969,0.09090452236127955,0.04940850360841315,0.04940850360841339,0.1137968186216771,0.1137968186216771,6.806942175117051,7.029807714140908,7.204819215017847,1.3560927960527924,1.5213121177201239,1.7301145114957723
gen=50_member=8555_pso,34.798261721440575,5.477222924912946,3.122777075087054,5.46589711132731,3.1341028886726887,-0.011325813585635558,0.01132581358563467,0.1420886142186936,0.14208861421869368,0.07670721390216396,0.07670721390216406,0.17768948831181647,0.17768948831181647,5.093912756709991,5.437910481671355,5.7136562250049705,2.824000357393929,3.0856006341040345,3.4096928142829706
gen=50_member=8483_pso,32.12450543561306,6.345251609575508,2.254748390424492,6.335600086544366,2.2643999134556347,-0.009651523031141807,0.009651523031142695,0.11327593501250384,0.1132759350125038,0.061463729021823135,0.06146372902182317,0.14178139562631142,0.1417813956263113,6.03692624048246,6.31389147775112,6.532414029430213,2.0185671279746913,2.225199884251804,2.484944188787491
gen=50_member=8443_pso,29.0287517204358,6.971344935479609,1.6286550645203903,6.96317200965438,1.6368279903456209,-0.008172925825228994,0.008172925825230548,0.0927761545496974,0.0927761545496974,0.05047454018746374,0.05047454018746396,0.11616964670129212,0.11616964670129215,6.717687577728784,6.945645610913322,7.124060863022106,1.436120805661151,1.6044895191180846,1.817809754683358
gen=50_member=8469_pso,27.342638190802248,7.202690338427311,1.3973096615726888,7.195673575523238,1.4043264244767615,-0.007016762904072493,0.007016762904072715,0.08469277610259884,0.0846927761025989,0.045854769503335745,0.04585476950333578,0.10598707186808758,0.10598707186808759,6.972704319504513,7.179254777437552,7.343042371242686,1.2201420802384915,1.3751839190369446,1.5689052537775787
gen=50_member=8584_pso,36.77633515260383,4.500243885604461,4.0997561143955386,4.48795514829447,4.112044851705529,-0.012288737309990694,0.012288737309990694,0.16394545122357967,0.16394545122357965,0.08811709426678531,0.08811709426678531,0.20489492702245615,0.2048949270224561,4.061336936538167,4.454903734226396,4.774775763702099,3.7522772203192933,4.056780118527816,4.428940142720131
gen=50_member=8572_pso,35.38077037906462,5.210420299187231,3.389579700812769,5.198876142715374,3.401123857284627,-0.011544156471856581,0.011544156471857914,0.15045246105512594,0.1504524610551258,0.08099830876349182,0.08099830876349176,0.18807569276960648,0.18807569276960637,4.80633004210932,5.168816705926338,5.461698273189373,3.0717872322743704,3.3501411722091246,3.692353288184097
gen=50_member=8550_pso,35.43550778076299,5.189110602429537,3.4108893975704637,5.1775384771074995,3.4224615228925,-0.01157212532203733,0.011572125322036442,0.15106886861474825,0.15106886861474808,0.08132049696839269,0.08132049696839223,0.18884383570180796,0.18884383570180777,4.7834407133821255,5.147338444013086,5.441459200683852,3.0917317344179343,3.3712871868326784,3.7148643550532627
gen=50_member=8507_pso,29.113125122660595,6.950721440686951,1.6492785593130492,6.942459836937045,1.6575401630629538,-0.008261603749905255,0.008261603749904589,0.09368895716529368,0.09368895716529359,0.05097528045759929,0.05097528045759919,0.11731479049406829,0.1173147904940682,6.69452877110443,6.924769196068492,7.104922915728927,1.4548738641280887,1.6248767181005954,1.8403141270342025
gen=50_member=8467_pso,28.43175005450413,7.0307714305940685,1.5692285694059316,7.02275900553256,1.5772409944674397,-0.008012425061508566,0.008012425061508122,0.09058398532592395,0.09058398532592385,0.04929820519371628,0.049298205193716076,0.11346137692229814,0.11346137692229813,6.782882454116451,7.005688165444626,7.17983139194424,1.3809791200415549,1.5456576960398645,1.7540116892744109
gen=50_member=8487_pso,35.50262187067714,5.147850877648986,3.452149122351013,5.136262229824778,3.463737770175221,-0.01158864782420821,0.01158864782420821,0.1513401250174744,0.1513401250174745,0.0814643864208412,0.0814643864208415,0.18919471183383196,0.1891947118338321,4.741462411219919,5.106020531520808,5.400702308902162,3.1323341131060616,3.412489990093646,3.7567153096708963
